permit_number,building_type,permit_type,const_type,valuation,total_sf,total_units,permit_class,permit_class_clean,valuation_bucket,total_units_group,total_sf_nonzero,permit_class_true,permit_class_input,is_masked,predicted_permit_class,prediction_source,algorithm,confidence
CDP930008935,1 to 2 Family,Building,Alteration/Remodel,,,,Res.1&2 or Guest House,Res.1&2 or Guest House,missing,missing,missing,Res.1&2 or Guest House,Res.1&2 or Guest House,0,,not_applicable,knn,
PRAC20220630040,1 to 2 Family,Revision - Building,New Construction,50000,1029,1,Res.1&2 or Guest House,Res.1&2 or Guest House,10000_99999,1,nonzero,Res.1&2 or Guest House,Res.1&2 or Guest House,0,,not_applicable,knn,
PRAC20221047469,1 to 2 Family,Revision - Building,Addition,1,0,1,Res.1&2 or Guest House,Res.1&2 or Guest House,le_1,1,zero,Res.1&2 or Guest House,Res.1&2 or Guest House,0,,not_applicable,knn,
PRAC20230309581,1 to 2 Family,Revision - Building,New Construction,0,0,0,Res.1&2 or Guest House,Res.1&2 or Guest House,le_1,0,zero,Res.1&2 or Guest House,Res.1&2 or Guest House,0,,not_applicable,knn,
PRAC20230939630,1 to 2 Family,Revision - Building,New Construction,6700,1026,1,Res.1&2 or Guest House,Res.1&2 or Guest House,1000_9999,1,nonzero,Res.1&2 or Guest House,Res.1&2 or Guest House,0,,not_applicable,knn,
PRAC20231249236,1 to 2 Family,Revision - Building,Alteration/Remodel,50,0,0,Res.1&2 or Guest House,Res.1&2 or Guest House,2_999,0,zero,Res.1&2 or Guest House,Res.1&2 or Guest House,0,,not_applicable,knn,
PRAC20240207013,1 to 2 Family,Revision - Building,New Construction,500,0,1,Res.1&2 or Guest House,Res.1&2 or Guest House,2_999,1,zero,Res.1&2 or Guest House,Res.1&2 or Guest House,0,,not_applicable,knn,
PRAC20240312108,1 to 2 Family,Revision - Building,New Construction,1,0,1,Not Identified,,le_1,1,zero,,,0,,not_applicable,knn,
PRAC20240519890,Commercial,Revision - Building,New Construction,1,0,1,Not Identified,,le_1,1,zero,,,0,,not_applicable,knn,
PRAC20240520675,1 to 2 Family,Revision - Building,New Construction,1,0,1,Res.1&2 or Guest House,Res.1&2 or Guest House,le_1,1,zero,Res.1&2 or Guest House,Res.1&2 or Guest House,0,,not_applicable,knn,
PRAC20240728253,1 to 2 Family,Building,New Construction,200000,5160,1,Res.1&2 or Guest House,Res.1&2 or Guest House,100000_plus,1,nonzero,Res.1&2 or Guest House,Res.1&2 or Guest House,0,,not_applicable,knn,
PRAC20240834009,Commercial,Building,New Construction,2500000,6309,1,Commercial,Commercial,100000_plus,1,nonzero,Commercial,Commercial,0,,not_applicable,knn,
PRAC20241042149,Commercial,Building,Alteration/Remodel,3335497.77,20,0,Not Identified,,100000_plus,0,nonzero,,,0,,not_applicable,knn,
PRAC20241147702,1 to 2 Family,Revision - Building,Alteration/Remodel,1,0,1,Not Identified,,le_1,1,zero,,,0,,not_applicable,knn,
PRAC20250101384,Commercial,Revision - Building,New Construction,1,0,1,Not Identified,,le_1,1,zero,,,0,,not_applicable,knn,
PRAC20250102722,Commercial,Building,New Construction,177378,900,1,Residential-Multi-Family,Residential-Multi-Family,100000_plus,1,nonzero,Residential-Multi-Family,Residential-Multi-Family,0,,not_applicable,knn,
PRAC20250103887,1 to 2 Family,Building,Alteration/Remodel,25000,,0,Res.1&2 or Guest House,Res.1&2 or Guest House,10000_99999,0,missing,Res.1&2 or Guest House,Res.1&2 or Guest House,0,,not_applicable,knn,
PRAC20250104269,1 to 2 Family,Building,Alteration/Remodel,2400,126,1,Res.1&2 or Guest House,Res.1&2 or Guest House,1000_9999,1,nonzero,Res.1&2 or Guest House,Res.1&2 or Guest House,0,,not_applicable,knn,
PRAC20250206049,1 to 2 Family,Building,New Construction,2500,0,1,Not Identified,,1000_9999,1,zero,,,0,,not_applicable,knn,
PRAC20250206203,1 to 2 Family,Building,New Construction,165000,3267,1,Res.1&2 or Guest House,Res.1&2 or Guest House,100000_plus,1,nonzero,Res.1&2 or Guest House,Res.1&2 or Guest House,0,,not_applicable,knn,
PRAC20250207209,Commercial,Building,New Construction,42000,0,0,Not Identified,,10000_99999,0,zero,,,0,,not_applicable,knn,
PRAC20250207258,1 to 2 Family,Building,New Construction,4500,0,1,Res.1&2 or Guest House,Res.1&2 or Guest House,1000_9999,1,zero,Res.1&2 or Guest House,Res.1&2 or Guest House,0,,not_applicable,knn,
PRAC20250208057,Commercial,Building,New Construction,48761,0,1,Commercial,Commercial,10000_99999,1,zero,Commercial,Commercial,0,,not_applicable,knn,
PRAC20250208064,Commercial,Building,New Construction,42482,0,1,Commercial,Commercial,10000_99999,1,zero,Commercial,Commercial,0,,not_applicable,knn,
PRAC20250309632,Commercial,Building,Addition,15625,0,1,Commercial,Commercial,10000_99999,1,zero,Commercial,Commercial,0,,not_applicable,knn,
PRAC20250310791,1 to 2 Family,Building,Alteration/Remodel,4500,0,1,Res.1&2 or Guest House,Res.1&2 or Guest House,1000_9999,1,zero,Res.1&2 or Guest House,,1,Res.1&2 or Guest House,knn,knn,1.0
PRAC20250311117,1 to 2 Family,Building,Alteration/Remodel,25000,0,1,Res.1&2 or Guest House,Res.1&2 or Guest House,10000_99999,1,zero,Res.1&2 or Guest House,,1,Res.1&2 or Guest House,knn,knn,1.0
PRAC20250311806,1 to 2 Family,Building,New Construction,250000,846,1,Res.1&2 or Guest House,Res.1&2 or Guest House,100000_plus,1,nonzero,Res.1&2 or Guest House,Res.1&2 or Guest House,0,,not_applicable,knn,
PRAC20250312366,1 to 2 Family,Building,New Construction,80000,360,1,Res.1&2 or Guest House,Res.1&2 or Guest House,10000_99999,1,nonzero,Res.1&2 or Guest House,Res.1&2 or Guest House,0,,not_applicable,knn,
PRAC20250312573,Commercial,Building,Alteration/Remodel,21000,238,1,Not Identified,,10000_99999,1,nonzero,,,0,,not_applicable,knn,
PRAC20250415587,Commercial,Building,Alteration/Remodel,45000,0,1,Not Identified,,10000_99999,1,zero,,,0,,not_applicable,knn,
PRAR20220838377,1 to 2 Family,Revision - Mechanical,Alteration/Remodel,7950,0,0,Res.1&2 or Guest House,Res.1&2 or Guest House,1000_9999,0,zero,Res.1&2 or Guest House,Res.1&2 or Guest House,0,,not_applicable,knn,
PRAR20230416086,Commercial,Revision - Mechanical,Alteration/Remodel,1,0,1,Not Identified,,le_1,1,zero,,,0,,not_applicable,knn,
PRAR20240204471,Commercial,Mechanical,Alteration/Remodel,33920,0,1,Not Identified,,10000_99999,1,zero,,,0,,not_applicable,knn,
PRAR20240518452,Commercial,Revision - Mechanical,Alteration/Remodel,0,0,1,Residential-Multi-Family,Residential-Multi-Family,le_1,1,zero,Residential-Multi-Family,,1,Residential-Multi-Family,knn,knn,1.0
PRAR20240521400,Commercial,Mechanical,Alteration/Remodel,21952,0,1,Residential-Multi-Family,Residential-Multi-Family,10000_99999,1,zero,Residential-Multi-Family,,1,Residential-Multi-Family,knn,knn,0.8
PRAR20241147561,Commercial,Mechanical,Alteration/Remodel,7980,0,1,Commercial,Commercial,1000_9999,1,zero,Commercial,Commercial,0,,not_applicable,knn,
PRAR20241147573,Commercial,Mechanical,Alteration/Remodel,7672,0,1,Commercial,Commercial,1000_9999,1,zero,Commercial,,1,Commercial,knn,knn,0.6
PRAR20241248098,Commercial,Mechanical,Alteration/Remodel,95291,0,1,Commercial,Commercial,10000_99999,1,zero,Commercial,Commercial,0,,not_applicable,knn,
PRAR20241248205,Commercial,Mechanical,Alteration/Remodel,13806,0,1,Commercial,Commercial,10000_99999,1,zero,Commercial,Commercial,0,,not_applicable,knn,
PRAR20241251357,Commercial,Mechanical,Alteration/Remodel,10283,0,1,Residential-Multi-Family,Residential-Multi-Family,10000_99999,1,zero,Residential-Multi-Family,Residential-Multi-Family,0,,not_applicable,knn,
PRAR20250101267,Commercial,Mechanical,Alteration/Remodel,12334.42,0,1,Commercial,Commercial,10000_99999,1,zero,Commercial,,1,Residential-Multi-Family,knn,knn,0.8
PRAR20250103299,Commercial,Mechanical,Alteration/Remodel,5000,0,0,Not Identified,,1000_9999,0,zero,,,0,,not_applicable,knn,
PRAR20250103343,1 to 2 Family,Mechanical,Alteration/Remodel,6000,0,0,Not Identified,,1000_9999,0,zero,,,0,,not_applicable,knn,
PRAR20250103344,1 to 2 Family,Mechanical,Alteration/Remodel,3000,0,0,Not Identified,,1000_9999,0,zero,,,0,,not_applicable,knn,
PRAR20250103964,1 to 2 Family,Revision - Mechanical,Alteration/Remodel,9233.57,0,1,Res.1&2 or Guest House,Res.1&2 or Guest House,1000_9999,1,zero,Res.1&2 or Guest House,Res.1&2 or Guest House,0,,not_applicable,knn,
PRAR20250204459,Commercial,Mechanical,Alteration/Remodel,25609,0,1,Residential-Multi-Family,Residential-Multi-Family,10000_99999,1,zero,Residential-Multi-Family,Residential-Multi-Family,0,,not_applicable,knn,
PRAR20250206269,Commercial,Mechanical,Alteration/Remodel,25208,0,1,Residential-Multi-Family,Residential-Multi-Family,10000_99999,1,zero,Residential-Multi-Family,Residential-Multi-Family,0,,not_applicable,knn,
PRAR20250207473,1 to 2 Family,Revision - Mechanical,Alteration/Remodel,9335.73,0,1,Res.1&2 or Guest House,Res.1&2 or Guest House,1000_9999,1,zero,Res.1&2 or Guest House,,1,Res.1&2 or Guest House,knn,knn,1.0
PRAR20250308809,Commercial,Mechanical,Alteration/Remodel,33800,0,1,Commercial,Commercial,10000_99999,1,zero,Commercial,Commercial,0,,not_applicable,knn,
PRAR20250309400,Commercial,Mechanical,Alteration/Remodel,15202,0,1,Residential-Multi-Family,Residential-Multi-Family,10000_99999,1,zero,Residential-Multi-Family,Residential-Multi-Family,0,,not_applicable,knn,
PRAR20250309721,Commercial,Mechanical,Alteration/Remodel,113791,0,1,Commercial,Commercial,100000_plus,1,zero,Commercial,Commercial,0,,not_applicable,knn,
PRAR20250309978,Commercial,Mechanical,Alteration/Remodel,13367,0,1,Residential-Multi-Family,Residential-Multi-Family,10000_99999,1,zero,Residential-Multi-Family,Residential-Multi-Family,0,,not_applicable,knn,
PRAR20250310031,Commercial,Mechanical,Alteration/Remodel,9200,0,1,Commercial,Commercial,1000_9999,1,zero,Commercial,Commercial,0,,not_applicable,knn,
PRAR20250310045,Commercial,Mechanical,Alteration/Remodel,4300,0,1,Residential-Multi-Family,Residential-Multi-Family,1000_9999,1,zero,Residential-Multi-Family,Residential-Multi-Family,0,,not_applicable,knn,
PRAR20250310547,Commercial,Mechanical,Alteration/Remodel,16140,0,1,Commercial,Commercial,10000_99999,1,zero,Commercial,Commercial,0,,not_applicable,knn,
PRAR20250310878,Commercial,Mechanical,Alteration/Remodel,21884,0,1,Residential-Multi-Family,Residential-Multi-Family,10000_99999,1,zero,Residential-Multi-Family,Residential-Multi-Family,0,,not_applicable,knn,
PRAR20250311039,1 to 2 Family,Mechanical,Alteration/Remodel,6600,0,1,Res.1&2 or Guest House,Res.1&2 or Guest House,1000_9999,1,zero,Res.1&2 or Guest House,Res.1&2 or Guest House,0,,not_applicable,knn,
PRAR20250311391,1 to 2 Family,Mechanical,Alteration/Remodel,7950,0,1,Res.1&2 or Guest House,Res.1&2 or Guest House,1000_9999,1,zero,Res.1&2 or Guest House,Res.1&2 or Guest House,0,,not_applicable,knn,
PRAR20250311460,Commercial,Mechanical,Alteration/Remodel,9878.41,0,1,Residential-Multi-Family,Residential-Multi-Family,1000_9999,1,zero,Residential-Multi-Family,Residential-Multi-Family,0,,not_applicable,knn,
PRAR20250311607,Commercial,Mechanical,Alteration/Remodel,7895.24,0,1,Residential-Multi-Family,Residential-Multi-Family,1000_9999,1,zero,Residential-Multi-Family,Residential-Multi-Family,0,,not_applicable,knn,
PRAR20250311623,Commercial,Mechanical,Alteration/Remodel,3000,0,1,Commercial,Commercial,1000_9999,1,zero,Commercial,Commercial,0,,not_applicable,knn,
PRAR20250311660,Commercial,Mechanical,Alteration/Remodel,11000,0,1,Residential-Multi-Family,Residential-Multi-Family,10000_99999,1,zero,Residential-Multi-Family,,1,Residential-Multi-Family,knn,knn,0.8
PRAR20250311697,Commercial,Mechanical,Alteration/Remodel,9984.32,0,1,Residential-Multi-Family,Residential-Multi-Family,1000_9999,1,zero,Residential-Multi-Family,Residential-Multi-Family,0,,not_applicable,knn,
PRAR20250311772,Commercial,Mechanical,Alteration/Remodel,12380,0,1,Commercial,Commercial,10000_99999,1,zero,Commercial,,1,Residential-Multi-Family,knn,knn,0.8
PRAR20250311785,1 to 2 Family,Mechanical,Alteration/Remodel,9281.43,0,1,Res.1&2 or Guest House,Res.1&2 or Guest House,1000_9999,1,zero,Res.1&2 or Guest House,Res.1&2 or Guest House,0,,not_applicable,knn,
PRAR20250311899,Commercial,Mechanical,Alteration/Remodel,20662,0,1,Residential-Multi-Family,Residential-Multi-Family,10000_99999,1,zero,Residential-Multi-Family,Residential-Multi-Family,0,,not_applicable,knn,
PRAR20250312074,Commercial,Mechanical,Alteration/Remodel,16436.22,0,1,Residential-Multi-Family,Residential-Multi-Family,10000_99999,1,zero,Residential-Multi-Family,Residential-Multi-Family,0,,not_applicable,knn,
PRAR20250312248,Commercial,Mechanical,Alteration/Remodel,12290,0,1,Residential-Multi-Family,Residential-Multi-Family,10000_99999,1,zero,Residential-Multi-Family,Residential-Multi-Family,0,,not_applicable,knn,
PRAR20250312276,1 to 2 Family,Mechanical,Alteration/Remodel,10700,0,1,Res.1&2 or Guest House,Res.1&2 or Guest House,10000_99999,1,zero,Res.1&2 or Guest House,Res.1&2 or Guest House,0,,not_applicable,knn,
PRAR20250312285,Commercial,Mechanical,Alteration/Remodel,12500,0,1,Residential-Multi-Family,Residential-Multi-Family,10000_99999,1,zero,Residential-Multi-Family,Residential-Multi-Family,0,,not_applicable,knn,
PRAR20250312433,1 to 2 Family,Mechanical,Alteration/Remodel,5900,0,1,Res.1&2 or Guest House,Res.1&2 or Guest House,1000_9999,1,zero,Res.1&2 or Guest House,Res.1&2 or Guest House,0,,not_applicable,knn,
PRAR20250312434,Commercial,Mechanical,Alteration/Remodel,9905,0,0,Not Identified,,1000_9999,0,zero,,,0,,not_applicable,knn,
PRAR20250312440,1 to 2 Family,Mechanical,Alteration/Remodel,13207,0,0,Not Identified,,10000_99999,0,zero,,,0,,not_applicable,knn,
PRAR20250312529,Commercial,Mechanical,Alteration/Remodel,12826,0,1,Residential-Multi-Family,Residential-Multi-Family,10000_99999,1,zero,Residential-Multi-Family,Residential-Multi-Family,0,,not_applicable,knn,
PRAR20250312626,1 to 2 Family,Mechanical,Alteration/Remodel,15845,0,1,Res.1&2 or Guest House,Res.1&2 or Guest House,10000_99999,1,zero,Res.1&2 or Guest House,Res.1&2 or Guest House,0,,not_applicable,knn,
PRAR20250312638,1 to 2 Family,Mechanical,Alteration/Remodel,24745,0,1,Res.1&2 or Guest House,Res.1&2 or Guest House,10000_99999,1,zero,Res.1&2 or Guest House,Res.1&2 or Guest House,0,,not_applicable,knn,
PRAR20250312644,Commercial,Mechanical,Alteration/Remodel,12776,0,1,Residential-Multi-Family,Residential-Multi-Family,10000_99999,1,zero,Residential-Multi-Family,Residential-Multi-Family,0,,not_applicable,knn,
PRAR20250312674,1 to 2 Family,Mechanical,Alteration/Remodel,37910,0,0,Not Identified,,10000_99999,0,zero,,,0,,not_applicable,knn,
PRAR20250312744,Commercial,Mechanical,Alteration/Remodel,12457,0,1,Commercial,Commercial,10000_99999,1,zero,Commercial,Commercial,0,,not_applicable,knn,
PRAR20250312750,Commercial,Mechanical,Alteration/Remodel,6500,0,1,Commercial,Commercial,1000_9999,1,zero,Commercial,Commercial,0,,not_applicable,knn,
PRAR20250312826,Commercial,Mechanical,Alteration/Remodel,9949.2900000000009,0,1,Residential-Multi-Family,Residential-Multi-Family,1000_9999,1,zero,Residential-Multi-Family,,1,Commercial,knn,knn,0.6
PRAR20250312836,1 to 2 Family,Mechanical,Alteration/Remodel,7795,0,0,Not Identified,,1000_9999,0,zero,,,0,,not_applicable,knn,
PRAR20250312838,Commercial,Mechanical,Alteration/Remodel,7250,0,1,Not Identified,,1000_9999,1,zero,,,0,,not_applicable,knn,
PRAR20250312869,Commercial,Mechanical,Alteration/Remodel,9680,0,1,Residential-Multi-Family,Residential-Multi-Family,1000_9999,1,zero,Residential-Multi-Family,,1,Commercial,knn,knn,0.6
PRAR20250312878,1 to 2 Family,Mechanical,Alteration/Remodel,8300,0,0,Not Identified,,1000_9999,0,zero,,,0,,not_applicable,knn,
PRAR20250312887,1 to 2 Family,Mechanical,Alteration/Remodel,6490,0,1,Res.1&2 or Guest House,Res.1&2 or Guest House,1000_9999,1,zero,Res.1&2 or Guest House,,1,Res.1&2 or Guest House,knn,knn,1.0
PRAR20250312974,Commercial,Mechanical,Alteration/Remodel,8920.24,0,1,Residential-Multi-Family,Residential-Multi-Family,1000_9999,1,zero,Residential-Multi-Family,Residential-Multi-Family,0,,not_applicable,knn,
PRAR20250312997,Commercial,Mechanical,Alteration/Remodel,8687,0,1,Commercial,Commercial,1000_9999,1,zero,Commercial,Commercial,0,,not_applicable,knn,
PRAR20250313056,1 to 2 Family,Mechanical,Alteration/Remodel,9838.2800000000007,0,1,Res.1&2 or Guest House,Res.1&2 or Guest House,1000_9999,1,zero,Res.1&2 or Guest House,Res.1&2 or Guest House,0,,not_applicable,knn,
PRAR20250313132,Commercial,Mechanical,Alteration/Remodel,8329,0,1,Residential-Multi-Family,Residential-Multi-Family,1000_9999,1,zero,Residential-Multi-Family,Residential-Multi-Family,0,,not_applicable,knn,
PRAR20250313275,Commercial,Mechanical,Alteration/Remodel,12250,0,1,Residential-Multi-Family,Residential-Multi-Family,10000_99999,1,zero,Residential-Multi-Family,Residential-Multi-Family,0,,not_applicable,knn,
PRAR20250313286,1 to 2 Family,Mechanical,Alteration/Remodel,10000,0,1,Res.1&2 or Guest House,Res.1&2 or Guest House,10000_99999,1,zero,Res.1&2 or Guest House,Res.1&2 or Guest House,0,,not_applicable,knn,
PRAR20250313292,Commercial,Mechanical,Alteration/Remodel,7590,0,1,Residential-Multi-Family,Residential-Multi-Family,1000_9999,1,zero,Residential-Multi-Family,Residential-Multi-Family,0,,not_applicable,knn,
PRAR20250313301,1 to 2 Family,Mechanical,Alteration/Remodel,8000,0,1,Res.1&2 or Guest House,Res.1&2 or Guest House,1000_9999,1,zero,Res.1&2 or Guest House,Res.1&2 or Guest House,0,,not_applicable,knn,
PRAR20250313349,1 to 2 Family,Mechanical,Alteration/Remodel,8039,0,0,Not Identified,,1000_9999,0,zero,,,0,,not_applicable,knn,
PRAR20250313373,1 to 2 Family,Mechanical,Alteration/Remodel,16191,0,0,Not Identified,,10000_99999,0,zero,,,0,,not_applicable,knn,
PRAR20250313391,1 to 2 Family,Mechanical,Alteration/Remodel,10853.96,0,1,Res.1&2 or Guest House,Res.1&2 or Guest House,10000_99999,1,zero,Res.1&2 or Guest House,,1,Res.1&2 or Guest House,knn,knn,1.0
PRAR20250313412,1 to 2 Family,Mechanical,Alteration/Remodel,3008,0,1,Res.1&2 or Guest House,Res.1&2 or Guest House,1000_9999,1,zero,Res.1&2 or Guest House,,1,Res.1&2 or Guest House,knn,knn,1.0
PRAR20250313417,1 to 2 Family,Mechanical,Alteration/Remodel,14063,0,0,Not Identified,,10000_99999,0,zero,,,0,,not_applicable,knn,
PRAR20250313426,1 to 2 Family,Mechanical,Alteration/Remodel,9250,0,0,Not Identified,,1000_9999,0,zero,,,0,,not_applicable,knn,
PRAR20250313435,1 to 2 Family,Mechanical,Alteration/Remodel,10500,0,0,Not Identified,,10000_99999,0,zero,,,0,,not_applicable,knn,
PRAR20250313463,1 to 2 Family,Mechanical,Alteration/Remodel,10244.280000000001,0,1,Res.1&2 or Guest House,Res.1&2 or Guest House,10000_99999,1,zero,Res.1&2 or Guest House,Res.1&2 or Guest House,0,,not_applicable,knn,
PRAR20250313465,Commercial,Mechanical,Alteration/Remodel,8431.36,0,1,Residential-Multi-Family,Residential-Multi-Family,1000_9999,1,zero,Residential-Multi-Family,,1,Commercial,knn,knn,0.6
PRAR20250313483,Commercial,Mechanical,Alteration/Remodel,14445,0,1,Commercial,Commercial,10000_99999,1,zero,Commercial,Commercial,0,,not_applicable,knn,
PRAR20250413543,1 to 2 Family,Mechanical,Alteration/Remodel,7350,0,0,Not Identified,,1000_9999,0,zero,,,0,,not_applicable,knn,
PRAR20250413545,Commercial,Mechanical,Alteration/Remodel,7900,0,0,Not Identified,,1000_9999,0,zero,,,0,,not_applicable,knn,
PRAR20250413547,1 to 2 Family,Mechanical,Alteration/Remodel,17406.11,0,0,Not Identified,,10000_99999,0,zero,,,0,,not_applicable,knn,
PRAR20250413549,1 to 2 Family,Mechanical,Alteration/Remodel,11782.53,0,0,Not Identified,,10000_99999,0,zero,,,0,,not_applicable,knn,
PRAR20250413554,1 to 2 Family,Mechanical,Alteration/Remodel,6500,0,0,Not Identified,,1000_9999,0,zero,,,0,,not_applicable,knn,
PRAR20250413555,1 to 2 Family,Mechanical,Alteration/Remodel,6478,0,0,Not Identified,,1000_9999,0,zero,,,0,,not_applicable,knn,
PRAR20250413560,Commercial,Mechanical,Alteration/Remodel,8459,0,0,Not Identified,,1000_9999,0,zero,,,0,,not_applicable,knn,
PRAR20250413587,1 to 2 Family,Mechanical,Alteration/Remodel,7700,0,1,Res.1&2 or Guest House,Res.1&2 or Guest House,1000_9999,1,zero,Res.1&2 or Guest House,Res.1&2 or Guest House,0,,not_applicable,knn,
PRAR20250413594,Commercial,Mechanical,Alteration/Remodel,7775,0,0,Not Identified,,1000_9999,0,zero,,,0,,not_applicable,knn,
PRAR20250413609,1 to 2 Family,Mechanical,Alteration/Remodel,10990,0,0,Not Identified,,10000_99999,0,zero,,,0,,not_applicable,knn,
PRAR20250413610,1 to 2 Family,Mechanical,Alteration/Remodel,5000,0,0,Not Identified,,1000_9999,0,zero,,,0,,not_applicable,knn,
PRAR20250413614,Commercial,Mechanical,Alteration/Remodel,11480,0,0,Not Identified,,10000_99999,0,zero,,,0,,not_applicable,knn,
PRAR20250413617,1 to 2 Family,Mechanical,Alteration/Remodel,13000,0,0,Not Identified,,10000_99999,0,zero,,,0,,not_applicable,knn,
PRAR20250413637,1 to 2 Family,Mechanical,Alteration/Remodel,6000,0,0,Not Identified,,1000_9999,0,zero,,,0,,not_applicable,knn,
PRAR20250413641,1 to 2 Family,Mechanical,Alteration/Remodel,7400,0,0,Not Identified,,1000_9999,0,zero,,,0,,not_applicable,knn,
PRAR20250413642,1 to 2 Family,Mechanical,Alteration/Remodel,9750,0,1,Res.1&2 or Guest House,Res.1&2 or Guest House,1000_9999,1,zero,Res.1&2 or Guest House,Res.1&2 or Guest House,0,,not_applicable,knn,
PRAR20250413645,Commercial,Mechanical,Alteration/Remodel,5540,0,0,Not Identified,,1000_9999,0,zero,,,0,,not_applicable,knn,
PRAR20250413647,1 to 2 Family,Mechanical,Alteration/Remodel,6500,0,0,Not Identified,,1000_9999,0,zero,,,0,,not_applicable,knn,
PRAR20250413657,Commercial,Mechanical,Alteration/Remodel,9980,0,0,Not Identified,,1000_9999,0,zero,,,0,,not_applicable,knn,
PRAR20250413684,Commercial,Mechanical,Alteration/Remodel,7095,0,0,Not Identified,,1000_9999,0,zero,,,0,,not_applicable,knn,
PRAR20250413686,1 to 2 Family,Mechanical,Alteration/Remodel,10990,0,0,Not Identified,,10000_99999,0,zero,,,0,,not_applicable,knn,
PRAR20250413710,1 to 2 Family,Mechanical,Alteration/Remodel,9000,0,1,Res.1&2 or Guest House,Res.1&2 or Guest House,1000_9999,1,zero,Res.1&2 or Guest House,Res.1&2 or Guest House,0,,not_applicable,knn,
PRAR20250413719,1 to 2 Family,Mechanical,Alteration/Remodel,8275,0,0,Not Identified,,1000_9999,0,zero,,,0,,not_applicable,knn,
PRAR20250413758,1 to 2 Family,Mechanical,Alteration/Remodel,8707,0,0,Res.1&2 or Guest House,Res.1&2 or Guest House,1000_9999,0,zero,Res.1&2 or Guest House,Res.1&2 or Guest House,0,,not_applicable,knn,
PRAR20250413758,1 to 2 Family,Revision - Mechanical,Alteration/Remodel,8707,0,1,Res.1&2 or Guest House,Res.1&2 or Guest House,1000_9999,1,zero,Res.1&2 or Guest House,Res.1&2 or Guest House,0,,not_applicable,knn,
PRAR20250413765,Commercial,Mechanical,Alteration/Remodel,7557,0,0,Not Identified,,1000_9999,0,zero,,,0,,not_applicable,knn,
PRAR20250413767,Commercial,Mechanical,Alteration/Remodel,9969,0,0,Not Identified,,1000_9999,0,zero,,,0,,not_applicable,knn,
PRAR20250413772,1 to 2 Family,Mechanical,Alteration/Remodel,8040,0,0,Not Identified,,1000_9999,0,zero,,,0,,not_applicable,knn,
PRAR20250413774,1 to 2 Family,Mechanical,Alteration/Remodel,9998,0,0,Not Identified,,1000_9999,0,zero,,,0,,not_applicable,knn,
PRAR20250413776,Commercial,Mechanical,Alteration/Remodel,9998,0,0,Not Identified,,1000_9999,0,zero,,,0,,not_applicable,knn,
PRAR20250413781,Commercial,Mechanical,Alteration/Remodel,8217,0,1,Residential-Multi-Family,Residential-Multi-Family,1000_9999,1,zero,Residential-Multi-Family,Residential-Multi-Family,0,,not_applicable,knn,
PRAR20250413800,Commercial,Mechanical,Alteration/Remodel,7510,0,0,Not Identified,,1000_9999,0,zero,,,0,,not_applicable,knn,
PRAR20250413811,Commercial,Mechanical,Alteration/Remodel,5400,0,0,Not Identified,,1000_9999,0,zero,,,0,,not_applicable,knn,
PRAR20250413821,Commercial,Mechanical,Alteration/Remodel,6839,0,0,Not Identified,,1000_9999,0,zero,,,0,,not_applicable,knn,
PRAR20250413822,1 to 2 Family,Mechanical,Alteration/Remodel,11789,0,0,Not Identified,,10000_99999,0,zero,,,0,,not_applicable,knn,
PRAR20250413825,Commercial,Mechanical,Alteration/Remodel,7746.42,0,0,Not Identified,,1000_9999,0,zero,,,0,,not_applicable,knn,
PRAR20250413827,1 to 2 Family,Mechanical,Alteration/Remodel,6942,0,0,Not Identified,,1000_9999,0,zero,,,0,,not_applicable,knn,
PRAR20250413830,1 to 2 Family,Mechanical,Alteration/Remodel,13759,0,0,Not Identified,,10000_99999,0,zero,,,0,,not_applicable,knn,
PRAR20250413840,1 to 2 Family,Mechanical,Alteration/Remodel,45582.73,0,0,Not Identified,,10000_99999,0,zero,,,0,,not_applicable,knn,
PRAR20250413849,Commercial,Mechanical,Alteration/Remodel,10800,0,0,Not Identified,,10000_99999,0,zero,,,0,,not_applicable,knn,
PRAR20250413855,Commercial,Mechanical,Alteration/Remodel,7258,0,0,Not Identified,,1000_9999,0,zero,,,0,,not_applicable,knn,
PRAR20250413862,1 to 2 Family,Mechanical,Alteration/Remodel,7498.9,0,0,Not Identified,,1000_9999,0,zero,,,0,,not_applicable,knn,
PRAR20250413873,1 to 2 Family,Mechanical,Alteration/Remodel,10300,0,0,Not Identified,,10000_99999,0,zero,,,0,,not_applicable,knn,
PRAR20250413887,1 to 2 Family,Mechanical,Alteration/Remodel,13066,0,0,Not Identified,,10000_99999,0,zero,,,0,,not_applicable,knn,
PRAR20250413891,1 to 2 Family,Mechanical,Alteration/Remodel,6100,0,0,Not Identified,,1000_9999,0,zero,,,0,,not_applicable,knn,
PRAR20250413895,1 to 2 Family,Mechanical,Alteration/Remodel,12190,0,0,Not Identified,,10000_99999,0,zero,,,0,,not_applicable,knn,
PRAR20250413904,1 to 2 Family,Mechanical,Alteration/Remodel,7044,0,0,Not Identified,,1000_9999,0,zero,,,0,,not_applicable,knn,
PRAR20250413930,1 to 2 Family,Mechanical,Alteration/Remodel,11311.4,0,0,Not Identified,,10000_99999,0,zero,,,0,,not_applicable,knn,
PRAR20250413936,Commercial,Mechanical,Alteration/Remodel,4000,0,0,Not Identified,,1000_9999,0,zero,,,0,,not_applicable,knn,
PRAR20250413944,1 to 2 Family,Mechanical,Alteration/Remodel,8620.24,0,0,Not Identified,,1000_9999,0,zero,,,0,,not_applicable,knn,
PRAR20250413949,Commercial,Mechanical,Alteration/Remodel,6500,0,0,Not Identified,,1000_9999,0,zero,,,0,,not_applicable,knn,
PRAR20250413953,1 to 2 Family,Mechanical,Alteration/Remodel,10425,0,1,Res.1&2 or Guest House,Res.1&2 or Guest House,10000_99999,1,zero,Res.1&2 or Guest House,Res.1&2 or Guest House,0,,not_applicable,knn,
PRAR20250413959,Commercial,Mechanical,Alteration/Remodel,3750,0,0,Not Identified,,1000_9999,0,zero,,,0,,not_applicable,knn,
PRAR20250413979,1 to 2 Family,Mechanical,Alteration/Remodel,6500,0,0,Not Identified,,1000_9999,0,zero,,,0,,not_applicable,knn,
PRAR20250413991,1 to 2 Family,Mechanical,Alteration/Remodel,15513.77,0,0,Not Identified,,10000_99999,0,zero,,,0,,not_applicable,knn,
PRAR20250413994,Commercial,Mechanical,Alteration/Remodel,10781.44,0,1,Residential-Multi-Family,Residential-Multi-Family,10000_99999,1,zero,Residential-Multi-Family,Residential-Multi-Family,0,,not_applicable,knn,
PRAR20250414014,Commercial,Mechanical,Alteration/Remodel,8322,0,0,Not Identified,,1000_9999,0,zero,,,0,,not_applicable,knn,
PRAR20250414019,Commercial,Mechanical,Alteration/Remodel,8822,0,0,Not Identified,,1000_9999,0,zero,,,0,,not_applicable,knn,
PRAR20250414037,1 to 2 Family,Mechanical,Alteration/Remodel,13010,0,0,Not Identified,,10000_99999,0,zero,,,0,,not_applicable,knn,
PRAR20250414042,Commercial,Mechanical,Alteration/Remodel,3900,0,0,Not Identified,,1000_9999,0,zero,,,0,,not_applicable,knn,
PRAR20250414059,1 to 2 Family,Mechanical,Alteration/Remodel,3000,0,0,Not Identified,,1000_9999,0,zero,,,0,,not_applicable,knn,
PRAR20250414063,Commercial,Mechanical,Alteration/Remodel,3750,0,0,Not Identified,,1000_9999,0,zero,,,0,,not_applicable,knn,
PRAR20250414068,1 to 2 Family,Mechanical,Alteration/Remodel,8145,0,0,Not Identified,,1000_9999,0,zero,,,0,,not_applicable,knn,
PRAR20250414072,Commercial,Mechanical,Alteration/Remodel,10008,0,0,Not Identified,,10000_99999,0,zero,,,0,,not_applicable,knn,
PRAR20250414078,1 to 2 Family,Mechanical,Alteration/Remodel,10190,0,0,Not Identified,,10000_99999,0,zero,,,0,,not_applicable,knn,
PRAR20250414079,1 to 2 Family,Mechanical,Alteration/Remodel,14204,0,0,Not Identified,,10000_99999,0,zero,,,0,,not_applicable,knn,
PRAR20250414083,Commercial,Mechanical,Alteration/Remodel,7400,0,0,Not Identified,,1000_9999,0,zero,,,0,,not_applicable,knn,
PRAR20250414087,1 to 2 Family,Mechanical,Alteration/Remodel,11528,0,0,Not Identified,,10000_99999,0,zero,,,0,,not_applicable,knn,
PRAR20250414092,Commercial,Mechanical,Alteration/Remodel,8853,0,0,Not Identified,,1000_9999,0,zero,,,0,,not_applicable,knn,
PRAR20250414096,Commercial,Mechanical,Alteration/Remodel,32610,0,1,Commercial,Commercial,10000_99999,1,zero,Commercial,Commercial,0,,not_applicable,knn,
PRAR20250414098,1 to 2 Family,Mechanical,Alteration/Remodel,15770.9,0,0,Not Identified,,10000_99999,0,zero,,,0,,not_applicable,knn,
PRAR20250414100,1 to 2 Family,Mechanical,Alteration/Remodel,12406,0,0,Not Identified,,10000_99999,0,zero,,,0,,not_applicable,knn,
PRAR20250414104,1 to 2 Family,Mechanical,Alteration/Remodel,11456.01,0,1,Res.1&2 or Guest House,Res.1&2 or Guest House,10000_99999,1,zero,Res.1&2 or Guest House,Res.1&2 or Guest House,0,,not_applicable,knn,
PRAR20250414107,1 to 2 Family,Mechanical,Alteration/Remodel,7500,0,0,Not Identified,,1000_9999,0,zero,,,0,,not_applicable,knn,
PRAR20250414123,1 to 2 Family,Mechanical,Alteration/Remodel,7450,0,0,Not Identified,,1000_9999,0,zero,,,0,,not_applicable,knn,
PRAR20250414151,1 to 2 Family,Mechanical,Alteration/Remodel,5000,0,0,Not Identified,,1000_9999,0,zero,,,0,,not_applicable,knn,
PRAR20250414162,Commercial,Mechanical,Alteration/Remodel,8100,0,0,Not Identified,,1000_9999,0,zero,,,0,,not_applicable,knn,
PRAR20250414177,Commercial,Mechanical,Alteration/Remodel,7495,0,0,Not Identified,,1000_9999,0,zero,,,0,,not_applicable,knn,
PRAR20250414182,1 to 2 Family,Mechanical,Alteration/Remodel,9998.52,0,0,Not Identified,,1000_9999,0,zero,,,0,,not_applicable,knn,
PRAR20250414202,1 to 2 Family,Mechanical,Alteration/Remodel,4250,0,0,Not Identified,,1000_9999,0,zero,,,0,,not_applicable,knn,
PRAR20250414215,Commercial,Mechanical,Alteration/Remodel,6700,0,0,Not Identified,,1000_9999,0,zero,,,0,,not_applicable,knn,
PRAR20250414216,Commercial,Mechanical,Alteration/Remodel,9867,0,0,Not Identified,,1000_9999,0,zero,,,0,,not_applicable,knn,
PRAR20250414221,Commercial,Mechanical,Alteration/Remodel,10023,0,0,Not Identified,,10000_99999,0,zero,,,0,,not_applicable,knn,
PRAR20250414226,Commercial,Mechanical,Alteration/Remodel,9188,0,0,Not Identified,,1000_9999,0,zero,,,0,,not_applicable,knn,
PRAR20250414241,Commercial,Mechanical,Alteration/Remodel,14700,0,0,Not Identified,,10000_99999,0,zero,,,0,,not_applicable,knn,
PRAR20250414251,1 to 2 Family,Mechanical,Alteration/Remodel,10200,0,0,Not Identified,,10000_99999,0,zero,,,0,,not_applicable,knn,
PRAR20250414252,1 to 2 Family,Mechanical,Alteration/Remodel,9921,0,1,Res.1&2 or Guest House,Res.1&2 or Guest House,1000_9999,1,zero,Res.1&2 or Guest House,,1,Res.1&2 or Guest House,knn,knn,1.0
PRAR20250414256,Commercial,Mechanical,Alteration/Remodel,6097,0,0,Not Identified,,1000_9999,0,zero,,,0,,not_applicable,knn,
PRAR20250414264,Commercial,Mechanical,Alteration/Remodel,9800,0,0,Not Identified,,1000_9999,0,zero,,,0,,not_applicable,knn,
PRAR20250414280,1 to 2 Family,Mechanical,Alteration/Remodel,11308,0,0,Not Identified,,10000_99999,0,zero,,,0,,not_applicable,knn,
PRAR20250414287,Commercial,Mechanical,Alteration/Remodel,8100,0,0,Not Identified,,1000_9999,0,zero,,,0,,not_applicable,knn,
PRAR20250414300,Commercial,Mechanical,Alteration/Remodel,4895,0,0,Not Identified,,1000_9999,0,zero,,,0,,not_applicable,knn,
PRAR20250414320,1 to 2 Family,Mechanical,Alteration/Remodel,8549.24,0,0,Not Identified,,1000_9999,0,zero,,,0,,not_applicable,knn,
PRAR20250414322,1 to 2 Family,Mechanical,Alteration/Remodel,8950,0,0,Not Identified,,1000_9999,0,zero,,,0,,not_applicable,knn,
PRAR20250414324,Commercial,Mechanical,Alteration/Remodel,5732.07,0,0,Not Identified,,1000_9999,0,zero,,,0,,not_applicable,knn,
PRAR20250414327,Commercial,Mechanical,Alteration/Remodel,5337.83,0,0,Not Identified,,1000_9999,0,zero,,,0,,not_applicable,knn,
PRAR20250414328,Commercial,Mechanical,Alteration/Remodel,6700,0,0,Not Identified,,1000_9999,0,zero,,,0,,not_applicable,knn,
PRAR20250414340,Commercial,Mechanical,Alteration/Remodel,5600,0,0,Not Identified,,1000_9999,0,zero,,,0,,not_applicable,knn,
PRAR20250414358,Commercial,Mechanical,Alteration/Remodel,7500,0,0,Not Identified,,1000_9999,0,zero,,,0,,not_applicable,knn,
PRAR20250414364,Commercial,Mechanical,Alteration/Remodel,6000,0,0,Not Identified,,1000_9999,0,zero,,,0,,not_applicable,knn,
PRAR20250414380,1 to 2 Family,Mechanical,Alteration/Remodel,14687,0,0,Not Identified,,10000_99999,0,zero,,,0,,not_applicable,knn,
PRAR20250414381,1 to 2 Family,Mechanical,Alteration/Remodel,14212,0,0,Not Identified,,10000_99999,0,zero,,,0,,not_applicable,knn,
PRAR20250414419,1 to 2 Family,Mechanical,Alteration/Remodel,14551.37,0,0,Not Identified,,10000_99999,0,zero,,,0,,not_applicable,knn,
PRAR20250414421,Commercial,Mechanical,Alteration/Remodel,11843,0,0,Not Identified,,10000_99999,0,zero,,,0,,not_applicable,knn,
PRAR20250414426,1 to 2 Family,Mechanical,Alteration/Remodel,11210,0,0,Not Identified,,10000_99999,0,zero,,,0,,not_applicable,knn,
PRAR20250414438,Commercial,Mechanical,Alteration/Remodel,4900,0,0,Not Identified,,1000_9999,0,zero,,,0,,not_applicable,knn,
PRAR20250414442,Commercial,Mechanical,Alteration/Remodel,8948,0,0,Not Identified,,1000_9999,0,zero,,,0,,not_applicable,knn,
PRAR20250414454,1 to 2 Family,Mechanical,Alteration/Remodel,22319.16,0,0,Not Identified,,10000_99999,0,zero,,,0,,not_applicable,knn,
PRAR20250414467,Commercial,Mechanical,Alteration/Remodel,10100,0,0,Not Identified,,10000_99999,0,zero,,,0,,not_applicable,knn,
PRAR20250414472,1 to 2 Family,Mechanical,Alteration/Remodel,10571,0,0,Not Identified,,10000_99999,0,zero,,,0,,not_applicable,knn,
PRAR20250414479,1 to 2 Family,Mechanical,Alteration/Remodel,18379,0,0,Not Identified,,10000_99999,0,zero,,,0,,not_applicable,knn,
PRAR20250414486,1 to 2 Family,Mechanical,Alteration/Remodel,7440.56,0,0,Not Identified,,1000_9999,0,zero,,,0,,not_applicable,knn,
PRAR20250414489,1 to 2 Family,Mechanical,Alteration/Remodel,10449.620000000001,0,0,Not Identified,,10000_99999,0,zero,,,0,,not_applicable,knn,
PRAR20250414492,1 to 2 Family,Mechanical,Alteration/Remodel,7344,0,0,Not Identified,,1000_9999,0,zero,,,0,,not_applicable,knn,
PRAR20250414497,1 to 2 Family,Mechanical,Alteration/Remodel,13500,0,0,Not Identified,,10000_99999,0,zero,,,0,,not_applicable,knn,
PRAR20250414499,1 to 2 Family,Mechanical,Alteration/Remodel,10629.5,0,0,Not Identified,,10000_99999,0,zero,,,0,,not_applicable,knn,
PRAR20250414501,Commercial,Mechanical,Alteration/Remodel,7920,0,0,Not Identified,,1000_9999,0,zero,,,0,,not_applicable,knn,
PRAR20250414525,Commercial,Mechanical,Alteration/Remodel,4100,0,0,Not Identified,,1000_9999,0,zero,,,0,,not_applicable,knn,
PRAR20250414529,1 to 2 Family,Mechanical,Alteration/Remodel,9300,0,0,Not Identified,,1000_9999,0,zero,,,0,,not_applicable,knn,
PRAR20250414531,Commercial,Mechanical,Alteration/Remodel,5700,0,0,Not Identified,,1000_9999,0,zero,,,0,,not_applicable,knn,
PRAR20250414532,1 to 2 Family,Mechanical,Alteration/Remodel,3195,0,0,Not Identified,,1000_9999,0,zero,,,0,,not_applicable,knn,
PRAR20250414536,Commercial,Mechanical,Alteration/Remodel,4427,0,0,Not Identified,,1000_9999,0,zero,,,0,,not_applicable,knn,
PRAR20250414599,Commercial,Mechanical,Alteration/Remodel,9587,0,0,Not Identified,,1000_9999,0,zero,,,0,,not_applicable,knn,
PRAR20250414604,1 to 2 Family,Mechanical,Alteration/Remodel,9430.7999999999993,0,0,Not Identified,,1000_9999,0,zero,,,0,,not_applicable,knn,
PRAR20250414608,1 to 2 Family,Mechanical,Alteration/Remodel,14428,0,0,Not Identified,,10000_99999,0,zero,,,0,,not_applicable,knn,
PRAR20250414613,1 to 2 Family,Mechanical,Alteration/Remodel,11000,0,0,Not Identified,,10000_99999,0,zero,,,0,,not_applicable,knn,
PRAR20250414615,1 to 2 Family,Mechanical,Alteration/Remodel,15578,0,0,Not Identified,,10000_99999,0,zero,,,0,,not_applicable,knn,
PRAR20250414616,Commercial,Mechanical,Alteration/Remodel,8692,0,0,Not Identified,,1000_9999,0,zero,,,0,,not_applicable,knn,
PRAR20250414617,1 to 2 Family,Mechanical,Alteration/Remodel,12134,0,0,Not Identified,,10000_99999,0,zero,,,0,,not_applicable,knn,
PRAR20250414619,1 to 2 Family,Mechanical,Alteration/Remodel,13000,0,0,Not Identified,,10000_99999,0,zero,,,0,,not_applicable,knn,
PRAR20250414620,1 to 2 Family,Mechanical,Alteration/Remodel,8532,0,0,Not Identified,,1000_9999,0,zero,,,0,,not_applicable,knn,
PRAR20250414622,1 to 2 Family,Mechanical,Alteration/Remodel,11500,0,0,Not Identified,,10000_99999,0,zero,,,0,,not_applicable,knn,
PRAR20250414636,Commercial,Mechanical,Alteration/Remodel,7332,0,0,Not Identified,,1000_9999,0,zero,,,0,,not_applicable,knn,
PRAR20250414642,Commercial,Mechanical,Alteration/Remodel,8075,0,0,Not Identified,,1000_9999,0,zero,,,0,,not_applicable,knn,
PRAR20250414644,Commercial,Mechanical,Alteration/Remodel,6783,0,0,Not Identified,,1000_9999,0,zero,,,0,,not_applicable,knn,
PRAR20250414653,Commercial,Mechanical,Alteration/Remodel,6432.22,0,0,Not Identified,,1000_9999,0,zero,,,0,,not_applicable,knn,
PRAR20250414660,1 to 2 Family,Mechanical,Alteration/Remodel,5880,0,1,Res.1&2 or Guest House,Res.1&2 or Guest House,1000_9999,1,zero,Res.1&2 or Guest House,Res.1&2 or Guest House,0,,not_applicable,knn,
PRAR20250414661,Commercial,Mechanical,Alteration/Remodel,32986,0,1,Commercial,Commercial,10000_99999,1,zero,Commercial,Commercial,0,,not_applicable,knn,
PRAR20250414674,1 to 2 Family,Mechanical,Alteration/Remodel,8842,0,0,Not Identified,,1000_9999,0,zero,,,0,,not_applicable,knn,
PRAR20250414678,Commercial,Mechanical,Alteration/Remodel,9358,0,1,Commercial,Commercial,1000_9999,1,zero,Commercial,Commercial,0,,not_applicable,knn,
PRAR20250414687,1 to 2 Family,Mechanical,Alteration/Remodel,12866,0,0,Not Identified,,10000_99999,0,zero,,,0,,not_applicable,knn,
PRAR20250414694,1 to 2 Family,Mechanical,Alteration/Remodel,6000,0,0,Not Identified,,1000_9999,0,zero,,,0,,not_applicable,knn,
PRAR20250414700,1 to 2 Family,Mechanical,Alteration/Remodel,7760,0,0,Not Identified,,1000_9999,0,zero,,,0,,not_applicable,knn,
PRAR20250414701,1 to 2 Family,Mechanical,Alteration/Remodel,6000,0,0,Not Identified,,1000_9999,0,zero,,,0,,not_applicable,knn,
PRAR20250414703,Commercial,Mechanical,Alteration/Remodel,5318,0,0,Not Identified,,1000_9999,0,zero,,,0,,not_applicable,knn,
PRAR20250414708,1 to 2 Family,Mechanical,Alteration/Remodel,9041,0,0,Not Identified,,1000_9999,0,zero,,,0,,not_applicable,knn,
PRAR20250414712,1 to 2 Family,Mechanical,Alteration/Remodel,4829,0,0,Not Identified,,1000_9999,0,zero,,,0,,not_applicable,knn,
PRAR20250414714,1 to 2 Family,Mechanical,Alteration/Remodel,7450,0,0,Not Identified,,1000_9999,0,zero,,,0,,not_applicable,knn,
PRAR20250414724,1 to 2 Family,Mechanical,Alteration/Remodel,13401,0,0,Not Identified,,10000_99999,0,zero,,,0,,not_applicable,knn,
PRAR20250414725,1 to 2 Family,Mechanical,Alteration/Remodel,7450,0,0,Not Identified,,1000_9999,0,zero,,,0,,not_applicable,knn,
PRAR20250414731,1 to 2 Family,Mechanical,Alteration/Remodel,7325,0,0,Not Identified,,1000_9999,0,zero,,,0,,not_applicable,knn,
PRAR20250414733,Commercial,Mechanical,Alteration/Remodel,11428,0,0,Not Identified,,10000_99999,0,zero,,,0,,not_applicable,knn,
PRAR20250414734,1 to 2 Family,Mechanical,Alteration/Remodel,7300,0,0,Not Identified,,1000_9999,0,zero,,,0,,not_applicable,knn,
PRAR20250414744,Commercial,Mechanical,Alteration/Remodel,8120,0,0,Not Identified,,1000_9999,0,zero,,,0,,not_applicable,knn,
PRAR20250414755,1 to 2 Family,Mechanical,Alteration/Remodel,10990,0,0,Not Identified,,10000_99999,0,zero,,,0,,not_applicable,knn,
PRAR20250414758,1 to 2 Family,Mechanical,Alteration/Remodel,6011,0,0,Not Identified,,1000_9999,0,zero,,,0,,not_applicable,knn,
PRAR20250414761,1 to 2 Family,Mechanical,Alteration/Remodel,8650,0,0,Not Identified,,1000_9999,0,zero,,,0,,not_applicable,knn,
PRAR20250414767,Commercial,Mechanical,Alteration/Remodel,8817,0,0,Not Identified,,1000_9999,0,zero,,,0,,not_applicable,knn,
PRAR20250414770,Commercial,Mechanical,Alteration/Remodel,8292,0,0,Not Identified,,1000_9999,0,zero,,,0,,not_applicable,knn,
PRAR20250414773,1 to 2 Family,Mechanical,Alteration/Remodel,31611,0,0,Not Identified,,10000_99999,0,zero,,,0,,not_applicable,knn,
PRAR20250414778,1 to 2 Family,Mechanical,Alteration/Remodel,11566.36,0,0,Not Identified,,10000_99999,0,zero,,,0,,not_applicable,knn,
PRAR20250414784,1 to 2 Family,Mechanical,Alteration/Remodel,10485.5,0,0,Not Identified,,10000_99999,0,zero,,,0,,not_applicable,knn,
PRAR20250414786,1 to 2 Family,Mechanical,Alteration/Remodel,13725,0,0,Not Identified,,10000_99999,0,zero,,,0,,not_applicable,knn,
PRAR20250414793,1 to 2 Family,Mechanical,Alteration/Remodel,11550,0,0,Not Identified,,10000_99999,0,zero,,,0,,not_applicable,knn,
PRAR20250414802,1 to 2 Family,Mechanical,Alteration/Remodel,14711,0,1,Res.1&2 or Guest House,Res.1&2 or Guest House,10000_99999,1,zero,Res.1&2 or Guest House,Res.1&2 or Guest House,0,,not_applicable,knn,
PRAR20250414803,1 to 2 Family,Mechanical,Alteration/Remodel,5500,0,1,Res.1&2 or Guest House,Res.1&2 or Guest House,1000_9999,1,zero,Res.1&2 or Guest House,Res.1&2 or Guest House,0,,not_applicable,knn,
PRAR20250414807,Commercial,Mechanical,Alteration/Remodel,6500,0,0,Not Identified,,1000_9999,0,zero,,,0,,not_applicable,knn,
PRAR20250414809,1 to 2 Family,Mechanical,Alteration/Remodel,7990,0,0,Not Identified,,1000_9999,0,zero,,,0,,not_applicable,knn,
PRAR20250414815,1 to 2 Family,Mechanical,Alteration/Remodel,5395,0,0,Not Identified,,1000_9999,0,zero,,,0,,not_applicable,knn,
PRAR20250414818,1 to 2 Family,Mechanical,Alteration/Remodel,12780,0,0,Not Identified,,10000_99999,0,zero,,,0,,not_applicable,knn,
PRAR20250414834,1 to 2 Family,Mechanical,Alteration/Remodel,4750,0,0,Not Identified,,1000_9999,0,zero,,,0,,not_applicable,knn,
PRAR20250414835,Commercial,Mechanical,Alteration/Remodel,6827,0,0,Not Identified,,1000_9999,0,zero,,,0,,not_applicable,knn,
PRAR20250414836,1 to 2 Family,Mechanical,Alteration/Remodel,6500,0,0,Not Identified,,1000_9999,0,zero,,,0,,not_applicable,knn,
PRAR20250414848,1 to 2 Family,Mechanical,Alteration/Remodel,6000,0,0,Not Identified,,1000_9999,0,zero,,,0,,not_applicable,knn,
PRAR20250414852,1 to 2 Family,Mechanical,Alteration/Remodel,18815,0,1,Res.1&2 or Guest House,Res.1&2 or Guest House,10000_99999,1,zero,Res.1&2 or Guest House,Res.1&2 or Guest House,0,,not_applicable,knn,
PRAR20250414864,1 to 2 Family,Mechanical,Alteration/Remodel,8212,0,0,Not Identified,,1000_9999,0,zero,,,0,,not_applicable,knn,
PRAR20250414877,Commercial,Mechanical,Alteration/Remodel,7496,0,0,Not Identified,,1000_9999,0,zero,,,0,,not_applicable,knn,
PRAR20250414879,Commercial,Mechanical,Alteration/Remodel,9009,0,0,Not Identified,,1000_9999,0,zero,,,0,,not_applicable,knn,
PRAR20250414884,Commercial,Mechanical,Alteration/Remodel,8851,0,0,Not Identified,,1000_9999,0,zero,,,0,,not_applicable,knn,
PRAR20250414886,Commercial,Mechanical,Alteration/Remodel,7438,0,0,Not Identified,,1000_9999,0,zero,,,0,,not_applicable,knn,
PRAR20250414891,1 to 2 Family,Mechanical,Alteration/Remodel,4851,0,0,Not Identified,,1000_9999,0,zero,,,0,,not_applicable,knn,
PRAR20250414903,1 to 2 Family,Mechanical,Alteration/Remodel,9050,0,0,Not Identified,,1000_9999,0,zero,,,0,,not_applicable,knn,
PRAR20250414905,Commercial,Mechanical,Alteration/Remodel,7495,0,0,Not Identified,,1000_9999,0,zero,,,0,,not_applicable,knn,
PRAR20250414906,1 to 2 Family,Mechanical,Alteration/Remodel,10811,0,0,Not Identified,,10000_99999,0,zero,,,0,,not_applicable,knn,
PRAR20250414907,1 to 2 Family,Mechanical,Alteration/Remodel,3120,0,1,Res.1&2 or Guest House,Res.1&2 or Guest House,1000_9999,1,zero,Res.1&2 or Guest House,Res.1&2 or Guest House,0,,not_applicable,knn,
PRAR20250414909,Commercial,Mechanical,Alteration/Remodel,10749,0,1,Commercial,Commercial,10000_99999,1,zero,Commercial,Commercial,0,,not_applicable,knn,
PRAR20250414912,Commercial,Mechanical,Alteration/Remodel,8605,0,0,Not Identified,,1000_9999,0,zero,,,0,,not_applicable,knn,
PRAR20250414918,1 to 2 Family,Mechanical,Alteration/Remodel,12700,0,0,Not Identified,,10000_99999,0,zero,,,0,,not_applicable,knn,
PRAR20250414924,1 to 2 Family,Mechanical,Alteration/Remodel,6000,0,0,Not Identified,,1000_9999,0,zero,,,0,,not_applicable,knn,
PRAR20250414927,1 to 2 Family,Mechanical,Alteration/Remodel,12000,0,0,Not Identified,,10000_99999,0,zero,,,0,,not_applicable,knn,
PRAR20250414928,Commercial,Mechanical,Alteration/Remodel,7500,0,1,Residential-Multi-Family,Residential-Multi-Family,1000_9999,1,zero,Residential-Multi-Family,Residential-Multi-Family,0,,not_applicable,knn,
PRAR20250414932,1 to 2 Family,Mechanical,Alteration/Remodel,14094.1,0,0,Not Identified,,10000_99999,0,zero,,,0,,not_applicable,knn,
PRAR20250414934,1 to 2 Family,Mechanical,Alteration/Remodel,12000,0,0,Not Identified,,10000_99999,0,zero,,,0,,not_applicable,knn,
PRAR20250414941,1 to 2 Family,Mechanical,Alteration/Remodel,11900,0,0,Not Identified,,10000_99999,0,zero,,,0,,not_applicable,knn,
PRAR20250414944,1 to 2 Family,Mechanical,Alteration/Remodel,9000,0,0,Not Identified,,1000_9999,0,zero,,,0,,not_applicable,knn,
PRAR20250414947,1 to 2 Family,Mechanical,Alteration/Remodel,12000,0,0,Not Identified,,10000_99999,0,zero,,,0,,not_applicable,knn,
PRAR20250414949,1 to 2 Family,Mechanical,Alteration/Remodel,16900,0,0,Not Identified,,10000_99999,0,zero,,,0,,not_applicable,knn,
PRAR20250414956,1 to 2 Family,Mechanical,Alteration/Remodel,4833.46,0,0,Not Identified,,1000_9999,0,zero,,,0,,not_applicable,knn,
PRAR20250414962,1 to 2 Family,Mechanical,Alteration/Remodel,9190,0,0,Not Identified,,1000_9999,0,zero,,,0,,not_applicable,knn,
PRAR20250414975,Commercial,Mechanical,Alteration/Remodel,8549.24,0,1,Residential-Multi-Family,Residential-Multi-Family,1000_9999,1,zero,Residential-Multi-Family,Residential-Multi-Family,0,,not_applicable,knn,
PRAR20250414985,Commercial,Mechanical,Alteration/Remodel,7860,0,0,Not Identified,,1000_9999,0,zero,,,0,,not_applicable,knn,
PRAR20250415000,Commercial,Mechanical,Alteration/Remodel,7821,0,0,Not Identified,,1000_9999,0,zero,,,0,,not_applicable,knn,
PRAR20250415015,Commercial,Mechanical,Alteration/Remodel,5000,0,0,Not Identified,,1000_9999,0,zero,,,0,,not_applicable,knn,
PRAR20250415023,1 to 2 Family,Mechanical,Alteration/Remodel,7000,0,0,Not Identified,,1000_9999,0,zero,,,0,,not_applicable,knn,
PRAR20250415024,Commercial,Mechanical,Alteration/Remodel,6235.5,0,0,Not Identified,,1000_9999,0,zero,,,0,,not_applicable,knn,
PRAR20250415029,Commercial,Mechanical,Alteration/Remodel,10114,0,0,Not Identified,,10000_99999,0,zero,,,0,,not_applicable,knn,
PRAR20250415032,1 to 2 Family,Mechanical,Alteration/Remodel,9519,0,0,Not Identified,,1000_9999,0,zero,,,0,,not_applicable,knn,
PRAR20250415035,Commercial,Mechanical,Alteration/Remodel,7925,0,0,Not Identified,,1000_9999,0,zero,,,0,,not_applicable,knn,
PRAR20250415037,1 to 2 Family,Mechanical,Alteration/Remodel,7869,0,0,Not Identified,,1000_9999,0,zero,,,0,,not_applicable,knn,
PRAR20250415041,Commercial,Mechanical,Alteration/Remodel,6587.5,0,0,Not Identified,,1000_9999,0,zero,,,0,,not_applicable,knn,
PRAR20250415052,Commercial,Mechanical,Alteration/Remodel,10792.68,0,1,Residential-Multi-Family,Residential-Multi-Family,10000_99999,1,zero,Residential-Multi-Family,Residential-Multi-Family,0,,not_applicable,knn,
PRAR20250415054,Commercial,Mechanical,Alteration/Remodel,7489,0,0,Not Identified,,1000_9999,0,zero,,,0,,not_applicable,knn,
PRAR20250415055,1 to 2 Family,Mechanical,Alteration/Remodel,22789,0,0,Not Identified,,10000_99999,0,zero,,,0,,not_applicable,knn,
PRAR20250415057,1 to 2 Family,Mechanical,Alteration/Remodel,8684,0,0,Not Identified,,1000_9999,0,zero,,,0,,not_applicable,knn,
PRAR20250415058,Commercial,Mechanical,Alteration/Remodel,6914,0,0,Not Identified,,1000_9999,0,zero,,,0,,not_applicable,knn,
PRAR20250415059,Commercial,Mechanical,Alteration/Remodel,11189,0,0,Not Identified,,10000_99999,0,zero,,,0,,not_applicable,knn,
PRAR20250415062,1 to 2 Family,Mechanical,Alteration/Remodel,26000,0,0,Not Identified,,10000_99999,0,zero,,,0,,not_applicable,knn,
PRAR20250415063,1 to 2 Family,Mechanical,Alteration/Remodel,10836,0,0,Res.1&2 or Guest House,Res.1&2 or Guest House,10000_99999,0,zero,Res.1&2 or Guest House,,1,Res.1&2 or Guest House,knn,knn,1.0
PRAR20250415072,1 to 2 Family,Mechanical,Alteration/Remodel,11836.32,0,0,Not Identified,,10000_99999,0,zero,,,0,,not_applicable,knn,
PRAR20250415095,1 to 2 Family,Mechanical,Alteration/Remodel,7200,0,0,Not Identified,,1000_9999,0,zero,,,0,,not_applicable,knn,
PRAR20250415100,Commercial,Mechanical,Alteration/Remodel,7500,0,0,Not Identified,,1000_9999,0,zero,,,0,,not_applicable,knn,
PRAR20250415107,Commercial,Mechanical,Alteration/Remodel,7500,0,0,Not Identified,,1000_9999,0,zero,,,0,,not_applicable,knn,
PRAR20250415114,1 to 2 Family,Mechanical,Alteration/Remodel,8626,0,0,Not Identified,,1000_9999,0,zero,,,0,,not_applicable,knn,
PRAR20250415120,Commercial,Mechanical,Alteration/Remodel,6992,0,0,Not Identified,,1000_9999,0,zero,,,0,,not_applicable,knn,
PRAR20250415122,Commercial,Mechanical,Alteration/Remodel,6510,0,0,Not Identified,,1000_9999,0,zero,,,0,,not_applicable,knn,
PRAR20250415130,Commercial,Mechanical,Alteration/Remodel,8200,0,0,Not Identified,,1000_9999,0,zero,,,0,,not_applicable,knn,
PRAR20250415134,Commercial,Mechanical,Alteration/Remodel,7500,0,0,Not Identified,,1000_9999,0,zero,,,0,,not_applicable,knn,
PRAR20250415137,Commercial,Mechanical,Alteration/Remodel,7205,0,0,Not Identified,,1000_9999,0,zero,,,0,,not_applicable,knn,
PRAR20250415139,Commercial,Mechanical,Alteration/Remodel,10000,0,0,Not Identified,,10000_99999,0,zero,,,0,,not_applicable,knn,
PRAR20250415143,Commercial,Mechanical,Alteration/Remodel,6400,0,0,Not Identified,,1000_9999,0,zero,,,0,,not_applicable,knn,
PRAR20250415150,Commercial,Mechanical,Alteration/Remodel,6600,0,0,Not Identified,,1000_9999,0,zero,,,0,,not_applicable,knn,
PRAR20250415160,1 to 2 Family,Mechanical,Alteration/Remodel,8264,0,0,Not Identified,,1000_9999,0,zero,,,0,,not_applicable,knn,
PRAR20250415163,Commercial,Mechanical,Alteration/Remodel,10440,0,1,Commercial,Commercial,10000_99999,1,zero,Commercial,Commercial,0,,not_applicable,knn,
PRAR20250415170,1 to 2 Family,Mechanical,Alteration/Remodel,7906,0,0,Not Identified,,1000_9999,0,zero,,,0,,not_applicable,knn,
PRAR20250415171,Commercial,Mechanical,Alteration/Remodel,12004.08,0,1,Residential-Multi-Family,Residential-Multi-Family,10000_99999,1,zero,Residential-Multi-Family,Residential-Multi-Family,0,,not_applicable,knn,
PRAR20250415175,1 to 2 Family,Mechanical,Alteration/Remodel,24880,0,0,Not Identified,,10000_99999,0,zero,,,0,,not_applicable,knn,
PRAR20250415183,Commercial,Mechanical,Alteration/Remodel,6000,0,0,Not Identified,,1000_9999,0,zero,,,0,,not_applicable,knn,
PRAR20250415205,Commercial,Mechanical,Alteration/Remodel,8247.85,0,1,Residential-Multi-Family,Residential-Multi-Family,1000_9999,1,zero,Residential-Multi-Family,Residential-Multi-Family,0,,not_applicable,knn,
PRAR20250415211,1 to 2 Family,Mechanical,Alteration/Remodel,14881,0,1,Res.1&2 or Guest House,Res.1&2 or Guest House,10000_99999,1,zero,Res.1&2 or Guest House,Res.1&2 or Guest House,0,,not_applicable,knn,
PRAR20250415217,Commercial,Mechanical,Alteration/Remodel,7500,0,0,Not Identified,,1000_9999,0,zero,,,0,,not_applicable,knn,
PRAR20250415221,Commercial,Mechanical,Alteration/Remodel,16650,0,1,Commercial,Commercial,10000_99999,1,zero,Commercial,Commercial,0,,not_applicable,knn,
PRAR20250415252,1 to 2 Family,Mechanical,Alteration/Remodel,7602,0,0,Not Identified,,1000_9999,0,zero,,,0,,not_applicable,knn,
PRAR20250415253,Commercial,Mechanical,Alteration/Remodel,9500,0,0,Not Identified,,1000_9999,0,zero,,,0,,not_applicable,knn,
PRAR20250415255,1 to 2 Family,Mechanical,Alteration/Remodel,16000,0,0,Not Identified,,10000_99999,0,zero,,,0,,not_applicable,knn,
PRAR20250415262,Commercial,Mechanical,Alteration/Remodel,8550,0,0,Not Identified,,1000_9999,0,zero,,,0,,not_applicable,knn,
PRAR20250415269,Commercial,Mechanical,Alteration/Remodel,7100,0,0,Not Identified,,1000_9999,0,zero,,,0,,not_applicable,knn,
PRAR20250415270,1 to 2 Family,Mechanical,Alteration/Remodel,7250,0,0,Not Identified,,1000_9999,0,zero,,,0,,not_applicable,knn,
PRAR20250415290,Commercial,Mechanical,Alteration/Remodel,10984,0,1,Commercial,Commercial,10000_99999,1,zero,Commercial,Commercial,0,,not_applicable,knn,
PRAR20250415293,Commercial,Mechanical,Alteration/Remodel,7300,0,0,Not Identified,,1000_9999,0,zero,,,0,,not_applicable,knn,
PRAR20250415296,Commercial,Mechanical,Alteration/Remodel,6881,0,0,Not Identified,,1000_9999,0,zero,,,0,,not_applicable,knn,
PRAR20250415308,1 to 2 Family,Mechanical,Alteration/Remodel,10559,0,0,Not Identified,,10000_99999,0,zero,,,0,,not_applicable,knn,
PRAR20250415310,Commercial,Mechanical,Alteration/Remodel,8190,0,0,Not Identified,,1000_9999,0,zero,,,0,,not_applicable,knn,
PRAR20250415323,Commercial,Mechanical,Alteration/Remodel,9211.34,0,0,Not Identified,,1000_9999,0,zero,,,0,,not_applicable,knn,
PRAR20250415327,Commercial,Mechanical,Alteration/Remodel,4900,0,0,Not Identified,,1000_9999,0,zero,,,0,,not_applicable,knn,
PRAR20250415328,1 to 2 Family,Mechanical,Alteration/Remodel,7500,0,0,Not Identified,,1000_9999,0,zero,,,0,,not_applicable,knn,
PRAR20250415338,1 to 2 Family,Mechanical,Alteration/Remodel,13200,0,0,Not Identified,,10000_99999,0,zero,,,0,,not_applicable,knn,
PRAR20250415339,Commercial,Mechanical,Alteration/Remodel,8500,0,0,Not Identified,,1000_9999,0,zero,,,0,,not_applicable,knn,
PRAR20250415342,1 to 2 Family,Mechanical,Alteration/Remodel,11219,0,0,Not Identified,,10000_99999,0,zero,,,0,,not_applicable,knn,
PRAR20250415343,1 to 2 Family,Mechanical,Alteration/Remodel,10838,0,0,Not Identified,,10000_99999,0,zero,,,0,,not_applicable,knn,
PRAR20250415345,1 to 2 Family,Mechanical,Alteration/Remodel,9027,0,0,Not Identified,,1000_9999,0,zero,,,0,,not_applicable,knn,
PRAR20250415357,1 to 2 Family,Mechanical,Alteration/Remodel,6000,0,1,Res.1&2 or Guest House,Res.1&2 or Guest House,1000_9999,1,zero,Res.1&2 or Guest House,Res.1&2 or Guest House,0,,not_applicable,knn,
PRAR20250415371,Commercial,Mechanical,Alteration/Remodel,4739,0,0,Not Identified,,1000_9999,0,zero,,,0,,not_applicable,knn,
PRAR20250415374,1 to 2 Family,Mechanical,Alteration/Remodel,8200,0,0,Not Identified,,1000_9999,0,zero,,,0,,not_applicable,knn,
PRAR20250415376,Commercial,Mechanical,Alteration/Remodel,7949,0,0,Not Identified,,1000_9999,0,zero,,,0,,not_applicable,knn,
PRAR20250415380,Commercial,Mechanical,Alteration/Remodel,6839,0,0,Not Identified,,1000_9999,0,zero,,,0,,not_applicable,knn,
PRAR20250415381,Commercial,Mechanical,Alteration/Remodel,7051,0,0,Not Identified,,1000_9999,0,zero,,,0,,not_applicable,knn,
PRAR20250415383,1 to 2 Family,Mechanical,Alteration/Remodel,2459,0,0,Not Identified,,1000_9999,0,zero,,,0,,not_applicable,knn,
PRAR20250415384,1 to 2 Family,Mechanical,Alteration/Remodel,44579,0,0,Not Identified,,10000_99999,0,zero,,,0,,not_applicable,knn,
PRAR20250415396,Commercial,Mechanical,Alteration/Remodel,16692,0,1,Residential-Multi-Family,Residential-Multi-Family,10000_99999,1,zero,Residential-Multi-Family,Residential-Multi-Family,0,,not_applicable,knn,
PRAR20250415402,1 to 2 Family,Mechanical,Alteration/Remodel,10727,0,0,Not Identified,,10000_99999,0,zero,,,0,,not_applicable,knn,
PRAR20250415408,Commercial,Mechanical,Alteration/Remodel,9056,0,0,Not Identified,,1000_9999,0,zero,,,0,,not_applicable,knn,
PRAR20250415412,Commercial,Mechanical,Alteration/Remodel,8860,0,1,Commercial,Commercial,1000_9999,1,zero,Commercial,Commercial,0,,not_applicable,knn,
PRAR20250415414,Commercial,Mechanical,Alteration/Remodel,7275,0,0,Not Identified,,1000_9999,0,zero,,,0,,not_applicable,knn,
PRAR20250415424,1 to 2 Family,Mechanical,Alteration/Remodel,13401,0,0,Not Identified,,10000_99999,0,zero,,,0,,not_applicable,knn,
PRAR20250415426,1 to 2 Family,Mechanical,Alteration/Remodel,7500,0,1,Res.1&2 or Guest House,Res.1&2 or Guest House,1000_9999,1,zero,Res.1&2 or Guest House,Res.1&2 or Guest House,0,,not_applicable,knn,
PRAR20250415437,1 to 2 Family,Mechanical,Alteration/Remodel,7270,0,0,Not Identified,,1000_9999,0,zero,,,0,,not_applicable,knn,
PRAR20250415438,1 to 2 Family,Mechanical,Alteration/Remodel,5983,0,0,Not Identified,,1000_9999,0,zero,,,0,,not_applicable,knn,
PRAR20250415439,1 to 2 Family,Mechanical,Alteration/Remodel,119600,0,0,Not Identified,,100000_plus,0,zero,,,0,,not_applicable,knn,
PRAR20250415447,1 to 2 Family,Mechanical,Alteration/Remodel,18178,0,1,Res.1&2 or Guest House,Res.1&2 or Guest House,10000_99999,1,zero,Res.1&2 or Guest House,,1,Res.1&2 or Guest House,knn,knn,1.0
PRAR20250415448,1 to 2 Family,Mechanical,Alteration/Remodel,13351,0,0,Not Identified,,10000_99999,0,zero,,,0,,not_applicable,knn,
PRAR20250415449,1 to 2 Family,Mechanical,Alteration/Remodel,12269,0,0,Not Identified,,10000_99999,0,zero,,,0,,not_applicable,knn,
PRAR20250415462,1 to 2 Family,Mechanical,Alteration/Remodel,11800,0,0,Not Identified,,10000_99999,0,zero,,,0,,not_applicable,knn,
PRAR20250415464,1 to 2 Family,Mechanical,Alteration/Remodel,9636,0,0,Not Identified,,1000_9999,0,zero,,,0,,not_applicable,knn,
PRAR20250415477,1 to 2 Family,Mechanical,Alteration/Remodel,9290,0,0,Not Identified,,1000_9999,0,zero,,,0,,not_applicable,knn,
PRAR20250415491,1 to 2 Family,Mechanical,Alteration/Remodel,9500,0,0,Not Identified,,1000_9999,0,zero,,,0,,not_applicable,knn,
PRAR20250415502,Commercial,Mechanical,Alteration/Remodel,2200,0,0,Not Identified,,1000_9999,0,zero,,,0,,not_applicable,knn,
PRAR20250415524,1 to 2 Family,Mechanical,Alteration/Remodel,15319,0,0,Not Identified,,10000_99999,0,zero,,,0,,not_applicable,knn,
PRAR20250415537,1 to 2 Family,Mechanical,Alteration/Remodel,9250,0,0,Not Identified,,1000_9999,0,zero,,,0,,not_applicable,knn,
PRAR20250415549,1 to 2 Family,Mechanical,Alteration/Remodel,7600,0,0,Not Identified,,1000_9999,0,zero,,,0,,not_applicable,knn,
PRAR20250415551,Commercial,Mechanical,Alteration/Remodel,7950,0,0,Not Identified,,1000_9999,0,zero,,,0,,not_applicable,knn,
PRAR20250415564,1 to 2 Family,Mechanical,Alteration/Remodel,10725,0,0,Not Identified,,10000_99999,0,zero,,,0,,not_applicable,knn,
PRAR20250415575,Commercial,Mechanical,Alteration/Remodel,14867,0,0,Not Identified,,10000_99999,0,zero,,,0,,not_applicable,knn,
PRAR20250415584,Commercial,Mechanical,Alteration/Remodel,10482,0,0,Not Identified,,10000_99999,0,zero,,,0,,not_applicable,knn,
PRAR20250415600,Commercial,Mechanical,Alteration/Remodel,8400,0,0,Not Identified,,1000_9999,0,zero,,,0,,not_applicable,knn,
PRAR20250415613,1 to 2 Family,Mechanical,Alteration/Remodel,8983,0,0,Not Identified,,1000_9999,0,zero,,,0,,not_applicable,knn,
PRAR20250415627,1 to 2 Family,Mechanical,Alteration/Remodel,7245,0,0,Not Identified,,1000_9999,0,zero,,,0,,not_applicable,knn,
PRAR20250415638,Commercial,Mechanical,Alteration/Remodel,2200,0,0,Not Identified,,1000_9999,0,zero,,,0,,not_applicable,knn,
PRAR20250415641,Commercial,Mechanical,Alteration/Remodel,2200,0,0,Not Identified,,1000_9999,0,zero,,,0,,not_applicable,knn,
PRAR20250415642,Commercial,Mechanical,Alteration/Remodel,2200,0,0,Not Identified,,1000_9999,0,zero,,,0,,not_applicable,knn,
PRAR20250415645,1 to 2 Family,Mechanical,Alteration/Remodel,8635,0,0,Not Identified,,1000_9999,0,zero,,,0,,not_applicable,knn,
PRAR20250415647,Commercial,Mechanical,Alteration/Remodel,12000,0,0,Not Identified,,10000_99999,0,zero,,,0,,not_applicable,knn,
PRAR20250415652,1 to 2 Family,Mechanical,Alteration/Remodel,7761,0,0,Not Identified,,1000_9999,0,zero,,,0,,not_applicable,knn,
PRAR20250415653,1 to 2 Family,Mechanical,Alteration/Remodel,8212,0,0,Not Identified,,1000_9999,0,zero,,,0,,not_applicable,knn,
PRAR20250415690,Commercial,Mechanical,Alteration/Remodel,7751.61,0,0,Not Identified,,1000_9999,0,zero,,,0,,not_applicable,knn,
PRAR20250415697,Commercial,Mechanical,Alteration/Remodel,9659.32,0,1,Residential-Multi-Family,Residential-Multi-Family,1000_9999,1,zero,Residential-Multi-Family,Residential-Multi-Family,0,,not_applicable,knn,
PRAR20250415705,Commercial,Mechanical,Alteration/Remodel,8744,0,0,Not Identified,,1000_9999,0,zero,,,0,,not_applicable,knn,
PRAR20250415712,1 to 2 Family,Mechanical,Alteration/Remodel,34718,0,0,Not Identified,,10000_99999,0,zero,,,0,,not_applicable,knn,
PRAR20250415719,Commercial,Mechanical,Alteration/Remodel,8470,0,0,Not Identified,,1000_9999,0,zero,,,0,,not_applicable,knn,
PRAR20250415721,Commercial,Mechanical,Alteration/Remodel,13328.53,0,1,Residential-Multi-Family,Residential-Multi-Family,10000_99999,1,zero,Residential-Multi-Family,,1,Residential-Multi-Family,knn,knn,0.8
PRAR20250415723,1 to 2 Family,Mechanical,Alteration/Remodel,14511,0,1,Res.1&2 or Guest House,Res.1&2 or Guest House,10000_99999,1,zero,Res.1&2 or Guest House,Res.1&2 or Guest House,0,,not_applicable,knn,
PRAR20250415744,1 to 2 Family,Mechanical,Alteration/Remodel,7325,0,0,Not Identified,,1000_9999,0,zero,,,0,,not_applicable,knn,
PRAR20250415763,1 to 2 Family,Mechanical,Alteration/Remodel,12355.07,0,0,Not Identified,,10000_99999,0,zero,,,0,,not_applicable,knn,
PRAR20250415797,1 to 2 Family,Mechanical,Alteration/Remodel,12452,0,0,Res.1&2 or Guest House,Res.1&2 or Guest House,10000_99999,0,zero,Res.1&2 or Guest House,Res.1&2 or Guest House,0,,not_applicable,knn,
PRAR20250415811,Commercial,Mechanical,Alteration/Remodel,5250,0,0,Not Identified,,1000_9999,0,zero,,,0,,not_applicable,knn,
PRAR20250415824,1 to 2 Family,Mechanical,Alteration/Remodel,4500,0,1,Res.1&2 or Guest House,Res.1&2 or Guest House,1000_9999,1,zero,Res.1&2 or Guest House,Res.1&2 or Guest House,0,,not_applicable,knn,
PRAR20250415834,1 to 2 Family,Mechanical,Alteration/Remodel,6677,0,0,Not Identified,,1000_9999,0,zero,,,0,,not_applicable,knn,
PRAR20250415839,1 to 2 Family,Mechanical,Alteration/Remodel,7200,0,0,Not Identified,,1000_9999,0,zero,,,0,,not_applicable,knn,
PRAR20250415840,1 to 2 Family,Mechanical,Alteration/Remodel,10554,0,0,Not Identified,,10000_99999,0,zero,,,0,,not_applicable,knn,
PRAR20250415858,Commercial,Mechanical,Alteration/Remodel,9872.1,0,1,Residential-Multi-Family,Residential-Multi-Family,1000_9999,1,zero,Residential-Multi-Family,Residential-Multi-Family,0,,not_applicable,knn,
PRAR20250415865,Commercial,Mechanical,Alteration/Remodel,7000,0,0,Not Identified,,1000_9999,0,zero,,,0,,not_applicable,knn,
PRAR20250415877,1 to 2 Family,Mechanical,Alteration/Remodel,5500,0,0,Not Identified,,1000_9999,0,zero,,,0,,not_applicable,knn,
PRAR20250415879,1 to 2 Family,Mechanical,Alteration/Remodel,7996.77,0,0,Not Identified,,1000_9999,0,zero,,,0,,not_applicable,knn,
PRAR20250415885,1 to 2 Family,Mechanical,Alteration/Remodel,9500,0,0,Not Identified,,1000_9999,0,zero,,,0,,not_applicable,knn,
PRAR20250415902,1 to 2 Family,Mechanical,Alteration/Remodel,12686.54,0,1,Res.1&2 or Guest House,Res.1&2 or Guest House,10000_99999,1,zero,Res.1&2 or Guest House,Res.1&2 or Guest House,0,,not_applicable,knn,
PRAR20250415911,1 to 2 Family,Mechanical,Alteration/Remodel,11638,0,0,Not Identified,,10000_99999,0,zero,,,0,,not_applicable,knn,
PRAR20250415913,1 to 2 Family,Mechanical,Alteration/Remodel,10016.18,0,1,Res.1&2 or Guest House,Res.1&2 or Guest House,10000_99999,1,zero,Res.1&2 or Guest House,Res.1&2 or Guest House,0,,not_applicable,knn,
PRAR20250415921,1 to 2 Family,Mechanical,Alteration/Remodel,10851,0,0,Not Identified,,10000_99999,0,zero,,,0,,not_applicable,knn,
PRAR20250415927,1 to 2 Family,Mechanical,Alteration/Remodel,10903.78,0,1,Res.1&2 or Guest House,Res.1&2 or Guest House,10000_99999,1,zero,Res.1&2 or Guest House,Res.1&2 or Guest House,0,,not_applicable,knn,
PRAR20250415952,1 to 2 Family,Mechanical,Alteration/Remodel,9800,0,0,Not Identified,,1000_9999,0,zero,,,0,,not_applicable,knn,
PRAR20250415962,Commercial,Mechanical,Alteration/Remodel,10000,0,1,Residential-Multi-Family,Residential-Multi-Family,10000_99999,1,zero,Residential-Multi-Family,,1,Residential-Multi-Family,knn,knn,0.8
PRAR20250415964,1 to 2 Family,Mechanical,Alteration/Remodel,7700,0,0,Not Identified,,1000_9999,0,zero,,,0,,not_applicable,knn,
PRAR20250415968,Commercial,Mechanical,Alteration/Remodel,9615,0,0,Not Identified,,1000_9999,0,zero,,,0,,not_applicable,knn,
PRAR20250415969,1 to 2 Family,Mechanical,Alteration/Remodel,12000,0,0,Not Identified,,10000_99999,0,zero,,,0,,not_applicable,knn,
PRAR20250415971,1 to 2 Family,Mechanical,Alteration/Remodel,12586,0,0,Not Identified,,10000_99999,0,zero,,,0,,not_applicable,knn,
PRAR20250415972,1 to 2 Family,Mechanical,Alteration/Remodel,7000,0,0,Not Identified,,1000_9999,0,zero,,,0,,not_applicable,knn,
PRAR20250415984,Commercial,Mechanical,Alteration/Remodel,15204,0,1,Residential-Multi-Family,Residential-Multi-Family,10000_99999,1,zero,Residential-Multi-Family,Residential-Multi-Family,0,,not_applicable,knn,
PRAR20250415994,1 to 2 Family,Mechanical,Alteration/Remodel,11257,0,0,Not Identified,,10000_99999,0,zero,,,0,,not_applicable,knn,
PRAR20250415998,Commercial,Mechanical,Alteration/Remodel,6900,0,0,Not Identified,,1000_9999,0,zero,,,0,,not_applicable,knn,
PRAR20250416004,Commercial,Mechanical,Alteration/Remodel,11600,0,0,Not Identified,,10000_99999,0,zero,,,0,,not_applicable,knn,
PRAR20250416005,Commercial,Mechanical,Alteration/Remodel,7450,0,0,Not Identified,,1000_9999,0,zero,,,0,,not_applicable,knn,
PRAR20250416007,Commercial,Mechanical,Alteration/Remodel,12778,0,0,Not Identified,,10000_99999,0,zero,,,0,,not_applicable,knn,
PRAR20250416010,Commercial,Mechanical,Alteration/Remodel,8506,0,0,Not Identified,,1000_9999,0,zero,,,0,,not_applicable,knn,
PRAR20250416012,Commercial,Mechanical,Alteration/Remodel,6825,0,0,Not Identified,,1000_9999,0,zero,,,0,,not_applicable,knn,
PRAR20250416013,Commercial,Mechanical,Alteration/Remodel,10000,0,0,Not Identified,,10000_99999,0,zero,,,0,,not_applicable,knn,
PRAR20250416039,Commercial,Mechanical,Alteration/Remodel,10705,0,0,Not Identified,,10000_99999,0,zero,,,0,,not_applicable,knn,
PRAR20250416041,Commercial,Mechanical,Alteration/Remodel,8800,0,0,Not Identified,,1000_9999,0,zero,,,0,,not_applicable,knn,
PRAR20250416046,1 to 2 Family,Mechanical,Alteration/Remodel,10899,0,0,Not Identified,,10000_99999,0,zero,,,0,,not_applicable,knn,
PRAR20250416047,Commercial,Mechanical,Alteration/Remodel,8175,0,0,Not Identified,,1000_9999,0,zero,,,0,,not_applicable,knn,
PRAR20250416049,1 to 2 Family,Mechanical,Alteration/Remodel,15337,0,0,Not Identified,,10000_99999,0,zero,,,0,,not_applicable,knn,
PRAR20250416051,Commercial,Mechanical,Alteration/Remodel,9550,0,0,Not Identified,,1000_9999,0,zero,,,0,,not_applicable,knn,
PRAR20250416056,Commercial,Mechanical,Alteration/Remodel,8950,0,0,Not Identified,,1000_9999,0,zero,,,0,,not_applicable,knn,
PRAR20250416060,Commercial,Mechanical,Alteration/Remodel,5000,0,1,Residential-Multi-Family,Residential-Multi-Family,1000_9999,1,zero,Residential-Multi-Family,Residential-Multi-Family,0,,not_applicable,knn,
PRAR20250416068,1 to 2 Family,Mechanical,Alteration/Remodel,8000,0,0,Not Identified,,1000_9999,0,zero,,,0,,not_applicable,knn,
PRAR20250416089,1 to 2 Family,Mechanical,Alteration/Remodel,11832.9,0,0,Not Identified,,10000_99999,0,zero,,,0,,not_applicable,knn,
PRAR20250416093,1 to 2 Family,Mechanical,Alteration/Remodel,12290,0,1,Res.1&2 or Guest House,Res.1&2 or Guest House,10000_99999,1,zero,Res.1&2 or Guest House,Res.1&2 or Guest House,0,,not_applicable,knn,
PRAR20250416104,Commercial,Mechanical,Alteration/Remodel,13147,0,1,Residential-Multi-Family,Residential-Multi-Family,10000_99999,1,zero,Residential-Multi-Family,Residential-Multi-Family,0,,not_applicable,knn,
PRAR20250416106,1 to 2 Family,Mechanical,Alteration/Remodel,9166.94,0,0,Not Identified,,1000_9999,0,zero,,,0,,not_applicable,knn,
PRAR20250416125,1 to 2 Family,Mechanical,Alteration/Remodel,27039.34,0,0,Not Identified,,10000_99999,0,zero,,,0,,not_applicable,knn,
PRAR20250416131,1 to 2 Family,Mechanical,Alteration/Remodel,9895,0,0,Not Identified,,1000_9999,0,zero,,,0,,not_applicable,knn,
PRAR20250416135,1 to 2 Family,Mechanical,Alteration/Remodel,7008,0,0,Not Identified,,1000_9999,0,zero,,,0,,not_applicable,knn,
PRAR20250416136,1 to 2 Family,Mechanical,Alteration/Remodel,7550,0,0,Not Identified,,1000_9999,0,zero,,,0,,not_applicable,knn,
PRAR20250416142,1 to 2 Family,Mechanical,Alteration/Remodel,7000,0,0,Not Identified,,1000_9999,0,zero,,,0,,not_applicable,knn,
PRAR20250416154,1 to 2 Family,Mechanical,Alteration/Remodel,10000,0,0,Not Identified,,10000_99999,0,zero,,,0,,not_applicable,knn,
PRAR20250416156,Commercial,Mechanical,Alteration/Remodel,7500,0,0,Not Identified,,1000_9999,0,zero,,,0,,not_applicable,knn,
PRAR20250416163,Commercial,Mechanical,Alteration/Remodel,9640.18,0,1,Residential-Multi-Family,Residential-Multi-Family,1000_9999,1,zero,Residential-Multi-Family,,1,Commercial,knn,knn,0.6
PRAR20250416167,1 to 2 Family,Mechanical,Alteration/Remodel,9977,0,0,Not Identified,,1000_9999,0,zero,,,0,,not_applicable,knn,
PRAR20250416169,1 to 2 Family,Mechanical,Alteration/Remodel,2000,0,0,Not Identified,,1000_9999,0,zero,,,0,,not_applicable,knn,
PRAR20250416209,Commercial,Mechanical,Alteration/Remodel,5867,0,0,Not Identified,,1000_9999,0,zero,,,0,,not_applicable,knn,
PRAR20250416210,1 to 2 Family,Mechanical,Alteration/Remodel,14275,0,0,Not Identified,,10000_99999,0,zero,,,0,,not_applicable,knn,
PRAR20250416211,Commercial,Mechanical,Alteration/Remodel,9229,0,0,Not Identified,,1000_9999,0,zero,,,0,,not_applicable,knn,
PRAR20250416215,1 to 2 Family,Mechanical,Alteration/Remodel,6400,0,0,Not Identified,,1000_9999,0,zero,,,0,,not_applicable,knn,
PRAR20250416216,1 to 2 Family,Mechanical,Alteration/Remodel,9995,0,0,Not Identified,,1000_9999,0,zero,,,0,,not_applicable,knn,
PRAR20250416217,Commercial,Mechanical,Alteration/Remodel,9995,0,0,Not Identified,,1000_9999,0,zero,,,0,,not_applicable,knn,
PRAR20250416222,1 to 2 Family,Mechanical,Alteration/Remodel,12900,0,0,Not Identified,,10000_99999,0,zero,,,0,,not_applicable,knn,
PRAR20250416225,1 to 2 Family,Mechanical,Alteration/Remodel,11000,0,0,Not Identified,,10000_99999,0,zero,,,0,,not_applicable,knn,
PRAR20250416227,Commercial,Mechanical,Alteration/Remodel,9995,0,0,Not Identified,,1000_9999,0,zero,,,0,,not_applicable,knn,
PRAR20250416231,Commercial,Mechanical,Alteration/Remodel,8340,0,0,Not Identified,,1000_9999,0,zero,,,0,,not_applicable,knn,
PRAR20250416249,Commercial,Mechanical,Alteration/Remodel,7400,0,0,Not Identified,,1000_9999,0,zero,,,0,,not_applicable,knn,
PRAR20250416257,1 to 2 Family,Mechanical,Alteration/Remodel,7200,0,1,Res.1&2 or Guest House,Res.1&2 or Guest House,1000_9999,1,zero,Res.1&2 or Guest House,Res.1&2 or Guest House,0,,not_applicable,knn,
PRAR20250416265,1 to 2 Family,Mechanical,Alteration/Remodel,5817,0,0,Not Identified,,1000_9999,0,zero,,,0,,not_applicable,knn,
PRAR20250416278,Commercial,Mechanical,Alteration/Remodel,10601.79,0,1,Commercial,Commercial,10000_99999,1,zero,Commercial,Commercial,0,,not_applicable,knn,
PRAR20250416279,Commercial,Mechanical,Alteration/Remodel,13354,0,0,Not Identified,,10000_99999,0,zero,,,0,,not_applicable,knn,
PRAR20250416286,Commercial,Mechanical,Alteration/Remodel,10000,0,0,Not Identified,,10000_99999,0,zero,,,0,,not_applicable,knn,
PRAR20250416287,Commercial,Mechanical,Alteration/Remodel,7670,0,0,Not Identified,,1000_9999,0,zero,,,0,,not_applicable,knn,
PRAR20250416288,1 to 2 Family,Mechanical,Alteration/Remodel,10800,0,0,Not Identified,,10000_99999,0,zero,,,0,,not_applicable,knn,
PRAR20250416289,Commercial,Mechanical,Alteration/Remodel,7504,0,0,Not Identified,,1000_9999,0,zero,,,0,,not_applicable,knn,
PRAR20250416292,1 to 2 Family,Mechanical,Alteration/Remodel,11382,0,0,Not Identified,,10000_99999,0,zero,,,0,,not_applicable,knn,
PRAR20250416293,1 to 2 Family,Mechanical,Alteration/Remodel,8075,0,0,Not Identified,,1000_9999,0,zero,,,0,,not_applicable,knn,
PRAR20250416297,Commercial,Mechanical,Alteration/Remodel,8900,0,0,Not Identified,,1000_9999,0,zero,,,0,,not_applicable,knn,
PRAR20250416298,Commercial,Mechanical,Alteration/Remodel,8286.98,0,1,Residential-Multi-Family,Residential-Multi-Family,1000_9999,1,zero,Residential-Multi-Family,,1,Commercial,knn,knn,0.6
PRAR20250416299,1 to 2 Family,Mechanical,Alteration/Remodel,8241,0,0,Not Identified,,1000_9999,0,zero,,,0,,not_applicable,knn,
PRAR20250416301,Commercial,Mechanical,Alteration/Remodel,7000,0,0,Not Identified,,1000_9999,0,zero,,,0,,not_applicable,knn,
PRAR20250416303,Commercial,Mechanical,Alteration/Remodel,9211,0,0,Not Identified,,1000_9999,0,zero,,,0,,not_applicable,knn,
PRAR20250416305,1 to 2 Family,Mechanical,Alteration/Remodel,6500,0,0,Not Identified,,1000_9999,0,zero,,,0,,not_applicable,knn,
PRAR20250416314,1 to 2 Family,Mechanical,Alteration/Remodel,9650,0,0,Not Identified,,1000_9999,0,zero,,,0,,not_applicable,knn,
PRAR20250416315,Commercial,Mechanical,Alteration/Remodel,9275,0,0,Not Identified,,1000_9999,0,zero,,,0,,not_applicable,knn,
PRAR20250416327,Commercial,Mechanical,Alteration/Remodel,7800,0,0,Not Identified,,1000_9999,0,zero,,,0,,not_applicable,knn,
PRAR20250416337,1 to 2 Family,Mechanical,Alteration/Remodel,7343,0,0,Not Identified,,1000_9999,0,zero,,,0,,not_applicable,knn,
PRAR20250416348,1 to 2 Family,Mechanical,Alteration/Remodel,10000,0,0,Not Identified,,10000_99999,0,zero,,,0,,not_applicable,knn,
PRAR20250416355,Commercial,Mechanical,Alteration/Remodel,7276,0,0,Not Identified,,1000_9999,0,zero,,,0,,not_applicable,knn,
PRAR20250416357,1 to 2 Family,Mechanical,Alteration/Remodel,30893,0,0,Not Identified,,10000_99999,0,zero,,,0,,not_applicable,knn,
PRAR20250416363,Commercial,Mechanical,Alteration/Remodel,8249.24,0,1,Residential-Multi-Family,Residential-Multi-Family,1000_9999,1,zero,Residential-Multi-Family,Residential-Multi-Family,0,,not_applicable,knn,
PRAR20250416374,Commercial,Mechanical,Alteration/Remodel,8038,0,0,Not Identified,,1000_9999,0,zero,,,0,,not_applicable,knn,
PRAR20250416378,Commercial,Mechanical,Alteration/Remodel,8510,0,0,Not Identified,,1000_9999,0,zero,,,0,,not_applicable,knn,
PRAR20250416382,Commercial,Mechanical,Alteration/Remodel,7057,0,0,Not Identified,,1000_9999,0,zero,,,0,,not_applicable,knn,
PRAR20250416385,1 to 2 Family,Mechanical,Alteration/Remodel,5000,0,0,Not Identified,,1000_9999,0,zero,,,0,,not_applicable,knn,
PRAR20250416386,1 to 2 Family,Mechanical,Alteration/Remodel,9030,0,0,Not Identified,,1000_9999,0,zero,,,0,,not_applicable,knn,
PRAR20250416391,Commercial,Mechanical,Alteration/Remodel,4247,0,0,Not Identified,,1000_9999,0,zero,,,0,,not_applicable,knn,
PRAR20250416393,1 to 2 Family,Mechanical,Alteration/Remodel,6000,0,0,Not Identified,,1000_9999,0,zero,,,0,,not_applicable,knn,
PRAR20250416401,Commercial,Mechanical,Alteration/Remodel,7640,0,0,Not Identified,,1000_9999,0,zero,,,0,,not_applicable,knn,
PRAR20250416406,Commercial,Mechanical,Alteration/Remodel,11627,0,0,Not Identified,,10000_99999,0,zero,,,0,,not_applicable,knn,
PRAR20250416412,1 to 2 Family,Mechanical,Alteration/Remodel,18646,0,0,Not Identified,,10000_99999,0,zero,,,0,,not_applicable,knn,
PRAR20250416413,Commercial,Mechanical,Alteration/Remodel,7403,0,0,Not Identified,,1000_9999,0,zero,,,0,,not_applicable,knn,
PRAR20250416425,1 to 2 Family,Mechanical,Alteration/Remodel,14500,0,0,Not Identified,,10000_99999,0,zero,,,0,,not_applicable,knn,
PRAR20250416466,1 to 2 Family,Mechanical,Alteration/Remodel,10053,0,0,Not Identified,,10000_99999,0,zero,,,0,,not_applicable,knn,
PRAR20250416489,1 to 2 Family,Mechanical,Alteration/Remodel,9113,0,0,Not Identified,,1000_9999,0,zero,,,0,,not_applicable,knn,
PRAR20250416506,Commercial,Mechanical,Alteration/Remodel,8869,0,0,Not Identified,,1000_9999,0,zero,,,0,,not_applicable,knn,
PRAR20250416521,1 to 2 Family,Mechanical,Alteration/Remodel,7701.86,0,0,Not Identified,,1000_9999,0,zero,,,0,,not_applicable,knn,
PRAR20250416529,1 to 2 Family,Mechanical,Alteration/Remodel,6890,0,0,Not Identified,,1000_9999,0,zero,,,0,,not_applicable,knn,
PRAR20250416534,1 to 2 Family,Mechanical,Alteration/Remodel,2000,0,0,Not Identified,,1000_9999,0,zero,,,0,,not_applicable,knn,
PRAR20250416540,Commercial,Mechanical,Alteration/Remodel,9490,0,0,Not Identified,,1000_9999,0,zero,,,0,,not_applicable,knn,
PRAR20250416541,Commercial,Mechanical,Alteration/Remodel,8375,0,0,Not Identified,,1000_9999,0,zero,,,0,,not_applicable,knn,
PRAR20250416553,Commercial,Mechanical,Alteration/Remodel,8220,0,0,Not Identified,,1000_9999,0,zero,,,0,,not_applicable,knn,
PRAR20250416559,1 to 2 Family,Mechanical,Alteration/Remodel,10901.35,0,0,Not Identified,,10000_99999,0,zero,,,0,,not_applicable,knn,
PRAR20250416561,Commercial,Mechanical,Alteration/Remodel,7250,0,0,Not Identified,,1000_9999,0,zero,,,0,,not_applicable,knn,
PRAR20250416562,Commercial,Mechanical,Alteration/Remodel,8310.4,0,1,Residential-Multi-Family,Residential-Multi-Family,1000_9999,1,zero,Residential-Multi-Family,Residential-Multi-Family,0,,not_applicable,knn,
PRAR20250416575,Commercial,Mechanical,Alteration/Remodel,5.55,0,0,Not Identified,,2_999,0,zero,,,0,,not_applicable,knn,
PRAR20250416581,Commercial,Mechanical,Alteration/Remodel,10000,0,0,Not Identified,,10000_99999,0,zero,,,0,,not_applicable,knn,
PRAR20250416582,Commercial,Mechanical,Alteration/Remodel,3200,0,0,Not Identified,,1000_9999,0,zero,,,0,,not_applicable,knn,
PRAR20250416597,1 to 2 Family,Mechanical,Alteration/Remodel,7350,0,0,Not Identified,,1000_9999,0,zero,,,0,,not_applicable,knn,
PRAR20250416604,Commercial,Mechanical,Alteration/Remodel,5985,0,0,Not Identified,,1000_9999,0,zero,,,0,,not_applicable,knn,
PRAR20250416615,Commercial,Mechanical,Alteration/Remodel,14999,0,0,Not Identified,,10000_99999,0,zero,,,0,,not_applicable,knn,
PRAR20250416618,Commercial,Mechanical,Alteration/Remodel,8145,0,0,Not Identified,,1000_9999,0,zero,,,0,,not_applicable,knn,
PRAR20250416625,1 to 2 Family,Mechanical,Alteration/Remodel,13288,0,0,Not Identified,,10000_99999,0,zero,,,0,,not_applicable,knn,
PRAR20250416628,1 to 2 Family,Mechanical,Alteration/Remodel,5000,0,0,Not Identified,,1000_9999,0,zero,,,0,,not_applicable,knn,
PRAR20250416630,1 to 2 Family,Mechanical,Alteration/Remodel,11750,0,0,Not Identified,,10000_99999,0,zero,,,0,,not_applicable,knn,
PRAR20250416631,Commercial,Mechanical,Alteration/Remodel,7400,0,0,Not Identified,,1000_9999,0,zero,,,0,,not_applicable,knn,
PRAR20250416632,Commercial,Mechanical,Alteration/Remodel,12428,0,0,Not Identified,,10000_99999,0,zero,,,0,,not_applicable,knn,
PRAR20250416635,1 to 2 Family,Mechanical,Alteration/Remodel,9386.5499999999993,0,0,Not Identified,,1000_9999,0,zero,,,0,,not_applicable,knn,
PRAR20250416636,1 to 2 Family,Mechanical,Alteration/Remodel,9776,0,0,Not Identified,,1000_9999,0,zero,,,0,,not_applicable,knn,
PRAR20250416638,1 to 2 Family,Mechanical,Alteration/Remodel,8583.91,0,0,Not Identified,,1000_9999,0,zero,,,0,,not_applicable,knn,
PRAR20250416644,1 to 2 Family,Mechanical,Alteration/Remodel,12986.83,0,0,Not Identified,,10000_99999,0,zero,,,0,,not_applicable,knn,
PRAR20250416646,1 to 2 Family,Mechanical,Alteration/Remodel,7574,0,0,Not Identified,,1000_9999,0,zero,,,0,,not_applicable,knn,
PRAR20250416647,1 to 2 Family,Mechanical,Alteration/Remodel,10245,0,0,Not Identified,,10000_99999,0,zero,,,0,,not_applicable,knn,
PRAR20250416650,Commercial,Mechanical,Alteration/Remodel,7999.35,0,0,Not Identified,,1000_9999,0,zero,,,0,,not_applicable,knn,
PRAR20250416656,1 to 2 Family,Mechanical,Alteration/Remodel,3195,0,0,Not Identified,,1000_9999,0,zero,,,0,,not_applicable,knn,
PRAR20250416667,1 to 2 Family,Mechanical,Alteration/Remodel,12516,0,0,Not Identified,,10000_99999,0,zero,,,0,,not_applicable,knn,
PRAR20250416669,1 to 2 Family,Mechanical,Alteration/Remodel,7137,0,0,Not Identified,,1000_9999,0,zero,,,0,,not_applicable,knn,
PRAR20250416681,1 to 2 Family,Mechanical,Alteration/Remodel,6895,0,0,Not Identified,,1000_9999,0,zero,,,0,,not_applicable,knn,
PRAR20250416701,1 to 2 Family,Mechanical,Alteration/Remodel,10074,0,0,Not Identified,,10000_99999,0,zero,,,0,,not_applicable,knn,
PRAR20250416705,Commercial,Mechanical,Alteration/Remodel,10598,0,0,Not Identified,,10000_99999,0,zero,,,0,,not_applicable,knn,
PRAR20250416707,1 to 2 Family,Mechanical,Alteration/Remodel,10449,0,0,Not Identified,,10000_99999,0,zero,,,0,,not_applicable,knn,
PRAR20250416717,1 to 2 Family,Mechanical,Alteration/Remodel,11158.8,0,0,Not Identified,,10000_99999,0,zero,,,0,,not_applicable,knn,
PRAR20250416722,1 to 2 Family,Mechanical,Alteration/Remodel,7770,0,0,Not Identified,,1000_9999,0,zero,,,0,,not_applicable,knn,
PRAR20250416727,1 to 2 Family,Mechanical,Alteration/Remodel,10248,0,0,Not Identified,,10000_99999,0,zero,,,0,,not_applicable,knn,
PRAR20250416734,Commercial,Mechanical,Alteration/Remodel,9000,0,0,Not Identified,,1000_9999,0,zero,,,0,,not_applicable,knn,
PRAR20250416736,Commercial,Mechanical,Alteration/Remodel,10265,0,0,Not Identified,,10000_99999,0,zero,,,0,,not_applicable,knn,
PRAR20250416748,Commercial,Mechanical,Alteration/Remodel,8350.3799999999992,0,1,Residential-Multi-Family,Residential-Multi-Family,1000_9999,1,zero,Residential-Multi-Family,Residential-Multi-Family,0,,not_applicable,knn,
PRAR20250416750,Commercial,Mechanical,Alteration/Remodel,6500,0,0,Not Identified,,1000_9999,0,zero,,,0,,not_applicable,knn,
PRAR20250416752,Commercial,Mechanical,Alteration/Remodel,7810,0,0,Not Identified,,1000_9999,0,zero,,,0,,not_applicable,knn,
PRAR20250416755,Commercial,Mechanical,Alteration/Remodel,7960,0,0,Not Identified,,1000_9999,0,zero,,,0,,not_applicable,knn,
PRAR20250416758,Commercial,Mechanical,Alteration/Remodel,10275,0,0,Not Identified,,10000_99999,0,zero,,,0,,not_applicable,knn,
PRAR20250416759,Commercial,Mechanical,Alteration/Remodel,6805,0,0,Not Identified,,1000_9999,0,zero,,,0,,not_applicable,knn,
PRAR20250416763,1 to 2 Family,Mechanical,Alteration/Remodel,11275,0,0,Not Identified,,10000_99999,0,zero,,,0,,not_applicable,knn,
PRAR20250416776,1 to 2 Family,Mechanical,Alteration/Remodel,8950,0,0,Not Identified,,1000_9999,0,zero,,,0,,not_applicable,knn,
PRAR20250416796,Commercial,Mechanical,Alteration/Remodel,17464,0,1,Residential-Multi-Family,Residential-Multi-Family,10000_99999,1,zero,Residential-Multi-Family,,1,Residential-Multi-Family,knn,knn,0.8
PRAR20250416800,1 to 2 Family,Mechanical,Alteration/Remodel,7450,0,0,Not Identified,,1000_9999,0,zero,,,0,,not_applicable,knn,
PRAR20250416802,1 to 2 Family,Mechanical,Alteration/Remodel,8650,0,0,Not Identified,,1000_9999,0,zero,,,0,,not_applicable,knn,
PRAR20250416808,1 to 2 Family,Mechanical,Alteration/Remodel,14800,0,0,Not Identified,,10000_99999,0,zero,,,0,,not_applicable,knn,
PRAR20250416821,1 to 2 Family,Mechanical,Alteration/Remodel,7200,0,0,Not Identified,,1000_9999,0,zero,,,0,,not_applicable,knn,
PRAR20250416822,1 to 2 Family,Mechanical,Alteration/Remodel,14881,0,1,Res.1&2 or Guest House,Res.1&2 or Guest House,10000_99999,1,zero,Res.1&2 or Guest House,Res.1&2 or Guest House,0,,not_applicable,knn,
PRAR20250416823,1 to 2 Family,Mechanical,Alteration/Remodel,7800,0,0,Not Identified,,1000_9999,0,zero,,,0,,not_applicable,knn,
PRAR20250416838,1 to 2 Family,Mechanical,Alteration/Remodel,9916,0,0,Not Identified,,1000_9999,0,zero,,,0,,not_applicable,knn,
PRAR20250416847,1 to 2 Family,Mechanical,Alteration/Remodel,8080,0,0,Not Identified,,1000_9999,0,zero,,,0,,not_applicable,knn,
PRAR20250416850,Commercial,Mechanical,Alteration/Remodel,7638.88,0,1,Residential-Multi-Family,Residential-Multi-Family,1000_9999,1,zero,Residential-Multi-Family,Residential-Multi-Family,0,,not_applicable,knn,
PRAR20250416854,Commercial,Mechanical,Alteration/Remodel,8348,0,0,Not Identified,,1000_9999,0,zero,,,0,,not_applicable,knn,
PRAR20250416857,Commercial,Mechanical,Alteration/Remodel,8049.24,0,1,Residential-Multi-Family,Residential-Multi-Family,1000_9999,1,zero,Residential-Multi-Family,Residential-Multi-Family,0,,not_applicable,knn,
PRAR20250416858,1 to 2 Family,Mechanical,Alteration/Remodel,20518,0,0,Not Identified,,10000_99999,0,zero,,,0,,not_applicable,knn,
PRAR20250416863,1 to 2 Family,Mechanical,Alteration/Remodel,18717,0,0,Not Identified,,10000_99999,0,zero,,,0,,not_applicable,knn,
PRAR20250416864,1 to 2 Family,Mechanical,Alteration/Remodel,7611,0,0,Not Identified,,1000_9999,0,zero,,,0,,not_applicable,knn,
PRAR20250416872,Commercial,Mechanical,Alteration/Remodel,7695,0,0,Not Identified,,1000_9999,0,zero,,,0,,not_applicable,knn,
PRAR20250416874,1 to 2 Family,Mechanical,Alteration/Remodel,12776,0,1,Res.1&2 or Guest House,Res.1&2 or Guest House,10000_99999,1,zero,Res.1&2 or Guest House,Res.1&2 or Guest House,0,,not_applicable,knn,
PRAR20250416880,1 to 2 Family,Mechanical,Alteration/Remodel,7595,0,1,Res.1&2 or Guest House,Res.1&2 or Guest House,1000_9999,1,zero,Res.1&2 or Guest House,Res.1&2 or Guest House,0,,not_applicable,knn,
PRAR20250416882,Commercial,Mechanical,Alteration/Remodel,12778,0,0,Not Identified,,10000_99999,0,zero,,,0,,not_applicable,knn,
PRAR20250416895,1 to 2 Family,Mechanical,Alteration/Remodel,9920,0,0,Not Identified,,1000_9999,0,zero,,,0,,not_applicable,knn,
PRAR20250416906,Commercial,Mechanical,Alteration/Remodel,7740,0,0,Not Identified,,1000_9999,0,zero,,,0,,not_applicable,knn,
PRAR20250416919,1 to 2 Family,Mechanical,Alteration/Remodel,9351.2999999999993,0,0,Not Identified,,1000_9999,0,zero,,,0,,not_applicable,knn,
PRAR20250416928,1 to 2 Family,Mechanical,Alteration/Remodel,7250,0,0,Not Identified,,1000_9999,0,zero,,,0,,not_applicable,knn,
PRAR20250416945,1 to 2 Family,Mechanical,Alteration/Remodel,8250,0,0,Not Identified,,1000_9999,0,zero,,,0,,not_applicable,knn,
PRAR20250416954,Commercial,Mechanical,Alteration/Remodel,6400,0,0,Not Identified,,1000_9999,0,zero,,,0,,not_applicable,knn,
PRAR20250416961,1 to 2 Family,Mechanical,Alteration/Remodel,33345,0,0,Not Identified,,10000_99999,0,zero,,,0,,not_applicable,knn,
PRAR20250416964,Commercial,Mechanical,Alteration/Remodel,5337,0,0,Not Identified,,1000_9999,0,zero,,,0,,not_applicable,knn,
PRAR20250416979,1 to 2 Family,Mechanical,Alteration/Remodel,14401,0,0,Not Identified,,10000_99999,0,zero,,,0,,not_applicable,knn,
PRAR20250416989,Commercial,Mechanical,Alteration/Remodel,15429,0,1,Residential-Multi-Family,Residential-Multi-Family,10000_99999,1,zero,Residential-Multi-Family,,1,Residential-Multi-Family,knn,knn,0.8
PRAR20250416995,1 to 2 Family,Mechanical,Alteration/Remodel,12877,0,0,Not Identified,,10000_99999,0,zero,,,0,,not_applicable,knn,
PRAR20250416998,Commercial,Mechanical,Alteration/Remodel,8458,0,0,Not Identified,,1000_9999,0,zero,,,0,,not_applicable,knn,
PRAR20250417014,1 to 2 Family,Mechanical,Alteration/Remodel,12428,0,0,Not Identified,,10000_99999,0,zero,,,0,,not_applicable,knn,
PRAR20250417017,1 to 2 Family,Mechanical,Alteration/Remodel,9986,0,0,Not Identified,,1000_9999,0,zero,,,0,,not_applicable,knn,
PRAR20250417020,Commercial,Mechanical,Alteration/Remodel,10500,0,0,Not Identified,,10000_99999,0,zero,,,0,,not_applicable,knn,
PRAR20250417025,1 to 2 Family,Mechanical,Alteration/Remodel,11839.94,0,0,Not Identified,,10000_99999,0,zero,,,0,,not_applicable,knn,
PRAR20250417028,1 to 2 Family,Mechanical,Alteration/Remodel,4800,0,1,Res.1&2 or Guest House,Res.1&2 or Guest House,1000_9999,1,zero,Res.1&2 or Guest House,,1,Res.1&2 or Guest House,knn,knn,1.0
PRAR20250417048,Commercial,Mechanical,Alteration/Remodel,7500,0,0,Not Identified,,1000_9999,0,zero,,,0,,not_applicable,knn,
PRAR20250417064,1 to 2 Family,Mechanical,Alteration/Remodel,9477,0,0,Not Identified,,1000_9999,0,zero,,,0,,not_applicable,knn,
PRAR20250417071,Commercial,Mechanical,Alteration/Remodel,7210,0,0,Not Identified,,1000_9999,0,zero,,,0,,not_applicable,knn,
PRAR20250417076,1 to 2 Family,Mechanical,Alteration/Remodel,7900,0,0,Not Identified,,1000_9999,0,zero,,,0,,not_applicable,knn,
PRAR20250417086,Commercial,Mechanical,Alteration/Remodel,2200,0,0,Not Identified,,1000_9999,0,zero,,,0,,not_applicable,knn,
PRAR20250417097,Commercial,Mechanical,Alteration/Remodel,7210,0,0,Not Identified,,1000_9999,0,zero,,,0,,not_applicable,knn,
PRAR20250417105,1 to 2 Family,Mechanical,Alteration/Remodel,15464,0,0,Not Identified,,10000_99999,0,zero,,,0,,not_applicable,knn,
PRAR20250417107,Commercial,Mechanical,Alteration/Remodel,7210,0,0,Not Identified,,1000_9999,0,zero,,,0,,not_applicable,knn,
PRAR20250417114,Commercial,Mechanical,Alteration/Remodel,8900,0,0,Not Identified,,1000_9999,0,zero,,,0,,not_applicable,knn,
PRAR20250417128,1 to 2 Family,Mechanical,Alteration/Remodel,11767.65,0,1,Res.1&2 or Guest House,Res.1&2 or Guest House,10000_99999,1,zero,Res.1&2 or Guest House,Res.1&2 or Guest House,0,,not_applicable,knn,
PRAR20250417131,1 to 2 Family,Mechanical,Alteration/Remodel,14900,0,0,Not Identified,,10000_99999,0,zero,,,0,,not_applicable,knn,
PRAR20250417132,1 to 2 Family,Mechanical,Alteration/Remodel,10000,0,0,Not Identified,,10000_99999,0,zero,,,0,,not_applicable,knn,
PRAR20250417145,1 to 2 Family,Mechanical,Alteration/Remodel,10179,0,0,Not Identified,,10000_99999,0,zero,,,0,,not_applicable,knn,
PRAR20250417151,Commercial,Mechanical,Alteration/Remodel,7945,0,0,Not Identified,,1000_9999,0,zero,,,0,,not_applicable,knn,
PRAR20250417157,Commercial,Mechanical,Alteration/Remodel,7690.35,0,1,Commercial,Commercial,1000_9999,1,zero,Commercial,Commercial,0,,not_applicable,knn,
PRAR20250417164,Commercial,Mechanical,Alteration/Remodel,10000,0,1,Commercial,Commercial,10000_99999,1,zero,Commercial,Commercial,0,,not_applicable,knn,
PRAR20250417185,1 to 2 Family,Mechanical,Alteration/Remodel,3395,0,0,Not Identified,,1000_9999,0,zero,,,0,,not_applicable,knn,
PRAR20250417198,1 to 2 Family,Mechanical,Alteration/Remodel,14325,0,1,Res.1&2 or Guest House,Res.1&2 or Guest House,10000_99999,1,zero,Res.1&2 or Guest House,Res.1&2 or Guest House,0,,not_applicable,knn,
PRAR20250417202,Commercial,Mechanical,Alteration/Remodel,7683.05,0,1,Residential-Multi-Family,Residential-Multi-Family,1000_9999,1,zero,Residential-Multi-Family,Residential-Multi-Family,0,,not_applicable,knn,
PRAR20250417207,Commercial,Mechanical,Alteration/Remodel,14000,0,1,Residential-Multi-Family,Residential-Multi-Family,10000_99999,1,zero,Residential-Multi-Family,Residential-Multi-Family,0,,not_applicable,knn,
PRAR20250417211,1 to 2 Family,Mechanical,Alteration/Remodel,22778,0,0,Not Identified,,10000_99999,0,zero,,,0,,not_applicable,knn,
PRAR20250417213,Commercial,Mechanical,Alteration/Remodel,8266.24,0,1,Residential-Multi-Family,Residential-Multi-Family,1000_9999,1,zero,Residential-Multi-Family,Residential-Multi-Family,0,,not_applicable,knn,
PRAR20250417219,1 to 2 Family,Mechanical,Alteration/Remodel,15545,0,0,Not Identified,,10000_99999,0,zero,,,0,,not_applicable,knn,
PRAR20250417231,1 to 2 Family,Mechanical,Alteration/Remodel,8850,0,0,Not Identified,,1000_9999,0,zero,,,0,,not_applicable,knn,
PRAR20250417232,1 to 2 Family,Mechanical,Alteration/Remodel,10179,0,0,Not Identified,,10000_99999,0,zero,,,0,,not_applicable,knn,
PRAR20250417237,1 to 2 Family,Mechanical,Alteration/Remodel,8841,0,0,Not Identified,,1000_9999,0,zero,,,0,,not_applicable,knn,
PRAR20250417247,Commercial,Mechanical,Alteration/Remodel,5800,0,0,Not Identified,,1000_9999,0,zero,,,0,,not_applicable,knn,
PRAR20250417251,1 to 2 Family,Mechanical,Alteration/Remodel,7600,0,0,Not Identified,,1000_9999,0,zero,,,0,,not_applicable,knn,
PRAR20250417260,1 to 2 Family,Mechanical,Alteration/Remodel,6900,0,0,Not Identified,,1000_9999,0,zero,,,0,,not_applicable,knn,
PRAR20250417262,Commercial,Mechanical,Alteration/Remodel,12776,0,1,Residential-Multi-Family,Residential-Multi-Family,10000_99999,1,zero,Residential-Multi-Family,Residential-Multi-Family,0,,not_applicable,knn,
PRAR20250417265,1 to 2 Family,Mechanical,Alteration/Remodel,9932,0,0,Not Identified,,1000_9999,0,zero,,,0,,not_applicable,knn,
PRAR20250417268,1 to 2 Family,Mechanical,Alteration/Remodel,9995,0,0,Not Identified,,1000_9999,0,zero,,,0,,not_applicable,knn,
PRAR20250417284,1 to 2 Family,Mechanical,Alteration/Remodel,10418.64,0,1,Res.1&2 or Guest House,Res.1&2 or Guest House,10000_99999,1,zero,Res.1&2 or Guest House,Res.1&2 or Guest House,0,,not_applicable,knn,
PRAR20250417298,1 to 2 Family,Mechanical,Alteration/Remodel,8525,0,0,Not Identified,,1000_9999,0,zero,,,0,,not_applicable,knn,
PRAR20250417317,Commercial,Mechanical,Alteration/Remodel,7574,0,0,Not Identified,,1000_9999,0,zero,,,0,,not_applicable,knn,
PRAR20250417359,Commercial,Mechanical,Alteration/Remodel,8000,0,1,Residential-Multi-Family,Residential-Multi-Family,1000_9999,1,zero,Residential-Multi-Family,Residential-Multi-Family,0,,not_applicable,knn,
PRAR20250417385,Commercial,Mechanical,Alteration/Remodel,7575,0,0,Not Identified,,1000_9999,0,zero,,,0,,not_applicable,knn,
PRAR20250417394,1 to 2 Family,Mechanical,Alteration/Remodel,7000,0,0,Not Identified,,1000_9999,0,zero,,,0,,not_applicable,knn,
PRAR20250417404,1 to 2 Family,Mechanical,Alteration/Remodel,8000,0,0,Not Identified,,1000_9999,0,zero,,,0,,not_applicable,knn,
PRAR20250417425,1 to 2 Family,Mechanical,Alteration/Remodel,9835,0,0,Not Identified,,1000_9999,0,zero,,,0,,not_applicable,knn,
PRAR20250417428,1 to 2 Family,Mechanical,Alteration/Remodel,7800,0,0,Not Identified,,1000_9999,0,zero,,,0,,not_applicable,knn,
PRAR20250417436,1 to 2 Family,Mechanical,Alteration/Remodel,9360,0,0,Not Identified,,1000_9999,0,zero,,,0,,not_applicable,knn,
PRAR20250417472,Commercial,Mechanical,Alteration/Remodel,8041,0,0,Not Identified,,1000_9999,0,zero,,,0,,not_applicable,knn,
PRAR20250417473,1 to 2 Family,Mechanical,Alteration/Remodel,7897,0,0,Not Identified,,1000_9999,0,zero,,,0,,not_applicable,knn,
PRAR20250417476,1 to 2 Family,Mechanical,Alteration/Remodel,7980,0,0,Not Identified,,1000_9999,0,zero,,,0,,not_applicable,knn,
PRAR20250417510,Commercial,Mechanical,Alteration/Remodel,12671,0,0,Not Identified,,10000_99999,0,zero,,,0,,not_applicable,knn,
PRAR20250417518,Commercial,Mechanical,Alteration/Remodel,9267.11,0,1,Residential-Multi-Family,Residential-Multi-Family,1000_9999,1,zero,Residential-Multi-Family,Residential-Multi-Family,0,,not_applicable,knn,
PRAR20250417521,Commercial,Mechanical,Alteration/Remodel,5311,0,0,Not Identified,,1000_9999,0,zero,,,0,,not_applicable,knn,
PRAR20250417533,1 to 2 Family,Mechanical,Alteration/Remodel,14900,0,0,Not Identified,,10000_99999,0,zero,,,0,,not_applicable,knn,
PRAR20250417534,Commercial,Mechanical,Alteration/Remodel,13791.12,0,1,Residential-Multi-Family,Residential-Multi-Family,10000_99999,1,zero,Residential-Multi-Family,Residential-Multi-Family,0,,not_applicable,knn,
PRAR20250417538,Commercial,Mechanical,Alteration/Remodel,7263,0,0,Not Identified,,1000_9999,0,zero,,,0,,not_applicable,knn,
PRAR20250417553,1 to 2 Family,Mechanical,Alteration/Remodel,7315,0,0,Not Identified,,1000_9999,0,zero,,,0,,not_applicable,knn,
PRAR20250417570,1 to 2 Family,Mechanical,Alteration/Remodel,8688.4,0,1,Res.1&2 or Guest House,Res.1&2 or Guest House,1000_9999,1,zero,Res.1&2 or Guest House,Res.1&2 or Guest House,0,,not_applicable,knn,
PRAR20250417584,Commercial,Mechanical,Alteration/Remodel,8493,0,0,Not Identified,,1000_9999,0,zero,,,0,,not_applicable,knn,
PRAR20250417588,1 to 2 Family,Mechanical,Alteration/Remodel,14950,0,0,Not Identified,,10000_99999,0,zero,,,0,,not_applicable,knn,
PRAR20250417590,Commercial,Mechanical,Alteration/Remodel,14217,0,0,Not Identified,,10000_99999,0,zero,,,0,,not_applicable,knn,
PRAR20250417594,Commercial,Mechanical,Alteration/Remodel,8100,0,0,Not Identified,,1000_9999,0,zero,,,0,,not_applicable,knn,
PRAR20250417612,Commercial,Mechanical,Alteration/Remodel,10383,0,1,Commercial,Commercial,10000_99999,1,zero,Commercial,Commercial,0,,not_applicable,knn,
PRAR20250417614,1 to 2 Family,Mechanical,Alteration/Remodel,9950,0,0,Not Identified,,1000_9999,0,zero,,,0,,not_applicable,knn,
PRAR20250417621,Commercial,Mechanical,Alteration/Remodel,4900,0,0,Not Identified,,1000_9999,0,zero,,,0,,not_applicable,knn,
PRAR20250417635,Commercial,Mechanical,Alteration/Remodel,7100,0,0,Not Identified,,1000_9999,0,zero,,,0,,not_applicable,knn,
PRAR20250417639,Commercial,Mechanical,Alteration/Remodel,8017,0,0,Not Identified,,1000_9999,0,zero,,,0,,not_applicable,knn,
PRAR20250417648,1 to 2 Family,Mechanical,Alteration/Remodel,13000,0,0,Not Identified,,10000_99999,0,zero,,,0,,not_applicable,knn,
PRAR20250417653,1 to 2 Family,Mechanical,Alteration/Remodel,9750,0,0,Not Identified,,1000_9999,0,zero,,,0,,not_applicable,knn,
PRAR20250417656,1 to 2 Family,Mechanical,Alteration/Remodel,9976,0,0,Not Identified,,1000_9999,0,zero,,,0,,not_applicable,knn,
PRAR20250417659,1 to 2 Family,Mechanical,Alteration/Remodel,9460,0,0,Not Identified,,1000_9999,0,zero,,,0,,not_applicable,knn,
PRAR20250417666,Commercial,Mechanical,Alteration/Remodel,6500,0,0,Not Identified,,1000_9999,0,zero,,,0,,not_applicable,knn,
PRAR20250417698,1 to 2 Family,Mechanical,Alteration/Remodel,17980,0,0,Not Identified,,10000_99999,0,zero,,,0,,not_applicable,knn,
PRAR20250417701,1 to 2 Family,Mechanical,Alteration/Remodel,8000,0,0,Not Identified,,1000_9999,0,zero,,,0,,not_applicable,knn,
PRAR20250417703,1 to 2 Family,Mechanical,Alteration/Remodel,9000,0,0,Not Identified,,1000_9999,0,zero,,,0,,not_applicable,knn,
PRAR20250417705,Commercial,Mechanical,Alteration/Remodel,7968,0,0,Not Identified,,1000_9999,0,zero,,,0,,not_applicable,knn,
PRAR20250417706,1 to 2 Family,Mechanical,Alteration/Remodel,12321.98,0,0,Not Identified,,10000_99999,0,zero,,,0,,not_applicable,knn,
PRAR20250417710,Commercial,Mechanical,Alteration/Remodel,7968,0,1,Residential-Multi-Family,Residential-Multi-Family,1000_9999,1,zero,Residential-Multi-Family,Residential-Multi-Family,0,,not_applicable,knn,
PRAR20250417716,1 to 2 Family,Mechanical,Alteration/Remodel,7200,0,0,Not Identified,,1000_9999,0,zero,,,0,,not_applicable,knn,
PRAR20250417717,Commercial,Mechanical,Alteration/Remodel,10629.26,0,1,Residential-Multi-Family,Residential-Multi-Family,10000_99999,1,zero,Residential-Multi-Family,,1,Residential-Multi-Family,knn,knn,0.8
PRAR20250417721,Commercial,Mechanical,Alteration/Remodel,7974,0,0,Not Identified,,1000_9999,0,zero,,,0,,not_applicable,knn,
PRAR20250417722,1 to 2 Family,Mechanical,Alteration/Remodel,7100,0,0,Not Identified,,1000_9999,0,zero,,,0,,not_applicable,knn,
PRAR20250417726,Commercial,Mechanical,Alteration/Remodel,14881,0,0,Not Identified,,10000_99999,0,zero,,,0,,not_applicable,knn,
PRAR20250417727,1 to 2 Family,Mechanical,Alteration/Remodel,10050,0,0,Not Identified,,10000_99999,0,zero,,,0,,not_applicable,knn,
PRAR20250417729,Commercial,Mechanical,Alteration/Remodel,7000,0,0,Not Identified,,1000_9999,0,zero,,,0,,not_applicable,knn,
PRAR20250417732,Commercial,Mechanical,Alteration/Remodel,11842.18,0,1,Residential-Multi-Family,Residential-Multi-Family,10000_99999,1,zero,Residential-Multi-Family,Residential-Multi-Family,0,,not_applicable,knn,
PRAR20250417733,Commercial,Mechanical,Alteration/Remodel,8881,0,0,Not Identified,,1000_9999,0,zero,,,0,,not_applicable,knn,
PRAR20250417734,Commercial,Mechanical,Alteration/Remodel,7600,0,0,Not Identified,,1000_9999,0,zero,,,0,,not_applicable,knn,
PRAR20250417735,1 to 2 Family,Mechanical,Alteration/Remodel,10000,0,0,Not Identified,,10000_99999,0,zero,,,0,,not_applicable,knn,
PRAR20250417736,Commercial,Mechanical,Alteration/Remodel,8202,0,0,Not Identified,,1000_9999,0,zero,,,0,,not_applicable,knn,
PRAR20250417739,1 to 2 Family,Mechanical,Alteration/Remodel,5021.5,0,0,Not Identified,,1000_9999,0,zero,,,0,,not_applicable,knn,
PRAR20250417740,Commercial,Mechanical,Alteration/Remodel,8200,0,0,Not Identified,,1000_9999,0,zero,,,0,,not_applicable,knn,
PRAR20250417741,Commercial,Mechanical,Alteration/Remodel,11813,0,0,Not Identified,,10000_99999,0,zero,,,0,,not_applicable,knn,
PRAR20250417745,1 to 2 Family,Mechanical,Alteration/Remodel,13000,0,0,Not Identified,,10000_99999,0,zero,,,0,,not_applicable,knn,
PRAR20250417760,1 to 2 Family,Mechanical,Alteration/Remodel,16350.21,0,0,Not Identified,,10000_99999,0,zero,,,0,,not_applicable,knn,
PRAR20250417772,Commercial,Mechanical,Alteration/Remodel,9307,0,0,Not Identified,,1000_9999,0,zero,,,0,,not_applicable,knn,
PRAR20250417777,Commercial,Mechanical,Alteration/Remodel,13128,0,0,Not Identified,,10000_99999,0,zero,,,0,,not_applicable,knn,
PRAR20250417779,1 to 2 Family,Mechanical,Alteration/Remodel,7000,0,0,Not Identified,,1000_9999,0,zero,,,0,,not_applicable,knn,
PRAR20250417787,1 to 2 Family,Mechanical,Alteration/Remodel,13746.6,0,0,Not Identified,,10000_99999,0,zero,,,0,,not_applicable,knn,
PRAR20250417801,1 to 2 Family,Mechanical,Alteration/Remodel,14075,0,0,Not Identified,,10000_99999,0,zero,,,0,,not_applicable,knn,
PRAR20250417809,1 to 2 Family,Mechanical,Alteration/Remodel,8300,0,0,Not Identified,,1000_9999,0,zero,,,0,,not_applicable,knn,
PRAR20250417811,1 to 2 Family,Mechanical,Alteration/Remodel,9952.7999999999993,0,0,Not Identified,,1000_9999,0,zero,,,0,,not_applicable,knn,
PRAR20250417812,1 to 2 Family,Mechanical,Alteration/Remodel,13000,0,0,Not Identified,,10000_99999,0,zero,,,0,,not_applicable,knn,
PRAR20250417814,1 to 2 Family,Mechanical,Alteration/Remodel,11000,0,0,Not Identified,,10000_99999,0,zero,,,0,,not_applicable,knn,
PRAR20250417815,Commercial,Mechanical,Alteration/Remodel,8990,0,0,Not Identified,,1000_9999,0,zero,,,0,,not_applicable,knn,
PRAR20250417816,1 to 2 Family,Mechanical,Alteration/Remodel,18572,0,0,Not Identified,,10000_99999,0,zero,,,0,,not_applicable,knn,
PRAR20250417832,Commercial,Mechanical,Alteration/Remodel,7651,0,0,Not Identified,,1000_9999,0,zero,,,0,,not_applicable,knn,
PRAR20250417850,Commercial,Mechanical,Alteration/Remodel,8944.7999999999993,0,1,Residential-Multi-Family,Residential-Multi-Family,1000_9999,1,zero,Residential-Multi-Family,,1,Commercial,knn,knn,0.6
PRAR20250417855,Commercial,Mechanical,Alteration/Remodel,10092.11,0,1,Residential-Multi-Family,Residential-Multi-Family,10000_99999,1,zero,Residential-Multi-Family,Residential-Multi-Family,0,,not_applicable,knn,
PRAR20250417866,1 to 2 Family,Mechanical,Alteration/Remodel,8400,0,0,Not Identified,,1000_9999,0,zero,,,0,,not_applicable,knn,
PRAR20250417868,1 to 2 Family,Mechanical,Alteration/Remodel,10414,0,0,Not Identified,,10000_99999,0,zero,,,0,,not_applicable,knn,
PRAR20250417878,Commercial,Mechanical,Alteration/Remodel,13642,0,0,Not Identified,,10000_99999,0,zero,,,0,,not_applicable,knn,
PRAR20250417879,1 to 2 Family,Mechanical,Alteration/Remodel,4219,0,0,Not Identified,,1000_9999,0,zero,,,0,,not_applicable,knn,
PRAR20250417888,1 to 2 Family,Mechanical,Alteration/Remodel,7600,0,0,Not Identified,,1000_9999,0,zero,,,0,,not_applicable,knn,
PRAR20250417920,1 to 2 Family,Mechanical,Alteration/Remodel,10300,0,0,Not Identified,,10000_99999,0,zero,,,0,,not_applicable,knn,
PRAR20250417925,1 to 2 Family,Mechanical,Alteration/Remodel,11839,0,0,Not Identified,,10000_99999,0,zero,,,0,,not_applicable,knn,
PRAR20250417942,Commercial,Mechanical,Alteration/Remodel,6277,0,0,Not Identified,,1000_9999,0,zero,,,0,,not_applicable,knn,
PRAR20250418003,1 to 2 Family,Mechanical,Alteration/Remodel,14548,0,0,Not Identified,,10000_99999,0,zero,,,0,,not_applicable,knn,
PRAR20250418006,Commercial,Mechanical,Alteration/Remodel,8476,0,0,Not Identified,,1000_9999,0,zero,,,0,,not_applicable,knn,
PRAR20250418007,1 to 2 Family,Mechanical,Alteration/Remodel,8598.1200000000008,0,0,Not Identified,,1000_9999,0,zero,,,0,,not_applicable,knn,
PRAR20250418023,1 to 2 Family,Mechanical,Alteration/Remodel,7400,0,0,Not Identified,,1000_9999,0,zero,,,0,,not_applicable,knn,
PRAR20250418040,1 to 2 Family,Mechanical,Alteration/Remodel,9200,0,0,Not Identified,,1000_9999,0,zero,,,0,,not_applicable,knn,
PRAR20250418047,1 to 2 Family,Mechanical,Alteration/Remodel,7400,0,0,Not Identified,,1000_9999,0,zero,,,0,,not_applicable,knn,
PRAR20250418070,Commercial,Mechanical,Alteration/Remodel,9574,0,0,Not Identified,,1000_9999,0,zero,,,0,,not_applicable,knn,
PRAR20250418133,1 to 2 Family,Mechanical,Alteration/Remodel,11476,0,0,Not Identified,,10000_99999,0,zero,,,0,,not_applicable,knn,
PRAR20250418167,Commercial,Mechanical,Alteration/Remodel,12391.23,0,0,Residential-Multi-Family,Residential-Multi-Family,10000_99999,0,zero,Residential-Multi-Family,,1,Commercial,knn,knn,0.6
PRAR20250418168,Commercial,Mechanical,Alteration/Remodel,6600,0,0,Not Identified,,1000_9999,0,zero,,,0,,not_applicable,knn,
PRAR20250418175,1 to 2 Family,Mechanical,Alteration/Remodel,16178,0,0,Not Identified,,10000_99999,0,zero,,,0,,not_applicable,knn,
PRAR20250418187,1 to 2 Family,Mechanical,Alteration/Remodel,11691,0,0,Not Identified,,10000_99999,0,zero,,,0,,not_applicable,knn,
PRAR20250418204,1 to 2 Family,Mechanical,Alteration/Remodel,16900,0,0,Not Identified,,10000_99999,0,zero,,,0,,not_applicable,knn,
PRAR20250418205,1 to 2 Family,Mechanical,Alteration/Remodel,8950,0,0,Not Identified,,1000_9999,0,zero,,,0,,not_applicable,knn,
PRAR20250418216,1 to 2 Family,Mechanical,Alteration/Remodel,15914,0,0,Not Identified,,10000_99999,0,zero,,,0,,not_applicable,knn,
PRAR20250418246,1 to 2 Family,Mechanical,Alteration/Remodel,14047,0,0,Not Identified,,10000_99999,0,zero,,,0,,not_applicable,knn,
PRAR20250418257,Commercial,Mechanical,Alteration/Remodel,7650,0,0,Not Identified,,1000_9999,0,zero,,,0,,not_applicable,knn,
PRAR20250418286,1 to 2 Family,Mechanical,Alteration/Remodel,9925,0,0,Not Identified,,1000_9999,0,zero,,,0,,not_applicable,knn,
PRAR20250418310,1 to 2 Family,Mechanical,Alteration/Remodel,9200,0,0,Not Identified,,1000_9999,0,zero,,,0,,not_applicable,knn,
PRAR20250418321,1 to 2 Family,Mechanical,Alteration/Remodel,2000,0,0,Not Identified,,1000_9999,0,zero,,,0,,not_applicable,knn,
PRAR20250418322,1 to 2 Family,Mechanical,Alteration/Remodel,9623,0,0,Not Identified,,1000_9999,0,zero,,,0,,not_applicable,knn,
PRAR20250418335,1 to 2 Family,Mechanical,Alteration/Remodel,13000,0,0,Not Identified,,10000_99999,0,zero,,,0,,not_applicable,knn,
PRAR20250418353,Commercial,Mechanical,Alteration/Remodel,4437,0,0,Not Identified,,1000_9999,0,zero,,,0,,not_applicable,knn,
PRAR20250418354,Commercial,Mechanical,Alteration/Remodel,4247,0,0,Not Identified,,1000_9999,0,zero,,,0,,not_applicable,knn,
PRAR20250418365,1 to 2 Family,Mechanical,Alteration/Remodel,11400,0,0,Not Identified,,10000_99999,0,zero,,,0,,not_applicable,knn,
PRAR20250418367,1 to 2 Family,Mechanical,Alteration/Remodel,9500,0,0,Not Identified,,1000_9999,0,zero,,,0,,not_applicable,knn,
PRAR20250418368,1 to 2 Family,Mechanical,Alteration/Remodel,4200,0,0,Not Identified,,1000_9999,0,zero,,,0,,not_applicable,knn,
PRAR20250418395,1 to 2 Family,Mechanical,Alteration/Remodel,8000,0,0,Not Identified,,1000_9999,0,zero,,,0,,not_applicable,knn,
PRAR20250418398,1 to 2 Family,Mechanical,Alteration/Remodel,7131,0,0,Not Identified,,1000_9999,0,zero,,,0,,not_applicable,knn,
PRAR20250418410,1 to 2 Family,Mechanical,Alteration/Remodel,9800,0,0,Not Identified,,1000_9999,0,zero,,,0,,not_applicable,knn,
PRAR20250418416,Commercial,Mechanical,Alteration/Remodel,6925,0,0,Not Identified,,1000_9999,0,zero,,,0,,not_applicable,knn,
PRAR20250418421,Commercial,Mechanical,Alteration/Remodel,7110,0,0,Not Identified,,1000_9999,0,zero,,,0,,not_applicable,knn,
PRAR20250418425,1 to 2 Family,Mechanical,Alteration/Remodel,10926,0,0,Not Identified,,10000_99999,0,zero,,,0,,not_applicable,knn,
PRAR20250418429,1 to 2 Family,Mechanical,Alteration/Remodel,11992,0,0,Not Identified,,10000_99999,0,zero,,,0,,not_applicable,knn,
PRAR20250418435,1 to 2 Family,Mechanical,Alteration/Remodel,7569,0,0,Not Identified,,1000_9999,0,zero,,,0,,not_applicable,knn,
PRAR20250418440,1 to 2 Family,Mechanical,Alteration/Remodel,13736,0,0,Not Identified,,10000_99999,0,zero,,,0,,not_applicable,knn,
PRAR20250418450,Commercial,Mechanical,Alteration/Remodel,14636,0,0,Not Identified,,10000_99999,0,zero,,,0,,not_applicable,knn,
PRAR20250418454,Commercial,Mechanical,Alteration/Remodel,5177,0,0,Not Identified,,1000_9999,0,zero,,,0,,not_applicable,knn,
PRAR20250418461,1 to 2 Family,Mechanical,Alteration/Remodel,8310,0,0,Not Identified,,1000_9999,0,zero,,,0,,not_applicable,knn,
PRAR20250418462,1 to 2 Family,Mechanical,Alteration/Remodel,8315,0,0,Not Identified,,1000_9999,0,zero,,,0,,not_applicable,knn,
PRAR20250418463,1 to 2 Family,Mechanical,Alteration/Remodel,7400,0,0,Not Identified,,1000_9999,0,zero,,,0,,not_applicable,knn,
PRAR20250418465,Commercial,Mechanical,Alteration/Remodel,10417,0,0,Not Identified,,10000_99999,0,zero,,,0,,not_applicable,knn,
PRAR20250418469,1 to 2 Family,Mechanical,Alteration/Remodel,5160,0,0,Not Identified,,1000_9999,0,zero,,,0,,not_applicable,knn,
PRAR20250418476,1 to 2 Family,Mechanical,Alteration/Remodel,41200,0,0,Not Identified,,10000_99999,0,zero,,,0,,not_applicable,knn,
PRAR20250418487,1 to 2 Family,Mechanical,Alteration/Remodel,13621,0,0,Not Identified,,10000_99999,0,zero,,,0,,not_applicable,knn,
PRAR20250418490,1 to 2 Family,Mechanical,Alteration/Remodel,12847,0,0,Not Identified,,10000_99999,0,zero,,,0,,not_applicable,knn,
PRAR20250418497,1 to 2 Family,Mechanical,Alteration/Remodel,7000,0,0,Not Identified,,1000_9999,0,zero,,,0,,not_applicable,knn,
PRAR20250418499,Commercial,Mechanical,Alteration/Remodel,9767,0,0,Not Identified,,1000_9999,0,zero,,,0,,not_applicable,knn,
PRAR20250418503,Commercial,Mechanical,Alteration/Remodel,8880,0,0,Not Identified,,1000_9999,0,zero,,,0,,not_applicable,knn,
PRAR20250418525,1 to 2 Family,Mechanical,Alteration/Remodel,9995,0,0,Not Identified,,1000_9999,0,zero,,,0,,not_applicable,knn,
PRAR20250418526,Commercial,Mechanical,Alteration/Remodel,11500,0,0,Not Identified,,10000_99999,0,zero,,,0,,not_applicable,knn,
PRAR20250418532,Commercial,Mechanical,Alteration/Remodel,4405,0,0,Not Identified,,1000_9999,0,zero,,,0,,not_applicable,knn,
PRAR20250418533,1 to 2 Family,Mechanical,Alteration/Remodel,9995,0,0,Not Identified,,1000_9999,0,zero,,,0,,not_applicable,knn,
PRAR20250418538,1 to 2 Family,Mechanical,Alteration/Remodel,6800,0,0,Not Identified,,1000_9999,0,zero,,,0,,not_applicable,knn,
PRAR20250418552,1 to 2 Family,Mechanical,Alteration/Remodel,8780,0,0,Not Identified,,1000_9999,0,zero,,,0,,not_applicable,knn,
PRAR20250418554,1 to 2 Family,Mechanical,Alteration/Remodel,6800,0,0,Not Identified,,1000_9999,0,zero,,,0,,not_applicable,knn,
PRAR20250418560,Commercial,Mechanical,Alteration/Remodel,8908,0,0,Not Identified,,1000_9999,0,zero,,,0,,not_applicable,knn,
PRAR20250418562,1 to 2 Family,Mechanical,Alteration/Remodel,8550,0,0,Not Identified,,1000_9999,0,zero,,,0,,not_applicable,knn,
PRAR20250418565,1 to 2 Family,Mechanical,Alteration/Remodel,5400,0,0,Not Identified,,1000_9999,0,zero,,,0,,not_applicable,knn,
PRAR20250418567,1 to 2 Family,Mechanical,Alteration/Remodel,8929,0,0,Not Identified,,1000_9999,0,zero,,,0,,not_applicable,knn,
PRAR20250418570,1 to 2 Family,Mechanical,Alteration/Remodel,8593.6,0,0,Not Identified,,1000_9999,0,zero,,,0,,not_applicable,knn,
PRAR20250418571,1 to 2 Family,Mechanical,Alteration/Remodel,8840,0,0,Not Identified,,1000_9999,0,zero,,,0,,not_applicable,knn,
PRAR20250418579,1 to 2 Family,Mechanical,Alteration/Remodel,27098,0,0,Not Identified,,10000_99999,0,zero,,,0,,not_applicable,knn,
PRAR20250418583,1 to 2 Family,Mechanical,Alteration/Remodel,7619,0,0,Not Identified,,1000_9999,0,zero,,,0,,not_applicable,knn,
PRAR20250418609,1 to 2 Family,Mechanical,Alteration/Remodel,8100,0,0,Not Identified,,1000_9999,0,zero,,,0,,not_applicable,knn,
PRAR20250418610,Commercial,Mechanical,Alteration/Remodel,7000,0,0,Residential-Multi-Family,Residential-Multi-Family,1000_9999,0,zero,Residential-Multi-Family,Residential-Multi-Family,0,,not_applicable,knn,
PRAR20250418613,Commercial,Mechanical,Alteration/Remodel,6675,0,0,Not Identified,,1000_9999,0,zero,,,0,,not_applicable,knn,
PRAR20250418614,Commercial,Mechanical,Alteration/Remodel,7000,0,0,Not Identified,,1000_9999,0,zero,,,0,,not_applicable,knn,
PRAR20250418616,1 to 2 Family,Mechanical,Alteration/Remodel,7200,0,0,Not Identified,,1000_9999,0,zero,,,0,,not_applicable,knn,
PRAR20250418618,1 to 2 Family,Mechanical,Alteration/Remodel,7400,0,0,Not Identified,,1000_9999,0,zero,,,0,,not_applicable,knn,
PRAR20250418621,1 to 2 Family,Mechanical,Alteration/Remodel,7000,0,0,Not Identified,,1000_9999,0,zero,,,0,,not_applicable,knn,
PRAR20250418637,Commercial,Mechanical,Alteration/Remodel,7350,0,0,Not Identified,,1000_9999,0,zero,,,0,,not_applicable,knn,
PRAR20250418640,1 to 2 Family,Mechanical,Alteration/Remodel,6900,0,0,Not Identified,,1000_9999,0,zero,,,0,,not_applicable,knn,
PRAR20250418645,1 to 2 Family,Mechanical,Alteration/Remodel,14312,0,0,Not Identified,,10000_99999,0,zero,,,0,,not_applicable,knn,
PRAR20250418648,Commercial,Mechanical,Alteration/Remodel,6715,0,0,Not Identified,,1000_9999,0,zero,,,0,,not_applicable,knn,
PRAR20250418669,1 to 2 Family,Mechanical,Alteration/Remodel,10652.8,0,0,Not Identified,,10000_99999,0,zero,,,0,,not_applicable,knn,
PRAR20250418714,Commercial,Mechanical,Alteration/Remodel,8716,0,0,Not Identified,,1000_9999,0,zero,,,0,,not_applicable,knn,
PRAR20250418723,1 to 2 Family,Mechanical,Alteration/Remodel,7860,0,0,Not Identified,,1000_9999,0,zero,,,0,,not_applicable,knn,
PRAR20250418727,1 to 2 Family,Mechanical,Alteration/Remodel,500,0,0,Not Identified,,2_999,0,zero,,,0,,not_applicable,knn,
PRAR20250418729,1 to 2 Family,Mechanical,Alteration/Remodel,11579,0,0,Not Identified,,10000_99999,0,zero,,,0,,not_applicable,knn,
PRAR20250418734,Commercial,Mechanical,Alteration/Remodel,10396,0,0,Not Identified,,10000_99999,0,zero,,,0,,not_applicable,knn,
PRAR20250418745,1 to 2 Family,Mechanical,Alteration/Remodel,4546,0,0,Not Identified,,1000_9999,0,zero,,,0,,not_applicable,knn,
PRAR20250418754,Commercial,Mechanical,Alteration/Remodel,9215,0,0,Not Identified,,1000_9999,0,zero,,,0,,not_applicable,knn,
PRAR20250418771,1 to 2 Family,Mechanical,Alteration/Remodel,10827,0,0,Not Identified,,10000_99999,0,zero,,,0,,not_applicable,knn,
PRAR20250418774,1 to 2 Family,Mechanical,Alteration/Remodel,7499.5,0,0,Not Identified,,1000_9999,0,zero,,,0,,not_applicable,knn,
PRAR20250418775,Commercial,Mechanical,Alteration/Remodel,9197,0,0,Not Identified,,1000_9999,0,zero,,,0,,not_applicable,knn,
PRAR20250418776,1 to 2 Family,Mechanical,Alteration/Remodel,13657,0,0,Not Identified,,10000_99999,0,zero,,,0,,not_applicable,knn,
PRAR20250418778,Commercial,Mechanical,Alteration/Remodel,8297,0,0,Not Identified,,1000_9999,0,zero,,,0,,not_applicable,knn,
PRAR20250418790,1 to 2 Family,Mechanical,Alteration/Remodel,9666,0,0,Not Identified,,1000_9999,0,zero,,,0,,not_applicable,knn,
PRAR20250418792,1 to 2 Family,Mechanical,Alteration/Remodel,7100,0,0,Not Identified,,1000_9999,0,zero,,,0,,not_applicable,knn,
PRAS20230833934,1 to 2 Family,Revision - Building,New Construction,0,0,1,Res.1&2 or Guest House,Res.1&2 or Guest House,le_1,1,zero,Res.1&2 or Guest House,Res.1&2 or Guest House,0,,not_applicable,knn,
PRAS20240834107,1 to 2 Family,Aluminum Structure,New Construction,6500,0,1,Res.1&2 or Guest House,Res.1&2 or Guest House,1000_9999,1,zero,Res.1&2 or Guest House,Res.1&2 or Guest House,0,,not_applicable,knn,
PRAS20240835758,1 to 2 Family,Revision - Building,Addition,1,0,1,Res.1&2 or Guest House,Res.1&2 or Guest House,le_1,1,zero,Res.1&2 or Guest House,Res.1&2 or Guest House,0,,not_applicable,knn,
PRAS20241043362,1 to 2 Family,Revision - Building,Alteration/Remodel,1,0,1,Res.1&2 or Guest House,Res.1&2 or Guest House,le_1,1,zero,Res.1&2 or Guest House,Res.1&2 or Guest House,0,,not_applicable,knn,
PRAS20241043561,1 to 2 Family,Aluminum Structure,New Construction,20000,0,1,Res.1&2 or Guest House,Res.1&2 or Guest House,10000_99999,1,zero,Res.1&2 or Guest House,Res.1&2 or Guest House,0,,not_applicable,knn,
PRAS20241144337,1 to 2 Family,Revision - Building,Addition,1,0,0,Res.1&2 or Guest House,Res.1&2 or Guest House,le_1,0,zero,Res.1&2 or Guest House,Res.1&2 or Guest House,0,,not_applicable,knn,
PRAS20241144413,1 to 2 Family,Aluminum Structure,Addition,30000,0,1,Res.1&2 or Guest House,Res.1&2 or Guest House,10000_99999,1,zero,Res.1&2 or Guest House,Res.1&2 or Guest House,0,,not_applicable,knn,
PRAS20241144687,1 to 2 Family,Aluminum Structure,New Construction,15000,0,1,Res.1&2 or Guest House,Res.1&2 or Guest House,10000_99999,1,zero,Res.1&2 or Guest House,Res.1&2 or Guest House,0,,not_applicable,knn,
PRAS20241144688,1 to 2 Family,Aluminum Structure,New Construction,15000,0,1,Res.1&2 or Guest House,Res.1&2 or Guest House,10000_99999,1,zero,Res.1&2 or Guest House,Res.1&2 or Guest House,0,,not_applicable,knn,
PRAS20241146123,1 to 2 Family,Aluminum Structure,Addition,25000,0,1,Res.1&2 or Guest House,Res.1&2 or Guest House,10000_99999,1,zero,Res.1&2 or Guest House,Res.1&2 or Guest House,0,,not_applicable,knn,
PRAS20241250365,1 to 2 Family,Revision - Building,New Construction,1,0,1,Res.1&2 or Guest House,Res.1&2 or Guest House,le_1,1,zero,Res.1&2 or Guest House,Res.1&2 or Guest House,0,,not_applicable,knn,
PRAS20241251592,1 to 2 Family,Aluminum Structure,Addition,15000,0,1,Res.1&2 or Guest House,Res.1&2 or Guest House,10000_99999,1,zero,Res.1&2 or Guest House,Res.1&2 or Guest House,0,,not_applicable,knn,
PRAS20250100345,1 to 2 Family,Aluminum Structure,New Construction,25000,0,1,Res.1&2 or Guest House,Res.1&2 or Guest House,10000_99999,1,zero,Res.1&2 or Guest House,Res.1&2 or Guest House,0,,not_applicable,knn,
PRAS20250101517,1 to 2 Family,Revision - Building,Addition,1,0,1,Res.1&2 or Guest House,Res.1&2 or Guest House,le_1,1,zero,Res.1&2 or Guest House,Res.1&2 or Guest House,0,,not_applicable,knn,
PRAS20250102098,1 to 2 Family,Revision - Building,New Construction,1,0,1,Res.1&2 or Guest House,Res.1&2 or Guest House,le_1,1,zero,Res.1&2 or Guest House,Res.1&2 or Guest House,0,,not_applicable,knn,
PRAS20250102238,1 to 2 Family,Aluminum Structure,New Construction,12000,0,1,Res.1&2 or Guest House,Res.1&2 or Guest House,10000_99999,1,zero,Res.1&2 or Guest House,Res.1&2 or Guest House,0,,not_applicable,knn,
PRAS20250102903,1 to 2 Family,Aluminum Structure,New Construction,25481,0,1,Res.1&2 or Guest House,Res.1&2 or Guest House,10000_99999,1,zero,Res.1&2 or Guest House,Res.1&2 or Guest House,0,,not_applicable,knn,
PRAS20250103011,1 to 2 Family,Aluminum Structure,New Construction,13620,0,1,Res.1&2 or Guest House,Res.1&2 or Guest House,10000_99999,1,zero,Res.1&2 or Guest House,Res.1&2 or Guest House,0,,not_applicable,knn,
PRAS20250103276,1 to 2 Family,Revision - Building,New Construction,1,0,1,Res.1&2 or Guest House,Res.1&2 or Guest House,le_1,1,zero,Res.1&2 or Guest House,Res.1&2 or Guest House,0,,not_applicable,knn,
PRAS20250204558,1 to 2 Family,Aluminum Structure,New Construction,17480,0,1,Res.1&2 or Guest House,Res.1&2 or Guest House,10000_99999,1,zero,Res.1&2 or Guest House,Res.1&2 or Guest House,0,,not_applicable,knn,
PRAS20250205436,1 to 2 Family,Aluminum Structure,New Construction,15360,0,1,Res.1&2 or Guest House,Res.1&2 or Guest House,10000_99999,1,zero,Res.1&2 or Guest House,Res.1&2 or Guest House,0,,not_applicable,knn,
PRAS20250205437,1 to 2 Family,Aluminum Structure,Alteration/Remodel,17650,0,1,Res.1&2 or Guest House,Res.1&2 or Guest House,10000_99999,1,zero,Res.1&2 or Guest House,,1,Res.1&2 or Guest House,knn,knn,1.0
PRAS20250205468,1 to 2 Family,Aluminum Structure,New Construction,15000,0,1,Res.1&2 or Guest House,Res.1&2 or Guest House,10000_99999,1,zero,Res.1&2 or Guest House,Res.1&2 or Guest House,0,,not_applicable,knn,
PRAS20250205848,1 to 2 Family,Aluminum Structure,Alteration/Remodel,23000,0,1,Res.1&2 or Guest House,Res.1&2 or Guest House,10000_99999,1,zero,Res.1&2 or Guest House,Res.1&2 or Guest House,0,,not_applicable,knn,
PRAS20250205927,1 to 2 Family,Aluminum Structure,New Construction,25000,0,1,Res.1&2 or Guest House,Res.1&2 or Guest House,10000_99999,1,zero,Res.1&2 or Guest House,Res.1&2 or Guest House,0,,not_applicable,knn,
PRAS20250206003,1 to 2 Family,Aluminum Structure,New Construction,95000,0,1,Res.1&2 or Guest House,Res.1&2 or Guest House,10000_99999,1,zero,Res.1&2 or Guest House,Res.1&2 or Guest House,0,,not_applicable,knn,
PRAS20250206106,1 to 2 Family,Aluminum Structure,Alteration/Remodel,8000,0,1,Res.1&2 or Guest House,Res.1&2 or Guest House,1000_9999,1,zero,Res.1&2 or Guest House,Res.1&2 or Guest House,0,,not_applicable,knn,
PRAS20250206138,1 to 2 Family,Aluminum Structure,Alteration/Remodel,11973,0,1,Res.1&2 or Guest House,Res.1&2 or Guest House,10000_99999,1,zero,Res.1&2 or Guest House,Res.1&2 or Guest House,0,,not_applicable,knn,
PRAS20250206983,1 to 2 Family,Aluminum Structure,Addition,57950,0,1,Res.1&2 or Guest House,Res.1&2 or Guest House,10000_99999,1,zero,Res.1&2 or Guest House,Res.1&2 or Guest House,0,,not_applicable,knn,
PRAS20250207005,Commercial,Aluminum Structure,New Construction,20000,0,1,Commercial,Commercial,10000_99999,1,zero,Commercial,Commercial,0,,not_applicable,knn,
PRAS20250207006,1 to 2 Family,Aluminum Structure,Alteration/Remodel,30000,0,1,Res.1&2 or Guest House,Res.1&2 or Guest House,10000_99999,1,zero,Res.1&2 or Guest House,,1,Res.1&2 or Guest House,knn,knn,1.0
PRAS20250207008,Commercial,Aluminum Structure,New Construction,20000,0,1,Commercial,Commercial,10000_99999,1,zero,Commercial,,1,Commercial,knn,knn,1.0
PRAS20250207017,1 to 2 Family,Aluminum Structure,Addition,10900,0,1,Res.1&2 or Guest House,Res.1&2 or Guest House,10000_99999,1,zero,Res.1&2 or Guest House,Res.1&2 or Guest House,0,,not_applicable,knn,
PRAS20250207158,1 to 2 Family,Aluminum Structure,New Construction,9000,0,1,Res.1&2 or Guest House,Res.1&2 or Guest House,1000_9999,1,zero,Res.1&2 or Guest House,Res.1&2 or Guest House,0,,not_applicable,knn,
PRAS20250207300,1 to 2 Family,Aluminum Structure,New Construction,10800,0,1,Res.1&2 or Guest House,Res.1&2 or Guest House,10000_99999,1,zero,Res.1&2 or Guest House,Res.1&2 or Guest House,0,,not_applicable,knn,
PRAS20250207366,1 to 2 Family,Aluminum Structure,Alteration/Remodel,33900,0,1,Res.1&2 or Guest House,Res.1&2 or Guest House,10000_99999,1,zero,Res.1&2 or Guest House,,1,Res.1&2 or Guest House,knn,knn,1.0
PRAS20250207397,1 to 2 Family,Aluminum Structure,Alteration/Remodel,25272,0,1,Res.1&2 or Guest House,Res.1&2 or Guest House,10000_99999,1,zero,Res.1&2 or Guest House,Res.1&2 or Guest House,0,,not_applicable,knn,
PRAS20250207481,1 to 2 Family,Aluminum Structure,New Construction,43700,0,1,Res.1&2 or Guest House,Res.1&2 or Guest House,10000_99999,1,zero,Res.1&2 or Guest House,Res.1&2 or Guest House,0,,not_applicable,knn,
PRAS20250207567,1 to 2 Family,Aluminum Structure,New Construction,17500,0,1,Res.1&2 or Guest House,Res.1&2 or Guest House,10000_99999,1,zero,Res.1&2 or Guest House,Res.1&2 or Guest House,0,,not_applicable,knn,
PRAS20250207837,1 to 2 Family,Aluminum Structure,Addition,40000,0,1,Res.1&2 or Guest House,Res.1&2 or Guest House,10000_99999,1,zero,Res.1&2 or Guest House,Res.1&2 or Guest House,0,,not_applicable,knn,
PRAS20250208112,Commercial,Aluminum Structure,New Construction,2100,0,1,Residential-Multi-Family,Residential-Multi-Family,1000_9999,1,zero,Residential-Multi-Family,Residential-Multi-Family,0,,not_applicable,knn,
PRAS20250208434,1 to 2 Family,Aluminum Structure,Alteration/Remodel,15000,0,1,Res.1&2 or Guest House,Res.1&2 or Guest House,10000_99999,1,zero,Res.1&2 or Guest House,,1,Res.1&2 or Guest House,knn,knn,1.0
PRAS20250208436,1 to 2 Family,Aluminum Structure,Alteration/Remodel,15000,0,1,Res.1&2 or Guest House,Res.1&2 or Guest House,10000_99999,1,zero,Res.1&2 or Guest House,,1,Res.1&2 or Guest House,knn,knn,1.0
PRAS20250208438,1 to 2 Family,Aluminum Structure,Alteration/Remodel,15000,0,1,Res.1&2 or Guest House,Res.1&2 or Guest House,10000_99999,1,zero,Res.1&2 or Guest House,Res.1&2 or Guest House,0,,not_applicable,knn,
PRAS20250208607,1 to 2 Family,Aluminum Structure,Alteration/Remodel,10200,0,1,Res.1&2 or Guest House,Res.1&2 or Guest House,10000_99999,1,zero,Res.1&2 or Guest House,Res.1&2 or Guest House,0,,not_applicable,knn,
PRAS20250208707,1 to 2 Family,Aluminum Structure,Addition,52063,0,1,Res.1&2 or Guest House,Res.1&2 or Guest House,10000_99999,1,zero,Res.1&2 or Guest House,Res.1&2 or Guest House,0,,not_applicable,knn,
PRAS20250208713,1 to 2 Family,Aluminum Structure,New Construction,17000,0,1,Res.1&2 or Guest House,Res.1&2 or Guest House,10000_99999,1,zero,Res.1&2 or Guest House,Res.1&2 or Guest House,0,,not_applicable,knn,
PRAS20250308820,1 to 2 Family,Aluminum Structure,Alteration/Remodel,28500,0,1,Res.1&2 or Guest House,Res.1&2 or Guest House,10000_99999,1,zero,Res.1&2 or Guest House,Res.1&2 or Guest House,0,,not_applicable,knn,
PRAS20250308899,1 to 2 Family,Aluminum Structure,New Construction,9380,0,1,Res.1&2 or Guest House,Res.1&2 or Guest House,1000_9999,1,zero,Res.1&2 or Guest House,Res.1&2 or Guest House,0,,not_applicable,knn,
PRAS20250308942,1 to 2 Family,Aluminum Structure,Alteration/Remodel,7500,0,1,Res.1&2 or Guest House,Res.1&2 or Guest House,1000_9999,1,zero,Res.1&2 or Guest House,Res.1&2 or Guest House,0,,not_applicable,knn,
PRAS20250309061,1 to 2 Family,Aluminum Structure,New Construction,3200,0,1,Res.1&2 or Guest House,Res.1&2 or Guest House,1000_9999,1,zero,Res.1&2 or Guest House,Res.1&2 or Guest House,0,,not_applicable,knn,
PRAS20250309064,1 to 2 Family,Aluminum Structure,New Construction,3200,0,1,Res.1&2 or Guest House,Res.1&2 or Guest House,1000_9999,1,zero,Res.1&2 or Guest House,Res.1&2 or Guest House,0,,not_applicable,knn,
PRAS20250309067,1 to 2 Family,Aluminum Structure,New Construction,3200,0,1,Res.1&2 or Guest House,Res.1&2 or Guest House,1000_9999,1,zero,Res.1&2 or Guest House,Res.1&2 or Guest House,0,,not_applicable,knn,
PRAS20250309209,1 to 2 Family,Aluminum Structure,Addition,11543.77,0,1,Res.1&2 or Guest House,Res.1&2 or Guest House,10000_99999,1,zero,Res.1&2 or Guest House,Res.1&2 or Guest House,0,,not_applicable,knn,
PRAS20250309318,1 to 2 Family,Aluminum Structure,Alteration/Remodel,7400,0,1,Res.1&2 or Guest House,Res.1&2 or Guest House,1000_9999,1,zero,Res.1&2 or Guest House,Res.1&2 or Guest House,0,,not_applicable,knn,
PRAS20250309359,1 to 2 Family,Aluminum Structure,New Construction,33000,0,1,Res.1&2 or Guest House,Res.1&2 or Guest House,10000_99999,1,zero,Res.1&2 or Guest House,,1,Res.1&2 or Guest House,knn,knn,1.0
PRAS20250309415,1 to 2 Family,Aluminum Structure,New Construction,3200,0,1,Res.1&2 or Guest House,Res.1&2 or Guest House,1000_9999,1,zero,Res.1&2 or Guest House,Res.1&2 or Guest House,0,,not_applicable,knn,
PRAS20250309417,1 to 2 Family,Aluminum Structure,New Construction,3200,0,1,Res.1&2 or Guest House,Res.1&2 or Guest House,1000_9999,1,zero,Res.1&2 or Guest House,Res.1&2 or Guest House,0,,not_applicable,knn,
PRAS20250309426,1 to 2 Family,Aluminum Structure,New Construction,2400,0,1,Res.1&2 or Guest House,Res.1&2 or Guest House,1000_9999,1,zero,Res.1&2 or Guest House,Res.1&2 or Guest House,0,,not_applicable,knn,
PRAS20250309570,1 to 2 Family,Aluminum Structure,New Construction,12000,0,1,Res.1&2 or Guest House,Res.1&2 or Guest House,10000_99999,1,zero,Res.1&2 or Guest House,Res.1&2 or Guest House,0,,not_applicable,knn,
PRAS20250309800,1 to 2 Family,Aluminum Structure,Addition,15000,0,0,Res.1&2 or Guest House,Res.1&2 or Guest House,10000_99999,0,zero,Res.1&2 or Guest House,,1,Res.1&2 or Guest House,knn,knn,1.0
PRAS20250309860,Commercial,Aluminum Structure,Alteration/Remodel,4120,0,1,Residential-Multi-Family,Residential-Multi-Family,1000_9999,1,zero,Residential-Multi-Family,Residential-Multi-Family,0,,not_applicable,knn,
PRAS20250309910,1 to 2 Family,Aluminum Structure,New Construction,13000,0,1,Res.1&2 or Guest House,Res.1&2 or Guest House,10000_99999,1,zero,Res.1&2 or Guest House,Res.1&2 or Guest House,0,,not_applicable,knn,
PRAS20250310002,1 to 2 Family,Aluminum Structure,New Construction,10100,0,1,Res.1&2 or Guest House,Res.1&2 or Guest House,10000_99999,1,zero,Res.1&2 or Guest House,Res.1&2 or Guest House,0,,not_applicable,knn,
PRAS20250310005,1 to 2 Family,Aluminum Structure,Alteration/Remodel,9876,0,1,Res.1&2 or Guest House,Res.1&2 or Guest House,1000_9999,1,zero,Res.1&2 or Guest House,Res.1&2 or Guest House,0,,not_applicable,knn,
PRAS20250310024,1 to 2 Family,Aluminum Structure,Alteration/Remodel,15575,0,1,Res.1&2 or Guest House,Res.1&2 or Guest House,10000_99999,1,zero,Res.1&2 or Guest House,Res.1&2 or Guest House,0,,not_applicable,knn,
PRAS20250310052,1 to 2 Family,Aluminum Structure,New Construction,18000,0,1,Res.1&2 or Guest House,Res.1&2 or Guest House,10000_99999,1,zero,Res.1&2 or Guest House,Res.1&2 or Guest House,0,,not_applicable,knn,
PRAS20250310110,1 to 2 Family,Aluminum Structure,Alteration/Remodel,32690,0,1,Res.1&2 or Guest House,Res.1&2 or Guest House,10000_99999,1,zero,Res.1&2 or Guest House,Res.1&2 or Guest House,0,,not_applicable,knn,
PRAS20250310216,1 to 2 Family,Aluminum Structure,Alteration/Remodel,28000,0,1,Res.1&2 or Guest House,Res.1&2 or Guest House,10000_99999,1,zero,Res.1&2 or Guest House,,1,Res.1&2 or Guest House,knn,knn,1.0
PRAS20250310321,1 to 2 Family,Aluminum Structure,New Construction,4300,0,1,Res.1&2 or Guest House,Res.1&2 or Guest House,1000_9999,1,zero,Res.1&2 or Guest House,Res.1&2 or Guest House,0,,not_applicable,knn,
PRAS20250310322,1 to 2 Family,Aluminum Structure,New Construction,4300,0,1,Res.1&2 or Guest House,Res.1&2 or Guest House,1000_9999,1,zero,Res.1&2 or Guest House,Res.1&2 or Guest House,0,,not_applicable,knn,
PRAS20250310342,Commercial,Aluminum Structure,New Construction,41285,0,1,Not Identified,,10000_99999,1,zero,,,0,,not_applicable,knn,
PRAS20250310374,1 to 2 Family,Aluminum Structure,New Construction,17457,0,1,Res.1&2 or Guest House,Res.1&2 or Guest House,10000_99999,1,zero,Res.1&2 or Guest House,Res.1&2 or Guest House,0,,not_applicable,knn,
PRAS20250310375,1 to 2 Family,Aluminum Structure,New Construction,14443,0,1,Res.1&2 or Guest House,Res.1&2 or Guest House,10000_99999,1,zero,Res.1&2 or Guest House,Res.1&2 or Guest House,0,,not_applicable,knn,
PRAS20250310408,1 to 2 Family,Aluminum Structure,New Construction,28900,0,1,Res.1&2 or Guest House,Res.1&2 or Guest House,10000_99999,1,zero,Res.1&2 or Guest House,Res.1&2 or Guest House,0,,not_applicable,knn,
PRAS20250310409,1 to 2 Family,Aluminum Structure,Alteration/Remodel,4500,0,1,Res.1&2 or Guest House,Res.1&2 or Guest House,1000_9999,1,zero,Res.1&2 or Guest House,Res.1&2 or Guest House,0,,not_applicable,knn,
PRAS20250310539,1 to 2 Family,Aluminum Structure,New Construction,7335,0,1,Res.1&2 or Guest House,Res.1&2 or Guest House,1000_9999,1,zero,Res.1&2 or Guest House,Res.1&2 or Guest House,0,,not_applicable,knn,
PRAS20250310585,1 to 2 Family,Aluminum Structure,Addition,4329,0,1,Res.1&2 or Guest House,Res.1&2 or Guest House,1000_9999,1,zero,Res.1&2 or Guest House,Res.1&2 or Guest House,0,,not_applicable,knn,
PRAS20250310635,1 to 2 Family,Aluminum Structure,Addition,20800,0,1,Res.1&2 or Guest House,Res.1&2 or Guest House,10000_99999,1,zero,Res.1&2 or Guest House,,1,Res.1&2 or Guest House,knn,knn,1.0
PRAS20250310711,1 to 2 Family,Aluminum Structure,Addition,19360,0,1,Res.1&2 or Guest House,Res.1&2 or Guest House,10000_99999,1,zero,Res.1&2 or Guest House,Res.1&2 or Guest House,0,,not_applicable,knn,
PRAS20250310866,1 to 2 Family,Aluminum Structure,New Construction,9360,0,1,Res.1&2 or Guest House,Res.1&2 or Guest House,1000_9999,1,zero,Res.1&2 or Guest House,Res.1&2 or Guest House,0,,not_applicable,knn,
PRAS20250310869,1 to 2 Family,Aluminum Structure,New Construction,11580,0,1,Res.1&2 or Guest House,Res.1&2 or Guest House,10000_99999,1,zero,Res.1&2 or Guest House,Res.1&2 or Guest House,0,,not_applicable,knn,
PRAS20250310874,1 to 2 Family,Aluminum Structure,New Construction,10070,0,1,Res.1&2 or Guest House,Res.1&2 or Guest House,10000_99999,1,zero,Res.1&2 or Guest House,Res.1&2 or Guest House,0,,not_applicable,knn,
PRAS20250311011,1 to 2 Family,Aluminum Structure,New Construction,10000,0,1,Res.1&2 or Guest House,Res.1&2 or Guest House,10000_99999,1,zero,Res.1&2 or Guest House,,1,Res.1&2 or Guest House,knn,knn,1.0
PRAS20250311079,1 to 2 Family,Aluminum Structure,Alteration/Remodel,31300,0,1,Res.1&2 or Guest House,Res.1&2 or Guest House,10000_99999,1,zero,Res.1&2 or Guest House,Res.1&2 or Guest House,0,,not_applicable,knn,
PRAS20250311145,1 to 2 Family,Aluminum Structure,New Construction,13000,0,1,Res.1&2 or Guest House,Res.1&2 or Guest House,10000_99999,1,zero,Res.1&2 or Guest House,,1,Res.1&2 or Guest House,knn,knn,1.0
PRAS20250311172,1 to 2 Family,Aluminum Structure,New Construction,2400,0,1,Res.1&2 or Guest House,Res.1&2 or Guest House,1000_9999,1,zero,Res.1&2 or Guest House,Res.1&2 or Guest House,0,,not_applicable,knn,
PRAS20250311209,1 to 2 Family,Aluminum Structure,New Construction,11970,0,0,Res.1&2 or Guest House,Res.1&2 or Guest House,10000_99999,0,zero,Res.1&2 or Guest House,Res.1&2 or Guest House,0,,not_applicable,knn,
PRAS20250311323,1 to 2 Family,Revision - Building,Alteration/Remodel,1,0,0,Res.1&2 or Guest House,Res.1&2 or Guest House,le_1,0,zero,Res.1&2 or Guest House,Res.1&2 or Guest House,0,,not_applicable,knn,
PRAS20250311323,1 to 2 Family,Aluminum Structure,Alteration/Remodel,25700,0,1,Res.1&2 or Guest House,Res.1&2 or Guest House,10000_99999,1,zero,Res.1&2 or Guest House,Res.1&2 or Guest House,0,,not_applicable,knn,
PRAS20250311329,1 to 2 Family,Aluminum Structure,Alteration/Remodel,15000,0,1,Res.1&2 or Guest House,Res.1&2 or Guest House,10000_99999,1,zero,Res.1&2 or Guest House,Res.1&2 or Guest House,0,,not_applicable,knn,
PRAS20250311343,1 to 2 Family,Aluminum Structure,New Construction,4300,0,1,Res.1&2 or Guest House,Res.1&2 or Guest House,1000_9999,1,zero,Res.1&2 or Guest House,Res.1&2 or Guest House,0,,not_applicable,knn,
PRAS20250311347,1 to 2 Family,Aluminum Structure,New Construction,4300,0,1,Res.1&2 or Guest House,Res.1&2 or Guest House,1000_9999,1,zero,Res.1&2 or Guest House,Res.1&2 or Guest House,0,,not_applicable,knn,
PRAS20250311372,1 to 2 Family,Aluminum Structure,New Construction,19800,0,1,Res.1&2 or Guest House,Res.1&2 or Guest House,10000_99999,1,zero,Res.1&2 or Guest House,Res.1&2 or Guest House,0,,not_applicable,knn,
PRAS20250311425,1 to 2 Family,Aluminum Structure,New Construction,16200,0,1,Res.1&2 or Guest House,Res.1&2 or Guest House,10000_99999,1,zero,Res.1&2 or Guest House,Res.1&2 or Guest House,0,,not_applicable,knn,
PRAS20250311442,1 to 2 Family,Aluminum Structure,New Construction,13130,0,1,Res.1&2 or Guest House,Res.1&2 or Guest House,10000_99999,1,zero,Res.1&2 or Guest House,Res.1&2 or Guest House,0,,not_applicable,knn,
PRAS20250311546,1 to 2 Family,Aluminum Structure,Addition,10666.88,0,1,Res.1&2 or Guest House,Res.1&2 or Guest House,10000_99999,1,zero,Res.1&2 or Guest House,Res.1&2 or Guest House,0,,not_applicable,knn,
PRAS20250311615,1 to 2 Family,Aluminum Structure,New Construction,11250,0,1,Res.1&2 or Guest House,Res.1&2 or Guest House,10000_99999,1,zero,Res.1&2 or Guest House,Res.1&2 or Guest House,0,,not_applicable,knn,
PRAS20250311620,1 to 2 Family,Aluminum Structure,New Construction,13210,0,1,Res.1&2 or Guest House,Res.1&2 or Guest House,10000_99999,1,zero,Res.1&2 or Guest House,Res.1&2 or Guest House,0,,not_applicable,knn,
PRAS20250311638,1 to 2 Family,Aluminum Structure,New Construction,18000,0,1,Res.1&2 or Guest House,Res.1&2 or Guest House,10000_99999,1,zero,Res.1&2 or Guest House,,1,Res.1&2 or Guest House,knn,knn,1.0
PRAS20250311667,1 to 2 Family,Aluminum Structure,New Construction,3800,0,1,Res.1&2 or Guest House,Res.1&2 or Guest House,1000_9999,1,zero,Res.1&2 or Guest House,Res.1&2 or Guest House,0,,not_applicable,knn,
PRAS20250311677,1 to 2 Family,Aluminum Structure,Alteration/Remodel,21440,0,1,Res.1&2 or Guest House,Res.1&2 or Guest House,10000_99999,1,zero,Res.1&2 or Guest House,Res.1&2 or Guest House,0,,not_applicable,knn,
PRAS20250311680,1 to 2 Family,Aluminum Structure,New Construction,10000,390,1,Res.1&2 or Guest House,Res.1&2 or Guest House,10000_99999,1,nonzero,Res.1&2 or Guest House,Res.1&2 or Guest House,0,,not_applicable,knn,
PRAS20250311687,1 to 2 Family,Aluminum Structure,New Construction,10000,0,1,Res.1&2 or Guest House,Res.1&2 or Guest House,10000_99999,1,zero,Res.1&2 or Guest House,Res.1&2 or Guest House,0,,not_applicable,knn,
PRAS20250311798,1 to 2 Family,Aluminum Structure,Alteration/Remodel,38000,0,1,Res.1&2 or Guest House,Res.1&2 or Guest House,10000_99999,1,zero,Res.1&2 or Guest House,Res.1&2 or Guest House,0,,not_applicable,knn,
PRAS20250311964,1 to 2 Family,Aluminum Structure,New Construction,13260,0,1,Res.1&2 or Guest House,Res.1&2 or Guest House,10000_99999,1,zero,Res.1&2 or Guest House,Res.1&2 or Guest House,0,,not_applicable,knn,
PRAS20250311966,1 to 2 Family,Aluminum Structure,New Construction,11250,0,1,Res.1&2 or Guest House,Res.1&2 or Guest House,10000_99999,1,zero,Res.1&2 or Guest House,,1,Res.1&2 or Guest House,knn,knn,1.0
PRAS20250311967,1 to 2 Family,Aluminum Structure,Alteration/Remodel,16200,0,1,Res.1&2 or Guest House,Res.1&2 or Guest House,10000_99999,1,zero,Res.1&2 or Guest House,Res.1&2 or Guest House,0,,not_applicable,knn,
PRAS20250311983,1 to 2 Family,Aluminum Structure,New Construction,9900,0,1,Res.1&2 or Guest House,Res.1&2 or Guest House,1000_9999,1,zero,Res.1&2 or Guest House,Res.1&2 or Guest House,0,,not_applicable,knn,
PRAS20250312018,1 to 2 Family,Aluminum Structure,New Construction,10250,0,1,Res.1&2 or Guest House,Res.1&2 or Guest House,10000_99999,1,zero,Res.1&2 or Guest House,Res.1&2 or Guest House,0,,not_applicable,knn,
PRAS20250312022,1 to 2 Family,Aluminum Structure,New Construction,11250,0,1,Res.1&2 or Guest House,Res.1&2 or Guest House,10000_99999,1,zero,Res.1&2 or Guest House,Res.1&2 or Guest House,0,,not_applicable,knn,
PRAS20250312045,1 to 2 Family,Aluminum Structure,Alteration/Remodel,21000,0,1,Res.1&2 or Guest House,Res.1&2 or Guest House,10000_99999,1,zero,Res.1&2 or Guest House,,1,Res.1&2 or Guest House,knn,knn,1.0
PRAS20250312119,1 to 2 Family,Aluminum Structure,Alteration/Remodel,67170,0,1,Res.1&2 or Guest House,Res.1&2 or Guest House,10000_99999,1,zero,Res.1&2 or Guest House,Res.1&2 or Guest House,0,,not_applicable,knn,
PRAS20250312135,1 to 2 Family,Aluminum Structure,New Construction,9500,0,1,Res.1&2 or Guest House,Res.1&2 or Guest House,1000_9999,1,zero,Res.1&2 or Guest House,Res.1&2 or Guest House,0,,not_applicable,knn,
PRAS20250312137,1 to 2 Family,Aluminum Structure,New Construction,11500,0,1,Res.1&2 or Guest House,Res.1&2 or Guest House,10000_99999,1,zero,Res.1&2 or Guest House,Res.1&2 or Guest House,0,,not_applicable,knn,
PRAS20250312138,1 to 2 Family,Aluminum Structure,New Construction,6500,0,1,Res.1&2 or Guest House,Res.1&2 or Guest House,1000_9999,1,zero,Res.1&2 or Guest House,,1,Res.1&2 or Guest House,knn,knn,1.0
PRAS20250312249,1 to 2 Family,Aluminum Structure,New Construction,15000,0,1,Res.1&2 or Guest House,Res.1&2 or Guest House,10000_99999,1,zero,Res.1&2 or Guest House,Res.1&2 or Guest House,0,,not_applicable,knn,
PRAS20250312256,1 to 2 Family,Aluminum Structure,New Construction,9570,0,1,Res.1&2 or Guest House,Res.1&2 or Guest House,1000_9999,1,zero,Res.1&2 or Guest House,Res.1&2 or Guest House,0,,not_applicable,knn,
PRAS20250312382,1 to 2 Family,Aluminum Structure,Addition,9650,0,1,Res.1&2 or Guest House,Res.1&2 or Guest House,1000_9999,1,zero,Res.1&2 or Guest House,Res.1&2 or Guest House,0,,not_applicable,knn,
PRAS20250312393,1 to 2 Family,Aluminum Structure,Addition,10150,0,1,Res.1&2 or Guest House,Res.1&2 or Guest House,10000_99999,1,zero,Res.1&2 or Guest House,Res.1&2 or Guest House,0,,not_applicable,knn,
PRAS20250312399,1 to 2 Family,Aluminum Structure,Addition,17125,0,1,Res.1&2 or Guest House,Res.1&2 or Guest House,10000_99999,1,zero,Res.1&2 or Guest House,Res.1&2 or Guest House,0,,not_applicable,knn,
PRAS20250312411,1 to 2 Family,Aluminum Structure,New Construction,9785,0,1,Res.1&2 or Guest House,Res.1&2 or Guest House,1000_9999,1,zero,Res.1&2 or Guest House,,1,Res.1&2 or Guest House,knn,knn,1.0
PRAS20250312535,1 to 2 Family,Aluminum Structure,Addition,11960,0,1,Res.1&2 or Guest House,Res.1&2 or Guest House,10000_99999,1,zero,Res.1&2 or Guest House,Res.1&2 or Guest House,0,,not_applicable,knn,
PRAS20250312556,1 to 2 Family,Aluminum Structure,New Construction,10000,0,1,Res.1&2 or Guest House,Res.1&2 or Guest House,10000_99999,1,zero,Res.1&2 or Guest House,,1,Res.1&2 or Guest House,knn,knn,1.0
PRAS20250312598,1 to 2 Family,Aluminum Structure,Alteration/Remodel,40000,0,1,Res.1&2 or Guest House,Res.1&2 or Guest House,10000_99999,1,zero,Res.1&2 or Guest House,Res.1&2 or Guest House,0,,not_applicable,knn,
PRAS20250312697,1 to 2 Family,Aluminum Structure,Addition,9800,0,1,Res.1&2 or Guest House,Res.1&2 or Guest House,1000_9999,1,zero,Res.1&2 or Guest House,Res.1&2 or Guest House,0,,not_applicable,knn,
PRAS20250312712,1 to 2 Family,Aluminum Structure,New Construction,7920,0,1,Res.1&2 or Guest House,Res.1&2 or Guest House,1000_9999,1,zero,Res.1&2 or Guest House,,1,Res.1&2 or Guest House,knn,knn,1.0
PRAS20250312713,1 to 2 Family,Aluminum Structure,New Construction,10730,0,1,Res.1&2 or Guest House,Res.1&2 or Guest House,10000_99999,1,zero,Res.1&2 or Guest House,Res.1&2 or Guest House,0,,not_applicable,knn,
PRAS20250312749,1 to 2 Family,Aluminum Structure,New Construction,9900,0,1,Res.1&2 or Guest House,Res.1&2 or Guest House,1000_9999,1,zero,Res.1&2 or Guest House,Res.1&2 or Guest House,0,,not_applicable,knn,
PRAS20250312783,1 to 2 Family,Aluminum Structure,New Construction,5600,384,1,Res.1&2 or Guest House,Res.1&2 or Guest House,1000_9999,1,nonzero,Res.1&2 or Guest House,,1,Res.1&2 or Guest House,knn,knn,1.0
PRAS20250312837,1 to 2 Family,Aluminum Structure,Alteration/Remodel,21580,0,1,Res.1&2 or Guest House,Res.1&2 or Guest House,10000_99999,1,zero,Res.1&2 or Guest House,Res.1&2 or Guest House,0,,not_applicable,knn,
PRAS20250312839,1 to 2 Family,Aluminum Structure,Addition,18690,0,1,Res.1&2 or Guest House,Res.1&2 or Guest House,10000_99999,1,zero,Res.1&2 or Guest House,Res.1&2 or Guest House,0,,not_applicable,knn,
PRAS20250312864,1 to 2 Family,Aluminum Structure,Addition,21600,0,1,Res.1&2 or Guest House,Res.1&2 or Guest House,10000_99999,1,zero,Res.1&2 or Guest House,Res.1&2 or Guest House,0,,not_applicable,knn,
PRAS20250312905,1 to 2 Family,Aluminum Structure,New Construction,16000,0,1,Res.1&2 or Guest House,Res.1&2 or Guest House,10000_99999,1,zero,Res.1&2 or Guest House,,1,Res.1&2 or Guest House,knn,knn,1.0
PRAS20250312973,1 to 2 Family,Aluminum Structure,New Construction,20000,0,1,Res.1&2 or Guest House,Res.1&2 or Guest House,10000_99999,1,zero,Res.1&2 or Guest House,Res.1&2 or Guest House,0,,not_applicable,knn,
PRAS20250313061,1 to 2 Family,Aluminum Structure,Alteration/Remodel,18900,0,1,Res.1&2 or Guest House,Res.1&2 or Guest House,10000_99999,1,zero,Res.1&2 or Guest House,Res.1&2 or Guest House,0,,not_applicable,knn,
PRAS20250313317,1 to 2 Family,Aluminum Structure,New Construction,9785,0,1,Res.1&2 or Guest House,Res.1&2 or Guest House,1000_9999,1,zero,Res.1&2 or Guest House,Res.1&2 or Guest House,0,,not_applicable,knn,
PRAS20250313329,1 to 2 Family,Aluminum Structure,New Construction,9720,0,1,Res.1&2 or Guest House,Res.1&2 or Guest House,1000_9999,1,zero,Res.1&2 or Guest House,,1,Res.1&2 or Guest House,knn,knn,1.0
PRAS20250313356,1 to 2 Family,Aluminum Structure,New Construction,4500,0,1,Res.1&2 or Guest House,Res.1&2 or Guest House,1000_9999,1,zero,Res.1&2 or Guest House,Res.1&2 or Guest House,0,,not_applicable,knn,
PRAS20250313358,1 to 2 Family,Aluminum Structure,New Construction,11900,0,1,Res.1&2 or Guest House,Res.1&2 or Guest House,10000_99999,1,zero,Res.1&2 or Guest House,,1,Res.1&2 or Guest House,knn,knn,1.0
PRAS20250313464,1 to 2 Family,Aluminum Structure,Addition,10603.21,0,1,Res.1&2 or Guest House,Res.1&2 or Guest House,10000_99999,1,zero,Res.1&2 or Guest House,Res.1&2 or Guest House,0,,not_applicable,knn,
PRAS20250413613,1 to 2 Family,Aluminum Structure,New Construction,15000,0,1,Res.1&2 or Guest House,Res.1&2 or Guest House,10000_99999,1,zero,Res.1&2 or Guest House,Res.1&2 or Guest House,0,,not_applicable,knn,
PRAS20250413636,1 to 2 Family,Aluminum Structure,New Construction,11950,0,1,Res.1&2 or Guest House,Res.1&2 or Guest House,10000_99999,1,zero,Res.1&2 or Guest House,,1,Res.1&2 or Guest House,knn,knn,1.0
PRAS20250413643,1 to 2 Family,Aluminum Structure,Alteration/Remodel,6600,0,1,Res.1&2 or Guest House,Res.1&2 or Guest House,1000_9999,1,zero,Res.1&2 or Guest House,Res.1&2 or Guest House,0,,not_applicable,knn,
PRAS20250413656,1 to 2 Family,Aluminum Structure,New Construction,27000,0,1,Res.1&2 or Guest House,Res.1&2 or Guest House,10000_99999,1,zero,Res.1&2 or Guest House,Res.1&2 or Guest House,0,,not_applicable,knn,
PRAS20250414136,1 to 2 Family,Aluminum Structure,Alteration/Remodel,18000,0,1,Res.1&2 or Guest House,Res.1&2 or Guest House,10000_99999,1,zero,Res.1&2 or Guest House,Res.1&2 or Guest House,0,,not_applicable,knn,
PRAS20250414987,1 to 2 Family,Aluminum Structure,New Construction,13060,0,1,Res.1&2 or Guest House,Res.1&2 or Guest House,10000_99999,1,zero,Res.1&2 or Guest House,Res.1&2 or Guest House,0,,not_applicable,knn,
PRAS20250415881,1 to 2 Family,Aluminum Structure,Alteration/Remodel,41500,0,1,Res.1&2 or Guest House,Res.1&2 or Guest House,10000_99999,1,zero,Res.1&2 or Guest House,Res.1&2 or Guest House,0,,not_applicable,knn,
PRAS20250415882,1 to 2 Family,Aluminum Structure,New Construction,34400,0,1,Res.1&2 or Guest House,Res.1&2 or Guest House,10000_99999,1,zero,Res.1&2 or Guest House,Res.1&2 or Guest House,0,,not_applicable,knn,
PRAS20250415919,1 to 2 Family,Aluminum Structure,New Construction,53500,0,1,Res.1&2 or Guest House,Res.1&2 or Guest House,10000_99999,1,zero,Res.1&2 or Guest House,Res.1&2 or Guest House,0,,not_applicable,knn,
PRAS20250415935,1 to 2 Family,Aluminum Structure,Alteration/Remodel,26300,0,1,Res.1&2 or Guest House,Res.1&2 or Guest House,10000_99999,1,zero,Res.1&2 or Guest House,Res.1&2 or Guest House,0,,not_applicable,knn,
PRAS20250415976,1 to 2 Family,Aluminum Structure,New Construction,29490,0,1,Res.1&2 or Guest House,Res.1&2 or Guest House,10000_99999,1,zero,Res.1&2 or Guest House,Res.1&2 or Guest House,0,,not_applicable,knn,
PRAW20240832310,Commercial,Awnings,Alteration/Remodel,40000,0,1,Not Identified,,10000_99999,1,zero,,,0,,not_applicable,knn,
PRBD20131231561,Commercial,Revision - Building,Alteration/Remodel,1,0,1,Commercial,Commercial,le_1,1,zero,Commercial,Commercial,0,,not_applicable,knn,
PRBD20171144205,1 to 2 Family,Revision - Building,Alteration/Remodel,1,0,1,Res.1&2 or Guest House,Res.1&2 or Guest House,le_1,1,zero,Res.1&2 or Guest House,Res.1&2 or Guest House,0,,not_applicable,knn,
PRBD20171249911,1 to 2 Family,Revision - Building,Alteration/Remodel,1,0,1,Res.1&2 or Guest House,Res.1&2 or Guest House,le_1,1,zero,Res.1&2 or Guest House,Res.1&2 or Guest House,0,,not_applicable,knn,
PRBD20180848080,1 to 2 Family,Revision - Building,New Construction,1,0,1,Res.1&2 or Guest House,Res.1&2 or Guest House,le_1,1,zero,Res.1&2 or Guest House,,1,Res.1&2 or Guest House,knn,knn,1.0
PRBD20181163693,1 to 2 Family,Revision - Building,New Construction,50,0,1,Res.1&2 or Guest House,Res.1&2 or Guest House,2_999,1,zero,Res.1&2 or Guest House,Res.1&2 or Guest House,0,,not_applicable,knn,
PRBD20210631544,1 to 2 Family,Revision - Building,Accessory,2500,0,1,Res.1&2 or Guest House,Res.1&2 or Guest House,1000_9999,1,zero,Res.1&2 or Guest House,Res.1&2 or Guest House,0,,not_applicable,knn,
PRBD20210731942,Commercial,Revision - Building,Alteration/Remodel,1500,0,1,Residential-Multi-Family,Residential-Multi-Family,1000_9999,1,zero,Residential-Multi-Family,Residential-Multi-Family,0,,not_applicable,knn,
PRBD20210735494,1 to 2 Family,Revision - Building,Accessory,12500,0,1,Res.1&2 or Guest House,Res.1&2 or Guest House,10000_99999,1,zero,Res.1&2 or Guest House,,1,Res.1&2 or Guest House,knn,knn,1.0
PRBD20210942706,1 to 2 Family,Revision - Building,Alteration/Remodel,1,0,1,Res.1&2 or Guest House,Res.1&2 or Guest House,le_1,1,zero,Res.1&2 or Guest House,Res.1&2 or Guest House,0,,not_applicable,knn,
PRBD20210943956,1 to 2 Family,Revision - Building,New Construction,32000,0,0,Res.1&2 or Guest House,Res.1&2 or Guest House,10000_99999,0,zero,Res.1&2 or Guest House,,1,Res.1&2 or Guest House,knn,knn,1.0
PRBD20211152865,Commercial,Revision - Building,New Construction,1000,0,1,Commercial,Commercial,1000_9999,1,zero,Commercial,Commercial,0,,not_applicable,knn,
PRBD20211152866,Commercial,Revision - Building,Accessory,1000,0,1,Not Identified,,1000_9999,1,zero,,,0,,not_applicable,knn,
PRBD20211153909,1 to 2 Family,Revision - Building,New Construction,18000,0,1,Res.1&2 or Guest House,Res.1&2 or Guest House,10000_99999,1,zero,Res.1&2 or Guest House,,1,Res.1&2 or Guest House,knn,knn,1.0
PRBD20211255616,1 to 2 Family,Revision - Building,New Construction,6000,0,1,Res.1&2 or Guest House,Res.1&2 or Guest House,1000_9999,1,zero,Res.1&2 or Guest House,,1,Res.1&2 or Guest House,knn,knn,1.0
PRBD20211256674,1 to 2 Family,Revision - Building,New Construction,1,0,0,Res.1&2 or Guest House,Res.1&2 or Guest House,le_1,0,zero,Res.1&2 or Guest House,Res.1&2 or Guest House,0,,not_applicable,knn,
PRCP20231044604,1 to 2 Family,Revision - Building,New Construction,1,700,1,Res.1&2 or Guest House,Res.1&2 or Guest House,le_1,1,nonzero,Res.1&2 or Guest House,Res.1&2 or Guest House,0,,not_applicable,knn,
PRCP20240309047,1 to 2 Family,Revision - Building,Addition,1,2,0,Res.1&2 or Guest House,Res.1&2 or Guest House,le_1,0,nonzero,Res.1&2 or Guest House,Res.1&2 or Guest House,0,,not_applicable,knn,
PRCP20240309213,1 to 2 Family,Revision - Building,Addition,0,0,1,Res.1&2 or Guest House,Res.1&2 or Guest House,le_1,1,zero,Res.1&2 or Guest House,Res.1&2 or Guest House,0,,not_applicable,knn,
PRCP20240519279,1 to 2 Family,Revision - Building,New Construction,10000,0,1,Res.1&2 or Guest House,Res.1&2 or Guest House,10000_99999,1,zero,Res.1&2 or Guest House,Res.1&2 or Guest House,0,,not_applicable,knn,
PRCP20240730724,1 to 2 Family,Revision - Building,Alteration/Remodel,1,1,1,Res.1&2 or Guest House,Res.1&2 or Guest House,le_1,1,nonzero,Res.1&2 or Guest House,Res.1&2 or Guest House,0,,not_applicable,knn,
PRCP20240832676,1 to 2 Family,Revision - Building,New Construction,340,360,0,Res.1&2 or Guest House,Res.1&2 or Guest House,2_999,0,nonzero,Res.1&2 or Guest House,Res.1&2 or Guest House,0,,not_applicable,knn,
PRCP20240937640,1 to 2 Family,Carport/Shed,New Construction,6500,1280,1,Res.1&2 or Guest House,Res.1&2 or Guest House,1000_9999,1,nonzero,Res.1&2 or Guest House,Res.1&2 or Guest House,0,,not_applicable,knn,
PRCP20240937646,1 to 2 Family,Carport/Shed,New Construction,7500,1600,1,Res.1&2 or Guest House,Res.1&2 or Guest House,1000_9999,1,nonzero,Res.1&2 or Guest House,,1,Res.1&2 or Guest House,knn,knn,1.0
PRCP20241144033,1 to 2 Family,Carport/Shed,New Construction,2000,0,1,Res.1&2 or Guest House,Res.1&2 or Guest House,1000_9999,1,zero,Res.1&2 or Guest House,Res.1&2 or Guest House,0,,not_applicable,knn,
PRCP20241248861,1 to 2 Family,Revision - Building,New Construction,1,0,1,Res.1&2 or Guest House,Res.1&2 or Guest House,le_1,1,zero,Res.1&2 or Guest House,Res.1&2 or Guest House,0,,not_applicable,knn,
PRCP20250101880,1 to 2 Family,Carport/Shed,Alteration/Remodel,14043,396,1,Res.1&2 or Guest House,Res.1&2 or Guest House,10000_99999,1,nonzero,Res.1&2 or Guest House,,1,Res.1&2 or Guest House,knn,knn,1.0
PRCP20250102759,1 to 2 Family,Carport/Shed,New Construction,20000,780,1,Res.1&2 or Guest House,Res.1&2 or Guest House,10000_99999,1,nonzero,Res.1&2 or Guest House,Res.1&2 or Guest House,0,,not_applicable,knn,
PRCP20250103639,1 to 2 Family,Carport/Shed,New Construction,30000,1,1,Res.1&2 or Guest House,Res.1&2 or Guest House,10000_99999,1,nonzero,Res.1&2 or Guest House,Res.1&2 or Guest House,0,,not_applicable,knn,
PRCP20250103713,1 to 2 Family,Carport/Shed,Addition,25000,800,1,Res.1&2 or Guest House,Res.1&2 or Guest House,10000_99999,1,nonzero,Res.1&2 or Guest House,Res.1&2 or Guest House,0,,not_applicable,knn,
PRCP20250103875,1 to 2 Family,Carport/Shed,New Construction,45000,1500,1,Res.1&2 or Guest House,Res.1&2 or Guest House,10000_99999,1,nonzero,Res.1&2 or Guest House,,1,Res.1&2 or Guest House,knn,knn,1.0
PRCP20250104108,1 to 2 Family,Carport/Shed,New Construction,25000,720,1,Res.1&2 or Guest House,Res.1&2 or Guest House,10000_99999,1,nonzero,Res.1&2 or Guest House,Res.1&2 or Guest House,0,,not_applicable,knn,
PRCP20250205048,1 to 2 Family,Carport/Shed,New Construction,84587.16,6500,1,Res.1&2 or Guest House,Res.1&2 or Guest House,10000_99999,1,nonzero,Res.1&2 or Guest House,Res.1&2 or Guest House,0,,not_applicable,knn,
PRCP20250205288,1 to 2 Family,Carport/Shed,New Construction,51000,800,1,Res.1&2 or Guest House,Res.1&2 or Guest House,10000_99999,1,nonzero,Res.1&2 or Guest House,Res.1&2 or Guest House,0,,not_applicable,knn,
PRCP20250206623,Commercial,Revision - Building,New Construction,1,785,1,Residential-Multi-Family,Residential-Multi-Family,le_1,1,nonzero,Residential-Multi-Family,Residential-Multi-Family,0,,not_applicable,knn,
PRCP20250207180,1 to 2 Family,Carport/Shed,Addition,8000,1500,1,Res.1&2 or Guest House,Res.1&2 or Guest House,1000_9999,1,nonzero,Res.1&2 or Guest House,Res.1&2 or Guest House,0,,not_applicable,knn,
PRCP20250207421,1 to 2 Family,Carport/Shed,New Construction,17291,1800,1,Res.1&2 or Guest House,Res.1&2 or Guest House,10000_99999,1,nonzero,Res.1&2 or Guest House,,1,Res.1&2 or Guest House,knn,knn,1.0
PRCP20250207679,1 to 2 Family,Carport/Shed,Addition,42506,3360,1,Res.1&2 or Guest House,Res.1&2 or Guest House,10000_99999,1,nonzero,Res.1&2 or Guest House,Res.1&2 or Guest House,0,,not_applicable,knn,
PRCP20250207760,1 to 2 Family,Carport/Shed,New Construction,21666.2,880,1,Res.1&2 or Guest House,Res.1&2 or Guest House,10000_99999,1,nonzero,Res.1&2 or Guest House,,1,Res.1&2 or Guest House,knn,knn,1.0
PRCP20250208007,1 to 2 Family,Carport/Shed,New Construction,19153.29,960,1,Res.1&2 or Guest House,Res.1&2 or Guest House,10000_99999,1,nonzero,Res.1&2 or Guest House,Res.1&2 or Guest House,0,,not_applicable,knn,
PRCP20250208473,1 to 2 Family,Carport/Shed,New Construction,8500,1777,1,Res.1&2 or Guest House,Res.1&2 or Guest House,1000_9999,1,nonzero,Res.1&2 or Guest House,Res.1&2 or Guest House,0,,not_applicable,knn,
PRCP20250208552,1 to 2 Family,Carport/Shed,New Construction,51000,2616,1,Res.1&2 or Guest House,Res.1&2 or Guest House,10000_99999,1,nonzero,Res.1&2 or Guest House,Res.1&2 or Guest House,0,,not_applicable,knn,
PRCP20250208584,1 to 2 Family,Carport/Shed,New Construction,88930.3,2700,1,Res.1&2 or Guest House,Res.1&2 or Guest House,10000_99999,1,nonzero,Res.1&2 or Guest House,,1,Res.1&2 or Guest House,knn,knn,1.0
PRCP20250309034,1 to 2 Family,Carport/Shed,,12000,920,1,Res.1&2 or Guest House,Res.1&2 or Guest House,10000_99999,1,nonzero,Res.1&2 or Guest House,,1,Res.1&2 or Guest House,knn,knn,1.0
PRCP20250309301,1 to 2 Family,Carport/Shed,New Construction,66937,2400,1,Res.1&2 or Guest House,Res.1&2 or Guest House,10000_99999,1,nonzero,Res.1&2 or Guest House,Res.1&2 or Guest House,0,,not_applicable,knn,
PRCP20250309608,1 to 2 Family,Carport/Shed,New Construction,30580,1200,1,Res.1&2 or Guest House,Res.1&2 or Guest House,10000_99999,1,nonzero,Res.1&2 or Guest House,Res.1&2 or Guest House,0,,not_applicable,knn,
PRCP20250309638,1 to 2 Family,Carport/Shed,New Construction,9535,880,1,Res.1&2 or Guest House,Res.1&2 or Guest House,1000_9999,1,nonzero,Res.1&2 or Guest House,Res.1&2 or Guest House,0,,not_applicable,knn,
PRCP20250309804,1 to 2 Family,Carport/Shed,Addition,20500,286,1,Res.1&2 or Guest House,Res.1&2 or Guest House,10000_99999,1,nonzero,Res.1&2 or Guest House,Res.1&2 or Guest House,0,,not_applicable,knn,
PRCP20250310337,1 to 2 Family,Carport/Shed,New Construction,38000,2416,1,Res.1&2 or Guest House,Res.1&2 or Guest House,10000_99999,1,nonzero,Res.1&2 or Guest House,Res.1&2 or Guest House,0,,not_applicable,knn,
PRCP20250310800,1 to 2 Family,Carport/Shed,New Construction,54930,2080,1,Res.1&2 or Guest House,Res.1&2 or Guest House,10000_99999,1,nonzero,Res.1&2 or Guest House,Res.1&2 or Guest House,0,,not_applicable,knn,
PRCP20250311214,1 to 2 Family,Carport/Shed,New Construction,39705.4,1800,0,Res.1&2 or Guest House,Res.1&2 or Guest House,10000_99999,0,nonzero,Res.1&2 or Guest House,Res.1&2 or Guest House,0,,not_applicable,knn,
PRCP20250311270,1 to 2 Family,Carport/Shed,New Construction,7500,0,1,Res.1&2 or Guest House,Res.1&2 or Guest House,1000_9999,1,zero,Res.1&2 or Guest House,Res.1&2 or Guest House,0,,not_applicable,knn,
PRCP20250311384,1 to 2 Family,Carport/Shed,New Construction,24000,481,1,Res.1&2 or Guest House,Res.1&2 or Guest House,10000_99999,1,nonzero,Res.1&2 or Guest House,Res.1&2 or Guest House,0,,not_applicable,knn,
PRCP20250311471,1 to 2 Family,Carport/Shed,New Construction,24584.93,1200,1,Res.1&2 or Guest House,Res.1&2 or Guest House,10000_99999,1,nonzero,Res.1&2 or Guest House,,1,Res.1&2 or Guest House,knn,knn,1.0
PRCP20250311579,1 to 2 Family,Carport/Shed,New Construction,3749.85,0,1,Res.1&2 or Guest House,Res.1&2 or Guest House,1000_9999,1,zero,Res.1&2 or Guest House,Res.1&2 or Guest House,0,,not_applicable,knn,
PRCS20220838605,Commercial,Revision - Building,New Construction,1,1500,0,Commercial,Commercial,le_1,0,nonzero,Commercial,Commercial,0,,not_applicable,knn,
PRCS20220838605,Commercial,Revision - Building,New Construction,85000000,311000,0,Commercial,Commercial,100000_plus,0,nonzero,Commercial,,1,Commercial,knn,knn,1.0
PRCS20221256528,Commercial,Revision - Building,Addition,70000,0,1,Commercial,Commercial,10000_99999,1,zero,Commercial,Commercial,0,,not_applicable,knn,
PRCS20230521061,Commercial,Revision - Building,New Construction,1,0,1,Commercial,Commercial,le_1,1,zero,Commercial,Commercial,0,,not_applicable,knn,
PRCS20230521061,Commercial,Revision - Building,New Construction,1,5442,0,Commercial,Commercial,le_1,0,nonzero,Commercial,Commercial,0,,not_applicable,knn,
PRCS20230623108,Commercial,Revision - Building,Alteration/Remodel,10000,0,1,Commercial,Commercial,10000_99999,1,zero,Commercial,,1,Commercial,knn,knn,1.0
PRCS20230627759,Commercial,Revision - Building,New Construction,1,2500,0,Commercial,Commercial,le_1,0,nonzero,Commercial,Commercial,0,,not_applicable,knn,
PRCS20230834667,Commercial,Revision - Building,New Construction,2500000,4302,0,Commercial,Commercial,100000_plus,0,nonzero,Commercial,Commercial,0,,not_applicable,knn,
PRCS20231041630,Commercial,Building,New Construction,33000000,94771,1,Commercial,Commercial,100000_plus,1,nonzero,Commercial,Commercial,0,,not_applicable,knn,
PRCS20231043211,Commercial,Building,Alteration/Remodel,78394,9114,1,Commercial,Commercial,10000_99999,1,nonzero,Commercial,,1,Residential-Multi-Family,knn,knn,1.0
PRCS20231146140,Commercial,Revision - Building,New Construction,50000,105628,1,Commercial,Commercial,10000_99999,1,nonzero,Commercial,,1,Res.1&2 or Guest House,knn,knn,0.8
PRCS20231249549,Commercial,Revision - Building,New Construction,1,0,1,Commercial,Commercial,le_1,1,zero,Commercial,,1,Residential-Multi-Family,knn,knn,1.0
PRCS20231251630,Commercial,Revision - Building,New Construction,140000,24400,1,Commercial,Commercial,100000_plus,1,nonzero,Commercial,,1,Residential-Multi-Family,knn,knn,0.8
PRCS20231251788,Commercial,Revision - Building,Alteration/Remodel,1,0,1,Commercial,Commercial,le_1,1,zero,Commercial,Commercial,0,,not_applicable,knn,
PRCS20231252058,Commercial,Revision - Building,Alteration/Remodel,1,0,1,Commercial,Commercial,le_1,1,zero,Commercial,,1,Residential-Multi-Family,knn,knn,1.0
PRCS20240204859,Commercial,Revision - Building,Alteration/Remodel,10,21086,0,Commercial,Commercial,2_999,0,nonzero,Commercial,Commercial,0,,not_applicable,knn,
PRCS20240205976,Commercial,Revision - Building,New Construction,1,0,1,Commercial,Commercial,le_1,1,zero,Commercial,Commercial,0,,not_applicable,knn,
PRCS20240206508,Commercial,Revision - Building,Alteration/Remodel,25000,0,1,Not Identified,,10000_99999,1,zero,,,0,,not_applicable,knn,
PRCS20240309058,Commercial,Revision - Building,New Construction,100,10,0,Commercial,Commercial,2_999,0,nonzero,Commercial,,1,Res.1&2 or Guest House,knn,knn,0.8
PRCS20240310459,Commercial,Revision - Building,Alteration/Remodel,100,0,1,Not Identified,,2_999,1,zero,,,0,,not_applicable,knn,
PRCS20240312160,Commercial,Revision - Building,Alteration/Remodel,0.01,0,1,Commercial,Commercial,le_1,1,zero,Commercial,Commercial,0,,not_applicable,knn,
PRCS20240413235,Commercial,Revision - Building,Alteration/Remodel,100,0,1,Commercial,Commercial,2_999,1,zero,Commercial,Commercial,0,,not_applicable,knn,
PRCS20240415686,Commercial,Revision - Building,Alteration/Remodel,10,0,1,Commercial,Commercial,2_999,1,zero,Commercial,Commercial,0,,not_applicable,knn,
PRCS20240518895,Commercial,Revision - Building,New Construction,10,0,1,Commercial,Commercial,2_999,1,zero,Commercial,,1,Res.1&2 or Guest House,knn,knn,0.6
PRCS20240518899,Commercial,Revision - Building,New Construction,40000,20,0,Commercial,Commercial,10000_99999,0,nonzero,Commercial,Commercial,0,,not_applicable,knn,
PRCS20240522377,Commercial,Revision - Building,New Construction,1,0,1,Commercial,Commercial,le_1,1,zero,Commercial,Commercial,0,,not_applicable,knn,
PRCS20240623744,Commercial,Building,New Construction,1800000,3326,1,Commercial,Commercial,100000_plus,1,nonzero,Commercial,Commercial,0,,not_applicable,knn,
PRCS20240624496,Commercial,Revision - Building,Alteration/Remodel,1,0,1,Commercial,Commercial,le_1,1,zero,Commercial,Commercial,0,,not_applicable,knn,
PRCS20240626991,Commercial,Building,Alteration/Remodel,100500,2203,1,Not Identified,,100000_plus,1,nonzero,,,0,,not_applicable,knn,
PRCS20240730156,Commercial,Revision - Building,Alteration/Remodel,0.01,0,1,Commercial,Commercial,le_1,1,zero,Commercial,Commercial,0,,not_applicable,knn,
PRCS20240832679,Commercial,Revision - Building,Alteration/Remodel,6000,233,1,Commercial,Commercial,1000_9999,1,nonzero,Commercial,Commercial,0,,not_applicable,knn,
PRCS20240833420,Commercial,Revision - Building,New Construction,1,0,1,Commercial,Commercial,le_1,1,zero,Commercial,Commercial,0,,not_applicable,knn,
PRCS20240834636,Commercial,Revision - Building,Alteration/Remodel,1,0,1,Commercial,Commercial,le_1,1,zero,Commercial,Commercial,0,,not_applicable,knn,
PRCS20240937137,Commercial,Building,New Construction,500000,2729,1,Not Identified,,100000_plus,1,nonzero,,,0,,not_applicable,knn,
PRCS20240938774,Commercial,Revision - Building,Alteration/Remodel,1,0,1,Commercial,Commercial,le_1,1,zero,Commercial,Commercial,0,,not_applicable,knn,
PRCS20240939301,Commercial,Revision - Building,Alteration/Remodel,15000,0,1,Commercial,Commercial,10000_99999,1,zero,Commercial,,1,Commercial,knn,knn,1.0
PRCS20240939709,Commercial,Building,New Construction,6000000,11403,1,Commercial,Commercial,100000_plus,1,nonzero,Commercial,Commercial,0,,not_applicable,knn,
PRCS20241040278,Commercial,Revision - Building,Alteration/Remodel,3635,0,1,Commercial,Commercial,1000_9999,1,zero,Commercial,Commercial,0,,not_applicable,knn,
PRCS20241040857,Commercial,Building,New Construction,2800000,11270,1,Commercial,Commercial,100000_plus,1,nonzero,Commercial,,1,Commercial,knn,knn,0.8
PRCS20241041858,Commercial,Building,Alteration/Remodel,115000,100,1,Commercial,Commercial,100000_plus,1,nonzero,Commercial,Commercial,0,,not_applicable,knn,
PRCS20241042162,Commercial,Building,Alteration/Remodel,1800000,7310,1,Commercial,Commercial,100000_plus,1,nonzero,Commercial,Commercial,0,,not_applicable,knn,
PRCS20241042291,Commercial,Building,Alteration/Remodel,5000000,45508,1,Commercial,Commercial,100000_plus,1,nonzero,Commercial,Commercial,0,,not_applicable,knn,
PRCS20241042291,Commercial,Revision - Building,Alteration/Remodel,100,45508,1,Commercial,Commercial,2_999,1,nonzero,Commercial,Commercial,0,,not_applicable,knn,
PRCS20241042509,Commercial,Revision - Building,Alteration/Remodel,100,1,0,Commercial,Commercial,2_999,0,nonzero,Commercial,Commercial,0,,not_applicable,knn,
PRCS20241043301,Commercial,Revision - Building,Addition,1,0,1,Commercial,Commercial,le_1,1,zero,Commercial,Commercial,0,,not_applicable,knn,
PRCS20241043744,Commercial,Revision - Building,Alteration/Remodel,1,3815,1,Commercial,Commercial,le_1,1,nonzero,Commercial,Commercial,0,,not_applicable,knn,
PRCS20241144199,Commercial,Revision - Building,Alteration/Remodel,500,0,1,Commercial,Commercial,2_999,1,zero,Commercial,,1,Residential-Multi-Family,knn,knn,0.8
PRCS20241146527,Commercial,Building,Alteration/Remodel,345000,935,1,Commercial,Commercial,100000_plus,1,nonzero,Commercial,,1,Residential-Multi-Family,knn,knn,1.0
PRCS20241146763,Commercial,Revision - Building,Alteration/Remodel,50,82,1,Not Identified,,2_999,1,nonzero,,,0,,not_applicable,knn,
PRCS20241147230,Commercial,Building,Alteration/Remodel,800,200,1,Commercial,Commercial,2_999,1,nonzero,Commercial,Commercial,0,,not_applicable,knn,
PRCS20241147277,Commercial,Building,Alteration/Remodel,3300000,5888,1,Commercial,Commercial,100000_plus,1,nonzero,Commercial,Commercial,0,,not_applicable,knn,
PRCS20241147833,Commercial,Revision - Building,Alteration/Remodel,1,0,1,Commercial,Commercial,le_1,1,zero,Commercial,Commercial,0,,not_applicable,knn,
PRCS20241248043,Commercial,Revision - Building,Alteration/Remodel,1,0,1,Commercial,Commercial,le_1,1,zero,Commercial,,1,Residential-Multi-Family,knn,knn,1.0
PRCS20241250123,Commercial,Building,Alteration/Remodel,2600000,12807,1,Commercial,Commercial,100000_plus,1,nonzero,Commercial,Commercial,0,,not_applicable,knn,
PRCS20241250870,Commercial,Building,Alteration/Remodel,175000,1400,0,Not Identified,,100000_plus,0,nonzero,,,0,,not_applicable,knn,
PRCS20250100667,Commercial,Building,Alteration/Remodel,185000,2431,1,Not Identified,,100000_plus,1,nonzero,,,0,,not_applicable,knn,
PRCS20250101555,Commercial,Building,Alteration/Remodel,300000,3800,1,Not Identified,,100000_plus,1,nonzero,,,0,,not_applicable,knn,
PRCS20250103561,Commercial,Building,Alteration/Remodel,200000,22148,1,Commercial,Commercial,100000_plus,1,nonzero,Commercial,Commercial,0,,not_applicable,knn,
PRCS20250205988,Commercial,Building,Alteration/Remodel,65000,1499,1,Commercial,Commercial,10000_99999,1,nonzero,Commercial,Commercial,0,,not_applicable,knn,
PRCS20250206246,Commercial,Building,Alteration/Remodel,150000,2714,1,Not Identified,,100000_plus,1,nonzero,,,0,,not_applicable,knn,
PRCS20250206727,Commercial,Building,Alteration/Remodel,1000000,1300,1,Commercial,Commercial,100000_plus,1,nonzero,Commercial,,1,Residential-Multi-Family,knn,knn,1.0
PRCS20250207729,Commercial,Building,Alteration/Remodel,15000,3449,1,Commercial,Commercial,10000_99999,1,nonzero,Commercial,Commercial,0,,not_applicable,knn,
PRCS20250208141,Commercial,Building,Alteration/Remodel,60000,1200,1,Commercial,Commercial,10000_99999,1,nonzero,Commercial,,1,Residential-Multi-Family,knn,knn,1.0
PRCS20250208156,Commercial,Building,Alteration/Remodel,150000,1077,1,Commercial,Commercial,100000_plus,1,nonzero,Commercial,Commercial,0,,not_applicable,knn,
PRCS20250208472,Commercial,Building,Alteration/Remodel,98000,2831,1,Not Identified,,10000_99999,1,nonzero,,,0,,not_applicable,knn,
PRCS20250309662,Commercial,Building,Alteration/Remodel,425017,4000,1,Commercial,Commercial,100000_plus,1,nonzero,Commercial,,1,Residential-Multi-Family,knn,knn,1.0
PRCS20250309789,Commercial,Building,Alteration/Remodel,38612,902,1,Commercial,Commercial,10000_99999,1,nonzero,Commercial,Commercial,0,,not_applicable,knn,
PRCS20250310793,Commercial,Building,Alteration/Remodel,5000,350,1,Commercial,Commercial,1000_9999,1,nonzero,Commercial,Commercial,0,,not_applicable,knn,
PRCS20250312856,Commercial,Building,Alteration/Remodel,20800,198,0,Residential-Multi-Family,Residential-Multi-Family,10000_99999,0,nonzero,Residential-Multi-Family,Residential-Multi-Family,0,,not_applicable,knn,
PRCT20240938092,Commercial,Cell Tower,Alteration/Remodel,40000,0,1,Not Identified,,10000_99999,1,zero,,,0,,not_applicable,knn,
PRCT20241249014,Commercial,Cell Tower,Alteration/Remodel,80000,0,1,Commercial,Commercial,10000_99999,1,zero,Commercial,Commercial,0,,not_applicable,knn,
PRCT20250206097,Commercial,Cell Tower,Alteration/Remodel,75500,0,1,Not Identified,,10000_99999,1,zero,,,0,,not_applicable,knn,
PRCT20250310267,Commercial,Cell Tower,Alteration/Remodel,50000,0,1,Not Identified,,10000_99999,1,zero,,,0,,not_applicable,knn,
PRCU20250100113,Commercial,Certificate of Use,,,,,Not Identified,,missing,missing,missing,,,0,,not_applicable,knn,
PRCU20250102073,Commercial,Certificate of Use,,,,,Commercial,Commercial,missing,missing,missing,Commercial,Commercial,0,,not_applicable,knn,
PRCU20250205531,Commercial,Certificate of Use,,,,,Commercial,Commercial,missing,missing,missing,Commercial,,1,Commercial,knn,knn,1.0
PRCU20250309779,Commercial,Certificate of Use,,,,,Commercial,Commercial,missing,missing,missing,Commercial,Commercial,0,,not_applicable,knn,
PRCU20250310013,Commercial,Certificate of Use,,,,,Commercial,Commercial,missing,missing,missing,Commercial,Commercial,0,,not_applicable,knn,
PRCU20250310570,Commercial,Certificate of Use,,,,,Commercial,Commercial,missing,missing,missing,Commercial,Commercial,0,,not_applicable,knn,
PRCU20250310590,Commercial,Certificate of Use,,,,,Not Identified,,missing,missing,missing,,,0,,not_applicable,knn,
PRCU20250310798,Commercial,Certificate of Use,,,,,Commercial,Commercial,missing,missing,missing,Commercial,Commercial,0,,not_applicable,knn,
PRCU20250311041,Commercial,Certificate of Use,,,,,Commercial,Commercial,missing,missing,missing,Commercial,,1,Commercial,knn,knn,1.0
PRCU20250311182,Commercial,Certificate of Use,,,,,Commercial,Commercial,missing,missing,missing,Commercial,Commercial,0,,not_applicable,knn,
PRCU20250311264,Commercial,Certificate of Use,,,,,Commercial,Commercial,missing,missing,missing,Commercial,Commercial,0,,not_applicable,knn,
PRCU20250311390,Commercial,Certificate of Use,,,,,Commercial,Commercial,missing,missing,missing,Commercial,,1,Commercial,knn,knn,1.0
PRCU20250311581,Commercial,Certificate of Use,,,,,Commercial,Commercial,missing,missing,missing,Commercial,,1,Commercial,knn,knn,1.0
PRCU20250311622,Commercial,Certificate of Use,,,,,Commercial,Commercial,missing,missing,missing,Commercial,Commercial,0,,not_applicable,knn,
PRCU20250311645,Commercial,Certificate of Use,,,,,Commercial,Commercial,missing,missing,missing,Commercial,Commercial,0,,not_applicable,knn,
PRCU20250312126,Commercial,Certificate of Use,,,,,Commercial,Commercial,missing,missing,missing,Commercial,Commercial,0,,not_applicable,knn,
PRCU20250312263,Commercial,Certificate of Use,,,,,Commercial,Commercial,missing,missing,missing,Commercial,Commercial,0,,not_applicable,knn,
PRCU20250312755,Commercial,Certificate of Use,,,,,Commercial,Commercial,missing,missing,missing,Commercial,Commercial,0,,not_applicable,knn,
PRCU20250312872,Commercial,Certificate of Use,,,,,Commercial,Commercial,missing,missing,missing,Commercial,Commercial,0,,not_applicable,knn,
PRCU20250312967,Commercial,Certificate of Use,,,,,Commercial,Commercial,missing,missing,missing,Commercial,Commercial,0,,not_applicable,knn,
PRCU20250313308,Commercial,Certificate of Use,,,,,Commercial,Commercial,missing,missing,missing,Commercial,Commercial,0,,not_applicable,knn,
PRCU20250313366,Commercial,Certificate of Use,,,,,Commercial,Commercial,missing,missing,missing,Commercial,,1,Commercial,knn,knn,1.0
PRCU20250313401,Commercial,Certificate of Use,,,,,Commercial,Commercial,missing,missing,missing,Commercial,Commercial,0,,not_applicable,knn,
PRCU20250413780,Commercial,Certificate of Use,,,,,Commercial,Commercial,missing,missing,missing,Commercial,Commercial,0,,not_applicable,knn,
PRCU20250414017,Commercial,Certificate of Use,,,,,Not Identified,,missing,missing,missing,,,0,,not_applicable,knn,
PRCU20250414117,Commercial,Certificate of Use,,,,,Commercial,Commercial,missing,missing,missing,Commercial,Commercial,0,,not_applicable,knn,
PRCU20250414704,Commercial,Certificate of Use,,,,,Commercial,Commercial,missing,missing,missing,Commercial,Commercial,0,,not_applicable,knn,
PRCU20250415746,Commercial,Certificate of Use,,,,,Not Identified,,missing,missing,missing,,,0,,not_applicable,knn,
PRCU20250417783,Commercial,Certificate of Use,,,,,Commercial,Commercial,missing,missing,missing,Commercial,Commercial,0,,not_applicable,knn,
PRDM20230205385,1 to 2 Family,Revision - Building,Demolition,1,0,1,Res.1&2 or Guest House,Res.1&2 or Guest House,le_1,1,zero,Res.1&2 or Guest House,Res.1&2 or Guest House,0,,not_applicable,knn,
PRDM20240939667,1 to 2 Family,Demolition,Demolition,700,0,1,Res.1&2 or Guest House,Res.1&2 or Guest House,2_999,1,zero,Res.1&2 or Guest House,Res.1&2 or Guest House,0,,not_applicable,knn,
PRDM20250103673,Commercial,Demolition,Demolition,1500,0,1,Residential-Multi-Family,Residential-Multi-Family,1000_9999,1,zero,Residential-Multi-Family,Residential-Multi-Family,0,,not_applicable,knn,
PRDM20250204412,1 to 2 Family,Demolition,Demolition,17000,0,1,Res.1&2 or Guest House,Res.1&2 or Guest House,10000_99999,1,zero,Res.1&2 or Guest House,Res.1&2 or Guest House,0,,not_applicable,knn,
PRDM20250204753,Commercial,Demolition,Demolition,2000,0,1,Commercial,Commercial,1000_9999,1,zero,Commercial,,1,Residential-Multi-Family,knn,knn,1.0
PRDM20250309129,1 to 2 Family,Demolition,Demolition,1000,0,1,Res.1&2 or Guest House,Res.1&2 or Guest House,1000_9999,1,zero,Res.1&2 or Guest House,,1,Res.1&2 or Guest House,knn,knn,1.0
PRDM20250309748,Commercial,Demolition,Demolition,110000,0,1,Commercial,Commercial,100000_plus,1,zero,Commercial,Commercial,0,,not_applicable,knn,
PRDM20250310776,1 to 2 Family,Demolition,Demolition,14000,0,1,Res.1&2 or Guest House,Res.1&2 or Guest House,10000_99999,1,zero,Res.1&2 or Guest House,Res.1&2 or Guest House,0,,not_applicable,knn,
PRDM20250310783,1 to 2 Family,Demolition,Demolition,17000,0,1,Res.1&2 or Guest House,Res.1&2 or Guest House,10000_99999,1,zero,Res.1&2 or Guest House,,1,Res.1&2 or Guest House,knn,knn,1.0
PRDM20250310857,1 to 2 Family,Demolition,Demolition,14000,0,1,Res.1&2 or Guest House,Res.1&2 or Guest House,10000_99999,1,zero,Res.1&2 or Guest House,Res.1&2 or Guest House,0,,not_applicable,knn,
PRDM20250311035,Commercial,Demolition,Demolition,1,0,1,Not Identified,,le_1,1,zero,,,0,,not_applicable,knn,
PRDM20250311277,1 to 2 Family,Demolition,Demolition,13000,0,1,Res.1&2 or Guest House,Res.1&2 or Guest House,10000_99999,1,zero,Res.1&2 or Guest House,Res.1&2 or Guest House,0,,not_applicable,knn,
PRDM20250311703,1 to 2 Family,Demolition,Demolition,5500,0,1,Res.1&2 or Guest House,Res.1&2 or Guest House,1000_9999,1,zero,Res.1&2 or Guest House,Res.1&2 or Guest House,0,,not_applicable,knn,
PRDM20250311734,1 to 2 Family,Demolition,Demolition,19000,0,1,Res.1&2 or Guest House,Res.1&2 or Guest House,10000_99999,1,zero,Res.1&2 or Guest House,Res.1&2 or Guest House,0,,not_applicable,knn,
PRDM20250312313,1 to 2 Family,Demolition,Demolition,2300,0,1,Res.1&2 or Guest House,Res.1&2 or Guest House,1000_9999,1,zero,Res.1&2 or Guest House,Res.1&2 or Guest House,0,,not_applicable,knn,
PRDM20250312344,1 to 2 Family,Demolition,Demolition,100,0,1,Res.1&2 or Guest House,Res.1&2 or Guest House,2_999,1,zero,Res.1&2 or Guest House,,1,Res.1&2 or Guest House,knn,knn,1.0
PRDM20250312432,Commercial,Demolition,Demolition,15000,0,0,Residential-Multi-Family,Residential-Multi-Family,10000_99999,0,zero,Residential-Multi-Family,Residential-Multi-Family,0,,not_applicable,knn,
PRDM20250312450,1 to 2 Family,Demolition,Demolition,16000,0,1,Res.1&2 or Guest House,Res.1&2 or Guest House,10000_99999,1,zero,Res.1&2 or Guest House,,1,Res.1&2 or Guest House,knn,knn,1.0
PRDM20250312451,Commercial,Demolition,Demolition,13285,0,1,Commercial,Commercial,10000_99999,1,zero,Commercial,Commercial,0,,not_applicable,knn,
PRDM20250312515,1 to 2 Family,Demolition,Demolition,8000,0,1,Res.1&2 or Guest House,Res.1&2 or Guest House,1000_9999,1,zero,Res.1&2 or Guest House,Res.1&2 or Guest House,0,,not_applicable,knn,
PRDM20250312808,1 to 2 Family,Demolition,Demolition,2500,0,1,Res.1&2 or Guest House,Res.1&2 or Guest House,1000_9999,1,zero,Res.1&2 or Guest House,Res.1&2 or Guest House,0,,not_applicable,knn,
PRDM20250313052,1 to 2 Family,Demolition,Demolition,1500,0,1,Res.1&2 or Guest House,Res.1&2 or Guest House,1000_9999,1,zero,Res.1&2 or Guest House,Res.1&2 or Guest House,0,,not_applicable,knn,
PRDM20250313063,1 to 2 Family,Demolition,Demolition,4500,0,1,Res.1&2 or Guest House,Res.1&2 or Guest House,1000_9999,1,zero,Res.1&2 or Guest House,,1,Res.1&2 or Guest House,knn,knn,1.0
PRDM20250313323,1 to 2 Family,Demolition,Demolition,20000,0,1,Res.1&2 or Guest House,Res.1&2 or Guest House,10000_99999,1,zero,Res.1&2 or Guest House,Res.1&2 or Guest House,0,,not_applicable,knn,
PRDM20250313423,1 to 2 Family,Demolition,Demolition,100,0,1,Res.1&2 or Guest House,Res.1&2 or Guest House,2_999,1,zero,Res.1&2 or Guest House,Res.1&2 or Guest House,0,,not_applicable,knn,
PRDM20250313452,1 to 2 Family,Demolition,Demolition,24000,0,1,Res.1&2 or Guest House,Res.1&2 or Guest House,10000_99999,1,zero,Res.1&2 or Guest House,Res.1&2 or Guest House,0,,not_applicable,knn,
PRDM20250413779,1 to 2 Family,Demolition,Demolition,7300,0,1,Res.1&2 or Guest House,Res.1&2 or Guest House,1000_9999,1,zero,Res.1&2 or Guest House,Res.1&2 or Guest House,0,,not_applicable,knn,
PRDM20250413784,1 to 2 Family,Demolition,Demolition,2000,0,1,Res.1&2 or Guest House,Res.1&2 or Guest House,1000_9999,1,zero,Res.1&2 or Guest House,,1,Res.1&2 or Guest House,knn,knn,1.0
PRDM20250413838,1 to 2 Family,Demolition,Demolition,1500,0,1,Res.1&2 or Guest House,Res.1&2 or Guest House,1000_9999,1,zero,Res.1&2 or Guest House,,1,Res.1&2 or Guest House,knn,knn,1.0
PRDM20250414008,1 to 2 Family,Demolition,Demolition,4000,0,1,Res.1&2 or Guest House,Res.1&2 or Guest House,1000_9999,1,zero,Res.1&2 or Guest House,Res.1&2 or Guest House,0,,not_applicable,knn,
PRDM20250414206,Commercial,Demolition,Demolition,294500,0,0,Not Identified,,100000_plus,0,zero,,,0,,not_applicable,knn,
PRDM20250414543,1 to 2 Family,Demolition,Demolition,12000,0,1,Res.1&2 or Guest House,Res.1&2 or Guest House,10000_99999,1,zero,Res.1&2 or Guest House,Res.1&2 or Guest House,0,,not_applicable,knn,
PRDM20250414737,1 to 2 Family,Demolition,Demolition,25000,0,1,Res.1&2 or Guest House,Res.1&2 or Guest House,10000_99999,1,zero,Res.1&2 or Guest House,,1,Res.1&2 or Guest House,knn,knn,1.0
PRDM20250415067,1 to 2 Family,Demolition,Demolition,30000,0,1,Res.1&2 or Guest House,Res.1&2 or Guest House,10000_99999,1,zero,Res.1&2 or Guest House,Res.1&2 or Guest House,0,,not_applicable,knn,
PRDM20250415272,Commercial,Demolition,Demolition,60000,0,1,Commercial,Commercial,10000_99999,1,zero,Commercial,Commercial,0,,not_applicable,knn,
PRDM20250415611,1 to 2 Family,Demolition,Demolition,33000,0,1,Res.1&2 or Guest House,Res.1&2 or Guest House,10000_99999,1,zero,Res.1&2 or Guest House,,1,Res.1&2 or Guest House,knn,knn,1.0
PRDM20250415620,Commercial,Demolition,Demolition,8000,0,0,Commercial,Commercial,1000_9999,0,zero,Commercial,Commercial,0,,not_applicable,knn,
PRDM20250415741,1 to 2 Family,Demolition,Demolition,25700,0,1,Res.1&2 or Guest House,Res.1&2 or Guest House,10000_99999,1,zero,Res.1&2 or Guest House,Res.1&2 or Guest House,0,,not_applicable,knn,
PRDM20250416236,1 to 2 Family,Demolition,Demolition,15000,0,1,Res.1&2 or Guest House,Res.1&2 or Guest House,10000_99999,1,zero,Res.1&2 or Guest House,,1,Res.1&2 or Guest House,knn,knn,1.0
PRDM20250416511,1 to 2 Family,Demolition,Demolition,11000,0,1,Res.1&2 or Guest House,Res.1&2 or Guest House,10000_99999,1,zero,Res.1&2 or Guest House,Res.1&2 or Guest House,0,,not_applicable,knn,
PRDM20250417415,1 to 2 Family,Demolition,Demolition,16000,0,1,Res.1&2 or Guest House,Res.1&2 or Guest House,10000_99999,1,zero,Res.1&2 or Guest House,Res.1&2 or Guest House,0,,not_applicable,knn,
PRDM20250417419,1 to 2 Family,Demolition,Demolition,16000,0,1,Res.1&2 or Guest House,Res.1&2 or Guest House,10000_99999,1,zero,Res.1&2 or Guest House,Res.1&2 or Guest House,0,,not_applicable,knn,
PRDM20250417688,1 to 2 Family,Demolition,Demolition,100,0,1,Res.1&2 or Guest House,Res.1&2 or Guest House,2_999,1,zero,Res.1&2 or Guest House,Res.1&2 or Guest House,0,,not_applicable,knn,
PRDM20250417847,1 to 2 Family,Demolition,Demolition,100,0,0,Not Identified,,2_999,0,zero,,,0,,not_applicable,knn,
PRDM20250418129,1 to 2 Family,Demolition,Demolition,7000,0,1,Res.1&2 or Guest House,Res.1&2 or Guest House,1000_9999,1,zero,Res.1&2 or Guest House,Res.1&2 or Guest House,0,,not_applicable,knn,
PREL20190100730,1 to 2 Family,Electrical,Alteration/Remodel,1200,0,1,Res.1&2 or Guest House,Res.1&2 or Guest House,1000_9999,1,zero,Res.1&2 or Guest House,Res.1&2 or Guest House,0,,not_applicable,knn,
PREL20221150258,1 to 2 Family,Revision - Electrical,Alteration/Remodel,1,0,0,Res.1&2 or Guest House,Res.1&2 or Guest House,le_1,0,zero,Res.1&2 or Guest House,,1,Res.1&2 or Guest House,knn,knn,1.0
PREL20230833958,1 to 2 Family,Revision - Electrical,Alteration/Remodel,1,0,1,Res.1&2 or Guest House,Res.1&2 or Guest House,le_1,1,zero,Res.1&2 or Guest House,,1,Res.1&2 or Guest House,knn,knn,1.0
PREL20240101493,1 to 2 Family,Revision - Electrical,Alteration/Remodel,0,0,0,Res.1&2 or Guest House,Res.1&2 or Guest House,le_1,0,zero,Res.1&2 or Guest House,Res.1&2 or Guest House,0,,not_applicable,knn,
PREL20240312071,1 to 2 Family,Revision - Electrical,Alteration/Remodel,1,0,0,Res.1&2 or Guest House,Res.1&2 or Guest House,le_1,0,zero,Res.1&2 or Guest House,Res.1&2 or Guest House,0,,not_applicable,knn,
PREL20240413151,Commercial,Electrical,Alteration/Remodel,28000,0,1,Commercial,Commercial,10000_99999,1,zero,Commercial,,1,Commercial,knn,knn,0.6
PREL20240413955,Commercial,Revision - Electrical,Alteration/Remodel,1,0,0,Not Identified,,le_1,0,zero,,,0,,not_applicable,knn,
PREL20240521372,Commercial,Electrical,Alteration/Remodel,73500,0,1,Commercial,Commercial,10000_99999,1,zero,Commercial,Commercial,0,,not_applicable,knn,
PREL20240522764,1 to 2 Family,Revision - Electrical,Alteration/Remodel,1,0,1,Res.1&2 or Guest House,Res.1&2 or Guest House,le_1,1,zero,Res.1&2 or Guest House,Res.1&2 or Guest House,0,,not_applicable,knn,
PREL20240623989,1 to 2 Family,Revision - Electrical,Alteration/Remodel,1,0,1,Res.1&2 or Guest House,Res.1&2 or Guest House,le_1,1,zero,Res.1&2 or Guest House,,1,Res.1&2 or Guest House,knn,knn,1.0
PREL20240624652,1 to 2 Family,Revision - Electrical,Alteration/Remodel,1,0,1,Res.1&2 or Guest House,Res.1&2 or Guest House,le_1,1,zero,Res.1&2 or Guest House,,1,Res.1&2 or Guest House,knn,knn,1.0
PREL20240625551,1 to 2 Family,Revision - Electrical,Alteration/Remodel,50,0,1,Res.1&2 or Guest House,Res.1&2 or Guest House,2_999,1,zero,Res.1&2 or Guest House,Res.1&2 or Guest House,0,,not_applicable,knn,
PREL20240625752,Commercial,Revision - Electrical,Alteration/Remodel,1,0,1,Residential-Multi-Family,Residential-Multi-Family,le_1,1,zero,Residential-Multi-Family,Residential-Multi-Family,0,,not_applicable,knn,
PREL20240728900,1 to 2 Family,Revision - Electrical,Alteration/Remodel,50,0,1,Res.1&2 or Guest House,Res.1&2 or Guest House,2_999,1,zero,Res.1&2 or Guest House,Res.1&2 or Guest House,0,,not_applicable,knn,
PREL20240832034,1 to 2 Family,Revision - Electrical,Alteration/Remodel,5,0,1,Res.1&2 or Guest House,Res.1&2 or Guest House,2_999,1,zero,Res.1&2 or Guest House,Res.1&2 or Guest House,0,,not_applicable,knn,
PREL20240833437,1 to 2 Family,Revision - Electrical,Alteration/Remodel,1,0,1,Res.1&2 or Guest House,Res.1&2 or Guest House,le_1,1,zero,Res.1&2 or Guest House,,1,Res.1&2 or Guest House,knn,knn,1.0
PREL20240834605,Commercial,Electrical,Alteration/Remodel,2450,0,1,Commercial,Commercial,1000_9999,1,zero,Commercial,Commercial,0,,not_applicable,knn,
PREL20240834912,1 to 2 Family,Revision - Electrical,Alteration/Remodel,5,0,1,Res.1&2 or Guest House,Res.1&2 or Guest House,2_999,1,zero,Res.1&2 or Guest House,,1,Res.1&2 or Guest House,knn,knn,1.0
PREL20240835046,1 to 2 Family,Revision - Electrical,Alteration/Remodel,1,0,0,Res.1&2 or Guest House,Res.1&2 or Guest House,le_1,0,zero,Res.1&2 or Guest House,,1,Res.1&2 or Guest House,knn,knn,1.0
PREL20240835564,Commercial,Electrical,Alteration/Remodel,20240,0,1,Commercial,Commercial,10000_99999,1,zero,Commercial,Commercial,0,,not_applicable,knn,
PREL20240835874,1 to 2 Family,Revision - Electrical,Alteration/Remodel,1,0,1,Res.1&2 or Guest House,Res.1&2 or Guest House,le_1,1,zero,Res.1&2 or Guest House,Res.1&2 or Guest House,0,,not_applicable,knn,
PREL20240936602,1 to 2 Family,Revision - Electrical,Alteration/Remodel,1,0,0,Res.1&2 or Guest House,Res.1&2 or Guest House,le_1,0,zero,Res.1&2 or Guest House,Res.1&2 or Guest House,0,,not_applicable,knn,
PREL20240937174,Commercial,Revision - Electrical,Alteration/Remodel,1000,0,1,Residential-Multi-Family,Residential-Multi-Family,1000_9999,1,zero,Residential-Multi-Family,,1,Residential-Multi-Family,knn,knn,0.6
PREL20240937603,Commercial,Revision - Electrical,Alteration/Remodel,1500,0,0,Residential-Multi-Family,Residential-Multi-Family,1000_9999,0,zero,Residential-Multi-Family,Residential-Multi-Family,0,,not_applicable,knn,
PREL20240937721,1 to 2 Family,Electrical,Alteration/Remodel,16000,0,1,Res.1&2 or Guest House,Res.1&2 or Guest House,10000_99999,1,zero,Res.1&2 or Guest House,Res.1&2 or Guest House,0,,not_applicable,knn,
PREL20241041929,1 to 2 Family,Revision - Electrical,Alteration/Remodel,100,0,1,Res.1&2 or Guest House,Res.1&2 or Guest House,2_999,1,zero,Res.1&2 or Guest House,Res.1&2 or Guest House,0,,not_applicable,knn,
PREL20241042108,1 to 2 Family,Revision - Electrical,Alteration/Remodel,1,0,1,Res.1&2 or Guest House,Res.1&2 or Guest House,le_1,1,zero,Res.1&2 or Guest House,Res.1&2 or Guest House,0,,not_applicable,knn,
PREL20241042557,1 to 2 Family,Revision - Electrical,Alteration/Remodel,5996,0,0,Res.1&2 or Guest House,Res.1&2 or Guest House,1000_9999,0,zero,Res.1&2 or Guest House,Res.1&2 or Guest House,0,,not_applicable,knn,
PREL20241042711,1 to 2 Family,Electrical,Alteration/Remodel,1200,0,1,Res.1&2 or Guest House,Res.1&2 or Guest House,1000_9999,1,zero,Res.1&2 or Guest House,Res.1&2 or Guest House,0,,not_applicable,knn,
PREL20241144868,1 to 2 Family,Electrical,Alteration/Remodel,1800,0,1,Res.1&2 or Guest House,Res.1&2 or Guest House,1000_9999,1,zero,Res.1&2 or Guest House,,1,Res.1&2 or Guest House,knn,knn,1.0
PREL20241145238,Commercial,Revision - Electrical,Alteration/Remodel,1500,0,1,Not Identified,,1000_9999,1,zero,,,0,,not_applicable,knn,
PREL20241146153,1 to 2 Family,Revision - Electrical,Alteration/Remodel,1,0,1,Res.1&2 or Guest House,Res.1&2 or Guest House,le_1,1,zero,Res.1&2 or Guest House,,1,Res.1&2 or Guest House,knn,knn,1.0
PREL20241146153,1 to 2 Family,Revision - Electrical,Alteration/Remodel,1,0,1,Res.1&2 or Guest House,Res.1&2 or Guest House,le_1,1,zero,Res.1&2 or Guest House,Res.1&2 or Guest House,0,,not_applicable,knn,
PREL20241146901,1 to 2 Family,Revision - Electrical,Alteration/Remodel,2000,0,0,Res.1&2 or Guest House,Res.1&2 or Guest House,1000_9999,0,zero,Res.1&2 or Guest House,Res.1&2 or Guest House,0,,not_applicable,knn,
PREL20241146904,1 to 2 Family,Revision - Electrical,Alteration/Remodel,2400,0,1,Res.1&2 or Guest House,Res.1&2 or Guest House,1000_9999,1,zero,Res.1&2 or Guest House,Res.1&2 or Guest House,0,,not_applicable,knn,
PREL20241146910,1 to 2 Family,Revision - Electrical,Alteration/Remodel,1500,0,0,Res.1&2 or Guest House,Res.1&2 or Guest House,1000_9999,0,zero,Res.1&2 or Guest House,Res.1&2 or Guest House,0,,not_applicable,knn,
PREL20241146913,1 to 2 Family,Revision - Electrical,Alteration/Remodel,2400,0,1,Res.1&2 or Guest House,Res.1&2 or Guest House,1000_9999,1,zero,Res.1&2 or Guest House,Res.1&2 or Guest House,0,,not_applicable,knn,
PREL20241147333,1 to 2 Family,Revision - Electrical,Alteration/Remodel,1,0,0,Res.1&2 or Guest House,Res.1&2 or Guest House,le_1,0,zero,Res.1&2 or Guest House,Res.1&2 or Guest House,0,,not_applicable,knn,
PREL20241147350,1 to 2 Family,Electrical,Alteration/Remodel,16139,0,1,Res.1&2 or Guest House,Res.1&2 or Guest House,10000_99999,1,zero,Res.1&2 or Guest House,,1,Res.1&2 or Guest House,knn,knn,1.0
PREL20241147587,1 to 2 Family,Revision - Electrical,Alteration/Remodel,1,0,1,Res.1&2 or Guest House,Res.1&2 or Guest House,le_1,1,zero,Res.1&2 or Guest House,,1,Res.1&2 or Guest House,knn,knn,1.0
PREL20241248557,1 to 2 Family,Revision - Electrical,Alteration/Remodel,1,0,1,Res.1&2 or Guest House,Res.1&2 or Guest House,le_1,1,zero,Res.1&2 or Guest House,Res.1&2 or Guest House,0,,not_applicable,knn,
PREL20241248675,1 to 2 Family,Electrical,Alteration/Remodel,17500,0,1,Res.1&2 or Guest House,Res.1&2 or Guest House,10000_99999,1,zero,Res.1&2 or Guest House,,1,Res.1&2 or Guest House,knn,knn,1.0
PREL20241248716,1 to 2 Family,Revision - Electrical,Alteration/Remodel,1,0,0,Res.1&2 or Guest House,Res.1&2 or Guest House,le_1,0,zero,Res.1&2 or Guest House,Res.1&2 or Guest House,0,,not_applicable,knn,
PREL20241248794,1 to 2 Family,Revision - Electrical,Alteration/Remodel,1,0,1,Res.1&2 or Guest House,Res.1&2 or Guest House,le_1,1,zero,Res.1&2 or Guest House,,1,Res.1&2 or Guest House,knn,knn,1.0
PREL20241249218,Commercial,Electrical,Alteration/Remodel,25000,0,1,Commercial,Commercial,10000_99999,1,zero,Commercial,Commercial,0,,not_applicable,knn,
PREL20241250487,1 to 2 Family,Revision - Electrical,Alteration/Remodel,1,0,1,Res.1&2 or Guest House,Res.1&2 or Guest House,le_1,1,zero,Res.1&2 or Guest House,Res.1&2 or Guest House,0,,not_applicable,knn,
PREL20241250761,1 to 2 Family,Electrical,Alteration/Remodel,19852,0,1,Res.1&2 or Guest House,Res.1&2 or Guest House,10000_99999,1,zero,Res.1&2 or Guest House,,1,Res.1&2 or Guest House,knn,knn,1.0
PREL20241250862,1 to 2 Family,Revision - Electrical,Alteration/Remodel,1,0,1,Res.1&2 or Guest House,Res.1&2 or Guest House,le_1,1,zero,Res.1&2 or Guest House,Res.1&2 or Guest House,0,,not_applicable,knn,
PREL20241250985,1 to 2 Family,Revision - Electrical,Alteration/Remodel,0.01,0,1,Res.1&2 or Guest House,Res.1&2 or Guest House,le_1,1,zero,Res.1&2 or Guest House,,1,Res.1&2 or Guest House,knn,knn,1.0
PREL20241251523,1 to 2 Family,Revision - Electrical,Alteration/Remodel,100,0,1,Res.1&2 or Guest House,Res.1&2 or Guest House,2_999,1,zero,Res.1&2 or Guest House,,1,Res.1&2 or Guest House,knn,knn,1.0
PREL20241251527,1 to 2 Family,Electrical,Alteration/Remodel,14138.8,0,1,Res.1&2 or Guest House,Res.1&2 or Guest House,10000_99999,1,zero,Res.1&2 or Guest House,,1,Res.1&2 or Guest House,knn,knn,1.0
PREL20241251568,1 to 2 Family,Electrical,Alteration/Remodel,23400,0,1,Res.1&2 or Guest House,Res.1&2 or Guest House,10000_99999,1,zero,Res.1&2 or Guest House,Res.1&2 or Guest House,0,,not_applicable,knn,
PREL20241251574,1 to 2 Family,Electrical,Alteration/Remodel,500,0,1,Res.1&2 or Guest House,Res.1&2 or Guest House,2_999,1,zero,Res.1&2 or Guest House,Res.1&2 or Guest House,0,,not_applicable,knn,
PREL20241251602,1 to 2 Family,Revision - Electrical,Alteration/Remodel,1,0,1,Res.1&2 or Guest House,Res.1&2 or Guest House,le_1,1,zero,Res.1&2 or Guest House,Res.1&2 or Guest House,0,,not_applicable,knn,
PREL20250100145,1 to 2 Family,Electrical,Alteration/Remodel,2400,0,1,Res.1&2 or Guest House,Res.1&2 or Guest House,1000_9999,1,zero,Res.1&2 or Guest House,,1,Res.1&2 or Guest House,knn,knn,1.0
PREL20250100294,1 to 2 Family,Revision - Electrical,Alteration/Remodel,1,0,1,Res.1&2 or Guest House,Res.1&2 or Guest House,le_1,1,zero,Res.1&2 or Guest House,Res.1&2 or Guest House,0,,not_applicable,knn,
PREL20250100294,1 to 2 Family,Revision - Electrical,Alteration/Remodel,1,0,1,Res.1&2 or Guest House,Res.1&2 or Guest House,le_1,1,zero,Res.1&2 or Guest House,Res.1&2 or Guest House,0,,not_applicable,knn,
PREL20250100309,1 to 2 Family,Revision - Electrical,Alteration/Remodel,1,0,1,Res.1&2 or Guest House,Res.1&2 or Guest House,le_1,1,zero,Res.1&2 or Guest House,Res.1&2 or Guest House,0,,not_applicable,knn,
PREL20250100497,1 to 2 Family,Revision - Electrical,Alteration/Remodel,1,0,1,Res.1&2 or Guest House,Res.1&2 or Guest House,le_1,1,zero,Res.1&2 or Guest House,Res.1&2 or Guest House,0,,not_applicable,knn,
PREL20250100678,1 to 2 Family,Revision - Electrical,Alteration/Remodel,1,0,0,Res.1&2 or Guest House,Res.1&2 or Guest House,le_1,0,zero,Res.1&2 or Guest House,Res.1&2 or Guest House,0,,not_applicable,knn,
PREL20250100896,1 to 2 Family,Electrical,Alteration/Remodel,39000,0,1,Res.1&2 or Guest House,Res.1&2 or Guest House,10000_99999,1,zero,Res.1&2 or Guest House,,1,Res.1&2 or Guest House,knn,knn,1.0
PREL20250101382,1 to 2 Family,Revision - Electrical,Alteration/Remodel,1,0,1,Res.1&2 or Guest House,Res.1&2 or Guest House,le_1,1,zero,Res.1&2 or Guest House,Res.1&2 or Guest House,0,,not_applicable,knn,
PREL20250101612,Commercial,Electrical,Alteration/Remodel,400,0,1,Residential-Multi-Family,Residential-Multi-Family,2_999,1,zero,Residential-Multi-Family,Residential-Multi-Family,0,,not_applicable,knn,
PREL20250101639,1 to 2 Family,Electrical,Alteration/Remodel,1000,0,1,Res.1&2 or Guest House,Res.1&2 or Guest House,1000_9999,1,zero,Res.1&2 or Guest House,Res.1&2 or Guest House,0,,not_applicable,knn,
PREL20250101659,1 to 2 Family,Electrical,Alteration/Remodel,20399,0,1,Res.1&2 or Guest House,Res.1&2 or Guest House,10000_99999,1,zero,Res.1&2 or Guest House,Res.1&2 or Guest House,0,,not_applicable,knn,
PREL20250101977,1 to 2 Family,Revision - Electrical,Alteration/Remodel,1,0,1,Res.1&2 or Guest House,Res.1&2 or Guest House,le_1,1,zero,Res.1&2 or Guest House,,1,Res.1&2 or Guest House,knn,knn,1.0
PREL20250102524,1 to 2 Family,Revision - Electrical,Alteration/Remodel,1,0,1,Res.1&2 or Guest House,Res.1&2 or Guest House,le_1,1,zero,Res.1&2 or Guest House,,1,Res.1&2 or Guest House,knn,knn,1.0
PREL20250102557,1 to 2 Family,Revision - Electrical,Alteration/Remodel,1,0,0,Res.1&2 or Guest House,Res.1&2 or Guest House,le_1,0,zero,Res.1&2 or Guest House,,1,Res.1&2 or Guest House,knn,knn,1.0
PREL20250103337,1 to 2 Family,Electrical,Alteration/Remodel,15820,0,1,Res.1&2 or Guest House,Res.1&2 or Guest House,10000_99999,1,zero,Res.1&2 or Guest House,Res.1&2 or Guest House,0,,not_applicable,knn,
PREL20250103445,1 to 2 Family,Revision - Electrical,Alteration/Remodel,1,0,0,Res.1&2 or Guest House,Res.1&2 or Guest House,le_1,0,zero,Res.1&2 or Guest House,Res.1&2 or Guest House,0,,not_applicable,knn,
PREL20250104118,1 to 2 Family,Electrical,Alteration/Remodel,20000,0,1,Res.1&2 or Guest House,Res.1&2 or Guest House,10000_99999,1,zero,Res.1&2 or Guest House,Res.1&2 or Guest House,0,,not_applicable,knn,
PREL20250104183,1 to 2 Family,Revision - Electrical,Alteration/Remodel,1,0,1,Res.1&2 or Guest House,Res.1&2 or Guest House,le_1,1,zero,Res.1&2 or Guest House,Res.1&2 or Guest House,0,,not_applicable,knn,
PREL20250104205,1 to 2 Family,Electrical,Alteration/Remodel,18693,0,1,Res.1&2 or Guest House,Res.1&2 or Guest House,10000_99999,1,zero,Res.1&2 or Guest House,Res.1&2 or Guest House,0,,not_applicable,knn,
PREL20250204321,Commercial,Electrical,Alteration/Remodel,45815,0,1,Commercial,Commercial,10000_99999,1,zero,Commercial,Commercial,0,,not_applicable,knn,
PREL20250204767,1 to 2 Family,Electrical,Alteration/Remodel,16499.04,0,1,Res.1&2 or Guest House,Res.1&2 or Guest House,10000_99999,1,zero,Res.1&2 or Guest House,Res.1&2 or Guest House,0,,not_applicable,knn,
PREL20250205182,Commercial,Electrical,Alteration/Remodel,2400,0,1,Not Identified,,1000_9999,1,zero,,,0,,not_applicable,knn,
PREL20250205442,Commercial,Electrical,Alteration/Remodel,100000,0,1,Not Identified,,100000_plus,1,zero,,,0,,not_applicable,knn,
PREL20250205701,1 to 2 Family,Electrical,Alteration/Remodel,23918.67,0,1,Res.1&2 or Guest House,Res.1&2 or Guest House,10000_99999,1,zero,Res.1&2 or Guest House,Res.1&2 or Guest House,0,,not_applicable,knn,
PREL20250205966,1 to 2 Family,Revision - Electrical,Alteration/Remodel,1,0,1,Res.1&2 or Guest House,Res.1&2 or Guest House,le_1,1,zero,Res.1&2 or Guest House,Res.1&2 or Guest House,0,,not_applicable,knn,
PREL20250205995,1 to 2 Family,Electrical,Alteration/Remodel,7000,0,1,Res.1&2 or Guest House,Res.1&2 or Guest House,1000_9999,1,zero,Res.1&2 or Guest House,Res.1&2 or Guest House,0,,not_applicable,knn,
PREL20250206020,1 to 2 Family,Electrical,Alteration/Remodel,16032,0,1,Res.1&2 or Guest House,Res.1&2 or Guest House,10000_99999,1,zero,Res.1&2 or Guest House,,1,Res.1&2 or Guest House,knn,knn,1.0
PREL20250206288,1 to 2 Family,Electrical,Alteration/Remodel,10380,0,1,Res.1&2 or Guest House,Res.1&2 or Guest House,10000_99999,1,zero,Res.1&2 or Guest House,Res.1&2 or Guest House,0,,not_applicable,knn,
PREL20250206309,1 to 2 Family,Revision - Electrical,Alteration/Remodel,1,0,1,Res.1&2 or Guest House,Res.1&2 or Guest House,le_1,1,zero,Res.1&2 or Guest House,Res.1&2 or Guest House,0,,not_applicable,knn,
PREL20250206336,1 to 2 Family,Revision - Electrical,Alteration/Remodel,1,0,1,Res.1&2 or Guest House,Res.1&2 or Guest House,le_1,1,zero,Res.1&2 or Guest House,Res.1&2 or Guest House,0,,not_applicable,knn,
PREL20250206367,1 to 2 Family,Electrical,Alteration/Remodel,2750,0,1,Res.1&2 or Guest House,Res.1&2 or Guest House,1000_9999,1,zero,Res.1&2 or Guest House,Res.1&2 or Guest House,0,,not_applicable,knn,
PREL20250206372,1 to 2 Family,Electrical,Alteration/Remodel,17316,0,1,Res.1&2 or Guest House,Res.1&2 or Guest House,10000_99999,1,zero,Res.1&2 or Guest House,Res.1&2 or Guest House,0,,not_applicable,knn,
PREL20250206514,1 to 2 Family,Revision - Electrical,Alteration/Remodel,1,0,1,Res.1&2 or Guest House,Res.1&2 or Guest House,le_1,1,zero,Res.1&2 or Guest House,Res.1&2 or Guest House,0,,not_applicable,knn,
PREL20250206667,1 to 2 Family,Revision - Electrical,Alteration/Remodel,1,0,0,Res.1&2 or Guest House,Res.1&2 or Guest House,le_1,0,zero,Res.1&2 or Guest House,Res.1&2 or Guest House,0,,not_applicable,knn,
PREL20250206721,1 to 2 Family,Electrical,Alteration/Remodel,21860,0,1,Res.1&2 or Guest House,Res.1&2 or Guest House,10000_99999,1,zero,Res.1&2 or Guest House,,1,Res.1&2 or Guest House,knn,knn,1.0
PREL20250206739,Commercial,Electrical,Alteration/Remodel,7344,0,1,Not Identified,,1000_9999,1,zero,,,0,,not_applicable,knn,
PREL20250207096,1 to 2 Family,Revision - Electrical,Alteration/Remodel,1,0,1,Res.1&2 or Guest House,Res.1&2 or Guest House,le_1,1,zero,Res.1&2 or Guest House,Res.1&2 or Guest House,0,,not_applicable,knn,
PREL20250207189,Commercial,Electrical,Alteration/Remodel,2000,0,1,Residential-Multi-Family,Residential-Multi-Family,1000_9999,1,zero,Residential-Multi-Family,,1,Residential-Multi-Family,knn,knn,0.8
PREL20250207485,1 to 2 Family,Electrical,Alteration/Remodel,18968.95,0,1,Res.1&2 or Guest House,Res.1&2 or Guest House,10000_99999,1,zero,Res.1&2 or Guest House,Res.1&2 or Guest House,0,,not_applicable,knn,
PREL20250207507,1 to 2 Family,Electrical,Alteration/Remodel,1800,0,1,Res.1&2 or Guest House,Res.1&2 or Guest House,1000_9999,1,zero,Res.1&2 or Guest House,Res.1&2 or Guest House,0,,not_applicable,knn,
PREL20250207643,1 to 2 Family,Electrical,Alteration/Remodel,15000,0,1,Res.1&2 or Guest House,Res.1&2 or Guest House,10000_99999,1,zero,Res.1&2 or Guest House,Res.1&2 or Guest House,0,,not_applicable,knn,
PREL20250207752,1 to 2 Family,Electrical,Alteration/Remodel,18693,0,1,Res.1&2 or Guest House,Res.1&2 or Guest House,10000_99999,1,zero,Res.1&2 or Guest House,,1,Res.1&2 or Guest House,knn,knn,1.0
PREL20250208071,Commercial,Electrical,Alteration/Remodel,16304,0,1,Residential-Multi-Family,Residential-Multi-Family,10000_99999,1,zero,Residential-Multi-Family,Residential-Multi-Family,0,,not_applicable,knn,
PREL20250208213,1 to 2 Family,Electrical,Alteration/Remodel,16970,0,1,Res.1&2 or Guest House,Res.1&2 or Guest House,10000_99999,1,zero,Res.1&2 or Guest House,,1,Res.1&2 or Guest House,knn,knn,1.0
PREL20250208262,Commercial,Electrical,Alteration/Remodel,5000,0,1,Not Identified,,1000_9999,1,zero,,,0,,not_applicable,knn,
PREL20250208275,Commercial,Electrical,Alteration/Remodel,30251,0,1,Residential-Multi-Family,Residential-Multi-Family,10000_99999,1,zero,Residential-Multi-Family,Residential-Multi-Family,0,,not_applicable,knn,
PREL20250208278,1 to 2 Family,Electrical,Alteration/Remodel,26600,0,1,Res.1&2 or Guest House,Res.1&2 or Guest House,10000_99999,1,zero,Res.1&2 or Guest House,Res.1&2 or Guest House,0,,not_applicable,knn,
PREL20250208278,1 to 2 Family,Revision - Electrical,Alteration/Remodel,1,0,1,Res.1&2 or Guest House,Res.1&2 or Guest House,le_1,1,zero,Res.1&2 or Guest House,Res.1&2 or Guest House,0,,not_applicable,knn,
PREL20250208286,1 to 2 Family,Revision - Electrical,Alteration/Remodel,2000,0,0,Res.1&2 or Guest House,Res.1&2 or Guest House,1000_9999,0,zero,Res.1&2 or Guest House,Res.1&2 or Guest House,0,,not_applicable,knn,
PREL20250208299,1 to 2 Family,Electrical,Alteration/Remodel,14844,0,1,Res.1&2 or Guest House,Res.1&2 or Guest House,10000_99999,1,zero,Res.1&2 or Guest House,Res.1&2 or Guest House,0,,not_applicable,knn,
PREL20250208345,Commercial,Electrical,Alteration/Remodel,34000,0,1,Commercial,Commercial,10000_99999,1,zero,Commercial,Commercial,0,,not_applicable,knn,
PREL20250208398,Commercial,Electrical,Alteration/Remodel,10000,0,1,Commercial,Commercial,10000_99999,1,zero,Commercial,Commercial,0,,not_applicable,knn,
PREL20250208654,1 to 2 Family,Electrical,Alteration/Remodel,19113,0,1,Res.1&2 or Guest House,Res.1&2 or Guest House,10000_99999,1,zero,Res.1&2 or Guest House,Res.1&2 or Guest House,0,,not_applicable,knn,
PREL20250208672,1 to 2 Family,Electrical,Alteration/Remodel,15810,0,1,Res.1&2 or Guest House,Res.1&2 or Guest House,10000_99999,1,zero,Res.1&2 or Guest House,Res.1&2 or Guest House,0,,not_applicable,knn,
PREL20250208683,1 to 2 Family,Electrical,Alteration/Remodel,15800,0,1,Res.1&2 or Guest House,Res.1&2 or Guest House,10000_99999,1,zero,Res.1&2 or Guest House,Res.1&2 or Guest House,0,,not_applicable,knn,
PREL20250208686,1 to 2 Family,Electrical,Alteration/Remodel,15410,0,1,Res.1&2 or Guest House,Res.1&2 or Guest House,10000_99999,1,zero,Res.1&2 or Guest House,Res.1&2 or Guest House,0,,not_applicable,knn,
PREL20250308791,Commercial,Electrical,Alteration/Remodel,21021.52,0,1,Commercial,Commercial,10000_99999,1,zero,Commercial,Commercial,0,,not_applicable,knn,
PREL20250308822,Commercial,Electrical,Alteration/Remodel,1200,0,0,Commercial,Commercial,1000_9999,0,zero,Commercial,Commercial,0,,not_applicable,knn,
PREL20250308823,Commercial,Electrical,Alteration/Remodel,1200,0,0,Commercial,Commercial,1000_9999,0,zero,Commercial,Commercial,0,,not_applicable,knn,
PREL20250308826,1 to 2 Family,Electrical,Alteration/Remodel,14750,0,1,Res.1&2 or Guest House,Res.1&2 or Guest House,10000_99999,1,zero,Res.1&2 or Guest House,Res.1&2 or Guest House,0,,not_applicable,knn,
PREL20250308829,1 to 2 Family,Electrical,Alteration/Remodel,16350,0,1,Res.1&2 or Guest House,Res.1&2 or Guest House,10000_99999,1,zero,Res.1&2 or Guest House,,1,Res.1&2 or Guest House,knn,knn,1.0
PREL20250308832,1 to 2 Family,Electrical,Alteration/Remodel,16145,0,1,Res.1&2 or Guest House,Res.1&2 or Guest House,10000_99999,1,zero,Res.1&2 or Guest House,Res.1&2 or Guest House,0,,not_applicable,knn,
PREL20250308869,1 to 2 Family,Electrical,Alteration/Remodel,12357.5,0,1,Res.1&2 or Guest House,Res.1&2 or Guest House,10000_99999,1,zero,Res.1&2 or Guest House,,1,Res.1&2 or Guest House,knn,knn,1.0
PREL20250308877,1 to 2 Family,Electrical,Alteration/Remodel,12000,0,1,Res.1&2 or Guest House,Res.1&2 or Guest House,10000_99999,1,zero,Res.1&2 or Guest House,Res.1&2 or Guest House,0,,not_applicable,knn,
PREL20250308903,1 to 2 Family,Electrical,Alteration/Remodel,14840,0,1,Res.1&2 or Guest House,Res.1&2 or Guest House,10000_99999,1,zero,Res.1&2 or Guest House,Res.1&2 or Guest House,0,,not_applicable,knn,
PREL20250308949,1 to 2 Family,Electrical,Alteration/Remodel,16075,0,1,Res.1&2 or Guest House,Res.1&2 or Guest House,10000_99999,1,zero,Res.1&2 or Guest House,Res.1&2 or Guest House,0,,not_applicable,knn,
PREL20250308951,1 to 2 Family,Electrical,Alteration/Remodel,17111,0,1,Res.1&2 or Guest House,Res.1&2 or Guest House,10000_99999,1,zero,Res.1&2 or Guest House,Res.1&2 or Guest House,0,,not_applicable,knn,
PREL20250308998,Commercial,Electrical,Alteration/Remodel,2091,0,0,Residential-Multi-Family,Residential-Multi-Family,1000_9999,0,zero,Residential-Multi-Family,Residential-Multi-Family,0,,not_applicable,knn,
PREL20250309008,1 to 2 Family,Electrical,Alteration/Remodel,18407,0,1,Res.1&2 or Guest House,Res.1&2 or Guest House,10000_99999,1,zero,Res.1&2 or Guest House,Res.1&2 or Guest House,0,,not_applicable,knn,
PREL20250309015,1 to 2 Family,Electrical,Alteration/Remodel,24075,0,1,Res.1&2 or Guest House,Res.1&2 or Guest House,10000_99999,1,zero,Res.1&2 or Guest House,Res.1&2 or Guest House,0,,not_applicable,knn,
PREL20250309026,1 to 2 Family,Electrical,Alteration/Remodel,14390,0,1,Res.1&2 or Guest House,Res.1&2 or Guest House,10000_99999,1,zero,Res.1&2 or Guest House,Res.1&2 or Guest House,0,,not_applicable,knn,
PREL20250309050,1 to 2 Family,Electrical,Alteration/Remodel,16212,0,1,Res.1&2 or Guest House,Res.1&2 or Guest House,10000_99999,1,zero,Res.1&2 or Guest House,Res.1&2 or Guest House,0,,not_applicable,knn,
PREL20250309063,1 to 2 Family,Electrical,Alteration/Remodel,38017,0,1,Res.1&2 or Guest House,Res.1&2 or Guest House,10000_99999,1,zero,Res.1&2 or Guest House,,1,Res.1&2 or Guest House,knn,knn,1.0
PREL20250309083,Commercial,Electrical,Alteration/Remodel,850,0,1,Residential-Multi-Family,Residential-Multi-Family,2_999,1,zero,Residential-Multi-Family,,1,Residential-Multi-Family,knn,knn,0.75
PREL20250309108,1 to 2 Family,Electrical,Alteration/Remodel,14250,0,1,Res.1&2 or Guest House,Res.1&2 or Guest House,10000_99999,1,zero,Res.1&2 or Guest House,Res.1&2 or Guest House,0,,not_applicable,knn,
PREL20250309111,1 to 2 Family,Electrical,Alteration/Remodel,19183.150000000001,0,1,Res.1&2 or Guest House,Res.1&2 or Guest House,10000_99999,1,zero,Res.1&2 or Guest House,Res.1&2 or Guest House,0,,not_applicable,knn,
PREL20250309128,1 to 2 Family,Electrical,Alteration/Remodel,17102,0,1,Res.1&2 or Guest House,Res.1&2 or Guest House,10000_99999,1,zero,Res.1&2 or Guest House,Res.1&2 or Guest House,0,,not_applicable,knn,
PREL20250309142,1 to 2 Family,Electrical,Alteration/Remodel,17693,0,1,Res.1&2 or Guest House,Res.1&2 or Guest House,10000_99999,1,zero,Res.1&2 or Guest House,,1,Res.1&2 or Guest House,knn,knn,1.0
PREL20250309154,1 to 2 Family,Electrical,Alteration/Remodel,13250,0,1,Res.1&2 or Guest House,Res.1&2 or Guest House,10000_99999,1,zero,Res.1&2 or Guest House,Res.1&2 or Guest House,0,,not_applicable,knn,
PREL20250309185,1 to 2 Family,Electrical,Alteration/Remodel,2300,0,1,Res.1&2 or Guest House,Res.1&2 or Guest House,1000_9999,1,zero,Res.1&2 or Guest House,Res.1&2 or Guest House,0,,not_applicable,knn,
PREL20250309206,1 to 2 Family,Electrical,Alteration/Remodel,16063.3,0,1,Res.1&2 or Guest House,Res.1&2 or Guest House,10000_99999,1,zero,Res.1&2 or Guest House,Res.1&2 or Guest House,0,,not_applicable,knn,
PREL20250309220,1 to 2 Family,Electrical,Alteration/Remodel,17395,0,1,Res.1&2 or Guest House,Res.1&2 or Guest House,10000_99999,1,zero,Res.1&2 or Guest House,Res.1&2 or Guest House,0,,not_applicable,knn,
PREL20250309228,1 to 2 Family,Electrical,Alteration/Remodel,14020,0,1,Res.1&2 or Guest House,Res.1&2 or Guest House,10000_99999,1,zero,Res.1&2 or Guest House,Res.1&2 or Guest House,0,,not_applicable,knn,
PREL20250309320,1 to 2 Family,Electrical,Alteration/Remodel,17978,0,1,Res.1&2 or Guest House,Res.1&2 or Guest House,10000_99999,1,zero,Res.1&2 or Guest House,,1,Res.1&2 or Guest House,knn,knn,1.0
PREL20250309353,1 to 2 Family,Electrical,Alteration/Remodel,16160,0,1,Res.1&2 or Guest House,Res.1&2 or Guest House,10000_99999,1,zero,Res.1&2 or Guest House,Res.1&2 or Guest House,0,,not_applicable,knn,
PREL20250309407,1 to 2 Family,Electrical,Alteration/Remodel,19200,0,1,Res.1&2 or Guest House,Res.1&2 or Guest House,10000_99999,1,zero,Res.1&2 or Guest House,,1,Res.1&2 or Guest House,knn,knn,1.0
PREL20250309436,Commercial,Electrical,Alteration/Remodel,2200,0,1,Commercial,Commercial,1000_9999,1,zero,Commercial,,1,Residential-Multi-Family,knn,knn,0.8
PREL20250309449,1 to 2 Family,Electrical,Alteration/Remodel,19450,0,1,Res.1&2 or Guest House,Res.1&2 or Guest House,10000_99999,1,zero,Res.1&2 or Guest House,Res.1&2 or Guest House,0,,not_applicable,knn,
PREL20250309486,1 to 2 Family,Electrical,Alteration/Remodel,34403.14,0,1,Res.1&2 or Guest House,Res.1&2 or Guest House,10000_99999,1,zero,Res.1&2 or Guest House,Res.1&2 or Guest House,0,,not_applicable,knn,
PREL20250309499,1 to 2 Family,Electrical,Alteration/Remodel,16605,0,1,Res.1&2 or Guest House,Res.1&2 or Guest House,10000_99999,1,zero,Res.1&2 or Guest House,Res.1&2 or Guest House,0,,not_applicable,knn,
PREL20250309545,Commercial,Electrical,Alteration/Remodel,2500,0,1,Commercial,Commercial,1000_9999,1,zero,Commercial,Commercial,0,,not_applicable,knn,
PREL20250309580,1 to 2 Family,Electrical,Alteration/Remodel,19753,0,1,Res.1&2 or Guest House,Res.1&2 or Guest House,10000_99999,1,zero,Res.1&2 or Guest House,Res.1&2 or Guest House,0,,not_applicable,knn,
PREL20250309685,1 to 2 Family,Electrical,Alteration/Remodel,13188,0,1,Res.1&2 or Guest House,Res.1&2 or Guest House,10000_99999,1,zero,Res.1&2 or Guest House,Res.1&2 or Guest House,0,,not_applicable,knn,
PREL20250309710,1 to 2 Family,Electrical,Alteration/Remodel,15278.54,0,1,Res.1&2 or Guest House,Res.1&2 or Guest House,10000_99999,1,zero,Res.1&2 or Guest House,Res.1&2 or Guest House,0,,not_applicable,knn,
PREL20250309733,1 to 2 Family,Electrical,Alteration/Remodel,9006,0,1,Res.1&2 or Guest House,Res.1&2 or Guest House,1000_9999,1,zero,Res.1&2 or Guest House,Res.1&2 or Guest House,0,,not_applicable,knn,
PREL20250309764,1 to 2 Family,Electrical,Alteration/Remodel,45000,0,1,Res.1&2 or Guest House,Res.1&2 or Guest House,10000_99999,1,zero,Res.1&2 or Guest House,,1,Res.1&2 or Guest House,knn,knn,1.0
PREL20250309799,1 to 2 Family,Electrical,Alteration/Remodel,15000,0,1,Res.1&2 or Guest House,Res.1&2 or Guest House,10000_99999,1,zero,Res.1&2 or Guest House,Res.1&2 or Guest House,0,,not_applicable,knn,
PREL20250309805,1 to 2 Family,Electrical,Alteration/Remodel,13000,0,1,Res.1&2 or Guest House,Res.1&2 or Guest House,10000_99999,1,zero,Res.1&2 or Guest House,Res.1&2 or Guest House,0,,not_applicable,knn,
PREL20250309825,Commercial,Electrical,Alteration/Remodel,2400,0,1,Not Identified,,1000_9999,1,zero,,,0,,not_applicable,knn,
PREL20250309904,1 to 2 Family,Electrical,Alteration/Remodel,13838,0,1,Res.1&2 or Guest House,Res.1&2 or Guest House,10000_99999,1,zero,Res.1&2 or Guest House,,1,Res.1&2 or Guest House,knn,knn,1.0
PREL20250309913,Commercial,Electrical,Alteration/Remodel,2400,0,1,Not Identified,,1000_9999,1,zero,,,0,,not_applicable,knn,
PREL20250309919,1 to 2 Family,Electrical,Alteration/Remodel,12930,0,1,Res.1&2 or Guest House,Res.1&2 or Guest House,10000_99999,1,zero,Res.1&2 or Guest House,Res.1&2 or Guest House,0,,not_applicable,knn,
PREL20250309933,1 to 2 Family,Electrical,Alteration/Remodel,20953,0,1,Res.1&2 or Guest House,Res.1&2 or Guest House,10000_99999,1,zero,Res.1&2 or Guest House,,1,Res.1&2 or Guest House,knn,knn,1.0
PREL20250309946,1 to 2 Family,Electrical,Alteration/Remodel,16860,0,1,Res.1&2 or Guest House,Res.1&2 or Guest House,10000_99999,1,zero,Res.1&2 or Guest House,Res.1&2 or Guest House,0,,not_applicable,knn,
PREL20250309974,1 to 2 Family,Electrical,Alteration/Remodel,12353,0,1,Res.1&2 or Guest House,Res.1&2 or Guest House,10000_99999,1,zero,Res.1&2 or Guest House,Res.1&2 or Guest House,0,,not_applicable,knn,
PREL20250309981,1 to 2 Family,Electrical,New Construction,10000,100,1,Res.1&2 or Guest House,Res.1&2 or Guest House,10000_99999,1,nonzero,Res.1&2 or Guest House,,1,Res.1&2 or Guest House,knn,knn,1.0
PREL20250310007,1 to 2 Family,Electrical,Alteration/Remodel,21118,0,1,Res.1&2 or Guest House,Res.1&2 or Guest House,10000_99999,1,zero,Res.1&2 or Guest House,Res.1&2 or Guest House,0,,not_applicable,knn,
PREL20250310019,1 to 2 Family,Electrical,Alteration/Remodel,15110,0,1,Res.1&2 or Guest House,Res.1&2 or Guest House,10000_99999,1,zero,Res.1&2 or Guest House,Res.1&2 or Guest House,0,,not_applicable,knn,
PREL20250310023,1 to 2 Family,Electrical,Alteration/Remodel,2498,0,1,Res.1&2 or Guest House,Res.1&2 or Guest House,1000_9999,1,zero,Res.1&2 or Guest House,Res.1&2 or Guest House,0,,not_applicable,knn,
PREL20250310034,1 to 2 Family,Electrical,Alteration/Remodel,13250,0,1,Res.1&2 or Guest House,Res.1&2 or Guest House,10000_99999,1,zero,Res.1&2 or Guest House,Res.1&2 or Guest House,0,,not_applicable,knn,
PREL20250310058,Commercial,Electrical,Alteration/Remodel,1000,0,1,Residential-Multi-Family,Residential-Multi-Family,1000_9999,1,zero,Residential-Multi-Family,,1,Residential-Multi-Family,knn,knn,0.8
PREL20250310067,1 to 2 Family,Electrical,Alteration/Remodel,14750,0,1,Res.1&2 or Guest House,Res.1&2 or Guest House,10000_99999,1,zero,Res.1&2 or Guest House,Res.1&2 or Guest House,0,,not_applicable,knn,
PREL20250310068,1 to 2 Family,Electrical,Alteration/Remodel,12500,0,1,Res.1&2 or Guest House,Res.1&2 or Guest House,10000_99999,1,zero,Res.1&2 or Guest House,Res.1&2 or Guest House,0,,not_applicable,knn,
PREL20250310077,Commercial,Electrical,Alteration/Remodel,17755.09,0,1,Commercial,Commercial,10000_99999,1,zero,Commercial,Commercial,0,,not_applicable,knn,
PREL20250310097,1 to 2 Family,Revision - Electrical,Alteration/Remodel,7735,0,1,Res.1&2 or Guest House,Res.1&2 or Guest House,1000_9999,1,zero,Res.1&2 or Guest House,,1,Res.1&2 or Guest House,knn,knn,1.0
PREL20250310162,1 to 2 Family,Electrical,Alteration/Remodel,15860,0,1,Res.1&2 or Guest House,Res.1&2 or Guest House,10000_99999,1,zero,Res.1&2 or Guest House,,1,Res.1&2 or Guest House,knn,knn,1.0
PREL20250310182,1 to 2 Family,Electrical,Alteration/Remodel,20000,0,1,Res.1&2 or Guest House,Res.1&2 or Guest House,10000_99999,1,zero,Res.1&2 or Guest House,Res.1&2 or Guest House,0,,not_applicable,knn,
PREL20250310233,1 to 2 Family,Electrical,Alteration/Remodel,13864.92,0,1,Res.1&2 or Guest House,Res.1&2 or Guest House,10000_99999,1,zero,Res.1&2 or Guest House,Res.1&2 or Guest House,0,,not_applicable,knn,
PREL20250310240,1 to 2 Family,Electrical,Alteration/Remodel,16045.99,0,1,Res.1&2 or Guest House,Res.1&2 or Guest House,10000_99999,1,zero,Res.1&2 or Guest House,Res.1&2 or Guest House,0,,not_applicable,knn,
PREL20250310256,Commercial,Electrical,Alteration/Remodel,6900,0,1,Not Identified,,1000_9999,1,zero,,,0,,not_applicable,knn,
PREL20250310258,1 to 2 Family,Electrical,Alteration/Remodel,12000,0,1,Res.1&2 or Guest House,Res.1&2 or Guest House,10000_99999,1,zero,Res.1&2 or Guest House,Res.1&2 or Guest House,0,,not_applicable,knn,
PREL20250310316,1 to 2 Family,Electrical,Alteration/Remodel,7000,0,1,Res.1&2 or Guest House,Res.1&2 or Guest House,1000_9999,1,zero,Res.1&2 or Guest House,Res.1&2 or Guest House,0,,not_applicable,knn,
PREL20250310338,Commercial,Electrical,Alteration/Remodel,1800,0,1,Commercial,Commercial,1000_9999,1,zero,Commercial,,1,Residential-Multi-Family,knn,knn,0.8
PREL20250310384,1 to 2 Family,Electrical,Alteration/Remodel,22969,0,1,Res.1&2 or Guest House,Res.1&2 or Guest House,10000_99999,1,zero,Res.1&2 or Guest House,Res.1&2 or Guest House,0,,not_applicable,knn,
PREL20250310430,1 to 2 Family,Electrical,Alteration/Remodel,14122.12,0,1,Res.1&2 or Guest House,Res.1&2 or Guest House,10000_99999,1,zero,Res.1&2 or Guest House,Res.1&2 or Guest House,0,,not_applicable,knn,
PREL20250310437,1 to 2 Family,Electrical,Alteration/Remodel,9000,0,0,Res.1&2 or Guest House,Res.1&2 or Guest House,1000_9999,0,zero,Res.1&2 or Guest House,,1,Res.1&2 or Guest House,knn,knn,1.0
PREL20250310439,1 to 2 Family,Electrical,Alteration/Remodel,2300,0,1,Res.1&2 or Guest House,Res.1&2 or Guest House,1000_9999,1,zero,Res.1&2 or Guest House,Res.1&2 or Guest House,0,,not_applicable,knn,
PREL20250310474,1 to 2 Family,Electrical,Alteration/Remodel,18800,0,1,Res.1&2 or Guest House,Res.1&2 or Guest House,10000_99999,1,zero,Res.1&2 or Guest House,Res.1&2 or Guest House,0,,not_applicable,knn,
PREL20250310479,1 to 2 Family,Electrical,Alteration/Remodel,1964,0,1,Res.1&2 or Guest House,Res.1&2 or Guest House,1000_9999,1,zero,Res.1&2 or Guest House,Res.1&2 or Guest House,0,,not_applicable,knn,
PREL20250310482,1 to 2 Family,Electrical,Alteration/Remodel,7174,0,1,Res.1&2 or Guest House,Res.1&2 or Guest House,1000_9999,1,zero,Res.1&2 or Guest House,Res.1&2 or Guest House,0,,not_applicable,knn,
PREL20250310485,Commercial,Electrical,Alteration/Remodel,125000,0,1,Commercial,Commercial,100000_plus,1,zero,Commercial,Commercial,0,,not_applicable,knn,
PREL20250310520,1 to 2 Family,Electrical,Alteration/Remodel,16475,0,1,Res.1&2 or Guest House,Res.1&2 or Guest House,10000_99999,1,zero,Res.1&2 or Guest House,Res.1&2 or Guest House,0,,not_applicable,knn,
PREL20250310544,Commercial,Electrical,Alteration/Remodel,5000,0,1,Not Identified,,1000_9999,1,zero,,,0,,not_applicable,knn,
PREL20250310631,1 to 2 Family,Electrical,Alteration/Remodel,32500,0,1,Res.1&2 or Guest House,Res.1&2 or Guest House,10000_99999,1,zero,Res.1&2 or Guest House,Res.1&2 or Guest House,0,,not_applicable,knn,
PREL20250310641,1 to 2 Family,Electrical,Alteration/Remodel,15810,0,1,Res.1&2 or Guest House,Res.1&2 or Guest House,10000_99999,1,zero,Res.1&2 or Guest House,Res.1&2 or Guest House,0,,not_applicable,knn,
PREL20250310667,1 to 2 Family,Electrical,Alteration/Remodel,18243,0,1,Res.1&2 or Guest House,Res.1&2 or Guest House,10000_99999,1,zero,Res.1&2 or Guest House,Res.1&2 or Guest House,0,,not_applicable,knn,
PREL20250310674,1 to 2 Family,Electrical,Alteration/Remodel,25000,0,1,Res.1&2 or Guest House,Res.1&2 or Guest House,10000_99999,1,zero,Res.1&2 or Guest House,Res.1&2 or Guest House,0,,not_applicable,knn,
PREL20250310683,1 to 2 Family,Electrical,Alteration/Remodel,1750,0,1,Res.1&2 or Guest House,Res.1&2 or Guest House,1000_9999,1,zero,Res.1&2 or Guest House,Res.1&2 or Guest House,0,,not_applicable,knn,
PREL20250310685,1 to 2 Family,Electrical,Alteration/Remodel,2300,0,1,Res.1&2 or Guest House,Res.1&2 or Guest House,1000_9999,1,zero,Res.1&2 or Guest House,Res.1&2 or Guest House,0,,not_applicable,knn,
PREL20250310710,1 to 2 Family,Electrical,Alteration/Remodel,22525,0,1,Res.1&2 or Guest House,Res.1&2 or Guest House,10000_99999,1,zero,Res.1&2 or Guest House,Res.1&2 or Guest House,0,,not_applicable,knn,
PREL20250310714,1 to 2 Family,Electrical,Alteration/Remodel,15125.34,0,1,Res.1&2 or Guest House,Res.1&2 or Guest House,10000_99999,1,zero,Res.1&2 or Guest House,,1,Res.1&2 or Guest House,knn,knn,1.0
PREL20250310739,1 to 2 Family,Electrical,Alteration/Remodel,36220,0,1,Res.1&2 or Guest House,Res.1&2 or Guest House,10000_99999,1,zero,Res.1&2 or Guest House,,1,Res.1&2 or Guest House,knn,knn,1.0
PREL20250310773,1 to 2 Family,Electrical,Alteration/Remodel,15000,0,1,Res.1&2 or Guest House,Res.1&2 or Guest House,10000_99999,1,zero,Res.1&2 or Guest House,Res.1&2 or Guest House,0,,not_applicable,knn,
PREL20250310817,Commercial,Electrical,Alteration/Remodel,400,0,1,Residential-Multi-Family,Residential-Multi-Family,2_999,1,zero,Residential-Multi-Family,Residential-Multi-Family,0,,not_applicable,knn,
PREL20250310827,1 to 2 Family,Electrical,Alteration/Remodel,2400,0,1,Res.1&2 or Guest House,Res.1&2 or Guest House,1000_9999,1,zero,Res.1&2 or Guest House,Res.1&2 or Guest House,0,,not_applicable,knn,
PREL20250310870,1 to 2 Family,Electrical,Alteration/Remodel,22490,0,1,Res.1&2 or Guest House,Res.1&2 or Guest House,10000_99999,1,zero,Res.1&2 or Guest House,Res.1&2 or Guest House,0,,not_applicable,knn,
PREL20250310887,Commercial,Electrical,Alteration/Remodel,400,0,1,Residential-Multi-Family,Residential-Multi-Family,2_999,1,zero,Residential-Multi-Family,Residential-Multi-Family,0,,not_applicable,knn,
PREL20250310915,1 to 2 Family,Electrical,Alteration/Remodel,27200,0,1,Res.1&2 or Guest House,Res.1&2 or Guest House,10000_99999,1,zero,Res.1&2 or Guest House,Res.1&2 or Guest House,0,,not_applicable,knn,
PREL20250310988,1 to 2 Family,Electrical,Alteration/Remodel,3500,0,1,Res.1&2 or Guest House,Res.1&2 or Guest House,1000_9999,1,zero,Res.1&2 or Guest House,Res.1&2 or Guest House,0,,not_applicable,knn,
PREL20250311019,1 to 2 Family,Electrical,Alteration/Remodel,2400,0,1,Res.1&2 or Guest House,Res.1&2 or Guest House,1000_9999,1,zero,Res.1&2 or Guest House,Res.1&2 or Guest House,0,,not_applicable,knn,
PREL20250311024,1 to 2 Family,Electrical,Alteration/Remodel,16500,0,1,Res.1&2 or Guest House,Res.1&2 or Guest House,10000_99999,1,zero,Res.1&2 or Guest House,,1,Res.1&2 or Guest House,knn,knn,1.0
PREL20250311054,1 to 2 Family,Electrical,Alteration/Remodel,11000,0,1,Res.1&2 or Guest House,Res.1&2 or Guest House,10000_99999,1,zero,Res.1&2 or Guest House,Res.1&2 or Guest House,0,,not_applicable,knn,
PREL20250311082,1 to 2 Family,Electrical,Alteration/Remodel,1950,0,1,Res.1&2 or Guest House,Res.1&2 or Guest House,1000_9999,1,zero,Res.1&2 or Guest House,Res.1&2 or Guest House,0,,not_applicable,knn,
PREL20250311095,1 to 2 Family,Electrical,Alteration/Remodel,15870,0,1,Res.1&2 or Guest House,Res.1&2 or Guest House,10000_99999,1,zero,Res.1&2 or Guest House,Res.1&2 or Guest House,0,,not_applicable,knn,
PREL20250311101,1 to 2 Family,Electrical,Alteration/Remodel,14430,0,1,Res.1&2 or Guest House,Res.1&2 or Guest House,10000_99999,1,zero,Res.1&2 or Guest House,Res.1&2 or Guest House,0,,not_applicable,knn,
PREL20250311141,Commercial,Electrical,Alteration/Remodel,5000,0,1,Not Identified,,1000_9999,1,zero,,,0,,not_applicable,knn,
PREL20250311150,1 to 2 Family,Electrical,Alteration/Remodel,4600,0,1,Res.1&2 or Guest House,Res.1&2 or Guest House,1000_9999,1,zero,Res.1&2 or Guest House,,1,Res.1&2 or Guest House,knn,knn,1.0
PREL20250311211,Commercial,Electrical,Alteration/Remodel,6500,0,1,Residential-Multi-Family,Residential-Multi-Family,1000_9999,1,zero,Residential-Multi-Family,Residential-Multi-Family,0,,not_applicable,knn,
PREL20250311216,Commercial,Electrical,Alteration/Remodel,6500,0,1,Residential-Multi-Family,Residential-Multi-Family,1000_9999,1,zero,Residential-Multi-Family,Residential-Multi-Family,0,,not_applicable,knn,
PREL20250311217,Commercial,Electrical,Alteration/Remodel,6500,0,1,Residential-Multi-Family,Residential-Multi-Family,1000_9999,1,zero,Residential-Multi-Family,Residential-Multi-Family,0,,not_applicable,knn,
PREL20250311220,Commercial,Electrical,Alteration/Remodel,6500,0,1,Residential-Multi-Family,Residential-Multi-Family,1000_9999,1,zero,Residential-Multi-Family,,1,Residential-Multi-Family,knn,knn,0.8
PREL20250311222,Commercial,Electrical,Alteration/Remodel,6500,0,1,Residential-Multi-Family,Residential-Multi-Family,1000_9999,1,zero,Residential-Multi-Family,Residential-Multi-Family,0,,not_applicable,knn,
PREL20250311224,Commercial,Electrical,Alteration/Remodel,6500,0,1,Residential-Multi-Family,Residential-Multi-Family,1000_9999,1,zero,Residential-Multi-Family,Residential-Multi-Family,0,,not_applicable,knn,
PREL20250311227,Commercial,Electrical,Alteration/Remodel,6500,0,1,Residential-Multi-Family,Residential-Multi-Family,1000_9999,1,zero,Residential-Multi-Family,Residential-Multi-Family,0,,not_applicable,knn,
PREL20250311230,Commercial,Electrical,Alteration/Remodel,6500,0,1,Residential-Multi-Family,Residential-Multi-Family,1000_9999,1,zero,Residential-Multi-Family,Residential-Multi-Family,0,,not_applicable,knn,
PREL20250311232,Commercial,Electrical,Alteration/Remodel,6500,0,1,Residential-Multi-Family,Residential-Multi-Family,1000_9999,1,zero,Residential-Multi-Family,,1,Residential-Multi-Family,knn,knn,0.8
PREL20250311235,Commercial,Electrical,Alteration/Remodel,6500,0,1,Residential-Multi-Family,Residential-Multi-Family,1000_9999,1,zero,Residential-Multi-Family,Residential-Multi-Family,0,,not_applicable,knn,
PREL20250311237,Commercial,Electrical,Alteration/Remodel,6500,0,1,Residential-Multi-Family,Residential-Multi-Family,1000_9999,1,zero,Residential-Multi-Family,Residential-Multi-Family,0,,not_applicable,knn,
PREL20250311239,Commercial,Electrical,Alteration/Remodel,6500,0,1,Residential-Multi-Family,Residential-Multi-Family,1000_9999,1,zero,Residential-Multi-Family,Residential-Multi-Family,0,,not_applicable,knn,
PREL20250311240,Commercial,Electrical,Alteration/Remodel,6500,0,1,Residential-Multi-Family,Residential-Multi-Family,1000_9999,1,zero,Residential-Multi-Family,Residential-Multi-Family,0,,not_applicable,knn,
PREL20250311243,Commercial,Electrical,Alteration/Remodel,6500,0,1,Residential-Multi-Family,Residential-Multi-Family,1000_9999,1,zero,Residential-Multi-Family,Residential-Multi-Family,0,,not_applicable,knn,
PREL20250311244,Commercial,Electrical,Alteration/Remodel,6500,0,0,Residential-Multi-Family,Residential-Multi-Family,1000_9999,0,zero,Residential-Multi-Family,Residential-Multi-Family,0,,not_applicable,knn,
PREL20250311247,Commercial,Electrical,Alteration/Remodel,6500,0,1,Residential-Multi-Family,Residential-Multi-Family,1000_9999,1,zero,Residential-Multi-Family,Residential-Multi-Family,0,,not_applicable,knn,
PREL20250311249,Commercial,Electrical,Alteration/Remodel,6500,0,1,Residential-Multi-Family,Residential-Multi-Family,1000_9999,1,zero,Residential-Multi-Family,Residential-Multi-Family,0,,not_applicable,knn,
PREL20250311251,Commercial,Electrical,Alteration/Remodel,6500,0,0,Residential-Multi-Family,Residential-Multi-Family,1000_9999,0,zero,Residential-Multi-Family,,1,Residential-Multi-Family,knn,knn,0.6
PREL20250311253,Commercial,Electrical,Alteration/Remodel,6500,0,1,Residential-Multi-Family,Residential-Multi-Family,1000_9999,1,zero,Residential-Multi-Family,,1,Residential-Multi-Family,knn,knn,0.8
PREL20250311255,Commercial,Electrical,Alteration/Remodel,6500,0,0,Residential-Multi-Family,Residential-Multi-Family,1000_9999,0,zero,Residential-Multi-Family,,1,Residential-Multi-Family,knn,knn,0.6
PREL20250311257,Commercial,Electrical,Alteration/Remodel,6500,0,1,Residential-Multi-Family,Residential-Multi-Family,1000_9999,1,zero,Residential-Multi-Family,Residential-Multi-Family,0,,not_applicable,knn,
PREL20250311300,1 to 2 Family,Revision - Electrical,Alteration/Remodel,1000,0,1,Res.1&2 or Guest House,Res.1&2 or Guest House,1000_9999,1,zero,Res.1&2 or Guest House,Res.1&2 or Guest House,0,,not_applicable,knn,
PREL20250311305,1 to 2 Family,Electrical,Alteration/Remodel,16988.740000000002,0,1,Res.1&2 or Guest House,Res.1&2 or Guest House,10000_99999,1,zero,Res.1&2 or Guest House,Res.1&2 or Guest House,0,,not_applicable,knn,
PREL20250311314,1 to 2 Family,Electrical,Alteration/Remodel,10299,0,1,Res.1&2 or Guest House,Res.1&2 or Guest House,10000_99999,1,zero,Res.1&2 or Guest House,Res.1&2 or Guest House,0,,not_applicable,knn,
PREL20250311318,1 to 2 Family,Electrical,Alteration/Remodel,12675,0,1,Res.1&2 or Guest House,Res.1&2 or Guest House,10000_99999,1,zero,Res.1&2 or Guest House,Res.1&2 or Guest House,0,,not_applicable,knn,
PREL20250311322,Commercial,Electrical,Alteration/Remodel,1575,0,1,Commercial,Commercial,1000_9999,1,zero,Commercial,Commercial,0,,not_applicable,knn,
PREL20250311327,Commercial,Revision - Electrical,Alteration/Remodel,1,0,1,Residential-Multi-Family,Residential-Multi-Family,le_1,1,zero,Residential-Multi-Family,,1,Residential-Multi-Family,knn,knn,1.0
PREL20250311350,1 to 2 Family,Electrical,Alteration/Remodel,16000,0,1,Res.1&2 or Guest House,Res.1&2 or Guest House,10000_99999,1,zero,Res.1&2 or Guest House,Res.1&2 or Guest House,0,,not_applicable,knn,
PREL20250311368,1 to 2 Family,Electrical,Alteration/Remodel,16523,0,1,Res.1&2 or Guest House,Res.1&2 or Guest House,10000_99999,1,zero,Res.1&2 or Guest House,Res.1&2 or Guest House,0,,not_applicable,knn,
PREL20250311398,1 to 2 Family,Electrical,Alteration/Remodel,13401,0,1,Res.1&2 or Guest House,Res.1&2 or Guest House,10000_99999,1,zero,Res.1&2 or Guest House,Res.1&2 or Guest House,0,,not_applicable,knn,
PREL20250311411,1 to 2 Family,Electrical,Alteration/Remodel,27500,0,1,Res.1&2 or Guest House,Res.1&2 or Guest House,10000_99999,1,zero,Res.1&2 or Guest House,Res.1&2 or Guest House,0,,not_applicable,knn,
PREL20250311415,1 to 2 Family,Electrical,Alteration/Remodel,2400,0,1,Res.1&2 or Guest House,Res.1&2 or Guest House,1000_9999,1,zero,Res.1&2 or Guest House,,1,Res.1&2 or Guest House,knn,knn,1.0
PREL20250311416,1 to 2 Family,Electrical,Alteration/Remodel,13163,0,1,Res.1&2 or Guest House,Res.1&2 or Guest House,10000_99999,1,zero,Res.1&2 or Guest House,Res.1&2 or Guest House,0,,not_applicable,knn,
PREL20250311452,1 to 2 Family,Electrical,Alteration/Remodel,16399.54,0,1,Res.1&2 or Guest House,Res.1&2 or Guest House,10000_99999,1,zero,Res.1&2 or Guest House,Res.1&2 or Guest House,0,,not_applicable,knn,
PREL20250311512,1 to 2 Family,Electrical,Alteration/Remodel,19167,0,1,Res.1&2 or Guest House,Res.1&2 or Guest House,10000_99999,1,zero,Res.1&2 or Guest House,Res.1&2 or Guest House,0,,not_applicable,knn,
PREL20250311515,Commercial,Electrical,Alteration/Remodel,18206,0,1,Commercial,Commercial,10000_99999,1,zero,Commercial,,1,Commercial,knn,knn,0.6
PREL20250311537,1 to 2 Family,Electrical,Alteration/Remodel,18978,0,1,Res.1&2 or Guest House,Res.1&2 or Guest House,10000_99999,1,zero,Res.1&2 or Guest House,Res.1&2 or Guest House,0,,not_applicable,knn,
PREL20250311557,1 to 2 Family,Electrical,Alteration/Remodel,850,0,1,Res.1&2 or Guest House,Res.1&2 or Guest House,2_999,1,zero,Res.1&2 or Guest House,Res.1&2 or Guest House,0,,not_applicable,knn,
PREL20250311567,1 to 2 Family,Electrical,Alteration/Remodel,2000,0,1,Res.1&2 or Guest House,Res.1&2 or Guest House,1000_9999,1,zero,Res.1&2 or Guest House,Res.1&2 or Guest House,0,,not_applicable,knn,
PREL20250311571,1 to 2 Family,Revision - Electrical,Alteration/Remodel,1000,0,1,Res.1&2 or Guest House,Res.1&2 or Guest House,1000_9999,1,zero,Res.1&2 or Guest House,Res.1&2 or Guest House,0,,not_applicable,knn,
PREL20250311603,1 to 2 Family,Electrical,Alteration/Remodel,12299,0,1,Res.1&2 or Guest House,Res.1&2 or Guest House,10000_99999,1,zero,Res.1&2 or Guest House,Res.1&2 or Guest House,0,,not_applicable,knn,
PREL20250311760,1 to 2 Family,Electrical,Alteration/Remodel,15810,0,1,Res.1&2 or Guest House,Res.1&2 or Guest House,10000_99999,1,zero,Res.1&2 or Guest House,Res.1&2 or Guest House,0,,not_applicable,knn,
PREL20250311762,Commercial,Electrical,Alteration/Remodel,2000,0,1,Commercial,Commercial,1000_9999,1,zero,Commercial,Commercial,0,,not_applicable,knn,
PREL20250311792,1 to 2 Family,Electrical,Alteration/Remodel,17530,0,1,Res.1&2 or Guest House,Res.1&2 or Guest House,10000_99999,1,zero,Res.1&2 or Guest House,Res.1&2 or Guest House,0,,not_applicable,knn,
PREL20250311805,1 to 2 Family,Electrical,Alteration/Remodel,13500.15,0,1,Res.1&2 or Guest House,Res.1&2 or Guest House,10000_99999,1,zero,Res.1&2 or Guest House,Res.1&2 or Guest House,0,,not_applicable,knn,
PREL20250311811,1 to 2 Family,Electrical,Alteration/Remodel,32000,0,1,Res.1&2 or Guest House,Res.1&2 or Guest House,10000_99999,1,zero,Res.1&2 or Guest House,,1,Res.1&2 or Guest House,knn,knn,1.0
PREL20250311823,1 to 2 Family,Electrical,Alteration/Remodel,14500,0,1,Res.1&2 or Guest House,Res.1&2 or Guest House,10000_99999,1,zero,Res.1&2 or Guest House,Res.1&2 or Guest House,0,,not_applicable,knn,
PREL20250311908,1 to 2 Family,Electrical,Alteration/Remodel,20113,0,1,Res.1&2 or Guest House,Res.1&2 or Guest House,10000_99999,1,zero,Res.1&2 or Guest House,Res.1&2 or Guest House,0,,not_applicable,knn,
PREL20250311911,Commercial,Electrical,Alteration/Remodel,2000,0,1,Residential-Care-Assisted Living Facilities,Other Special Residential,1000_9999,1,zero,Other Special Residential,Other Special Residential,0,,not_applicable,knn,
PREL20250311916,1 to 2 Family,Electrical,Alteration/Remodel,16220,0,1,Res.1&2 or Guest House,Res.1&2 or Guest House,10000_99999,1,zero,Res.1&2 or Guest House,Res.1&2 or Guest House,0,,not_applicable,knn,
PREL20250311921,1 to 2 Family,Electrical,Alteration/Remodel,4956,0,1,Res.1&2 or Guest House,Res.1&2 or Guest House,1000_9999,1,zero,Res.1&2 or Guest House,Res.1&2 or Guest House,0,,not_applicable,knn,
PREL20250311925,1 to 2 Family,Electrical,Alteration/Remodel,15498.41,0,1,Res.1&2 or Guest House,Res.1&2 or Guest House,10000_99999,1,zero,Res.1&2 or Guest House,Res.1&2 or Guest House,0,,not_applicable,knn,
PREL20250311931,1 to 2 Family,Electrical,Alteration/Remodel,24600,0,1,Res.1&2 or Guest House,Res.1&2 or Guest House,10000_99999,1,zero,Res.1&2 or Guest House,Res.1&2 or Guest House,0,,not_applicable,knn,
PREL20250311936,Commercial,Electrical,Alteration/Remodel,2400,0,1,Commercial,Commercial,1000_9999,1,zero,Commercial,Commercial,0,,not_applicable,knn,
PREL20250311954,1 to 2 Family,Electrical,Alteration/Remodel,13596.07,0,1,Res.1&2 or Guest House,Res.1&2 or Guest House,10000_99999,1,zero,Res.1&2 or Guest House,Res.1&2 or Guest House,0,,not_applicable,knn,
PREL20250311985,1 to 2 Family,Electrical,Alteration/Remodel,975,0,1,Res.1&2 or Guest House,Res.1&2 or Guest House,2_999,1,zero,Res.1&2 or Guest House,Res.1&2 or Guest House,0,,not_applicable,knn,
PREL20250312012,1 to 2 Family,Electrical,Alteration/Remodel,15445,0,1,Res.1&2 or Guest House,Res.1&2 or Guest House,10000_99999,1,zero,Res.1&2 or Guest House,Res.1&2 or Guest House,0,,not_applicable,knn,
PREL20250312016,1 to 2 Family,Electrical,Alteration/Remodel,32502,0,1,Res.1&2 or Guest House,Res.1&2 or Guest House,10000_99999,1,zero,Res.1&2 or Guest House,Res.1&2 or Guest House,0,,not_applicable,knn,
PREL20250312019,Commercial,Electrical,Alteration/Remodel,4800,0,1,Commercial,Commercial,1000_9999,1,zero,Commercial,Commercial,0,,not_applicable,knn,
PREL20250312049,1 to 2 Family,Electrical,Alteration/Remodel,1458,0,1,Res.1&2 or Guest House,Res.1&2 or Guest House,1000_9999,1,zero,Res.1&2 or Guest House,Res.1&2 or Guest House,0,,not_applicable,knn,
PREL20250312053,1 to 2 Family,Electrical,Alteration/Remodel,1458,0,1,Res.1&2 or Guest House,Res.1&2 or Guest House,1000_9999,1,zero,Res.1&2 or Guest House,Res.1&2 or Guest House,0,,not_applicable,knn,
PREL20250312056,1 to 2 Family,Electrical,Alteration/Remodel,1458,0,1,Res.1&2 or Guest House,Res.1&2 or Guest House,1000_9999,1,zero,Res.1&2 or Guest House,Res.1&2 or Guest House,0,,not_applicable,knn,
PREL20250312093,1 to 2 Family,Electrical,Alteration/Remodel,44053.440000000002,0,1,Res.1&2 or Guest House,Res.1&2 or Guest House,10000_99999,1,zero,Res.1&2 or Guest House,Res.1&2 or Guest House,0,,not_applicable,knn,
PREL20250312112,1 to 2 Family,Electrical,Alteration/Remodel,24500,0,1,Res.1&2 or Guest House,Res.1&2 or Guest House,10000_99999,1,zero,Res.1&2 or Guest House,Res.1&2 or Guest House,0,,not_applicable,knn,
PREL20250312122,Commercial,Electrical,Alteration/Remodel,10500,0,1,Residential-Multi-Family,Residential-Multi-Family,10000_99999,1,zero,Residential-Multi-Family,Residential-Multi-Family,0,,not_applicable,knn,
PREL20250312124,1 to 2 Family,Electrical,Alteration/Remodel,15000,0,1,Res.1&2 or Guest House,Res.1&2 or Guest House,10000_99999,1,zero,Res.1&2 or Guest House,Res.1&2 or Guest House,0,,not_applicable,knn,
PREL20250312125,Commercial,Electrical,Alteration/Remodel,10500,0,1,Residential-Multi-Family,Residential-Multi-Family,10000_99999,1,zero,Residential-Multi-Family,Residential-Multi-Family,0,,not_applicable,knn,
PREL20250312127,Commercial,Electrical,Alteration/Remodel,10500,0,0,Residential-Multi-Family,Residential-Multi-Family,10000_99999,0,zero,Residential-Multi-Family,Residential-Multi-Family,0,,not_applicable,knn,
PREL20250312139,1 to 2 Family,Electrical,Alteration/Remodel,14680,0,1,Res.1&2 or Guest House,Res.1&2 or Guest House,10000_99999,1,zero,Res.1&2 or Guest House,Res.1&2 or Guest House,0,,not_applicable,knn,
PREL20250312141,1 to 2 Family,Electrical,Alteration/Remodel,12573.5,0,1,Res.1&2 or Guest House,Res.1&2 or Guest House,10000_99999,1,zero,Res.1&2 or Guest House,Res.1&2 or Guest House,0,,not_applicable,knn,
PREL20250312171,1 to 2 Family,Electrical,Alteration/Remodel,13978,0,1,Res.1&2 or Guest House,Res.1&2 or Guest House,10000_99999,1,zero,Res.1&2 or Guest House,Res.1&2 or Guest House,0,,not_applicable,knn,
PREL20250312177,1 to 2 Family,Electrical,Alteration/Remodel,21707,0,1,Res.1&2 or Guest House,Res.1&2 or Guest House,10000_99999,1,zero,Res.1&2 or Guest House,Res.1&2 or Guest House,0,,not_applicable,knn,
PREL20250312182,1 to 2 Family,Electrical,Alteration/Remodel,10335,0,1,Res.1&2 or Guest House,Res.1&2 or Guest House,10000_99999,1,zero,Res.1&2 or Guest House,Res.1&2 or Guest House,0,,not_applicable,knn,
PREL20250312188,1 to 2 Family,Electrical,Alteration/Remodel,14445,0,1,Res.1&2 or Guest House,Res.1&2 or Guest House,10000_99999,1,zero,Res.1&2 or Guest House,Res.1&2 or Guest House,0,,not_applicable,knn,
PREL20250312189,Commercial,Electrical,Alteration/Remodel,6330,0,1,Residential-Multi-Family,Residential-Multi-Family,1000_9999,1,zero,Residential-Multi-Family,Residential-Multi-Family,0,,not_applicable,knn,
PREL20250312195,1 to 2 Family,Electrical,Alteration/Remodel,16300,0,1,Res.1&2 or Guest House,Res.1&2 or Guest House,10000_99999,1,zero,Res.1&2 or Guest House,Res.1&2 or Guest House,0,,not_applicable,knn,
PREL20250312202,1 to 2 Family,Electrical,Alteration/Remodel,16300,0,1,Res.1&2 or Guest House,Res.1&2 or Guest House,10000_99999,1,zero,Res.1&2 or Guest House,Res.1&2 or Guest House,0,,not_applicable,knn,
PREL20250312203,1 to 2 Family,Electrical,Alteration/Remodel,1200,0,1,Res.1&2 or Guest House,Res.1&2 or Guest House,1000_9999,1,zero,Res.1&2 or Guest House,Res.1&2 or Guest House,0,,not_applicable,knn,
PREL20250312220,1 to 2 Family,Electrical,Alteration/Remodel,13740,0,1,Res.1&2 or Guest House,Res.1&2 or Guest House,10000_99999,1,zero,Res.1&2 or Guest House,Res.1&2 or Guest House,0,,not_applicable,knn,
PREL20250312233,1 to 2 Family,Electrical,Alteration/Remodel,40000,0,1,Res.1&2 or Guest House,Res.1&2 or Guest House,10000_99999,1,zero,Res.1&2 or Guest House,Res.1&2 or Guest House,0,,not_applicable,knn,
PREL20250312262,1 to 2 Family,Electrical,Alteration/Remodel,34000,0,1,Res.1&2 or Guest House,Res.1&2 or Guest House,10000_99999,1,zero,Res.1&2 or Guest House,Res.1&2 or Guest House,0,,not_applicable,knn,
PREL20250312268,1 to 2 Family,Electrical,Alteration/Remodel,14880,0,1,Res.1&2 or Guest House,Res.1&2 or Guest House,10000_99999,1,zero,Res.1&2 or Guest House,,1,Res.1&2 or Guest House,knn,knn,1.0
PREL20250312274,1 to 2 Family,Electrical,Alteration/Remodel,13471,0,1,Res.1&2 or Guest House,Res.1&2 or Guest House,10000_99999,1,zero,Res.1&2 or Guest House,Res.1&2 or Guest House,0,,not_applicable,knn,
PREL20250312379,1 to 2 Family,Electrical,Alteration/Remodel,12050,0,1,Res.1&2 or Guest House,Res.1&2 or Guest House,10000_99999,1,zero,Res.1&2 or Guest House,,1,Res.1&2 or Guest House,knn,knn,1.0
PREL20250312381,Commercial,Electrical,Alteration/Remodel,2200,0,1,Not Identified,,1000_9999,1,zero,,,0,,not_applicable,knn,
PREL20250312383,1 to 2 Family,Electrical,Alteration/Remodel,13696.07,0,1,Res.1&2 or Guest House,Res.1&2 or Guest House,10000_99999,1,zero,Res.1&2 or Guest House,,1,Res.1&2 or Guest House,knn,knn,1.0
PREL20250312385,1 to 2 Family,Electrical,Alteration/Remodel,14289.41,0,1,Res.1&2 or Guest House,Res.1&2 or Guest House,10000_99999,1,zero,Res.1&2 or Guest House,Res.1&2 or Guest House,0,,not_applicable,knn,
PREL20250312387,1 to 2 Family,Electrical,Alteration/Remodel,13596.07,0,1,Res.1&2 or Guest House,Res.1&2 or Guest House,10000_99999,1,zero,Res.1&2 or Guest House,Res.1&2 or Guest House,0,,not_applicable,knn,
PREL20250312392,1 to 2 Family,Electrical,Alteration/Remodel,16000,0,1,Res.1&2 or Guest House,Res.1&2 or Guest House,10000_99999,1,zero,Res.1&2 or Guest House,Res.1&2 or Guest House,0,,not_applicable,knn,
PREL20250312395,1 to 2 Family,Electrical,Alteration/Remodel,11850,0,1,Res.1&2 or Guest House,Res.1&2 or Guest House,10000_99999,1,zero,Res.1&2 or Guest House,Res.1&2 or Guest House,0,,not_applicable,knn,
PREL20250312410,1 to 2 Family,Revision - Electrical,Alteration/Remodel,1200,0,1,Res.1&2 or Guest House,Res.1&2 or Guest House,1000_9999,1,zero,Res.1&2 or Guest House,Res.1&2 or Guest House,0,,not_applicable,knn,
PREL20250312419,1 to 2 Family,Electrical,Alteration/Remodel,13700,0,1,Res.1&2 or Guest House,Res.1&2 or Guest House,10000_99999,1,zero,Res.1&2 or Guest House,,1,Res.1&2 or Guest House,knn,knn,1.0
PREL20250312436,1 to 2 Family,Electrical,Alteration/Remodel,2350,0,1,Res.1&2 or Guest House,Res.1&2 or Guest House,1000_9999,1,zero,Res.1&2 or Guest House,Res.1&2 or Guest House,0,,not_applicable,knn,
PREL20250312462,1 to 2 Family,Electrical,Alteration/Remodel,7000,0,1,Res.1&2 or Guest House,Res.1&2 or Guest House,1000_9999,1,zero,Res.1&2 or Guest House,Res.1&2 or Guest House,0,,not_applicable,knn,
PREL20250312482,Commercial,Electrical,Alteration/Remodel,900,0,1,Residential-Hotel,Other Special Residential,2_999,1,zero,Other Special Residential,Other Special Residential,0,,not_applicable,knn,
PREL20250312502,1 to 2 Family,Electrical,Alteration/Remodel,7000,0,1,Res.1&2 or Guest House,Res.1&2 or Guest House,1000_9999,1,zero,Res.1&2 or Guest House,Res.1&2 or Guest House,0,,not_applicable,knn,
PREL20250312537,1 to 2 Family,Electrical,Alteration/Remodel,20000,0,1,Res.1&2 or Guest House,Res.1&2 or Guest House,10000_99999,1,zero,Res.1&2 or Guest House,Res.1&2 or Guest House,0,,not_applicable,knn,
PREL20250312558,1 to 2 Family,Electrical,Alteration/Remodel,7000,0,1,Res.1&2 or Guest House,Res.1&2 or Guest House,1000_9999,1,zero,Res.1&2 or Guest House,Res.1&2 or Guest House,0,,not_applicable,knn,
PREL20250312604,1 to 2 Family,Electrical,Alteration/Remodel,35000,0,1,Res.1&2 or Guest House,Res.1&2 or Guest House,10000_99999,1,zero,Res.1&2 or Guest House,,1,Res.1&2 or Guest House,knn,knn,1.0
PREL20250312620,1 to 2 Family,Electrical,Alteration/Remodel,12000,0,1,Res.1&2 or Guest House,Res.1&2 or Guest House,10000_99999,1,zero,Res.1&2 or Guest House,Res.1&2 or Guest House,0,,not_applicable,knn,
PREL20250312722,1 to 2 Family,Electrical,Alteration/Remodel,200,0,1,Res.1&2 or Guest House,Res.1&2 or Guest House,2_999,1,zero,Res.1&2 or Guest House,Res.1&2 or Guest House,0,,not_applicable,knn,
PREL20250312734,Commercial,Electrical,Alteration/Remodel,2400,0,1,Not Identified,,1000_9999,1,zero,,,0,,not_applicable,knn,
PREL20250312754,Commercial,Electrical,Alteration/Remodel,3016,0,1,Not Identified,,1000_9999,1,zero,,,0,,not_applicable,knn,
PREL20250312794,1 to 2 Family,Electrical,Alteration/Remodel,5700,0,1,Res.1&2 or Guest House,Res.1&2 or Guest House,1000_9999,1,zero,Res.1&2 or Guest House,Res.1&2 or Guest House,0,,not_applicable,knn,
PREL20250312811,1 to 2 Family,Electrical,Alteration/Remodel,500,0,1,Res.1&2 or Guest House,Res.1&2 or Guest House,2_999,1,zero,Res.1&2 or Guest House,Res.1&2 or Guest House,0,,not_applicable,knn,
PREL20250312847,1 to 2 Family,Electrical,Alteration/Remodel,18518,0,1,Res.1&2 or Guest House,Res.1&2 or Guest House,10000_99999,1,zero,Res.1&2 or Guest House,Res.1&2 or Guest House,0,,not_applicable,knn,
PREL20250312860,1 to 2 Family,Electrical,Alteration/Remodel,2200,0,1,Res.1&2 or Guest House,Res.1&2 or Guest House,1000_9999,1,zero,Res.1&2 or Guest House,Res.1&2 or Guest House,0,,not_applicable,knn,
PREL20250312861,1 to 2 Family,Electrical,Alteration/Remodel,2200,0,1,Res.1&2 or Guest House,Res.1&2 or Guest House,1000_9999,1,zero,Res.1&2 or Guest House,Res.1&2 or Guest House,0,,not_applicable,knn,
PREL20250312865,1 to 2 Family,Electrical,Alteration/Remodel,7000,0,1,Res.1&2 or Guest House,Res.1&2 or Guest House,1000_9999,1,zero,Res.1&2 or Guest House,Res.1&2 or Guest House,0,,not_applicable,knn,
PREL20250312909,1 to 2 Family,Electrical,Alteration/Remodel,1500,0,1,Res.1&2 or Guest House,Res.1&2 or Guest House,1000_9999,1,zero,Res.1&2 or Guest House,Res.1&2 or Guest House,0,,not_applicable,knn,
PREL20250312950,1 to 2 Family,Electrical,Alteration/Remodel,13072.34,0,1,Res.1&2 or Guest House,Res.1&2 or Guest House,10000_99999,1,zero,Res.1&2 or Guest House,Res.1&2 or Guest House,0,,not_applicable,knn,
PREL20250312966,1 to 2 Family,Electrical,Alteration/Remodel,2000,0,1,Res.1&2 or Guest House,Res.1&2 or Guest House,1000_9999,1,zero,Res.1&2 or Guest House,Res.1&2 or Guest House,0,,not_applicable,knn,
PREL20250313004,1 to 2 Family,Electrical,Alteration/Remodel,500,0,1,Res.1&2 or Guest House,Res.1&2 or Guest House,2_999,1,zero,Res.1&2 or Guest House,Res.1&2 or Guest House,0,,not_applicable,knn,
PREL20250313011,1 to 2 Family,Electrical,Alteration/Remodel,15122.12,0,1,Res.1&2 or Guest House,Res.1&2 or Guest House,10000_99999,1,zero,Res.1&2 or Guest House,,1,Res.1&2 or Guest House,knn,knn,1.0
PREL20250313012,Commercial,Electrical,Alteration/Remodel,5000,0,1,Residential-Multi-Family,Residential-Multi-Family,1000_9999,1,zero,Residential-Multi-Family,Residential-Multi-Family,0,,not_applicable,knn,
PREL20250313015,1 to 2 Family,Electrical,Alteration/Remodel,2000,0,1,Res.1&2 or Guest House,Res.1&2 or Guest House,1000_9999,1,zero,Res.1&2 or Guest House,Res.1&2 or Guest House,0,,not_applicable,knn,
PREL20250313058,1 to 2 Family,Electrical,Alteration/Remodel,17975,0,1,Res.1&2 or Guest House,Res.1&2 or Guest House,10000_99999,1,zero,Res.1&2 or Guest House,,1,Res.1&2 or Guest House,knn,knn,1.0
PREL20250313080,1 to 2 Family,Electrical,Alteration/Remodel,14500,0,1,Res.1&2 or Guest House,Res.1&2 or Guest House,10000_99999,1,zero,Res.1&2 or Guest House,Res.1&2 or Guest House,0,,not_applicable,knn,
PREL20250313115,1 to 2 Family,Electrical,Alteration/Remodel,13300,0,1,Res.1&2 or Guest House,Res.1&2 or Guest House,10000_99999,1,zero,Res.1&2 or Guest House,,1,Res.1&2 or Guest House,knn,knn,1.0
PREL20250313120,1 to 2 Family,Electrical,Alteration/Remodel,14800,0,1,Res.1&2 or Guest House,Res.1&2 or Guest House,10000_99999,1,zero,Res.1&2 or Guest House,Res.1&2 or Guest House,0,,not_applicable,knn,
PREL20250313170,Commercial,Electrical,Alteration/Remodel,1000,0,1,Commercial,Commercial,1000_9999,1,zero,Commercial,Commercial,0,,not_applicable,knn,
PREL20250313189,1 to 2 Family,Electrical,Alteration/Remodel,2500,0,1,Res.1&2 or Guest House,Res.1&2 or Guest House,1000_9999,1,zero,Res.1&2 or Guest House,Res.1&2 or Guest House,0,,not_applicable,knn,
PREL20250313227,1 to 2 Family,Electrical,Alteration/Remodel,900,0,1,Res.1&2 or Guest House,Res.1&2 or Guest House,2_999,1,zero,Res.1&2 or Guest House,Res.1&2 or Guest House,0,,not_applicable,knn,
PREL20250313232,1 to 2 Family,Electrical,Alteration/Remodel,19910,0,1,Res.1&2 or Guest House,Res.1&2 or Guest House,10000_99999,1,zero,Res.1&2 or Guest House,Res.1&2 or Guest House,0,,not_applicable,knn,
PREL20250313241,Commercial,Electrical,Alteration/Remodel,3000,0,1,Not Identified,,1000_9999,1,zero,,,0,,not_applicable,knn,
PREL20250313380,1 to 2 Family,Electrical,Alteration/Remodel,400,0,1,Res.1&2 or Guest House,Res.1&2 or Guest House,2_999,1,zero,Res.1&2 or Guest House,,1,Res.1&2 or Guest House,knn,knn,1.0
PREL20250313410,1 to 2 Family,Electrical,Alteration/Remodel,1000,0,1,Res.1&2 or Guest House,Res.1&2 or Guest House,1000_9999,1,zero,Res.1&2 or Guest House,Res.1&2 or Guest House,0,,not_applicable,knn,
PREL20250313421,1 to 2 Family,Electrical,Alteration/Remodel,2750,0,1,Res.1&2 or Guest House,Res.1&2 or Guest House,1000_9999,1,zero,Res.1&2 or Guest House,Res.1&2 or Guest House,0,,not_applicable,knn,
PREL20250313436,1 to 2 Family,Electrical,Alteration/Remodel,10000,0,1,Res.1&2 or Guest House,Res.1&2 or Guest House,10000_99999,1,zero,Res.1&2 or Guest House,Res.1&2 or Guest House,0,,not_applicable,knn,
PREL20250313437,Commercial,Electrical,Alteration/Remodel,3500,0,1,Residential-Multi-Family,Residential-Multi-Family,1000_9999,1,zero,Residential-Multi-Family,Residential-Multi-Family,0,,not_applicable,knn,
PREL20250313455,Commercial,Electrical,Alteration/Remodel,3500,0,1,Residential-Multi-Family,Residential-Multi-Family,1000_9999,1,zero,Residential-Multi-Family,Residential-Multi-Family,0,,not_applicable,knn,
PREL20250313478,1 to 2 Family,Electrical,Alteration/Remodel,9000,0,1,Res.1&2 or Guest House,Res.1&2 or Guest House,1000_9999,1,zero,Res.1&2 or Guest House,Res.1&2 or Guest House,0,,not_applicable,knn,
PREL20250313497,1 to 2 Family,Electrical,Alteration/Remodel,22932.5,0,1,Res.1&2 or Guest House,Res.1&2 or Guest House,10000_99999,1,zero,Res.1&2 or Guest House,Res.1&2 or Guest House,0,,not_applicable,knn,
PREL20250313520,1 to 2 Family,Electrical,Alteration/Remodel,4000,0,1,Res.1&2 or Guest House,Res.1&2 or Guest House,1000_9999,1,zero,Res.1&2 or Guest House,Res.1&2 or Guest House,0,,not_applicable,knn,
PREL20250313525,1 to 2 Family,Electrical,Alteration/Remodel,12500,0,1,Res.1&2 or Guest House,Res.1&2 or Guest House,10000_99999,1,zero,Res.1&2 or Guest House,,1,Res.1&2 or Guest House,knn,knn,1.0
PREL20250413557,1 to 2 Family,Electrical,Alteration/Remodel,14050,0,1,Res.1&2 or Guest House,Res.1&2 or Guest House,10000_99999,1,zero,Res.1&2 or Guest House,Res.1&2 or Guest House,0,,not_applicable,knn,
PREL20250413569,Commercial,Electrical,Alteration/Remodel,1600,0,1,Residential-Multi-Family,Residential-Multi-Family,1000_9999,1,zero,Residential-Multi-Family,Residential-Multi-Family,0,,not_applicable,knn,
PREL20250413573,1 to 2 Family,Electrical,Alteration/Remodel,13500,0,1,Res.1&2 or Guest House,Res.1&2 or Guest House,10000_99999,1,zero,Res.1&2 or Guest House,Res.1&2 or Guest House,0,,not_applicable,knn,
PREL20250413589,1 to 2 Family,Electrical,Alteration/Remodel,1000,0,1,Not Identified,,1000_9999,1,zero,,,0,,not_applicable,knn,
PREL20250413591,1 to 2 Family,Electrical,Alteration/Remodel,1500,0,1,Res.1&2 or Guest House,Res.1&2 or Guest House,1000_9999,1,zero,Res.1&2 or Guest House,Res.1&2 or Guest House,0,,not_applicable,knn,
PREL20250413620,1 to 2 Family,Electrical,Alteration/Remodel,2850,0,1,Res.1&2 or Guest House,Res.1&2 or Guest House,1000_9999,1,zero,Res.1&2 or Guest House,,1,Res.1&2 or Guest House,knn,knn,1.0
PREL20250413651,1 to 2 Family,Electrical,Alteration/Remodel,1200,0,1,Res.1&2 or Guest House,Res.1&2 or Guest House,1000_9999,1,zero,Res.1&2 or Guest House,Res.1&2 or Guest House,0,,not_applicable,knn,
PREL20250413653,1 to 2 Family,Electrical,Alteration/Remodel,1200,0,1,Res.1&2 or Guest House,Res.1&2 or Guest House,1000_9999,1,zero,Res.1&2 or Guest House,Res.1&2 or Guest House,0,,not_applicable,knn,
PREL20250413672,1 to 2 Family,Electrical,Alteration/Remodel,29511.99,0,1,Res.1&2 or Guest House,Res.1&2 or Guest House,10000_99999,1,zero,Res.1&2 or Guest House,Res.1&2 or Guest House,0,,not_applicable,knn,
PREL20250413704,1 to 2 Family,Electrical,Alteration/Remodel,1500,0,1,Res.1&2 or Guest House,Res.1&2 or Guest House,1000_9999,1,zero,Res.1&2 or Guest House,Res.1&2 or Guest House,0,,not_applicable,knn,
PREL20250413738,1 to 2 Family,Electrical,Alteration/Remodel,1200,0,1,Res.1&2 or Guest House,Res.1&2 or Guest House,1000_9999,1,zero,Res.1&2 or Guest House,Res.1&2 or Guest House,0,,not_applicable,knn,
PREL20250413763,1 to 2 Family,Electrical,Alteration/Remodel,1200,0,1,Res.1&2 or Guest House,Res.1&2 or Guest House,1000_9999,1,zero,Res.1&2 or Guest House,Res.1&2 or Guest House,0,,not_applicable,knn,
PREL20250413763,1 to 2 Family,Revision - Electrical,Alteration/Remodel,1200,0,1,Res.1&2 or Guest House,Res.1&2 or Guest House,1000_9999,1,zero,Res.1&2 or Guest House,Res.1&2 or Guest House,0,,not_applicable,knn,
PREL20250413769,1 to 2 Family,Electrical,Alteration/Remodel,9000,0,1,Res.1&2 or Guest House,Res.1&2 or Guest House,1000_9999,1,zero,Res.1&2 or Guest House,Res.1&2 or Guest House,0,,not_applicable,knn,
PREL20250413787,1 to 2 Family,Electrical,Alteration/Remodel,1500,0,1,Res.1&2 or Guest House,Res.1&2 or Guest House,1000_9999,1,zero,Res.1&2 or Guest House,Res.1&2 or Guest House,0,,not_applicable,knn,
PREL20250413844,1 to 2 Family,Electrical,Alteration/Remodel,1200,0,1,Res.1&2 or Guest House,Res.1&2 or Guest House,1000_9999,1,zero,Res.1&2 or Guest House,Res.1&2 or Guest House,0,,not_applicable,knn,
PREL20250413882,1 to 2 Family,Electrical,Alteration/Remodel,1200,0,1,Res.1&2 or Guest House,Res.1&2 or Guest House,1000_9999,1,zero,Res.1&2 or Guest House,Res.1&2 or Guest House,0,,not_applicable,knn,
PREL20250413923,1 to 2 Family,Electrical,Alteration/Remodel,20103,0,1,Res.1&2 or Guest House,Res.1&2 or Guest House,10000_99999,1,zero,Res.1&2 or Guest House,Res.1&2 or Guest House,0,,not_applicable,knn,
PREL20250413934,1 to 2 Family,Electrical,Alteration/Remodel,14840,0,1,Res.1&2 or Guest House,Res.1&2 or Guest House,10000_99999,1,zero,Res.1&2 or Guest House,Res.1&2 or Guest House,0,,not_applicable,knn,
PREL20250413998,1 to 2 Family,Electrical,Alteration/Remodel,4833,0,1,Res.1&2 or Guest House,Res.1&2 or Guest House,1000_9999,1,zero,Res.1&2 or Guest House,Res.1&2 or Guest House,0,,not_applicable,knn,
PREL20250414058,Commercial,Electrical,Alteration/Remodel,7312.72,0,1,Residential-Multi-Family,Residential-Multi-Family,1000_9999,1,zero,Residential-Multi-Family,Residential-Multi-Family,0,,not_applicable,knn,
PREL20250414076,1 to 2 Family,Electrical,Alteration/Remodel,1200,0,1,Res.1&2 or Guest House,Res.1&2 or Guest House,1000_9999,1,zero,Res.1&2 or Guest House,Res.1&2 or Guest House,0,,not_applicable,knn,
PREL20250414080,1 to 2 Family,Electrical,Alteration/Remodel,2580,0,1,Res.1&2 or Guest House,Res.1&2 or Guest House,1000_9999,1,zero,Res.1&2 or Guest House,Res.1&2 or Guest House,0,,not_applicable,knn,
PREL20250414173,1 to 2 Family,Electrical,Alteration/Remodel,1200,0,1,Res.1&2 or Guest House,Res.1&2 or Guest House,1000_9999,1,zero,Res.1&2 or Guest House,Res.1&2 or Guest House,0,,not_applicable,knn,
PREL20250414184,1 to 2 Family,Electrical,Alteration/Remodel,1200,0,1,Res.1&2 or Guest House,Res.1&2 or Guest House,1000_9999,1,zero,Res.1&2 or Guest House,Res.1&2 or Guest House,0,,not_applicable,knn,
PREL20250414195,1 to 2 Family,Electrical,Alteration/Remodel,1200,0,1,Res.1&2 or Guest House,Res.1&2 or Guest House,1000_9999,1,zero,Res.1&2 or Guest House,Res.1&2 or Guest House,0,,not_applicable,knn,
PREL20250414197,Commercial,Electrical,Alteration/Remodel,2000,0,1,Commercial,Commercial,1000_9999,1,zero,Commercial,Commercial,0,,not_applicable,knn,
PREL20250414267,1 to 2 Family,Electrical,Alteration/Remodel,125908.42,0,1,Res.1&2 or Guest House,Res.1&2 or Guest House,100000_plus,1,zero,Res.1&2 or Guest House,Res.1&2 or Guest House,0,,not_applicable,knn,
PREL20250414273,Commercial,Electrical,Alteration/Remodel,50000,0,1,Residential-Multi-Family,Residential-Multi-Family,10000_99999,1,zero,Residential-Multi-Family,,1,Commercial,knn,knn,0.6
PREL20250414275,1 to 2 Family,Electrical,Alteration/Remodel,5066,0,1,Res.1&2 or Guest House,Res.1&2 or Guest House,1000_9999,1,zero,Res.1&2 or Guest House,Res.1&2 or Guest House,0,,not_applicable,knn,
PREL20250414278,1 to 2 Family,Electrical,Alteration/Remodel,1600,0,1,Res.1&2 or Guest House,Res.1&2 or Guest House,1000_9999,1,zero,Res.1&2 or Guest House,,1,Res.1&2 or Guest House,knn,knn,1.0
PREL20250414279,Commercial,Electrical,Alteration/Remodel,2350,0,1,Not Identified,,1000_9999,1,zero,,,0,,not_applicable,knn,
PREL20250414342,1 to 2 Family,Electrical,Alteration/Remodel,1200,0,1,Res.1&2 or Guest House,Res.1&2 or Guest House,1000_9999,1,zero,Res.1&2 or Guest House,Res.1&2 or Guest House,0,,not_applicable,knn,
PREL20250414349,1 to 2 Family,Electrical,Alteration/Remodel,4575,0,1,Res.1&2 or Guest House,Res.1&2 or Guest House,1000_9999,1,zero,Res.1&2 or Guest House,Res.1&2 or Guest House,0,,not_applicable,knn,
PREL20250414354,1 to 2 Family,Electrical,Alteration/Remodel,16250,0,1,Res.1&2 or Guest House,Res.1&2 or Guest House,10000_99999,1,zero,Res.1&2 or Guest House,Res.1&2 or Guest House,0,,not_applicable,knn,
PREL20250414377,1 to 2 Family,Electrical,Alteration/Remodel,1200,0,1,Res.1&2 or Guest House,Res.1&2 or Guest House,1000_9999,1,zero,Res.1&2 or Guest House,,1,Res.1&2 or Guest House,knn,knn,1.0
PREL20250414423,1 to 2 Family,Electrical,Alteration/Remodel,1200,0,1,Res.1&2 or Guest House,Res.1&2 or Guest House,1000_9999,1,zero,Res.1&2 or Guest House,Res.1&2 or Guest House,0,,not_applicable,knn,
PREL20250414494,1 to 2 Family,Electrical,Alteration/Remodel,1458,0,1,Res.1&2 or Guest House,Res.1&2 or Guest House,1000_9999,1,zero,Res.1&2 or Guest House,Res.1&2 or Guest House,0,,not_applicable,knn,
PREL20250414498,1 to 2 Family,Electrical,Alteration/Remodel,1200,0,1,Res.1&2 or Guest House,Res.1&2 or Guest House,1000_9999,1,zero,Res.1&2 or Guest House,Res.1&2 or Guest House,0,,not_applicable,knn,
PREL20250414533,Commercial,Electrical,Alteration/Remodel,2400,0,1,Residential-Multi-Family,Residential-Multi-Family,1000_9999,1,zero,Residential-Multi-Family,Residential-Multi-Family,0,,not_applicable,knn,
PREL20250414534,Commercial,Electrical,Alteration/Remodel,2400,0,1,Residential-Multi-Family,Residential-Multi-Family,1000_9999,1,zero,Residential-Multi-Family,Residential-Multi-Family,0,,not_applicable,knn,
PREL20250414535,Commercial,Electrical,Alteration/Remodel,2400,0,1,Residential-Multi-Family,Residential-Multi-Family,1000_9999,1,zero,Residential-Multi-Family,Residential-Multi-Family,0,,not_applicable,knn,
PREL20250414537,Commercial,Electrical,Alteration/Remodel,2400,0,1,Residential-Multi-Family,Residential-Multi-Family,1000_9999,1,zero,Residential-Multi-Family,Residential-Multi-Family,0,,not_applicable,knn,
PREL20250414538,Commercial,Electrical,Alteration/Remodel,2400,0,1,Residential-Multi-Family,Residential-Multi-Family,1000_9999,1,zero,Residential-Multi-Family,Residential-Multi-Family,0,,not_applicable,knn,
PREL20250414539,Commercial,Electrical,Alteration/Remodel,2400,0,1,Residential-Multi-Family,Residential-Multi-Family,1000_9999,1,zero,Residential-Multi-Family,Residential-Multi-Family,0,,not_applicable,knn,
PREL20250414540,Commercial,Electrical,Alteration/Remodel,2400,0,1,Residential-Multi-Family,Residential-Multi-Family,1000_9999,1,zero,Residential-Multi-Family,Residential-Multi-Family,0,,not_applicable,knn,
PREL20250414541,Commercial,Electrical,Alteration/Remodel,2400,0,1,Residential-Multi-Family,Residential-Multi-Family,1000_9999,1,zero,Residential-Multi-Family,Residential-Multi-Family,0,,not_applicable,knn,
PREL20250414542,Commercial,Electrical,Alteration/Remodel,2400,0,1,Residential-Multi-Family,Residential-Multi-Family,1000_9999,1,zero,Residential-Multi-Family,Residential-Multi-Family,0,,not_applicable,knn,
PREL20250414564,1 to 2 Family,Electrical,Alteration/Remodel,2500,0,1,Res.1&2 or Guest House,Res.1&2 or Guest House,1000_9999,1,zero,Res.1&2 or Guest House,Res.1&2 or Guest House,0,,not_applicable,knn,
PREL20250414565,1 to 2 Family,Electrical,Alteration/Remodel,2500,0,1,Res.1&2 or Guest House,Res.1&2 or Guest House,1000_9999,1,zero,Res.1&2 or Guest House,Res.1&2 or Guest House,0,,not_applicable,knn,
PREL20250414567,1 to 2 Family,Electrical,Alteration/Remodel,2500,0,1,Res.1&2 or Guest House,Res.1&2 or Guest House,1000_9999,1,zero,Res.1&2 or Guest House,,1,Res.1&2 or Guest House,knn,knn,1.0
PREL20250414568,1 to 2 Family,Electrical,Alteration/Remodel,2500,0,1,Res.1&2 or Guest House,Res.1&2 or Guest House,1000_9999,1,zero,Res.1&2 or Guest House,Res.1&2 or Guest House,0,,not_applicable,knn,
PREL20250414570,1 to 2 Family,Electrical,Alteration/Remodel,2500,0,1,Res.1&2 or Guest House,Res.1&2 or Guest House,1000_9999,1,zero,Res.1&2 or Guest House,Res.1&2 or Guest House,0,,not_applicable,knn,
PREL20250414571,1 to 2 Family,Electrical,Alteration/Remodel,2500,0,1,Res.1&2 or Guest House,Res.1&2 or Guest House,1000_9999,1,zero,Res.1&2 or Guest House,Res.1&2 or Guest House,0,,not_applicable,knn,
PREL20250414572,1 to 2 Family,Electrical,Alteration/Remodel,2500,0,1,Res.1&2 or Guest House,Res.1&2 or Guest House,1000_9999,1,zero,Res.1&2 or Guest House,Res.1&2 or Guest House,0,,not_applicable,knn,
PREL20250414573,1 to 2 Family,Electrical,Alteration/Remodel,2500,0,1,Res.1&2 or Guest House,Res.1&2 or Guest House,1000_9999,1,zero,Res.1&2 or Guest House,Res.1&2 or Guest House,0,,not_applicable,knn,
PREL20250414574,1 to 2 Family,Electrical,Alteration/Remodel,2500,0,1,Res.1&2 or Guest House,Res.1&2 or Guest House,1000_9999,1,zero,Res.1&2 or Guest House,Res.1&2 or Guest House,0,,not_applicable,knn,
PREL20250414576,1 to 2 Family,Electrical,Alteration/Remodel,2500,0,1,Res.1&2 or Guest House,Res.1&2 or Guest House,1000_9999,1,zero,Res.1&2 or Guest House,Res.1&2 or Guest House,0,,not_applicable,knn,
PREL20250414577,1 to 2 Family,Electrical,Alteration/Remodel,2500,0,1,Res.1&2 or Guest House,Res.1&2 or Guest House,1000_9999,1,zero,Res.1&2 or Guest House,Res.1&2 or Guest House,0,,not_applicable,knn,
PREL20250414578,1 to 2 Family,Electrical,Alteration/Remodel,2500,0,1,Res.1&2 or Guest House,Res.1&2 or Guest House,1000_9999,1,zero,Res.1&2 or Guest House,Res.1&2 or Guest House,0,,not_applicable,knn,
PREL20250414579,1 to 2 Family,Electrical,Alteration/Remodel,2400,0,1,Res.1&2 or Guest House,Res.1&2 or Guest House,1000_9999,1,zero,Res.1&2 or Guest House,Res.1&2 or Guest House,0,,not_applicable,knn,
PREL20250414580,1 to 2 Family,Electrical,Alteration/Remodel,2400,0,1,Res.1&2 or Guest House,Res.1&2 or Guest House,1000_9999,1,zero,Res.1&2 or Guest House,Res.1&2 or Guest House,0,,not_applicable,knn,
PREL20250414581,1 to 2 Family,Electrical,Alteration/Remodel,2400,0,1,Res.1&2 or Guest House,Res.1&2 or Guest House,1000_9999,1,zero,Res.1&2 or Guest House,,1,Res.1&2 or Guest House,knn,knn,1.0
PREL20250414582,1 to 2 Family,Electrical,Alteration/Remodel,2400,0,1,Res.1&2 or Guest House,Res.1&2 or Guest House,1000_9999,1,zero,Res.1&2 or Guest House,,1,Res.1&2 or Guest House,knn,knn,1.0
PREL20250414583,1 to 2 Family,Electrical,Alteration/Remodel,2400,0,1,Res.1&2 or Guest House,Res.1&2 or Guest House,1000_9999,1,zero,Res.1&2 or Guest House,Res.1&2 or Guest House,0,,not_applicable,knn,
PREL20250414609,1 to 2 Family,Electrical,Alteration/Remodel,1500,0,1,Res.1&2 or Guest House,Res.1&2 or Guest House,1000_9999,1,zero,Res.1&2 or Guest House,Res.1&2 or Guest House,0,,not_applicable,knn,
PREL20250414618,1 to 2 Family,Electrical,Alteration/Remodel,1200,0,1,Res.1&2 or Guest House,Res.1&2 or Guest House,1000_9999,1,zero,Res.1&2 or Guest House,Res.1&2 or Guest House,0,,not_applicable,knn,
PREL20250414628,1 to 2 Family,Electrical,Alteration/Remodel,1200,0,1,Res.1&2 or Guest House,Res.1&2 or Guest House,1000_9999,1,zero,Res.1&2 or Guest House,,1,Res.1&2 or Guest House,knn,knn,1.0
PREL20250414639,1 to 2 Family,Electrical,Alteration/Remodel,1200,0,1,Res.1&2 or Guest House,Res.1&2 or Guest House,1000_9999,1,zero,Res.1&2 or Guest House,Res.1&2 or Guest House,0,,not_applicable,knn,
PREL20250414652,Commercial,Electrical,Alteration/Remodel,7162,0,1,Residential-Multi-Family,Residential-Multi-Family,1000_9999,1,zero,Residential-Multi-Family,Residential-Multi-Family,0,,not_applicable,knn,
PREL20250414855,1 to 2 Family,Electrical,Alteration/Remodel,8120,0,1,Res.1&2 or Guest House,Res.1&2 or Guest House,1000_9999,1,zero,Res.1&2 or Guest House,,1,Res.1&2 or Guest House,knn,knn,1.0
PREL20250414863,1 to 2 Family,Electrical,Alteration/Remodel,1200,0,1,Res.1&2 or Guest House,Res.1&2 or Guest House,1000_9999,1,zero,Res.1&2 or Guest House,Res.1&2 or Guest House,0,,not_applicable,knn,
PREL20250414865,1 to 2 Family,Electrical,Alteration/Remodel,5900,0,1,Res.1&2 or Guest House,Res.1&2 or Guest House,1000_9999,1,zero,Res.1&2 or Guest House,Res.1&2 or Guest House,0,,not_applicable,knn,
PREL20250414869,1 to 2 Family,Electrical,Alteration/Remodel,4608,0,1,Res.1&2 or Guest House,Res.1&2 or Guest House,1000_9999,1,zero,Res.1&2 or Guest House,Res.1&2 or Guest House,0,,not_applicable,knn,
PREL20250414994,Commercial,Electrical,Alteration/Remodel,1500,0,1,Commercial,Commercial,1000_9999,1,zero,Commercial,Commercial,0,,not_applicable,knn,
PREL20250415011,Commercial,Electrical,Alteration/Remodel,1900,0,1,Residential-Multi-Family,Residential-Multi-Family,1000_9999,1,zero,Residential-Multi-Family,,1,Residential-Multi-Family,knn,knn,0.8
PREL20250415038,1 to 2 Family,Electrical,Alteration/Remodel,2400,0,1,Res.1&2 or Guest House,Res.1&2 or Guest House,1000_9999,1,zero,Res.1&2 or Guest House,Res.1&2 or Guest House,0,,not_applicable,knn,
PREL20250415044,1 to 2 Family,Electrical,Alteration/Remodel,850,0,1,Res.1&2 or Guest House,Res.1&2 or Guest House,2_999,1,zero,Res.1&2 or Guest House,,1,Res.1&2 or Guest House,knn,knn,1.0
PREL20250415066,Commercial,Electrical,Alteration/Remodel,15000,0,1,Not Identified,,10000_99999,1,zero,,,0,,not_applicable,knn,
PREL20250415068,1 to 2 Family,Electrical,Alteration/Remodel,3500,0,1,Res.1&2 or Guest House,Res.1&2 or Guest House,1000_9999,1,zero,Res.1&2 or Guest House,Res.1&2 or Guest House,0,,not_applicable,knn,
PREL20250415105,1 to 2 Family,Electrical,Alteration/Remodel,5000,0,1,Res.1&2 or Guest House,Res.1&2 or Guest House,1000_9999,1,zero,Res.1&2 or Guest House,,1,Res.1&2 or Guest House,knn,knn,1.0
PREL20250415108,1 to 2 Family,Electrical,Alteration/Remodel,1750,0,1,Res.1&2 or Guest House,Res.1&2 or Guest House,1000_9999,1,zero,Res.1&2 or Guest House,Res.1&2 or Guest House,0,,not_applicable,knn,
PREL20250415226,1 to 2 Family,Electrical,Alteration/Remodel,1200,0,1,Res.1&2 or Guest House,Res.1&2 or Guest House,1000_9999,1,zero,Res.1&2 or Guest House,Res.1&2 or Guest House,0,,not_applicable,knn,
PREL20250415324,1 to 2 Family,Electrical,Alteration/Remodel,3950,0,1,Res.1&2 or Guest House,Res.1&2 or Guest House,1000_9999,1,zero,Res.1&2 or Guest House,,1,Res.1&2 or Guest House,knn,knn,1.0
PREL20250415334,1 to 2 Family,Electrical,Alteration/Remodel,18866,0,1,Res.1&2 or Guest House,Res.1&2 or Guest House,10000_99999,1,zero,Res.1&2 or Guest House,Res.1&2 or Guest House,0,,not_applicable,knn,
PREL20250415385,1 to 2 Family,Electrical,Alteration/Remodel,1200,0,1,Res.1&2 or Guest House,Res.1&2 or Guest House,1000_9999,1,zero,Res.1&2 or Guest House,Res.1&2 or Guest House,0,,not_applicable,knn,
PREL20250415398,1 to 2 Family,Electrical,Alteration/Remodel,4852,0,1,Res.1&2 or Guest House,Res.1&2 or Guest House,1000_9999,1,zero,Res.1&2 or Guest House,Res.1&2 or Guest House,0,,not_applicable,knn,
PREL20250415403,Commercial,Electrical,Alteration/Remodel,4852,0,0,Residential-Multi-Family,Residential-Multi-Family,1000_9999,0,zero,Residential-Multi-Family,Residential-Multi-Family,0,,not_applicable,knn,
PREL20250415423,1 to 2 Family,Electrical,Alteration/Remodel,1000,0,1,Res.1&2 or Guest House,Res.1&2 or Guest House,1000_9999,1,zero,Res.1&2 or Guest House,Res.1&2 or Guest House,0,,not_applicable,knn,
PREL20250415436,1 to 2 Family,Electrical,Alteration/Remodel,1200,0,1,Res.1&2 or Guest House,Res.1&2 or Guest House,1000_9999,1,zero,Res.1&2 or Guest House,Res.1&2 or Guest House,0,,not_applicable,knn,
PREL20250415452,Commercial,Electrical,Alteration/Remodel,1990,0,0,Residential-Multi-Family,Residential-Multi-Family,1000_9999,0,zero,Residential-Multi-Family,,1,Residential-Multi-Family,knn,knn,0.6
PREL20250415499,1 to 2 Family,Electrical,Alteration/Remodel,24199,0,1,Res.1&2 or Guest House,Res.1&2 or Guest House,10000_99999,1,zero,Res.1&2 or Guest House,Res.1&2 or Guest House,0,,not_applicable,knn,
PREL20250415516,1 to 2 Family,Electrical,Alteration/Remodel,1200,0,1,Res.1&2 or Guest House,Res.1&2 or Guest House,1000_9999,1,zero,Res.1&2 or Guest House,,1,Res.1&2 or Guest House,knn,knn,1.0
PREL20250415601,Commercial,Electrical,Alteration/Remodel,75000,0,1,Not Identified,,10000_99999,1,zero,,,0,,not_applicable,knn,
PREL20250415610,1 to 2 Family,Electrical,Alteration/Remodel,1200,0,1,Res.1&2 or Guest House,Res.1&2 or Guest House,1000_9999,1,zero,Res.1&2 or Guest House,Res.1&2 or Guest House,0,,not_applicable,knn,
PREL20250415615,1 to 2 Family,Electrical,Alteration/Remodel,1200,0,1,Res.1&2 or Guest House,Res.1&2 or Guest House,1000_9999,1,zero,Res.1&2 or Guest House,Res.1&2 or Guest House,0,,not_applicable,knn,
PREL20250415701,1 to 2 Family,Electrical,Alteration/Remodel,1100,0,1,Res.1&2 or Guest House,Res.1&2 or Guest House,1000_9999,1,zero,Res.1&2 or Guest House,,1,Res.1&2 or Guest House,knn,knn,1.0
PREL20250415857,1 to 2 Family,Electrical,Alteration/Remodel,3679,0,1,Res.1&2 or Guest House,Res.1&2 or Guest House,1000_9999,1,zero,Res.1&2 or Guest House,,1,Res.1&2 or Guest House,knn,knn,1.0
PREL20250415867,1 to 2 Family,Electrical,Alteration/Remodel,1200,0,1,Res.1&2 or Guest House,Res.1&2 or Guest House,1000_9999,1,zero,Res.1&2 or Guest House,,1,Res.1&2 or Guest House,knn,knn,1.0
PREL20250415905,Commercial,Electrical,Alteration/Remodel,1900,0,1,Residential-Multi-Family,Residential-Multi-Family,1000_9999,1,zero,Residential-Multi-Family,Residential-Multi-Family,0,,not_applicable,knn,
PREL20250415931,1 to 2 Family,Electrical,Alteration/Remodel,1200,0,1,Res.1&2 or Guest House,Res.1&2 or Guest House,1000_9999,1,zero,Res.1&2 or Guest House,Res.1&2 or Guest House,0,,not_applicable,knn,
PREL20250415954,1 to 2 Family,Electrical,Alteration/Remodel,1458,0,1,Res.1&2 or Guest House,Res.1&2 or Guest House,1000_9999,1,zero,Res.1&2 or Guest House,Res.1&2 or Guest House,0,,not_applicable,knn,
PREL20250415970,1 to 2 Family,Electrical,Alteration/Remodel,1200,0,1,Res.1&2 or Guest House,Res.1&2 or Guest House,1000_9999,1,zero,Res.1&2 or Guest House,Res.1&2 or Guest House,0,,not_applicable,knn,
PREL20250416014,1 to 2 Family,Electrical,Alteration/Remodel,1200,0,1,Res.1&2 or Guest House,Res.1&2 or Guest House,1000_9999,1,zero,Res.1&2 or Guest House,,1,Res.1&2 or Guest House,knn,knn,1.0
PREL20250416092,1 to 2 Family,Electrical,Alteration/Remodel,4100,0,1,Res.1&2 or Guest House,Res.1&2 or Guest House,1000_9999,1,zero,Res.1&2 or Guest House,Res.1&2 or Guest House,0,,not_applicable,knn,
PREL20250416097,Commercial,Electrical,Alteration/Remodel,11500,0,1,Residential-Multi-Family,Residential-Multi-Family,10000_99999,1,zero,Residential-Multi-Family,Residential-Multi-Family,0,,not_applicable,knn,
PREL20250416121,1 to 2 Family,Electrical,Alteration/Remodel,1200,0,1,Res.1&2 or Guest House,Res.1&2 or Guest House,1000_9999,1,zero,Res.1&2 or Guest House,,1,Res.1&2 or Guest House,knn,knn,1.0
PREL20250416178,Commercial,Electrical,Alteration/Remodel,1800,0,1,Residential-Multi-Family,Residential-Multi-Family,1000_9999,1,zero,Residential-Multi-Family,Residential-Multi-Family,0,,not_applicable,knn,
PREL20250416179,1 to 2 Family,Electrical,Alteration/Remodel,1500,0,1,Res.1&2 or Guest House,Res.1&2 or Guest House,1000_9999,1,zero,Res.1&2 or Guest House,Res.1&2 or Guest House,0,,not_applicable,knn,
PREL20250416202,1 to 2 Family,Electrical,Alteration/Remodel,1870,0,1,Res.1&2 or Guest House,Res.1&2 or Guest House,1000_9999,1,zero,Res.1&2 or Guest House,Res.1&2 or Guest House,0,,not_applicable,knn,
PREL20250416207,1 to 2 Family,Electrical,Alteration/Remodel,1200,0,1,Res.1&2 or Guest House,Res.1&2 or Guest House,1000_9999,1,zero,Res.1&2 or Guest House,Res.1&2 or Guest House,0,,not_applicable,knn,
PREL20250416208,1 to 2 Family,Electrical,Alteration/Remodel,1200,0,1,Res.1&2 or Guest House,Res.1&2 or Guest House,1000_9999,1,zero,Res.1&2 or Guest House,Res.1&2 or Guest House,0,,not_applicable,knn,
PREL20250416238,1 to 2 Family,Electrical,Alteration/Remodel,1200,0,1,Res.1&2 or Guest House,Res.1&2 or Guest House,1000_9999,1,zero,Res.1&2 or Guest House,Res.1&2 or Guest House,0,,not_applicable,knn,
PREL20250416307,Commercial,Electrical,Alteration/Remodel,6144,0,0,Residential-Multi-Family,Residential-Multi-Family,1000_9999,0,zero,Residential-Multi-Family,,1,Residential-Multi-Family,knn,knn,0.6
PREL20250416404,1 to 2 Family,Electrical,Alteration/Remodel,1800,0,1,Res.1&2 or Guest House,Res.1&2 or Guest House,1000_9999,1,zero,Res.1&2 or Guest House,Res.1&2 or Guest House,0,,not_applicable,knn,
PREL20250416431,1 to 2 Family,Electrical,Alteration/Remodel,5640,0,1,Res.1&2 or Guest House,Res.1&2 or Guest House,1000_9999,1,zero,Res.1&2 or Guest House,Res.1&2 or Guest House,0,,not_applicable,knn,
PREL20250416465,1 to 2 Family,Electrical,Alteration/Remodel,1200,0,1,Res.1&2 or Guest House,Res.1&2 or Guest House,1000_9999,1,zero,Res.1&2 or Guest House,,1,Res.1&2 or Guest House,knn,knn,1.0
PREL20250416470,1 to 2 Family,Electrical,Alteration/Remodel,1200,0,1,Res.1&2 or Guest House,Res.1&2 or Guest House,1000_9999,1,zero,Res.1&2 or Guest House,Res.1&2 or Guest House,0,,not_applicable,knn,
PREL20250416482,Commercial,Electrical,Alteration/Remodel,10000,0,1,Commercial,Commercial,10000_99999,1,zero,Commercial,Commercial,0,,not_applicable,knn,
PREL20250416483,1 to 2 Family,Electrical,Alteration/Remodel,10747,0,1,Res.1&2 or Guest House,Res.1&2 or Guest House,10000_99999,1,zero,Res.1&2 or Guest House,Res.1&2 or Guest House,0,,not_applicable,knn,
PREL20250416483,1 to 2 Family,Revision - Electrical,Alteration/Remodel,13027,0,0,Res.1&2 or Guest House,Res.1&2 or Guest House,10000_99999,0,zero,Res.1&2 or Guest House,Res.1&2 or Guest House,0,,not_applicable,knn,
PREL20250416491,1 to 2 Family,Electrical,Alteration/Remodel,2222,0,1,Res.1&2 or Guest House,Res.1&2 or Guest House,1000_9999,1,zero,Res.1&2 or Guest House,Res.1&2 or Guest House,0,,not_applicable,knn,
PREL20250416528,1 to 2 Family,Electrical,Alteration/Remodel,2300,0,1,Res.1&2 or Guest House,Res.1&2 or Guest House,1000_9999,1,zero,Res.1&2 or Guest House,Res.1&2 or Guest House,0,,not_applicable,knn,
PREL20250416530,1 to 2 Family,Electrical,Alteration/Remodel,1900,0,1,Res.1&2 or Guest House,Res.1&2 or Guest House,1000_9999,1,zero,Res.1&2 or Guest House,,1,Res.1&2 or Guest House,knn,knn,1.0
PREL20250416544,1 to 2 Family,Electrical,Alteration/Remodel,1200,0,0,Res.1&2 or Guest House,Res.1&2 or Guest House,1000_9999,0,zero,Res.1&2 or Guest House,Res.1&2 or Guest House,0,,not_applicable,knn,
PREL20250416610,1 to 2 Family,Electrical,Alteration/Remodel,1000,0,1,Res.1&2 or Guest House,Res.1&2 or Guest House,1000_9999,1,zero,Res.1&2 or Guest House,Res.1&2 or Guest House,0,,not_applicable,knn,
PREL20250416729,1 to 2 Family,Electrical,Alteration/Remodel,1800,0,1,Res.1&2 or Guest House,Res.1&2 or Guest House,1000_9999,1,zero,Res.1&2 or Guest House,Res.1&2 or Guest House,0,,not_applicable,knn,
PREL20250416835,1 to 2 Family,Electrical,Alteration/Remodel,7135,0,1,Res.1&2 or Guest House,Res.1&2 or Guest House,1000_9999,1,zero,Res.1&2 or Guest House,,1,Res.1&2 or Guest House,knn,knn,1.0
PREL20250416849,1 to 2 Family,Electrical,Alteration/Remodel,1200,0,1,Res.1&2 or Guest House,Res.1&2 or Guest House,1000_9999,1,zero,Res.1&2 or Guest House,Res.1&2 or Guest House,0,,not_applicable,knn,
PREL20250416861,1 to 2 Family,Electrical,Alteration/Remodel,1500,0,1,Res.1&2 or Guest House,Res.1&2 or Guest House,1000_9999,1,zero,Res.1&2 or Guest House,Res.1&2 or Guest House,0,,not_applicable,knn,
PREL20250416891,1 to 2 Family,Electrical,Alteration/Remodel,1200,0,1,Res.1&2 or Guest House,Res.1&2 or Guest House,1000_9999,1,zero,Res.1&2 or Guest House,Res.1&2 or Guest House,0,,not_applicable,knn,
PREL20250416896,1 to 2 Family,Electrical,Alteration/Remodel,1840,0,1,Res.1&2 or Guest House,Res.1&2 or Guest House,1000_9999,1,zero,Res.1&2 or Guest House,Res.1&2 or Guest House,0,,not_applicable,knn,
PREL20250417010,1 to 2 Family,Electrical,Alteration/Remodel,1200,0,1,Res.1&2 or Guest House,Res.1&2 or Guest House,1000_9999,1,zero,Res.1&2 or Guest House,Res.1&2 or Guest House,0,,not_applicable,knn,
PREL20250417102,Commercial,Electrical,Alteration/Remodel,2250,0,0,Commercial,Commercial,1000_9999,0,zero,Commercial,,1,Residential-Multi-Family,knn,knn,0.6
PREL20250417159,Commercial,Electrical,Alteration/Remodel,9000,0,1,Residential-Multi-Family,Residential-Multi-Family,1000_9999,1,zero,Residential-Multi-Family,Residential-Multi-Family,0,,not_applicable,knn,
PREL20250417160,Commercial,Electrical,Alteration/Remodel,9000,0,1,Residential-Multi-Family,Residential-Multi-Family,1000_9999,1,zero,Residential-Multi-Family,Residential-Multi-Family,0,,not_applicable,knn,
PREL20250417188,Commercial,Electrical,Alteration/Remodel,1600,0,1,Residential-Multi-Family,Residential-Multi-Family,1000_9999,1,zero,Residential-Multi-Family,Residential-Multi-Family,0,,not_applicable,knn,
PREL20250417230,1 to 2 Family,Electrical,Alteration/Remodel,100,0,1,Res.1&2 or Guest House,Res.1&2 or Guest House,2_999,1,zero,Res.1&2 or Guest House,Res.1&2 or Guest House,0,,not_applicable,knn,
PREL20250417371,1 to 2 Family,Electrical,Alteration/Remodel,750,0,1,Res.1&2 or Guest House,Res.1&2 or Guest House,2_999,1,zero,Res.1&2 or Guest House,Res.1&2 or Guest House,0,,not_applicable,knn,
PREL20250417429,Commercial,Electrical,Alteration/Remodel,10000,0,1,Residential-Multi-Family,Residential-Multi-Family,10000_99999,1,zero,Residential-Multi-Family,Residential-Multi-Family,0,,not_applicable,knn,
PREL20250417567,1 to 2 Family,Electrical,Alteration/Remodel,1000,0,1,Res.1&2 or Guest House,Res.1&2 or Guest House,1000_9999,1,zero,Res.1&2 or Guest House,Res.1&2 or Guest House,0,,not_applicable,knn,
PREL20250417609,Commercial,Electrical,Alteration/Remodel,48000,0,0,Residential-Multi-Family,Residential-Multi-Family,10000_99999,0,zero,Residential-Multi-Family,Residential-Multi-Family,0,,not_applicable,knn,
PREL20250417613,Commercial,Electrical,Alteration/Remodel,42000,0,0,Not Identified,,10000_99999,0,zero,,,0,,not_applicable,knn,
PREL20250417615,Commercial,Electrical,Alteration/Remodel,48000,0,0,Not Identified,,10000_99999,0,zero,,,0,,not_applicable,knn,
PREL20250417715,1 to 2 Family,Electrical,Alteration/Remodel,1200,0,0,Res.1&2 or Guest House,Res.1&2 or Guest House,1000_9999,0,zero,Res.1&2 or Guest House,Res.1&2 or Guest House,0,,not_applicable,knn,
PREL20250417718,1 to 2 Family,Electrical,Alteration/Remodel,1200,0,1,Res.1&2 or Guest House,Res.1&2 or Guest House,1000_9999,1,zero,Res.1&2 or Guest House,Res.1&2 or Guest House,0,,not_applicable,knn,
PREL20250417763,1 to 2 Family,Electrical,Alteration/Remodel,2200,0,1,Res.1&2 or Guest House,Res.1&2 or Guest House,1000_9999,1,zero,Res.1&2 or Guest House,Res.1&2 or Guest House,0,,not_applicable,knn,
PREL20250417817,1 to 2 Family,Electrical,Alteration/Remodel,1200,0,1,Res.1&2 or Guest House,Res.1&2 or Guest House,1000_9999,1,zero,Res.1&2 or Guest House,Res.1&2 or Guest House,0,,not_applicable,knn,
PREL20250417863,1 to 2 Family,Electrical,Alteration/Remodel,4500,0,1,Res.1&2 or Guest House,Res.1&2 or Guest House,1000_9999,1,zero,Res.1&2 or Guest House,Res.1&2 or Guest House,0,,not_applicable,knn,
PREL20250417964,1 to 2 Family,Electrical,Alteration/Remodel,1200,0,1,Res.1&2 or Guest House,Res.1&2 or Guest House,1000_9999,1,zero,Res.1&2 or Guest House,Res.1&2 or Guest House,0,,not_applicable,knn,
PREL20250417968,1 to 2 Family,Electrical,Alteration/Remodel,2500,0,1,Res.1&2 or Guest House,Res.1&2 or Guest House,1000_9999,1,zero,Res.1&2 or Guest House,Res.1&2 or Guest House,0,,not_applicable,knn,
PREL20250417976,1 to 2 Family,Electrical,Alteration/Remodel,1200,0,1,Res.1&2 or Guest House,Res.1&2 or Guest House,1000_9999,1,zero,Res.1&2 or Guest House,Res.1&2 or Guest House,0,,not_applicable,knn,
PREL20250418005,1 to 2 Family,Electrical,Alteration/Remodel,1200,0,1,Res.1&2 or Guest House,Res.1&2 or Guest House,1000_9999,1,zero,Res.1&2 or Guest House,Res.1&2 or Guest House,0,,not_applicable,knn,
PREL20250418008,1 to 2 Family,Electrical,Alteration/Remodel,1200,0,1,Res.1&2 or Guest House,Res.1&2 or Guest House,1000_9999,1,zero,Res.1&2 or Guest House,Res.1&2 or Guest House,0,,not_applicable,knn,
PREL20250418164,1 to 2 Family,Electrical,Alteration/Remodel,4200,0,1,Res.1&2 or Guest House,Res.1&2 or Guest House,1000_9999,1,zero,Res.1&2 or Guest House,Res.1&2 or Guest House,0,,not_applicable,knn,
PREL20250418197,1 to 2 Family,Electrical,Alteration/Remodel,1600,0,1,Res.1&2 or Guest House,Res.1&2 or Guest House,1000_9999,1,zero,Res.1&2 or Guest House,Res.1&2 or Guest House,0,,not_applicable,knn,
PREL20250418244,1 to 2 Family,Electrical,Alteration/Remodel,1200,0,1,Res.1&2 or Guest House,Res.1&2 or Guest House,1000_9999,1,zero,Res.1&2 or Guest House,Res.1&2 or Guest House,0,,not_applicable,knn,
PREL20250418251,1 to 2 Family,Electrical,Alteration/Remodel,1200,0,1,Res.1&2 or Guest House,Res.1&2 or Guest House,1000_9999,1,zero,Res.1&2 or Guest House,Res.1&2 or Guest House,0,,not_applicable,knn,
PREL20250418287,1 to 2 Family,Electrical,Alteration/Remodel,1200,0,1,Res.1&2 or Guest House,Res.1&2 or Guest House,1000_9999,1,zero,Res.1&2 or Guest House,Res.1&2 or Guest House,0,,not_applicable,knn,
PREL20250418326,1 to 2 Family,Electrical,Alteration/Remodel,1000,0,1,Res.1&2 or Guest House,Res.1&2 or Guest House,1000_9999,1,zero,Res.1&2 or Guest House,Res.1&2 or Guest House,0,,not_applicable,knn,
PREL20250418481,1 to 2 Family,Electrical,Alteration/Remodel,4200,0,1,Res.1&2 or Guest House,Res.1&2 or Guest House,1000_9999,1,zero,Res.1&2 or Guest House,,1,Res.1&2 or Guest House,knn,knn,1.0
PRFAS20250313471,Commercial,"Replacement or Installation of communicator, existing panel",Alteration/Remodel,1000,0,0,Not Identified,,1000_9999,0,zero,,,0,,not_applicable,knn,
PRFAS20250413648,Commercial,Modify Existing Devices,Alteration/Remodel,4859,0,0,Not Identified,,1000_9999,0,zero,,,0,,not_applicable,knn,
PRFAS20250414140,Commercial,"Replacement or Installation of communicator, existing panel",Alteration/Remodel,4985,0,0,Not Identified,,1000_9999,0,zero,,,0,,not_applicable,knn,
PRFAS20250414188,Commercial,"Replacement or Installation of communicator, existing panel",Alteration/Remodel,1541.2,0,0,Not Identified,,1000_9999,0,zero,,,0,,not_applicable,knn,
PRFAS20250414247,Commercial,Modify Existing Devices,Alteration/Remodel,12295.26,0,0,Not Identified,,10000_99999,0,zero,,,0,,not_applicable,knn,
PRFAS20250414310,Commercial,"Replacement or Installation of communicator, existing panel",Alteration/Remodel,2141.1999999999998,0,0,Not Identified,,1000_9999,0,zero,,,0,,not_applicable,knn,
PRFAS20250414338,Commercial,"Replacement or Installation of communicator, existing panel",Alteration/Remodel,1541.2,0,0,Not Identified,,1000_9999,0,zero,,,0,,not_applicable,knn,
PRFAS20250414363,Commercial,"Replacement or Installation of communicator, existing panel",Alteration/Remodel,1541.2,0,0,Not Identified,,1000_9999,0,zero,,,0,,not_applicable,knn,
PRFAS20250414392,Commercial,"Replacement or Installation of communicator, existing panel",Alteration/Remodel,1541.2,0,0,Not Identified,,1000_9999,0,zero,,,0,,not_applicable,knn,
PRFAS20250414425,Commercial,"Replacement or Installation of communicator, existing panel",Alteration/Remodel,627.37,0,0,Not Identified,,2_999,0,zero,,,0,,not_applicable,knn,
PRFAS20250414510,Commercial,"Replacement or Installation of communicator, existing panel",Alteration/Remodel,1200,0,0,Not Identified,,1000_9999,0,zero,,,0,,not_applicable,knn,
PRFAS20250414530,Commercial,Modify Existing Devices,Alteration/Remodel,3200,0,0,Not Identified,,1000_9999,0,zero,,,0,,not_applicable,knn,
PRFAS20250415141,Commercial,Modify Existing Devices,Alteration/Remodel,17256.169999999998,0,0,Not Identified,,10000_99999,0,zero,,,0,,not_applicable,knn,
PRFAS20250415228,Commercial,Modify Existing Devices,Alteration/Remodel,1000,0,0,Not Identified,,1000_9999,0,zero,,,0,,not_applicable,knn,
PRFAS20250415372,Commercial,"Replacement or Installation of communicator, existing panel",Alteration/Remodel,733,0,0,Not Identified,,2_999,0,zero,,,0,,not_applicable,knn,
PRFAS20250415373,Commercial,"Replacement or Installation of communicator, existing panel",Alteration/Remodel,733,0,0,Not Identified,,2_999,0,zero,,,0,,not_applicable,knn,
PRFAS20250415389,Commercial,"Replacement or Installation of communicator, existing panel",Alteration/Remodel,600,0,0,Not Identified,,2_999,0,zero,,,0,,not_applicable,knn,
PRFAS20250415391,Commercial,"Replacement or Installation of communicator, existing panel",Alteration/Remodel,600,0,0,Not Identified,,2_999,0,zero,,,0,,not_applicable,knn,
PRFAS20250415392,Commercial,"Replacement or Installation of communicator, existing panel",Alteration/Remodel,600,0,0,Not Identified,,2_999,0,zero,,,0,,not_applicable,knn,
PRFAS20250415393,Commercial,"Replacement or Installation of communicator, existing panel",Alteration/Remodel,600,0,0,Not Identified,,2_999,0,zero,,,0,,not_applicable,knn,
PRFAS20250415406,Commercial,Modify Existing Devices,Alteration/Remodel,12466.46,0,0,Not Identified,,10000_99999,0,zero,,,0,,not_applicable,knn,
PRFAS20250415888,Commercial,"Replacement or Installation of communicator, existing panel",Alteration/Remodel,300,0,0,Not Identified,,2_999,0,zero,,,0,,not_applicable,knn,
PRFAS20250415892,Commercial,"Replacement or Installation of communicator, existing panel",Alteration/Remodel,500,0,0,Not Identified,,2_999,0,zero,,,0,,not_applicable,knn,
PRFAS20250416170,Commercial,"Replacement or Installation of communicator, existing panel",Alteration/Remodel,1585,0,0,Not Identified,,1000_9999,0,zero,,,0,,not_applicable,knn,
PRFAS20250416637,Commercial,Modify Existing Devices,Alteration/Remodel,8150,0,0,Not Identified,,1000_9999,0,zero,,,0,,not_applicable,knn,
PRFAS20250416830,Commercial,Modify Existing Devices,Alteration/Remodel,1200,0,0,Not Identified,,1000_9999,0,zero,,,0,,not_applicable,knn,
PRFAS20250417116,Commercial,"Replacement or Installation of communicator, existing panel",Alteration/Remodel,840,0,0,Not Identified,,2_999,0,zero,,,0,,not_applicable,knn,
PRFAS20250418114,Commercial,"Replacement or Installation of communicator, existing panel",Alteration/Remodel,600,0,0,Not Identified,,2_999,0,zero,,,0,,not_applicable,knn,
PRFAS20250418150,Commercial,"Replacement or Installation of communicator, existing panel",Alteration/Remodel,1585,0,0,Not Identified,,1000_9999,0,zero,,,0,,not_applicable,knn,
PRFAS20250418154,Commercial,Modify Existing Devices,Alteration/Remodel,2600,0,0,Not Identified,,1000_9999,0,zero,,,0,,not_applicable,knn,
PRFAS20250418384,Commercial,"Replacement or Installation of communicator, existing panel",Alteration/Remodel,4910,0,0,Not Identified,,1000_9999,0,zero,,,0,,not_applicable,knn,
PRFAS20250418483,Commercial,"Replacement or Installation of communicator, existing panel",Alteration/Remodel,1600,0,0,Not Identified,,1000_9999,0,zero,,,0,,not_applicable,knn,
PRFAS20250418664,Commercial,"Replacement or Installation of communicator, existing panel",Alteration/Remodel,2625,0,0,Not Identified,,1000_9999,0,zero,,,0,,not_applicable,knn,
PRFAS20250418801,Commercial,"Replacement or Installation of communicator, existing panel",Alteration/Remodel,200,0,0,Not Identified,,2_999,0,zero,,,0,,not_applicable,knn,
PRFAS20250418802,Commercial,"Replacement or Installation of communicator, existing panel",Alteration/Remodel,200,0,0,Not Identified,,2_999,0,zero,,,0,,not_applicable,knn,
PRFH20220315247,1 to 2 Family,Revision - Building,New Construction,25000,0,1,Res.1&2 or Guest House,Res.1&2 or Guest House,10000_99999,1,zero,Res.1&2 or Guest House,Res.1&2 or Guest House,0,,not_applicable,knn,
PRFH20220418494,1 to 2 Family,Revision - Building,New Construction,0.01,2,1,Res.1&2 or Guest House,Res.1&2 or Guest House,le_1,1,nonzero,Res.1&2 or Guest House,Res.1&2 or Guest House,0,,not_applicable,knn,
PRFH20220419102,1 to 2 Family,Revision - Building,New Construction,1000,0,1,Res.1&2 or Guest House,Res.1&2 or Guest House,1000_9999,1,zero,Res.1&2 or Guest House,,1,Res.1&2 or Guest House,knn,knn,1.0
PRFH20220521184,1 to 2 Family,Revision - Building,New Construction,1,2,0,Res.1&2 or Guest House,Res.1&2 or Guest House,le_1,0,nonzero,Res.1&2 or Guest House,Res.1&2 or Guest House,0,,not_applicable,knn,
PRFH20220630285,1 to 2 Family,Revision - Building,Alteration/Remodel,0,0,1,Res.1&2 or Guest House,Res.1&2 or Guest House,le_1,1,zero,Res.1&2 or Guest House,Res.1&2 or Guest House,0,,not_applicable,knn,
PRFH20220734996,1 to 2 Family,Revision - Building,New Construction,1000,2515,1,Res.1&2 or Guest House,Res.1&2 or Guest House,1000_9999,1,nonzero,Res.1&2 or Guest House,Res.1&2 or Guest House,0,,not_applicable,knn,
PRFH20220942088,1 to 2 Family,Revision - Building,New Construction,50,2,1,Res.1&2 or Guest House,Res.1&2 or Guest House,2_999,1,nonzero,Res.1&2 or Guest House,Res.1&2 or Guest House,0,,not_applicable,knn,
PRFH20220943273,1 to 2 Family,Revision - Building,New Construction,50,0,0,Res.1&2 or Guest House,Res.1&2 or Guest House,2_999,0,zero,Res.1&2 or Guest House,Res.1&2 or Guest House,0,,not_applicable,knn,
PRFH20221151820,1 to 2 Family,Revision - Building,New Construction,1,7735,1,Res.1&2 or Guest House,Res.1&2 or Guest House,le_1,1,nonzero,Res.1&2 or Guest House,Res.1&2 or Guest House,0,,not_applicable,knn,
PRFH20230208300,1 to 2 Family,Revision - Building,New Construction,5000,0,1,Res.1&2 or Guest House,Res.1&2 or Guest House,1000_9999,1,zero,Res.1&2 or Guest House,Res.1&2 or Guest House,0,,not_applicable,knn,
PRFH20230310932,1 to 2 Family,Revision - Building,Addition,50,0,0,Res.1&2 or Guest House,Res.1&2 or Guest House,2_999,0,zero,Res.1&2 or Guest House,,1,Res.1&2 or Guest House,knn,knn,1.0
PRFH20230311450,1 to 2 Family,Revision - Building,Alteration/Remodel,1000,0,1,Res.1&2 or Guest House,Res.1&2 or Guest House,1000_9999,1,zero,Res.1&2 or Guest House,,1,Res.1&2 or Guest House,knn,knn,1.0
PRFH20230521394,1 to 2 Family,Revision - Building,Alteration/Remodel,1,4890,0,Res.1&2 or Guest House,Res.1&2 or Guest House,le_1,0,nonzero,Res.1&2 or Guest House,Res.1&2 or Guest House,0,,not_applicable,knn,
PRFH20230623789,1 to 2 Family,Revision - Building,New Construction,700,2,1,Res.1&2 or Guest House,Res.1&2 or Guest House,2_999,1,nonzero,Res.1&2 or Guest House,Res.1&2 or Guest House,0,,not_applicable,knn,
PRFH20230624487,1 to 2 Family,Revision - Building,New Construction,12000,7652,1,Res.1&2 or Guest House,Res.1&2 or Guest House,10000_99999,1,nonzero,Res.1&2 or Guest House,Res.1&2 or Guest House,0,,not_applicable,knn,
PRFH20230624624,1 to 2 Family,Revision - Building,New Construction,1,0,0,Res.1&2 or Guest House,Res.1&2 or Guest House,le_1,0,zero,Res.1&2 or Guest House,Res.1&2 or Guest House,0,,not_applicable,knn,
PRFH20230624724,1 to 2 Family,Revision - Building,Addition,0,0,1,Res.1&2 or Guest House,Res.1&2 or Guest House,le_1,1,zero,Res.1&2 or Guest House,Res.1&2 or Guest House,0,,not_applicable,knn,
PRFH20230728002,1 to 2 Family,Revision - Building,New Construction,1,6464,0,Res.1&2 or Guest House,Res.1&2 or Guest House,le_1,0,nonzero,Res.1&2 or Guest House,Res.1&2 or Guest House,0,,not_applicable,knn,
PRFH20230729730,1 to 2 Family,Revision - Building,Addition,300,2,1,Res.1&2 or Guest House,Res.1&2 or Guest House,2_999,1,nonzero,Res.1&2 or Guest House,Res.1&2 or Guest House,0,,not_applicable,knn,
PRFH20230729763,1 to 2 Family,Revision - Building,Addition,3000,60,1,Res.1&2 or Guest House,Res.1&2 or Guest House,1000_9999,1,nonzero,Res.1&2 or Guest House,Res.1&2 or Guest House,0,,not_applicable,knn,
PRFH20230730415,1 to 2 Family,Revision - Building,New Construction,1,1,0,Res.1&2 or Guest House,Res.1&2 or Guest House,le_1,0,nonzero,Res.1&2 or Guest House,Res.1&2 or Guest House,0,,not_applicable,knn,
PRFH20230730786,1 to 2 Family,Revision - Building,New Construction,5,2,1,Res.1&2 or Guest House,Res.1&2 or Guest House,2_999,1,nonzero,Res.1&2 or Guest House,Res.1&2 or Guest House,0,,not_applicable,knn,
PRFH20230833527,1 to 2 Family,Revision - Building,New Construction,0.01,0,1,Res.1&2 or Guest House,Res.1&2 or Guest House,le_1,1,zero,Res.1&2 or Guest House,Res.1&2 or Guest House,0,,not_applicable,knn,
PRFH20230833632,1 to 2 Family,Revision - Building,Alteration/Remodel,1,0,1,Res.1&2 or Guest House,Res.1&2 or Guest House,le_1,1,zero,Res.1&2 or Guest House,,1,Res.1&2 or Guest House,knn,knn,1.0
PRFH20230836841,1 to 2 Family,Revision - Building,Alteration/Remodel,1,0,1,Res.1&2 or Guest House,Res.1&2 or Guest House,le_1,1,zero,Res.1&2 or Guest House,,1,Res.1&2 or Guest House,knn,knn,1.0
PRFH20230937915,1 to 2 Family,Revision - Building,New Construction,1,2,1,Res.1&2 or Guest House,Res.1&2 or Guest House,le_1,1,nonzero,Res.1&2 or Guest House,Res.1&2 or Guest House,0,,not_applicable,knn,
PRFH20230938320,1 to 2 Family,Revision - Building,Addition,1,0,0,Res.1&2 or Guest House,Res.1&2 or Guest House,le_1,0,zero,Res.1&2 or Guest House,Res.1&2 or Guest House,0,,not_applicable,knn,
PRFH20230939005,1 to 2 Family,Revision - Building,New Construction,350,10301,0,Res.1&2 or Guest House,Res.1&2 or Guest House,2_999,0,nonzero,Res.1&2 or Guest House,Res.1&2 or Guest House,0,,not_applicable,knn,
PRFH20230940643,1 to 2 Family,Revision - Building,New Construction,2500,0,1,Res.1&2 or Guest House,Res.1&2 or Guest House,1000_9999,1,zero,Res.1&2 or Guest House,,1,Res.1&2 or Guest House,knn,knn,1.0
PRFH20231041403,1 to 2 Family,Revision - Building,New Construction,700,0,1,Res.1&2 or Guest House,Res.1&2 or Guest House,2_999,1,zero,Res.1&2 or Guest House,Res.1&2 or Guest House,0,,not_applicable,knn,
PRFH20231043624,1 to 2 Family,Revision - Building,Addition,1,6284,1,Res.1&2 or Guest House,Res.1&2 or Guest House,le_1,1,nonzero,Res.1&2 or Guest House,,1,Res.1&2 or Guest House,knn,knn,1.0
PRFH20231044364,1 to 2 Family,Revision - Building,New Construction,50,5790,1,Res.1&2 or Guest House,Res.1&2 or Guest House,2_999,1,nonzero,Res.1&2 or Guest House,Res.1&2 or Guest House,0,,not_applicable,knn,
PRFH20231146011,1 to 2 Family,Revision - Building,New Construction,200,2627,1,Res.1&2 or Guest House,Res.1&2 or Guest House,2_999,1,nonzero,Res.1&2 or Guest House,,1,Res.1&2 or Guest House,knn,knn,1.0
PRFH20231147094,1 to 2 Family,Revision - Building,Alteration/Remodel,50,0,0,Res.1&2 or Guest House,Res.1&2 or Guest House,2_999,0,zero,Res.1&2 or Guest House,Res.1&2 or Guest House,0,,not_applicable,knn,
PRFH20231147621,1 to 2 Family,Revision - Building,New Construction,1000,3108,1,Res.1&2 or Guest House,Res.1&2 or Guest House,1000_9999,1,nonzero,Res.1&2 or Guest House,Res.1&2 or Guest House,0,,not_applicable,knn,
PRFH20231147716,1 to 2 Family,Revision - Building,Alteration/Remodel,1200,2714,1,Res.1&2 or Guest House,Res.1&2 or Guest House,1000_9999,1,nonzero,Res.1&2 or Guest House,Res.1&2 or Guest House,0,,not_applicable,knn,
PRFH20231147780,1 to 2 Family,Revision - Building,New Construction,2000,1300,1,Res.1&2 or Guest House,Res.1&2 or Guest House,1000_9999,1,nonzero,Res.1&2 or Guest House,,1,Res.1&2 or Guest House,knn,knn,1.0
PRFH20231148876,1 to 2 Family,Revision - Building,New Construction,25000,0,1,Res.1&2 or Guest House,Res.1&2 or Guest House,10000_99999,1,zero,Res.1&2 or Guest House,,1,Res.1&2 or Guest House,knn,knn,1.0
PRFH20231249714,1 to 2 Family,Revision - Building,Addition,1000,4013,0,Res.1&2 or Guest House,Res.1&2 or Guest House,1000_9999,0,nonzero,Res.1&2 or Guest House,Res.1&2 or Guest House,0,,not_applicable,knn,
PRFH20231249931,1 to 2 Family,Revision - Building,New Construction,5000,1498,1,Res.1&2 or Guest House,Res.1&2 or Guest House,1000_9999,1,nonzero,Res.1&2 or Guest House,Res.1&2 or Guest House,0,,not_applicable,knn,
PRFH20231250342,1 to 2 Family,Revision - Building,New Construction,50,41554,1,Res.1&2 or Guest House,Res.1&2 or Guest House,2_999,1,nonzero,Res.1&2 or Guest House,Res.1&2 or Guest House,0,,not_applicable,knn,
PRFH20231251712,1 to 2 Family,Revision - Building,Alteration/Remodel,30000,0,1,Res.1&2 or Guest House,Res.1&2 or Guest House,10000_99999,1,zero,Res.1&2 or Guest House,,1,Res.1&2 or Guest House,knn,knn,1.0
PRFH20231252365,1 to 2 Family,Revision - Building,New Construction,2680,3140,1,Res.1&2 or Guest House,Res.1&2 or Guest House,1000_9999,1,nonzero,Res.1&2 or Guest House,Res.1&2 or Guest House,0,,not_applicable,knn,
PRFH20231252507,1 to 2 Family,Revision - Building,New Construction,2000,0,1,Res.1&2 or Guest House,Res.1&2 or Guest House,1000_9999,1,zero,Res.1&2 or Guest House,Res.1&2 or Guest House,0,,not_applicable,knn,
PRFH20231252564,1 to 2 Family,Revision - Building,New Construction,1000,10,0,Res.1&2 or Guest House,Res.1&2 or Guest House,1000_9999,0,nonzero,Res.1&2 or Guest House,,1,Res.1&2 or Guest House,knn,knn,1.0
PRFH20240101950,1 to 2 Family,Revision - Building,Alteration/Remodel,750,0,1,Res.1&2 or Guest House,Res.1&2 or Guest House,2_999,1,zero,Res.1&2 or Guest House,Res.1&2 or Guest House,0,,not_applicable,knn,
PRFH20240102181,1 to 2 Family,Revision - Building,Alteration/Remodel,1,0,1,Res.1&2 or Guest House,Res.1&2 or Guest House,le_1,1,zero,Res.1&2 or Guest House,Res.1&2 or Guest House,0,,not_applicable,knn,
PRFH20240102632,1 to 2 Family,Revision - Building,Addition,1,1892,1,Res.1&2 or Guest House,Res.1&2 or Guest House,le_1,1,nonzero,Res.1&2 or Guest House,Res.1&2 or Guest House,0,,not_applicable,knn,
PRFH20240102971,1 to 2 Family,Revision - Building,Alteration/Remodel,1000,0,1,Res.1&2 or Guest House,Res.1&2 or Guest House,1000_9999,1,zero,Res.1&2 or Guest House,Res.1&2 or Guest House,0,,not_applicable,knn,
PRFH20240103017,1 to 2 Family,Revision - Building,Addition,10000,250,0,Res.1&2 or Guest House,Res.1&2 or Guest House,10000_99999,0,nonzero,Res.1&2 or Guest House,Res.1&2 or Guest House,0,,not_applicable,knn,
PRFH20240205560,1 to 2 Family,Revision - Building,Addition,1,1729,1,Res.1&2 or Guest House,Res.1&2 or Guest House,le_1,1,nonzero,Res.1&2 or Guest House,Res.1&2 or Guest House,0,,not_applicable,knn,
PRFH20240205966,1 to 2 Family,Revision - Building,Addition,1,1894,1,Res.1&2 or Guest House,Res.1&2 or Guest House,le_1,1,nonzero,Res.1&2 or Guest House,Res.1&2 or Guest House,0,,not_applicable,knn,
PRFH20240207654,1 to 2 Family,Revision - Building,Addition,10,480,1,Res.1&2 or Guest House,Res.1&2 or Guest House,2_999,1,nonzero,Res.1&2 or Guest House,Res.1&2 or Guest House,0,,not_applicable,knn,
PRFH20240308387,1 to 2 Family,Revision - Building,Addition,5000,2725,1,Res.1&2 or Guest House,Res.1&2 or Guest House,1000_9999,1,nonzero,Res.1&2 or Guest House,,1,Res.1&2 or Guest House,knn,knn,1.0
PRFH20240309598,1 to 2 Family,Revision - Building,New Construction,100,1,0,Res.1&2 or Guest House,Res.1&2 or Guest House,2_999,0,nonzero,Res.1&2 or Guest House,Res.1&2 or Guest House,0,,not_applicable,knn,
PRFH20240310380,1 to 2 Family,Revision - Building,New Construction,1,0,1,Res.1&2 or Guest House,Res.1&2 or Guest House,le_1,1,zero,Res.1&2 or Guest House,Res.1&2 or Guest House,0,,not_applicable,knn,
PRFH20240310456,1 to 2 Family,Revision - Building,New Construction,1,2423,1,Res.1&2 or Guest House,Res.1&2 or Guest House,le_1,1,nonzero,Res.1&2 or Guest House,Res.1&2 or Guest House,0,,not_applicable,knn,
PRFH20240310456,1 to 2 Family,Revision - Building,New Construction,50,2423,1,Res.1&2 or Guest House,Res.1&2 or Guest House,2_999,1,nonzero,Res.1&2 or Guest House,Res.1&2 or Guest House,0,,not_applicable,knn,
PRFH20240311245,1 to 2 Family,Revision - Building,Alteration/Remodel,250,4642,1,Res.1&2 or Guest House,Res.1&2 or Guest House,2_999,1,nonzero,Res.1&2 or Guest House,Res.1&2 or Guest House,0,,not_applicable,knn,
PRFH20240414049,1 to 2 Family,Revision - Building,Addition,1,2,1,Res.1&2 or Guest House,Res.1&2 or Guest House,le_1,1,nonzero,Res.1&2 or Guest House,,1,Res.1&2 or Guest House,knn,knn,1.0
PRFH20240416512,1 to 2 Family,Revision - Building,Alteration/Remodel,35000,0,1,Res.1&2 or Guest House,Res.1&2 or Guest House,10000_99999,1,zero,Res.1&2 or Guest House,Res.1&2 or Guest House,0,,not_applicable,knn,
PRFH20240416540,1 to 2 Family,Revision - Building,New Construction,1,3077,0,Res.1&2 or Guest House,Res.1&2 or Guest House,le_1,0,nonzero,Res.1&2 or Guest House,Res.1&2 or Guest House,0,,not_applicable,knn,
PRFH20240417012,1 to 2 Family,Revision - Building,New Construction,1,2,0,Res.1&2 or Guest House,Res.1&2 or Guest House,le_1,0,nonzero,Res.1&2 or Guest House,,1,Res.1&2 or Guest House,knn,knn,1.0
PRFH20240518129,1 to 2 Family,Revision - Building,Addition,1000,2,1,Res.1&2 or Guest House,Res.1&2 or Guest House,1000_9999,1,nonzero,Res.1&2 or Guest House,Res.1&2 or Guest House,0,,not_applicable,knn,
PRFH20240518129,1 to 2 Family,Revision - Building,Addition,1,0,0,Res.1&2 or Guest House,Res.1&2 or Guest House,le_1,0,zero,Res.1&2 or Guest House,Res.1&2 or Guest House,0,,not_applicable,knn,
PRFH20240518242,1 to 2 Family,Revision - Building,New Construction,1,0,0,Res.1&2 or Guest House,Res.1&2 or Guest House,le_1,0,zero,Res.1&2 or Guest House,Res.1&2 or Guest House,0,,not_applicable,knn,
PRFH20240518484,1 to 2 Family,Revision - Building,Addition,1,0,1,Res.1&2 or Guest House,Res.1&2 or Guest House,le_1,1,zero,Res.1&2 or Guest House,Res.1&2 or Guest House,0,,not_applicable,knn,
PRFH20240518847,1 to 2 Family,Revision - Building,New Construction,15000,2,1,Res.1&2 or Guest House,Res.1&2 or Guest House,10000_99999,1,nonzero,Res.1&2 or Guest House,Res.1&2 or Guest House,0,,not_applicable,knn,
PRFH20240518951,1 to 2 Family,Revision - Building,New Construction,0.01,3552,1,Res.1&2 or Guest House,Res.1&2 or Guest House,le_1,1,nonzero,Res.1&2 or Guest House,Res.1&2 or Guest House,0,,not_applicable,knn,
PRFH20240519333,1 to 2 Family,Revision - Building,Addition,1,2406,1,Res.1&2 or Guest House,Res.1&2 or Guest House,le_1,1,nonzero,Res.1&2 or Guest House,Res.1&2 or Guest House,0,,not_applicable,knn,
PRFH20240521860,1 to 2 Family,Revision - Building,New Construction,1,2111,1,Res.1&2 or Guest House,Res.1&2 or Guest House,le_1,1,nonzero,Res.1&2 or Guest House,Res.1&2 or Guest House,0,,not_applicable,knn,
PRFH20240522157,1 to 2 Family,Revision - Building,Alteration/Remodel,10900,0,1,Res.1&2 or Guest House,Res.1&2 or Guest House,10000_99999,1,zero,Res.1&2 or Guest House,Res.1&2 or Guest House,0,,not_applicable,knn,
PRFH20240623376,1 to 2 Family,Revision - Building,New Construction,500000,6512,1,Res.1&2 or Guest House,Res.1&2 or Guest House,100000_plus,1,nonzero,Res.1&2 or Guest House,Res.1&2 or Guest House,0,,not_applicable,knn,
PRFH20240623403,1 to 2 Family,Revision - Building,New Construction,1,1,0,Res.1&2 or Guest House,Res.1&2 or Guest House,le_1,0,nonzero,Res.1&2 or Guest House,,1,Res.1&2 or Guest House,knn,knn,1.0
PRFH20240623486,1 to 2 Family,Building,New Construction,300000,3022,1,Res.1&2 or Guest House,Res.1&2 or Guest House,100000_plus,1,nonzero,Res.1&2 or Guest House,,1,Res.1&2 or Guest House,knn,knn,1.0
PRFH20240623945,1 to 2 Family,Revision - Building,Alteration/Remodel,150000,2879,1,Res.1&2 or Guest House,Res.1&2 or Guest House,100000_plus,1,nonzero,Res.1&2 or Guest House,,1,Res.1&2 or Guest House,knn,knn,1.0
PRFH20240624813,1 to 2 Family,Revision - Building,New Construction,100,10,1,Res.1&2 or Guest House,Res.1&2 or Guest House,2_999,1,nonzero,Res.1&2 or Guest House,Res.1&2 or Guest House,0,,not_applicable,knn,
PRFH20240625297,1 to 2 Family,Revision - Building,Addition,100,710,1,Res.1&2 or Guest House,Res.1&2 or Guest House,2_999,1,nonzero,Res.1&2 or Guest House,,1,Res.1&2 or Guest House,knn,knn,1.0
PRFH20240625360,1 to 2 Family,Revision - Building,New Construction,1,1,1,Res.1&2 or Guest House,Res.1&2 or Guest House,le_1,1,nonzero,Res.1&2 or Guest House,Res.1&2 or Guest House,0,,not_applicable,knn,
PRFH20240625362,1 to 2 Family,Revision - Building,Addition,10000,100,1,Res.1&2 or Guest House,Res.1&2 or Guest House,10000_99999,1,nonzero,Res.1&2 or Guest House,,1,Res.1&2 or Guest House,knn,knn,1.0
PRFH20240625564,1 to 2 Family,Revision - Building,Addition,10,974,0,Res.1&2 or Guest House,Res.1&2 or Guest House,2_999,0,nonzero,Res.1&2 or Guest House,Res.1&2 or Guest House,0,,not_applicable,knn,
PRFH20240625648,1 to 2 Family,Revision - Building,New Construction,1,4454,0,Res.1&2 or Guest House,Res.1&2 or Guest House,le_1,0,nonzero,Res.1&2 or Guest House,,1,Res.1&2 or Guest House,knn,knn,1.0
PRFH20240625981,1 to 2 Family,Revision - Building,New Construction,50,0,1,Res.1&2 or Guest House,Res.1&2 or Guest House,2_999,1,zero,Res.1&2 or Guest House,Res.1&2 or Guest House,0,,not_applicable,knn,
PRFH20240626403,1 to 2 Family,Revision - Building,New Construction,4000,2,1,Res.1&2 or Guest House,Res.1&2 or Guest House,1000_9999,1,nonzero,Res.1&2 or Guest House,Res.1&2 or Guest House,0,,not_applicable,knn,
PRFH20240727899,1 to 2 Family,Revision - Building,Addition,1500,0,1,Res.1&2 or Guest House,Res.1&2 or Guest House,1000_9999,1,zero,Res.1&2 or Guest House,Res.1&2 or Guest House,0,,not_applicable,knn,
PRFH20240727933,1 to 2 Family,Revision - Building,Alteration/Remodel,1,5078,1,Res.1&2 or Guest House,Res.1&2 or Guest House,le_1,1,nonzero,Res.1&2 or Guest House,,1,Res.1&2 or Guest House,knn,knn,1.0
PRFH20240728360,1 to 2 Family,Revision - Building,New Construction,1,15363,1,Res.1&2 or Guest House,Res.1&2 or Guest House,le_1,1,nonzero,Res.1&2 or Guest House,Res.1&2 or Guest House,0,,not_applicable,knn,
PRFH20240728968,1 to 2 Family,Revision - Building,New Construction,1000,0,1,Res.1&2 or Guest House,Res.1&2 or Guest House,1000_9999,1,zero,Res.1&2 or Guest House,,1,Res.1&2 or Guest House,knn,knn,1.0
PRFH20240729251,1 to 2 Family,Revision - Building,Alteration/Remodel,100000,0,1,Res.1&2 or Guest House,Res.1&2 or Guest House,100000_plus,1,zero,Res.1&2 or Guest House,Res.1&2 or Guest House,0,,not_applicable,knn,
PRFH20240729790,1 to 2 Family,Revision - Building,New Construction,10,2091,0,Res.1&2 or Guest House,Res.1&2 or Guest House,2_999,0,nonzero,Res.1&2 or Guest House,Res.1&2 or Guest House,0,,not_applicable,knn,
PRFH20240729792,1 to 2 Family,Revision - Building,New Construction,10,2175,1,Res.1&2 or Guest House,Res.1&2 or Guest House,2_999,1,nonzero,Res.1&2 or Guest House,Res.1&2 or Guest House,0,,not_applicable,knn,
PRFH20240729886,1 to 2 Family,Revision - Building,New Construction,5000,14237,1,Res.1&2 or Guest House,Res.1&2 or Guest House,1000_9999,1,nonzero,Res.1&2 or Guest House,Res.1&2 or Guest House,0,,not_applicable,knn,
PRFH20240832095,1 to 2 Family,Revision - Building,New Construction,2000,1,1,Res.1&2 or Guest House,Res.1&2 or Guest House,1000_9999,1,nonzero,Res.1&2 or Guest House,,1,Res.1&2 or Guest House,knn,knn,1.0
PRFH20240832167,1 to 2 Family,Revision - Building,Alteration/Remodel,2500,1,0,Res.1&2 or Guest House,Res.1&2 or Guest House,1000_9999,0,nonzero,Res.1&2 or Guest House,Res.1&2 or Guest House,0,,not_applicable,knn,
PRFH20240833135,1 to 2 Family,Revision - Building,New Construction,320000,4314,0,Res.1&2 or Guest House,Res.1&2 or Guest House,100000_plus,0,nonzero,Res.1&2 or Guest House,Res.1&2 or Guest House,0,,not_applicable,knn,
PRFH20240833222,1 to 2 Family,Revision - Building,New Construction,1,4588,1,Res.1&2 or Guest House,Res.1&2 or Guest House,le_1,1,nonzero,Res.1&2 or Guest House,,1,Res.1&2 or Guest House,knn,knn,1.0
PRFH20240833229,1 to 2 Family,Building,Addition,1550000,531,1,Res.1&2 or Guest House,Res.1&2 or Guest House,100000_plus,1,nonzero,Res.1&2 or Guest House,Res.1&2 or Guest House,0,,not_applicable,knn,
PRFH20240833556,1 to 2 Family,Revision - Building,New Construction,1,1,0,Res.1&2 or Guest House,Res.1&2 or Guest House,le_1,0,nonzero,Res.1&2 or Guest House,Res.1&2 or Guest House,0,,not_applicable,knn,
PRFH20240833919,1 to 2 Family,Revision - Building,Alteration/Remodel,10,0,1,Res.1&2 or Guest House,Res.1&2 or Guest House,2_999,1,zero,Res.1&2 or Guest House,Res.1&2 or Guest House,0,,not_applicable,knn,
PRFH20240834509,1 to 2 Family,Revision - Building,New Construction,2500,7456,0,Res.1&2 or Guest House,Res.1&2 or Guest House,1000_9999,0,nonzero,Res.1&2 or Guest House,Res.1&2 or Guest House,0,,not_applicable,knn,
PRFH20240834716,1 to 2 Family,Revision - Building,Alteration/Remodel,1000,2430,0,Res.1&2 or Guest House,Res.1&2 or Guest House,1000_9999,0,nonzero,Res.1&2 or Guest House,Res.1&2 or Guest House,0,,not_applicable,knn,
PRFH20240835464,1 to 2 Family,Revision - Building,New Construction,1,1,1,Res.1&2 or Guest House,Res.1&2 or Guest House,le_1,1,nonzero,Res.1&2 or Guest House,Res.1&2 or Guest House,0,,not_applicable,knn,
PRFH20240835625,1 to 2 Family,Revision - Building,New Construction,10,2091,0,Res.1&2 or Guest House,Res.1&2 or Guest House,2_999,0,nonzero,Res.1&2 or Guest House,Res.1&2 or Guest House,0,,not_applicable,knn,
PRFH20240836142,1 to 2 Family,Revision - Building,New Construction,10,3982,1,Res.1&2 or Guest House,Res.1&2 or Guest House,2_999,1,nonzero,Res.1&2 or Guest House,Res.1&2 or Guest House,0,,not_applicable,knn,
PRFH20240936786,1 to 2 Family,Revision - Building,New Construction,3500,0,1,Res.1&2 or Guest House,Res.1&2 or Guest House,1000_9999,1,zero,Res.1&2 or Guest House,Res.1&2 or Guest House,0,,not_applicable,knn,
PRFH20240936794,1 to 2 Family,Building,Addition,100000,2663,0,Res.1&2 or Guest House,Res.1&2 or Guest House,100000_plus,0,nonzero,Res.1&2 or Guest House,Res.1&2 or Guest House,0,,not_applicable,knn,
PRFH20240936814,1 to 2 Family,Building,New Construction,250000,2197,1,Res.1&2 or Guest House,Res.1&2 or Guest House,100000_plus,1,nonzero,Res.1&2 or Guest House,Res.1&2 or Guest House,0,,not_applicable,knn,
PRFH20240938082,1 to 2 Family,Revision - Building,Alteration/Remodel,35000,0,0,Res.1&2 or Guest House,Res.1&2 or Guest House,10000_99999,0,zero,Res.1&2 or Guest House,Res.1&2 or Guest House,0,,not_applicable,knn,
PRFH20240938101,1 to 2 Family,Building,Alteration/Remodel,25000,3314,1,Res.1&2 or Guest House,Res.1&2 or Guest House,10000_99999,1,nonzero,Res.1&2 or Guest House,Res.1&2 or Guest House,0,,not_applicable,knn,
PRFH20240938102,1 to 2 Family,Revision - Building,New Construction,50,0,1,Res.1&2 or Guest House,Res.1&2 or Guest House,2_999,1,zero,Res.1&2 or Guest House,,1,Res.1&2 or Guest House,knn,knn,1.0
PRFH20240938184,1 to 2 Family,Revision - Building,New Construction,1000,2372,0,Res.1&2 or Guest House,Res.1&2 or Guest House,1000_9999,0,nonzero,Res.1&2 or Guest House,,1,Res.1&2 or Guest House,knn,knn,1.0
PRFH20240938311,1 to 2 Family,Revision - Building,New Construction,1,2629,1,Res.1&2 or Guest House,Res.1&2 or Guest House,le_1,1,nonzero,Res.1&2 or Guest House,Res.1&2 or Guest House,0,,not_applicable,knn,
PRFH20240938316,1 to 2 Family,Revision - Building,New Construction,1,2924,1,Res.1&2 or Guest House,Res.1&2 or Guest House,le_1,1,nonzero,Res.1&2 or Guest House,Res.1&2 or Guest House,0,,not_applicable,knn,
PRFH20240938360,1 to 2 Family,Building,Alteration/Remodel,10000,375,1,Res.1&2 or Guest House,Res.1&2 or Guest House,10000_99999,1,nonzero,Res.1&2 or Guest House,Res.1&2 or Guest House,0,,not_applicable,knn,
PRFH20240938481,1 to 2 Family,Revision - Building,Addition,15000,0,1,Res.1&2 or Guest House,Res.1&2 or Guest House,10000_99999,1,zero,Res.1&2 or Guest House,Res.1&2 or Guest House,0,,not_applicable,knn,
PRFH20240938862,1 to 2 Family,Revision - Building,Alteration/Remodel,5618,0,0,Res.1&2 or Guest House,Res.1&2 or Guest House,1000_9999,0,zero,Res.1&2 or Guest House,Res.1&2 or Guest House,0,,not_applicable,knn,
PRFH20240939012,1 to 2 Family,Building,New Construction,272816,3188,1,Res.1&2 or Guest House,Res.1&2 or Guest House,100000_plus,1,nonzero,Res.1&2 or Guest House,Res.1&2 or Guest House,0,,not_applicable,knn,
PRFH20240939026,1 to 2 Family,Building,Addition,100000,1968,1,Res.1&2 or Guest House,Res.1&2 or Guest House,100000_plus,1,nonzero,Res.1&2 or Guest House,Res.1&2 or Guest House,0,,not_applicable,knn,
PRFH20240939111,1 to 2 Family,Revision - Building,New Construction,1,0,1,Res.1&2 or Guest House,Res.1&2 or Guest House,le_1,1,zero,Res.1&2 or Guest House,Res.1&2 or Guest House,0,,not_applicable,knn,
PRFH20240939275,1 to 2 Family,Revision - Building,Alteration/Remodel,2000,5500,0,Res.1&2 or Guest House,Res.1&2 or Guest House,1000_9999,0,nonzero,Res.1&2 or Guest House,Res.1&2 or Guest House,0,,not_applicable,knn,
PRFH20240939352,1 to 2 Family,Building,Alteration/Remodel,350000,2706,1,Res.1&2 or Guest House,Res.1&2 or Guest House,100000_plus,1,nonzero,Res.1&2 or Guest House,Res.1&2 or Guest House,0,,not_applicable,knn,
PRFH20240939658,1 to 2 Family,Revision - Building,Addition,70000,1,0,Res.1&2 or Guest House,Res.1&2 or Guest House,10000_99999,0,nonzero,Res.1&2 or Guest House,,1,Res.1&2 or Guest House,knn,knn,1.0
PRFH20240939754,1 to 2 Family,Revision - Building,Alteration/Remodel,5000,0,0,Res.1&2 or Guest House,Res.1&2 or Guest House,1000_9999,0,zero,Res.1&2 or Guest House,Res.1&2 or Guest House,0,,not_applicable,knn,
PRFH20240939887,1 to 2 Family,Revision - Building,Alteration/Remodel,850,3041,0,Res.1&2 or Guest House,Res.1&2 or Guest House,2_999,0,nonzero,Res.1&2 or Guest House,Res.1&2 or Guest House,0,,not_applicable,knn,
PRFH20241040620,1 to 2 Family,Building,New Construction,450000,5252,1,Res.1&2 or Guest House,Res.1&2 or Guest House,100000_plus,1,nonzero,Res.1&2 or Guest House,Res.1&2 or Guest House,0,,not_applicable,knn,
PRFH20241040640,1 to 2 Family,Revision - Building,New Construction,1,0,0,Res.1&2 or Guest House,Res.1&2 or Guest House,le_1,0,zero,Res.1&2 or Guest House,Res.1&2 or Guest House,0,,not_applicable,knn,
PRFH20241040691,1 to 2 Family,Revision - Building,New Construction,10,1294,1,Res.1&2 or Guest House,Res.1&2 or Guest House,2_999,1,nonzero,Res.1&2 or Guest House,,1,Res.1&2 or Guest House,knn,knn,1.0
PRFH20241040830,1 to 2 Family,Revision - Building,New Construction,10,2257,1,Res.1&2 or Guest House,Res.1&2 or Guest House,2_999,1,nonzero,Res.1&2 or Guest House,Res.1&2 or Guest House,0,,not_applicable,knn,
PRFH20241040831,1 to 2 Family,Revision - Building,New Construction,10,2257,1,Res.1&2 or Guest House,Res.1&2 or Guest House,2_999,1,nonzero,Res.1&2 or Guest House,Res.1&2 or Guest House,0,,not_applicable,knn,
PRFH20241040969,1 to 2 Family,Revision - Building,New Construction,10,2257,1,Res.1&2 or Guest House,Res.1&2 or Guest House,2_999,1,nonzero,Res.1&2 or Guest House,Res.1&2 or Guest House,0,,not_applicable,knn,
PRFH20241040970,1 to 2 Family,Revision - Building,New Construction,10,2257,1,Res.1&2 or Guest House,Res.1&2 or Guest House,2_999,1,nonzero,Res.1&2 or Guest House,Res.1&2 or Guest House,0,,not_applicable,knn,
PRFH20241040972,1 to 2 Family,Revision - Building,New Construction,10,2257,1,Res.1&2 or Guest House,Res.1&2 or Guest House,2_999,1,nonzero,Res.1&2 or Guest House,,1,Res.1&2 or Guest House,knn,knn,1.0
PRFH20241041259,1 to 2 Family,Revision - Building,New Construction,650,6966,1,Res.1&2 or Guest House,Res.1&2 or Guest House,2_999,1,nonzero,Res.1&2 or Guest House,Res.1&2 or Guest House,0,,not_applicable,knn,
PRFH20241041613,1 to 2 Family,Building,Alteration/Remodel,4000,1200,1,Res.1&2 or Guest House,Res.1&2 or Guest House,1000_9999,1,nonzero,Res.1&2 or Guest House,Res.1&2 or Guest House,0,,not_applicable,knn,
PRFH20241042064,1 to 2 Family,Revision - Building,New Construction,15,2257,1,Res.1&2 or Guest House,Res.1&2 or Guest House,2_999,1,nonzero,Res.1&2 or Guest House,Res.1&2 or Guest House,0,,not_applicable,knn,
PRFH20241042207,1 to 2 Family,Building,Addition,45000,324,1,Res.1&2 or Guest House,Res.1&2 or Guest House,10000_99999,1,nonzero,Res.1&2 or Guest House,,1,Res.1&2 or Guest House,knn,knn,1.0
PRFH20241042945,1 to 2 Family,Revision - Building,Alteration/Remodel,50,0,1,Res.1&2 or Guest House,Res.1&2 or Guest House,2_999,1,zero,Res.1&2 or Guest House,Res.1&2 or Guest House,0,,not_applicable,knn,
PRFH20241043126,1 to 2 Family,Revision - Building,New Construction,10,2257,1,Res.1&2 or Guest House,Res.1&2 or Guest House,2_999,1,nonzero,Res.1&2 or Guest House,Res.1&2 or Guest House,0,,not_applicable,knn,
PRFH20241043129,1 to 2 Family,Revision - Building,New Construction,10,2257,1,Res.1&2 or Guest House,Res.1&2 or Guest House,2_999,1,nonzero,Res.1&2 or Guest House,Res.1&2 or Guest House,0,,not_applicable,knn,
PRFH20241043131,1 to 2 Family,Revision - Building,New Construction,10,2257,1,Res.1&2 or Guest House,Res.1&2 or Guest House,2_999,1,nonzero,Res.1&2 or Guest House,,1,Res.1&2 or Guest House,knn,knn,1.0
PRFH20241043134,1 to 2 Family,Revision - Building,New Construction,10,2257,1,Res.1&2 or Guest House,Res.1&2 or Guest House,2_999,1,nonzero,Res.1&2 or Guest House,Res.1&2 or Guest House,0,,not_applicable,knn,
PRFH20241043237,1 to 2 Family,Revision - Building,New Construction,10,2257,1,Res.1&2 or Guest House,Res.1&2 or Guest House,2_999,1,nonzero,Res.1&2 or Guest House,,1,Res.1&2 or Guest House,knn,knn,1.0
PRFH20241043243,1 to 2 Family,Revision - Building,New Construction,10,2257,1,Res.1&2 or Guest House,Res.1&2 or Guest House,2_999,1,nonzero,Res.1&2 or Guest House,,1,Res.1&2 or Guest House,knn,knn,1.0
PRFH20241043251,1 to 2 Family,Revision - Building,New Construction,10,2257,1,Res.1&2 or Guest House,Res.1&2 or Guest House,2_999,1,nonzero,Res.1&2 or Guest House,Res.1&2 or Guest House,0,,not_applicable,knn,
PRFH20241043497,1 to 2 Family,Revision - Building,New Construction,10,3907,0,Res.1&2 or Guest House,Res.1&2 or Guest House,2_999,0,nonzero,Res.1&2 or Guest House,Res.1&2 or Guest House,0,,not_applicable,knn,
PRFH20241043588,1 to 2 Family,Revision - Building,Alteration/Remodel,1,0,1,Res.1&2 or Guest House,Res.1&2 or Guest House,le_1,1,zero,Res.1&2 or Guest House,Res.1&2 or Guest House,0,,not_applicable,knn,
PRFH20241043834,1 to 2 Family,Revision - Building,New Construction,1,0,0,Res.1&2 or Guest House,Res.1&2 or Guest House,le_1,0,zero,Res.1&2 or Guest House,Res.1&2 or Guest House,0,,not_applicable,knn,
PRFH20241144381,1 to 2 Family,Building,New Construction,600000,4324,1,Res.1&2 or Guest House,Res.1&2 or Guest House,100000_plus,1,nonzero,Res.1&2 or Guest House,Res.1&2 or Guest House,0,,not_applicable,knn,
PRFH20241144604,1 to 2 Family,Revision - Building,Alteration/Remodel,500,0,1,Res.1&2 or Guest House,Res.1&2 or Guest House,2_999,1,zero,Res.1&2 or Guest House,Res.1&2 or Guest House,0,,not_applicable,knn,
PRFH20241145381,1 to 2 Family,Revision - Building,Addition,1,1,1,Res.1&2 or Guest House,Res.1&2 or Guest House,le_1,1,nonzero,Res.1&2 or Guest House,Res.1&2 or Guest House,0,,not_applicable,knn,
PRFH20241145696,1 to 2 Family,Revision - Building,Addition,50,0,1,Res.1&2 or Guest House,Res.1&2 or Guest House,2_999,1,zero,Res.1&2 or Guest House,Res.1&2 or Guest House,0,,not_applicable,knn,
PRFH20241145741,1 to 2 Family,Building,New Construction,270000,2694,1,Res.1&2 or Guest House,Res.1&2 or Guest House,100000_plus,1,nonzero,Res.1&2 or Guest House,Res.1&2 or Guest House,0,,not_applicable,knn,
PRFH20241145744,1 to 2 Family,Building,New Construction,100000,1038,1,Res.1&2 or Guest House,Res.1&2 or Guest House,100000_plus,1,nonzero,Res.1&2 or Guest House,Res.1&2 or Guest House,0,,not_applicable,knn,
PRFH20241145762,1 to 2 Family,Revision - Building,New Construction,2500,0,1,Res.1&2 or Guest House,Res.1&2 or Guest House,1000_9999,1,zero,Res.1&2 or Guest House,,1,Res.1&2 or Guest House,knn,knn,1.0
PRFH20241145922,1 to 2 Family,Revision - Building,New Construction,10,1294,0,Res.1&2 or Guest House,Res.1&2 or Guest House,2_999,0,nonzero,Res.1&2 or Guest House,Res.1&2 or Guest House,0,,not_applicable,knn,
PRFH20241145984,1 to 2 Family,Revision - Building,New Construction,1,2,1,Res.1&2 or Guest House,Res.1&2 or Guest House,le_1,1,nonzero,Res.1&2 or Guest House,Res.1&2 or Guest House,0,,not_applicable,knn,
PRFH20241146607,1 to 2 Family,Revision - Building,New Construction,1,0,1,Res.1&2 or Guest House,Res.1&2 or Guest House,le_1,1,zero,Res.1&2 or Guest House,Res.1&2 or Guest House,0,,not_applicable,knn,
PRFH20241147184,1 to 2 Family,Revision - Building,New Construction,260000,2713,1,Res.1&2 or Guest House,Res.1&2 or Guest House,100000_plus,1,nonzero,Res.1&2 or Guest House,Res.1&2 or Guest House,0,,not_applicable,knn,
PRFH20241248146,1 to 2 Family,Revision - Building,New Construction,10,0,1,Res.1&2 or Guest House,Res.1&2 or Guest House,2_999,1,zero,Res.1&2 or Guest House,,1,Res.1&2 or Guest House,knn,knn,1.0
PRFH20241248148,1 to 2 Family,Revision - Building,New Construction,50,0,1,Res.1&2 or Guest House,Res.1&2 or Guest House,2_999,1,zero,Res.1&2 or Guest House,Res.1&2 or Guest House,0,,not_applicable,knn,
PRFH20241248149,1 to 2 Family,Revision - Building,New Construction,50,0,1,Res.1&2 or Guest House,Res.1&2 or Guest House,2_999,1,zero,Res.1&2 or Guest House,Res.1&2 or Guest House,0,,not_applicable,knn,
PRFH20241248153,1 to 2 Family,Revision - Building,New Construction,50,0,0,Res.1&2 or Guest House,Res.1&2 or Guest House,2_999,0,zero,Res.1&2 or Guest House,Res.1&2 or Guest House,0,,not_applicable,knn,
PRFH20241248155,1 to 2 Family,Revision - Building,New Construction,50,0,0,Res.1&2 or Guest House,Res.1&2 or Guest House,2_999,0,zero,Res.1&2 or Guest House,Res.1&2 or Guest House,0,,not_applicable,knn,
PRFH20241248160,1 to 2 Family,Revision - Building,New Construction,50,0,0,Res.1&2 or Guest House,Res.1&2 or Guest House,2_999,0,zero,Res.1&2 or Guest House,,1,Res.1&2 or Guest House,knn,knn,1.0
PRFH20241248312,1 to 2 Family,Revision - Building,Alteration/Remodel,209239.82,3753,0,Res.1&2 or Guest House,Res.1&2 or Guest House,100000_plus,0,nonzero,Res.1&2 or Guest House,Res.1&2 or Guest House,0,,not_applicable,knn,
PRFH20241248331,1 to 2 Family,Revision - Building,New Construction,1,0,0,Res.1&2 or Guest House,Res.1&2 or Guest House,le_1,0,zero,Res.1&2 or Guest House,,1,Res.1&2 or Guest House,knn,knn,1.0
PRFH20241248474,1 to 2 Family,Revision - Building,Alteration/Remodel,1,0,1,Res.1&2 or Guest House,Res.1&2 or Guest House,le_1,1,zero,Res.1&2 or Guest House,Res.1&2 or Guest House,0,,not_applicable,knn,
PRFH20241248580,1 to 2 Family,Building,Alteration/Remodel,6000,400,1,Res.1&2 or Guest House,Res.1&2 or Guest House,1000_9999,1,nonzero,Res.1&2 or Guest House,Res.1&2 or Guest House,0,,not_applicable,knn,
PRFH20241249118,1 to 2 Family,Revision - Building,New Construction,10,2091,0,Res.1&2 or Guest House,Res.1&2 or Guest House,2_999,0,nonzero,Res.1&2 or Guest House,,1,Res.1&2 or Guest House,knn,knn,1.0
PRFH20241249239,1 to 2 Family,Building,Addition,145000,1416,1,Res.1&2 or Guest House,Res.1&2 or Guest House,100000_plus,1,nonzero,Res.1&2 or Guest House,Res.1&2 or Guest House,0,,not_applicable,knn,
PRFH20241249649,1 to 2 Family,Building,New Construction,100000,2051,1,Res.1&2 or Guest House,Res.1&2 or Guest House,100000_plus,1,nonzero,Res.1&2 or Guest House,,1,Res.1&2 or Guest House,knn,knn,1.0
PRFH20241249705,1 to 2 Family,Building,Addition,9000,688,1,Res.1&2 or Guest House,Res.1&2 or Guest House,1000_9999,1,nonzero,Res.1&2 or Guest House,Res.1&2 or Guest House,0,,not_applicable,knn,
PRFH20241249891,1 to 2 Family,Revision - Building,New Construction,100,770,1,Res.1&2 or Guest House,Res.1&2 or Guest House,2_999,1,nonzero,Res.1&2 or Guest House,,1,Res.1&2 or Guest House,knn,knn,1.0
PRFH20241249991,1 to 2 Family,Building,Addition,145000,1682,1,Res.1&2 or Guest House,Res.1&2 or Guest House,100000_plus,1,nonzero,Res.1&2 or Guest House,,1,Res.1&2 or Guest House,knn,knn,1.0
PRFH20241250202,1 to 2 Family,Building,New Construction,200000,2690,1,Res.1&2 or Guest House,Res.1&2 or Guest House,100000_plus,1,nonzero,Res.1&2 or Guest House,Res.1&2 or Guest House,0,,not_applicable,knn,
PRFH20241250289,1 to 2 Family,Revision - Building,Alteration/Remodel,5,0,1,Res.1&2 or Guest House,Res.1&2 or Guest House,2_999,1,zero,Res.1&2 or Guest House,Res.1&2 or Guest House,0,,not_applicable,knn,
PRFH20241250299,1 to 2 Family,Revision - Building,New Construction,200,0,1,Res.1&2 or Guest House,Res.1&2 or Guest House,2_999,1,zero,Res.1&2 or Guest House,Res.1&2 or Guest House,0,,not_applicable,knn,
PRFH20241250475,1 to 2 Family,Revision - Building,New Construction,3000,2945,1,Res.1&2 or Guest House,Res.1&2 or Guest House,1000_9999,1,nonzero,Res.1&2 or Guest House,,1,Res.1&2 or Guest House,knn,knn,1.0
PRFH20241250728,1 to 2 Family,Revision - Building,Alteration/Remodel,650,0,0,Res.1&2 or Guest House,Res.1&2 or Guest House,2_999,0,zero,Res.1&2 or Guest House,Res.1&2 or Guest House,0,,not_applicable,knn,
PRFH20241251230,1 to 2 Family,Building,Alteration/Remodel,60000,1378,1,Res.1&2 or Guest House,Res.1&2 or Guest House,10000_99999,1,nonzero,Res.1&2 or Guest House,Res.1&2 or Guest House,0,,not_applicable,knn,
PRFH20241251253,1 to 2 Family,Building,Alteration/Remodel,25000,918,1,Res.1&2 or Guest House,Res.1&2 or Guest House,10000_99999,1,nonzero,Res.1&2 or Guest House,Res.1&2 or Guest House,0,,not_applicable,knn,
PRFH20241251254,1 to 2 Family,Building,Alteration/Remodel,25000,1296,1,Res.1&2 or Guest House,Res.1&2 or Guest House,10000_99999,1,nonzero,Res.1&2 or Guest House,Res.1&2 or Guest House,0,,not_applicable,knn,
PRFH20241251258,1 to 2 Family,Building,Alteration/Remodel,25000,972,1,Res.1&2 or Guest House,Res.1&2 or Guest House,10000_99999,1,nonzero,Res.1&2 or Guest House,Res.1&2 or Guest House,0,,not_applicable,knn,
PRFH20241251689,1 to 2 Family,Building,Alteration/Remodel,300000,1600,1,Res.1&2 or Guest House,Res.1&2 or Guest House,100000_plus,1,nonzero,Res.1&2 or Guest House,Res.1&2 or Guest House,0,,not_applicable,knn,
PRFH20250100255,1 to 2 Family,Revision - Building,New Construction,50000,5045,1,Res.1&2 or Guest House,Res.1&2 or Guest House,10000_99999,1,nonzero,Res.1&2 or Guest House,Res.1&2 or Guest House,0,,not_applicable,knn,
PRFH20250100488,1 to 2 Family,Revision - Building,New Construction,65000,5204,1,Res.1&2 or Guest House,Res.1&2 or Guest House,10000_99999,1,nonzero,Res.1&2 or Guest House,Res.1&2 or Guest House,0,,not_applicable,knn,
PRFH20250100660,1 to 2 Family,Revision - Building,Alteration/Remodel,0,0,0,Res.1&2 or Guest House,Res.1&2 or Guest House,le_1,0,zero,Res.1&2 or Guest House,Res.1&2 or Guest House,0,,not_applicable,knn,
PRFH20250100723,1 to 2 Family,Building,Alteration/Remodel,5000,2749,1,Res.1&2 or Guest House,Res.1&2 or Guest House,1000_9999,1,nonzero,Res.1&2 or Guest House,Res.1&2 or Guest House,0,,not_applicable,knn,
PRFH20250100882,1 to 2 Family,Building,New Construction,300000,1989,1,Res.1&2 or Guest House,Res.1&2 or Guest House,100000_plus,1,nonzero,Res.1&2 or Guest House,Res.1&2 or Guest House,0,,not_applicable,knn,
PRFH20250101381,1 to 2 Family,Building,New Construction,201716,2524,1,Res.1&2 or Guest House,Res.1&2 or Guest House,100000_plus,1,nonzero,Res.1&2 or Guest House,Res.1&2 or Guest House,0,,not_applicable,knn,
PRFH20250101438,1 to 2 Family,Building,New Construction,400000,2846,1,Res.1&2 or Guest House,Res.1&2 or Guest House,100000_plus,1,nonzero,Res.1&2 or Guest House,Res.1&2 or Guest House,0,,not_applicable,knn,
PRFH20250101489,1 to 2 Family,Building,New Construction,1000000,5506,1,Res.1&2 or Guest House,Res.1&2 or Guest House,100000_plus,1,nonzero,Res.1&2 or Guest House,Res.1&2 or Guest House,0,,not_applicable,knn,
PRFH20250101724,1 to 2 Family,Building,New Construction,571231,4779,1,Res.1&2 or Guest House,Res.1&2 or Guest House,100000_plus,1,nonzero,Res.1&2 or Guest House,Res.1&2 or Guest House,0,,not_applicable,knn,
PRFH20250101724,1 to 2 Family,Revision - Building,New Construction,1,4779,1,Res.1&2 or Guest House,Res.1&2 or Guest House,le_1,1,nonzero,Res.1&2 or Guest House,Res.1&2 or Guest House,0,,not_applicable,knn,
PRFH20250101834,1 to 2 Family,Revision - Building,New Construction,1,6564,1,Res.1&2 or Guest House,Res.1&2 or Guest House,le_1,1,nonzero,Res.1&2 or Guest House,Res.1&2 or Guest House,0,,not_applicable,knn,
PRFH20250101970,1 to 2 Family,Revision - Building,New Construction,1,130,1,Res.1&2 or Guest House,Res.1&2 or Guest House,le_1,1,nonzero,Res.1&2 or Guest House,Res.1&2 or Guest House,0,,not_applicable,knn,
PRFH20250101976,1 to 2 Family,Revision - Building,New Construction,1,2456,1,Res.1&2 or Guest House,Res.1&2 or Guest House,le_1,1,nonzero,Res.1&2 or Guest House,,1,Res.1&2 or Guest House,knn,knn,1.0
PRFH20250102042,1 to 2 Family,Building,Alteration/Remodel,37971.74,6750,1,Res.1&2 or Guest House,Res.1&2 or Guest House,10000_99999,1,nonzero,Res.1&2 or Guest House,Res.1&2 or Guest House,0,,not_applicable,knn,
PRFH20250102345,1 to 2 Family,Building,Alteration/Remodel,35000,0,1,Res.1&2 or Guest House,Res.1&2 or Guest House,10000_99999,1,zero,Res.1&2 or Guest House,Res.1&2 or Guest House,0,,not_applicable,knn,
PRFH20250102400,1 to 2 Family,Building,Alteration/Remodel,8000,1750,1,Res.1&2 or Guest House,Res.1&2 or Guest House,1000_9999,1,nonzero,Res.1&2 or Guest House,Res.1&2 or Guest House,0,,not_applicable,knn,
PRFH20250102466,1 to 2 Family,Revision - Building,Alteration/Remodel,100,2060,1,Res.1&2 or Guest House,Res.1&2 or Guest House,2_999,1,nonzero,Res.1&2 or Guest House,Res.1&2 or Guest House,0,,not_applicable,knn,
PRFH20250102482,1 to 2 Family,Building,Alteration/Remodel,35000,0,1,Res.1&2 or Guest House,Res.1&2 or Guest House,10000_99999,1,zero,Res.1&2 or Guest House,,1,Res.1&2 or Guest House,knn,knn,1.0
PRFH20250102572,1 to 2 Family,Building,Alteration/Remodel,13000,0,1,Res.1&2 or Guest House,Res.1&2 or Guest House,10000_99999,1,zero,Res.1&2 or Guest House,Res.1&2 or Guest House,0,,not_applicable,knn,
PRFH20250102767,1 to 2 Family,Building,Alteration/Remodel,50000,7698,1,Res.1&2 or Guest House,Res.1&2 or Guest House,10000_99999,1,nonzero,Res.1&2 or Guest House,Res.1&2 or Guest House,0,,not_applicable,knn,
PRFH20250102767,1 to 2 Family,Revision - Building,Alteration/Remodel,1,0,0,Res.1&2 or Guest House,Res.1&2 or Guest House,le_1,0,zero,Res.1&2 or Guest House,Res.1&2 or Guest House,0,,not_applicable,knn,
PRFH20250102880,1 to 2 Family,Building,Alteration/Remodel,2300,0,1,Res.1&2 or Guest House,Res.1&2 or Guest House,1000_9999,1,zero,Res.1&2 or Guest House,Res.1&2 or Guest House,0,,not_applicable,knn,
PRFH20250102960,1 to 2 Family,Building,New Construction,200000,5139,1,Res.1&2 or Guest House,Res.1&2 or Guest House,100000_plus,1,nonzero,Res.1&2 or Guest House,Res.1&2 or Guest House,0,,not_applicable,knn,
PRFH20250103048,1 to 2 Family,Building,New Construction,200000,1983,1,Res.1&2 or Guest House,Res.1&2 or Guest House,100000_plus,1,nonzero,Res.1&2 or Guest House,,1,Res.1&2 or Guest House,knn,knn,1.0
PRFH20250103285,1 to 2 Family,Building,New Construction,300000,2496,1,Res.1&2 or Guest House,Res.1&2 or Guest House,100000_plus,1,nonzero,Res.1&2 or Guest House,Res.1&2 or Guest House,0,,not_applicable,knn,
PRFH20250103436,1 to 2 Family,Building,New Construction,180000,2743,1,Res.1&2 or Guest House,Res.1&2 or Guest House,100000_plus,1,nonzero,Res.1&2 or Guest House,,1,Res.1&2 or Guest House,knn,knn,1.0
PRFH20250103486,1 to 2 Family,Building,Addition,1500000,7487,1,Res.1&2 or Guest House,Res.1&2 or Guest House,100000_plus,1,nonzero,Res.1&2 or Guest House,Res.1&2 or Guest House,0,,not_applicable,knn,
PRFH20250103525,1 to 2 Family,Revision - Building,New Construction,1,2,0,Res.1&2 or Guest House,Res.1&2 or Guest House,le_1,0,nonzero,Res.1&2 or Guest House,,1,Res.1&2 or Guest House,knn,knn,1.0
PRFH20250103620,1 to 2 Family,Building,Alteration/Remodel,11383.68,0,1,Res.1&2 or Guest House,Res.1&2 or Guest House,10000_99999,1,zero,Res.1&2 or Guest House,Res.1&2 or Guest House,0,,not_applicable,knn,
PRFH20250103745,1 to 2 Family,Building,Alteration/Remodel,65000,150,1,Res.1&2 or Guest House,Res.1&2 or Guest House,10000_99999,1,nonzero,Res.1&2 or Guest House,Res.1&2 or Guest House,0,,not_applicable,knn,
PRFH20250103915,1 to 2 Family,Revision - Building,Addition,5000,150,1,Res.1&2 or Guest House,Res.1&2 or Guest House,1000_9999,1,nonzero,Res.1&2 or Guest House,Res.1&2 or Guest House,0,,not_applicable,knn,
PRFH20250104006,1 to 2 Family,Building,New Construction,390000,3000,1,Res.1&2 or Guest House,Res.1&2 or Guest House,100000_plus,1,nonzero,Res.1&2 or Guest House,Res.1&2 or Guest House,0,,not_applicable,knn,
PRFH20250104074,1 to 2 Family,Building,Alteration/Remodel,45000,3982,1,Res.1&2 or Guest House,Res.1&2 or Guest House,10000_99999,1,nonzero,Res.1&2 or Guest House,,1,Res.1&2 or Guest House,knn,knn,1.0
PRFH20250104080,1 to 2 Family,Revision - Building,Alteration/Remodel,5200,0,1,Res.1&2 or Guest House,Res.1&2 or Guest House,1000_9999,1,zero,Res.1&2 or Guest House,Res.1&2 or Guest House,0,,not_applicable,knn,
PRFH20250104229,1 to 2 Family,Revision - Building,New Construction,10,4026,1,Res.1&2 or Guest House,Res.1&2 or Guest House,2_999,1,nonzero,Res.1&2 or Guest House,Res.1&2 or Guest House,0,,not_applicable,knn,
PRFH20250104237,1 to 2 Family,Building,Alteration/Remodel,258670,2501,1,Res.1&2 or Guest House,Res.1&2 or Guest House,100000_plus,1,nonzero,Res.1&2 or Guest House,Res.1&2 or Guest House,0,,not_applicable,knn,
PRFH20250204410,1 to 2 Family,Building,New Construction,383046.27,2662,1,Res.1&2 or Guest House,Res.1&2 or Guest House,100000_plus,1,nonzero,Res.1&2 or Guest House,Res.1&2 or Guest House,0,,not_applicable,knn,
PRFH20250204481,1 to 2 Family,Building,Alteration/Remodel,5000,198,1,Res.1&2 or Guest House,Res.1&2 or Guest House,1000_9999,1,nonzero,Res.1&2 or Guest House,Res.1&2 or Guest House,0,,not_applicable,knn,
PRFH20250204579,1 to 2 Family,Building,New Construction,340000,2604,1,Res.1&2 or Guest House,Res.1&2 or Guest House,100000_plus,1,nonzero,Res.1&2 or Guest House,Res.1&2 or Guest House,0,,not_applicable,knn,
PRFH20250204605,1 to 2 Family,Building,New Construction,590000,3580,1,Res.1&2 or Guest House,Res.1&2 or Guest House,100000_plus,1,nonzero,Res.1&2 or Guest House,,1,Res.1&2 or Guest House,knn,knn,1.0
PRFH20250204608,1 to 2 Family,Building,New Construction,124000,2937,1,Res.1&2 or Guest House,Res.1&2 or Guest House,100000_plus,1,nonzero,Res.1&2 or Guest House,Res.1&2 or Guest House,0,,not_applicable,knn,
PRFH20250204616,1 to 2 Family,Building,New Construction,102000,2709,1,Res.1&2 or Guest House,Res.1&2 or Guest House,100000_plus,1,nonzero,Res.1&2 or Guest House,Res.1&2 or Guest House,0,,not_applicable,knn,
PRFH20250204624,1 to 2 Family,Building,New Construction,102000,2709,1,Res.1&2 or Guest House,Res.1&2 or Guest House,100000_plus,1,nonzero,Res.1&2 or Guest House,Res.1&2 or Guest House,0,,not_applicable,knn,
PRFH20250204625,1 to 2 Family,Building,New Construction,590000,3580,1,Res.1&2 or Guest House,Res.1&2 or Guest House,100000_plus,1,nonzero,Res.1&2 or Guest House,Res.1&2 or Guest House,0,,not_applicable,knn,
PRFH20250204629,1 to 2 Family,Building,New Construction,124000,2937,1,Res.1&2 or Guest House,Res.1&2 or Guest House,100000_plus,1,nonzero,Res.1&2 or Guest House,Res.1&2 or Guest House,0,,not_applicable,knn,
PRFH20250204661,1 to 2 Family,Revision - Building,Addition,1,0,1,Res.1&2 or Guest House,Res.1&2 or Guest House,le_1,1,zero,Res.1&2 or Guest House,Res.1&2 or Guest House,0,,not_applicable,knn,
PRFH20250204866,1 to 2 Family,Building,New Construction,250000,1700,1,Res.1&2 or Guest House,Res.1&2 or Guest House,100000_plus,1,nonzero,Res.1&2 or Guest House,,1,Res.1&2 or Guest House,knn,knn,1.0
PRFH20250204963,1 to 2 Family,Revision - Building,Alteration/Remodel,1,0,1,Res.1&2 or Guest House,Res.1&2 or Guest House,le_1,1,zero,Res.1&2 or Guest House,Res.1&2 or Guest House,0,,not_applicable,knn,
PRFH20250204966,1 to 2 Family,Building,New Construction,225000,2551,1,Res.1&2 or Guest House,Res.1&2 or Guest House,100000_plus,1,nonzero,Res.1&2 or Guest House,Res.1&2 or Guest House,0,,not_applicable,knn,
PRFH20250205020,1 to 2 Family,Building,New Construction,150000,2871,1,Res.1&2 or Guest House,Res.1&2 or Guest House,100000_plus,1,nonzero,Res.1&2 or Guest House,Res.1&2 or Guest House,0,,not_applicable,knn,
PRFH20250205075,1 to 2 Family,Building,New Construction,330000,2091,1,Res.1&2 or Guest House,Res.1&2 or Guest House,100000_plus,1,nonzero,Res.1&2 or Guest House,Res.1&2 or Guest House,0,,not_applicable,knn,
PRFH20250205139,1 to 2 Family,Building,Alteration/Remodel,90000,54,1,Res.1&2 or Guest House,Res.1&2 or Guest House,10000_99999,1,nonzero,Res.1&2 or Guest House,Res.1&2 or Guest House,0,,not_applicable,knn,
PRFH20250205186,1 to 2 Family,Building,New Construction,5000000,5922,1,Res.1&2 or Guest House,Res.1&2 or Guest House,100000_plus,1,nonzero,Res.1&2 or Guest House,Res.1&2 or Guest House,0,,not_applicable,knn,
PRFH20250205195,1 to 2 Family,Revision - Building,Alteration/Remodel,1,45,1,Res.1&2 or Guest House,Res.1&2 or Guest House,le_1,1,nonzero,Res.1&2 or Guest House,Res.1&2 or Guest House,0,,not_applicable,knn,
PRFH20250205289,1 to 2 Family,Building,Alteration/Remodel,80415,2354,1,Res.1&2 or Guest House,Res.1&2 or Guest House,10000_99999,1,nonzero,Res.1&2 or Guest House,Res.1&2 or Guest House,0,,not_applicable,knn,
PRFH20250205383,1 to 2 Family,Revision - Building,Alteration/Remodel,5,15,1,Res.1&2 or Guest House,Res.1&2 or Guest House,2_999,1,nonzero,Res.1&2 or Guest House,Res.1&2 or Guest House,0,,not_applicable,knn,
PRFH20250205631,1 to 2 Family,Building,New Construction,180000,2523,1,Res.1&2 or Guest House,Res.1&2 or Guest House,100000_plus,1,nonzero,Res.1&2 or Guest House,Res.1&2 or Guest House,0,,not_applicable,knn,
PRFH20250205643,1 to 2 Family,Building,New Construction,300000,9423,1,Res.1&2 or Guest House,Res.1&2 or Guest House,100000_plus,1,nonzero,Res.1&2 or Guest House,,1,Res.1&2 or Guest House,knn,knn,1.0
PRFH20250205729,1 to 2 Family,Building,Alteration/Remodel,1800,96,1,Res.1&2 or Guest House,Res.1&2 or Guest House,1000_9999,1,nonzero,Res.1&2 or Guest House,Res.1&2 or Guest House,0,,not_applicable,knn,
PRFH20250206035,1 to 2 Family,Building,Alteration/Remodel,150000,2355,1,Res.1&2 or Guest House,Res.1&2 or Guest House,100000_plus,1,nonzero,Res.1&2 or Guest House,,1,Res.1&2 or Guest House,knn,knn,1.0
PRFH20250206048,1 to 2 Family,Building,Alteration/Remodel,25000,800,1,Res.1&2 or Guest House,Res.1&2 or Guest House,10000_99999,1,nonzero,Res.1&2 or Guest House,Res.1&2 or Guest House,0,,not_applicable,knn,
PRFH20250206096,1 to 2 Family,Building,New Construction,2200000,8685,1,Res.1&2 or Guest House,Res.1&2 or Guest House,100000_plus,1,nonzero,Res.1&2 or Guest House,Res.1&2 or Guest House,0,,not_applicable,knn,
PRFH20250206102,1 to 2 Family,Building,Alteration/Remodel,174183.8,527,1,Res.1&2 or Guest House,Res.1&2 or Guest House,100000_plus,1,nonzero,Res.1&2 or Guest House,,1,Res.1&2 or Guest House,knn,knn,1.0
PRFH20250206131,1 to 2 Family,Building,New Construction,350000,2747,1,Res.1&2 or Guest House,Res.1&2 or Guest House,100000_plus,1,nonzero,Res.1&2 or Guest House,Res.1&2 or Guest House,0,,not_applicable,knn,
PRFH20250206266,1 to 2 Family,Building,Addition,560000,5062,1,Res.1&2 or Guest House,Res.1&2 or Guest House,100000_plus,1,nonzero,Res.1&2 or Guest House,Res.1&2 or Guest House,0,,not_applicable,knn,
PRFH20250206504,1 to 2 Family,Building,New Construction,284000,3348,1,Res.1&2 or Guest House,Res.1&2 or Guest House,100000_plus,1,nonzero,Res.1&2 or Guest House,Res.1&2 or Guest House,0,,not_applicable,knn,
PRFH20250206684,1 to 2 Family,Building,Alteration/Remodel,18000,418,1,Res.1&2 or Guest House,Res.1&2 or Guest House,10000_99999,1,nonzero,Res.1&2 or Guest House,,1,Res.1&2 or Guest House,knn,knn,1.0
PRFH20250206711,1 to 2 Family,Building,New Construction,350000,3457,1,Res.1&2 or Guest House,Res.1&2 or Guest House,100000_plus,1,nonzero,Res.1&2 or Guest House,Res.1&2 or Guest House,0,,not_applicable,knn,
PRFH20250206723,1 to 2 Family,Building,New Construction,250000,2651,1,Res.1&2 or Guest House,Res.1&2 or Guest House,100000_plus,1,nonzero,Res.1&2 or Guest House,Res.1&2 or Guest House,0,,not_applicable,knn,
PRFH20250206725,1 to 2 Family,Building,New Construction,350000,3457,0,Res.1&2 or Guest House,Res.1&2 or Guest House,100000_plus,0,nonzero,Res.1&2 or Guest House,Res.1&2 or Guest House,0,,not_applicable,knn,
PRFH20250206737,1 to 2 Family,Building,New Construction,260000,2713,1,Res.1&2 or Guest House,Res.1&2 or Guest House,100000_plus,1,nonzero,Res.1&2 or Guest House,Res.1&2 or Guest House,0,,not_applicable,knn,
PRFH20250206744,1 to 2 Family,Building,New Construction,350000,3457,1,Res.1&2 or Guest House,Res.1&2 or Guest House,100000_plus,1,nonzero,Res.1&2 or Guest House,,1,Res.1&2 or Guest House,knn,knn,1.0
PRFH20250206745,1 to 2 Family,Building,Alteration/Remodel,150000,840,0,Res.1&2 or Guest House,Res.1&2 or Guest House,100000_plus,0,nonzero,Res.1&2 or Guest House,Res.1&2 or Guest House,0,,not_applicable,knn,
PRFH20250206750,1 to 2 Family,Building,New Construction,260000,2713,1,Res.1&2 or Guest House,Res.1&2 or Guest House,100000_plus,1,nonzero,Res.1&2 or Guest House,Res.1&2 or Guest House,0,,not_applicable,knn,
PRFH20250206769,1 to 2 Family,Building,Alteration/Remodel,48000,300,1,Res.1&2 or Guest House,Res.1&2 or Guest House,10000_99999,1,nonzero,Res.1&2 or Guest House,,1,Res.1&2 or Guest House,knn,knn,1.0
PRFH20250206804,1 to 2 Family,Building,New Construction,425293,3767,1,Res.1&2 or Guest House,Res.1&2 or Guest House,100000_plus,1,nonzero,Res.1&2 or Guest House,Res.1&2 or Guest House,0,,not_applicable,knn,
PRFH20250206844,1 to 2 Family,Building,New Construction,260000,2713,1,Res.1&2 or Guest House,Res.1&2 or Guest House,100000_plus,1,nonzero,Res.1&2 or Guest House,Res.1&2 or Guest House,0,,not_applicable,knn,
PRFH20250206882,1 to 2 Family,Building,New Construction,35000,3575,1,Res.1&2 or Guest House,Res.1&2 or Guest House,10000_99999,1,nonzero,Res.1&2 or Guest House,Res.1&2 or Guest House,0,,not_applicable,knn,
PRFH20250206892,1 to 2 Family,Revision - Building,Alteration/Remodel,1,0,0,Res.1&2 or Guest House,Res.1&2 or Guest House,le_1,0,zero,Res.1&2 or Guest House,Res.1&2 or Guest House,0,,not_applicable,knn,
PRFH20250206979,1 to 2 Family,Building,New Construction,200000,2398,1,Res.1&2 or Guest House,Res.1&2 or Guest House,100000_plus,1,nonzero,Res.1&2 or Guest House,Res.1&2 or Guest House,0,,not_applicable,knn,
PRFH20250207040,1 to 2 Family,Building,New Construction,180000,2690,1,Res.1&2 or Guest House,Res.1&2 or Guest House,100000_plus,1,nonzero,Res.1&2 or Guest House,Res.1&2 or Guest House,0,,not_applicable,knn,
PRFH20250207347,1 to 2 Family,Building,New Construction,180000,3055,1,Res.1&2 or Guest House,Res.1&2 or Guest House,100000_plus,1,nonzero,Res.1&2 or Guest House,Res.1&2 or Guest House,0,,not_applicable,knn,
PRFH20250207348,1 to 2 Family,Building,Addition,75000,1033,1,Res.1&2 or Guest House,Res.1&2 or Guest House,10000_99999,1,nonzero,Res.1&2 or Guest House,Res.1&2 or Guest House,0,,not_applicable,knn,
PRFH20250207364,1 to 2 Family,Building,Addition,200000,4333,1,Res.1&2 or Guest House,Res.1&2 or Guest House,100000_plus,1,nonzero,Res.1&2 or Guest House,Res.1&2 or Guest House,0,,not_applicable,knn,
PRFH20250207438,1 to 2 Family,Building,New Construction,212449,3508,1,Res.1&2 or Guest House,Res.1&2 or Guest House,100000_plus,1,nonzero,Res.1&2 or Guest House,,1,Res.1&2 or Guest House,knn,knn,1.0
PRFH20250207512,1 to 2 Family,Building,Alteration/Remodel,21000,1840,1,Res.1&2 or Guest House,Res.1&2 or Guest House,10000_99999,1,nonzero,Res.1&2 or Guest House,Res.1&2 or Guest House,0,,not_applicable,knn,
PRFH20250207520,1 to 2 Family,Building,New Construction,180000,1896,1,Res.1&2 or Guest House,Res.1&2 or Guest House,100000_plus,1,nonzero,Res.1&2 or Guest House,Res.1&2 or Guest House,0,,not_applicable,knn,
PRFH20250207641,1 to 2 Family,Building,Alteration/Remodel,12000,1,1,Res.1&2 or Guest House,Res.1&2 or Guest House,10000_99999,1,nonzero,Res.1&2 or Guest House,Res.1&2 or Guest House,0,,not_applicable,knn,
PRFH20250207674,1 to 2 Family,Building,Alteration/Remodel,20000,0,0,Res.1&2 or Guest House,Res.1&2 or Guest House,10000_99999,0,zero,Res.1&2 or Guest House,Res.1&2 or Guest House,0,,not_applicable,knn,
PRFH20250207859,1 to 2 Family,Building,New Construction,200000,2500,1,Res.1&2 or Guest House,Res.1&2 or Guest House,100000_plus,1,nonzero,Res.1&2 or Guest House,Res.1&2 or Guest House,0,,not_applicable,knn,
PRFH20250207861,1 to 2 Family,Building,New Construction,300000,2566,1,Res.1&2 or Guest House,Res.1&2 or Guest House,100000_plus,1,nonzero,Res.1&2 or Guest House,Res.1&2 or Guest House,0,,not_applicable,knn,
PRFH20250207899,1 to 2 Family,Building,Alteration/Remodel,263297,1993,1,Res.1&2 or Guest House,Res.1&2 or Guest House,100000_plus,1,nonzero,Res.1&2 or Guest House,Res.1&2 or Guest House,0,,not_applicable,knn,
PRFH20250208065,1 to 2 Family,Building,Alteration/Remodel,4800,60,1,Res.1&2 or Guest House,Res.1&2 or Guest House,1000_9999,1,nonzero,Res.1&2 or Guest House,,1,Res.1&2 or Guest House,knn,knn,1.0
PRFH20250208082,1 to 2 Family,Building,Alteration/Remodel,19000,1403,1,Res.1&2 or Guest House,Res.1&2 or Guest House,10000_99999,1,nonzero,Res.1&2 or Guest House,Res.1&2 or Guest House,0,,not_applicable,knn,
PRFH20250208184,1 to 2 Family,Building,New Construction,683595,5879,1,Res.1&2 or Guest House,Res.1&2 or Guest House,100000_plus,1,nonzero,Res.1&2 or Guest House,Res.1&2 or Guest House,0,,not_applicable,knn,
PRFH20250208260,1 to 2 Family,Building,Alteration/Remodel,8000,250,1,Res.1&2 or Guest House,Res.1&2 or Guest House,1000_9999,1,nonzero,Res.1&2 or Guest House,Res.1&2 or Guest House,0,,not_applicable,knn,
PRFH20250208266,1 to 2 Family,Building,Alteration/Remodel,5800,150,1,Res.1&2 or Guest House,Res.1&2 or Guest House,1000_9999,1,nonzero,Res.1&2 or Guest House,Res.1&2 or Guest House,0,,not_applicable,knn,
PRFH20250208282,1 to 2 Family,Building,Alteration/Remodel,300000,3939,1,Res.1&2 or Guest House,Res.1&2 or Guest House,100000_plus,1,nonzero,Res.1&2 or Guest House,Res.1&2 or Guest House,0,,not_applicable,knn,
PRFH20250208303,1 to 2 Family,Building,Alteration/Remodel,21763.96,0,1,Res.1&2 or Guest House,Res.1&2 or Guest House,10000_99999,1,zero,Res.1&2 or Guest House,Res.1&2 or Guest House,0,,not_applicable,knn,
PRFH20250208417,1 to 2 Family,Building,Alteration/Remodel,45000,200,1,Res.1&2 or Guest House,Res.1&2 or Guest House,10000_99999,1,nonzero,Res.1&2 or Guest House,Res.1&2 or Guest House,0,,not_applicable,knn,
PRFH20250208428,1 to 2 Family,Building,Alteration/Remodel,33000,437,1,Res.1&2 or Guest House,Res.1&2 or Guest House,10000_99999,1,nonzero,Res.1&2 or Guest House,Res.1&2 or Guest House,0,,not_applicable,knn,
PRFH20250208446,1 to 2 Family,Building,New Construction,260000,2714,1,Res.1&2 or Guest House,Res.1&2 or Guest House,100000_plus,1,nonzero,Res.1&2 or Guest House,Res.1&2 or Guest House,0,,not_applicable,knn,
PRFH20250208455,1 to 2 Family,Building,New Construction,260000,2714,1,Res.1&2 or Guest House,Res.1&2 or Guest House,100000_plus,1,nonzero,Res.1&2 or Guest House,,1,Res.1&2 or Guest House,knn,knn,1.0
PRFH20250208462,1 to 2 Family,Building,New Construction,225000,2493,1,Res.1&2 or Guest House,Res.1&2 or Guest House,100000_plus,1,nonzero,Res.1&2 or Guest House,Res.1&2 or Guest House,0,,not_applicable,knn,
PRFH20250208551,1 to 2 Family,Building,Alteration/Remodel,28000,258,1,Res.1&2 or Guest House,Res.1&2 or Guest House,10000_99999,1,nonzero,Res.1&2 or Guest House,Res.1&2 or Guest House,0,,not_applicable,knn,
PRFH20250208558,1 to 2 Family,Building,New Construction,635000,3516,1,Res.1&2 or Guest House,Res.1&2 or Guest House,100000_plus,1,nonzero,Res.1&2 or Guest House,,1,Res.1&2 or Guest House,knn,knn,1.0
PRFH20250208639,1 to 2 Family,Building,New Construction,300000,3109,1,Res.1&2 or Guest House,Res.1&2 or Guest House,100000_plus,1,nonzero,Res.1&2 or Guest House,Res.1&2 or Guest House,0,,not_applicable,knn,
PRFH20250208657,1 to 2 Family,Building,New Construction,678869,5879,1,Res.1&2 or Guest House,Res.1&2 or Guest House,100000_plus,1,nonzero,Res.1&2 or Guest House,Res.1&2 or Guest House,0,,not_applicable,knn,
PRFH20250308818,1 to 2 Family,Building,Alteration/Remodel,8000,0,1,Res.1&2 or Guest House,Res.1&2 or Guest House,1000_9999,1,zero,Res.1&2 or Guest House,Res.1&2 or Guest House,0,,not_applicable,knn,
PRFH20250308839,1 to 2 Family,Building,Alteration/Remodel,113000,650,1,Res.1&2 or Guest House,Res.1&2 or Guest House,100000_plus,1,nonzero,Res.1&2 or Guest House,Res.1&2 or Guest House,0,,not_applicable,knn,
PRFH20250308931,1 to 2 Family,Building,Alteration/Remodel,850000,4697,1,Res.1&2 or Guest House,Res.1&2 or Guest House,100000_plus,1,nonzero,Res.1&2 or Guest House,Res.1&2 or Guest House,0,,not_applicable,knn,
PRFH20250308977,1 to 2 Family,Building,Addition,600000,479,1,Res.1&2 or Guest House,Res.1&2 or Guest House,100000_plus,1,nonzero,Res.1&2 or Guest House,Res.1&2 or Guest House,0,,not_applicable,knn,
PRFH20250309000,1 to 2 Family,Building,New Construction,150000,4724,1,Res.1&2 or Guest House,Res.1&2 or Guest House,100000_plus,1,nonzero,Res.1&2 or Guest House,Res.1&2 or Guest House,0,,not_applicable,knn,
PRFH20250309058,1 to 2 Family,Building,Alteration/Remodel,9914,480,1,Res.1&2 or Guest House,Res.1&2 or Guest House,1000_9999,1,nonzero,Res.1&2 or Guest House,Res.1&2 or Guest House,0,,not_applicable,knn,
PRFH20250309058,1 to 2 Family,Revision - Building,Alteration/Remodel,0,10389,0,Res.1&2 or Guest House,Res.1&2 or Guest House,le_1,0,nonzero,Res.1&2 or Guest House,Res.1&2 or Guest House,0,,not_applicable,knn,
PRFH20250309088,1 to 2 Family,Building,Alteration/Remodel,75000,1821,1,Res.1&2 or Guest House,Res.1&2 or Guest House,10000_99999,1,nonzero,Res.1&2 or Guest House,Res.1&2 or Guest House,0,,not_applicable,knn,
PRFH20250309092,1 to 2 Family,Building,New Construction,201716,2524,1,Res.1&2 or Guest House,Res.1&2 or Guest House,100000_plus,1,nonzero,Res.1&2 or Guest House,Res.1&2 or Guest House,0,,not_applicable,knn,
PRFH20250309094,1 to 2 Family,Building,New Construction,284353,3558,1,Res.1&2 or Guest House,Res.1&2 or Guest House,100000_plus,1,nonzero,Res.1&2 or Guest House,Res.1&2 or Guest House,0,,not_applicable,knn,
PRFH20250309121,1 to 2 Family,Building,Alteration/Remodel,6000,168,1,Res.1&2 or Guest House,Res.1&2 or Guest House,1000_9999,1,nonzero,Res.1&2 or Guest House,Res.1&2 or Guest House,0,,not_applicable,knn,
PRFH20250309229,1 to 2 Family,Building,New Construction,260000,2714,1,Res.1&2 or Guest House,Res.1&2 or Guest House,100000_plus,1,nonzero,Res.1&2 or Guest House,,1,Res.1&2 or Guest House,knn,knn,1.0
PRFH20250309244,1 to 2 Family,Building,New Construction,260000,2713,1,Res.1&2 or Guest House,Res.1&2 or Guest House,100000_plus,1,nonzero,Res.1&2 or Guest House,Res.1&2 or Guest House,0,,not_applicable,knn,
PRFH20250309271,1 to 2 Family,Building,Alteration/Remodel,37877.440000000002,0,1,Res.1&2 or Guest House,Res.1&2 or Guest House,10000_99999,1,zero,Res.1&2 or Guest House,Res.1&2 or Guest House,0,,not_applicable,knn,
PRFH20250309317,1 to 2 Family,Building,New Construction,460561,4175,1,Res.1&2 or Guest House,Res.1&2 or Guest House,100000_plus,1,nonzero,Res.1&2 or Guest House,Res.1&2 or Guest House,0,,not_applicable,knn,
PRFH20250309348,1 to 2 Family,Building,New Construction,225000,2493,1,Res.1&2 or Guest House,Res.1&2 or Guest House,100000_plus,1,nonzero,Res.1&2 or Guest House,Res.1&2 or Guest House,0,,not_applicable,knn,
PRFH20250309369,1 to 2 Family,Building,New Construction,350000,3457,1,Res.1&2 or Guest House,Res.1&2 or Guest House,100000_plus,1,nonzero,Res.1&2 or Guest House,,1,Res.1&2 or Guest House,knn,knn,1.0
PRFH20250309451,1 to 2 Family,Building,New Construction,259387,3382,1,Res.1&2 or Guest House,Res.1&2 or Guest House,100000_plus,1,nonzero,Res.1&2 or Guest House,Res.1&2 or Guest House,0,,not_applicable,knn,
PRFH20250309460,1 to 2 Family,Building,Alteration/Remodel,51492,1450,1,Res.1&2 or Guest House,Res.1&2 or Guest House,10000_99999,1,nonzero,Res.1&2 or Guest House,Res.1&2 or Guest House,0,,not_applicable,knn,
PRFH20250309460,1 to 2 Family,Revision - Building,Alteration/Remodel,250,0,1,Res.1&2 or Guest House,Res.1&2 or Guest House,2_999,1,zero,Res.1&2 or Guest House,,1,Res.1&2 or Guest House,knn,knn,1.0
PRFH20250309464,1 to 2 Family,Building,New Construction,212449,3247,1,Res.1&2 or Guest House,Res.1&2 or Guest House,100000_plus,1,nonzero,Res.1&2 or Guest House,Res.1&2 or Guest House,0,,not_applicable,knn,
PRFH20250309479,1 to 2 Family,Building,New Construction,212449,3458,1,Res.1&2 or Guest House,Res.1&2 or Guest House,100000_plus,1,nonzero,Res.1&2 or Guest House,Res.1&2 or Guest House,0,,not_applicable,knn,
PRFH20250309483,1 to 2 Family,Building,New Construction,259387,4309,1,Res.1&2 or Guest House,Res.1&2 or Guest House,100000_plus,1,nonzero,Res.1&2 or Guest House,Res.1&2 or Guest House,0,,not_applicable,knn,
PRFH20250309503,1 to 2 Family,Building,New Construction,259387,4399,1,Res.1&2 or Guest House,Res.1&2 or Guest House,100000_plus,1,nonzero,Res.1&2 or Guest House,Res.1&2 or Guest House,0,,not_applicable,knn,
PRFH20250309503,1 to 2 Family,Revision - Building,New Construction,1,4399,1,Res.1&2 or Guest House,Res.1&2 or Guest House,le_1,1,nonzero,Res.1&2 or Guest House,Res.1&2 or Guest House,0,,not_applicable,knn,
PRFH20250309510,1 to 2 Family,Building,New Construction,259387,4399,1,Res.1&2 or Guest House,Res.1&2 or Guest House,100000_plus,1,nonzero,Res.1&2 or Guest House,Res.1&2 or Guest House,0,,not_applicable,knn,
PRFH20250309532,1 to 2 Family,Building,Alteration/Remodel,52841.32,0,1,Res.1&2 or Guest House,Res.1&2 or Guest House,10000_99999,1,zero,Res.1&2 or Guest House,Res.1&2 or Guest House,0,,not_applicable,knn,
PRFH20250309543,1 to 2 Family,Building,Addition,280000,764,1,Res.1&2 or Guest House,Res.1&2 or Guest House,100000_plus,1,nonzero,Res.1&2 or Guest House,Res.1&2 or Guest House,0,,not_applicable,knn,
PRFH20250309669,1 to 2 Family,Building,Alteration/Remodel,16000,0,1,Res.1&2 or Guest House,Res.1&2 or Guest House,10000_99999,1,zero,Res.1&2 or Guest House,Res.1&2 or Guest House,0,,not_applicable,knn,
PRFH20250309695,1 to 2 Family,Building,Alteration/Remodel,11233.3,0,0,Res.1&2 or Guest House,Res.1&2 or Guest House,10000_99999,0,zero,Res.1&2 or Guest House,Res.1&2 or Guest House,0,,not_applicable,knn,
PRFH20250309697,1 to 2 Family,Building,Alteration/Remodel,9431.15,0,0,Res.1&2 or Guest House,Res.1&2 or Guest House,1000_9999,0,zero,Res.1&2 or Guest House,Res.1&2 or Guest House,0,,not_applicable,knn,
PRFH20250309719,1 to 2 Family,Building,Addition,400000,4055,1,Res.1&2 or Guest House,Res.1&2 or Guest House,100000_plus,1,nonzero,Res.1&2 or Guest House,,1,Res.1&2 or Guest House,knn,knn,1.0
PRFH20250309797,1 to 2 Family,Building,New Construction,150000,3958,1,Res.1&2 or Guest House,Res.1&2 or Guest House,100000_plus,1,nonzero,Res.1&2 or Guest House,Res.1&2 or Guest House,0,,not_applicable,knn,
PRFH20250309844,1 to 2 Family,Building,New Construction,175000,1725,1,Res.1&2 or Guest House,Res.1&2 or Guest House,100000_plus,1,nonzero,Res.1&2 or Guest House,Res.1&2 or Guest House,0,,not_applicable,knn,
PRFH20250309857,1 to 2 Family,Building,Alteration/Remodel,30000,350,1,Res.1&2 or Guest House,Res.1&2 or Guest House,10000_99999,1,nonzero,Res.1&2 or Guest House,Res.1&2 or Guest House,0,,not_applicable,knn,
PRFH20250309891,1 to 2 Family,Building,Alteration/Remodel,104700,250,1,Res.1&2 or Guest House,Res.1&2 or Guest House,100000_plus,1,nonzero,Res.1&2 or Guest House,,1,Res.1&2 or Guest House,knn,knn,1.0
PRFH20250309916,1 to 2 Family,Building,New Construction,235000,3361,1,Res.1&2 or Guest House,Res.1&2 or Guest House,100000_plus,1,nonzero,Res.1&2 or Guest House,Res.1&2 or Guest House,0,,not_applicable,knn,
PRFH20250309928,1 to 2 Family,Building,Alteration/Remodel,575990,600,1,Res.1&2 or Guest House,Res.1&2 or Guest House,100000_plus,1,nonzero,Res.1&2 or Guest House,Res.1&2 or Guest House,0,,not_applicable,knn,
PRFH20250309935,1 to 2 Family,Building,New Construction,150000,3982,1,Res.1&2 or Guest House,Res.1&2 or Guest House,100000_plus,1,nonzero,Res.1&2 or Guest House,Res.1&2 or Guest House,0,,not_applicable,knn,
PRFH20250309959,1 to 2 Family,Building,New Construction,267000,3813,1,Res.1&2 or Guest House,Res.1&2 or Guest House,100000_plus,1,nonzero,Res.1&2 or Guest House,Res.1&2 or Guest House,0,,not_applicable,knn,
PRFH20250309966,1 to 2 Family,Building,New Construction,150000,3958,1,Res.1&2 or Guest House,Res.1&2 or Guest House,100000_plus,1,nonzero,Res.1&2 or Guest House,,1,Res.1&2 or Guest House,knn,knn,1.0
PRFH20250309968,1 to 2 Family,Building,Alteration/Remodel,12000,720,1,Res.1&2 or Guest House,Res.1&2 or Guest House,10000_99999,1,nonzero,Res.1&2 or Guest House,Res.1&2 or Guest House,0,,not_applicable,knn,
PRFH20250309993,1 to 2 Family,Building,New Construction,235000,3361,1,Res.1&2 or Guest House,Res.1&2 or Guest House,100000_plus,1,nonzero,Res.1&2 or Guest House,Res.1&2 or Guest House,0,,not_applicable,knn,
PRFH20250310050,1 to 2 Family,Building,New Construction,150000,2975,1,Res.1&2 or Guest House,Res.1&2 or Guest House,100000_plus,1,nonzero,Res.1&2 or Guest House,Res.1&2 or Guest House,0,,not_applicable,knn,
PRFH20250310053,1 to 2 Family,Building,New Construction,442680,2604,1,Res.1&2 or Guest House,Res.1&2 or Guest House,100000_plus,1,nonzero,Res.1&2 or Guest House,Res.1&2 or Guest House,0,,not_applicable,knn,
PRFH20250310114,1 to 2 Family,Building,Alteration/Remodel,15000,200,1,Res.1&2 or Guest House,Res.1&2 or Guest House,10000_99999,1,nonzero,Res.1&2 or Guest House,Res.1&2 or Guest House,0,,not_applicable,knn,
PRFH20250310188,1 to 2 Family,Building,New Construction,216000,3087,1,Res.1&2 or Guest House,Res.1&2 or Guest House,100000_plus,1,nonzero,Res.1&2 or Guest House,Res.1&2 or Guest House,0,,not_applicable,knn,
PRFH20250310203,1 to 2 Family,Building,New Construction,241000,3437,1,Res.1&2 or Guest House,Res.1&2 or Guest House,100000_plus,1,nonzero,Res.1&2 or Guest House,Res.1&2 or Guest House,0,,not_applicable,knn,
PRFH20250310215,1 to 2 Family,Building,New Construction,235000,3361,1,Res.1&2 or Guest House,Res.1&2 or Guest House,100000_plus,1,nonzero,Res.1&2 or Guest House,Res.1&2 or Guest House,0,,not_applicable,knn,
PRFH20250310255,1 to 2 Family,Building,New Construction,259387,4572,1,Res.1&2 or Guest House,Res.1&2 or Guest House,100000_plus,1,nonzero,Res.1&2 or Guest House,Res.1&2 or Guest House,0,,not_applicable,knn,
PRFH20250310279,1 to 2 Family,Building,New Construction,235000,3361,1,Res.1&2 or Guest House,Res.1&2 or Guest House,100000_plus,1,nonzero,Res.1&2 or Guest House,Res.1&2 or Guest House,0,,not_applicable,knn,
PRFH20250310281,1 to 2 Family,Building,Alteration/Remodel,75000,3774,1,Res.1&2 or Guest House,Res.1&2 or Guest House,10000_99999,1,nonzero,Res.1&2 or Guest House,Res.1&2 or Guest House,0,,not_applicable,knn,
PRFH20250310314,1 to 2 Family,Building,New Construction,330000,2091,1,Res.1&2 or Guest House,Res.1&2 or Guest House,100000_plus,1,nonzero,Res.1&2 or Guest House,,1,Res.1&2 or Guest House,knn,knn,1.0
PRFH20250310319,1 to 2 Family,Building,New Construction,150000,4063,1,Res.1&2 or Guest House,Res.1&2 or Guest House,100000_plus,1,nonzero,Res.1&2 or Guest House,Res.1&2 or Guest House,0,,not_applicable,knn,
PRFH20250310324,1 to 2 Family,Building,New Construction,150000,4331,1,Res.1&2 or Guest House,Res.1&2 or Guest House,100000_plus,1,nonzero,Res.1&2 or Guest House,Res.1&2 or Guest House,0,,not_applicable,knn,
PRFH20250310360,1 to 2 Family,Building,New Construction,980000,2684,1,Res.1&2 or Guest House,Res.1&2 or Guest House,100000_plus,1,nonzero,Res.1&2 or Guest House,Res.1&2 or Guest House,0,,not_applicable,knn,
PRFH20250310362,1 to 2 Family,Building,New Construction,340696,4263,1,Res.1&2 or Guest House,Res.1&2 or Guest House,100000_plus,1,nonzero,Res.1&2 or Guest House,,1,Res.1&2 or Guest House,knn,knn,1.0
PRFH20250310399,1 to 2 Family,Building,New Construction,150000,5034,1,Res.1&2 or Guest House,Res.1&2 or Guest House,100000_plus,1,nonzero,Res.1&2 or Guest House,Res.1&2 or Guest House,0,,not_applicable,knn,
PRFH20250310412,1 to 2 Family,Building,New Construction,150000,3519,1,Res.1&2 or Guest House,Res.1&2 or Guest House,100000_plus,1,nonzero,Res.1&2 or Guest House,Res.1&2 or Guest House,0,,not_applicable,knn,
PRFH20250310413,1 to 2 Family,Building,New Construction,150000,3451,1,Res.1&2 or Guest House,Res.1&2 or Guest House,100000_plus,1,nonzero,Res.1&2 or Guest House,Res.1&2 or Guest House,0,,not_applicable,knn,
PRFH20250310460,1 to 2 Family,Building,Alteration/Remodel,2200,320,1,Res.1&2 or Guest House,Res.1&2 or Guest House,1000_9999,1,nonzero,Res.1&2 or Guest House,Res.1&2 or Guest House,0,,not_applicable,knn,
PRFH20250310545,1 to 2 Family,Building,New Construction,178000,2539,1,Res.1&2 or Guest House,Res.1&2 or Guest House,100000_plus,1,nonzero,Res.1&2 or Guest House,,1,Res.1&2 or Guest House,knn,knn,1.0
PRFH20250310549,1 to 2 Family,Building,New Construction,155000,2211,1,Res.1&2 or Guest House,Res.1&2 or Guest House,100000_plus,1,nonzero,Res.1&2 or Guest House,Res.1&2 or Guest House,0,,not_applicable,knn,
PRFH20250310557,1 to 2 Family,Building,Alteration/Remodel,15000,0,1,Res.1&2 or Guest House,Res.1&2 or Guest House,10000_99999,1,zero,Res.1&2 or Guest House,Res.1&2 or Guest House,0,,not_applicable,knn,
PRFH20250310573,1 to 2 Family,Building,New Construction,178000,2539,1,Res.1&2 or Guest House,Res.1&2 or Guest House,100000_plus,1,nonzero,Res.1&2 or Guest House,Res.1&2 or Guest House,0,,not_applicable,knn,
PRFH20250310575,1 to 2 Family,Building,New Construction,155000,2211,1,Res.1&2 or Guest House,Res.1&2 or Guest House,100000_plus,1,nonzero,Res.1&2 or Guest House,Res.1&2 or Guest House,0,,not_applicable,knn,
PRFH20250310587,1 to 2 Family,Building,New Construction,178000,2539,1,Res.1&2 or Guest House,Res.1&2 or Guest House,100000_plus,1,nonzero,Res.1&2 or Guest House,Res.1&2 or Guest House,0,,not_applicable,knn,
PRFH20250310589,1 to 2 Family,Building,New Construction,155000,2211,1,Res.1&2 or Guest House,Res.1&2 or Guest House,100000_plus,1,nonzero,Res.1&2 or Guest House,Res.1&2 or Guest House,0,,not_applicable,knn,
PRFH20250310628,1 to 2 Family,Building,New Construction,275000,2130,1,Res.1&2 or Guest House,Res.1&2 or Guest House,100000_plus,1,nonzero,Res.1&2 or Guest House,Res.1&2 or Guest House,0,,not_applicable,knn,
PRFH20250310651,1 to 2 Family,Building,New Construction,150000,3447,1,Res.1&2 or Guest House,Res.1&2 or Guest House,100000_plus,1,nonzero,Res.1&2 or Guest House,Res.1&2 or Guest House,0,,not_applicable,knn,
PRFH20250310684,1 to 2 Family,Building,New Construction,178000,2539,1,Res.1&2 or Guest House,Res.1&2 or Guest House,100000_plus,1,nonzero,Res.1&2 or Guest House,Res.1&2 or Guest House,0,,not_applicable,knn,
PRFH20250310687,1 to 2 Family,Building,New Construction,155000,2211,1,Res.1&2 or Guest House,Res.1&2 or Guest House,100000_plus,1,nonzero,Res.1&2 or Guest House,Res.1&2 or Guest House,0,,not_applicable,knn,
PRFH20250310696,1 to 2 Family,Building,New Construction,275000,2130,1,Res.1&2 or Guest House,Res.1&2 or Guest House,100000_plus,1,nonzero,Res.1&2 or Guest House,Res.1&2 or Guest House,0,,not_applicable,knn,
PRFH20250310720,1 to 2 Family,Building,New Construction,259387,4399,1,Res.1&2 or Guest House,Res.1&2 or Guest House,100000_plus,1,nonzero,Res.1&2 or Guest House,Res.1&2 or Guest House,0,,not_applicable,knn,
PRFH20250310726,1 to 2 Family,Building,New Construction,236219,3509,1,Res.1&2 or Guest House,Res.1&2 or Guest House,100000_plus,1,nonzero,Res.1&2 or Guest House,Res.1&2 or Guest House,0,,not_applicable,knn,
PRFH20250310729,1 to 2 Family,Building,Alteration/Remodel,10000,4455,1,Res.1&2 or Guest House,Res.1&2 or Guest House,10000_99999,1,nonzero,Res.1&2 or Guest House,Res.1&2 or Guest House,0,,not_applicable,knn,
PRFH20250310740,1 to 2 Family,Building,New Construction,186970,2456,1,Res.1&2 or Guest House,Res.1&2 or Guest House,100000_plus,1,nonzero,Res.1&2 or Guest House,Res.1&2 or Guest House,0,,not_applicable,knn,
PRFH20250310743,1 to 2 Family,Building,New Construction,186970,2456,1,Res.1&2 or Guest House,Res.1&2 or Guest House,100000_plus,1,nonzero,Res.1&2 or Guest House,Res.1&2 or Guest House,0,,not_applicable,knn,
PRFH20250310849,1 to 2 Family,Building,Alteration/Remodel,25900,1775,1,Res.1&2 or Guest House,Res.1&2 or Guest House,10000_99999,1,nonzero,Res.1&2 or Guest House,Res.1&2 or Guest House,0,,not_applicable,knn,
PRFH20250310886,1 to 2 Family,Building,Alteration/Remodel,60344,2469,1,Res.1&2 or Guest House,Res.1&2 or Guest House,10000_99999,1,nonzero,Res.1&2 or Guest House,Res.1&2 or Guest House,0,,not_applicable,knn,
PRFH20250310907,1 to 2 Family,Building,New Construction,150000,4516,1,Res.1&2 or Guest House,Res.1&2 or Guest House,100000_plus,1,nonzero,Res.1&2 or Guest House,,1,Res.1&2 or Guest House,knn,knn,1.0
PRFH20250310923,1 to 2 Family,Building,Alteration/Remodel,19000,2524,1,Res.1&2 or Guest House,Res.1&2 or Guest House,10000_99999,1,nonzero,Res.1&2 or Guest House,Res.1&2 or Guest House,0,,not_applicable,knn,
PRFH20250310932,1 to 2 Family,Building,Alteration/Remodel,337523.6,0,1,Res.1&2 or Guest House,Res.1&2 or Guest House,100000_plus,1,zero,Res.1&2 or Guest House,Res.1&2 or Guest House,0,,not_applicable,knn,
PRFH20250310935,1 to 2 Family,Building,Alteration/Remodel,5053,0,1,Res.1&2 or Guest House,Res.1&2 or Guest House,1000_9999,1,zero,Res.1&2 or Guest House,Res.1&2 or Guest House,0,,not_applicable,knn,
PRFH20250310945,1 to 2 Family,Building,New Construction,180000,2690,1,Res.1&2 or Guest House,Res.1&2 or Guest House,100000_plus,1,nonzero,Res.1&2 or Guest House,Res.1&2 or Guest House,0,,not_applicable,knn,
PRFH20250310961,1 to 2 Family,Building,Alteration/Remodel,75000,3869,1,Res.1&2 or Guest House,Res.1&2 or Guest House,10000_99999,1,nonzero,Res.1&2 or Guest House,Res.1&2 or Guest House,0,,not_applicable,knn,
PRFH20250310977,1 to 2 Family,Building,New Construction,285000,2936,1,Res.1&2 or Guest House,Res.1&2 or Guest House,100000_plus,1,nonzero,Res.1&2 or Guest House,,1,Res.1&2 or Guest House,knn,knn,1.0
PRFH20250310999,1 to 2 Family,Building,Alteration/Remodel,42413.24,386,1,Res.1&2 or Guest House,Res.1&2 or Guest House,10000_99999,1,nonzero,Res.1&2 or Guest House,,1,Res.1&2 or Guest House,knn,knn,1.0
PRFH20250311007,1 to 2 Family,Building,New Construction,200000,2398,1,Res.1&2 or Guest House,Res.1&2 or Guest House,100000_plus,1,nonzero,Res.1&2 or Guest House,Res.1&2 or Guest House,0,,not_applicable,knn,
PRFH20250311056,1 to 2 Family,Building,Alteration/Remodel,2300,1262,1,Res.1&2 or Guest House,Res.1&2 or Guest House,1000_9999,1,nonzero,Res.1&2 or Guest House,Res.1&2 or Guest House,0,,not_applicable,knn,
PRFH20250311124,1 to 2 Family,Building,Alteration/Remodel,16000,76,1,Res.1&2 or Guest House,Res.1&2 or Guest House,10000_99999,1,nonzero,Res.1&2 or Guest House,Res.1&2 or Guest House,0,,not_applicable,knn,
PRFH20250311125,1 to 2 Family,Building,Alteration/Remodel,2500,84,0,Res.1&2 or Guest House,Res.1&2 or Guest House,1000_9999,0,nonzero,Res.1&2 or Guest House,Res.1&2 or Guest House,0,,not_applicable,knn,
PRFH20250311135,1 to 2 Family,Building,Alteration/Remodel,55000,300,1,Res.1&2 or Guest House,Res.1&2 or Guest House,10000_99999,1,nonzero,Res.1&2 or Guest House,Res.1&2 or Guest House,0,,not_applicable,knn,
PRFH20250311279,1 to 2 Family,Building,Alteration/Remodel,7500,0,1,Res.1&2 or Guest House,Res.1&2 or Guest House,1000_9999,1,zero,Res.1&2 or Guest House,Res.1&2 or Guest House,0,,not_applicable,knn,
PRFH20250311320,1 to 2 Family,Building,Alteration/Remodel,12500,272,1,Res.1&2 or Guest House,Res.1&2 or Guest House,10000_99999,1,nonzero,Res.1&2 or Guest House,Res.1&2 or Guest House,0,,not_applicable,knn,
PRFH20250311366,1 to 2 Family,Building,New Construction,175000,1903,1,Res.1&2 or Guest House,Res.1&2 or Guest House,100000_plus,1,nonzero,Res.1&2 or Guest House,Res.1&2 or Guest House,0,,not_applicable,knn,
PRFH20250311389,1 to 2 Family,Building,Alteration/Remodel,15000,30,1,Res.1&2 or Guest House,Res.1&2 or Guest House,10000_99999,1,nonzero,Res.1&2 or Guest House,,1,Res.1&2 or Guest House,knn,knn,1.0
PRFH20250311406,1 to 2 Family,Building,Alteration/Remodel,95000,1983,1,Res.1&2 or Guest House,Res.1&2 or Guest House,10000_99999,1,nonzero,Res.1&2 or Guest House,Res.1&2 or Guest House,0,,not_applicable,knn,
PRFH20250311434,1 to 2 Family,Building,Addition,9000,56,1,Res.1&2 or Guest House,Res.1&2 or Guest House,1000_9999,1,nonzero,Res.1&2 or Guest House,Res.1&2 or Guest House,0,,not_applicable,knn,
PRFH20250311437,1 to 2 Family,Building,New Construction,225000,4251,1,Res.1&2 or Guest House,Res.1&2 or Guest House,100000_plus,1,nonzero,Res.1&2 or Guest House,Res.1&2 or Guest House,0,,not_applicable,knn,
PRFH20250311445,1 to 2 Family,Building,New Construction,225000,3958,1,Res.1&2 or Guest House,Res.1&2 or Guest House,100000_plus,1,nonzero,Res.1&2 or Guest House,Res.1&2 or Guest House,0,,not_applicable,knn,
PRFH20250311457,1 to 2 Family,Building,New Construction,225000,3958,1,Res.1&2 or Guest House,Res.1&2 or Guest House,100000_plus,1,nonzero,Res.1&2 or Guest House,Res.1&2 or Guest House,0,,not_applicable,knn,
PRFH20250311535,1 to 2 Family,Building,Alteration/Remodel,80661,550,1,Res.1&2 or Guest House,Res.1&2 or Guest House,10000_99999,1,nonzero,Res.1&2 or Guest House,Res.1&2 or Guest House,0,,not_applicable,knn,
PRFH20250311575,1 to 2 Family,Building,Alteration/Remodel,985000,0,1,Res.1&2 or Guest House,Res.1&2 or Guest House,100000_plus,1,zero,Res.1&2 or Guest House,Res.1&2 or Guest House,0,,not_applicable,knn,
PRFH20250311608,1 to 2 Family,Building,New Construction,186970,2456,1,Res.1&2 or Guest House,Res.1&2 or Guest House,100000_plus,1,nonzero,Res.1&2 or Guest House,,1,Res.1&2 or Guest House,knn,knn,1.0
PRFH20250311612,1 to 2 Family,Building,New Construction,186970,2479,1,Res.1&2 or Guest House,Res.1&2 or Guest House,100000_plus,1,nonzero,Res.1&2 or Guest House,Res.1&2 or Guest House,0,,not_applicable,knn,
PRFH20250311682,1 to 2 Family,Building,Alteration/Remodel,55000,2913,1,Res.1&2 or Guest House,Res.1&2 or Guest House,10000_99999,1,nonzero,Res.1&2 or Guest House,Res.1&2 or Guest House,0,,not_applicable,knn,
PRFH20250311691,1 to 2 Family,Building,New Construction,225000,2855,1,Res.1&2 or Guest House,Res.1&2 or Guest House,100000_plus,1,nonzero,Res.1&2 or Guest House,,1,Res.1&2 or Guest House,knn,knn,1.0
PRFH20250311698,1 to 2 Family,Building,Alteration/Remodel,47000,4012,1,Res.1&2 or Guest House,Res.1&2 or Guest House,10000_99999,1,nonzero,Res.1&2 or Guest House,Res.1&2 or Guest House,0,,not_applicable,knn,
PRFH20250311828,1 to 2 Family,Building,Alteration/Remodel,8276,0,1,Res.1&2 or Guest House,Res.1&2 or Guest House,1000_9999,1,zero,Res.1&2 or Guest House,Res.1&2 or Guest House,0,,not_applicable,knn,
PRFH20250311839,1 to 2 Family,Building,New Construction,175000,2680,1,Res.1&2 or Guest House,Res.1&2 or Guest House,100000_plus,1,nonzero,Res.1&2 or Guest House,Res.1&2 or Guest House,0,,not_applicable,knn,
PRFH20250311842,1 to 2 Family,Building,Alteration/Remodel,22000,246,1,Res.1&2 or Guest House,Res.1&2 or Guest House,10000_99999,1,nonzero,Res.1&2 or Guest House,Res.1&2 or Guest House,0,,not_applicable,knn,
PRFH20250311844,1 to 2 Family,Building,Alteration/Remodel,300000,650,1,Res.1&2 or Guest House,Res.1&2 or Guest House,100000_plus,1,nonzero,Res.1&2 or Guest House,Res.1&2 or Guest House,0,,not_applicable,knn,
PRFH20250311847,1 to 2 Family,Building,New Construction,175000,2547,1,Res.1&2 or Guest House,Res.1&2 or Guest House,100000_plus,1,nonzero,Res.1&2 or Guest House,Res.1&2 or Guest House,0,,not_applicable,knn,
PRFH20250311849,1 to 2 Family,Building,Alteration/Remodel,22958.41,0,1,Res.1&2 or Guest House,Res.1&2 or Guest House,10000_99999,1,zero,Res.1&2 or Guest House,Res.1&2 or Guest House,0,,not_applicable,knn,
PRFH20250311862,1 to 2 Family,Building,Alteration/Remodel,37112,2349,1,Res.1&2 or Guest House,Res.1&2 or Guest House,10000_99999,1,nonzero,Res.1&2 or Guest House,Res.1&2 or Guest House,0,,not_applicable,knn,
PRFH20250311877,1 to 2 Family,Building,Alteration/Remodel,9000,0,1,Res.1&2 or Guest House,Res.1&2 or Guest House,1000_9999,1,zero,Res.1&2 or Guest House,Res.1&2 or Guest House,0,,not_applicable,knn,
PRFH20250311887,1 to 2 Family,Building,Alteration/Remodel,9500,2950,1,Res.1&2 or Guest House,Res.1&2 or Guest House,1000_9999,1,nonzero,Res.1&2 or Guest House,Res.1&2 or Guest House,0,,not_applicable,knn,
PRFH20250311935,1 to 2 Family,Building,Alteration/Remodel,31000,200,1,Res.1&2 or Guest House,Res.1&2 or Guest House,10000_99999,1,nonzero,Res.1&2 or Guest House,Res.1&2 or Guest House,0,,not_applicable,knn,
PRFH20250311959,1 to 2 Family,Building,Alteration/Remodel,19747.259999999998,0,1,Res.1&2 or Guest House,Res.1&2 or Guest House,10000_99999,1,zero,Res.1&2 or Guest House,Res.1&2 or Guest House,0,,not_applicable,knn,
PRFH20250311979,1 to 2 Family,Building,New Construction,300000,1270,1,Res.1&2 or Guest House,Res.1&2 or Guest House,100000_plus,1,nonzero,Res.1&2 or Guest House,Res.1&2 or Guest House,0,,not_applicable,knn,
PRFH20250311980,1 to 2 Family,Building,Alteration/Remodel,20000,3187,1,Res.1&2 or Guest House,Res.1&2 or Guest House,10000_99999,1,nonzero,Res.1&2 or Guest House,Res.1&2 or Guest House,0,,not_applicable,knn,
PRFH20250311980,1 to 2 Family,Revision - Building,Alteration/Remodel,29000,0,1,Res.1&2 or Guest House,Res.1&2 or Guest House,10000_99999,1,zero,Res.1&2 or Guest House,Res.1&2 or Guest House,0,,not_applicable,knn,
PRFH20250312006,1 to 2 Family,Building,Alteration/Remodel,1500,486,1,Res.1&2 or Guest House,Res.1&2 or Guest House,1000_9999,1,nonzero,Res.1&2 or Guest House,Res.1&2 or Guest House,0,,not_applicable,knn,
PRFH20250312035,1 to 2 Family,Building,Alteration/Remodel,7500,0,1,Res.1&2 or Guest House,Res.1&2 or Guest House,1000_9999,1,zero,Res.1&2 or Guest House,,1,Res.1&2 or Guest House,knn,knn,1.0
PRFH20250312097,1 to 2 Family,Building,Alteration/Remodel,19150,600,1,Res.1&2 or Guest House,Res.1&2 or Guest House,10000_99999,1,nonzero,Res.1&2 or Guest House,Res.1&2 or Guest House,0,,not_applicable,knn,
PRFH20250312294,1 to 2 Family,Building,Alteration/Remodel,23700,4031,1,Res.1&2 or Guest House,Res.1&2 or Guest House,10000_99999,1,nonzero,Res.1&2 or Guest House,,1,Res.1&2 or Guest House,knn,knn,1.0
PRFH20250312335,1 to 2 Family,Building,Alteration/Remodel,9500,2443,1,Res.1&2 or Guest House,Res.1&2 or Guest House,1000_9999,1,nonzero,Res.1&2 or Guest House,,1,Res.1&2 or Guest House,knn,knn,1.0
PRFH20250312407,1 to 2 Family,Building,New Construction,150000,2316,1,Res.1&2 or Guest House,Res.1&2 or Guest House,100000_plus,1,nonzero,Res.1&2 or Guest House,Res.1&2 or Guest House,0,,not_applicable,knn,
PRFH20250312477,1 to 2 Family,Building,Alteration/Remodel,10900,2265,1,Res.1&2 or Guest House,Res.1&2 or Guest House,10000_99999,1,nonzero,Res.1&2 or Guest House,Res.1&2 or Guest House,0,,not_applicable,knn,
PRFH20250312516,1 to 2 Family,Building,New Construction,315000,2091,1,Res.1&2 or Guest House,Res.1&2 or Guest House,100000_plus,1,nonzero,Res.1&2 or Guest House,Res.1&2 or Guest House,0,,not_applicable,knn,
PRFH20250312551,1 to 2 Family,Building,Alteration/Remodel,300000,11904,1,Res.1&2 or Guest House,Res.1&2 or Guest House,100000_plus,1,nonzero,Res.1&2 or Guest House,,1,Res.1&2 or Guest House,knn,knn,1.0
PRFH20250312682,1 to 2 Family,Building,Alteration/Remodel,30000,150,1,Res.1&2 or Guest House,Res.1&2 or Guest House,10000_99999,1,nonzero,Res.1&2 or Guest House,Res.1&2 or Guest House,0,,not_applicable,knn,
PRFH20250312694,1 to 2 Family,Building,Alteration/Remodel,5000,0,1,Res.1&2 or Guest House,Res.1&2 or Guest House,1000_9999,1,zero,Res.1&2 or Guest House,Res.1&2 or Guest House,0,,not_applicable,knn,
PRFH20250312696,1 to 2 Family,Building,New Construction,225000,3954,1,Res.1&2 or Guest House,Res.1&2 or Guest House,100000_plus,1,nonzero,Res.1&2 or Guest House,Res.1&2 or Guest House,0,,not_applicable,knn,
PRFH20250312701,1 to 2 Family,Building,New Construction,225000,5061,1,Res.1&2 or Guest House,Res.1&2 or Guest House,100000_plus,1,nonzero,Res.1&2 or Guest House,Res.1&2 or Guest House,0,,not_applicable,knn,
PRFH20250312705,1 to 2 Family,Building,New Construction,225000,2855,1,Res.1&2 or Guest House,Res.1&2 or Guest House,100000_plus,1,nonzero,Res.1&2 or Guest House,Res.1&2 or Guest House,0,,not_applicable,knn,
PRFH20250312727,1 to 2 Family,Building,New Construction,350000,3150,1,Res.1&2 or Guest House,Res.1&2 or Guest House,100000_plus,1,nonzero,Res.1&2 or Guest House,Res.1&2 or Guest House,0,,not_applicable,knn,
PRFH20250312731,1 to 2 Family,Building,Alteration/Remodel,27000,500,1,Res.1&2 or Guest House,Res.1&2 or Guest House,10000_99999,1,nonzero,Res.1&2 or Guest House,Res.1&2 or Guest House,0,,not_applicable,knn,
PRFH20250312821,1 to 2 Family,Building,Alteration/Remodel,4800,0,1,Res.1&2 or Guest House,Res.1&2 or Guest House,1000_9999,1,zero,Res.1&2 or Guest House,Res.1&2 or Guest House,0,,not_applicable,knn,
PRFH20250312822,1 to 2 Family,Building,Alteration/Remodel,4800,0,6,Res.1&2 or Guest House,Res.1&2 or Guest House,1000_9999,gt1,zero,Res.1&2 or Guest House,Res.1&2 or Guest House,0,,not_applicable,knn,
PRFH20250312823,1 to 2 Family,Building,Alteration/Remodel,4800,0,6,Res.1&2 or Guest House,Res.1&2 or Guest House,1000_9999,gt1,zero,Res.1&2 or Guest House,Res.1&2 or Guest House,0,,not_applicable,knn,
PRFH20250312944,1 to 2 Family,Building,Alteration/Remodel,4000,0,97,Res.1&2 or Guest House,Res.1&2 or Guest House,1000_9999,gt1,zero,Res.1&2 or Guest House,Res.1&2 or Guest House,0,,not_applicable,knn,
PRFH20250312946,1 to 2 Family,Building,Alteration/Remodel,6500,1565,1,Res.1&2 or Guest House,Res.1&2 or Guest House,1000_9999,1,nonzero,Res.1&2 or Guest House,Res.1&2 or Guest House,0,,not_applicable,knn,
PRFH20250312998,1 to 2 Family,Building,New Construction,216000,3087,1,Res.1&2 or Guest House,Res.1&2 or Guest House,100000_plus,1,nonzero,Res.1&2 or Guest House,Res.1&2 or Guest House,0,,not_applicable,knn,
PRFH20250313082,1 to 2 Family,Building,New Construction,178000,2539,1,Res.1&2 or Guest House,Res.1&2 or Guest House,100000_plus,1,nonzero,Res.1&2 or Guest House,Res.1&2 or Guest House,0,,not_applicable,knn,
PRFH20250313085,1 to 2 Family,Building,New Construction,155000,2211,1,Res.1&2 or Guest House,Res.1&2 or Guest House,100000_plus,1,nonzero,Res.1&2 or Guest House,Res.1&2 or Guest House,0,,not_applicable,knn,
PRFH20250313093,1 to 2 Family,Building,New Construction,178000,2539,1,Res.1&2 or Guest House,Res.1&2 or Guest House,100000_plus,1,nonzero,Res.1&2 or Guest House,Res.1&2 or Guest House,0,,not_applicable,knn,
PRFH20250313095,1 to 2 Family,Building,New Construction,155000,2211,1,Res.1&2 or Guest House,Res.1&2 or Guest House,100000_plus,1,nonzero,Res.1&2 or Guest House,Res.1&2 or Guest House,0,,not_applicable,knn,
PRFH20250313100,1 to 2 Family,Building,New Construction,225000,2855,1,Res.1&2 or Guest House,Res.1&2 or Guest House,100000_plus,1,nonzero,Res.1&2 or Guest House,Res.1&2 or Guest House,0,,not_applicable,knn,
PRFH20250313102,1 to 2 Family,Building,New Construction,225000,3954,1,Res.1&2 or Guest House,Res.1&2 or Guest House,100000_plus,1,nonzero,Res.1&2 or Guest House,Res.1&2 or Guest House,0,,not_applicable,knn,
PRFH20250313135,1 to 2 Family,Building,Alteration/Remodel,30000,126,0,Res.1&2 or Guest House,Res.1&2 or Guest House,10000_99999,0,nonzero,Res.1&2 or Guest House,,1,Res.1&2 or Guest House,knn,knn,1.0
PRFH20250313530,1 to 2 Family,Building,Alteration/Remodel,34612,250,1,Res.1&2 or Guest House,Res.1&2 or Guest House,10000_99999,1,nonzero,Res.1&2 or Guest House,,1,Res.1&2 or Guest House,knn,knn,1.0
PRFH20250413652,1 to 2 Family,Building,New Construction,212449,3392,1,Res.1&2 or Guest House,Res.1&2 or Guest House,100000_plus,1,nonzero,Res.1&2 or Guest House,Res.1&2 or Guest House,0,,not_applicable,knn,
PRFH20250413666,1 to 2 Family,Building,New Construction,212449,3489,1,Res.1&2 or Guest House,Res.1&2 or Guest House,100000_plus,1,nonzero,Res.1&2 or Guest House,,1,Res.1&2 or Guest House,knn,knn,1.0
PRFH20250413791,1 to 2 Family,Building,Alteration/Remodel,12000,1400,1,Res.1&2 or Guest House,Res.1&2 or Guest House,10000_99999,1,nonzero,Res.1&2 or Guest House,Res.1&2 or Guest House,0,,not_applicable,knn,
PRFH20250413832,1 to 2 Family,Building,Alteration/Remodel,55000,200,1,Res.1&2 or Guest House,Res.1&2 or Guest House,10000_99999,1,nonzero,Res.1&2 or Guest House,Res.1&2 or Guest House,0,,not_applicable,knn,
PRFH20250413916,1 to 2 Family,Building,Alteration/Remodel,41590,6638,1,Res.1&2 or Guest House,Res.1&2 or Guest House,10000_99999,1,nonzero,Res.1&2 or Guest House,Res.1&2 or Guest House,0,,not_applicable,knn,
PRFH20250413933,1 to 2 Family,Building,Alteration/Remodel,225000,1090,1,Res.1&2 or Guest House,Res.1&2 or Guest House,100000_plus,1,nonzero,Res.1&2 or Guest House,,1,Res.1&2 or Guest House,knn,knn,1.0
PRFH20250413988,1 to 2 Family,Building,Alteration/Remodel,25000,200,1,Res.1&2 or Guest House,Res.1&2 or Guest House,10000_99999,1,nonzero,Res.1&2 or Guest House,Res.1&2 or Guest House,0,,not_applicable,knn,
PRFH20250414003,1 to 2 Family,Building,Alteration/Remodel,50000,500,1,Res.1&2 or Guest House,Res.1&2 or Guest House,10000_99999,1,nonzero,Res.1&2 or Guest House,Res.1&2 or Guest House,0,,not_applicable,knn,
PRFH20250414217,1 to 2 Family,Building,Alteration/Remodel,45000,100,1,Res.1&2 or Guest House,Res.1&2 or Guest House,10000_99999,1,nonzero,Res.1&2 or Guest House,Res.1&2 or Guest House,0,,not_applicable,knn,
PRFH20250414612,1 to 2 Family,Building,Alteration/Remodel,4900,0,1,Res.1&2 or Guest House,Res.1&2 or Guest House,1000_9999,1,zero,Res.1&2 or Guest House,Res.1&2 or Guest House,0,,not_applicable,knn,
PRFH20250414846,1 to 2 Family,Building,New Construction,225000,3954,1,Res.1&2 or Guest House,Res.1&2 or Guest House,100000_plus,1,nonzero,Res.1&2 or Guest House,Res.1&2 or Guest House,0,,not_applicable,knn,
PRFH20250415503,1 to 2 Family,Building,Alteration/Remodel,15500,57,1,Res.1&2 or Guest House,Res.1&2 or Guest House,10000_99999,1,nonzero,Res.1&2 or Guest House,Res.1&2 or Guest House,0,,not_applicable,knn,
PRFH20250415517,1 to 2 Family,Building,Alteration/Remodel,74600,400,1,Res.1&2 or Guest House,Res.1&2 or Guest House,10000_99999,1,nonzero,Res.1&2 or Guest House,Res.1&2 or Guest House,0,,not_applicable,knn,
PRFH20250415520,1 to 2 Family,Building,Alteration/Remodel,104777,180,1,Res.1&2 or Guest House,Res.1&2 or Guest House,100000_plus,1,nonzero,Res.1&2 or Guest House,Res.1&2 or Guest House,0,,not_applicable,knn,
PRFH20250415536,1 to 2 Family,Building,Alteration/Remodel,75500,180,1,Res.1&2 or Guest House,Res.1&2 or Guest House,10000_99999,1,nonzero,Res.1&2 or Guest House,,1,Res.1&2 or Guest House,knn,knn,1.0
PRFH20250415637,1 to 2 Family,Building,Alteration/Remodel,71886,180,1,Res.1&2 or Guest House,Res.1&2 or Guest House,10000_99999,1,nonzero,Res.1&2 or Guest House,Res.1&2 or Guest House,0,,not_applicable,knn,
PRFH20250415643,1 to 2 Family,Building,Alteration/Remodel,155000,180,1,Res.1&2 or Guest House,Res.1&2 or Guest House,100000_plus,1,nonzero,Res.1&2 or Guest House,Res.1&2 or Guest House,0,,not_applicable,knn,
PRFH20250415844,1 to 2 Family,Building,Alteration/Remodel,25000,1900,1,Res.1&2 or Guest House,Res.1&2 or Guest House,10000_99999,1,nonzero,Res.1&2 or Guest House,,1,Res.1&2 or Guest House,knn,knn,1.0
PRFH20250416173,1 to 2 Family,Building,Alteration/Remodel,8500,3000,1,Res.1&2 or Guest House,Res.1&2 or Guest House,1000_9999,1,nonzero,Res.1&2 or Guest House,Res.1&2 or Guest House,0,,not_applicable,knn,
PRFH20250416200,1 to 2 Family,Building,Alteration/Remodel,235000,3582,1,Res.1&2 or Guest House,Res.1&2 or Guest House,100000_plus,1,nonzero,Res.1&2 or Guest House,Res.1&2 or Guest House,0,,not_applicable,knn,
PRFH20250416272,1 to 2 Family,Building,Alteration/Remodel,325000,1550,1,Res.1&2 or Guest House,Res.1&2 or Guest House,100000_plus,1,nonzero,Res.1&2 or Guest House,,1,Res.1&2 or Guest House,knn,knn,1.0
PRFH20250416414,1 to 2 Family,Building,Alteration/Remodel,25732,66,1,Res.1&2 or Guest House,Res.1&2 or Guest House,10000_99999,1,nonzero,Res.1&2 or Guest House,Res.1&2 or Guest House,0,,not_applicable,knn,
PRFR20160307008,Commercial,Revision - FIRE,Alteration/Remodel,50,0,1,Residential-Multi-Family,Residential-Multi-Family,2_999,1,zero,Residential-Multi-Family,,1,Residential-Multi-Family,knn,knn,1.0
PRFR20190415761,Commercial,Revision - FIRE,Alteration/Remodel,3300,0,1,Residential-Multi-Family,Residential-Multi-Family,1000_9999,1,zero,Residential-Multi-Family,Residential-Multi-Family,0,,not_applicable,knn,
PRFR20211258992,Commercial,Revision - FIRE,New Construction,1,0,0,Commercial,Commercial,le_1,0,zero,Commercial,,1,Commercial,knn,knn,0.585786437626905
PRFR20220733451,Commercial,Revision - FIRE,Alteration/Remodel,0.01,0,0,Residential-Multi-Family,Residential-Multi-Family,le_1,0,zero,Residential-Multi-Family,,1,Commercial,knn,knn,0.8
PRFR20230729836,Commercial,Revision - FIRE,Addition,0.01,0,0,Commercial,Commercial,le_1,0,zero,Commercial,,1,Commercial,knn,knn,1.0
PRFR20230939770,Commercial,Revision - FIRE,Alteration/Remodel,1,0,1,Residential-Multi-Family,Residential-Multi-Family,le_1,1,zero,Residential-Multi-Family,Residential-Multi-Family,0,,not_applicable,knn,
PRFR20231148079,Commercial,Revision - FIRE,Alteration/Remodel,50,0,1,Residential-Multi-Family,Residential-Multi-Family,2_999,1,zero,Residential-Multi-Family,Residential-Multi-Family,0,,not_applicable,knn,
PRFR20231148949,Commercial,Revision - FIRE,Alteration/Remodel,50,0,1,Residential-Multi-Family,Residential-Multi-Family,2_999,1,zero,Residential-Multi-Family,Residential-Multi-Family,0,,not_applicable,knn,
PRFR20231148953,Commercial,Revision - FIRE,Alteration/Remodel,50,0,1,Residential-Multi-Family,Residential-Multi-Family,2_999,1,zero,Residential-Multi-Family,Residential-Multi-Family,0,,not_applicable,knn,
PRFR20231251780,Commercial,Revision - FIRE,Alteration/Remodel,1,0,1,Commercial,Commercial,le_1,1,zero,Commercial,Commercial,0,,not_applicable,knn,
PRFR20231251955,Commercial,Revision - FIRE,Alteration/Remodel,11000,0,1,Commercial,Commercial,10000_99999,1,zero,Commercial,Commercial,0,,not_applicable,knn,
PRFR20240101107,Commercial,Revision - FIRE,Alteration/Remodel,450,0,1,Commercial,Commercial,2_999,1,zero,Commercial,,1,Residential-Multi-Family,knn,knn,1.0
PRFR20240204441,Commercial,Fire Alarms,Alteration/Remodel,258050,0,1,Commercial,Commercial,100000_plus,1,zero,Commercial,Commercial,0,,not_applicable,knn,
PRFR20240204809,Commercial,Revision - FIRE,Alteration/Remodel,1,0,1,Commercial,Commercial,le_1,1,zero,Commercial,Commercial,0,,not_applicable,knn,
PRFR20240206000,Commercial,Revision - FIRE,Alteration/Remodel,1,0,1,Commercial,Commercial,le_1,1,zero,Commercial,,1,Commercial,knn,knn,0.6
PRFR20240624975,Commercial,Revision - FIRE,Alteration/Remodel,2977.23,0,1,Commercial,Commercial,1000_9999,1,zero,Commercial,Commercial,0,,not_applicable,knn,
PRFR20240627212,Commercial,Revision - FIRE,Alteration/Remodel,0.01,0,1,Not Identified,,le_1,1,zero,,,0,,not_applicable,knn,
PRFR20240627274,Commercial,Revision - FIRE,Alteration/Remodel,0.01,0,1,Not Identified,,le_1,1,zero,,,0,,not_applicable,knn,
PRFR20240727920,Commercial,Revision - FIRE,Alteration/Remodel,1,0,1,Commercial,Commercial,le_1,1,zero,Commercial,Commercial,0,,not_applicable,knn,
PRFR20240728830,Commercial,Revision - FIRE,Alteration/Remodel,1,0,1,Commercial,Commercial,le_1,1,zero,Commercial,Commercial,0,,not_applicable,knn,
PRFR20240728834,Commercial,Revision - FIRE,Alteration/Remodel,1,0,1,Commercial,Commercial,le_1,1,zero,Commercial,Commercial,0,,not_applicable,knn,
PRFR20240835685,Commercial,Revision - FIRE,Alteration/Remodel,1,0,1,Not Identified,,le_1,1,zero,,,0,,not_applicable,knn,
PRFR20240937643,Commercial,Revision - FIRE,Addition,800,0,1,Commercial,Commercial,2_999,1,zero,Commercial,Commercial,0,,not_applicable,knn,
PRFR20240938144,Commercial,Fire Alarm Monitoring,Addition,2000,0,1,Commercial,Commercial,1000_9999,1,zero,Commercial,Commercial,0,,not_applicable,knn,
PRFR20240938593,Commercial,Revision - FIRE,Addition,1,0,0,Commercial,Commercial,le_1,0,zero,Commercial,Commercial,0,,not_applicable,knn,
PRFR20240938593,Commercial,Revision - FIRE,Addition,1,0,0,Commercial,Commercial,le_1,0,zero,Commercial,,1,Commercial,knn,knn,1.0
PRFR20240939660,Commercial,Revision - FIRE,Alteration/Remodel,500,0,0,Commercial,Commercial,2_999,0,zero,Commercial,Commercial,0,,not_applicable,knn,
PRFR20241144196,Commercial,Revision - FIRE,Alteration/Remodel,1,0,1,Commercial,Commercial,le_1,1,zero,Commercial,Commercial,0,,not_applicable,knn,
PRFR20241248466,Commercial,Fire Sprinkler Systems,Alteration/Remodel,4900,0,1,Commercial,Commercial,1000_9999,1,zero,Commercial,Commercial,0,,not_applicable,knn,
PRFR20250101742,Commercial,Fire Alarms,Alteration/Remodel,4855,0,1,Residential-Multi-Family,Residential-Multi-Family,1000_9999,1,zero,Residential-Multi-Family,Residential-Multi-Family,0,,not_applicable,knn,
PRFR20250102043,Commercial,Revision - FIRE,Alteration/Remodel,1,0,1,Commercial,Commercial,le_1,1,zero,Commercial,Commercial,0,,not_applicable,knn,
PRFR20250102064,Commercial,Revision - FIRE,Addition,53462,0,1,Commercial,Commercial,10000_99999,1,zero,Commercial,Commercial,0,,not_applicable,knn,
PRFR20250103763,Commercial,Fire Alarms,Alteration/Remodel,500000,0,1,Residential-Multi-Family,Residential-Multi-Family,100000_plus,1,zero,Residential-Multi-Family,Residential-Multi-Family,0,,not_applicable,knn,
PRFR20250205562,Commercial,Fossil Fuel Storage Systems,Alteration/Remodel,105161,0,1,Not Identified,,100000_plus,1,zero,,,0,,not_applicable,knn,
PRFR20250206009,Commercial,Fire Sprinkler Systems,Alteration/Remodel,8000,0,1,Commercial,Commercial,1000_9999,1,zero,Commercial,,1,Commercial,knn,knn,0.75
PRFR20250206594,Commercial,Revision - FIRE,Alteration/Remodel,1,0,1,Residential-Multi-Family,Residential-Multi-Family,le_1,1,zero,Residential-Multi-Family,Residential-Multi-Family,0,,not_applicable,knn,
PRFR20250206599,Commercial,Revision - FIRE,Addition,1,0,1,Residential-Multi-Family,Residential-Multi-Family,le_1,1,zero,Residential-Multi-Family,Residential-Multi-Family,0,,not_applicable,knn,
PRFR20250206689,Commercial,Fire Alarms,Alteration/Remodel,398638.03,0,1,Residential-Multi-Family,Residential-Multi-Family,100000_plus,1,zero,Residential-Multi-Family,Residential-Multi-Family,0,,not_applicable,knn,
PRFR20250208658,Commercial,Revision - FIRE,Addition,600,0,1,Residential-Multi-Family,Residential-Multi-Family,2_999,1,zero,Residential-Multi-Family,Residential-Multi-Family,0,,not_applicable,knn,
PRFR20250208658,Commercial,Fire Alarms,Addition,4500,0,1,Residential-Multi-Family,Residential-Multi-Family,1000_9999,1,zero,Residential-Multi-Family,Residential-Multi-Family,0,,not_applicable,knn,
PRFR20250208660,Commercial,Revision - FIRE,Addition,600,0,1,Residential-Multi-Family,Residential-Multi-Family,2_999,1,zero,Residential-Multi-Family,Residential-Multi-Family,0,,not_applicable,knn,
PRFR20250208660,Commercial,Fire Alarms,Addition,4500,0,1,Residential-Multi-Family,Residential-Multi-Family,1000_9999,1,zero,Residential-Multi-Family,Residential-Multi-Family,0,,not_applicable,knn,
PRFR20250208692,Commercial,Revision - FIRE,Addition,400,0,1,Residential-Multi-Family,Residential-Multi-Family,2_999,1,zero,Residential-Multi-Family,Residential-Multi-Family,0,,not_applicable,knn,
PRFR20250208692,Commercial,Fire Alarms,Addition,4500,0,1,Residential-Multi-Family,Residential-Multi-Family,1000_9999,1,zero,Residential-Multi-Family,Residential-Multi-Family,0,,not_applicable,knn,
PRFR20250208695,Commercial,Revision - FIRE,Addition,600,0,1,Residential-Multi-Family,Residential-Multi-Family,2_999,1,zero,Residential-Multi-Family,,1,Residential-Multi-Family,knn,knn,0.8
PRFR20250208695,Commercial,Fire Alarms,Addition,4500,0,1,Residential-Multi-Family,Residential-Multi-Family,1000_9999,1,zero,Residential-Multi-Family,Residential-Multi-Family,0,,not_applicable,knn,
PRFR20250308728,Commercial,Revision - FIRE,Addition,100,0,1,Residential-Multi-Family,Residential-Multi-Family,2_999,1,zero,Residential-Multi-Family,Residential-Multi-Family,0,,not_applicable,knn,
PRFR20250308728,Commercial,Fire Alarms,Addition,4500,0,1,Residential-Multi-Family,Residential-Multi-Family,1000_9999,1,zero,Residential-Multi-Family,Residential-Multi-Family,0,,not_applicable,knn,
PRFR20250308730,Commercial,Revision - FIRE,Addition,1000,0,1,Residential-Multi-Family,Residential-Multi-Family,1000_9999,1,zero,Residential-Multi-Family,Residential-Multi-Family,0,,not_applicable,knn,
PRFR20250308730,Commercial,Fire Alarms,Addition,4500,0,1,Residential-Multi-Family,Residential-Multi-Family,1000_9999,1,zero,Residential-Multi-Family,Residential-Multi-Family,0,,not_applicable,knn,
PRFR20250309760,Commercial,Underground Fire Lines,Addition,25000,0,1,Residential-Multi-Family,Residential-Multi-Family,10000_99999,1,zero,Residential-Multi-Family,Residential-Multi-Family,0,,not_applicable,knn,
PRFR20250309982,Commercial,Fire Alarms,Alteration/Remodel,4890,0,1,Commercial,Commercial,1000_9999,1,zero,Commercial,Commercial,0,,not_applicable,knn,
PRFR20250310165,Commercial,Underground Fire Lines,Addition,30107.25,0,1,Residential-Multi-Family,Residential-Multi-Family,10000_99999,1,zero,Residential-Multi-Family,Residential-Multi-Family,0,,not_applicable,knn,
PRFR20250310172,Commercial,Underground Fire Lines,Addition,29710.3,0,1,Residential-Multi-Family,Residential-Multi-Family,10000_99999,1,zero,Residential-Multi-Family,Residential-Multi-Family,0,,not_applicable,knn,
PRFR20250310177,Commercial,Underground Fire Lines,Addition,29313.35,0,1,Residential-Multi-Family,Residential-Multi-Family,10000_99999,1,zero,Residential-Multi-Family,Residential-Multi-Family,0,,not_applicable,knn,
PRFR20250310180,Commercial,Underground Fire Lines,Addition,30107.25,0,1,Residential-Multi-Family,Residential-Multi-Family,10000_99999,1,zero,Residential-Multi-Family,Residential-Multi-Family,0,,not_applicable,knn,
PRFR20250310298,Commercial,Fire Alarms,Alteration/Remodel,10089,0,1,Residential-Multi-Family,Residential-Multi-Family,10000_99999,1,zero,Residential-Multi-Family,Residential-Multi-Family,0,,not_applicable,knn,
PRFR20250310325,Commercial,Fire Sprinkler Systems,Alteration/Remodel,18800,0,1,Residential-Multi-Family,Residential-Multi-Family,10000_99999,1,zero,Residential-Multi-Family,Residential-Multi-Family,0,,not_applicable,knn,
PRFR20250310350,Commercial,Fire Sprinkler Systems,Alteration/Remodel,48000,0,0,Commercial,Commercial,10000_99999,0,zero,Commercial,Commercial,0,,not_applicable,knn,
PRFR20250310567,Commercial,Fire Sprinkler Systems,Alteration/Remodel,75000,0,1,Commercial,Commercial,10000_99999,1,zero,Commercial,,1,Residential-Multi-Family,knn,knn,0.8
PRFR20250310591,Commercial,Fire Alarms,Alteration/Remodel,66700,0,1,Commercial,Commercial,10000_99999,1,zero,Commercial,Commercial,0,,not_applicable,knn,
PRFR20250310944,Commercial,Underground Fire Lines,Alteration/Remodel,20625,0,1,Residential-Multi-Family,Residential-Multi-Family,10000_99999,1,zero,Residential-Multi-Family,,1,Commercial,knn,knn,1.0
PRFR20250310964,Commercial,Fire Alarms,Alteration/Remodel,4000,0,1,Residential-Multi-Family,Residential-Multi-Family,1000_9999,1,zero,Residential-Multi-Family,Residential-Multi-Family,0,,not_applicable,knn,
PRFR20250311203,Commercial,Underground Fire Lines,Alteration/Remodel,58000,0,1,Commercial,Commercial,10000_99999,1,zero,Commercial,,1,Commercial,knn,knn,1.0
PRFR20250311326,Commercial,Fire Alarms,Alteration/Remodel,13000,0,1,Commercial,Commercial,10000_99999,1,zero,Commercial,Commercial,0,,not_applicable,knn,
PRFR20250311444,Commercial,Underground Fire Lines,Addition,95975.4,0,1,Commercial,Commercial,10000_99999,1,zero,Commercial,Commercial,0,,not_applicable,knn,
PRFR20250311516,Commercial,Fire Alarms,Alteration/Remodel,144585,0,1,Commercial,Commercial,100000_plus,1,zero,Commercial,Commercial,0,,not_applicable,knn,
PRFR20250311845,Commercial,Fire Alarms,Alteration/Remodel,15779.13,0,1,Commercial,Commercial,10000_99999,1,zero,Commercial,,1,Commercial,knn,knn,0.6
PRFR20250311889,Commercial,Fire Alarms,Addition,4900,0,1,Residential-Multi-Family,Residential-Multi-Family,1000_9999,1,zero,Residential-Multi-Family,Residential-Multi-Family,0,,not_applicable,knn,
PRFR20250311893,Commercial,Fire Alarms,Addition,6000,0,1,Residential-Multi-Family,Residential-Multi-Family,1000_9999,1,zero,Residential-Multi-Family,,1,Residential-Multi-Family,knn,knn,1.0
PRFR20250311919,1 to 2 Family,Underground Fire Lines,Alteration/Remodel,2744.4,0,1,Res.1&2 or Guest House,Res.1&2 or Guest House,1000_9999,1,zero,Res.1&2 or Guest House,Res.1&2 or Guest House,0,,not_applicable,knn,
PRFR20250311953,Commercial,Fire Alarms,Addition,10500,0,1,Commercial,Commercial,10000_99999,1,zero,Commercial,Commercial,0,,not_applicable,knn,
PRFR20250312153,Commercial,Underground Fire Lines,Alteration/Remodel,15305.52,0,1,Commercial,Commercial,10000_99999,1,zero,Commercial,Commercial,0,,not_applicable,knn,
PRFR20250312174,Commercial,Fire Alarms,Addition,25500,0,1,Commercial,Commercial,10000_99999,1,zero,Commercial,Commercial,0,,not_applicable,knn,
PRFR20250312175,Commercial,Standpipes,Alteration/Remodel,44475,0,1,Residential-Multi-Family,Residential-Multi-Family,10000_99999,1,zero,Residential-Multi-Family,,1,Residential-Multi-Family,knn,knn,0.8
PRFR20250312463,Commercial,Fire Alarms,Alteration/Remodel,6757.35,0,1,Residential-Multi-Family,Residential-Multi-Family,1000_9999,1,zero,Residential-Multi-Family,Residential-Multi-Family,0,,not_applicable,knn,
PRFR20250312534,Commercial,Fire Alarms,Alteration/Remodel,1500,0,0,Residential-Multi-Family,Residential-Multi-Family,1000_9999,0,zero,Residential-Multi-Family,Residential-Multi-Family,0,,not_applicable,knn,
PRFR20250312559,Commercial,Underground Fire Lines,Alteration/Remodel,22846,0,1,Commercial,Commercial,10000_99999,1,zero,Commercial,,1,Commercial,knn,knn,1.0
PRFR20250312619,Commercial,Fire Alarms,Alteration/Remodel,1500,0,1,Residential-Multi-Family,Residential-Multi-Family,1000_9999,1,zero,Residential-Multi-Family,Residential-Multi-Family,0,,not_applicable,knn,
PRFR20250312688,Commercial,Fire Alarms,Alteration/Remodel,4200,0,1,Residential-Multi-Family,Residential-Multi-Family,1000_9999,1,zero,Residential-Multi-Family,,1,Residential-Multi-Family,knn,knn,1.0
PRFR20250312691,Commercial,Fire Alarms,Alteration/Remodel,4200,0,1,Residential-Multi-Family,Residential-Multi-Family,1000_9999,1,zero,Residential-Multi-Family,Residential-Multi-Family,0,,not_applicable,knn,
PRFR20250312695,Commercial,Fire Alarms,Alteration/Remodel,4200,0,1,Residential-Multi-Family,Residential-Multi-Family,1000_9999,1,zero,Residential-Multi-Family,Residential-Multi-Family,0,,not_applicable,knn,
PRFR20250312698,Commercial,Fire Sprinkler Systems,Addition,20000,0,1,Commercial,Commercial,10000_99999,1,zero,Commercial,,1,Commercial,knn,knn,0.6666666666666666
PRFR20250312904,Commercial,Fire Alarms,Addition,6000,0,1,Commercial,Commercial,1000_9999,1,zero,Commercial,,1,Residential-Multi-Family,knn,knn,1.0
PRFR20250312920,Commercial,Fire Alarms,Addition,16057,0,1,Commercial,Commercial,10000_99999,1,zero,Commercial,,1,Commercial,knn,knn,1.0
PRFR20250312957,Commercial,Fire Alarms,Addition,6000,0,1,Commercial,Commercial,1000_9999,1,zero,Commercial,Commercial,0,,not_applicable,knn,
PRFR20250312983,Commercial,Underground Fire Lines,Addition,39580,0,1,Not Identified,,10000_99999,1,zero,,,0,,not_applicable,knn,
PRFR20250313027,Commercial,Fire Sprinkler Systems,Alteration/Remodel,1976,0,1,Residential-Multi-Family,Residential-Multi-Family,1000_9999,1,zero,Residential-Multi-Family,,1,Commercial,knn,knn,0.75
PRFR20250313046,Commercial,Fire Sprinkler Systems,Alteration/Remodel,2000,0,1,Commercial,Commercial,1000_9999,1,zero,Commercial,Commercial,0,,not_applicable,knn,
PRFR20250313111,Commercial,Fire Alarms,Alteration/Remodel,25880,0,1,Residential-Multi-Family,Residential-Multi-Family,10000_99999,1,zero,Residential-Multi-Family,Residential-Multi-Family,0,,not_applicable,knn,
PRFR20250313249,Commercial,Fire Sprinkler Systems,Alteration/Remodel,34700,0,1,Commercial,Commercial,10000_99999,1,zero,Commercial,Commercial,0,,not_applicable,knn,
PRFR20250313283,Commercial,Fire Alarms,Alteration/Remodel,4000,0,1,Residential-Multi-Family,Residential-Multi-Family,1000_9999,1,zero,Residential-Multi-Family,Residential-Multi-Family,0,,not_applicable,knn,
PRFR20250313348,Commercial,Fire Alarms,Alteration/Remodel,2800,0,1,Residential-Multi-Family,Residential-Multi-Family,1000_9999,1,zero,Residential-Multi-Family,Residential-Multi-Family,0,,not_applicable,knn,
PRFR20250313353,Commercial,Fire Alarms,Alteration/Remodel,2800,0,1,Residential-Multi-Family,Residential-Multi-Family,1000_9999,1,zero,Residential-Multi-Family,Residential-Multi-Family,0,,not_applicable,knn,
PRFR20250313502,Commercial,Fire Sprinkler Systems,Addition,139948,0,1,Commercial,Commercial,100000_plus,1,zero,Commercial,Commercial,0,,not_applicable,knn,
PRFR20250413688,Commercial,Fire Alarms,Alteration/Remodel,7469,0,1,Commercial,Commercial,1000_9999,1,zero,Commercial,Commercial,0,,not_applicable,knn,
PRFR20250413728,Commercial,Underground Fire Lines,Alteration/Remodel,23293,0,1,Not Identified,,10000_99999,1,zero,,,0,,not_applicable,knn,
PRFR20250413733,Commercial,Fire Alarm Monitoring,Addition,45,0,1,Commercial,Commercial,2_999,1,zero,Commercial,,1,Commercial,knn,knn,1.0
PRFR20250413745,Commercial,Fire Alarm Monitoring,Alteration/Remodel,1464,0,1,Commercial,Commercial,1000_9999,1,zero,Commercial,Commercial,0,,not_applicable,knn,
PRFR20250413759,Commercial,Fire Alarms,Alteration/Remodel,7457,0,1,Commercial,Commercial,1000_9999,1,zero,Commercial,Commercial,0,,not_applicable,knn,
PRFR20250413762,Commercial,Fire Alarm Monitoring,Alteration/Remodel,1472,0,1,Commercial,Commercial,1000_9999,1,zero,Commercial,,1,Commercial,knn,knn,1.0
PRFR20250413786,Commercial,Fire Alarm Monitoring,Addition,350,0,1,Commercial,Commercial,2_999,1,zero,Commercial,Commercial,0,,not_applicable,knn,
PRFR20250413843,Commercial,Fire Alarms,Alteration/Remodel,12954.5,0,1,Commercial,Commercial,10000_99999,1,zero,Commercial,Commercial,0,,not_applicable,knn,
PRFR20250413843,Commercial,Revision - FIRE,Alteration/Remodel,1,0,1,Commercial,Commercial,le_1,1,zero,Commercial,Commercial,0,,not_applicable,knn,
PRFR20250413946,Commercial,Pre-Engineered Fire Suppression Systems,Alteration/Remodel,18464,0,1,Commercial,Commercial,10000_99999,1,zero,Commercial,Commercial,0,,not_applicable,knn,
PRFR20250414309,Commercial,Tents,Addition,3500.3,0,1,Commercial,Commercial,1000_9999,1,zero,Commercial,Commercial,0,,not_applicable,knn,
PRFR20250414390,Commercial,Fire Alarms,Alteration/Remodel,2000,0,1,Residential-Multi-Family,Residential-Multi-Family,1000_9999,1,zero,Residential-Multi-Family,Residential-Multi-Family,0,,not_applicable,knn,
PRFR20250414391,Commercial,Fire Alarms,Alteration/Remodel,2000,0,1,Residential-Multi-Family,Residential-Multi-Family,1000_9999,1,zero,Residential-Multi-Family,Residential-Multi-Family,0,,not_applicable,knn,
PRFR20250414393,Commercial,Fire Alarms,Alteration/Remodel,2000,0,1,Residential-Multi-Family,Residential-Multi-Family,1000_9999,1,zero,Residential-Multi-Family,,1,Residential-Multi-Family,knn,knn,1.0
PRFR20250414394,Commercial,Fire Alarms,Alteration/Remodel,2000,0,1,Residential-Multi-Family,Residential-Multi-Family,1000_9999,1,zero,Residential-Multi-Family,,1,Residential-Multi-Family,knn,knn,1.0
PRFR20250414395,Commercial,Fire Alarms,Alteration/Remodel,2000,0,1,Residential-Multi-Family,Residential-Multi-Family,1000_9999,1,zero,Residential-Multi-Family,,1,Residential-Multi-Family,knn,knn,1.0
PRFR20250414397,Commercial,Fire Alarms,Alteration/Remodel,2000,0,1,Residential-Multi-Family,Residential-Multi-Family,1000_9999,1,zero,Residential-Multi-Family,Residential-Multi-Family,0,,not_applicable,knn,
PRFR20250414400,Commercial,Fire Alarms,Alteration/Remodel,2000,0,1,Residential-Multi-Family,Residential-Multi-Family,1000_9999,1,zero,Residential-Multi-Family,Residential-Multi-Family,0,,not_applicable,knn,
PRFR20250414402,Commercial,Fire Alarms,Alteration/Remodel,2000,0,1,Residential-Multi-Family,Residential-Multi-Family,1000_9999,1,zero,Residential-Multi-Family,Residential-Multi-Family,0,,not_applicable,knn,
PRFR20250414404,Commercial,Fire Alarms,Alteration/Remodel,2000,0,1,Residential-Multi-Family,Residential-Multi-Family,1000_9999,1,zero,Residential-Multi-Family,Residential-Multi-Family,0,,not_applicable,knn,
PRFR20250414418,Commercial,Standpipes,Alteration/Remodel,8475,0,1,Residential-Multi-Family,Residential-Multi-Family,1000_9999,1,zero,Residential-Multi-Family,,1,Residential-Multi-Family,knn,knn,1.0
PRFR20250414466,Commercial,Underground Fire Lines,Alteration/Remodel,23293,0,1,Not Identified,,10000_99999,1,zero,,,0,,not_applicable,knn,
PRFR20250414474,Commercial,Underground Fire Lines,Alteration/Remodel,23293,0,1,Residential-Multi-Family,Residential-Multi-Family,10000_99999,1,zero,Residential-Multi-Family,,1,Commercial,knn,knn,1.0
PRFR20250414513,Commercial,Fire Sprinkler Systems,Alteration/Remodel,9730,0,1,Residential-Multi-Family,Residential-Multi-Family,1000_9999,1,zero,Residential-Multi-Family,Residential-Multi-Family,0,,not_applicable,knn,
PRFR20250414656,Commercial,Fire Alarms,Alteration/Remodel,3157,0,1,Residential-Multi-Family,Residential-Multi-Family,1000_9999,1,zero,Residential-Multi-Family,Residential-Multi-Family,0,,not_applicable,knn,
PRFR20250414693,Commercial,Fire Alarms,Alteration/Remodel,3157,0,1,Residential-Multi-Family,Residential-Multi-Family,1000_9999,1,zero,Residential-Multi-Family,Residential-Multi-Family,0,,not_applicable,knn,
PRFR20250414842,Commercial,Fire Alarms,Alteration/Remodel,4000,0,1,Residential-Multi-Family,Residential-Multi-Family,1000_9999,1,zero,Residential-Multi-Family,Residential-Multi-Family,0,,not_applicable,knn,
PRFR20250414885,Commercial,Fire Sprinkler Systems,Addition,29650,0,1,Commercial,Commercial,10000_99999,1,zero,Commercial,,1,Commercial,knn,knn,0.6666666666666666
PRFR20250414885,Commercial,Revision - FIRE,Addition,10,0,0,Commercial,Commercial,2_999,0,zero,Commercial,Commercial,0,,not_applicable,knn,
PRFR20250414887,Commercial,Fire Sprinkler Systems,Addition,35700,0,1,Commercial,Commercial,10000_99999,1,zero,Commercial,Commercial,0,,not_applicable,knn,
PRFR20250415110,Commercial,Fire Sprinkler Systems,Alteration/Remodel,8000,0,1,Commercial,Commercial,1000_9999,1,zero,Commercial,Commercial,0,,not_applicable,knn,
PRFR20250415236,Commercial,Fire Sprinkler Systems,Addition,11165,0,1,Commercial,Commercial,10000_99999,1,zero,Commercial,Commercial,0,,not_applicable,knn,
PRFR20250415244,Commercial,Pre-Engineered Fire Suppression Systems,Alteration/Remodel,1250,0,1,Commercial,Commercial,1000_9999,1,zero,Commercial,,1,Residential-Multi-Family,knn,knn,1.0
PRFR20250415441,Commercial,Tents,Addition,5000,0,1,Commercial,Commercial,1000_9999,1,zero,Commercial,Commercial,0,,not_applicable,knn,
PRFR20250415614,Commercial,Fire Sprinkler Systems,Addition,15750,0,1,Commercial,Commercial,10000_99999,1,zero,Commercial,,1,Commercial,knn,knn,0.6666666666666666
PRFR20250415671,Commercial,Fire Alarms,Alteration/Remodel,4866,0,1,Residential-Multi-Family,Residential-Multi-Family,1000_9999,1,zero,Residential-Multi-Family,Residential-Multi-Family,0,,not_applicable,knn,
PRFR20250415673,Commercial,Fire Alarms,Alteration/Remodel,4866,0,1,Residential-Multi-Family,Residential-Multi-Family,1000_9999,1,zero,Residential-Multi-Family,Residential-Multi-Family,0,,not_applicable,knn,
PRFR20250416354,Commercial,Underground Fire Lines,Alteration/Remodel,63000,0,0,Commercial,Commercial,10000_99999,0,zero,Commercial,Commercial,0,,not_applicable,knn,
PRFR20250416418,Commercial,Fire Sprinkler Systems,Alteration/Remodel,13900,0,1,Residential-Multi-Family,Residential-Multi-Family,10000_99999,1,zero,Residential-Multi-Family,,1,Residential-Multi-Family,knn,knn,0.8
PRFR20250416420,Commercial,Fire Sprinkler Systems,Alteration/Remodel,13900,0,1,Residential-Multi-Family,Residential-Multi-Family,10000_99999,1,zero,Residential-Multi-Family,Residential-Multi-Family,0,,not_applicable,knn,
PRFR20250416426,Commercial,Fire Sprinkler Systems,Alteration/Remodel,13900,0,1,Residential-Multi-Family,Residential-Multi-Family,10000_99999,1,zero,Residential-Multi-Family,Residential-Multi-Family,0,,not_applicable,knn,
PRFR20250416430,Commercial,Fire Sprinkler Systems,Alteration/Remodel,46285,0,1,Commercial,Commercial,10000_99999,1,zero,Commercial,Commercial,0,,not_applicable,knn,
PRFR20250416672,Commercial,Standpipes,Alteration/Remodel,8475,0,0,Residential-Multi-Family,Residential-Multi-Family,1000_9999,0,zero,Residential-Multi-Family,Residential-Multi-Family,0,,not_applicable,knn,
PRFR20250416767,Commercial,Fire Sprinkler Systems,Addition,25000,0,1,Residential-Multi-Family,Residential-Multi-Family,10000_99999,1,zero,Residential-Multi-Family,Residential-Multi-Family,0,,not_applicable,knn,
PRFR20250416770,Commercial,Underground Fire Lines,Addition,20000,0,1,Residential-Multi-Family,Residential-Multi-Family,10000_99999,1,zero,Residential-Multi-Family,,1,Residential-Multi-Family,knn,knn,1.0
PRFR20250417261,Commercial,Fire Alarms,Alteration/Remodel,4000,0,1,Residential-Multi-Family,Residential-Multi-Family,1000_9999,1,zero,Residential-Multi-Family,,1,Residential-Multi-Family,knn,knn,1.0
PRFR20250417264,Commercial,Fire Alarms,Alteration/Remodel,4000,0,1,Residential-Multi-Family,Residential-Multi-Family,1000_9999,1,zero,Residential-Multi-Family,Residential-Multi-Family,0,,not_applicable,knn,
PRFR20250417272,Commercial,Fire Alarms,Alteration/Remodel,4000,0,1,Residential-Multi-Family,Residential-Multi-Family,1000_9999,1,zero,Residential-Multi-Family,Residential-Multi-Family,0,,not_applicable,knn,
PRFR20250417273,Commercial,Fire Alarms,Alteration/Remodel,4000,0,1,Residential-Multi-Family,Residential-Multi-Family,1000_9999,1,zero,Residential-Multi-Family,Residential-Multi-Family,0,,not_applicable,knn,
PRFR20250417276,Commercial,Fire Alarms,Alteration/Remodel,4000,0,1,Residential-Multi-Family,Residential-Multi-Family,1000_9999,1,zero,Residential-Multi-Family,Residential-Multi-Family,0,,not_applicable,knn,
PRFR20250417279,Commercial,Fire Alarms,Addition,15524,0,1,Commercial,Commercial,10000_99999,1,zero,Commercial,Commercial,0,,not_applicable,knn,
PRFR20250417285,Commercial,Fire Alarms,Alteration/Remodel,4000,0,1,Residential-Multi-Family,Residential-Multi-Family,1000_9999,1,zero,Residential-Multi-Family,,1,Residential-Multi-Family,knn,knn,1.0
PRFR20250417288,Commercial,Fire Alarms,Alteration/Remodel,4000,0,1,Residential-Multi-Family,Residential-Multi-Family,1000_9999,1,zero,Residential-Multi-Family,Residential-Multi-Family,0,,not_applicable,knn,
PRFR20250417289,Commercial,Fire Alarms,Alteration/Remodel,4000,0,1,Residential-Multi-Family,Residential-Multi-Family,1000_9999,1,zero,Residential-Multi-Family,Residential-Multi-Family,0,,not_applicable,knn,
PRFR20250417293,Commercial,Fire Alarms,Alteration/Remodel,4000,0,1,Residential-Multi-Family,Residential-Multi-Family,1000_9999,1,zero,Residential-Multi-Family,Residential-Multi-Family,0,,not_applicable,knn,
PRFR20250417297,Commercial,Fire Alarms,Alteration/Remodel,4000,0,1,Residential-Multi-Family,Residential-Multi-Family,1000_9999,1,zero,Residential-Multi-Family,Residential-Multi-Family,0,,not_applicable,knn,
PRFR20250417299,Commercial,Fire Alarms,Alteration/Remodel,4000,0,1,Residential-Multi-Family,Residential-Multi-Family,1000_9999,1,zero,Residential-Multi-Family,Residential-Multi-Family,0,,not_applicable,knn,
PRFR20250417301,Commercial,Fire Alarms,Alteration/Remodel,4000,0,1,Residential-Multi-Family,Residential-Multi-Family,1000_9999,1,zero,Residential-Multi-Family,Residential-Multi-Family,0,,not_applicable,knn,
PRFR20250417302,Commercial,Fire Sprinkler Systems,Alteration/Remodel,18300,0,1,Residential-Multi-Family,Residential-Multi-Family,10000_99999,1,zero,Residential-Multi-Family,Residential-Multi-Family,0,,not_applicable,knn,
PRFR20250417305,Commercial,Fire Alarms,Alteration/Remodel,4000,0,1,Residential-Multi-Family,Residential-Multi-Family,1000_9999,1,zero,Residential-Multi-Family,Residential-Multi-Family,0,,not_applicable,knn,
PRFR20250417309,Commercial,Fire Alarms,Alteration/Remodel,4000,0,1,Residential-Multi-Family,Residential-Multi-Family,1000_9999,1,zero,Residential-Multi-Family,Residential-Multi-Family,0,,not_applicable,knn,
PRFR20250417312,Commercial,Fire Alarms,Alteration/Remodel,4000,0,1,Residential-Multi-Family,Residential-Multi-Family,1000_9999,1,zero,Residential-Multi-Family,Residential-Multi-Family,0,,not_applicable,knn,
PRFR20250417313,Commercial,Fire Alarms,Alteration/Remodel,4000,0,1,Residential-Multi-Family,Residential-Multi-Family,1000_9999,1,zero,Residential-Multi-Family,Residential-Multi-Family,0,,not_applicable,knn,
PRFR20250417370,Commercial,Fire Sprinkler Systems,Alteration/Remodel,12000,0,1,Commercial,Commercial,10000_99999,1,zero,Commercial,Commercial,0,,not_applicable,knn,
PRFR20250417999,Commercial,Fire Sprinkler Systems,Alteration/Remodel,16000,0,1,Residential-Multi-Family,Residential-Multi-Family,10000_99999,1,zero,Residential-Multi-Family,Residential-Multi-Family,0,,not_applicable,knn,
PRFSS20250413939,Commercial,Fire Sprinkler System Project,Alteration/Remodel,2400,0,0,Not Identified,,1000_9999,0,zero,,,0,,not_applicable,knn,
PRFSS20250414317,Commercial,Fire Sprinkler System Project,Alteration/Remodel,4989,0,0,Not Identified,,1000_9999,0,zero,,,0,,not_applicable,knn,
PRFSS20250415113,Commercial,Fire Sprinkler System Project,Alteration/Remodel,2200,0,0,Not Identified,,1000_9999,0,zero,,,0,,not_applicable,knn,
PRFSS20250415413,Commercial,Fire Sprinkler System Project,Alteration/Remodel,1500,0,0,Not Identified,,1000_9999,0,zero,,,0,,not_applicable,knn,
PRFSS20250415421,Commercial,Fire Sprinkler System Project,Alteration/Remodel,800,0,0,Not Identified,,2_999,0,zero,,,0,,not_applicable,knn,
PRFSS20250415455,Commercial,Fire Sprinkler System Project,Alteration/Remodel,16403,0,0,Not Identified,,10000_99999,0,zero,,,0,,not_applicable,knn,
PRFSS20250415864,Commercial,Fire Sprinkler System Project,Alteration/Remodel,2500,0,0,Not Identified,,1000_9999,0,zero,,,0,,not_applicable,knn,
PRFSS20250416172,Commercial,Fire Sprinkler System Project,Alteration/Remodel,6113.78,0,0,Not Identified,,1000_9999,0,zero,,,0,,not_applicable,knn,
PRFSS20250416196,Commercial,Fire Sprinkler System Project,Alteration/Remodel,4695.66,0,0,Not Identified,,1000_9999,0,zero,,,0,,not_applicable,knn,
PRFSS20250416411,Commercial,Fire Sprinkler System Project,Alteration/Remodel,2200,0,0,Not Identified,,1000_9999,0,zero,,,0,,not_applicable,knn,
PRFSS20250416416,Commercial,Fire Sprinkler System Project,Alteration/Remodel,2200,0,0,Not Identified,,1000_9999,0,zero,,,0,,not_applicable,knn,
PRFSS20250416422,Commercial,Fire Sprinkler System Project,Alteration/Remodel,1750,0,0,Not Identified,,1000_9999,0,zero,,,0,,not_applicable,knn,
PRFSS20250416436,Commercial,Fire Sprinkler System Project,Alteration/Remodel,1750,0,0,Not Identified,,1000_9999,0,zero,,,0,,not_applicable,knn,
PRFSS20250416972,Commercial,Fire Sprinkler System Project,Alteration/Remodel,2850,0,0,Not Identified,,1000_9999,0,zero,,,0,,not_applicable,knn,
PRFSS20250416987,Commercial,Fire Sprinkler System Project,Alteration/Remodel,2612.36,0,0,Not Identified,,1000_9999,0,zero,,,0,,not_applicable,knn,
PRFSS20250417197,Commercial,Fire Sprinkler System Project,Alteration/Remodel,3800,0,0,Not Identified,,1000_9999,0,zero,,,0,,not_applicable,knn,
PRFSS20250418009,Commercial,Fire Sprinkler System Project,Alteration/Remodel,11000,0,0,Not Identified,,10000_99999,0,zero,,,0,,not_applicable,knn,
PRFSS20250418352,Commercial,Fire Sprinkler System Project,Alteration/Remodel,4456,0,0,Not Identified,,1000_9999,0,zero,,,0,,not_applicable,knn,
PRFSS20250418378,Commercial,Fire Sprinkler System Project,Alteration/Remodel,2657.33,0,0,Not Identified,,1000_9999,0,zero,,,0,,not_applicable,knn,
PRFSS20250418381,Commercial,Fire Sprinkler System Project,Alteration/Remodel,3842.66,0,0,Not Identified,,1000_9999,0,zero,,,0,,not_applicable,knn,
PRFSS20250418592,Commercial,Fire Sprinkler System Project,Alteration/Remodel,1900,0,0,Not Identified,,1000_9999,0,zero,,,0,,not_applicable,knn,
PRFSS20250418595,Commercial,Fire Sprinkler System Project,Alteration/Remodel,1750,0,0,Not Identified,,1000_9999,0,zero,,,0,,not_applicable,knn,
PRFSS20250418603,Commercial,Fire Sprinkler System Project,Alteration/Remodel,1750,0,0,Not Identified,,1000_9999,0,zero,,,0,,not_applicable,knn,
PRFSS20250418622,Commercial,Fire Sprinkler System Project,Alteration/Remodel,1750,0,0,Not Identified,,1000_9999,0,zero,,,0,,not_applicable,knn,
PRFW20230520629,1 to 2 Family,Fence,Addition,11500,0,1,Res.1&2 or Guest House,Res.1&2 or Guest House,10000_99999,1,zero,Res.1&2 or Guest House,,1,Res.1&2 or Guest House,knn,knn,1.0
PRFW20230939998,1 to 2 Family,Revision - Building,New Construction,11729,0,0,Res.1&2 or Guest House,Res.1&2 or Guest House,10000_99999,0,zero,Res.1&2 or Guest House,Res.1&2 or Guest House,0,,not_applicable,knn,
PRFW20240207794,Commercial,Revision - Building,New Construction,1,0,1,Residential-Multi-Family,Residential-Multi-Family,le_1,1,zero,Residential-Multi-Family,,1,Residential-Multi-Family,knn,knn,1.0
PRFW20240309208,1 to 2 Family,Revision - Building,Addition,1,0,1,Res.1&2 or Guest House,Res.1&2 or Guest House,le_1,1,zero,Res.1&2 or Guest House,Res.1&2 or Guest House,0,,not_applicable,knn,
PRFW20240518155,1 to 2 Family,Fence,New Construction,2500,0,1,Res.1&2 or Guest House,Res.1&2 or Guest House,1000_9999,1,zero,Res.1&2 or Guest House,Res.1&2 or Guest House,0,,not_applicable,knn,
PRFW20240520913,1 to 2 Family,Revision - Building,Addition,1600,0,0,Res.1&2 or Guest House,Res.1&2 or Guest House,1000_9999,0,zero,Res.1&2 or Guest House,Res.1&2 or Guest House,0,,not_applicable,knn,
PRFW20240624627,1 to 2 Family,Revision - Building,New Construction,1,0,0,Not Identified,,le_1,0,zero,,,0,,not_applicable,knn,
PRFW20240731630,1 to 2 Family,Revision - Building,Addition,50,0,0,Res.1&2 or Guest House,Res.1&2 or Guest House,2_999,0,zero,Res.1&2 or Guest House,Res.1&2 or Guest House,0,,not_applicable,knn,
PRFW20240938194,1 to 2 Family,Fence,Alteration/Remodel,5000,0,1,Res.1&2 or Guest House,Res.1&2 or Guest House,1000_9999,1,zero,Res.1&2 or Guest House,Res.1&2 or Guest House,0,,not_applicable,knn,
PRFW20240938479,Commercial,Revision - Building,New Construction,43900,0,0,Not Identified,,10000_99999,0,zero,,,0,,not_applicable,knn,
PRFW20240939797,1 to 2 Family,Revision - Building,,0,0,0,Not Identified,,le_1,0,zero,,,0,,not_applicable,knn,
PRFW20241040783,1 to 2 Family,Revision - Building,New Construction,1,0,0,Not Identified,,le_1,0,zero,,,0,,not_applicable,knn,
PRFW20241042069,1 to 2 Family,Revision - Building,Alteration/Remodel,50,0,0,Res.1&2 or Guest House,Res.1&2 or Guest House,2_999,0,zero,Res.1&2 or Guest House,Res.1&2 or Guest House,0,,not_applicable,knn,
PRFW20241144585,1 to 2 Family,Fence,Addition,500,0,1,Not Identified,,2_999,1,zero,,,0,,not_applicable,knn,
PRFW20241147409,1 to 2 Family,Revision - Building,New Construction,100,0,0,Not Identified,,2_999,0,zero,,,0,,not_applicable,knn,
PRFW20241248710,1 to 2 Family,Fence,New Construction,50000,0,1,Res.1&2 or Guest House,Res.1&2 or Guest House,10000_99999,1,zero,Res.1&2 or Guest House,Res.1&2 or Guest House,0,,not_applicable,knn,
PRFW20241250498,Commercial,Revision - Building,New Construction,5920,0,0,Commercial,Commercial,1000_9999,0,zero,Commercial,Commercial,0,,not_applicable,knn,
PRFW20241250590,1 to 2 Family,Fence,Alteration/Remodel,9267,0,1,Res.1&2 or Guest House,Res.1&2 or Guest House,1000_9999,1,zero,Res.1&2 or Guest House,,1,Res.1&2 or Guest House,knn,knn,1.0
PRFW20241251485,1 to 2 Family,Fence,Alteration/Remodel,450,0,1,Res.1&2 or Guest House,Res.1&2 or Guest House,2_999,1,zero,Res.1&2 or Guest House,Res.1&2 or Guest House,0,,not_applicable,knn,
PRFW20250100545,1 to 2 Family,Revision - Building,New Construction,11000,0,1,Not Identified,,10000_99999,1,zero,,,0,,not_applicable,knn,
PRFW20250101488,1 to 2 Family,Fence,New Construction,7600,0,1,Res.1&2 or Guest House,Res.1&2 or Guest House,1000_9999,1,zero,Res.1&2 or Guest House,Res.1&2 or Guest House,0,,not_applicable,knn,
PRFW20250101568,1 to 2 Family,Fence,New Construction,4000,0,1,Res.1&2 or Guest House,Res.1&2 or Guest House,1000_9999,1,zero,Res.1&2 or Guest House,Res.1&2 or Guest House,0,,not_applicable,knn,
PRFW20250101812,1 to 2 Family,Revision - Building,Addition,0.01,0,0,Not Identified,,le_1,0,zero,,,0,,not_applicable,knn,
PRFW20250101907,Commercial,Revision - Building,Addition,32600,0,1,Commercial,Commercial,10000_99999,1,zero,Commercial,,1,Commercial,knn,knn,1.0
PRFW20250102170,Commercial,Fence,Alteration/Remodel,36700,0,1,Commercial,Commercial,10000_99999,1,zero,Commercial,Commercial,0,,not_applicable,knn,
PRFW20250103307,Commercial,Revision - Building,New Construction,100,0,0,Not Identified,,2_999,0,zero,,,0,,not_applicable,knn,
PRFW20250103505,1 to 2 Family,Fence,,1500,0,1,Res.1&2 or Guest House,Res.1&2 or Guest House,1000_9999,1,zero,Res.1&2 or Guest House,,1,Res.1&2 or Guest House,knn,knn,1.0
PRFW20250103785,Commercial,Fence,New Construction,4885,0,1,Not Identified,,1000_9999,1,zero,,,0,,not_applicable,knn,
PRFW20250103958,1 to 2 Family,Fence,New Construction,10500,0,1,Res.1&2 or Guest House,Res.1&2 or Guest House,10000_99999,1,zero,Res.1&2 or Guest House,Res.1&2 or Guest House,0,,not_applicable,knn,
PRFW20250103969,Commercial,Revision - Building,Addition,1,0,0,Not Identified,,le_1,0,zero,,,0,,not_applicable,knn,
PRFW20250104010,1 to 2 Family,Fence,New Construction,12988.14,0,1,Res.1&2 or Guest House,Res.1&2 or Guest House,10000_99999,1,zero,Res.1&2 or Guest House,Res.1&2 or Guest House,0,,not_applicable,knn,
PRFW20250204585,1 to 2 Family,Fence,New Construction,8600,1,0,Not Identified,,1000_9999,0,nonzero,,,0,,not_applicable,knn,
PRFW20250204591,1 to 2 Family,Fence,Addition,30500,0,1,Not Identified,,10000_99999,1,zero,,,0,,not_applicable,knn,
PRFW20250204814,1 to 2 Family,Fence,Addition,7330,0,1,Res.1&2 or Guest House,Res.1&2 or Guest House,1000_9999,1,zero,Res.1&2 or Guest House,Res.1&2 or Guest House,0,,not_applicable,knn,
PRFW20250204944,1 to 2 Family,Fence,New Construction,4800,0,0,Res.1&2 or Guest House,Res.1&2 or Guest House,1000_9999,0,zero,Res.1&2 or Guest House,Res.1&2 or Guest House,0,,not_applicable,knn,
PRFW20250204950,1 to 2 Family,Fence,Alteration/Remodel,3500,0,0,Not Identified,,1000_9999,0,zero,,,0,,not_applicable,knn,
PRFW20250205100,1 to 2 Family,Fence,New Construction,27000,0,1,Not Identified,,10000_99999,1,zero,,,0,,not_applicable,knn,
PRFW20250205236,1 to 2 Family,Fence,New Construction,5700,0,1,Not Identified,,1000_9999,1,zero,,,0,,not_applicable,knn,
PRFW20250205299,1 to 2 Family,Fence,New Construction,4700,0,1,Not Identified,,1000_9999,1,zero,,,0,,not_applicable,knn,
PRFW20250205430,1 to 2 Family,Fence,Alteration/Remodel,4500,0,1,Not Identified,,1000_9999,1,zero,,,0,,not_applicable,knn,
PRFW20250205446,1 to 2 Family,Fence,New Construction,7000,0,1,Not Identified,,1000_9999,1,zero,,,0,,not_applicable,knn,
PRFW20250205687,1 to 2 Family,Revision - Building,New Construction,7000,0,0,Not Identified,,1000_9999,0,zero,,,0,,not_applicable,knn,
PRFW20250205725,1 to 2 Family,Fence,Alteration/Remodel,13000,0,1,Not Identified,,10000_99999,1,zero,,,0,,not_applicable,knn,
PRFW20250205755,1 to 2 Family,Fence,Alteration/Remodel,1250,0,1,Not Identified,,1000_9999,1,zero,,,0,,not_applicable,knn,
PRFW20250206060,1 to 2 Family,Fence,Addition,20000,0,0,Res.1&2 or Guest House,Res.1&2 or Guest House,10000_99999,0,zero,Res.1&2 or Guest House,Res.1&2 or Guest House,0,,not_applicable,knn,
PRFW20250206083,Commercial,Fence,Addition,5000,0,1,Commercial,Commercial,1000_9999,1,zero,Commercial,Commercial,0,,not_applicable,knn,
PRFW20250206217,1 to 2 Family,Revision - Building,Addition,1,0,1,Not Identified,,le_1,1,zero,,,0,,not_applicable,knn,
PRFW20250206329,1 to 2 Family,Fence,New Construction,7200,0,1,Not Identified,,1000_9999,1,zero,,,0,,not_applicable,knn,
PRFW20250206447,1 to 2 Family,Fence,Addition,9563,0,0,Not Identified,,1000_9999,0,zero,,,0,,not_applicable,knn,
PRFW20250206799,1 to 2 Family,Fence,New Construction,73150,0,1,Res.1&2 or Guest House,Res.1&2 or Guest House,10000_99999,1,zero,Res.1&2 or Guest House,Res.1&2 or Guest House,0,,not_applicable,knn,
PRFW20250206863,Commercial,Fence,New Construction,29000,0,0,Not Identified,,10000_99999,0,zero,,,0,,not_applicable,knn,
PRFW20250207007,1 to 2 Family,Revision - Building,New Construction,1,0,1,Res.1&2 or Guest House,Res.1&2 or Guest House,le_1,1,zero,Res.1&2 or Guest House,Res.1&2 or Guest House,0,,not_applicable,knn,
PRFW20250207044,1 to 2 Family,Revision - Building,Addition,1,0,0,Res.1&2 or Guest House,Res.1&2 or Guest House,le_1,0,zero,Res.1&2 or Guest House,Res.1&2 or Guest House,0,,not_applicable,knn,
PRFW20250207139,1 to 2 Family,Fence,New Construction,3000,0,1,Res.1&2 or Guest House,Res.1&2 or Guest House,1000_9999,1,zero,Res.1&2 or Guest House,Res.1&2 or Guest House,0,,not_applicable,knn,
PRFW20250207236,1 to 2 Family,Revision - Building,Alteration/Remodel,1376,0,1,Res.1&2 or Guest House,Res.1&2 or Guest House,1000_9999,1,zero,Res.1&2 or Guest House,Res.1&2 or Guest House,0,,not_applicable,knn,
PRFW20250207691,1 to 2 Family,Fence,Alteration/Remodel,7509,0,1,Not Identified,,1000_9999,1,zero,,,0,,not_applicable,knn,
PRFW20250207732,Commercial,Fence,New Construction,11000,0,0,Not Identified,,10000_99999,0,zero,,,0,,not_applicable,knn,
PRFW20250207777,Commercial,Fence,Alteration/Remodel,129750,0,1,Not Identified,,100000_plus,1,zero,,,0,,not_applicable,knn,
PRFW20250207905,1 to 2 Family,Fence,New Construction,17000,0,1,Not Identified,,10000_99999,1,zero,,,0,,not_applicable,knn,
PRFW20250208075,1 to 2 Family,Fence,Alteration/Remodel,19900,0,1,Res.1&2 or Guest House,Res.1&2 or Guest House,10000_99999,1,zero,Res.1&2 or Guest House,Res.1&2 or Guest House,0,,not_applicable,knn,
PRFW20250208209,1 to 2 Family,Revision - Building,New Construction,100,0,1,Res.1&2 or Guest House,Res.1&2 or Guest House,2_999,1,zero,Res.1&2 or Guest House,Res.1&2 or Guest House,0,,not_applicable,knn,
PRFW20250208226,Commercial,Fence,Alteration/Remodel,11000,0,0,Not Identified,,10000_99999,0,zero,,,0,,not_applicable,knn,
PRFW20250208252,1 to 2 Family,Revision - Building,New Construction,100,0,1,Res.1&2 or Guest House,Res.1&2 or Guest House,2_999,1,zero,Res.1&2 or Guest House,Res.1&2 or Guest House,0,,not_applicable,knn,
PRFW20250208263,1 to 2 Family,Fence,Addition,3732,0,0,Res.1&2 or Guest House,Res.1&2 or Guest House,1000_9999,0,zero,Res.1&2 or Guest House,Res.1&2 or Guest House,0,,not_applicable,knn,
PRFW20250208304,Commercial,Fence,New Construction,15000,0,0,Not Identified,,10000_99999,0,zero,,,0,,not_applicable,knn,
PRFW20250208367,1 to 2 Family,Revision - Building,Addition,50,0,1,Not Identified,,2_999,1,zero,,,0,,not_applicable,knn,
PRFW20250208422,Commercial,Fence,Alteration/Remodel,11000,0,1,Not Identified,,10000_99999,1,zero,,,0,,not_applicable,knn,
PRFW20250208517,Commercial,Fence,New Construction,8000,0,0,Not Identified,,1000_9999,0,zero,,,0,,not_applicable,knn,
PRFW20250208595,1 to 2 Family,Fence,New Construction,7000,0,1,Not Identified,,1000_9999,1,zero,,,0,,not_applicable,knn,
PRFW20250308911,Commercial,Fence,Addition,6300,0,0,Not Identified,,1000_9999,0,zero,,,0,,not_applicable,knn,
PRFW20250308970,Commercial,Fence,Alteration/Remodel,17539.3,0,0,Not Identified,,10000_99999,0,zero,,,0,,not_applicable,knn,
PRFW20250308995,1 to 2 Family,Revision - Building,New Construction,1,0,1,Not Identified,,le_1,1,zero,,,0,,not_applicable,knn,
PRFW20250309170,1 to 2 Family,Fence,New Construction,12500,0,1,Not Identified,,10000_99999,1,zero,,,0,,not_applicable,knn,
PRFW20250309202,Commercial,Fence,New Construction,11000,0,0,Not Identified,,10000_99999,0,zero,,,0,,not_applicable,knn,
PRFW20250309354,1 to 2 Family,Fence,Alteration/Remodel,8000,0,1,Not Identified,,1000_9999,1,zero,,,0,,not_applicable,knn,
PRFW20250309363,Commercial,Fence,New Construction,8100,0,1,Not Identified,,1000_9999,1,zero,,,0,,not_applicable,knn,
PRFW20250309378,Commercial,Fence,New Construction,12200,0,0,Commercial,Commercial,10000_99999,0,zero,Commercial,Commercial,0,,not_applicable,knn,
PRFW20250309384,1 to 2 Family,Fence,New Construction,10000,0,1,Res.1&2 or Guest House,Res.1&2 or Guest House,10000_99999,1,zero,Res.1&2 or Guest House,Res.1&2 or Guest House,0,,not_applicable,knn,
PRFW20250309391,Commercial,Fence,New Construction,18000,0,0,Commercial,Commercial,10000_99999,0,zero,Commercial,Commercial,0,,not_applicable,knn,
PRFW20250309472,1 to 2 Family,Fence,New Construction,4000,0,0,Not Identified,,1000_9999,0,zero,,,0,,not_applicable,knn,
PRFW20250309528,Commercial,Fence,New Construction,70900,0,1,Not Identified,,10000_99999,1,zero,,,0,,not_applicable,knn,
PRFW20250309540,1 to 2 Family,Fence,Alteration/Remodel,3500,0,0,Not Identified,,1000_9999,0,zero,,,0,,not_applicable,knn,
PRFW20250309658,1 to 2 Family,Fence,Addition,300,0,1,Res.1&2 or Guest House,Res.1&2 or Guest House,2_999,1,zero,Res.1&2 or Guest House,Res.1&2 or Guest House,0,,not_applicable,knn,
PRFW20250309707,Commercial,Fence,New Construction,13000,0,0,Not Identified,,10000_99999,0,zero,,,0,,not_applicable,knn,
PRFW20250309725,Commercial,Fence,Alteration/Remodel,26063,0,0,Not Identified,,10000_99999,0,zero,,,0,,not_applicable,knn,
PRFW20250309791,1 to 2 Family,Fence,New Construction,50,0,1,Not Identified,,2_999,1,zero,,,0,,not_applicable,knn,
PRFW20250309816,1 to 2 Family,Fence,New Construction,6000,0,1,Res.1&2 or Guest House,Res.1&2 or Guest House,1000_9999,1,zero,Res.1&2 or Guest House,Res.1&2 or Guest House,0,,not_applicable,knn,
PRFW20250309990,1 to 2 Family,Fence,Addition,4283,0,1,Res.1&2 or Guest House,Res.1&2 or Guest House,1000_9999,1,zero,Res.1&2 or Guest House,,1,Res.1&2 or Guest House,knn,knn,1.0
PRFW20250310011,1 to 2 Family,Fence,Addition,6700,0,1,Res.1&2 or Guest House,Res.1&2 or Guest House,1000_9999,1,zero,Res.1&2 or Guest House,Res.1&2 or Guest House,0,,not_applicable,knn,
PRFW20250310057,1 to 2 Family,Fence,Alteration/Remodel,12000,0,1,Not Identified,,10000_99999,1,zero,,,0,,not_applicable,knn,
PRFW20250310294,1 to 2 Family,Fence,Addition,4840,0,0,Res.1&2 or Guest House,Res.1&2 or Guest House,1000_9999,0,zero,Res.1&2 or Guest House,Res.1&2 or Guest House,0,,not_applicable,knn,
PRFW20250310295,1 to 2 Family,Fence,Alteration/Remodel,17139,0,1,Not Identified,,10000_99999,1,zero,,,0,,not_applicable,knn,
PRFW20250310340,Commercial,Fence,New Construction,25000,0,1,Not Identified,,10000_99999,1,zero,,,0,,not_applicable,knn,
PRFW20250310508,1 to 2 Family,Fence,Addition,2300,0,0,Not Identified,,1000_9999,0,zero,,,0,,not_applicable,knn,
PRFW20250310541,1 to 2 Family,Fence,Addition,3400,0,0,Not Identified,,1000_9999,0,zero,,,0,,not_applicable,knn,
PRFW20250310561,1 to 2 Family,Fence,Alteration/Remodel,2500,0,1,Not Identified,,1000_9999,1,zero,,,0,,not_applicable,knn,
PRFW20250310640,1 to 2 Family,Fence,New Construction,6000,0,1,Not Identified,,1000_9999,1,zero,,,0,,not_applicable,knn,
PRFW20250310677,1 to 2 Family,Fence,Addition,9598.7999999999993,0,1,Not Identified,,1000_9999,1,zero,,,0,,not_applicable,knn,
PRFW20250310679,1 to 2 Family,Fence,Addition,1000,0,1,Not Identified,,1000_9999,1,zero,,,0,,not_applicable,knn,
PRFW20250310693,1 to 2 Family,Fence,Addition,4940,0,1,Not Identified,,1000_9999,1,zero,,,0,,not_applicable,knn,
PRFW20250310750,1 to 2 Family,Fence,Addition,10710,0,0,Not Identified,,10000_99999,0,zero,,,0,,not_applicable,knn,
PRFW20250310871,1 to 2 Family,Fence,New Construction,7000,0,1,Not Identified,,1000_9999,1,zero,,,0,,not_applicable,knn,
PRFW20250310962,1 to 2 Family,Fence,New Construction,11184,0,1,Not Identified,,10000_99999,1,zero,,,0,,not_applicable,knn,
PRFW20250311080,Commercial,Fence,New Construction,13000,0,1,Not Identified,,10000_99999,1,zero,,,0,,not_applicable,knn,
PRFW20250311134,Commercial,Fence,New Construction,22000,0,1,Commercial,Commercial,10000_99999,1,zero,Commercial,,1,Commercial,knn,knn,1.0
PRFW20250311262,1 to 2 Family,Fence,New Construction,8000,0,1,Res.1&2 or Guest House,Res.1&2 or Guest House,1000_9999,1,zero,Res.1&2 or Guest House,Res.1&2 or Guest House,0,,not_applicable,knn,
PRFW20250311407,1 to 2 Family,Fence,Addition,2000,0,1,Res.1&2 or Guest House,Res.1&2 or Guest House,1000_9999,1,zero,Res.1&2 or Guest House,,1,Res.1&2 or Guest House,knn,knn,1.0
PRFW20250311504,Commercial,Fence,New Construction,33108,0,0,Not Identified,,10000_99999,0,zero,,,0,,not_applicable,knn,
PRFW20250311632,1 to 2 Family,Fence,Alteration/Remodel,6934,0,0,Res.1&2 or Guest House,Res.1&2 or Guest House,1000_9999,0,zero,Res.1&2 or Guest House,Res.1&2 or Guest House,0,,not_applicable,knn,
PRFW20250311661,1 to 2 Family,Fence,Alteration/Remodel,5000,0,1,Res.1&2 or Guest House,Res.1&2 or Guest House,1000_9999,1,zero,Res.1&2 or Guest House,Res.1&2 or Guest House,0,,not_applicable,knn,
PRFW20250311737,1 to 2 Family,Fence,Addition,1192,0,0,Not Identified,,1000_9999,0,zero,,,0,,not_applicable,knn,
PRFW20250311791,Commercial,Fence,Alteration/Remodel,10100,0,0,Commercial,Commercial,10000_99999,0,zero,Commercial,Commercial,0,,not_applicable,knn,
PRFW20250311822,Commercial,Fence,Addition,6000,0,0,Not Identified,,1000_9999,0,zero,,,0,,not_applicable,knn,
PRFW20250311850,1 to 2 Family,Fence,New Construction,6500,0,0,Res.1&2 or Guest House,Res.1&2 or Guest House,1000_9999,0,zero,Res.1&2 or Guest House,Res.1&2 or Guest House,0,,not_applicable,knn,
PRFW20250311875,1 to 2 Family,Fence,New Construction,9383,0,1,Not Identified,,1000_9999,1,zero,,,0,,not_applicable,knn,
PRFW20250312037,1 to 2 Family,Fence,New Construction,2200,0,1,Res.1&2 or Guest House,Res.1&2 or Guest House,1000_9999,1,zero,Res.1&2 or Guest House,,1,Res.1&2 or Guest House,knn,knn,1.0
PRFW20250312289,1 to 2 Family,Fence,Alteration/Remodel,5050,0,0,Res.1&2 or Guest House,Res.1&2 or Guest House,1000_9999,0,zero,Res.1&2 or Guest House,Res.1&2 or Guest House,0,,not_applicable,knn,
PRFW20250312309,1 to 2 Family,Fence,New Construction,16000,0,1,Res.1&2 or Guest House,Res.1&2 or Guest House,10000_99999,1,zero,Res.1&2 or Guest House,Res.1&2 or Guest House,0,,not_applicable,knn,
PRFW20250312315,1 to 2 Family,Fence,Addition,1000,0,0,Res.1&2 or Guest House,Res.1&2 or Guest House,1000_9999,0,zero,Res.1&2 or Guest House,Res.1&2 or Guest House,0,,not_applicable,knn,
PRFW20250312338,1 to 2 Family,Fence,Alteration/Remodel,2000,0,1,Res.1&2 or Guest House,Res.1&2 or Guest House,1000_9999,1,zero,Res.1&2 or Guest House,Res.1&2 or Guest House,0,,not_applicable,knn,
PRFW20250312431,Commercial,Fence,New Construction,13000,0,0,Not Identified,,10000_99999,0,zero,,,0,,not_applicable,knn,
PRFW20250312447,1 to 2 Family,Fence,Addition,5000,0,1,Not Identified,,1000_9999,1,zero,,,0,,not_applicable,knn,
PRFW20250312474,1 to 2 Family,Fence,New Construction,5713,0,1,Res.1&2 or Guest House,Res.1&2 or Guest House,1000_9999,1,zero,Res.1&2 or Guest House,Res.1&2 or Guest House,0,,not_applicable,knn,
PRFW20250312532,1 to 2 Family,Fence,New Construction,34000,0,1,Not Identified,,10000_99999,1,zero,,,0,,not_applicable,knn,
PRFW20250312540,1 to 2 Family,Fence,Alteration/Remodel,6038,0,0,Not Identified,,1000_9999,0,zero,,,0,,not_applicable,knn,
PRFW20250312554,Commercial,Fence,New Construction,12200,0,1,Commercial,Commercial,10000_99999,1,zero,Commercial,Commercial,0,,not_applicable,knn,
PRFW20250312560,Commercial,Fence,New Construction,32300,0,1,Commercial,Commercial,10000_99999,1,zero,Commercial,,1,Commercial,knn,knn,1.0
PRFW20250312596,1 to 2 Family,Fence,Alteration/Remodel,7450,0,1,Not Identified,,1000_9999,1,zero,,,0,,not_applicable,knn,
PRFW20250312616,1 to 2 Family,Fence,New Construction,6000,0,1,Not Identified,,1000_9999,1,zero,,,0,,not_applicable,knn,
PRFW20250312623,1 to 2 Family,Fence,New Construction,4000,0,1,Not Identified,,1000_9999,1,zero,,,0,,not_applicable,knn,
PRFW20250312683,1 to 2 Family,Fence,Addition,11146,0,1,Not Identified,,10000_99999,1,zero,,,0,,not_applicable,knn,
PRFW20250312684,1 to 2 Family,Fence,New Construction,1500,0,0,Not Identified,,1000_9999,0,zero,,,0,,not_applicable,knn,
PRFW20250312706,1 to 2 Family,Fence,Addition,10600,0,0,Not Identified,,10000_99999,0,zero,,,0,,not_applicable,knn,
PRFW20250312714,Commercial,Fence,Addition,26740,0,0,Not Identified,,10000_99999,0,zero,,,0,,not_applicable,knn,
PRFW20250312780,1 to 2 Family,Fence,New Construction,2000,0,1,Res.1&2 or Guest House,Res.1&2 or Guest House,1000_9999,1,zero,Res.1&2 or Guest House,Res.1&2 or Guest House,0,,not_applicable,knn,
PRFW20250312881,Commercial,Fence,New Construction,4000,0,1,Commercial,Commercial,1000_9999,1,zero,Commercial,Commercial,0,,not_applicable,knn,
PRFW20250312976,1 to 2 Family,Fence,New Construction,9300,0,1,Res.1&2 or Guest House,Res.1&2 or Guest House,1000_9999,1,zero,Res.1&2 or Guest House,Res.1&2 or Guest House,0,,not_applicable,knn,
PRFW20250312996,1 to 2 Family,Fence,,11000,0,1,Not Identified,,10000_99999,1,zero,,,0,,not_applicable,knn,
PRFW20250313108,1 to 2 Family,Fence,New Construction,4300,0,1,Not Identified,,1000_9999,1,zero,,,0,,not_applicable,knn,
PRFW20250313173,1 to 2 Family,Fence,Alteration/Remodel,5529,0,1,Not Identified,,1000_9999,1,zero,,,0,,not_applicable,knn,
PRFW20250313174,1 to 2 Family,Fence,Addition,2548,0,1,Res.1&2 or Guest House,Res.1&2 or Guest House,1000_9999,1,zero,Res.1&2 or Guest House,Res.1&2 or Guest House,0,,not_applicable,knn,
PRFW20250313221,1 to 2 Family,Fence,New Construction,3066.25,0,1,Res.1&2 or Guest House,Res.1&2 or Guest House,1000_9999,1,zero,Res.1&2 or Guest House,Res.1&2 or Guest House,0,,not_applicable,knn,
PRFW20250313276,1 to 2 Family,Fence,New Construction,3500,0,1,Res.1&2 or Guest House,Res.1&2 or Guest House,1000_9999,1,zero,Res.1&2 or Guest House,Res.1&2 or Guest House,0,,not_applicable,knn,
PRFW20250313372,1 to 2 Family,Fence,New Construction,9000,0,1,Res.1&2 or Guest House,Res.1&2 or Guest House,1000_9999,1,zero,Res.1&2 or Guest House,Res.1&2 or Guest House,0,,not_applicable,knn,
PRFW20250313453,1 to 2 Family,Fence,Addition,1600,0,1,Res.1&2 or Guest House,Res.1&2 or Guest House,1000_9999,1,zero,Res.1&2 or Guest House,Res.1&2 or Guest House,0,,not_applicable,knn,
PRFW20250313485,1 to 2 Family,Fence,Alteration/Remodel,4600,0,1,Res.1&2 or Guest House,Res.1&2 or Guest House,1000_9999,1,zero,Res.1&2 or Guest House,Res.1&2 or Guest House,0,,not_applicable,knn,
PRFW20250413616,1 to 2 Family,Fence,New Construction,4000,0,1,Res.1&2 or Guest House,Res.1&2 or Guest House,1000_9999,1,zero,Res.1&2 or Guest House,Res.1&2 or Guest House,0,,not_applicable,knn,
PRFW20250413644,1 to 2 Family,Fence,New Construction,5000,0,1,Res.1&2 or Guest House,Res.1&2 or Guest House,1000_9999,1,zero,Res.1&2 or Guest House,,1,Res.1&2 or Guest House,knn,knn,1.0
PRFW20250413727,1 to 2 Family,Fence,Alteration/Remodel,10087,0,1,Res.1&2 or Guest House,Res.1&2 or Guest House,10000_99999,1,zero,Res.1&2 or Guest House,,1,Res.1&2 or Guest House,knn,knn,1.0
PRFW20250413741,1 to 2 Family,Fence,New Construction,2000,0,1,Res.1&2 or Guest House,Res.1&2 or Guest House,1000_9999,1,zero,Res.1&2 or Guest House,,1,Res.1&2 or Guest House,knn,knn,1.0
PRFW20250413742,1 to 2 Family,Fence,Alteration/Remodel,2500,0,1,Res.1&2 or Guest House,Res.1&2 or Guest House,1000_9999,1,zero,Res.1&2 or Guest House,Res.1&2 or Guest House,0,,not_applicable,knn,
PRFW20250413766,1 to 2 Family,Fence,Addition,2000,0,1,Not Identified,,1000_9999,1,zero,,,0,,not_applicable,knn,
PRFW20250413900,1 to 2 Family,Fence,New Construction,2500,0,1,Not Identified,,1000_9999,1,zero,,,0,,not_applicable,knn,
PRFW20250413906,1 to 2 Family,Fence,New Construction,3100,0,1,Not Identified,,1000_9999,1,zero,,,0,,not_applicable,knn,
PRFW20250413919,1 to 2 Family,Fence,Addition,18900,0,1,Not Identified,,10000_99999,1,zero,,,0,,not_applicable,knn,
PRFW20250413976,1 to 2 Family,Fence,New Construction,2000,0,1,Not Identified,,1000_9999,1,zero,,,0,,not_applicable,knn,
PRFW20250414013,1 to 2 Family,Fence,New Construction,3000,0,1,Res.1&2 or Guest House,Res.1&2 or Guest House,1000_9999,1,zero,Res.1&2 or Guest House,Res.1&2 or Guest House,0,,not_applicable,knn,
PRFW20250414015,1 to 2 Family,Fence,Addition,8700,0,0,Res.1&2 or Guest House,Res.1&2 or Guest House,1000_9999,0,zero,Res.1&2 or Guest House,Res.1&2 or Guest House,0,,not_applicable,knn,
PRFW20250414149,1 to 2 Family,Fence,,1000,0,1,Not Identified,,1000_9999,1,zero,,,0,,not_applicable,knn,
PRFW20250414185,1 to 2 Family,Fence,New Construction,700,0,1,Res.1&2 or Guest House,Res.1&2 or Guest House,2_999,1,zero,Res.1&2 or Guest House,Res.1&2 or Guest House,0,,not_applicable,knn,
PRFW20250414213,1 to 2 Family,Fence,Addition,4102,0,1,Not Identified,,1000_9999,1,zero,,,0,,not_applicable,knn,
PRFW20250414345,1 to 2 Family,Fence,New Construction,9000,0,1,Not Identified,,1000_9999,1,zero,,,0,,not_applicable,knn,
PRFW20250414446,1 to 2 Family,Fence,New Construction,500,0,1,Not Identified,,2_999,1,zero,,,0,,not_applicable,knn,
PRFW20250414456,1 to 2 Family,Fence,New Construction,3800,0,1,Res.1&2 or Guest House,Res.1&2 or Guest House,1000_9999,1,zero,Res.1&2 or Guest House,,1,Res.1&2 or Guest House,knn,knn,1.0
PRFW20250414485,1 to 2 Family,Fence,Addition,9000,0,1,Res.1&2 or Guest House,Res.1&2 or Guest House,1000_9999,1,zero,Res.1&2 or Guest House,Res.1&2 or Guest House,0,,not_applicable,knn,
PRFW20250414562,1 to 2 Family,Fence,Alteration/Remodel,2147,0,1,Res.1&2 or Guest House,Res.1&2 or Guest House,1000_9999,1,zero,Res.1&2 or Guest House,,1,Res.1&2 or Guest House,knn,knn,1.0
PRFW20250414569,1 to 2 Family,Fence,Addition,26000,0,1,Res.1&2 or Guest House,Res.1&2 or Guest House,10000_99999,1,zero,Res.1&2 or Guest House,Res.1&2 or Guest House,0,,not_applicable,knn,
PRFW20250414739,1 to 2 Family,Fence,Addition,5200,0,1,Not Identified,,1000_9999,1,zero,,,0,,not_applicable,knn,
PRFW20250414750,1 to 2 Family,Fence,Addition,2200,0,1,Not Identified,,1000_9999,1,zero,,,0,,not_applicable,knn,
PRFW20250414754,1 to 2 Family,Fence,Addition,2200,0,1,Not Identified,,1000_9999,1,zero,,,0,,not_applicable,knn,
PRFW20250414771,1 to 2 Family,Fence,Addition,2000,0,1,Not Identified,,1000_9999,1,zero,,,0,,not_applicable,knn,
PRFW20250414795,1 to 2 Family,Fence,,1900,0,1,Not Identified,,1000_9999,1,zero,,,0,,not_applicable,knn,
PRFW20250414867,1 to 2 Family,Fence,New Construction,8000,0,1,Res.1&2 or Guest House,Res.1&2 or Guest House,1000_9999,1,zero,Res.1&2 or Guest House,,1,Res.1&2 or Guest House,knn,knn,1.0
PRFW20250414894,1 to 2 Family,Fence,Alteration/Remodel,3273,0,1,Res.1&2 or Guest House,Res.1&2 or Guest House,1000_9999,1,zero,Res.1&2 or Guest House,Res.1&2 or Guest House,0,,not_applicable,knn,
PRFW20250415016,1 to 2 Family,Fence,New Construction,5400,0,1,Not Identified,,1000_9999,1,zero,,,0,,not_applicable,knn,
PRFW20250415188,1 to 2 Family,Fence,Alteration/Remodel,32722,0,1,Res.1&2 or Guest House,Res.1&2 or Guest House,10000_99999,1,zero,Res.1&2 or Guest House,Res.1&2 or Guest House,0,,not_applicable,knn,
PRFW20250415192,1 to 2 Family,Fence,Addition,3600,0,1,Not Identified,,1000_9999,1,zero,,,0,,not_applicable,knn,
PRFW20250415261,1 to 2 Family,Fence,Alteration/Remodel,4578.28,0,0,Not Identified,,1000_9999,0,zero,,,0,,not_applicable,knn,
PRFW20250415268,1 to 2 Family,Fence,New Construction,450,0,1,Res.1&2 or Guest House,Res.1&2 or Guest House,2_999,1,zero,Res.1&2 or Guest House,Res.1&2 or Guest House,0,,not_applicable,knn,
PRFW20250415422,1 to 2 Family,Fence,Alteration/Remodel,8576,0,1,Res.1&2 or Guest House,Res.1&2 or Guest House,1000_9999,1,zero,Res.1&2 or Guest House,,1,Res.1&2 or Guest House,knn,knn,1.0
PRFW20250415433,1 to 2 Family,Fence,Alteration/Remodel,3591,0,1,Res.1&2 or Guest House,Res.1&2 or Guest House,1000_9999,1,zero,Res.1&2 or Guest House,Res.1&2 or Guest House,0,,not_applicable,knn,
PRFW20250415446,1 to 2 Family,Fence,Addition,4400,0,1,Not Identified,,1000_9999,1,zero,,,0,,not_applicable,knn,
PRFW20250415463,1 to 2 Family,Fence,New Construction,5200,0,1,Not Identified,,1000_9999,1,zero,,,0,,not_applicable,knn,
PRFW20250415480,1 to 2 Family,Fence,New Construction,5000,0,0,Not Identified,,1000_9999,0,zero,,,0,,not_applicable,knn,
PRFW20250415531,1 to 2 Family,Fence,New Construction,5000,0,1,Not Identified,,1000_9999,1,zero,,,0,,not_applicable,knn,
PRFW20250415982,1 to 2 Family,Fence,New Construction,6000,0,1,Not Identified,,1000_9999,1,zero,,,0,,not_applicable,knn,
PRFW20250416339,1 to 2 Family,Fence,New Construction,5000,0,1,Not Identified,,1000_9999,1,zero,,,0,,not_applicable,knn,
PRFW20250416359,1 to 2 Family,Fence,Addition,990,0,1,Not Identified,,2_999,1,zero,,,0,,not_applicable,knn,
PRFW20250416375,1 to 2 Family,Fence,New Construction,4800,0,1,Not Identified,,1000_9999,1,zero,,,0,,not_applicable,knn,
PRFW20250416432,1 to 2 Family,Fence,New Construction,2800,0,1,Res.1&2 or Guest House,Res.1&2 or Guest House,1000_9999,1,zero,Res.1&2 or Guest House,,1,Res.1&2 or Guest House,knn,knn,1.0
PRFW20250416445,1 to 2 Family,Fence,Alteration/Remodel,3200,0,1,Not Identified,,1000_9999,1,zero,,,0,,not_applicable,knn,
PRFW20250416472,1 to 2 Family,Fence,Addition,7700,0,1,Not Identified,,1000_9999,1,zero,,,0,,not_applicable,knn,
PRFW20250416732,1 to 2 Family,Fence,New Construction,3200,0,1,Not Identified,,1000_9999,1,zero,,,0,,not_applicable,knn,
PRFW20250416764,1 to 2 Family,Fence,,3000,0,1,Res.1&2 or Guest House,Res.1&2 or Guest House,1000_9999,1,zero,Res.1&2 or Guest House,,1,Res.1&2 or Guest House,knn,knn,1.0
PRFW20250416848,1 to 2 Family,Fence,Addition,20000,0,1,Res.1&2 or Guest House,Res.1&2 or Guest House,10000_99999,1,zero,Res.1&2 or Guest House,,1,Res.1&2 or Guest House,knn,knn,1.0
PRFW20250417190,1 to 2 Family,Fence,New Construction,10000,0,1,Not Identified,,10000_99999,1,zero,,,0,,not_applicable,knn,
PRGR20221152025,1 to 2 Family,Revision - Building,New Construction,100,0,1,Res.1&2 or Guest House,Res.1&2 or Guest House,2_999,1,zero,Res.1&2 or Guest House,Res.1&2 or Guest House,0,,not_applicable,knn,
PRGR20240834026,1 to 2 Family,Revision - Building,New Construction,40000,508,1,Res.1&2 or Guest House,Res.1&2 or Guest House,10000_99999,1,nonzero,Res.1&2 or Guest House,,1,Res.1&2 or Guest House,knn,knn,1.0
PRGR20240835190,1 to 2 Family,Revision - Building,New Construction,4200,1950,1,Res.1&2 or Guest House,Res.1&2 or Guest House,1000_9999,1,nonzero,Res.1&2 or Guest House,Res.1&2 or Guest House,0,,not_applicable,knn,
PRGR20241146832,1 to 2 Family,Garage,New Construction,120000,2400,1,Res.1&2 or Guest House,Res.1&2 or Guest House,100000_plus,1,nonzero,Res.1&2 or Guest House,Res.1&2 or Guest House,0,,not_applicable,knn,
PRGR20250103094,1 to 2 Family,Garage,New Construction,85000,2480,1,Res.1&2 or Guest House,Res.1&2 or Guest House,10000_99999,1,nonzero,Res.1&2 or Guest House,Res.1&2 or Guest House,0,,not_applicable,knn,
PRGR20250208090,1 to 2 Family,Garage,New Construction,125000,3200,1,Res.1&2 or Guest House,Res.1&2 or Guest House,100000_plus,1,nonzero,Res.1&2 or Guest House,Res.1&2 or Guest House,0,,not_applicable,knn,
PRGS20230938060,Commercial,Revision - Building,Alteration/Remodel,200,1,1,Commercial,Commercial,2_999,1,nonzero,Commercial,Commercial,0,,not_applicable,knn,
PRGS20231251432,1 to 2 Family,Revision - Building,Alteration/Remodel,1,0,1,Res.1&2 or Guest House,Res.1&2 or Guest House,le_1,1,zero,Res.1&2 or Guest House,Res.1&2 or Guest House,0,,not_applicable,knn,
PRGS20240102123,Commercial,Gas,Alteration/Remodel,10852,0,1,Commercial,Commercial,10000_99999,1,zero,Commercial,,1,Commercial,knn,knn,1.0
PRGS20240417213,1 to 2 Family,Revision - Building,Alteration/Remodel,50,0,1,Res.1&2 or Guest House,Res.1&2 or Guest House,2_999,1,zero,Res.1&2 or Guest House,Res.1&2 or Guest House,0,,not_applicable,knn,
PRGS20240521840,1 to 2 Family,Revision - Building,Alteration/Remodel,1,0,0,Res.1&2 or Guest House,Res.1&2 or Guest House,le_1,0,zero,Res.1&2 or Guest House,,1,Res.1&2 or Guest House,knn,knn,1.0
PRGS20240522830,1 to 2 Family,Revision - Building,Alteration/Remodel,1,0,1,Res.1&2 or Guest House,Res.1&2 or Guest House,le_1,1,zero,Res.1&2 or Guest House,,1,Res.1&2 or Guest House,knn,knn,1.0
PRGS20240624461,1 to 2 Family,Revision - Building,Alteration/Remodel,1,0,1,Res.1&2 or Guest House,Res.1&2 or Guest House,le_1,1,zero,Res.1&2 or Guest House,Res.1&2 or Guest House,0,,not_applicable,knn,
PRGS20240627187,1 to 2 Family,Revision - Building,Alteration/Remodel,1,0,0,Res.1&2 or Guest House,Res.1&2 or Guest House,le_1,0,zero,Res.1&2 or Guest House,Res.1&2 or Guest House,0,,not_applicable,knn,
PRGS20240939413,1 to 2 Family,Revision - Building,Alteration/Remodel,1,0,1,Res.1&2 or Guest House,Res.1&2 or Guest House,le_1,1,zero,Res.1&2 or Guest House,,1,Res.1&2 or Guest House,knn,knn,1.0
PRGS20241042110,1 to 2 Family,Revision - Building,Alteration/Remodel,1,0,1,Res.1&2 or Guest House,Res.1&2 or Guest House,le_1,1,zero,Res.1&2 or Guest House,Res.1&2 or Guest House,0,,not_applicable,knn,
PRGS20241043164,1 to 2 Family,Revision - Building,Alteration/Remodel,1,0,1,Res.1&2 or Guest House,Res.1&2 or Guest House,le_1,1,zero,Res.1&2 or Guest House,Res.1&2 or Guest House,0,,not_applicable,knn,
PRGS20241043560,1 to 2 Family,Revision - Building,Alteration/Remodel,1,0,0,Res.1&2 or Guest House,Res.1&2 or Guest House,le_1,0,zero,Res.1&2 or Guest House,Res.1&2 or Guest House,0,,not_applicable,knn,
PRGS20241146695,1 to 2 Family,Revision - Building,Alteration/Remodel,1,0,1,Res.1&2 or Guest House,Res.1&2 or Guest House,le_1,1,zero,Res.1&2 or Guest House,Res.1&2 or Guest House,0,,not_applicable,knn,
PRGS20241146874,1 to 2 Family,Revision - Building,Alteration/Remodel,50,0,0,Res.1&2 or Guest House,Res.1&2 or Guest House,2_999,0,zero,Res.1&2 or Guest House,Res.1&2 or Guest House,0,,not_applicable,knn,
PRGS20241147520,1 to 2 Family,Gas,Alteration/Remodel,850,0,1,Res.1&2 or Guest House,Res.1&2 or Guest House,2_999,1,zero,Res.1&2 or Guest House,Res.1&2 or Guest House,0,,not_applicable,knn,
PRGS20241147663,1 to 2 Family,Revision - Building,Alteration/Remodel,2000,0,1,Res.1&2 or Guest House,Res.1&2 or Guest House,1000_9999,1,zero,Res.1&2 or Guest House,Res.1&2 or Guest House,0,,not_applicable,knn,
PRGS20241248024,1 to 2 Family,Revision - Building,Alteration/Remodel,1,0,0,Res.1&2 or Guest House,Res.1&2 or Guest House,le_1,0,zero,Res.1&2 or Guest House,,1,Res.1&2 or Guest House,knn,knn,1.0
PRGS20241251548,1 to 2 Family,Revision - Building,Alteration/Remodel,0,0,0,Res.1&2 or Guest House,Res.1&2 or Guest House,le_1,0,zero,Res.1&2 or Guest House,Res.1&2 or Guest House,0,,not_applicable,knn,
PRGS20241251685,1 to 2 Family,Revision - Building,Alteration/Remodel,1,0,1,Res.1&2 or Guest House,Res.1&2 or Guest House,le_1,1,zero,Res.1&2 or Guest House,Res.1&2 or Guest House,0,,not_applicable,knn,
PRGS20250100272,1 to 2 Family,Revision - Building,Alteration/Remodel,10,0,0,Res.1&2 or Guest House,Res.1&2 or Guest House,2_999,0,zero,Res.1&2 or Guest House,Res.1&2 or Guest House,0,,not_applicable,knn,
PRGS20250101430,1 to 2 Family,Revision - Building,Alteration/Remodel,250,0,0,Res.1&2 or Guest House,Res.1&2 or Guest House,2_999,0,zero,Res.1&2 or Guest House,Res.1&2 or Guest House,0,,not_applicable,knn,
PRGS20250102225,1 to 2 Family,Revision - Building,Alteration/Remodel,2397.2199999999998,0,1,Res.1&2 or Guest House,Res.1&2 or Guest House,1000_9999,1,zero,Res.1&2 or Guest House,Res.1&2 or Guest House,0,,not_applicable,knn,
PRGS20250102513,1 to 2 Family,Revision - Building,Alteration/Remodel,1,0,0,Res.1&2 or Guest House,Res.1&2 or Guest House,le_1,0,zero,Res.1&2 or Guest House,Res.1&2 or Guest House,0,,not_applicable,knn,
PRGS20250102541,1 to 2 Family,Revision - Building,Alteration/Remodel,1,0,1,Res.1&2 or Guest House,Res.1&2 or Guest House,le_1,1,zero,Res.1&2 or Guest House,,1,Res.1&2 or Guest House,knn,knn,1.0
PRGS20250102740,1 to 2 Family,Revision - Building,Alteration/Remodel,1,0,1,Res.1&2 or Guest House,Res.1&2 or Guest House,le_1,1,zero,Res.1&2 or Guest House,Res.1&2 or Guest House,0,,not_applicable,knn,
PRGS20250102981,1 to 2 Family,Revision - Building,Alteration/Remodel,1,0,1,Res.1&2 or Guest House,Res.1&2 or Guest House,le_1,1,zero,Res.1&2 or Guest House,Res.1&2 or Guest House,0,,not_applicable,knn,
PRGS20250103433,1 to 2 Family,Revision - Building,Alteration/Remodel,1,0,0,Res.1&2 or Guest House,Res.1&2 or Guest House,le_1,0,zero,Res.1&2 or Guest House,Res.1&2 or Guest House,0,,not_applicable,knn,
PRGS20250103779,Commercial,Gas,Alteration/Remodel,14220,0,1,Commercial,Commercial,10000_99999,1,zero,Commercial,Commercial,0,,not_applicable,knn,
PRGS20250104238,1 to 2 Family,Revision - Building,Alteration/Remodel,2220,0,0,Res.1&2 or Guest House,Res.1&2 or Guest House,1000_9999,0,zero,Res.1&2 or Guest House,Res.1&2 or Guest House,0,,not_applicable,knn,
PRGS20250204449,1 to 2 Family,Revision - Building,Alteration/Remodel,1520,0,1,Res.1&2 or Guest House,Res.1&2 or Guest House,1000_9999,1,zero,Res.1&2 or Guest House,Res.1&2 or Guest House,0,,not_applicable,knn,
PRGS20250204765,1 to 2 Family,Revision - Building,Alteration/Remodel,1,0,1,Res.1&2 or Guest House,Res.1&2 or Guest House,le_1,1,zero,Res.1&2 or Guest House,Res.1&2 or Guest House,0,,not_applicable,knn,
PRGS20250204868,1 to 2 Family,Revision - Building,Alteration/Remodel,1,0,1,Res.1&2 or Guest House,Res.1&2 or Guest House,le_1,1,zero,Res.1&2 or Guest House,,1,Res.1&2 or Guest House,knn,knn,1.0
PRGS20250204977,1 to 2 Family,Revision - Building,Alteration/Remodel,1,0,1,Res.1&2 or Guest House,Res.1&2 or Guest House,le_1,1,zero,Res.1&2 or Guest House,,1,Res.1&2 or Guest House,knn,knn,1.0
PRGS20250205994,1 to 2 Family,Revision - Building,Alteration/Remodel,1,0,0,Res.1&2 or Guest House,Res.1&2 or Guest House,le_1,0,zero,Res.1&2 or Guest House,Res.1&2 or Guest House,0,,not_applicable,knn,
PRGS20250206023,1 to 2 Family,Revision - Building,Alteration/Remodel,1,0,0,Res.1&2 or Guest House,Res.1&2 or Guest House,le_1,0,zero,Res.1&2 or Guest House,Res.1&2 or Guest House,0,,not_applicable,knn,
PRGS20250206348,1 to 2 Family,Gas,Alteration/Remodel,13158,0,1,Res.1&2 or Guest House,Res.1&2 or Guest House,10000_99999,1,zero,Res.1&2 or Guest House,Res.1&2 or Guest House,0,,not_applicable,knn,
PRGS20250206362,1 to 2 Family,Gas,Alteration/Remodel,864,0,1,Res.1&2 or Guest House,Res.1&2 or Guest House,2_999,1,zero,Res.1&2 or Guest House,Res.1&2 or Guest House,0,,not_applicable,knn,
PRGS20250206637,1 to 2 Family,Revision - Building,Alteration/Remodel,1,0,1,Res.1&2 or Guest House,Res.1&2 or Guest House,le_1,1,zero,Res.1&2 or Guest House,Res.1&2 or Guest House,0,,not_applicable,knn,
PRGS20250206663,1 to 2 Family,Revision - Building,Alteration/Remodel,1,0,0,Res.1&2 or Guest House,Res.1&2 or Guest House,le_1,0,zero,Res.1&2 or Guest House,Res.1&2 or Guest House,0,,not_applicable,knn,
PRGS20250206868,1 to 2 Family,Gas,Alteration/Remodel,5000,0,1,Res.1&2 or Guest House,Res.1&2 or Guest House,1000_9999,1,zero,Res.1&2 or Guest House,Res.1&2 or Guest House,0,,not_applicable,knn,
PRGS20250207129,1 to 2 Family,Gas,Alteration/Remodel,2450,0,1,Res.1&2 or Guest House,Res.1&2 or Guest House,1000_9999,1,zero,Res.1&2 or Guest House,Res.1&2 or Guest House,0,,not_applicable,knn,
PRGS20250207157,1 to 2 Family,Revision - Building,Alteration/Remodel,1,0,0,Res.1&2 or Guest House,Res.1&2 or Guest House,le_1,0,zero,Res.1&2 or Guest House,Res.1&2 or Guest House,0,,not_applicable,knn,
PRGS20250207256,1 to 2 Family,Revision - Building,Alteration/Remodel,1,0,1,Res.1&2 or Guest House,Res.1&2 or Guest House,le_1,1,zero,Res.1&2 or Guest House,Res.1&2 or Guest House,0,,not_applicable,knn,
PRGS20250207330,1 to 2 Family,Revision - Building,Alteration/Remodel,1200,0,0,Res.1&2 or Guest House,Res.1&2 or Guest House,1000_9999,0,zero,Res.1&2 or Guest House,Res.1&2 or Guest House,0,,not_applicable,knn,
PRGS20250207489,1 to 2 Family,Gas,Alteration/Remodel,5000,0,1,Res.1&2 or Guest House,Res.1&2 or Guest House,1000_9999,1,zero,Res.1&2 or Guest House,Res.1&2 or Guest House,0,,not_applicable,knn,
PRGS20250207697,1 to 2 Family,Revision - Building,Alteration/Remodel,1,0,1,Res.1&2 or Guest House,Res.1&2 or Guest House,le_1,1,zero,Res.1&2 or Guest House,Res.1&2 or Guest House,0,,not_applicable,knn,
PRGS20250208113,1 to 2 Family,Gas,Alteration/Remodel,1845,0,1,Res.1&2 or Guest House,Res.1&2 or Guest House,1000_9999,1,zero,Res.1&2 or Guest House,Res.1&2 or Guest House,0,,not_applicable,knn,
PRGS20250208140,1 to 2 Family,Gas,Alteration/Remodel,1600,0,1,Res.1&2 or Guest House,Res.1&2 or Guest House,1000_9999,1,zero,Res.1&2 or Guest House,Res.1&2 or Guest House,0,,not_applicable,knn,
PRGS20250208302,1 to 2 Family,Gas,Alteration/Remodel,5900,0,1,Res.1&2 or Guest House,Res.1&2 or Guest House,1000_9999,1,zero,Res.1&2 or Guest House,Res.1&2 or Guest House,0,,not_applicable,knn,
PRGS20250208524,1 to 2 Family,Revision - Building,Alteration/Remodel,1,0,0,Res.1&2 or Guest House,Res.1&2 or Guest House,le_1,0,zero,Res.1&2 or Guest House,Res.1&2 or Guest House,0,,not_applicable,knn,
PRGS20250308882,1 to 2 Family,Gas,Alteration/Remodel,1500,0,1,Res.1&2 or Guest House,Res.1&2 or Guest House,1000_9999,1,zero,Res.1&2 or Guest House,Res.1&2 or Guest House,0,,not_applicable,knn,
PRGS20250309014,1 to 2 Family,Gas,Alteration/Remodel,1000,0,1,Res.1&2 or Guest House,Res.1&2 or Guest House,1000_9999,1,zero,Res.1&2 or Guest House,Res.1&2 or Guest House,0,,not_applicable,knn,
PRGS20250309054,1 to 2 Family,Gas,Alteration/Remodel,7800,0,1,Res.1&2 or Guest House,Res.1&2 or Guest House,1000_9999,1,zero,Res.1&2 or Guest House,Res.1&2 or Guest House,0,,not_applicable,knn,
PRGS20250309076,1 to 2 Family,Revision - Building,Alteration/Remodel,390,0,1,Res.1&2 or Guest House,Res.1&2 or Guest House,2_999,1,zero,Res.1&2 or Guest House,Res.1&2 or Guest House,0,,not_applicable,knn,
PRGS20250309264,1 to 2 Family,Revision - Building,Alteration/Remodel,1,0,1,Res.1&2 or Guest House,Res.1&2 or Guest House,le_1,1,zero,Res.1&2 or Guest House,Res.1&2 or Guest House,0,,not_applicable,knn,
PRGS20250309336,Commercial,Revision - Building,Alteration/Remodel,30000,0,1,Not Identified,,10000_99999,1,zero,,,0,,not_applicable,knn,
PRGS20250309336,Commercial,Gas,Alteration/Remodel,30000,0,1,Not Identified,,10000_99999,1,zero,,,0,,not_applicable,knn,
PRGS20250309381,1 to 2 Family,Gas,Alteration/Remodel,1000,0,1,Res.1&2 or Guest House,Res.1&2 or Guest House,1000_9999,1,zero,Res.1&2 or Guest House,Res.1&2 or Guest House,0,,not_applicable,knn,
PRGS20250309636,Commercial,Gas,Alteration/Remodel,7894,0,1,Commercial,Commercial,1000_9999,1,zero,Commercial,Commercial,0,,not_applicable,knn,
PRGS20250309737,1 to 2 Family,Gas,Alteration/Remodel,5574,0,1,Res.1&2 or Guest House,Res.1&2 or Guest House,1000_9999,1,zero,Res.1&2 or Guest House,Res.1&2 or Guest House,0,,not_applicable,knn,
PRGS20250309753,1 to 2 Family,Gas,Alteration/Remodel,4500,0,1,Res.1&2 or Guest House,Res.1&2 or Guest House,1000_9999,1,zero,Res.1&2 or Guest House,Res.1&2 or Guest House,0,,not_applicable,knn,
PRGS20250309852,1 to 2 Family,Gas,Alteration/Remodel,10543,0,1,Res.1&2 or Guest House,Res.1&2 or Guest House,10000_99999,1,zero,Res.1&2 or Guest House,,1,Res.1&2 or Guest House,knn,knn,1.0
PRGS20250309856,Commercial,Gas,Alteration/Remodel,9525,0,1,Commercial,Commercial,1000_9999,1,zero,Commercial,Commercial,0,,not_applicable,knn,
PRGS20250309901,1 to 2 Family,Gas,Alteration/Remodel,8000,0,1,Res.1&2 or Guest House,Res.1&2 or Guest House,1000_9999,1,zero,Res.1&2 or Guest House,Res.1&2 or Guest House,0,,not_applicable,knn,
PRGS20250310037,1 to 2 Family,Revision - Building,Alteration/Remodel,0.01,0,1,Res.1&2 or Guest House,Res.1&2 or Guest House,le_1,1,zero,Res.1&2 or Guest House,Res.1&2 or Guest House,0,,not_applicable,knn,
PRGS20250310101,1 to 2 Family,Gas,Alteration/Remodel,1000,0,1,Res.1&2 or Guest House,Res.1&2 or Guest House,1000_9999,1,zero,Res.1&2 or Guest House,,1,Res.1&2 or Guest House,knn,knn,1.0
PRGS20250310190,1 to 2 Family,Gas,Alteration/Remodel,1000,0,1,Res.1&2 or Guest House,Res.1&2 or Guest House,1000_9999,1,zero,Res.1&2 or Guest House,Res.1&2 or Guest House,0,,not_applicable,knn,
PRGS20250310358,1 to 2 Family,Gas,Alteration/Remodel,1900,0,1,Res.1&2 or Guest House,Res.1&2 or Guest House,1000_9999,1,zero,Res.1&2 or Guest House,Res.1&2 or Guest House,0,,not_applicable,knn,
PRGS20250310620,1 to 2 Family,Gas,Alteration/Remodel,7900,0,1,Res.1&2 or Guest House,Res.1&2 or Guest House,1000_9999,1,zero,Res.1&2 or Guest House,Res.1&2 or Guest House,0,,not_applicable,knn,
PRGS20250310629,1 to 2 Family,Gas,Alteration/Remodel,1200,0,1,Res.1&2 or Guest House,Res.1&2 or Guest House,1000_9999,1,zero,Res.1&2 or Guest House,,1,Res.1&2 or Guest House,knn,knn,1.0
PRGS20250310642,1 to 2 Family,Gas,Alteration/Remodel,850,0,1,Res.1&2 or Guest House,Res.1&2 or Guest House,2_999,1,zero,Res.1&2 or Guest House,Res.1&2 or Guest House,0,,not_applicable,knn,
PRGS20250310669,1 to 2 Family,Gas,Alteration/Remodel,850,0,1,Res.1&2 or Guest House,Res.1&2 or Guest House,2_999,1,zero,Res.1&2 or Guest House,Res.1&2 or Guest House,0,,not_applicable,knn,
PRGS20250310741,1 to 2 Family,Revision - Building,Alteration/Remodel,0.01,0,1,Res.1&2 or Guest House,Res.1&2 or Guest House,le_1,1,zero,Res.1&2 or Guest House,Res.1&2 or Guest House,0,,not_applicable,knn,
PRGS20250310986,1 to 2 Family,Gas,Alteration/Remodel,1250,0,1,Res.1&2 or Guest House,Res.1&2 or Guest House,1000_9999,1,zero,Res.1&2 or Guest House,,1,Res.1&2 or Guest House,knn,knn,1.0
PRGS20250311014,1 to 2 Family,Gas,Alteration/Remodel,850,0,1,Res.1&2 or Guest House,Res.1&2 or Guest House,2_999,1,zero,Res.1&2 or Guest House,Res.1&2 or Guest House,0,,not_applicable,knn,
PRGS20250311028,1 to 2 Family,Gas,Alteration/Remodel,6000,0,1,Res.1&2 or Guest House,Res.1&2 or Guest House,1000_9999,1,zero,Res.1&2 or Guest House,Res.1&2 or Guest House,0,,not_applicable,knn,
PRGS20250311311,1 to 2 Family,Gas,Alteration/Remodel,2000,0,1,Res.1&2 or Guest House,Res.1&2 or Guest House,1000_9999,1,zero,Res.1&2 or Guest House,Res.1&2 or Guest House,0,,not_applicable,knn,
PRGS20250311319,1 to 2 Family,Gas,Alteration/Remodel,1500,0,1,Res.1&2 or Guest House,Res.1&2 or Guest House,1000_9999,1,zero,Res.1&2 or Guest House,Res.1&2 or Guest House,0,,not_applicable,knn,
PRGS20250311352,1 to 2 Family,Gas,Alteration/Remodel,1138,0,1,Res.1&2 or Guest House,Res.1&2 or Guest House,1000_9999,1,zero,Res.1&2 or Guest House,Res.1&2 or Guest House,0,,not_applicable,knn,
PRGS20250311364,1 to 2 Family,Revision - Building,Alteration/Remodel,1,0,0,Res.1&2 or Guest House,Res.1&2 or Guest House,le_1,0,zero,Res.1&2 or Guest House,Res.1&2 or Guest House,0,,not_applicable,knn,
PRGS20250311412,1 to 2 Family,Gas,Alteration/Remodel,2200,0,1,Res.1&2 or Guest House,Res.1&2 or Guest House,1000_9999,1,zero,Res.1&2 or Guest House,,1,Res.1&2 or Guest House,knn,knn,1.0
PRGS20250311417,1 to 2 Family,Gas,Alteration/Remodel,1000,0,1,Res.1&2 or Guest House,Res.1&2 or Guest House,1000_9999,1,zero,Res.1&2 or Guest House,,1,Res.1&2 or Guest House,knn,knn,1.0
PRGS20250311447,Commercial,Gas,Alteration/Remodel,5000,0,1,Commercial,Commercial,1000_9999,1,zero,Commercial,Commercial,0,,not_applicable,knn,
PRGS20250311454,1 to 2 Family,Gas,Alteration/Remodel,850,0,1,Res.1&2 or Guest House,Res.1&2 or Guest House,2_999,1,zero,Res.1&2 or Guest House,Res.1&2 or Guest House,0,,not_applicable,knn,
PRGS20250311466,1 to 2 Family,Gas,Alteration/Remodel,9435,0,1,Res.1&2 or Guest House,Res.1&2 or Guest House,1000_9999,1,zero,Res.1&2 or Guest House,Res.1&2 or Guest House,0,,not_applicable,knn,
PRGS20250311482,1 to 2 Family,Gas,Alteration/Remodel,1828.45,0,1,Res.1&2 or Guest House,Res.1&2 or Guest House,1000_9999,1,zero,Res.1&2 or Guest House,Res.1&2 or Guest House,0,,not_applicable,knn,
PRGS20250311495,1 to 2 Family,Gas,Alteration/Remodel,1200,0,1,Res.1&2 or Guest House,Res.1&2 or Guest House,1000_9999,1,zero,Res.1&2 or Guest House,Res.1&2 or Guest House,0,,not_applicable,knn,
PRGS20250311508,Commercial,Gas,Alteration/Remodel,2975,0,1,Residential-Multi-Family,Residential-Multi-Family,1000_9999,1,zero,Residential-Multi-Family,Residential-Multi-Family,0,,not_applicable,knn,
PRGS20250311513,1 to 2 Family,Gas,Alteration/Remodel,1500,0,1,Res.1&2 or Guest House,Res.1&2 or Guest House,1000_9999,1,zero,Res.1&2 or Guest House,Res.1&2 or Guest House,0,,not_applicable,knn,
PRGS20250311539,1 to 2 Family,Gas,Alteration/Remodel,9565,0,1,Res.1&2 or Guest House,Res.1&2 or Guest House,1000_9999,1,zero,Res.1&2 or Guest House,Res.1&2 or Guest House,0,,not_applicable,knn,
PRGS20250311627,1 to 2 Family,Gas,Alteration/Remodel,1000,0,1,Res.1&2 or Guest House,Res.1&2 or Guest House,1000_9999,1,zero,Res.1&2 or Guest House,Res.1&2 or Guest House,0,,not_applicable,knn,
PRGS20250311629,1 to 2 Family,Gas,Alteration/Remodel,1000,0,1,Res.1&2 or Guest House,Res.1&2 or Guest House,1000_9999,1,zero,Res.1&2 or Guest House,Res.1&2 or Guest House,0,,not_applicable,knn,
PRGS20250311670,1 to 2 Family,Gas,Alteration/Remodel,2300,0,1,Res.1&2 or Guest House,Res.1&2 or Guest House,1000_9999,1,zero,Res.1&2 or Guest House,Res.1&2 or Guest House,0,,not_applicable,knn,
PRGS20250311724,1 to 2 Family,Revision - Building,Alteration/Remodel,1,0,1,Res.1&2 or Guest House,Res.1&2 or Guest House,le_1,1,zero,Res.1&2 or Guest House,,1,Res.1&2 or Guest House,knn,knn,1.0
PRGS20250311724,1 to 2 Family,Gas,Alteration/Remodel,2358.9499999999998,0,1,Res.1&2 or Guest House,Res.1&2 or Guest House,1000_9999,1,zero,Res.1&2 or Guest House,Res.1&2 or Guest House,0,,not_applicable,knn,
PRGS20250311728,1 to 2 Family,Gas,Alteration/Remodel,5000,0,1,Res.1&2 or Guest House,Res.1&2 or Guest House,1000_9999,1,zero,Res.1&2 or Guest House,Res.1&2 or Guest House,0,,not_applicable,knn,
PRGS20250311761,1 to 2 Family,Gas,Alteration/Remodel,7490,0,1,Res.1&2 or Guest House,Res.1&2 or Guest House,1000_9999,1,zero,Res.1&2 or Guest House,Res.1&2 or Guest House,0,,not_applicable,knn,
PRGS20250311795,1 to 2 Family,Gas,Alteration/Remodel,850,0,1,Res.1&2 or Guest House,Res.1&2 or Guest House,2_999,1,zero,Res.1&2 or Guest House,Res.1&2 or Guest House,0,,not_applicable,knn,
PRGS20250311807,1 to 2 Family,Gas,Alteration/Remodel,1000,0,1,Res.1&2 or Guest House,Res.1&2 or Guest House,1000_9999,1,zero,Res.1&2 or Guest House,Res.1&2 or Guest House,0,,not_applicable,knn,
PRGS20250311826,1 to 2 Family,Gas,Alteration/Remodel,900,0,1,Res.1&2 or Guest House,Res.1&2 or Guest House,2_999,1,zero,Res.1&2 or Guest House,Res.1&2 or Guest House,0,,not_applicable,knn,
PRGS20250311834,1 to 2 Family,Gas,Alteration/Remodel,24000,0,1,Res.1&2 or Guest House,Res.1&2 or Guest House,10000_99999,1,zero,Res.1&2 or Guest House,Res.1&2 or Guest House,0,,not_applicable,knn,
PRGS20250311909,1 to 2 Family,Gas,Alteration/Remodel,850,0,1,Res.1&2 or Guest House,Res.1&2 or Guest House,2_999,1,zero,Res.1&2 or Guest House,,1,Res.1&2 or Guest House,knn,knn,1.0
PRGS20250311917,1 to 2 Family,Gas,Alteration/Remodel,850,0,1,Res.1&2 or Guest House,Res.1&2 or Guest House,2_999,1,zero,Res.1&2 or Guest House,Res.1&2 or Guest House,0,,not_applicable,knn,
PRGS20250311932,1 to 2 Family,Gas,Alteration/Remodel,7900,0,1,Res.1&2 or Guest House,Res.1&2 or Guest House,1000_9999,1,zero,Res.1&2 or Guest House,Res.1&2 or Guest House,0,,not_applicable,knn,
PRGS20250312014,1 to 2 Family,Gas,Alteration/Remodel,5500,0,1,Res.1&2 or Guest House,Res.1&2 or Guest House,1000_9999,1,zero,Res.1&2 or Guest House,Res.1&2 or Guest House,0,,not_applicable,knn,
PRGS20250312041,1 to 2 Family,Gas,Alteration/Remodel,1800,0,1,Res.1&2 or Guest House,Res.1&2 or Guest House,1000_9999,1,zero,Res.1&2 or Guest House,Res.1&2 or Guest House,0,,not_applicable,knn,
PRGS20250312114,1 to 2 Family,Gas,Alteration/Remodel,7800,0,1,Res.1&2 or Guest House,Res.1&2 or Guest House,1000_9999,1,zero,Res.1&2 or Guest House,,1,Res.1&2 or Guest House,knn,knn,1.0
PRGS20250312140,1 to 2 Family,Gas,Alteration/Remodel,850,0,1,Res.1&2 or Guest House,Res.1&2 or Guest House,2_999,1,zero,Res.1&2 or Guest House,Res.1&2 or Guest House,0,,not_applicable,knn,
PRGS20250312142,1 to 2 Family,Gas,Alteration/Remodel,1000,0,1,Res.1&2 or Guest House,Res.1&2 or Guest House,1000_9999,1,zero,Res.1&2 or Guest House,Res.1&2 or Guest House,0,,not_applicable,knn,
PRGS20250312198,1 to 2 Family,Gas,Alteration/Remodel,7200,0,1,Res.1&2 or Guest House,Res.1&2 or Guest House,1000_9999,1,zero,Res.1&2 or Guest House,Res.1&2 or Guest House,0,,not_applicable,knn,
PRGS20250312222,1 to 2 Family,Gas,Alteration/Remodel,7660,0,1,Res.1&2 or Guest House,Res.1&2 or Guest House,1000_9999,1,zero,Res.1&2 or Guest House,Res.1&2 or Guest House,0,,not_applicable,knn,
PRGS20250312237,1 to 2 Family,Gas,Alteration/Remodel,1200,0,1,Res.1&2 or Guest House,Res.1&2 or Guest House,1000_9999,1,zero,Res.1&2 or Guest House,Res.1&2 or Guest House,0,,not_applicable,knn,
PRGS20250312267,1 to 2 Family,Gas,Alteration/Remodel,950.78,0,1,Res.1&2 or Guest House,Res.1&2 or Guest House,2_999,1,zero,Res.1&2 or Guest House,Res.1&2 or Guest House,0,,not_applicable,knn,
PRGS20250312271,1 to 2 Family,Gas,Alteration/Remodel,850,0,1,Res.1&2 or Guest House,Res.1&2 or Guest House,2_999,1,zero,Res.1&2 or Guest House,Res.1&2 or Guest House,0,,not_applicable,knn,
PRGS20250312303,1 to 2 Family,Gas,Alteration/Remodel,1100,0,1,Res.1&2 or Guest House,Res.1&2 or Guest House,1000_9999,1,zero,Res.1&2 or Guest House,Res.1&2 or Guest House,0,,not_applicable,knn,
PRGS20250312380,1 to 2 Family,Gas,Alteration/Remodel,6700,0,1,Res.1&2 or Guest House,Res.1&2 or Guest House,1000_9999,1,zero,Res.1&2 or Guest House,,1,Res.1&2 or Guest House,knn,knn,1.0
PRGS20250312384,1 to 2 Family,Gas,Alteration/Remodel,575,0,1,Res.1&2 or Guest House,Res.1&2 or Guest House,2_999,1,zero,Res.1&2 or Guest House,Res.1&2 or Guest House,0,,not_applicable,knn,
PRGS20250312386,1 to 2 Family,Gas,Alteration/Remodel,4270,0,1,Res.1&2 or Guest House,Res.1&2 or Guest House,1000_9999,1,zero,Res.1&2 or Guest House,Res.1&2 or Guest House,0,,not_applicable,knn,
PRGS20250312396,1 to 2 Family,Gas,Alteration/Remodel,1500,0,1,Res.1&2 or Guest House,Res.1&2 or Guest House,1000_9999,1,zero,Res.1&2 or Guest House,Res.1&2 or Guest House,0,,not_applicable,knn,
PRGS20250312403,1 to 2 Family,Gas,Alteration/Remodel,1874,0,1,Res.1&2 or Guest House,Res.1&2 or Guest House,1000_9999,1,zero,Res.1&2 or Guest House,Res.1&2 or Guest House,0,,not_applicable,knn,
PRGS20250312459,1 to 2 Family,Gas,Alteration/Remodel,14000,0,1,Res.1&2 or Guest House,Res.1&2 or Guest House,10000_99999,1,zero,Res.1&2 or Guest House,,1,Res.1&2 or Guest House,knn,knn,1.0
PRGS20250312500,1 to 2 Family,Gas,Alteration/Remodel,14000,0,1,Res.1&2 or Guest House,Res.1&2 or Guest House,10000_99999,1,zero,Res.1&2 or Guest House,Res.1&2 or Guest House,0,,not_applicable,knn,
PRGS20250312545,1 to 2 Family,Gas,Alteration/Remodel,1250,0,1,Res.1&2 or Guest House,Res.1&2 or Guest House,1000_9999,1,zero,Res.1&2 or Guest House,Res.1&2 or Guest House,0,,not_applicable,knn,
PRGS20250312552,1 to 2 Family,Gas,Alteration/Remodel,7000,0,1,Res.1&2 or Guest House,Res.1&2 or Guest House,1000_9999,1,zero,Res.1&2 or Guest House,,1,Res.1&2 or Guest House,knn,knn,1.0
PRGS20250312606,1 to 2 Family,Gas,Alteration/Remodel,12500,0,1,Res.1&2 or Guest House,Res.1&2 or Guest House,10000_99999,1,zero,Res.1&2 or Guest House,,1,Res.1&2 or Guest House,knn,knn,1.0
PRGS20250312622,1 to 2 Family,Gas,Alteration/Remodel,1000,0,1,Res.1&2 or Guest House,Res.1&2 or Guest House,1000_9999,1,zero,Res.1&2 or Guest House,Res.1&2 or Guest House,0,,not_applicable,knn,
PRGS20250312629,1 to 2 Family,Gas,Alteration/Remodel,1200,0,1,Res.1&2 or Guest House,Res.1&2 or Guest House,1000_9999,1,zero,Res.1&2 or Guest House,,1,Res.1&2 or Guest House,knn,knn,1.0
PRGS20250312639,1 to 2 Family,Gas,Alteration/Remodel,1200,0,1,Res.1&2 or Guest House,Res.1&2 or Guest House,1000_9999,1,zero,Res.1&2 or Guest House,,1,Res.1&2 or Guest House,knn,knn,1.0
PRGS20250312664,1 to 2 Family,Gas,Alteration/Remodel,2000,0,1,Res.1&2 or Guest House,Res.1&2 or Guest House,1000_9999,1,zero,Res.1&2 or Guest House,Res.1&2 or Guest House,0,,not_applicable,knn,
PRGS20250312686,1 to 2 Family,Gas,Alteration/Remodel,1200,0,1,Res.1&2 or Guest House,Res.1&2 or Guest House,1000_9999,1,zero,Res.1&2 or Guest House,Res.1&2 or Guest House,0,,not_applicable,knn,
PRGS20250312784,1 to 2 Family,Gas,Alteration/Remodel,1700,0,1,Res.1&2 or Guest House,Res.1&2 or Guest House,1000_9999,1,zero,Res.1&2 or Guest House,Res.1&2 or Guest House,0,,not_applicable,knn,
PRGS20250312853,1 to 2 Family,Gas,Alteration/Remodel,6000,0,1,Res.1&2 or Guest House,Res.1&2 or Guest House,1000_9999,1,zero,Res.1&2 or Guest House,Res.1&2 or Guest House,0,,not_applicable,knn,
PRGS20250312863,1 to 2 Family,Gas,Alteration/Remodel,14000,0,1,Res.1&2 or Guest House,Res.1&2 or Guest House,10000_99999,1,zero,Res.1&2 or Guest House,Res.1&2 or Guest House,0,,not_applicable,knn,
PRGS20250312913,1 to 2 Family,Gas,Alteration/Remodel,1800,0,1,Res.1&2 or Guest House,Res.1&2 or Guest House,1000_9999,1,zero,Res.1&2 or Guest House,,1,Res.1&2 or Guest House,knn,knn,1.0
PRGS20250312918,1 to 2 Family,Gas,Alteration/Remodel,1200,0,1,Res.1&2 or Guest House,Res.1&2 or Guest House,1000_9999,1,zero,Res.1&2 or Guest House,Res.1&2 or Guest House,0,,not_applicable,knn,
PRGS20250312922,1 to 2 Family,Gas,Alteration/Remodel,1200,0,1,Res.1&2 or Guest House,Res.1&2 or Guest House,1000_9999,1,zero,Res.1&2 or Guest House,Res.1&2 or Guest House,0,,not_applicable,knn,
PRGS20250312925,1 to 2 Family,Revision - Building,Alteration/Remodel,390,0,1,Res.1&2 or Guest House,Res.1&2 or Guest House,2_999,1,zero,Res.1&2 or Guest House,Res.1&2 or Guest House,0,,not_applicable,knn,
PRGS20250312925,1 to 2 Family,Gas,Alteration/Remodel,1520,0,1,Res.1&2 or Guest House,Res.1&2 or Guest House,1000_9999,1,zero,Res.1&2 or Guest House,Res.1&2 or Guest House,0,,not_applicable,knn,
PRGS20250312927,1 to 2 Family,Gas,Alteration/Remodel,1870,0,1,Res.1&2 or Guest House,Res.1&2 or Guest House,1000_9999,1,zero,Res.1&2 or Guest House,Res.1&2 or Guest House,0,,not_applicable,knn,
PRGS20250312928,1 to 2 Family,Gas,Alteration/Remodel,1000,0,1,Res.1&2 or Guest House,Res.1&2 or Guest House,1000_9999,1,zero,Res.1&2 or Guest House,Res.1&2 or Guest House,0,,not_applicable,knn,
PRGS20250312930,1 to 2 Family,Gas,Alteration/Remodel,1700,0,1,Res.1&2 or Guest House,Res.1&2 or Guest House,1000_9999,1,zero,Res.1&2 or Guest House,,1,Res.1&2 or Guest House,knn,knn,1.0
PRGS20250312965,1 to 2 Family,Gas,Alteration/Remodel,1130,0,1,Res.1&2 or Guest House,Res.1&2 or Guest House,1000_9999,1,zero,Res.1&2 or Guest House,Res.1&2 or Guest House,0,,not_applicable,knn,
PRGS20250313013,1 to 2 Family,Gas,Alteration/Remodel,7835,0,1,Res.1&2 or Guest House,Res.1&2 or Guest House,1000_9999,1,zero,Res.1&2 or Guest House,Res.1&2 or Guest House,0,,not_applicable,knn,
PRGS20250313033,1 to 2 Family,Gas,Alteration/Remodel,1199,0,1,Res.1&2 or Guest House,Res.1&2 or Guest House,1000_9999,1,zero,Res.1&2 or Guest House,Res.1&2 or Guest House,0,,not_applicable,knn,
PRGS20250313059,1 to 2 Family,Gas,Alteration/Remodel,7400,0,1,Res.1&2 or Guest House,Res.1&2 or Guest House,1000_9999,1,zero,Res.1&2 or Guest House,,1,Res.1&2 or Guest House,knn,knn,1.0
PRGS20250313066,1 to 2 Family,Gas,Alteration/Remodel,6950,0,1,Res.1&2 or Guest House,Res.1&2 or Guest House,1000_9999,1,zero,Res.1&2 or Guest House,Res.1&2 or Guest House,0,,not_applicable,knn,
PRGS20250313081,1 to 2 Family,Gas,Alteration/Remodel,8500,0,1,Res.1&2 or Guest House,Res.1&2 or Guest House,1000_9999,1,zero,Res.1&2 or Guest House,Res.1&2 or Guest House,0,,not_applicable,knn,
PRGS20250313114,1 to 2 Family,Gas,Alteration/Remodel,600,0,1,Res.1&2 or Guest House,Res.1&2 or Guest House,2_999,1,zero,Res.1&2 or Guest House,Res.1&2 or Guest House,0,,not_applicable,knn,
PRGS20250313117,1 to 2 Family,Gas,Alteration/Remodel,7600,0,1,Res.1&2 or Guest House,Res.1&2 or Guest House,1000_9999,1,zero,Res.1&2 or Guest House,Res.1&2 or Guest House,0,,not_applicable,knn,
PRGS20250313121,1 to 2 Family,Gas,Alteration/Remodel,8300,0,1,Res.1&2 or Guest House,Res.1&2 or Guest House,1000_9999,1,zero,Res.1&2 or Guest House,,1,Res.1&2 or Guest House,knn,knn,1.0
PRGS20250313136,1 to 2 Family,Gas,Alteration/Remodel,1300,0,1,Res.1&2 or Guest House,Res.1&2 or Guest House,1000_9999,1,zero,Res.1&2 or Guest House,,1,Res.1&2 or Guest House,knn,knn,1.0
PRGS20250313154,1 to 2 Family,Gas,Alteration/Remodel,2400,0,1,Res.1&2 or Guest House,Res.1&2 or Guest House,1000_9999,1,zero,Res.1&2 or Guest House,Res.1&2 or Guest House,0,,not_applicable,knn,
PRGS20250313272,1 to 2 Family,Gas,Alteration/Remodel,1000,0,1,Res.1&2 or Guest House,Res.1&2 or Guest House,1000_9999,1,zero,Res.1&2 or Guest House,Res.1&2 or Guest House,0,,not_applicable,knn,
PRGS20250313293,1 to 2 Family,Gas,Alteration/Remodel,900,0,1,Res.1&2 or Guest House,Res.1&2 or Guest House,2_999,1,zero,Res.1&2 or Guest House,,1,Res.1&2 or Guest House,knn,knn,1.0
PRGS20250313338,1 to 2 Family,Gas,Alteration/Remodel,2000,0,1,Res.1&2 or Guest House,Res.1&2 or Guest House,1000_9999,1,zero,Res.1&2 or Guest House,Res.1&2 or Guest House,0,,not_applicable,knn,
PRGS20250313473,1 to 2 Family,Gas,Alteration/Remodel,1950,0,1,Res.1&2 or Guest House,Res.1&2 or Guest House,1000_9999,1,zero,Res.1&2 or Guest House,Res.1&2 or Guest House,0,,not_applicable,knn,
PRGS20250313499,1 to 2 Family,Gas,Alteration/Remodel,1200,0,1,Res.1&2 or Guest House,Res.1&2 or Guest House,1000_9999,1,zero,Res.1&2 or Guest House,,1,Res.1&2 or Guest House,knn,knn,1.0
PRGS20250413553,1 to 2 Family,Gas,Alteration/Remodel,2100,0,1,Res.1&2 or Guest House,Res.1&2 or Guest House,1000_9999,1,zero,Res.1&2 or Guest House,Res.1&2 or Guest House,0,,not_applicable,knn,
PRGS20250413558,1 to 2 Family,Gas,Alteration/Remodel,8900,0,1,Res.1&2 or Guest House,Res.1&2 or Guest House,1000_9999,1,zero,Res.1&2 or Guest House,Res.1&2 or Guest House,0,,not_applicable,knn,
PRGS20250413571,Commercial,Gas,Alteration/Remodel,1000,0,1,Commercial,Commercial,1000_9999,1,zero,Commercial,Commercial,0,,not_applicable,knn,
PRGS20250413622,1 to 2 Family,Gas,Alteration/Remodel,2400,0,1,Res.1&2 or Guest House,Res.1&2 or Guest House,1000_9999,1,zero,Res.1&2 or Guest House,Res.1&2 or Guest House,0,,not_applicable,knn,
PRGS20250413670,1 to 2 Family,Gas,Alteration/Remodel,2400,0,1,Res.1&2 or Guest House,Res.1&2 or Guest House,1000_9999,1,zero,Res.1&2 or Guest House,,1,Res.1&2 or Guest House,knn,knn,1.0
PRGS20250413718,1 to 2 Family,Gas,Alteration/Remodel,2300,0,1,Res.1&2 or Guest House,Res.1&2 or Guest House,1000_9999,1,zero,Res.1&2 or Guest House,Res.1&2 or Guest House,0,,not_applicable,knn,
PRGS20250413746,1 to 2 Family,Gas,Alteration/Remodel,1950,0,1,Res.1&2 or Guest House,Res.1&2 or Guest House,1000_9999,1,zero,Res.1&2 or Guest House,Res.1&2 or Guest House,0,,not_applicable,knn,
PRGS20250413808,1 to 2 Family,Gas,Alteration/Remodel,1200,0,1,Res.1&2 or Guest House,Res.1&2 or Guest House,1000_9999,1,zero,Res.1&2 or Guest House,,1,Res.1&2 or Guest House,knn,knn,1.0
PRGS20250413813,1 to 2 Family,Gas,Alteration/Remodel,1000,0,1,Res.1&2 or Guest House,Res.1&2 or Guest House,1000_9999,1,zero,Res.1&2 or Guest House,Res.1&2 or Guest House,0,,not_applicable,knn,
PRGS20250413815,1 to 2 Family,Gas,Alteration/Remodel,1000,0,1,Res.1&2 or Guest House,Res.1&2 or Guest House,1000_9999,1,zero,Res.1&2 or Guest House,Res.1&2 or Guest House,0,,not_applicable,knn,
PRGS20250413817,1 to 2 Family,Gas,Alteration/Remodel,1000,0,1,Res.1&2 or Guest House,Res.1&2 or Guest House,1000_9999,1,zero,Res.1&2 or Guest House,Res.1&2 or Guest House,0,,not_applicable,knn,
PRGS20250413819,1 to 2 Family,Gas,Alteration/Remodel,10400,0,1,Res.1&2 or Guest House,Res.1&2 or Guest House,10000_99999,1,zero,Res.1&2 or Guest House,Res.1&2 or Guest House,0,,not_applicable,knn,
PRGS20250413831,1 to 2 Family,Revision - Building,Alteration/Remodel,1,0,1,Res.1&2 or Guest House,Res.1&2 or Guest House,le_1,1,zero,Res.1&2 or Guest House,Res.1&2 or Guest House,0,,not_applicable,knn,
PRGS20250413831,1 to 2 Family,Gas,Alteration/Remodel,1400,0,1,Res.1&2 or Guest House,Res.1&2 or Guest House,1000_9999,1,zero,Res.1&2 or Guest House,,1,Res.1&2 or Guest House,knn,knn,1.0
PRGS20250413836,1 to 2 Family,Gas,Alteration/Remodel,7900,0,1,Res.1&2 or Guest House,Res.1&2 or Guest House,1000_9999,1,zero,Res.1&2 or Guest House,Res.1&2 or Guest House,0,,not_applicable,knn,
PRGS20250413865,1 to 2 Family,Gas,Alteration/Remodel,2000,0,1,Res.1&2 or Guest House,Res.1&2 or Guest House,1000_9999,1,zero,Res.1&2 or Guest House,Res.1&2 or Guest House,0,,not_applicable,knn,
PRGS20250413924,1 to 2 Family,Gas,Alteration/Remodel,850,0,1,Res.1&2 or Guest House,Res.1&2 or Guest House,2_999,1,zero,Res.1&2 or Guest House,Res.1&2 or Guest House,0,,not_applicable,knn,
PRGS20250413935,1 to 2 Family,Gas,Alteration/Remodel,850,0,1,Res.1&2 or Guest House,Res.1&2 or Guest House,2_999,1,zero,Res.1&2 or Guest House,Res.1&2 or Guest House,0,,not_applicable,knn,
PRGS20250413960,1 to 2 Family,Gas,Alteration/Remodel,11550,0,1,Res.1&2 or Guest House,Res.1&2 or Guest House,10000_99999,1,zero,Res.1&2 or Guest House,,1,Res.1&2 or Guest House,knn,knn,1.0
PRGS20250413967,1 to 2 Family,Gas,Alteration/Remodel,850,0,1,Res.1&2 or Guest House,Res.1&2 or Guest House,2_999,1,zero,Res.1&2 or Guest House,Res.1&2 or Guest House,0,,not_applicable,knn,
PRGS20250413980,1 to 2 Family,Gas,Alteration/Remodel,850,0,1,Res.1&2 or Guest House,Res.1&2 or Guest House,2_999,1,zero,Res.1&2 or Guest House,Res.1&2 or Guest House,0,,not_applicable,knn,
PRGS20250413982,1 to 2 Family,Gas,Alteration/Remodel,4963,0,1,Res.1&2 or Guest House,Res.1&2 or Guest House,1000_9999,1,zero,Res.1&2 or Guest House,Res.1&2 or Guest House,0,,not_applicable,knn,
PRGS20250413982,1 to 2 Family,Revision - Building,Alteration/Remodel,250,0,1,Res.1&2 or Guest House,Res.1&2 or Guest House,2_999,1,zero,Res.1&2 or Guest House,,1,Res.1&2 or Guest House,knn,knn,1.0
PRGS20250413992,Commercial,Gas,Alteration/Remodel,977,0,1,Residential-Multi-Family,Residential-Multi-Family,2_999,1,zero,Residential-Multi-Family,Residential-Multi-Family,0,,not_applicable,knn,
PRGS20250414025,1 to 2 Family,Gas,Alteration/Remodel,4852,0,1,Res.1&2 or Guest House,Res.1&2 or Guest House,1000_9999,1,zero,Res.1&2 or Guest House,Res.1&2 or Guest House,0,,not_applicable,knn,
PRGS20250414036,1 to 2 Family,Gas,Alteration/Remodel,5000,0,1,Res.1&2 or Guest House,Res.1&2 or Guest House,1000_9999,1,zero,Res.1&2 or Guest House,Res.1&2 or Guest House,0,,not_applicable,knn,
PRGS20250414053,1 to 2 Family,Gas,Alteration/Remodel,1500,0,1,Res.1&2 or Guest House,Res.1&2 or Guest House,1000_9999,1,zero,Res.1&2 or Guest House,,1,Res.1&2 or Guest House,knn,knn,1.0
PRGS20250414056,1 to 2 Family,Gas,Alteration/Remodel,1000,0,1,Res.1&2 or Guest House,Res.1&2 or Guest House,1000_9999,1,zero,Res.1&2 or Guest House,Res.1&2 or Guest House,0,,not_applicable,knn,
PRGS20250414062,1 to 2 Family,Gas,Alteration/Remodel,1750,0,1,Res.1&2 or Guest House,Res.1&2 or Guest House,1000_9999,1,zero,Res.1&2 or Guest House,,1,Res.1&2 or Guest House,knn,knn,1.0
PRGS20250414084,1 to 2 Family,Gas,Alteration/Remodel,1500,0,1,Res.1&2 or Guest House,Res.1&2 or Guest House,1000_9999,1,zero,Res.1&2 or Guest House,Res.1&2 or Guest House,0,,not_applicable,knn,
PRGS20250414085,1 to 2 Family,Gas,Alteration/Remodel,850,0,1,Res.1&2 or Guest House,Res.1&2 or Guest House,2_999,1,zero,Res.1&2 or Guest House,Res.1&2 or Guest House,0,,not_applicable,knn,
PRGS20250414114,1 to 2 Family,Gas,Alteration/Remodel,2300,0,1,Res.1&2 or Guest House,Res.1&2 or Guest House,1000_9999,1,zero,Res.1&2 or Guest House,Res.1&2 or Guest House,0,,not_applicable,knn,
PRGS20250414160,1 to 2 Family,Gas,Alteration/Remodel,1000,0,1,Res.1&2 or Guest House,Res.1&2 or Guest House,1000_9999,1,zero,Res.1&2 or Guest House,Res.1&2 or Guest House,0,,not_applicable,knn,
PRGS20250414165,1 to 2 Family,Gas,Alteration/Remodel,14000,0,1,Res.1&2 or Guest House,Res.1&2 or Guest House,10000_99999,1,zero,Res.1&2 or Guest House,Res.1&2 or Guest House,0,,not_applicable,knn,
PRGS20250414168,1 to 2 Family,Gas,Alteration/Remodel,1000,0,1,Res.1&2 or Guest House,Res.1&2 or Guest House,1000_9999,1,zero,Res.1&2 or Guest House,Res.1&2 or Guest House,0,,not_applicable,knn,
PRGS20250414171,1 to 2 Family,Gas,Alteration/Remodel,1000,0,1,Res.1&2 or Guest House,Res.1&2 or Guest House,1000_9999,1,zero,Res.1&2 or Guest House,,1,Res.1&2 or Guest House,knn,knn,1.0
PRGS20250414174,1 to 2 Family,Gas,Alteration/Remodel,1000,0,1,Res.1&2 or Guest House,Res.1&2 or Guest House,1000_9999,1,zero,Res.1&2 or Guest House,,1,Res.1&2 or Guest House,knn,knn,1.0
PRGS20250414175,1 to 2 Family,Gas,Alteration/Remodel,850,0,1,Res.1&2 or Guest House,Res.1&2 or Guest House,2_999,1,zero,Res.1&2 or Guest House,Res.1&2 or Guest House,0,,not_applicable,knn,
PRGS20250414176,1 to 2 Family,Gas,Alteration/Remodel,1000,0,1,Res.1&2 or Guest House,Res.1&2 or Guest House,1000_9999,1,zero,Res.1&2 or Guest House,,1,Res.1&2 or Guest House,knn,knn,1.0
PRGS20250414178,1 to 2 Family,Gas,Alteration/Remodel,1200,0,1,Res.1&2 or Guest House,Res.1&2 or Guest House,1000_9999,1,zero,Res.1&2 or Guest House,Res.1&2 or Guest House,0,,not_applicable,knn,
PRGS20250414181,1 to 2 Family,Gas,Alteration/Remodel,1500,0,1,Res.1&2 or Guest House,Res.1&2 or Guest House,1000_9999,1,zero,Res.1&2 or Guest House,Res.1&2 or Guest House,0,,not_applicable,knn,
PRGS20250414210,1 to 2 Family,Gas,Alteration/Remodel,850,0,1,Res.1&2 or Guest House,Res.1&2 or Guest House,2_999,1,zero,Res.1&2 or Guest House,Res.1&2 or Guest House,0,,not_applicable,knn,
PRGS20250414235,1 to 2 Family,Gas,Alteration/Remodel,2245.89,0,1,Res.1&2 or Guest House,Res.1&2 or Guest House,1000_9999,1,zero,Res.1&2 or Guest House,Res.1&2 or Guest House,0,,not_applicable,knn,
PRGS20250414236,1 to 2 Family,Gas,Alteration/Remodel,4996,0,1,Res.1&2 or Guest House,Res.1&2 or Guest House,1000_9999,1,zero,Res.1&2 or Guest House,Res.1&2 or Guest House,0,,not_applicable,knn,
PRGS20250414246,1 to 2 Family,Gas,Alteration/Remodel,650,0,1,Res.1&2 or Guest House,Res.1&2 or Guest House,2_999,1,zero,Res.1&2 or Guest House,,1,Res.1&2 or Guest House,knn,knn,1.0
PRGS20250414253,1 to 2 Family,Gas,Alteration/Remodel,864.16,0,1,Res.1&2 or Guest House,Res.1&2 or Guest House,2_999,1,zero,Res.1&2 or Guest House,,1,Res.1&2 or Guest House,knn,knn,1.0
PRGS20250414265,1 to 2 Family,Gas,Alteration/Remodel,1950,0,1,Res.1&2 or Guest House,Res.1&2 or Guest House,1000_9999,1,zero,Res.1&2 or Guest House,,1,Res.1&2 or Guest House,knn,knn,1.0
PRGS20250414298,1 to 2 Family,Gas,Alteration/Remodel,1000,0,1,Res.1&2 or Guest House,Res.1&2 or Guest House,1000_9999,1,zero,Res.1&2 or Guest House,Res.1&2 or Guest House,0,,not_applicable,knn,
PRGS20250414314,1 to 2 Family,Gas,Alteration/Remodel,1800,0,1,Res.1&2 or Guest House,Res.1&2 or Guest House,1000_9999,1,zero,Res.1&2 or Guest House,,1,Res.1&2 or Guest House,knn,knn,1.0
PRGS20250414337,1 to 2 Family,Gas,Alteration/Remodel,7990,0,1,Res.1&2 or Guest House,Res.1&2 or Guest House,1000_9999,1,zero,Res.1&2 or Guest House,,1,Res.1&2 or Guest House,knn,knn,1.0
PRGS20250414348,1 to 2 Family,Gas,Alteration/Remodel,1500,0,1,Res.1&2 or Guest House,Res.1&2 or Guest House,1000_9999,1,zero,Res.1&2 or Guest House,Res.1&2 or Guest House,0,,not_applicable,knn,
PRGS20250414372,1 to 2 Family,Gas,Alteration/Remodel,4800,0,1,Res.1&2 or Guest House,Res.1&2 or Guest House,1000_9999,1,zero,Res.1&2 or Guest House,Res.1&2 or Guest House,0,,not_applicable,knn,
PRGS20250414406,1 to 2 Family,Gas,Alteration/Remodel,1600,0,1,Res.1&2 or Guest House,Res.1&2 or Guest House,1000_9999,1,zero,Res.1&2 or Guest House,Res.1&2 or Guest House,0,,not_applicable,knn,
PRGS20250414451,1 to 2 Family,Gas,Alteration/Remodel,1600,0,1,Res.1&2 or Guest House,Res.1&2 or Guest House,1000_9999,1,zero,Res.1&2 or Guest House,Res.1&2 or Guest House,0,,not_applicable,knn,
PRGS20250414462,1 to 2 Family,Gas,Alteration/Remodel,850,0,1,Res.1&2 or Guest House,Res.1&2 or Guest House,2_999,1,zero,Res.1&2 or Guest House,Res.1&2 or Guest House,0,,not_applicable,knn,
PRGS20250414522,1 to 2 Family,Gas,Alteration/Remodel,1000,0,1,Res.1&2 or Guest House,Res.1&2 or Guest House,1000_9999,1,zero,Res.1&2 or Guest House,,1,Res.1&2 or Guest House,knn,knn,1.0
PRGS20250414601,1 to 2 Family,Gas,Alteration/Remodel,1700,0,1,Res.1&2 or Guest House,Res.1&2 or Guest House,1000_9999,1,zero,Res.1&2 or Guest House,Res.1&2 or Guest House,0,,not_applicable,knn,
PRGS20250414635,1 to 2 Family,Gas,Alteration/Remodel,1700,0,1,Res.1&2 or Guest House,Res.1&2 or Guest House,1000_9999,1,zero,Res.1&2 or Guest House,Res.1&2 or Guest House,0,,not_applicable,knn,
PRGS20250414671,1 to 2 Family,Gas,Alteration/Remodel,5000,0,1,Res.1&2 or Guest House,Res.1&2 or Guest House,1000_9999,1,zero,Res.1&2 or Guest House,Res.1&2 or Guest House,0,,not_applicable,knn,
PRGS20250414753,1 to 2 Family,Revision - Building,Alteration/Remodel,390,0,0,Res.1&2 or Guest House,Res.1&2 or Guest House,2_999,0,zero,Res.1&2 or Guest House,Res.1&2 or Guest House,0,,not_applicable,knn,
PRGS20250414753,1 to 2 Family,Gas,Alteration/Remodel,1520,0,1,Res.1&2 or Guest House,Res.1&2 or Guest House,1000_9999,1,zero,Res.1&2 or Guest House,Res.1&2 or Guest House,0,,not_applicable,knn,
PRGS20250414759,1 to 2 Family,Gas,Alteration/Remodel,1870,0,1,Res.1&2 or Guest House,Res.1&2 or Guest House,1000_9999,1,zero,Res.1&2 or Guest House,Res.1&2 or Guest House,0,,not_applicable,knn,
PRGS20250414777,1 to 2 Family,Gas,Alteration/Remodel,6100,0,1,Res.1&2 or Guest House,Res.1&2 or Guest House,1000_9999,1,zero,Res.1&2 or Guest House,,1,Res.1&2 or Guest House,knn,knn,1.0
PRGS20250414780,1 to 2 Family,Gas,Alteration/Remodel,1870,0,1,Res.1&2 or Guest House,Res.1&2 or Guest House,1000_9999,1,zero,Res.1&2 or Guest House,Res.1&2 or Guest House,0,,not_applicable,knn,
PRGS20250414782,1 to 2 Family,Gas,Alteration/Remodel,850,0,1,Res.1&2 or Guest House,Res.1&2 or Guest House,2_999,1,zero,Res.1&2 or Guest House,Res.1&2 or Guest House,0,,not_applicable,knn,
PRGS20250414843,1 to 2 Family,Gas,Alteration/Remodel,1000,0,1,Res.1&2 or Guest House,Res.1&2 or Guest House,1000_9999,1,zero,Res.1&2 or Guest House,Res.1&2 or Guest House,0,,not_applicable,knn,
PRGS20250414858,1 to 2 Family,Gas,Alteration/Remodel,1900,0,1,Res.1&2 or Guest House,Res.1&2 or Guest House,1000_9999,1,zero,Res.1&2 or Guest House,Res.1&2 or Guest House,0,,not_applicable,knn,
PRGS20250414858,1 to 2 Family,Revision - Building,Alteration/Remodel,1,0,0,Res.1&2 or Guest House,Res.1&2 or Guest House,le_1,0,zero,Res.1&2 or Guest House,Res.1&2 or Guest House,0,,not_applicable,knn,
PRGS20250414862,1 to 2 Family,Gas,Alteration/Remodel,1500,0,1,Res.1&2 or Guest House,Res.1&2 or Guest House,1000_9999,1,zero,Res.1&2 or Guest House,Res.1&2 or Guest House,0,,not_applicable,knn,
PRGS20250414880,1 to 2 Family,Gas,Alteration/Remodel,5600,0,1,Res.1&2 or Guest House,Res.1&2 or Guest House,1000_9999,1,zero,Res.1&2 or Guest House,Res.1&2 or Guest House,0,,not_applicable,knn,
PRGS20250414913,1 to 2 Family,Gas,Alteration/Remodel,4950,0,1,Res.1&2 or Guest House,Res.1&2 or Guest House,1000_9999,1,zero,Res.1&2 or Guest House,Res.1&2 or Guest House,0,,not_applicable,knn,
PRGS20250414969,1 to 2 Family,Gas,Alteration/Remodel,1500,0,1,Res.1&2 or Guest House,Res.1&2 or Guest House,1000_9999,1,zero,Res.1&2 or Guest House,Res.1&2 or Guest House,0,,not_applicable,knn,
PRGS20250414972,1 to 2 Family,Gas,Alteration/Remodel,1500,0,1,Res.1&2 or Guest House,Res.1&2 or Guest House,1000_9999,1,zero,Res.1&2 or Guest House,,1,Res.1&2 or Guest House,knn,knn,1.0
PRGS20250414993,1 to 2 Family,Gas,Alteration/Remodel,4000,0,1,Res.1&2 or Guest House,Res.1&2 or Guest House,1000_9999,1,zero,Res.1&2 or Guest House,Res.1&2 or Guest House,0,,not_applicable,knn,
PRGS20250415053,1 to 2 Family,Gas,Alteration/Remodel,7490,0,1,Res.1&2 or Guest House,Res.1&2 or Guest House,1000_9999,1,zero,Res.1&2 or Guest House,,1,Res.1&2 or Guest House,knn,knn,1.0
PRGS20250415116,1 to 2 Family,Gas,Alteration/Remodel,1300,0,1,Res.1&2 or Guest House,Res.1&2 or Guest House,1000_9999,1,zero,Res.1&2 or Guest House,Res.1&2 or Guest House,0,,not_applicable,knn,
PRGS20250415128,Commercial,Gas,Alteration/Remodel,800,0,1,Commercial,Commercial,2_999,1,zero,Commercial,Commercial,0,,not_applicable,knn,
PRGS20250415149,1 to 2 Family,Gas,Alteration/Remodel,2600,0,1,Res.1&2 or Guest House,Res.1&2 or Guest House,1000_9999,1,zero,Res.1&2 or Guest House,,1,Res.1&2 or Guest House,knn,knn,1.0
PRGS20250415248,1 to 2 Family,Gas,Alteration/Remodel,7400,0,1,Res.1&2 or Guest House,Res.1&2 or Guest House,1000_9999,1,zero,Res.1&2 or Guest House,,1,Res.1&2 or Guest House,knn,knn,1.0
PRGS20250415257,1 to 2 Family,Gas,Alteration/Remodel,3547,0,0,Res.1&2 or Guest House,Res.1&2 or Guest House,1000_9999,0,zero,Res.1&2 or Guest House,Res.1&2 or Guest House,0,,not_applicable,knn,
PRGS20250415417,1 to 2 Family,Gas,Alteration/Remodel,7790,0,1,Res.1&2 or Guest House,Res.1&2 or Guest House,1000_9999,1,zero,Res.1&2 or Guest House,Res.1&2 or Guest House,0,,not_applicable,knn,
PRGS20250415428,1 to 2 Family,Gas,Alteration/Remodel,850,0,1,Res.1&2 or Guest House,Res.1&2 or Guest House,2_999,1,zero,Res.1&2 or Guest House,Res.1&2 or Guest House,0,,not_applicable,knn,
PRGS20250415513,1 to 2 Family,Gas,Alteration/Remodel,12050,0,1,Res.1&2 or Guest House,Res.1&2 or Guest House,10000_99999,1,zero,Res.1&2 or Guest House,Res.1&2 or Guest House,0,,not_applicable,knn,
PRGS20250415530,1 to 2 Family,Gas,Alteration/Remodel,850,0,1,Res.1&2 or Guest House,Res.1&2 or Guest House,2_999,1,zero,Res.1&2 or Guest House,Res.1&2 or Guest House,0,,not_applicable,knn,
PRGS20250415543,1 to 2 Family,Gas,Alteration/Remodel,1100,0,1,Res.1&2 or Guest House,Res.1&2 or Guest House,1000_9999,1,zero,Res.1&2 or Guest House,Res.1&2 or Guest House,0,,not_applicable,knn,
PRGS20250415544,1 to 2 Family,Gas,Alteration/Remodel,850,0,1,Res.1&2 or Guest House,Res.1&2 or Guest House,2_999,1,zero,Res.1&2 or Guest House,Res.1&2 or Guest House,0,,not_applicable,knn,
PRGS20250415596,1 to 2 Family,Gas,Alteration/Remodel,5070,0,1,Res.1&2 or Guest House,Res.1&2 or Guest House,1000_9999,1,zero,Res.1&2 or Guest House,,1,Res.1&2 or Guest House,knn,knn,1.0
PRGS20250415603,1 to 2 Family,Gas,Alteration/Remodel,1470,0,1,Res.1&2 or Guest House,Res.1&2 or Guest House,1000_9999,1,zero,Res.1&2 or Guest House,Res.1&2 or Guest House,0,,not_applicable,knn,
PRGS20250415604,1 to 2 Family,Gas,Alteration/Remodel,7400,0,1,Res.1&2 or Guest House,Res.1&2 or Guest House,1000_9999,1,zero,Res.1&2 or Guest House,Res.1&2 or Guest House,0,,not_applicable,knn,
PRGS20250415650,Commercial,Gas,Alteration/Remodel,2023.81,0,1,Commercial,Commercial,1000_9999,1,zero,Commercial,Commercial,0,,not_applicable,knn,
PRGS20250415758,1 to 2 Family,Gas,Alteration/Remodel,575,0,1,Res.1&2 or Guest House,Res.1&2 or Guest House,2_999,1,zero,Res.1&2 or Guest House,,1,Res.1&2 or Guest House,knn,knn,1.0
PRGS20250415787,1 to 2 Family,Gas,Alteration/Remodel,11445,0,1,Res.1&2 or Guest House,Res.1&2 or Guest House,10000_99999,1,zero,Res.1&2 or Guest House,Res.1&2 or Guest House,0,,not_applicable,knn,
PRGS20250415818,1 to 2 Family,Gas,Alteration/Remodel,850,0,1,Res.1&2 or Guest House,Res.1&2 or Guest House,2_999,1,zero,Res.1&2 or Guest House,Res.1&2 or Guest House,0,,not_applicable,knn,
PRGS20250415822,1 to 2 Family,Gas,Alteration/Remodel,850,0,0,Res.1&2 or Guest House,Res.1&2 or Guest House,2_999,0,zero,Res.1&2 or Guest House,Res.1&2 or Guest House,0,,not_applicable,knn,
PRGS20250415848,1 to 2 Family,Gas,Alteration/Remodel,2300,0,1,Res.1&2 or Guest House,Res.1&2 or Guest House,1000_9999,1,zero,Res.1&2 or Guest House,Res.1&2 or Guest House,0,,not_applicable,knn,
PRGS20250415853,1 to 2 Family,Gas,Alteration/Remodel,1500,0,1,Res.1&2 or Guest House,Res.1&2 or Guest House,1000_9999,1,zero,Res.1&2 or Guest House,Res.1&2 or Guest House,0,,not_applicable,knn,
PRGS20250415871,1 to 2 Family,Gas,Alteration/Remodel,8500,0,1,Res.1&2 or Guest House,Res.1&2 or Guest House,1000_9999,1,zero,Res.1&2 or Guest House,Res.1&2 or Guest House,0,,not_applicable,knn,
PRGS20250415912,1 to 2 Family,Gas,Alteration/Remodel,9400,0,1,Res.1&2 or Guest House,Res.1&2 or Guest House,1000_9999,1,zero,Res.1&2 or Guest House,Res.1&2 or Guest House,0,,not_applicable,knn,
PRGS20250415967,1 to 2 Family,Gas,Alteration/Remodel,4672,0,1,Res.1&2 or Guest House,Res.1&2 or Guest House,1000_9999,1,zero,Res.1&2 or Guest House,Res.1&2 or Guest House,0,,not_applicable,knn,
PRGS20250415989,1 to 2 Family,Gas,Alteration/Remodel,1500,0,1,Res.1&2 or Guest House,Res.1&2 or Guest House,1000_9999,1,zero,Res.1&2 or Guest House,Res.1&2 or Guest House,0,,not_applicable,knn,
PRGS20250416023,1 to 2 Family,Gas,Alteration/Remodel,800,0,1,Res.1&2 or Guest House,Res.1&2 or Guest House,2_999,1,zero,Res.1&2 or Guest House,,1,Res.1&2 or Guest House,knn,knn,1.0
PRGS20250416025,1 to 2 Family,Gas,Alteration/Remodel,1600,0,1,Res.1&2 or Guest House,Res.1&2 or Guest House,1000_9999,1,zero,Res.1&2 or Guest House,,1,Res.1&2 or Guest House,knn,knn,1.0
PRGS20250416032,1 to 2 Family,Gas,Alteration/Remodel,1300,0,1,Res.1&2 or Guest House,Res.1&2 or Guest House,1000_9999,1,zero,Res.1&2 or Guest House,Res.1&2 or Guest House,0,,not_applicable,knn,
PRGS20250416083,1 to 2 Family,Gas,Alteration/Remodel,1500,0,1,Res.1&2 or Guest House,Res.1&2 or Guest House,1000_9999,1,zero,Res.1&2 or Guest House,Res.1&2 or Guest House,0,,not_applicable,knn,
PRGS20250416098,1 to 2 Family,Gas,Alteration/Remodel,1300,0,1,Res.1&2 or Guest House,Res.1&2 or Guest House,1000_9999,1,zero,Res.1&2 or Guest House,Res.1&2 or Guest House,0,,not_applicable,knn,
PRGS20250416117,1 to 2 Family,Gas,Alteration/Remodel,1200,0,1,Res.1&2 or Guest House,Res.1&2 or Guest House,1000_9999,1,zero,Res.1&2 or Guest House,Res.1&2 or Guest House,0,,not_applicable,knn,
PRGS20250416139,1 to 2 Family,Gas,Alteration/Remodel,1100,0,1,Res.1&2 or Guest House,Res.1&2 or Guest House,1000_9999,1,zero,Res.1&2 or Guest House,Res.1&2 or Guest House,0,,not_applicable,knn,
PRGS20250416148,1 to 2 Family,Gas,Alteration/Remodel,1100,0,1,Res.1&2 or Guest House,Res.1&2 or Guest House,1000_9999,1,zero,Res.1&2 or Guest House,Res.1&2 or Guest House,0,,not_applicable,knn,
PRGS20250416157,1 to 2 Family,Gas,Alteration/Remodel,1870,0,1,Res.1&2 or Guest House,Res.1&2 or Guest House,1000_9999,1,zero,Res.1&2 or Guest House,Res.1&2 or Guest House,0,,not_applicable,knn,
PRGS20250416158,1 to 2 Family,Gas,Alteration/Remodel,2220,0,1,Res.1&2 or Guest House,Res.1&2 or Guest House,1000_9999,1,zero,Res.1&2 or Guest House,Res.1&2 or Guest House,0,,not_applicable,knn,
PRGS20250416220,1 to 2 Family,Gas,Alteration/Remodel,1300,0,1,Res.1&2 or Guest House,Res.1&2 or Guest House,1000_9999,1,zero,Res.1&2 or Guest House,Res.1&2 or Guest House,0,,not_applicable,knn,
PRGS20250416291,1 to 2 Family,Gas,Alteration/Remodel,2000,0,1,Res.1&2 or Guest House,Res.1&2 or Guest House,1000_9999,1,zero,Res.1&2 or Guest House,,1,Res.1&2 or Guest House,knn,knn,1.0
PRGS20250416330,1 to 2 Family,Gas,Alteration/Remodel,3000,0,1,Res.1&2 or Guest House,Res.1&2 or Guest House,1000_9999,1,zero,Res.1&2 or Guest House,Res.1&2 or Guest House,0,,not_applicable,knn,
PRGS20250416369,1 to 2 Family,Gas,Alteration/Remodel,9000,0,1,Res.1&2 or Guest House,Res.1&2 or Guest House,1000_9999,1,zero,Res.1&2 or Guest House,Res.1&2 or Guest House,0,,not_applicable,knn,
PRGS20250416379,1 to 2 Family,Gas,Alteration/Remodel,7700,0,1,Res.1&2 or Guest House,Res.1&2 or Guest House,1000_9999,1,zero,Res.1&2 or Guest House,Res.1&2 or Guest House,0,,not_applicable,knn,
PRGS20250416387,1 to 2 Family,Gas,Alteration/Remodel,12000,0,1,Res.1&2 or Guest House,Res.1&2 or Guest House,10000_99999,1,zero,Res.1&2 or Guest House,Res.1&2 or Guest House,0,,not_applicable,knn,
PRGS20250416390,1 to 2 Family,Gas,Alteration/Remodel,1500,0,1,Res.1&2 or Guest House,Res.1&2 or Guest House,1000_9999,1,zero,Res.1&2 or Guest House,Res.1&2 or Guest House,0,,not_applicable,knn,
PRGS20250416392,1 to 2 Family,Gas,Alteration/Remodel,1600,0,1,Res.1&2 or Guest House,Res.1&2 or Guest House,1000_9999,1,zero,Res.1&2 or Guest House,Res.1&2 or Guest House,0,,not_applicable,knn,
PRGS20250416409,1 to 2 Family,Gas,Alteration/Remodel,650,0,1,Res.1&2 or Guest House,Res.1&2 or Guest House,2_999,1,zero,Res.1&2 or Guest House,Res.1&2 or Guest House,0,,not_applicable,knn,
PRGS20250416461,1 to 2 Family,Gas,Alteration/Remodel,6500,0,1,Res.1&2 or Guest House,Res.1&2 or Guest House,1000_9999,1,zero,Res.1&2 or Guest House,Res.1&2 or Guest House,0,,not_applicable,knn,
PRGS20250416518,1 to 2 Family,Gas,Alteration/Remodel,2000,0,1,Res.1&2 or Guest House,Res.1&2 or Guest House,1000_9999,1,zero,Res.1&2 or Guest House,Res.1&2 or Guest House,0,,not_applicable,knn,
PRGS20250416564,1 to 2 Family,Gas,Alteration/Remodel,2398.9899999999998,0,1,Res.1&2 or Guest House,Res.1&2 or Guest House,1000_9999,1,zero,Res.1&2 or Guest House,Res.1&2 or Guest House,0,,not_applicable,knn,
PRGS20250416592,1 to 2 Family,Gas,Alteration/Remodel,1000,0,1,Res.1&2 or Guest House,Res.1&2 or Guest House,1000_9999,1,zero,Res.1&2 or Guest House,,1,Res.1&2 or Guest House,knn,knn,1.0
PRGS20250416593,1 to 2 Family,Gas,Alteration/Remodel,1000,0,1,Res.1&2 or Guest House,Res.1&2 or Guest House,1000_9999,1,zero,Res.1&2 or Guest House,Res.1&2 or Guest House,0,,not_applicable,knn,
PRGS20250416596,1 to 2 Family,Gas,Alteration/Remodel,1000,0,1,Res.1&2 or Guest House,Res.1&2 or Guest House,1000_9999,1,zero,Res.1&2 or Guest House,Res.1&2 or Guest House,0,,not_applicable,knn,
PRGS20250416600,1 to 2 Family,Gas,Alteration/Remodel,1000,0,1,Res.1&2 or Guest House,Res.1&2 or Guest House,1000_9999,1,zero,Res.1&2 or Guest House,Res.1&2 or Guest House,0,,not_applicable,knn,
PRGS20250416613,1 to 2 Family,Gas,Alteration/Remodel,2400,0,1,Res.1&2 or Guest House,Res.1&2 or Guest House,1000_9999,1,zero,Res.1&2 or Guest House,Res.1&2 or Guest House,0,,not_applicable,knn,
PRGS20250416695,1 to 2 Family,Gas,Alteration/Remodel,1000,0,1,Res.1&2 or Guest House,Res.1&2 or Guest House,1000_9999,1,zero,Res.1&2 or Guest House,Res.1&2 or Guest House,0,,not_applicable,knn,
PRGS20250416741,1 to 2 Family,Gas,Alteration/Remodel,1300,0,1,Res.1&2 or Guest House,Res.1&2 or Guest House,1000_9999,1,zero,Res.1&2 or Guest House,,1,Res.1&2 or Guest House,knn,knn,1.0
PRGS20250416746,1 to 2 Family,Gas,Alteration/Remodel,985,0,1,Res.1&2 or Guest House,Res.1&2 or Guest House,2_999,1,zero,Res.1&2 or Guest House,Res.1&2 or Guest House,0,,not_applicable,knn,
PRGS20250416749,1 to 2 Family,Gas,Alteration/Remodel,850,0,1,Res.1&2 or Guest House,Res.1&2 or Guest House,2_999,1,zero,Res.1&2 or Guest House,Res.1&2 or Guest House,0,,not_applicable,knn,
PRGS20250416798,1 to 2 Family,Gas,Alteration/Remodel,6000,0,1,Res.1&2 or Guest House,Res.1&2 or Guest House,1000_9999,1,zero,Res.1&2 or Guest House,Res.1&2 or Guest House,0,,not_applicable,knn,
PRGS20250416817,1 to 2 Family,Gas,Alteration/Remodel,1100,0,1,Res.1&2 or Guest House,Res.1&2 or Guest House,1000_9999,1,zero,Res.1&2 or Guest House,Res.1&2 or Guest House,0,,not_applicable,knn,
PRGS20250416827,1 to 2 Family,Gas,Alteration/Remodel,1000,0,1,Res.1&2 or Guest House,Res.1&2 or Guest House,1000_9999,1,zero,Res.1&2 or Guest House,Res.1&2 or Guest House,0,,not_applicable,knn,
PRGS20250416841,1 to 2 Family,Gas,Alteration/Remodel,950,0,1,Res.1&2 or Guest House,Res.1&2 or Guest House,2_999,1,zero,Res.1&2 or Guest House,Res.1&2 or Guest House,0,,not_applicable,knn,
PRGS20250416914,1 to 2 Family,Gas,Alteration/Remodel,1700,0,1,Res.1&2 or Guest House,Res.1&2 or Guest House,1000_9999,1,zero,Res.1&2 or Guest House,Res.1&2 or Guest House,0,,not_applicable,knn,
PRGS20250416924,1 to 2 Family,Gas,Alteration/Remodel,850,0,1,Res.1&2 or Guest House,Res.1&2 or Guest House,2_999,1,zero,Res.1&2 or Guest House,Res.1&2 or Guest House,0,,not_applicable,knn,
PRGS20250416974,1 to 2 Family,Gas,Alteration/Remodel,1500,0,1,Res.1&2 or Guest House,Res.1&2 or Guest House,1000_9999,1,zero,Res.1&2 or Guest House,,1,Res.1&2 or Guest House,knn,knn,1.0
PRGS20250416988,1 to 2 Family,Gas,Alteration/Remodel,960,0,1,Res.1&2 or Guest House,Res.1&2 or Guest House,2_999,1,zero,Res.1&2 or Guest House,Res.1&2 or Guest House,0,,not_applicable,knn,
PRGS20250417158,1 to 2 Family,Gas,Alteration/Remodel,1500,0,1,Res.1&2 or Guest House,Res.1&2 or Guest House,1000_9999,1,zero,Res.1&2 or Guest House,Res.1&2 or Guest House,0,,not_applicable,knn,
PRGS20250417199,1 to 2 Family,Gas,Alteration/Remodel,1600,0,1,Res.1&2 or Guest House,Res.1&2 or Guest House,1000_9999,1,zero,Res.1&2 or Guest House,Res.1&2 or Guest House,0,,not_applicable,knn,
PRGS20250417206,1 to 2 Family,Gas,Alteration/Remodel,850,0,1,Res.1&2 or Guest House,Res.1&2 or Guest House,2_999,1,zero,Res.1&2 or Guest House,Res.1&2 or Guest House,0,,not_applicable,knn,
PRGS20250417245,1 to 2 Family,Gas,Alteration/Remodel,600,0,1,Res.1&2 or Guest House,Res.1&2 or Guest House,2_999,1,zero,Res.1&2 or Guest House,Res.1&2 or Guest House,0,,not_applicable,knn,
PRGS20250417257,1 to 2 Family,Gas,Alteration/Remodel,8800,0,1,Res.1&2 or Guest House,Res.1&2 or Guest House,1000_9999,1,zero,Res.1&2 or Guest House,Res.1&2 or Guest House,0,,not_applicable,knn,
PRGS20250417278,1 to 2 Family,Gas,Alteration/Remodel,1000,0,1,Res.1&2 or Guest House,Res.1&2 or Guest House,1000_9999,1,zero,Res.1&2 or Guest House,Res.1&2 or Guest House,0,,not_applicable,knn,
PRGS20250417355,1 to 2 Family,Gas,Alteration/Remodel,1500,0,1,Res.1&2 or Guest House,Res.1&2 or Guest House,1000_9999,1,zero,Res.1&2 or Guest House,Res.1&2 or Guest House,0,,not_applicable,knn,
PRGS20250417365,1 to 2 Family,Gas,Alteration/Remodel,1500,0,1,Res.1&2 or Guest House,Res.1&2 or Guest House,1000_9999,1,zero,Res.1&2 or Guest House,Res.1&2 or Guest House,0,,not_applicable,knn,
PRGS20250417375,1 to 2 Family,Gas,Alteration/Remodel,1100,0,1,Res.1&2 or Guest House,Res.1&2 or Guest House,1000_9999,1,zero,Res.1&2 or Guest House,Res.1&2 or Guest House,0,,not_applicable,knn,
PRGS20250417400,1 to 2 Family,Gas,Alteration/Remodel,1300,0,1,Res.1&2 or Guest House,Res.1&2 or Guest House,1000_9999,1,zero,Res.1&2 or Guest House,Res.1&2 or Guest House,0,,not_applicable,knn,
PRGS20250417401,1 to 2 Family,Gas,Alteration/Remodel,1300,0,1,Res.1&2 or Guest House,Res.1&2 or Guest House,1000_9999,1,zero,Res.1&2 or Guest House,Res.1&2 or Guest House,0,,not_applicable,knn,
PRGS20250417406,1 to 2 Family,Gas,Alteration/Remodel,1600,0,1,Res.1&2 or Guest House,Res.1&2 or Guest House,1000_9999,1,zero,Res.1&2 or Guest House,Res.1&2 or Guest House,0,,not_applicable,knn,
PRGS20250417550,1 to 2 Family,Gas,Alteration/Remodel,1700,0,1,Res.1&2 or Guest House,Res.1&2 or Guest House,1000_9999,1,zero,Res.1&2 or Guest House,Res.1&2 or Guest House,0,,not_applicable,knn,
PRGS20250417561,1 to 2 Family,Gas,Alteration/Remodel,1700,0,1,Res.1&2 or Guest House,Res.1&2 or Guest House,1000_9999,1,zero,Res.1&2 or Guest House,Res.1&2 or Guest House,0,,not_applicable,knn,
PRGS20250417563,1 to 2 Family,Gas,Alteration/Remodel,1400,0,1,Res.1&2 or Guest House,Res.1&2 or Guest House,1000_9999,1,zero,Res.1&2 or Guest House,,1,Res.1&2 or Guest House,knn,knn,1.0
PRGS20250417566,1 to 2 Family,Gas,Alteration/Remodel,1700,0,1,Res.1&2 or Guest House,Res.1&2 or Guest House,1000_9999,1,zero,Res.1&2 or Guest House,,1,Res.1&2 or Guest House,knn,knn,1.0
PRGS20250417571,1 to 2 Family,Gas,Alteration/Remodel,1400,0,1,Res.1&2 or Guest House,Res.1&2 or Guest House,1000_9999,1,zero,Res.1&2 or Guest House,Res.1&2 or Guest House,0,,not_applicable,knn,
PRGS20250417573,1 to 2 Family,Gas,Alteration/Remodel,1400,0,1,Res.1&2 or Guest House,Res.1&2 or Guest House,1000_9999,1,zero,Res.1&2 or Guest House,,1,Res.1&2 or Guest House,knn,knn,1.0
PRGS20250417592,1 to 2 Family,Gas,Alteration/Remodel,1600,0,1,Res.1&2 or Guest House,Res.1&2 or Guest House,1000_9999,1,zero,Res.1&2 or Guest House,Res.1&2 or Guest House,0,,not_applicable,knn,
PRGS20250417626,1 to 2 Family,Gas,Alteration/Remodel,1600,0,1,Res.1&2 or Guest House,Res.1&2 or Guest House,1000_9999,1,zero,Res.1&2 or Guest House,Res.1&2 or Guest House,0,,not_applicable,knn,
PRGS20250417632,1 to 2 Family,Gas,Alteration/Remodel,1300,0,1,Res.1&2 or Guest House,Res.1&2 or Guest House,1000_9999,1,zero,Res.1&2 or Guest House,Res.1&2 or Guest House,0,,not_applicable,knn,
PRGS20250417636,1 to 2 Family,Gas,Alteration/Remodel,1600,0,1,Res.1&2 or Guest House,Res.1&2 or Guest House,1000_9999,1,zero,Res.1&2 or Guest House,Res.1&2 or Guest House,0,,not_applicable,knn,
PRGS20250417637,1 to 2 Family,Gas,Alteration/Remodel,1520,0,1,Res.1&2 or Guest House,Res.1&2 or Guest House,1000_9999,1,zero,Res.1&2 or Guest House,,1,Res.1&2 or Guest House,knn,knn,1.0
PRGS20250417649,1 to 2 Family,Gas,Alteration/Remodel,1600,0,1,Res.1&2 or Guest House,Res.1&2 or Guest House,1000_9999,1,zero,Res.1&2 or Guest House,Res.1&2 or Guest House,0,,not_applicable,knn,
PRGS20250417652,1 to 2 Family,Gas,Alteration/Remodel,1300,0,1,Res.1&2 or Guest House,Res.1&2 or Guest House,1000_9999,1,zero,Res.1&2 or Guest House,,1,Res.1&2 or Guest House,knn,knn,1.0
PRGS20250417660,1 to 2 Family,Gas,Alteration/Remodel,18000,0,1,Res.1&2 or Guest House,Res.1&2 or Guest House,10000_99999,1,zero,Res.1&2 or Guest House,Res.1&2 or Guest House,0,,not_applicable,knn,
PRGS20250417708,1 to 2 Family,Gas,Alteration/Remodel,1600,0,1,Res.1&2 or Guest House,Res.1&2 or Guest House,1000_9999,1,zero,Res.1&2 or Guest House,Res.1&2 or Guest House,0,,not_applicable,knn,
PRGS20250417713,1 to 2 Family,Gas,Alteration/Remodel,1300,0,1,Res.1&2 or Guest House,Res.1&2 or Guest House,1000_9999,1,zero,Res.1&2 or Guest House,Res.1&2 or Guest House,0,,not_applicable,knn,
PRGS20250417730,1 to 2 Family,Gas,Alteration/Remodel,1700,0,1,Res.1&2 or Guest House,Res.1&2 or Guest House,1000_9999,1,zero,Res.1&2 or Guest House,Res.1&2 or Guest House,0,,not_applicable,knn,
PRGS20250417775,1 to 2 Family,Gas,Alteration/Remodel,1200,0,1,Res.1&2 or Guest House,Res.1&2 or Guest House,1000_9999,1,zero,Res.1&2 or Guest House,Res.1&2 or Guest House,0,,not_applicable,knn,
PRGS20250417861,1 to 2 Family,Gas,Alteration/Remodel,1300,0,1,Res.1&2 or Guest House,Res.1&2 or Guest House,1000_9999,1,zero,Res.1&2 or Guest House,Res.1&2 or Guest House,0,,not_applicable,knn,
PRGS20250418086,1 to 2 Family,Gas,Alteration/Remodel,2300,0,1,Res.1&2 or Guest House,Res.1&2 or Guest House,1000_9999,1,zero,Res.1&2 or Guest House,Res.1&2 or Guest House,0,,not_applicable,knn,
PRGS20250418313,1 to 2 Family,Gas,Alteration/Remodel,9835.5,0,1,Res.1&2 or Guest House,Res.1&2 or Guest House,1000_9999,1,zero,Res.1&2 or Guest House,,1,Res.1&2 or Guest House,knn,knn,1.0
PRHV20121124643,Commercial,Revision - Mechanical,Alteration/Remodel,50,0,1,Commercial,Commercial,2_999,1,zero,Commercial,,1,Residential-Multi-Family,knn,knn,0.8
PRHV20240937472,1 to 2 Family,Revision - Mechanical,Alteration/Remodel,750,0,0,Res.1&2 or Guest House,Res.1&2 or Guest House,2_999,0,zero,Res.1&2 or Guest House,,1,Res.1&2 or Guest House,knn,knn,1.0
PRHV20241040665,1 to 2 Family,Revision - Mechanical,Alteration/Remodel,1500,0,1,Res.1&2 or Guest House,Res.1&2 or Guest House,1000_9999,1,zero,Res.1&2 or Guest House,,1,Res.1&2 or Guest House,knn,knn,1.0
PRHV20241251197,Commercial,Mechanical,Alteration/Remodel,2150,0,1,Residential-Multi-Family,Residential-Multi-Family,1000_9999,1,zero,Residential-Multi-Family,,1,Commercial,knn,knn,0.6
PRHV20250101963,1 to 2 Family,Mechanical,Alteration/Remodel,3500,0,1,Res.1&2 or Guest House,Res.1&2 or Guest House,1000_9999,1,zero,Res.1&2 or Guest House,Res.1&2 or Guest House,0,,not_applicable,knn,
PRHV20250102757,Commercial,Mechanical,Alteration/Remodel,53800,0,1,Commercial,Commercial,10000_99999,1,zero,Commercial,Commercial,0,,not_applicable,knn,
PRHV20250205470,Commercial,Hoods,Alteration/Remodel,25000,0,1,Commercial,Commercial,10000_99999,1,zero,Commercial,Commercial,0,,not_applicable,knn,
PRHV20250206398,Commercial,Revision - Mechanical,Alteration/Remodel,1,0,1,Residential-Multi-Family,Residential-Multi-Family,le_1,1,zero,Residential-Multi-Family,Residential-Multi-Family,0,,not_applicable,knn,
PRHV20250206451,Commercial,Mechanical,Alteration/Remodel,13709,0,1,Residential-Multi-Family,Residential-Multi-Family,10000_99999,1,zero,Residential-Multi-Family,Residential-Multi-Family,0,,not_applicable,knn,
PRHV20250206649,Commercial,Mechanical,Alteration/Remodel,1100,0,1,Residential-Multi-Family,Residential-Multi-Family,1000_9999,1,zero,Residential-Multi-Family,Residential-Multi-Family,0,,not_applicable,knn,
PRHV20250208145,1 to 2 Family,Mechanical,Alteration/Remodel,1200,0,1,Res.1&2 or Guest House,Res.1&2 or Guest House,1000_9999,1,zero,Res.1&2 or Guest House,Res.1&2 or Guest House,0,,not_applicable,knn,
PRHV20250208313,Commercial,Mechanical,Alteration/Remodel,1500,48,1,Commercial,Commercial,1000_9999,1,nonzero,Commercial,,1,Commercial,knn,knn,0.6
PRHV20250208520,1 to 2 Family,Mechanical,Alteration/Remodel,2400,0,1,Res.1&2 or Guest House,Res.1&2 or Guest House,1000_9999,1,zero,Res.1&2 or Guest House,Res.1&2 or Guest House,0,,not_applicable,knn,
PRHV20250208575,Commercial,Revision - Mechanical,Alteration/Remodel,1,0,0,Residential-Multi-Family,Residential-Multi-Family,le_1,0,zero,Residential-Multi-Family,Residential-Multi-Family,0,,not_applicable,knn,
PRHV20250208578,Commercial,Mechanical,Alteration/Remodel,1100,0,1,Residential-Multi-Family,Residential-Multi-Family,1000_9999,1,zero,Residential-Multi-Family,Residential-Multi-Family,0,,not_applicable,knn,
PRHV20250208580,1 to 2 Family,Mechanical,Alteration/Remodel,1100,0,1,Res.1&2 or Guest House,Res.1&2 or Guest House,1000_9999,1,zero,Res.1&2 or Guest House,Res.1&2 or Guest House,0,,not_applicable,knn,
PRHV20250208582,Commercial,Mechanical,Alteration/Remodel,1100,0,1,Residential-Multi-Family,Residential-Multi-Family,1000_9999,1,zero,Residential-Multi-Family,,1,Commercial,knn,knn,0.6
PRHV20250208612,Commercial,Mechanical,Alteration/Remodel,15000,0,1,Commercial,Commercial,10000_99999,1,zero,Commercial,Commercial,0,,not_applicable,knn,
PRHV20250309001,1 to 2 Family,Mechanical,Alteration/Remodel,4243,0,1,Res.1&2 or Guest House,Res.1&2 or Guest House,1000_9999,1,zero,Res.1&2 or Guest House,Res.1&2 or Guest House,0,,not_applicable,knn,
PRHV20250309541,1 to 2 Family,Mechanical,Alteration/Remodel,10190,0,1,Res.1&2 or Guest House,Res.1&2 or Guest House,10000_99999,1,zero,Res.1&2 or Guest House,Res.1&2 or Guest House,0,,not_applicable,knn,
PRHV20250309651,Commercial,Mechanical,Alteration/Remodel,156000,0,1,Commercial,Commercial,100000_plus,1,zero,Commercial,Commercial,0,,not_applicable,knn,
PRHV20250309931,Commercial,Mechanical,Alteration/Remodel,1100,0,1,Residential-Multi-Family,Residential-Multi-Family,1000_9999,1,zero,Residential-Multi-Family,,1,Commercial,knn,knn,0.6
PRHV20250309932,Commercial,Mechanical,Alteration/Remodel,1100,0,1,Residential-Multi-Family,Residential-Multi-Family,1000_9999,1,zero,Residential-Multi-Family,Residential-Multi-Family,0,,not_applicable,knn,
PRHV20250309938,Commercial,Mechanical,Alteration/Remodel,1100,0,1,Residential-Multi-Family,Residential-Multi-Family,1000_9999,1,zero,Residential-Multi-Family,Residential-Multi-Family,0,,not_applicable,knn,
PRHV20250310397,1 to 2 Family,Mechanical,Alteration/Remodel,2400,0,1,Res.1&2 or Guest House,Res.1&2 or Guest House,1000_9999,1,zero,Res.1&2 or Guest House,Res.1&2 or Guest House,0,,not_applicable,knn,
PRHV20250310477,1 to 2 Family,Mechanical,Alteration/Remodel,5469,0,1,Res.1&2 or Guest House,Res.1&2 or Guest House,1000_9999,1,zero,Res.1&2 or Guest House,,1,Res.1&2 or Guest House,knn,knn,1.0
PRHV20250310599,1 to 2 Family,Mechanical,Alteration/Remodel,7967,0,1,Res.1&2 or Guest House,Res.1&2 or Guest House,1000_9999,1,zero,Res.1&2 or Guest House,Res.1&2 or Guest House,0,,not_applicable,knn,
PRHV20250310872,Commercial,Mechanical,Alteration/Remodel,1100,0,1,Residential-Multi-Family,Residential-Multi-Family,1000_9999,1,zero,Residential-Multi-Family,Residential-Multi-Family,0,,not_applicable,knn,
PRHV20250311259,1 to 2 Family,Mechanical,Alteration/Remodel,2500,0,1,Res.1&2 or Guest House,Res.1&2 or Guest House,1000_9999,1,zero,Res.1&2 or Guest House,Res.1&2 or Guest House,0,,not_applicable,knn,
PRHV20250311317,Commercial,Mechanical,Alteration/Remodel,1100,0,1,Residential-Multi-Family,Residential-Multi-Family,1000_9999,1,zero,Residential-Multi-Family,Residential-Multi-Family,0,,not_applicable,knn,
PRHV20250311317,Commercial,Revision - Mechanical,Alteration/Remodel,1,0,1,Residential-Multi-Family,Residential-Multi-Family,le_1,1,zero,Residential-Multi-Family,,1,Residential-Multi-Family,knn,knn,1.0
PRHV20250311451,1 to 2 Family,Mechanical,Alteration/Remodel,6618,0,1,Res.1&2 or Guest House,Res.1&2 or Guest House,1000_9999,1,zero,Res.1&2 or Guest House,,1,Res.1&2 or Guest House,knn,knn,1.0
PRHV20250311555,1 to 2 Family,Mechanical,Alteration/Remodel,1100,0,1,Res.1&2 or Guest House,Res.1&2 or Guest House,1000_9999,1,zero,Res.1&2 or Guest House,Res.1&2 or Guest House,0,,not_applicable,knn,
PRHV20250311716,Commercial,Hoods,Alteration/Remodel,12000,0,0,Commercial,Commercial,10000_99999,0,zero,Commercial,Commercial,0,,not_applicable,knn,
PRHV20250311892,1 to 2 Family,Mechanical,Alteration/Remodel,7000,0,1,Res.1&2 or Guest House,Res.1&2 or Guest House,1000_9999,1,zero,Res.1&2 or Guest House,,1,Res.1&2 or Guest House,knn,knn,1.0
PRHV20250312169,1 to 2 Family,Mechanical,Alteration/Remodel,6150,0,1,Res.1&2 or Guest House,Res.1&2 or Guest House,1000_9999,1,zero,Res.1&2 or Guest House,Res.1&2 or Guest House,0,,not_applicable,knn,
PRHV20250312180,1 to 2 Family,Mechanical,Alteration/Remodel,7995,0,1,Res.1&2 or Guest House,Res.1&2 or Guest House,1000_9999,1,zero,Res.1&2 or Guest House,Res.1&2 or Guest House,0,,not_applicable,knn,
PRHV20250312223,1 to 2 Family,Mechanical,Alteration/Remodel,6269,0,1,Res.1&2 or Guest House,Res.1&2 or Guest House,1000_9999,1,zero,Res.1&2 or Guest House,Res.1&2 or Guest House,0,,not_applicable,knn,
PRHV20250312275,1 to 2 Family,Mechanical,Alteration/Remodel,5450,0,1,Res.1&2 or Guest House,Res.1&2 or Guest House,1000_9999,1,zero,Res.1&2 or Guest House,,1,Res.1&2 or Guest House,knn,knn,1.0
PRHV20250312401,Commercial,Mechanical,Alteration/Remodel,1100,0,1,Residential-Multi-Family,Residential-Multi-Family,1000_9999,1,zero,Residential-Multi-Family,Residential-Multi-Family,0,,not_applicable,knn,
PRHV20250312446,1 to 2 Family,Mechanical,Alteration/Remodel,3872,0,1,Res.1&2 or Guest House,Res.1&2 or Guest House,1000_9999,1,zero,Res.1&2 or Guest House,Res.1&2 or Guest House,0,,not_applicable,knn,
PRHV20250312566,1 to 2 Family,Mechanical,Alteration/Remodel,6550,0,1,Res.1&2 or Guest House,Res.1&2 or Guest House,1000_9999,1,zero,Res.1&2 or Guest House,Res.1&2 or Guest House,0,,not_applicable,knn,
PRHV20250312669,1 to 2 Family,Mechanical,Alteration/Remodel,7961.7,0,1,Res.1&2 or Guest House,Res.1&2 or Guest House,1000_9999,1,zero,Res.1&2 or Guest House,Res.1&2 or Guest House,0,,not_applicable,knn,
PRHV20250312764,Commercial,Mechanical,Alteration/Remodel,1100,0,1,Residential-Multi-Family,Residential-Multi-Family,1000_9999,1,zero,Residential-Multi-Family,Residential-Multi-Family,0,,not_applicable,knn,
PRHV20250312841,1 to 2 Family,Mechanical,Alteration/Remodel,15996.98,0,1,Res.1&2 or Guest House,Res.1&2 or Guest House,10000_99999,1,zero,Res.1&2 or Guest House,Res.1&2 or Guest House,0,,not_applicable,knn,
PRHV20250313145,1 to 2 Family,Mechanical,Alteration/Remodel,4000,0,1,Res.1&2 or Guest House,Res.1&2 or Guest House,1000_9999,1,zero,Res.1&2 or Guest House,Res.1&2 or Guest House,0,,not_applicable,knn,
PRHV20250313361,1 to 2 Family,Mechanical,Alteration/Remodel,1100,0,1,Res.1&2 or Guest House,Res.1&2 or Guest House,1000_9999,1,zero,Res.1&2 or Guest House,,1,Res.1&2 or Guest House,knn,knn,1.0
PRHV20250313363,Commercial,Mechanical,Alteration/Remodel,1100,0,1,Residential-Multi-Family,Residential-Multi-Family,1000_9999,1,zero,Residential-Multi-Family,Residential-Multi-Family,0,,not_applicable,knn,
PRHV20250313364,Commercial,Mechanical,Alteration/Remodel,6387,0,1,Residential-Multi-Family,Residential-Multi-Family,1000_9999,1,zero,Residential-Multi-Family,Residential-Multi-Family,0,,not_applicable,knn,
PRHV20250313424,Commercial,Mechanical,Alteration/Remodel,1100,0,1,Residential-Multi-Family,Residential-Multi-Family,1000_9999,1,zero,Residential-Multi-Family,Residential-Multi-Family,0,,not_applicable,knn,
PRHV20250313429,Commercial,Mechanical,Alteration/Remodel,1100,0,1,Residential-Multi-Family,Residential-Multi-Family,1000_9999,1,zero,Residential-Multi-Family,Residential-Multi-Family,0,,not_applicable,knn,
PRHV20250313469,1 to 2 Family,Mechanical,Alteration/Remodel,8275,0,1,Res.1&2 or Guest House,Res.1&2 or Guest House,1000_9999,1,zero,Res.1&2 or Guest House,Res.1&2 or Guest House,0,,not_applicable,knn,
PRHV20250413783,1 to 2 Family,Mechanical,Alteration/Remodel,6550,0,1,Res.1&2 or Guest House,Res.1&2 or Guest House,1000_9999,1,zero,Res.1&2 or Guest House,Res.1&2 or Guest House,0,,not_applicable,knn,
PRHV20250413870,1 to 2 Family,Mechanical,Alteration/Remodel,6550,0,1,Res.1&2 or Guest House,Res.1&2 or Guest House,1000_9999,1,zero,Res.1&2 or Guest House,Res.1&2 or Guest House,0,,not_applicable,knn,
PRHV20250413899,1 to 2 Family,Mechanical,Alteration/Remodel,1100,0,1,Res.1&2 or Guest House,Res.1&2 or Guest House,1000_9999,1,zero,Res.1&2 or Guest House,Res.1&2 or Guest House,0,,not_applicable,knn,
PRHV20250414359,Commercial,Mechanical,Alteration/Remodel,3000,0,0,Commercial,Commercial,1000_9999,0,zero,Commercial,Commercial,0,,not_applicable,knn,
PRHV20250414369,1 to 2 Family,Mechanical,Alteration/Remodel,6550,0,1,Res.1&2 or Guest House,Res.1&2 or Guest House,1000_9999,1,zero,Res.1&2 or Guest House,Res.1&2 or Guest House,0,,not_applicable,knn,
PRHV20250414384,1 to 2 Family,Mechanical,Alteration/Remodel,500,0,1,Res.1&2 or Guest House,Res.1&2 or Guest House,2_999,1,zero,Res.1&2 or Guest House,Res.1&2 or Guest House,0,,not_applicable,knn,
PRHV20250414519,Commercial,Mechanical,Alteration/Remodel,5000,0,1,Commercial,Commercial,1000_9999,1,zero,Commercial,Commercial,0,,not_applicable,knn,
PRHV20250414735,1 to 2 Family,Mechanical,Alteration/Remodel,1000,0,1,Res.1&2 or Guest House,Res.1&2 or Guest House,1000_9999,1,zero,Res.1&2 or Guest House,Res.1&2 or Guest House,0,,not_applicable,knn,
PRHV20250414925,1 to 2 Family,Mechanical,Alteration/Remodel,9713.9500000000007,0,1,Res.1&2 or Guest House,Res.1&2 or Guest House,1000_9999,1,zero,Res.1&2 or Guest House,Res.1&2 or Guest House,0,,not_applicable,knn,
PRHV20250414938,1 to 2 Family,Mechanical,Alteration/Remodel,4300,0,1,Res.1&2 or Guest House,Res.1&2 or Guest House,1000_9999,1,zero,Res.1&2 or Guest House,Res.1&2 or Guest House,0,,not_applicable,knn,
PRHV20250415203,Commercial,Mechanical,Alteration/Remodel,1100,0,1,Residential-Multi-Family,Residential-Multi-Family,1000_9999,1,zero,Residential-Multi-Family,Residential-Multi-Family,0,,not_applicable,knn,
PRHV20250415207,Commercial,Mechanical,Alteration/Remodel,1100,0,1,Residential-Multi-Family,Residential-Multi-Family,1000_9999,1,zero,Residential-Multi-Family,Residential-Multi-Family,0,,not_applicable,knn,
PRHV20250415213,1 to 2 Family,Mechanical,Alteration/Remodel,1100,0,1,Res.1&2 or Guest House,Res.1&2 or Guest House,1000_9999,1,zero,Res.1&2 or Guest House,Res.1&2 or Guest House,0,,not_applicable,knn,
PRHV20250415872,Commercial,Mechanical,Alteration/Remodel,2500,0,1,Residential-Multi-Family,Residential-Multi-Family,1000_9999,1,zero,Residential-Multi-Family,Residential-Multi-Family,0,,not_applicable,knn,
PRHV20250415894,1 to 2 Family,Mechanical,Alteration/Remodel,6550,0,1,Res.1&2 or Guest House,Res.1&2 or Guest House,1000_9999,1,zero,Res.1&2 or Guest House,,1,Res.1&2 or Guest House,knn,knn,1.0
PRHV20250415926,Commercial,Mechanical,Alteration/Remodel,4000,0,1,Residential-Multi-Family,Residential-Multi-Family,1000_9999,1,zero,Residential-Multi-Family,Residential-Multi-Family,0,,not_applicable,knn,
PRHV20250416295,1 to 2 Family,Mechanical,Alteration/Remodel,1100,0,1,Res.1&2 or Guest House,Res.1&2 or Guest House,1000_9999,1,zero,Res.1&2 or Guest House,Res.1&2 or Guest House,0,,not_applicable,knn,
PRHV20250416629,1 to 2 Family,Mechanical,Alteration/Remodel,7080,0,1,Res.1&2 or Guest House,Res.1&2 or Guest House,1000_9999,1,zero,Res.1&2 or Guest House,Res.1&2 or Guest House,0,,not_applicable,knn,
PRHV20250416932,1 to 2 Family,Mechanical,Addition,2880,0,1,Res.1&2 or Guest House,Res.1&2 or Guest House,1000_9999,1,zero,Res.1&2 or Guest House,,1,Res.1&2 or Guest House,knn,knn,1.0
PRHV20250417083,1 to 2 Family,Mechanical,Alteration/Remodel,7550,0,1,Res.1&2 or Guest House,Res.1&2 or Guest House,1000_9999,1,zero,Res.1&2 or Guest House,Res.1&2 or Guest House,0,,not_applicable,knn,
PRHV20250417239,Commercial,Mechanical,Alteration/Remodel,6919,0,1,Residential-Multi-Family,Residential-Multi-Family,1000_9999,1,zero,Residential-Multi-Family,,1,Commercial,knn,knn,0.6
PRHV20250418057,Commercial,Mechanical,Alteration/Remodel,3000,0,1,Residential-Multi-Family,Residential-Multi-Family,1000_9999,1,zero,Residential-Multi-Family,Residential-Multi-Family,0,,not_applicable,knn,
PRHV20250418318,1 to 2 Family,Mechanical,Alteration/Remodel,4978,0,1,Res.1&2 or Guest House,Res.1&2 or Guest House,1000_9999,1,zero,Res.1&2 or Guest House,Res.1&2 or Guest House,0,,not_applicable,knn,
PRIR20250312317,1 to 2 Family,Plumbing,Alteration/Remodel,4800,0,1,Res.1&2 or Guest House,Res.1&2 or Guest House,1000_9999,1,zero,Res.1&2 or Guest House,Res.1&2 or Guest House,0,,not_applicable,knn,
PRIR20250312964,1 to 2 Family,Plumbing,Alteration/Remodel,7500,0,0,Not Identified,,1000_9999,0,zero,,,0,,not_applicable,knn,
PRIR20250413693,Commercial,Plumbing,Alteration/Remodel,950,0,0,Not Identified,,2_999,0,zero,,,0,,not_applicable,knn,
PRIR20250413695,1 to 2 Family,Plumbing,Alteration/Remodel,950,0,0,Not Identified,,2_999,0,zero,,,0,,not_applicable,knn,
PRIR20250413696,1 to 2 Family,Plumbing,Alteration/Remodel,950,0,0,Not Identified,,2_999,0,zero,,,0,,not_applicable,knn,
PRIR20250413699,1 to 2 Family,Plumbing,Alteration/Remodel,950,0,0,Not Identified,,2_999,0,zero,,,0,,not_applicable,knn,
PRIR20250413702,1 to 2 Family,Plumbing,Alteration/Remodel,950,0,0,Not Identified,,2_999,0,zero,,,0,,not_applicable,knn,
PRIR20250413706,1 to 2 Family,Plumbing,Alteration/Remodel,950,0,0,Not Identified,,2_999,0,zero,,,0,,not_applicable,knn,
PRIR20250413708,1 to 2 Family,Plumbing,Alteration/Remodel,950,0,0,Not Identified,,2_999,0,zero,,,0,,not_applicable,knn,
PRIR20250413709,1 to 2 Family,Plumbing,Alteration/Remodel,950,0,0,Not Identified,,2_999,0,zero,,,0,,not_applicable,knn,
PRIR20250413711,1 to 2 Family,Plumbing,Alteration/Remodel,950,0,0,Not Identified,,2_999,0,zero,,,0,,not_applicable,knn,
PRIR20250413713,1 to 2 Family,Plumbing,Alteration/Remodel,950,0,0,Not Identified,,2_999,0,zero,,,0,,not_applicable,knn,
PRIR20250413717,1 to 2 Family,Plumbing,Alteration/Remodel,950,0,0,Not Identified,,2_999,0,zero,,,0,,not_applicable,knn,
PRIR20250413720,1 to 2 Family,Plumbing,Alteration/Remodel,950,0,0,Not Identified,,2_999,0,zero,,,0,,not_applicable,knn,
PRIR20250413839,1 to 2 Family,Plumbing,Alteration/Remodel,2000,0,0,Not Identified,,1000_9999,0,zero,,,0,,not_applicable,knn,
PRIR20250413842,1 to 2 Family,Plumbing,Alteration/Remodel,2000,0,0,Not Identified,,1000_9999,0,zero,,,0,,not_applicable,knn,
PRIR20250413851,1 to 2 Family,Plumbing,Alteration/Remodel,2000,0,0,Not Identified,,1000_9999,0,zero,,,0,,not_applicable,knn,
PRIR20250413852,1 to 2 Family,Plumbing,Alteration/Remodel,2000,0,0,Not Identified,,1000_9999,0,zero,,,0,,not_applicable,knn,
PRIR20250414026,1 to 2 Family,Plumbing,Alteration/Remodel,2000,0,0,Not Identified,,1000_9999,0,zero,,,0,,not_applicable,knn,
PRIR20250414029,1 to 2 Family,Plumbing,Alteration/Remodel,2000,0,0,Not Identified,,1000_9999,0,zero,,,0,,not_applicable,knn,
PRIR20250414071,1 to 2 Family,Plumbing,Alteration/Remodel,2000,0,0,Not Identified,,1000_9999,0,zero,,,0,,not_applicable,knn,
PRIR20250414073,1 to 2 Family,Plumbing,Alteration/Remodel,2000,0,0,Not Identified,,1000_9999,0,zero,,,0,,not_applicable,knn,
PRIR20250414130,Commercial,Plumbing,Alteration/Remodel,8000,0,0,Not Identified,,1000_9999,0,zero,,,0,,not_applicable,knn,
PRIR20250414857,1 to 2 Family,Plumbing,Alteration/Remodel,2000,0,0,Not Identified,,1000_9999,0,zero,,,0,,not_applicable,knn,
PRIR20250415010,1 to 2 Family,Plumbing,Alteration/Remodel,1000,0,0,Not Identified,,1000_9999,0,zero,,,0,,not_applicable,knn,
PRIR20250415153,1 to 2 Family,Plumbing,Alteration/Remodel,83792.5,0,0,Not Identified,,10000_99999,0,zero,,,0,,not_applicable,knn,
PRIR20250415631,1 to 2 Family,Plumbing,Alteration/Remodel,18600,0,0,Not Identified,,10000_99999,0,zero,,,0,,not_applicable,knn,
PRIR20250415726,1 to 2 Family,Plumbing,Alteration/Remodel,2000,0,0,Not Identified,,1000_9999,0,zero,,,0,,not_applicable,knn,
PRIR20250415782,1 to 2 Family,Plumbing,Alteration/Remodel,33150,0,0,Not Identified,,10000_99999,0,zero,,,0,,not_applicable,knn,
PRIR20250416171,1 to 2 Family,Plumbing,Alteration/Remodel,950,0,0,Not Identified,,2_999,0,zero,,,0,,not_applicable,knn,
PRIR20250416174,1 to 2 Family,Plumbing,Alteration/Remodel,950,0,0,Not Identified,,2_999,0,zero,,,0,,not_applicable,knn,
PRIR20250416176,1 to 2 Family,Plumbing,Alteration/Remodel,950,0,0,Not Identified,,2_999,0,zero,,,0,,not_applicable,knn,
PRIR20250416177,1 to 2 Family,Plumbing,Alteration/Remodel,950,0,0,Not Identified,,2_999,0,zero,,,0,,not_applicable,knn,
PRIR20250416180,1 to 2 Family,Plumbing,Alteration/Remodel,950,0,0,Not Identified,,2_999,0,zero,,,0,,not_applicable,knn,
PRIR20250416181,1 to 2 Family,Plumbing,Alteration/Remodel,950,0,0,Not Identified,,2_999,0,zero,,,0,,not_applicable,knn,
PRIR20250416182,1 to 2 Family,Plumbing,Alteration/Remodel,950,0,0,Not Identified,,2_999,0,zero,,,0,,not_applicable,knn,
PRIR20250416184,1 to 2 Family,Plumbing,Alteration/Remodel,950,0,0,Not Identified,,2_999,0,zero,,,0,,not_applicable,knn,
PRIR20250416185,1 to 2 Family,Plumbing,Alteration/Remodel,950,0,0,Not Identified,,2_999,0,zero,,,0,,not_applicable,knn,
PRIR20250416186,1 to 2 Family,Plumbing,Alteration/Remodel,950,0,0,Not Identified,,2_999,0,zero,,,0,,not_applicable,knn,
PRIR20250416187,1 to 2 Family,Plumbing,Alteration/Remodel,950,0,0,Not Identified,,2_999,0,zero,,,0,,not_applicable,knn,
PRIR20250416188,1 to 2 Family,Plumbing,Alteration/Remodel,950,0,0,Not Identified,,2_999,0,zero,,,0,,not_applicable,knn,
PRIR20250416191,1 to 2 Family,Plumbing,Alteration/Remodel,950,0,0,Not Identified,,2_999,0,zero,,,0,,not_applicable,knn,
PRIR20250416193,1 to 2 Family,Plumbing,Alteration/Remodel,950,0,0,Not Identified,,2_999,0,zero,,,0,,not_applicable,knn,
PRIR20250416194,1 to 2 Family,Plumbing,Alteration/Remodel,950,0,0,Not Identified,,2_999,0,zero,,,0,,not_applicable,knn,
PRIR20250416195,1 to 2 Family,Plumbing,Alteration/Remodel,950,0,0,Not Identified,,2_999,0,zero,,,0,,not_applicable,knn,
PRIR20250416228,1 to 2 Family,Plumbing,Alteration/Remodel,950,0,0,Not Identified,,2_999,0,zero,,,0,,not_applicable,knn,
PRIR20250416230,1 to 2 Family,Plumbing,Alteration/Remodel,950,0,0,Not Identified,,2_999,0,zero,,,0,,not_applicable,knn,
PRIR20250416232,1 to 2 Family,Plumbing,Alteration/Remodel,950,0,0,Not Identified,,2_999,0,zero,,,0,,not_applicable,knn,
PRIR20250416235,1 to 2 Family,Plumbing,Alteration/Remodel,950,0,0,Not Identified,,2_999,0,zero,,,0,,not_applicable,knn,
PRIR20250416239,1 to 2 Family,Plumbing,Alteration/Remodel,950,0,0,Not Identified,,2_999,0,zero,,,0,,not_applicable,knn,
PRIR20250416241,1 to 2 Family,Plumbing,Alteration/Remodel,950,0,0,Not Identified,,2_999,0,zero,,,0,,not_applicable,knn,
PRIR20250416242,1 to 2 Family,Plumbing,Alteration/Remodel,950,0,0,Not Identified,,2_999,0,zero,,,0,,not_applicable,knn,
PRIR20250416243,1 to 2 Family,Plumbing,Alteration/Remodel,950,0,0,Not Identified,,2_999,0,zero,,,0,,not_applicable,knn,
PRIR20250416245,1 to 2 Family,Plumbing,Alteration/Remodel,950,0,0,Not Identified,,2_999,0,zero,,,0,,not_applicable,knn,
PRIR20250416246,1 to 2 Family,Plumbing,Alteration/Remodel,950,0,0,Not Identified,,2_999,0,zero,,,0,,not_applicable,knn,
PRIR20250416247,1 to 2 Family,Plumbing,Alteration/Remodel,950,0,0,Not Identified,,2_999,0,zero,,,0,,not_applicable,knn,
PRIR20250416248,1 to 2 Family,Plumbing,Alteration/Remodel,950,0,0,Not Identified,,2_999,0,zero,,,0,,not_applicable,knn,
PRIR20250416251,1 to 2 Family,Plumbing,Alteration/Remodel,950,0,0,Not Identified,,2_999,0,zero,,,0,,not_applicable,knn,
PRIR20250416253,1 to 2 Family,Plumbing,Alteration/Remodel,950,0,0,Not Identified,,2_999,0,zero,,,0,,not_applicable,knn,
PRIR20250416254,1 to 2 Family,Plumbing,Alteration/Remodel,950,0,0,Not Identified,,2_999,0,zero,,,0,,not_applicable,knn,
PRIR20250416256,1 to 2 Family,Plumbing,Alteration/Remodel,950,0,0,Not Identified,,2_999,0,zero,,,0,,not_applicable,knn,
PRIR20250416259,1 to 2 Family,Plumbing,Alteration/Remodel,950,0,0,Not Identified,,2_999,0,zero,,,0,,not_applicable,knn,
PRIR20250416261,1 to 2 Family,Plumbing,Alteration/Remodel,950,0,0,Not Identified,,2_999,0,zero,,,0,,not_applicable,knn,
PRIR20250416263,1 to 2 Family,Plumbing,Alteration/Remodel,950,0,0,Not Identified,,2_999,0,zero,,,0,,not_applicable,knn,
PRIR20250416264,Commercial,Plumbing,Alteration/Remodel,950,0,0,Not Identified,,2_999,0,zero,,,0,,not_applicable,knn,
PRIR20250416824,1 to 2 Family,Plumbing,Alteration/Remodel,2000,0,0,Not Identified,,1000_9999,0,zero,,,0,,not_applicable,knn,
PRIR20250416852,1 to 2 Family,Plumbing,Alteration/Remodel,2000,0,0,Not Identified,,1000_9999,0,zero,,,0,,not_applicable,knn,
PRIR20250417079,Commercial,Plumbing,Alteration/Remodel,950,0,0,Not Identified,,2_999,0,zero,,,0,,not_applicable,knn,
PRIR20250417081,1 to 2 Family,Plumbing,Alteration/Remodel,950,0,0,Not Identified,,2_999,0,zero,,,0,,not_applicable,knn,
PRIR20250417084,1 to 2 Family,Plumbing,Alteration/Remodel,950,0,0,Not Identified,,2_999,0,zero,,,0,,not_applicable,knn,
PRIR20250417087,1 to 2 Family,Plumbing,Alteration/Remodel,950,0,0,Not Identified,,2_999,0,zero,,,0,,not_applicable,knn,
PRIR20250417089,1 to 2 Family,Plumbing,Alteration/Remodel,950,0,0,Not Identified,,2_999,0,zero,,,0,,not_applicable,knn,
PRIR20250417090,1 to 2 Family,Plumbing,Alteration/Remodel,950,0,0,Not Identified,,2_999,0,zero,,,0,,not_applicable,knn,
PRIR20250417092,1 to 2 Family,Plumbing,Alteration/Remodel,950,0,0,Not Identified,,2_999,0,zero,,,0,,not_applicable,knn,
PRIR20250417094,1 to 2 Family,Plumbing,Alteration/Remodel,950,0,0,Not Identified,,2_999,0,zero,,,0,,not_applicable,knn,
PRIR20250417095,1 to 2 Family,Plumbing,Alteration/Remodel,950,0,0,Not Identified,,2_999,0,zero,,,0,,not_applicable,knn,
PRIR20250417096,1 to 2 Family,Plumbing,Alteration/Remodel,950,0,0,Not Identified,,2_999,0,zero,,,0,,not_applicable,knn,
PRIR20250417099,1 to 2 Family,Plumbing,Alteration/Remodel,950,0,0,Not Identified,,2_999,0,zero,,,0,,not_applicable,knn,
PRIR20250417100,1 to 2 Family,Plumbing,Alteration/Remodel,950,0,0,Not Identified,,2_999,0,zero,,,0,,not_applicable,knn,
PRIR20250417101,1 to 2 Family,Plumbing,Alteration/Remodel,950,0,0,Not Identified,,2_999,0,zero,,,0,,not_applicable,knn,
PRIR20250417147,1 to 2 Family,Plumbing,Alteration/Remodel,950,0,0,Not Identified,,2_999,0,zero,,,0,,not_applicable,knn,
PRIR20250417484,1 to 2 Family,Plumbing,Alteration/Remodel,15000,0,0,Not Identified,,10000_99999,0,zero,,,0,,not_applicable,knn,
PRIR20250417670,1 to 2 Family,Plumbing,Alteration/Remodel,2000,0,0,Not Identified,,1000_9999,0,zero,,,0,,not_applicable,knn,
PRIR20250418048,1 to 2 Family,Plumbing,Alteration/Remodel,14000,0,1,Res.1&2 or Guest House,Res.1&2 or Guest House,10000_99999,1,zero,Res.1&2 or Guest House,,1,Res.1&2 or Guest House,knn,knn,1.0
PRIR20250418155,1 to 2 Family,Plumbing,Alteration/Remodel,950,0,0,Not Identified,,2_999,0,zero,,,0,,not_applicable,knn,
PRIR20250418156,1 to 2 Family,Plumbing,Alteration/Remodel,950,0,0,Not Identified,,2_999,0,zero,,,0,,not_applicable,knn,
PRIR20250418158,1 to 2 Family,Plumbing,Alteration/Remodel,950,0,0,Not Identified,,2_999,0,zero,,,0,,not_applicable,knn,
PRIR20250418160,1 to 2 Family,Plumbing,Alteration/Remodel,950,0,0,Not Identified,,2_999,0,zero,,,0,,not_applicable,knn,
PRIR20250418302,1 to 2 Family,Plumbing,Alteration/Remodel,2000,0,0,Not Identified,,1000_9999,0,zero,,,0,,not_applicable,knn,
PRIR20250418305,1 to 2 Family,Plumbing,Alteration/Remodel,2000,0,0,Not Identified,,1000_9999,0,zero,,,0,,not_applicable,knn,
PRLA20250103705,1 to 2 Family,Electrical,Alteration/Remodel,1000,0,0,Not Identified,,1000_9999,0,zero,,,0,,not_applicable,knn,
PRLA20250413732,1 to 2 Family,Electrical,Alteration/Remodel,1000,0,0,Not Identified,,1000_9999,0,zero,,,0,,not_applicable,knn,
PRLA20250414640,1 to 2 Family,Electrical,Alteration/Remodel,1000,0,0,Not Identified,,1000_9999,0,zero,,,0,,not_applicable,knn,
PRLA20250417217,1 to 2 Family,Electrical,Alteration/Remodel,1000,0,0,Not Identified,,1000_9999,0,zero,,,0,,not_applicable,knn,
PRLA20250417223,1 to 2 Family,Electrical,Alteration/Remodel,1000,0,0,Not Identified,,1000_9999,0,zero,,,0,,not_applicable,knn,
PRLA20250417409,Commercial,Electrical,Alteration/Remodel,4000,0,0,Not Identified,,1000_9999,0,zero,,,0,,not_applicable,knn,
PRLA20250417709,1 to 2 Family,Electrical,Alteration/Remodel,1000,0,0,Not Identified,,1000_9999,0,zero,,,0,,not_applicable,knn,
PRMAR20240100985,Commercial,Revision - Building,New Construction,1,0,1,Not Identified,,le_1,1,zero,,,0,,not_applicable,knn,
PRMAR20240624551,1 to 2 Family,Revision - Building,New Construction,1,0,1,Res.1&2 or Guest House,Res.1&2 or Guest House,le_1,1,zero,Res.1&2 or Guest House,Res.1&2 or Guest House,0,,not_applicable,knn,
PRMAR20240833414,1 to 2 Family,Revision - Building,Alteration/Remodel,100,0,1,Res.1&2 or Guest House,Res.1&2 or Guest House,2_999,1,zero,Res.1&2 or Guest House,Res.1&2 or Guest House,0,,not_applicable,knn,
PRMAR20241248754,1 to 2 Family,Marine,New Construction,117178.6,0,1,Res.1&2 or Guest House,Res.1&2 or Guest House,100000_plus,1,zero,Res.1&2 or Guest House,Res.1&2 or Guest House,0,,not_applicable,knn,
PRMAR20250101342,1 to 2 Family,Marine,Alteration/Remodel,36777,0,1,Res.1&2 or Guest House,Res.1&2 or Guest House,10000_99999,1,zero,Res.1&2 or Guest House,Res.1&2 or Guest House,0,,not_applicable,knn,
PRMAR20250103150,1 to 2 Family,Marine,New Construction,38000,0,1,Res.1&2 or Guest House,Res.1&2 or Guest House,10000_99999,1,zero,Res.1&2 or Guest House,Res.1&2 or Guest House,0,,not_applicable,knn,
PRMAR20250204312,1 to 2 Family,Marine,Alteration/Remodel,56266,0,1,Res.1&2 or Guest House,Res.1&2 or Guest House,10000_99999,1,zero,Res.1&2 or Guest House,Res.1&2 or Guest House,0,,not_applicable,knn,
PRMAR20250205719,Commercial,Marine,Alteration/Remodel,207856,0,1,Residential-Multi-Family,Residential-Multi-Family,100000_plus,1,zero,Residential-Multi-Family,,1,Commercial,knn,knn,1.0
PRMAR20250207032,1 to 2 Family,Marine,Alteration/Remodel,5000,0,1,Res.1&2 or Guest House,Res.1&2 or Guest House,1000_9999,1,zero,Res.1&2 or Guest House,Res.1&2 or Guest House,0,,not_applicable,knn,
PRMAR20250207580,1 to 2 Family,Marine,Alteration/Remodel,35000,0,1,Res.1&2 or Guest House,Res.1&2 or Guest House,10000_99999,1,zero,Res.1&2 or Guest House,Res.1&2 or Guest House,0,,not_applicable,knn,
PRMAR20250207675,1 to 2 Family,Marine,New Construction,30000,0,1,Res.1&2 or Guest House,Res.1&2 or Guest House,10000_99999,1,zero,Res.1&2 or Guest House,Res.1&2 or Guest House,0,,not_applicable,knn,
PRMAR20250207952,1 to 2 Family,Marine,New Construction,109250,0,1,Res.1&2 or Guest House,Res.1&2 or Guest House,100000_plus,1,zero,Res.1&2 or Guest House,Res.1&2 or Guest House,0,,not_applicable,knn,
PRMAR20250208547,1 to 2 Family,Marine,Alteration/Remodel,2400,0,1,Res.1&2 or Guest House,Res.1&2 or Guest House,1000_9999,1,zero,Res.1&2 or Guest House,Res.1&2 or Guest House,0,,not_applicable,knn,
PRMAR20250308849,Commercial,Marine,Alteration/Remodel,158000,0,1,Commercial,Commercial,100000_plus,1,zero,Commercial,Commercial,0,,not_applicable,knn,
PRMAR20250309031,Commercial,Marine,New Construction,20049.400000000001,0,1,Commercial,Commercial,10000_99999,1,zero,Commercial,Commercial,0,,not_applicable,knn,
PRMAR20250309488,1 to 2 Family,Marine,Alteration/Remodel,70000,0,0,Res.1&2 or Guest House,Res.1&2 or Guest House,10000_99999,0,zero,Res.1&2 or Guest House,Res.1&2 or Guest House,0,,not_applicable,knn,
PRMAR20250310200,Commercial,Marine,New Construction,26882,0,1,Not Identified,,10000_99999,1,zero,,,0,,not_applicable,knn,
PRMAR20250310563,Commercial,Marine,Addition,2400,0,1,Not Identified,,1000_9999,1,zero,,,0,,not_applicable,knn,
PRMAR20250310605,1 to 2 Family,Marine,Alteration/Remodel,10000,0,1,Not Identified,,10000_99999,1,zero,,,0,,not_applicable,knn,
PRMAR20250311396,1 to 2 Family,Marine,Alteration/Remodel,50000,0,1,Res.1&2 or Guest House,Res.1&2 or Guest House,10000_99999,1,zero,Res.1&2 or Guest House,Res.1&2 or Guest House,0,,not_applicable,knn,
PRMAR20250311453,1 to 2 Family,Marine,New Construction,108250,0,1,Not Identified,,100000_plus,1,zero,,,0,,not_applicable,knn,
PRMAR20250312703,1 to 2 Family,Marine,Alteration/Remodel,5000,0,1,Res.1&2 or Guest House,Res.1&2 or Guest House,1000_9999,1,zero,Res.1&2 or Guest House,Res.1&2 or Guest House,0,,not_applicable,knn,
PRMAR20250414883,Commercial,Marine,Alteration/Remodel,170000,0,0,Not Identified,,100000_plus,0,zero,,,0,,not_applicable,knn,
PRMAR20250415249,1 to 2 Family,Marine,Alteration/Remodel,10000,0,1,Res.1&2 or Guest House,Res.1&2 or Guest House,10000_99999,1,zero,Res.1&2 or Guest House,,1,Res.1&2 or Guest House,knn,knn,1.0
PRMFH20220418629,Commercial,Revision - Building,New Construction,1,0,1,Residential-Multi-Family,Residential-Multi-Family,le_1,1,zero,Residential-Multi-Family,Residential-Multi-Family,0,,not_applicable,knn,
PRMFH20221151013,Commercial,Revision - Building,New Construction,1,145684,0,Residential-Multi-Family,Residential-Multi-Family,le_1,0,nonzero,Residential-Multi-Family,Residential-Multi-Family,0,,not_applicable,knn,
PRMFH20230207769,Commercial,Revision - Building,Alteration/Remodel,1,0,1,Residential-Multi-Family,Residential-Multi-Family,le_1,1,zero,Residential-Multi-Family,Residential-Multi-Family,0,,not_applicable,knn,
PRMFH20230207775,Commercial,Revision - Building,Alteration/Remodel,1,0,1,Residential-Multi-Family,Residential-Multi-Family,le_1,1,zero,Residential-Multi-Family,Residential-Multi-Family,0,,not_applicable,knn,
PRMFH20230415336,Commercial,Revision - Building,New Construction,1,41418,1,Residential-Multi-Family,Residential-Multi-Family,le_1,1,nonzero,Residential-Multi-Family,Residential-Multi-Family,0,,not_applicable,knn,
PRMFH20230521996,Commercial,Revision - Building,New Construction,5000,0,1,Commercial,Commercial,1000_9999,1,zero,Commercial,Commercial,0,,not_applicable,knn,
PRMFH20230836342,Commercial,Revision - Building,Alteration/Remodel,1,0,1,Residential-Multi-Family,Residential-Multi-Family,le_1,1,zero,Residential-Multi-Family,Residential-Multi-Family,0,,not_applicable,knn,
PRMFH20230836342,Commercial,Revision - Building,Alteration/Remodel,150,0,1,Residential-Multi-Family,Residential-Multi-Family,2_999,1,zero,Residential-Multi-Family,Residential-Multi-Family,0,,not_applicable,knn,
PRMFH20231251886,Commercial,Revision - Building,Alteration/Remodel,55000,0,1,Residential-Multi-Family,Residential-Multi-Family,10000_99999,1,zero,Residential-Multi-Family,,1,Commercial,knn,knn,1.0
PRMFH20231252625,Commercial,Revision - Building,Alteration/Remodel,100,0,1,Residential-Multi-Family,Residential-Multi-Family,2_999,1,zero,Residential-Multi-Family,Residential-Multi-Family,0,,not_applicable,knn,
PRMFH20231252631,Commercial,Revision - Building,Alteration/Remodel,1,0,1,Residential-Multi-Family,Residential-Multi-Family,le_1,1,zero,Residential-Multi-Family,Residential-Multi-Family,0,,not_applicable,knn,
PRMFH20231252646,Commercial,Revision - Building,Alteration/Remodel,1,3856,0,Commercial,Commercial,le_1,0,nonzero,Commercial,Commercial,0,,not_applicable,knn,
PRMFH20231252649,Commercial,Revision - Building,Alteration/Remodel,1,0,0,Residential-Multi-Family,Residential-Multi-Family,le_1,0,zero,Residential-Multi-Family,,1,Residential-Multi-Family,knn,knn,1.0
PRMFH20240309501,Commercial,Revision - Building,Alteration/Remodel,32440,2038,1,Residential-Multi-Family,Residential-Multi-Family,10000_99999,1,nonzero,Residential-Multi-Family,Residential-Multi-Family,0,,not_applicable,knn,
PRMFH20240312139,Commercial,Revision - Building,Alteration/Remodel,1,0,1,Residential-Multi-Family,Residential-Multi-Family,le_1,1,zero,Residential-Multi-Family,Residential-Multi-Family,0,,not_applicable,knn,
PRMFH20240416560,Commercial,Revision - Building,New Construction,1,1,1,Residential-Multi-Family,Residential-Multi-Family,le_1,1,nonzero,Residential-Multi-Family,Residential-Multi-Family,0,,not_applicable,knn,
PRMFH20240416562,Commercial,Revision - Building,New Construction,1,0,0,Residential-Multi-Family,Residential-Multi-Family,le_1,0,zero,Residential-Multi-Family,Residential-Multi-Family,0,,not_applicable,knn,
PRMFH20240416565,Commercial,Revision - Building,New Construction,1,0,1,Residential-Multi-Family,Residential-Multi-Family,le_1,1,zero,Residential-Multi-Family,Residential-Multi-Family,0,,not_applicable,knn,
PRMFH20240416566,Commercial,Revision - Building,New Construction,1,0,1,Residential-Multi-Family,Residential-Multi-Family,le_1,1,zero,Residential-Multi-Family,Residential-Multi-Family,0,,not_applicable,knn,
PRMFH20240518233,Commercial,Revision - Building,New Construction,1,41418,1,Residential-Multi-Family,Residential-Multi-Family,le_1,1,nonzero,Residential-Multi-Family,Residential-Multi-Family,0,,not_applicable,knn,
PRMFH20240518237,Commercial,Revision - Building,New Construction,1,0,1,Residential-Multi-Family,Residential-Multi-Family,le_1,1,zero,Residential-Multi-Family,Residential-Multi-Family,0,,not_applicable,knn,
PRMFH20240518238,Commercial,Revision - Building,New Construction,1,0,1,Residential-Multi-Family,Residential-Multi-Family,le_1,1,zero,Residential-Multi-Family,Residential-Multi-Family,0,,not_applicable,knn,
PRMFH20240519652,Commercial,Revision - Building,Alteration/Remodel,100,0,1,Residential-Multi-Family,Residential-Multi-Family,2_999,1,zero,Residential-Multi-Family,Residential-Multi-Family,0,,not_applicable,knn,
PRMFH20240625895,Commercial,Building,Alteration/Remodel,202424,2528,0,Residential-Multi-Family,Residential-Multi-Family,100000_plus,0,nonzero,Residential-Multi-Family,Residential-Multi-Family,0,,not_applicable,knn,
PRMFH20240831974,Commercial,Revision - Building,Alteration/Remodel,1,7000,1,Residential-Multi-Family,Residential-Multi-Family,le_1,1,nonzero,Residential-Multi-Family,Residential-Multi-Family,0,,not_applicable,knn,
PRMFH20240832945,Commercial,Building,Alteration/Remodel,202424,2528,0,Residential-Multi-Family,Residential-Multi-Family,100000_plus,0,nonzero,Residential-Multi-Family,Residential-Multi-Family,0,,not_applicable,knn,
PRMFH20240832952,Commercial,Building,Alteration/Remodel,202424,2528,0,Residential-Multi-Family,Residential-Multi-Family,100000_plus,0,nonzero,Residential-Multi-Family,Residential-Multi-Family,0,,not_applicable,knn,
PRMFH20240833466,Commercial,Revision - Building,Alteration/Remodel,12800000,0,1,Residential-Multi-Family,Residential-Multi-Family,100000_plus,1,zero,Residential-Multi-Family,Residential-Multi-Family,0,,not_applicable,knn,
PRMFH20240833624,Commercial,Revision - Building,New Construction,1,0,1,Residential-Multi-Family,Residential-Multi-Family,le_1,1,zero,Residential-Multi-Family,Residential-Multi-Family,0,,not_applicable,knn,
PRMFH20240833630,Commercial,Revision - Building,New Construction,1,29628,1,Residential-Multi-Family,Residential-Multi-Family,le_1,1,nonzero,Residential-Multi-Family,,1,Residential-Multi-Family,knn,knn,1.0
PRMFH20240833639,Commercial,Revision - Building,New Construction,1,25575,1,Residential-Multi-Family,Residential-Multi-Family,le_1,1,nonzero,Residential-Multi-Family,Residential-Multi-Family,0,,not_applicable,knn,
PRMFH20240833643,Commercial,Revision - Building,New Construction,1,0,1,Residential-Multi-Family,Residential-Multi-Family,le_1,1,zero,Residential-Multi-Family,Residential-Multi-Family,0,,not_applicable,knn,
PRMFH20240833648,Commercial,Revision - Building,New Construction,1,25575,1,Residential-Multi-Family,Residential-Multi-Family,le_1,1,nonzero,Residential-Multi-Family,,1,Residential-Multi-Family,knn,knn,1.0
PRMFH20240834111,Commercial,Revision - Building,Alteration/Remodel,322945,0,1,Residential-Multi-Family,Residential-Multi-Family,100000_plus,1,zero,Residential-Multi-Family,Residential-Multi-Family,0,,not_applicable,knn,
PRMFH20241041725,Commercial,Building,Alteration/Remodel,13290,1200,1,Residential-Multi-Family,Residential-Multi-Family,10000_99999,1,nonzero,Residential-Multi-Family,Residential-Multi-Family,0,,not_applicable,knn,
PRMFH20241250486,Commercial,Building,Alteration/Remodel,18600,0,1,Residential-Multi-Family,Residential-Multi-Family,10000_99999,1,zero,Residential-Multi-Family,Residential-Multi-Family,0,,not_applicable,knn,
PRMFH20241251050,Commercial,Revision - Building,Alteration/Remodel,1,50,1,Residential-Multi-Family,Residential-Multi-Family,le_1,1,nonzero,Residential-Multi-Family,Residential-Multi-Family,0,,not_applicable,knn,
PRMFH20250100127,Commercial,Building,Alteration/Remodel,5000,0,1,Residential-Multi-Family,Residential-Multi-Family,1000_9999,1,zero,Residential-Multi-Family,Residential-Multi-Family,0,,not_applicable,knn,
PRMFH20250100968,Commercial,Building,Alteration/Remodel,14000,60,1,Residential-Multi-Family,Residential-Multi-Family,10000_99999,1,nonzero,Residential-Multi-Family,Residential-Multi-Family,0,,not_applicable,knn,
PRMFH20250101696,Commercial,Building,New Construction,700000,20854,1,Not Identified,,100000_plus,1,nonzero,,,0,,not_applicable,knn,
PRMFH20250101941,Commercial,Revision - Building,Alteration/Remodel,2000,0,0,Residential-Multi-Family,Residential-Multi-Family,1000_9999,0,zero,Residential-Multi-Family,Residential-Multi-Family,0,,not_applicable,knn,
PRMFH20250102276,Commercial,Building,Alteration/Remodel,500000,1992,1,Residential-Multi-Family,Residential-Multi-Family,100000_plus,1,nonzero,Residential-Multi-Family,,1,Residential-Multi-Family,knn,knn,1.0
PRMFH20250102906,Commercial,Building,Alteration/Remodel,100000,450,1,Residential-Multi-Family,Residential-Multi-Family,100000_plus,1,nonzero,Residential-Multi-Family,Residential-Multi-Family,0,,not_applicable,knn,
PRMFH20250103240,Commercial,Building,Alteration/Remodel,28712,200,1,Residential-Multi-Family,Residential-Multi-Family,10000_99999,1,nonzero,Residential-Multi-Family,Residential-Multi-Family,0,,not_applicable,knn,
PRMFH20250103306,Commercial,Building,Alteration/Remodel,35000,1335,0,Residential-Multi-Family,Residential-Multi-Family,10000_99999,0,nonzero,Residential-Multi-Family,Residential-Multi-Family,0,,not_applicable,knn,
PRMFH20250104126,Commercial,Building,Alteration/Remodel,150000,500,1,Residential-Multi-Family,Residential-Multi-Family,100000_plus,1,nonzero,Residential-Multi-Family,Residential-Multi-Family,0,,not_applicable,knn,
PRMFH20250104261,Commercial,Building,Alteration/Remodel,10000,125,1,Residential-Multi-Family,Residential-Multi-Family,10000_99999,1,nonzero,Residential-Multi-Family,Residential-Multi-Family,0,,not_applicable,knn,
PRMFH20250204651,Commercial,Building,Alteration/Remodel,24750,24080,1,Residential-Multi-Family,Residential-Multi-Family,10000_99999,1,nonzero,Residential-Multi-Family,Residential-Multi-Family,0,,not_applicable,knn,
PRMFH20250205031,Commercial,Building,Alteration/Remodel,65000,1269,1,Residential-Multi-Family,Residential-Multi-Family,10000_99999,1,nonzero,Residential-Multi-Family,Residential-Multi-Family,0,,not_applicable,knn,
PRMFH20250205191,Commercial,Building,Alteration/Remodel,65000,0,1,Residential-Multi-Family,Residential-Multi-Family,10000_99999,1,zero,Residential-Multi-Family,,1,Residential-Multi-Family,knn,knn,1.0
PRMFH20250205284,Commercial,Building,Alteration/Remodel,131928,116,1,Residential-Multi-Family,Residential-Multi-Family,100000_plus,1,nonzero,Residential-Multi-Family,,1,Residential-Multi-Family,knn,knn,1.0
PRMFH20250205645,Commercial,Building,Alteration/Remodel,8925,120,1,Residential-Multi-Family,Residential-Multi-Family,1000_9999,1,nonzero,Residential-Multi-Family,Residential-Multi-Family,0,,not_applicable,knn,
PRMFH20250205648,Commercial,Building,Alteration/Remodel,150000,1550,1,Residential-Multi-Family,Residential-Multi-Family,100000_plus,1,nonzero,Residential-Multi-Family,Residential-Multi-Family,0,,not_applicable,knn,
PRMFH20250206122,Commercial,Building,Alteration/Remodel,137000,2341,1,Residential-Multi-Family,Residential-Multi-Family,100000_plus,1,nonzero,Residential-Multi-Family,Residential-Multi-Family,0,,not_applicable,knn,
PRMFH20250206262,Commercial,Building,Alteration/Remodel,10000,0,1,Residential-Multi-Family,Residential-Multi-Family,10000_99999,1,zero,Residential-Multi-Family,Residential-Multi-Family,0,,not_applicable,knn,
PRMFH20250206306,Commercial,Building,Alteration/Remodel,450000,2240,1,Residential-Multi-Family,Residential-Multi-Family,100000_plus,1,nonzero,Residential-Multi-Family,Residential-Multi-Family,0,,not_applicable,knn,
PRMFH20250206315,Commercial,Building,Alteration/Remodel,20000,0,1,Residential-Multi-Family,Residential-Multi-Family,10000_99999,1,zero,Residential-Multi-Family,Residential-Multi-Family,0,,not_applicable,knn,
PRMFH20250206347,Commercial,Building,Alteration/Remodel,35000,316,1,Residential-Multi-Family,Residential-Multi-Family,10000_99999,1,nonzero,Residential-Multi-Family,Residential-Multi-Family,0,,not_applicable,knn,
PRMFH20250206811,Commercial,Building,Alteration/Remodel,155000,2016,1,Residential-Multi-Family,Residential-Multi-Family,100000_plus,1,nonzero,Residential-Multi-Family,,1,Residential-Multi-Family,knn,knn,1.0
PRMFH20250206957,Commercial,Building,Alteration/Remodel,29000,1229,1,Residential-Multi-Family,Residential-Multi-Family,10000_99999,1,nonzero,Residential-Multi-Family,Residential-Multi-Family,0,,not_applicable,knn,
PRMFH20250206998,Commercial,Building,Alteration/Remodel,60000,110,1,Residential-Multi-Family,Residential-Multi-Family,10000_99999,1,nonzero,Residential-Multi-Family,Residential-Multi-Family,0,,not_applicable,knn,
PRMFH20250207002,Commercial,Building,Alteration/Remodel,10000,4,1,Residential-Multi-Family,Residential-Multi-Family,10000_99999,1,nonzero,Residential-Multi-Family,Residential-Multi-Family,0,,not_applicable,knn,
PRMFH20250207110,Commercial,Building,Alteration/Remodel,16500,85,1,Residential-Multi-Family,Residential-Multi-Family,10000_99999,1,nonzero,Residential-Multi-Family,,1,Residential-Multi-Family,knn,knn,1.0
PRMFH20250207132,Commercial,Building,Alteration/Remodel,10000,1440,1,Residential-Multi-Family,Residential-Multi-Family,10000_99999,1,nonzero,Residential-Multi-Family,Residential-Multi-Family,0,,not_applicable,knn,
PRMFH20250207171,Commercial,Building,Alteration/Remodel,15000,490,1,Residential-Multi-Family,Residential-Multi-Family,10000_99999,1,nonzero,Residential-Multi-Family,Residential-Multi-Family,0,,not_applicable,knn,
PRMFH20250207187,Commercial,Building,Alteration/Remodel,2500,1100,1,Residential-Multi-Family,Residential-Multi-Family,1000_9999,1,nonzero,Residential-Multi-Family,Residential-Multi-Family,0,,not_applicable,knn,
PRMFH20250207226,Commercial,Building,Alteration/Remodel,35000,400,1,Residential-Multi-Family,Residential-Multi-Family,10000_99999,1,nonzero,Residential-Multi-Family,Residential-Multi-Family,0,,not_applicable,knn,
PRMFH20250207226,Commercial,Revision - Building,Alteration/Remodel,1,0,0,Residential-Multi-Family,Residential-Multi-Family,le_1,0,zero,Residential-Multi-Family,Residential-Multi-Family,0,,not_applicable,knn,
PRMFH20250207411,Commercial,Building,Alteration/Remodel,14410,110,1,Residential-Multi-Family,Residential-Multi-Family,10000_99999,1,nonzero,Residential-Multi-Family,,1,Residential-Multi-Family,knn,knn,1.0
PRMFH20250207623,Commercial,Building,Alteration/Remodel,5200,0,1,Residential-Multi-Family,Residential-Multi-Family,1000_9999,1,zero,Residential-Multi-Family,Residential-Multi-Family,0,,not_applicable,knn,
PRMFH20250207629,Commercial,Building,Alteration/Remodel,65000,1661,1,Residential-Multi-Family,Residential-Multi-Family,10000_99999,1,nonzero,Residential-Multi-Family,Residential-Multi-Family,0,,not_applicable,knn,
PRMFH20250207836,Commercial,Building,Alteration/Remodel,6000,1350,1,Residential-Multi-Family,Residential-Multi-Family,1000_9999,1,nonzero,Residential-Multi-Family,Residential-Multi-Family,0,,not_applicable,knn,
PRMFH20250207866,Commercial,Building,Alteration/Remodel,23000,2000,0,Residential-Multi-Family,Residential-Multi-Family,10000_99999,0,nonzero,Residential-Multi-Family,,1,Residential-Multi-Family,knn,knn,1.0
PRMFH20250207903,Commercial,Revision - Building,Alteration/Remodel,50,0,1,Residential-Multi-Family,Residential-Multi-Family,2_999,1,zero,Residential-Multi-Family,Residential-Multi-Family,0,,not_applicable,knn,
PRMFH20250207931,Commercial,Revision - Building,Alteration/Remodel,6750,0,1,Residential-Multi-Family,Residential-Multi-Family,1000_9999,1,zero,Residential-Multi-Family,,1,Residential-Multi-Family,knn,knn,0.75
PRMFH20250208083,Commercial,Building,Alteration/Remodel,35000,45,1,Residential-Multi-Family,Residential-Multi-Family,10000_99999,1,nonzero,Residential-Multi-Family,Residential-Multi-Family,0,,not_applicable,knn,
PRMFH20250208137,Commercial,Building,Alteration/Remodel,30000,145,0,Residential-Multi-Family,Residential-Multi-Family,10000_99999,0,nonzero,Residential-Multi-Family,,1,Residential-Multi-Family,knn,knn,1.0
PRMFH20250208165,Commercial,Building,Alteration/Remodel,23850.7,150,1,Residential-Multi-Family,Residential-Multi-Family,10000_99999,1,nonzero,Residential-Multi-Family,,1,Residential-Multi-Family,knn,knn,1.0
PRMFH20250208295,Commercial,Building,Alteration/Remodel,35000,120,1,Residential-Multi-Family,Residential-Multi-Family,10000_99999,1,nonzero,Residential-Multi-Family,Residential-Multi-Family,0,,not_applicable,knn,
PRMFH20250208296,Commercial,Building,Alteration/Remodel,35000,200,1,Residential-Multi-Family,Residential-Multi-Family,10000_99999,1,nonzero,Residential-Multi-Family,,1,Residential-Multi-Family,knn,knn,1.0
PRMFH20250208337,Commercial,Building,Alteration/Remodel,40000,1328,1,Residential-Multi-Family,Residential-Multi-Family,10000_99999,1,nonzero,Residential-Multi-Family,Residential-Multi-Family,0,,not_applicable,knn,
PRMFH20250208369,Commercial,Building,Alteration/Remodel,21000,189,1,Residential-Multi-Family,Residential-Multi-Family,10000_99999,1,nonzero,Residential-Multi-Family,Residential-Multi-Family,0,,not_applicable,knn,
PRMFH20250208464,Commercial,Building,Alteration/Remodel,40000,190,1,Residential-Multi-Family,Residential-Multi-Family,10000_99999,1,nonzero,Residential-Multi-Family,Residential-Multi-Family,0,,not_applicable,knn,
PRMFH20250208618,Commercial,Building,Alteration/Remodel,194000,1661,1,Residential-Multi-Family,Residential-Multi-Family,100000_plus,1,nonzero,Residential-Multi-Family,,1,Residential-Multi-Family,knn,knn,1.0
PRMFH20250208679,Commercial,Building,Alteration/Remodel,745000,2500,1,Residential-Multi-Family,Residential-Multi-Family,100000_plus,1,nonzero,Residential-Multi-Family,Residential-Multi-Family,0,,not_applicable,knn,
PRMFH20250208718,Commercial,Building,Alteration/Remodel,35000,120,1,Residential-Multi-Family,Residential-Multi-Family,10000_99999,1,nonzero,Residential-Multi-Family,Residential-Multi-Family,0,,not_applicable,knn,
PRMFH20250308763,Commercial,Building,Alteration/Remodel,5346,35,0,Residential-Multi-Family,Residential-Multi-Family,1000_9999,0,nonzero,Residential-Multi-Family,Residential-Multi-Family,0,,not_applicable,knn,
PRMFH20250308904,Commercial,Building,Alteration/Remodel,79000,300,0,Residential-Multi-Family,Residential-Multi-Family,10000_99999,0,nonzero,Residential-Multi-Family,,1,Residential-Multi-Family,knn,knn,1.0
PRMFH20250309060,Commercial,Building,Alteration/Remodel,120000,950,1,Residential-Multi-Family,Residential-Multi-Family,100000_plus,1,nonzero,Residential-Multi-Family,Residential-Multi-Family,0,,not_applicable,knn,
PRMFH20250309113,Commercial,Building,Alteration/Remodel,1000000,3415,1,Residential-Multi-Family,Residential-Multi-Family,100000_plus,1,nonzero,Residential-Multi-Family,Residential-Multi-Family,0,,not_applicable,knn,
PRMFH20250309133,Commercial,Building,Alteration/Remodel,30000,200,1,Residential-Multi-Family,Residential-Multi-Family,10000_99999,1,nonzero,Residential-Multi-Family,Residential-Multi-Family,0,,not_applicable,knn,
PRMFH20250309250,Commercial,Building,Alteration/Remodel,75000,350,1,Residential-Multi-Family,Residential-Multi-Family,10000_99999,1,nonzero,Residential-Multi-Family,Residential-Multi-Family,0,,not_applicable,knn,
PRMFH20250309278,Commercial,Building,Alteration/Remodel,53000,155,1,Residential-Multi-Family,Residential-Multi-Family,10000_99999,1,nonzero,Residential-Multi-Family,,1,Residential-Multi-Family,knn,knn,1.0
PRMFH20250309351,Commercial,Building,Alteration/Remodel,11000,1379,1,Residential-Multi-Family,Residential-Multi-Family,10000_99999,1,nonzero,Residential-Multi-Family,Residential-Multi-Family,0,,not_applicable,knn,
PRMFH20250309558,Commercial,Building,Alteration/Remodel,10000,1472,1,Residential-Multi-Family,Residential-Multi-Family,10000_99999,1,nonzero,Residential-Multi-Family,Residential-Multi-Family,0,,not_applicable,knn,
PRMFH20250309667,Commercial,Building,Alteration/Remodel,267900,2088,1,Residential-Multi-Family,Residential-Multi-Family,100000_plus,1,nonzero,Residential-Multi-Family,,1,Residential-Multi-Family,knn,knn,1.0
PRMFH20250309675,Commercial,Building,Alteration/Remodel,105000,283,1,Residential-Multi-Family,Residential-Multi-Family,100000_plus,1,nonzero,Residential-Multi-Family,,1,Residential-Multi-Family,knn,knn,1.0
PRMFH20250309677,Commercial,Building,Alteration/Remodel,45000,1590,1,Residential-Multi-Family,Residential-Multi-Family,10000_99999,1,nonzero,Residential-Multi-Family,Residential-Multi-Family,0,,not_applicable,knn,
PRMFH20250309819,Commercial,Building,Alteration/Remodel,1530445.41,1200,1,Residential-Multi-Family,Residential-Multi-Family,100000_plus,1,nonzero,Residential-Multi-Family,Residential-Multi-Family,0,,not_applicable,knn,
PRMFH20250310025,Commercial,Building,Alteration/Remodel,68000,2016,1,Residential-Multi-Family,Residential-Multi-Family,10000_99999,1,nonzero,Residential-Multi-Family,Residential-Multi-Family,0,,not_applicable,knn,
PRMFH20250310074,Commercial,Building,Alteration/Remodel,2500,40,1,Residential-Multi-Family,Residential-Multi-Family,1000_9999,1,nonzero,Residential-Multi-Family,Residential-Multi-Family,0,,not_applicable,knn,
PRMFH20250310151,Commercial,Building,Alteration/Remodel,25000,60,1,Residential-Multi-Family,Residential-Multi-Family,10000_99999,1,nonzero,Residential-Multi-Family,,1,Residential-Multi-Family,knn,knn,1.0
PRMFH20250310167,Commercial,Building,Alteration/Remodel,70000,475,1,Residential-Multi-Family,Residential-Multi-Family,10000_99999,1,nonzero,Residential-Multi-Family,Residential-Multi-Family,0,,not_applicable,knn,
PRMFH20250310310,Commercial,Building,Alteration/Remodel,55000,4200,1,Residential-Multi-Family,Residential-Multi-Family,10000_99999,1,nonzero,Residential-Multi-Family,Residential-Multi-Family,0,,not_applicable,knn,
PRMFH20250310380,Commercial,Building,Alteration/Remodel,35000,140,1,Residential-Multi-Family,Residential-Multi-Family,10000_99999,1,nonzero,Residential-Multi-Family,,1,Residential-Multi-Family,knn,knn,1.0
PRMFH20250310440,Commercial,Building,Alteration/Remodel,34000,487,1,Residential-Multi-Family,Residential-Multi-Family,10000_99999,1,nonzero,Residential-Multi-Family,Residential-Multi-Family,0,,not_applicable,knn,
PRMFH20250310501,Commercial,Building,Alteration/Remodel,60000,250,1,Residential-Multi-Family,Residential-Multi-Family,10000_99999,1,nonzero,Residential-Multi-Family,Residential-Multi-Family,0,,not_applicable,knn,
PRMFH20250310553,Commercial,Building,Alteration/Remodel,53156.92,154,1,Residential-Multi-Family,Residential-Multi-Family,10000_99999,1,nonzero,Residential-Multi-Family,Residential-Multi-Family,0,,not_applicable,knn,
PRMFH20250310801,Commercial,Building,Alteration/Remodel,135000,250,1,Residential-Multi-Family,Residential-Multi-Family,100000_plus,1,nonzero,Residential-Multi-Family,,1,Residential-Multi-Family,knn,knn,1.0
PRMFH20250310837,Commercial,Building,Alteration/Remodel,14980,57,1,Residential-Multi-Family,Residential-Multi-Family,10000_99999,1,nonzero,Residential-Multi-Family,,1,Residential-Multi-Family,knn,knn,1.0
PRMFH20250310873,Commercial,Building,Alteration/Remodel,33400,2862,1,Residential-Multi-Family,Residential-Multi-Family,10000_99999,1,nonzero,Residential-Multi-Family,Residential-Multi-Family,0,,not_applicable,knn,
PRMFH20250310938,Commercial,Building,Alteration/Remodel,25000,400,1,Residential-Multi-Family,Residential-Multi-Family,10000_99999,1,nonzero,Residential-Multi-Family,,1,Residential-Multi-Family,knn,knn,1.0
PRMFH20250310981,Commercial,Building,Alteration/Remodel,20000,250,1,Residential-Multi-Family,Residential-Multi-Family,10000_99999,1,nonzero,Residential-Multi-Family,,1,Residential-Multi-Family,knn,knn,1.0
PRMFH20250310983,Commercial,Building,Alteration/Remodel,55000,0,9,Residential-Multi-Family,Residential-Multi-Family,10000_99999,gt1,zero,Residential-Multi-Family,,1,Residential-Multi-Family,knn,knn,1.0
PRMFH20250311001,Commercial,Building,Alteration/Remodel,24538,830,1,Residential-Multi-Family,Residential-Multi-Family,10000_99999,1,nonzero,Residential-Multi-Family,Residential-Multi-Family,0,,not_applicable,knn,
PRMFH20250311044,Commercial,Building,Alteration/Remodel,8500,1700,1,Residential-Multi-Family,Residential-Multi-Family,1000_9999,1,nonzero,Residential-Multi-Family,Residential-Multi-Family,0,,not_applicable,knn,
PRMFH20250311077,Commercial,Building,Alteration/Remodel,100000,1372,1,Residential-Multi-Family,Residential-Multi-Family,100000_plus,1,nonzero,Residential-Multi-Family,Residential-Multi-Family,0,,not_applicable,knn,
PRMFH20250311126,Commercial,Building,Alteration/Remodel,8000,50,1,Residential-Multi-Family,Residential-Multi-Family,1000_9999,1,nonzero,Residential-Multi-Family,Residential-Multi-Family,0,,not_applicable,knn,
PRMFH20250311213,Commercial,Building,Alteration/Remodel,10000,15,1,Residential-Multi-Family,Residential-Multi-Family,10000_99999,1,nonzero,Residential-Multi-Family,Residential-Multi-Family,0,,not_applicable,knn,
PRMFH20250311219,Commercial,Building,Alteration/Remodel,3000,200,0,Residential-Multi-Family,Residential-Multi-Family,1000_9999,0,nonzero,Residential-Multi-Family,Residential-Multi-Family,0,,not_applicable,knn,
PRMFH20250311234,Commercial,Building,Alteration/Remodel,3000,200,1,Residential-Multi-Family,Residential-Multi-Family,1000_9999,1,nonzero,Residential-Multi-Family,Residential-Multi-Family,0,,not_applicable,knn,
PRMFH20250311241,Commercial,Building,Alteration/Remodel,3000,200,1,Residential-Multi-Family,Residential-Multi-Family,1000_9999,1,nonzero,Residential-Multi-Family,Residential-Multi-Family,0,,not_applicable,knn,
PRMFH20250311250,Commercial,Building,Alteration/Remodel,3000,200,1,Residential-Multi-Family,Residential-Multi-Family,1000_9999,1,nonzero,Residential-Multi-Family,Residential-Multi-Family,0,,not_applicable,knn,
PRMFH20250311266,Commercial,Building,Alteration/Remodel,70000,3325,1,Residential-Multi-Family,Residential-Multi-Family,10000_99999,1,nonzero,Residential-Multi-Family,,1,Residential-Multi-Family,knn,knn,1.0
PRMFH20250311275,Commercial,Building,Alteration/Remodel,18600,0,1,Residential-Multi-Family,Residential-Multi-Family,10000_99999,1,zero,Residential-Multi-Family,Residential-Multi-Family,0,,not_applicable,knn,
PRMFH20250311282,Commercial,Building,Alteration/Remodel,38200,120,0,Residential-Multi-Family,Residential-Multi-Family,10000_99999,0,nonzero,Residential-Multi-Family,,1,Residential-Multi-Family,knn,knn,1.0
PRMFH20250311306,Commercial,Building,Alteration/Remodel,3000,200,1,Residential-Multi-Family,Residential-Multi-Family,1000_9999,1,nonzero,Residential-Multi-Family,Residential-Multi-Family,0,,not_applicable,knn,
PRMFH20250311624,Commercial,Building,Alteration/Remodel,850000,2090,1,Residential-Multi-Family,Residential-Multi-Family,100000_plus,1,nonzero,Residential-Multi-Family,Residential-Multi-Family,0,,not_applicable,knn,
PRMFH20250311752,Commercial,Building,Alteration/Remodel,82000,180,0,Residential-Multi-Family,Residential-Multi-Family,10000_99999,0,nonzero,Residential-Multi-Family,,1,Residential-Multi-Family,knn,knn,1.0
PRMFH20250311754,Commercial,Building,Alteration/Remodel,15000,1380,0,Residential-Multi-Family,Residential-Multi-Family,10000_99999,0,nonzero,Residential-Multi-Family,Residential-Multi-Family,0,,not_applicable,knn,
PRMFH20250311941,Commercial,Building,Alteration/Remodel,47000,2236,1,Residential-Multi-Family,Residential-Multi-Family,10000_99999,1,nonzero,Residential-Multi-Family,Residential-Multi-Family,0,,not_applicable,knn,
PRMFH20250311969,Commercial,Building,Alteration/Remodel,33500,125,1,Residential-Multi-Family,Residential-Multi-Family,10000_99999,1,nonzero,Residential-Multi-Family,Residential-Multi-Family,0,,not_applicable,knn,
PRMFH20250311977,Commercial,Building,Alteration/Remodel,250000,783,0,Residential-Multi-Family,Residential-Multi-Family,100000_plus,0,nonzero,Residential-Multi-Family,Residential-Multi-Family,0,,not_applicable,knn,
PRMFH20250311994,Commercial,Building,Alteration/Remodel,1600000,2075,1,Residential-Multi-Family,Residential-Multi-Family,100000_plus,1,nonzero,Residential-Multi-Family,Residential-Multi-Family,0,,not_applicable,knn,
PRMFH20250312076,Commercial,Building,Alteration/Remodel,42750,2050,1,Residential-Multi-Family,Residential-Multi-Family,10000_99999,1,nonzero,Residential-Multi-Family,Residential-Multi-Family,0,,not_applicable,knn,
PRMFH20250312131,Commercial,Building,Alteration/Remodel,25000,2900,1,Residential-Multi-Family,Residential-Multi-Family,10000_99999,1,nonzero,Residential-Multi-Family,Residential-Multi-Family,0,,not_applicable,knn,
PRMFH20250312145,Commercial,Building,Alteration/Remodel,175000,1450,0,Residential-Multi-Family,Residential-Multi-Family,100000_plus,0,nonzero,Residential-Multi-Family,Residential-Multi-Family,0,,not_applicable,knn,
PRMFH20250312158,Commercial,Building,Alteration/Remodel,30000,4400,1,Residential-Multi-Family,Residential-Multi-Family,10000_99999,1,nonzero,Residential-Multi-Family,Residential-Multi-Family,0,,not_applicable,knn,
PRMFH20250312187,Commercial,Building,Alteration/Remodel,23000,1414,1,Residential-Multi-Family,Residential-Multi-Family,10000_99999,1,nonzero,Residential-Multi-Family,Residential-Multi-Family,0,,not_applicable,knn,
PRMFH20250312230,Commercial,Building,Alteration/Remodel,500,0,1,Residential-Multi-Family,Residential-Multi-Family,2_999,1,zero,Residential-Multi-Family,Residential-Multi-Family,0,,not_applicable,knn,
PRMFH20250312293,Commercial,Building,Alteration/Remodel,200000,1657,1,Residential-Multi-Family,Residential-Multi-Family,100000_plus,1,nonzero,Residential-Multi-Family,Residential-Multi-Family,0,,not_applicable,knn,
PRMFH20250312334,Commercial,Building,Alteration/Remodel,151000,1325,1,Residential-Multi-Family,Residential-Multi-Family,100000_plus,1,nonzero,Residential-Multi-Family,Residential-Multi-Family,0,,not_applicable,knn,
PRMFH20250312356,Commercial,Building,Alteration/Remodel,40000,1831,1,Residential-Multi-Family,Residential-Multi-Family,10000_99999,1,nonzero,Residential-Multi-Family,Residential-Multi-Family,0,,not_applicable,knn,
PRMFH20250312365,Commercial,Building,Alteration/Remodel,23900,150,1,Residential-Multi-Family,Residential-Multi-Family,10000_99999,1,nonzero,Residential-Multi-Family,Residential-Multi-Family,0,,not_applicable,knn,
PRMFH20250312487,Commercial,Building,Alteration/Remodel,17000,56,1,Residential-Multi-Family,Residential-Multi-Family,10000_99999,1,nonzero,Residential-Multi-Family,Residential-Multi-Family,0,,not_applicable,knn,
PRMFH20250312487,Commercial,Revision - Building,Alteration/Remodel,35000,0,0,Residential-Multi-Family,Residential-Multi-Family,10000_99999,0,zero,Residential-Multi-Family,Residential-Multi-Family,0,,not_applicable,knn,
PRMFH20250312787,Commercial,Building,Alteration/Remodel,10000,75,1,Residential-Multi-Family,Residential-Multi-Family,10000_99999,1,nonzero,Residential-Multi-Family,,1,Residential-Multi-Family,knn,knn,1.0
PRMFH20250312820,Commercial,Building,Alteration/Remodel,120000,597,1,Residential-Multi-Family,Residential-Multi-Family,100000_plus,1,nonzero,Residential-Multi-Family,Residential-Multi-Family,0,,not_applicable,knn,
PRMFH20250312924,Commercial,Building,Alteration/Remodel,25000,1404,1,Residential-Multi-Family,Residential-Multi-Family,10000_99999,1,nonzero,Residential-Multi-Family,Residential-Multi-Family,0,,not_applicable,knn,
PRMFH20250312981,Commercial,Building,Alteration/Remodel,7000,15,1,Residential-Multi-Family,Residential-Multi-Family,1000_9999,1,nonzero,Residential-Multi-Family,Residential-Multi-Family,0,,not_applicable,knn,
PRMFH20250312995,Commercial,Building,Alteration/Remodel,70000,3200,1,Residential-Multi-Family,Residential-Multi-Family,10000_99999,1,nonzero,Residential-Multi-Family,Residential-Multi-Family,0,,not_applicable,knn,
PRMFH20250313018,Commercial,Building,Alteration/Remodel,18500,80,1,Residential-Multi-Family,Residential-Multi-Family,10000_99999,1,nonzero,Residential-Multi-Family,Residential-Multi-Family,0,,not_applicable,knn,
PRMFH20250313220,Commercial,Building,Alteration/Remodel,120000,300,1,Residential-Multi-Family,Residential-Multi-Family,100000_plus,1,nonzero,Residential-Multi-Family,Residential-Multi-Family,0,,not_applicable,knn,
PRMFH20250313330,Commercial,Building,Alteration/Remodel,873500,4056,1,Residential-Multi-Family,Residential-Multi-Family,100000_plus,1,nonzero,Residential-Multi-Family,Residential-Multi-Family,0,,not_applicable,knn,
PRMFH20250313334,Commercial,Building,Alteration/Remodel,200000,2354,1,Residential-Multi-Family,Residential-Multi-Family,100000_plus,1,nonzero,Residential-Multi-Family,Residential-Multi-Family,0,,not_applicable,knn,
PRMFH20250313386,Commercial,Building,Alteration/Remodel,7500,0,0,Residential-Multi-Family,Residential-Multi-Family,1000_9999,0,zero,Residential-Multi-Family,,1,Residential-Multi-Family,knn,knn,1.0
PRMFH20250313395,Commercial,Building,Alteration/Remodel,7500,0,1,Residential-Multi-Family,Residential-Multi-Family,1000_9999,1,zero,Residential-Multi-Family,Residential-Multi-Family,0,,not_applicable,knn,
PRMFH20250313445,Commercial,Building,Alteration/Remodel,200000,275,0,Residential-Multi-Family,Residential-Multi-Family,100000_plus,0,nonzero,Residential-Multi-Family,,1,Residential-Multi-Family,knn,knn,1.0
PRMFH20250413590,Commercial,Building,Alteration/Remodel,23000,154,1,Residential-Multi-Family,Residential-Multi-Family,10000_99999,1,nonzero,Residential-Multi-Family,Residential-Multi-Family,0,,not_applicable,knn,
PRMFH20250413661,Commercial,Building,Alteration/Remodel,43000,323,1,Residential-Multi-Family,Residential-Multi-Family,10000_99999,1,nonzero,Residential-Multi-Family,Residential-Multi-Family,0,,not_applicable,knn,
PRMFH20250413664,Commercial,Building,Alteration/Remodel,13016.85,0,1,Residential-Multi-Family,Residential-Multi-Family,10000_99999,1,zero,Residential-Multi-Family,Residential-Multi-Family,0,,not_applicable,knn,
PRMFH20250413773,Commercial,Building,Alteration/Remodel,50000,80,1,Residential-Multi-Family,Residential-Multi-Family,10000_99999,1,nonzero,Residential-Multi-Family,Residential-Multi-Family,0,,not_applicable,knn,
PRMFH20250413885,Commercial,Building,Alteration/Remodel,750000,3887,0,Residential-Multi-Family,Residential-Multi-Family,100000_plus,0,nonzero,Residential-Multi-Family,Residential-Multi-Family,0,,not_applicable,knn,
PRMFH20250414018,Commercial,Building,Alteration/Remodel,15000,109,1,Residential-Multi-Family,Residential-Multi-Family,10000_99999,1,nonzero,Residential-Multi-Family,Residential-Multi-Family,0,,not_applicable,knn,
PRMFH20250414169,Commercial,Building,Alteration/Remodel,900000,3420,1,Residential-Multi-Family,Residential-Multi-Family,100000_plus,1,nonzero,Residential-Multi-Family,Residential-Multi-Family,0,,not_applicable,knn,
PRMFH20250414473,Commercial,Building,Alteration/Remodel,91000,50,1,Residential-Multi-Family,Residential-Multi-Family,10000_99999,1,nonzero,Residential-Multi-Family,Residential-Multi-Family,0,,not_applicable,knn,
PRMFH20250414557,Commercial,Building,Alteration/Remodel,15000,1764,0,Residential-Multi-Family,Residential-Multi-Family,10000_99999,0,nonzero,Residential-Multi-Family,Residential-Multi-Family,0,,not_applicable,knn,
PRMFH20250414764,Commercial,Building,Alteration/Remodel,30000,0,2,Residential-Multi-Family,Residential-Multi-Family,10000_99999,gt1,zero,Residential-Multi-Family,Residential-Multi-Family,0,,not_applicable,knn,
PRMFH20250415311,Commercial,Building,Alteration/Remodel,338000,2883,1,Residential-Multi-Family,Residential-Multi-Family,100000_plus,1,nonzero,Residential-Multi-Family,Residential-Multi-Family,0,,not_applicable,knn,
PRMFH20250417408,Commercial,Building,Alteration/Remodel,32718,149,1,Residential-Multi-Family,Residential-Multi-Family,10000_99999,1,nonzero,Residential-Multi-Family,Residential-Multi-Family,0,,not_applicable,knn,
PRPL20240835307,Commercial,Revision - Plumbing,Alteration/Remodel,1,0,1,Residential-Multi-Family,Residential-Multi-Family,le_1,1,zero,Residential-Multi-Family,Residential-Multi-Family,0,,not_applicable,knn,
PRPL20241041868,1 to 2 Family,Plumbing,Alteration/Remodel,1000,0,1,Res.1&2 or Guest House,Res.1&2 or Guest House,1000_9999,1,zero,Res.1&2 or Guest House,Res.1&2 or Guest House,0,,not_applicable,knn,
PRPL20250101431,1 to 2 Family,Plumbing,Alteration/Remodel,4058,0,1,Res.1&2 or Guest House,Res.1&2 or Guest House,1000_9999,1,zero,Res.1&2 or Guest House,Res.1&2 or Guest House,0,,not_applicable,knn,
PRPL20250205280,1 to 2 Family,Plumbing,Alteration/Remodel,15000,0,1,Res.1&2 or Guest House,Res.1&2 or Guest House,10000_99999,1,zero,Res.1&2 or Guest House,Res.1&2 or Guest House,0,,not_applicable,knn,
PRPL20250309402,Commercial,Revision - Plumbing,Alteration/Remodel,1500,0,1,Residential-Multi-Family,Residential-Multi-Family,1000_9999,1,zero,Residential-Multi-Family,Residential-Multi-Family,0,,not_applicable,knn,
PRPL20250309746,Commercial,Plumbing,Alteration/Remodel,1000,0,1,Commercial,Commercial,1000_9999,1,zero,Commercial,,1,Residential-Multi-Family,knn,knn,1.0
PRPL20250310122,Commercial,Plumbing,Alteration/Remodel,9900,0,1,Residential-Multi-Family,Residential-Multi-Family,1000_9999,1,zero,Residential-Multi-Family,,1,Residential-Multi-Family,knn,knn,1.0
PRPL20250310274,Commercial,Plumbing,Alteration/Remodel,6661,0,1,Residential-Multi-Family,Residential-Multi-Family,1000_9999,1,zero,Residential-Multi-Family,Residential-Multi-Family,0,,not_applicable,knn,
PRPL20250310519,1 to 2 Family,Revision - Plumbing,Alteration/Remodel,6550,0,1,Res.1&2 or Guest House,Res.1&2 or Guest House,1000_9999,1,zero,Res.1&2 or Guest House,Res.1&2 or Guest House,0,,not_applicable,knn,
PRPL20250310560,Commercial,Plumbing,Alteration/Remodel,2431.6799999999998,0,1,Residential-Multi-Family,Residential-Multi-Family,1000_9999,1,zero,Residential-Multi-Family,Residential-Multi-Family,0,,not_applicable,knn,
PRPL20250310664,1 to 2 Family,Plumbing,Alteration/Remodel,2450.4,0,1,Res.1&2 or Guest House,Res.1&2 or Guest House,1000_9999,1,zero,Res.1&2 or Guest House,Res.1&2 or Guest House,0,,not_applicable,knn,
PRPL20250310815,Commercial,Plumbing,Alteration/Remodel,2041,0,1,Residential-Multi-Family,Residential-Multi-Family,1000_9999,1,zero,Residential-Multi-Family,,1,Residential-Multi-Family,knn,knn,1.0
PRPL20250310888,Commercial,Plumbing,Alteration/Remodel,2045,0,1,Residential-Multi-Family,Residential-Multi-Family,1000_9999,1,zero,Residential-Multi-Family,Residential-Multi-Family,0,,not_applicable,knn,
PRPL20250310911,Commercial,Plumbing,Alteration/Remodel,4850,0,1,Residential-Multi-Family,Residential-Multi-Family,1000_9999,1,zero,Residential-Multi-Family,Residential-Multi-Family,0,,not_applicable,knn,
PRPL20250311076,Commercial,Plumbing,Alteration/Remodel,45700,0,1,Residential-Multi-Family,Residential-Multi-Family,10000_99999,1,zero,Residential-Multi-Family,,1,Residential-Multi-Family,knn,knn,1.0
PRPL20250311375,1 to 2 Family,Plumbing,Alteration/Remodel,1500,0,1,Res.1&2 or Guest House,Res.1&2 or Guest House,1000_9999,1,zero,Res.1&2 or Guest House,,1,Res.1&2 or Guest House,knn,knn,1.0
PRPL20250311456,Commercial,Plumbing,Alteration/Remodel,1500,0,1,Residential-Multi-Family,Residential-Multi-Family,1000_9999,1,zero,Residential-Multi-Family,Residential-Multi-Family,0,,not_applicable,knn,
PRPL20250311865,Commercial,Plumbing,Alteration/Remodel,2400,0,1,Commercial,Commercial,1000_9999,1,zero,Commercial,,1,Residential-Multi-Family,knn,knn,1.0
PRPL20250311895,Commercial,Plumbing,Alteration/Remodel,4000,0,1,Residential-Multi-Family,Residential-Multi-Family,1000_9999,1,zero,Residential-Multi-Family,Residential-Multi-Family,0,,not_applicable,knn,
PRPL20250311956,Commercial,Plumbing,Alteration/Remodel,1500,0,1,Residential-Multi-Family,Residential-Multi-Family,1000_9999,1,zero,Residential-Multi-Family,Residential-Multi-Family,0,,not_applicable,knn,
PRPL20250312042,1 to 2 Family,Plumbing,Alteration/Remodel,13900,0,1,Res.1&2 or Guest House,Res.1&2 or Guest House,10000_99999,1,zero,Res.1&2 or Guest House,Res.1&2 or Guest House,0,,not_applicable,knn,
PRPL20250312072,1 to 2 Family,Plumbing,Alteration/Remodel,9000,0,1,Res.1&2 or Guest House,Res.1&2 or Guest House,1000_9999,1,zero,Res.1&2 or Guest House,Res.1&2 or Guest House,0,,not_applicable,knn,
PRPL20250312408,Commercial,Plumbing,Alteration/Remodel,4400,0,1,Residential-Multi-Family,Residential-Multi-Family,1000_9999,1,zero,Residential-Multi-Family,Residential-Multi-Family,0,,not_applicable,knn,
PRPL20250312457,Commercial,Plumbing,Alteration/Remodel,4400,0,1,Residential-Multi-Family,Residential-Multi-Family,1000_9999,1,zero,Residential-Multi-Family,,1,Residential-Multi-Family,knn,knn,1.0
PRPL20250312458,1 to 2 Family,Plumbing,Alteration/Remodel,500,0,1,Res.1&2 or Guest House,Res.1&2 or Guest House,2_999,1,zero,Res.1&2 or Guest House,,1,Res.1&2 or Guest House,knn,knn,1.0
PRPL20250312465,Commercial,Plumbing,Alteration/Remodel,4400,0,1,Residential-Multi-Family,Residential-Multi-Family,1000_9999,1,zero,Residential-Multi-Family,Residential-Multi-Family,0,,not_applicable,knn,
PRPL20250312466,Commercial,Plumbing,Alteration/Remodel,4959,0,1,Residential-Multi-Family,Residential-Multi-Family,1000_9999,1,zero,Residential-Multi-Family,Residential-Multi-Family,0,,not_applicable,knn,
PRPL20250312469,Commercial,Plumbing,Alteration/Remodel,4400,0,1,Residential-Multi-Family,Residential-Multi-Family,1000_9999,1,zero,Residential-Multi-Family,Residential-Multi-Family,0,,not_applicable,knn,
PRPL20250312473,Commercial,Plumbing,Alteration/Remodel,4400,0,1,Residential-Multi-Family,Residential-Multi-Family,1000_9999,1,zero,Residential-Multi-Family,Residential-Multi-Family,0,,not_applicable,knn,
PRPL20250312478,Commercial,Plumbing,Alteration/Remodel,4000,0,1,Residential-Multi-Family,Residential-Multi-Family,1000_9999,1,zero,Residential-Multi-Family,Residential-Multi-Family,0,,not_applicable,knn,
PRPL20250312479,Commercial,Plumbing,Alteration/Remodel,6940,0,1,Residential-Multi-Family,Residential-Multi-Family,1000_9999,1,zero,Residential-Multi-Family,Residential-Multi-Family,0,,not_applicable,knn,
PRPL20250312481,Commercial,Plumbing,Alteration/Remodel,4400,0,1,Residential-Multi-Family,Residential-Multi-Family,1000_9999,1,zero,Residential-Multi-Family,Residential-Multi-Family,0,,not_applicable,knn,
PRPL20250312484,Commercial,Plumbing,Alteration/Remodel,4400,0,1,Residential-Multi-Family,Residential-Multi-Family,1000_9999,1,zero,Residential-Multi-Family,Residential-Multi-Family,0,,not_applicable,knn,
PRPL20250312485,Commercial,Plumbing,Alteration/Remodel,4400,0,1,Residential-Multi-Family,Residential-Multi-Family,1000_9999,1,zero,Residential-Multi-Family,Residential-Multi-Family,0,,not_applicable,knn,
PRPL20250312491,Commercial,Plumbing,Alteration/Remodel,4400,0,1,Residential-Multi-Family,Residential-Multi-Family,1000_9999,1,zero,Residential-Multi-Family,Residential-Multi-Family,0,,not_applicable,knn,
PRPL20250312498,Commercial,Plumbing,Alteration/Remodel,4400,0,1,Residential-Multi-Family,Residential-Multi-Family,1000_9999,1,zero,Residential-Multi-Family,Residential-Multi-Family,0,,not_applicable,knn,
PRPL20250312501,1 to 2 Family,Plumbing,Alteration/Remodel,9195,0,1,Res.1&2 or Guest House,Res.1&2 or Guest House,1000_9999,1,zero,Res.1&2 or Guest House,,1,Res.1&2 or Guest House,knn,knn,1.0
PRPL20250312513,1 to 2 Family,Plumbing,Alteration/Remodel,4800,0,1,Res.1&2 or Guest House,Res.1&2 or Guest House,1000_9999,1,zero,Res.1&2 or Guest House,Res.1&2 or Guest House,0,,not_applicable,knn,
PRPL20250312526,Commercial,Plumbing,Alteration/Remodel,4400,0,1,Residential-Multi-Family,Residential-Multi-Family,1000_9999,1,zero,Residential-Multi-Family,,1,Residential-Multi-Family,knn,knn,1.0
PRPL20250312531,Commercial,Plumbing,Alteration/Remodel,4400,0,1,Residential-Multi-Family,Residential-Multi-Family,1000_9999,1,zero,Residential-Multi-Family,Residential-Multi-Family,0,,not_applicable,knn,
PRPL20250312539,Commercial,Plumbing,Alteration/Remodel,1800,0,1,Residential-Multi-Family,Residential-Multi-Family,1000_9999,1,zero,Residential-Multi-Family,Residential-Multi-Family,0,,not_applicable,knn,
PRPL20250312602,Commercial,Plumbing,Alteration/Remodel,4000,0,1,Residential-Multi-Family,Residential-Multi-Family,1000_9999,1,zero,Residential-Multi-Family,Residential-Multi-Family,0,,not_applicable,knn,
PRPL20250312603,1 to 2 Family,Plumbing,Alteration/Remodel,2350,0,1,Res.1&2 or Guest House,Res.1&2 or Guest House,1000_9999,1,zero,Res.1&2 or Guest House,,1,Res.1&2 or Guest House,knn,knn,1.0
PRPL20250312765,1 to 2 Family,Plumbing,Alteration/Remodel,11565,0,1,Res.1&2 or Guest House,Res.1&2 or Guest House,10000_99999,1,zero,Res.1&2 or Guest House,,1,Res.1&2 or Guest House,knn,knn,1.0
PRPL20250312817,Commercial,Plumbing,Alteration/Remodel,12000,0,0,Residential-Multi-Family,Residential-Multi-Family,10000_99999,0,zero,Residential-Multi-Family,Residential-Multi-Family,0,,not_applicable,knn,
PRPL20250312827,Commercial,Plumbing,Alteration/Remodel,4400,0,1,Residential-Multi-Family,Residential-Multi-Family,1000_9999,1,zero,Residential-Multi-Family,Residential-Multi-Family,0,,not_applicable,knn,
PRPL20250312830,Commercial,Plumbing,Alteration/Remodel,4400,0,1,Residential-Multi-Family,Residential-Multi-Family,1000_9999,1,zero,Residential-Multi-Family,Residential-Multi-Family,0,,not_applicable,knn,
PRPL20250313068,1 to 2 Family,Plumbing,Alteration/Remodel,19287,0,1,Res.1&2 or Guest House,Res.1&2 or Guest House,10000_99999,1,zero,Res.1&2 or Guest House,,1,Res.1&2 or Guest House,knn,knn,1.0
PRPL20250313119,1 to 2 Family,Plumbing,Alteration/Remodel,5600,0,1,Res.1&2 or Guest House,Res.1&2 or Guest House,1000_9999,1,zero,Res.1&2 or Guest House,,1,Res.1&2 or Guest House,knn,knn,1.0
PRPL20250313125,Commercial,Plumbing,Alteration/Remodel,4000,0,1,Residential-Multi-Family,Residential-Multi-Family,1000_9999,1,zero,Residential-Multi-Family,Residential-Multi-Family,0,,not_applicable,knn,
PRPL20250313127,Commercial,Plumbing,Alteration/Remodel,4400,0,1,Residential-Multi-Family,Residential-Multi-Family,1000_9999,1,zero,Residential-Multi-Family,Residential-Multi-Family,0,,not_applicable,knn,
PRPL20250313157,Commercial,Plumbing,Alteration/Remodel,15545,0,1,Residential-Multi-Family,Residential-Multi-Family,10000_99999,1,zero,Residential-Multi-Family,,1,Residential-Multi-Family,knn,knn,1.0
PRPL20250313163,Commercial,Plumbing,Alteration/Remodel,4000,0,1,Residential-Multi-Family,Residential-Multi-Family,1000_9999,1,zero,Residential-Multi-Family,Residential-Multi-Family,0,,not_applicable,knn,
PRPL20250313177,1 to 2 Family,Plumbing,Alteration/Remodel,6500,0,1,Res.1&2 or Guest House,Res.1&2 or Guest House,1000_9999,1,zero,Res.1&2 or Guest House,Res.1&2 or Guest House,0,,not_applicable,knn,
PRPL20250313247,Commercial,Plumbing,Alteration/Remodel,8995,0,1,Residential-Multi-Family,Residential-Multi-Family,1000_9999,1,zero,Residential-Multi-Family,Residential-Multi-Family,0,,not_applicable,knn,
PRPL20250313300,Commercial,Plumbing,Alteration/Remodel,4959,0,1,Residential-Multi-Family,Residential-Multi-Family,1000_9999,1,zero,Residential-Multi-Family,Residential-Multi-Family,0,,not_applicable,knn,
PRPL20250313310,Commercial,Plumbing,Alteration/Remodel,4959,0,1,Residential-Multi-Family,Residential-Multi-Family,1000_9999,1,zero,Residential-Multi-Family,,1,Residential-Multi-Family,knn,knn,1.0
PRPL20250313318,Commercial,Plumbing,Alteration/Remodel,4959,0,1,Residential-Multi-Family,Residential-Multi-Family,1000_9999,1,zero,Residential-Multi-Family,Residential-Multi-Family,0,,not_applicable,knn,
PRPL20250313321,Commercial,Plumbing,Alteration/Remodel,4959,0,1,Residential-Multi-Family,Residential-Multi-Family,1000_9999,1,zero,Residential-Multi-Family,Residential-Multi-Family,0,,not_applicable,knn,
PRPL20250313333,Commercial,Plumbing,Alteration/Remodel,4959,0,1,Residential-Multi-Family,Residential-Multi-Family,1000_9999,1,zero,Residential-Multi-Family,Residential-Multi-Family,0,,not_applicable,knn,
PRPL20250313340,Commercial,Plumbing,Alteration/Remodel,4959,0,1,Residential-Multi-Family,Residential-Multi-Family,1000_9999,1,zero,Residential-Multi-Family,Residential-Multi-Family,0,,not_applicable,knn,
PRPL20250313345,Commercial,Plumbing,Alteration/Remodel,4959,0,1,Residential-Multi-Family,Residential-Multi-Family,1000_9999,1,zero,Residential-Multi-Family,,1,Residential-Multi-Family,knn,knn,1.0
PRPL20250313352,1 to 2 Family,Plumbing,Alteration/Remodel,9000,0,1,Res.1&2 or Guest House,Res.1&2 or Guest House,1000_9999,1,zero,Res.1&2 or Guest House,Res.1&2 or Guest House,0,,not_applicable,knn,
PRPL20250313365,Commercial,Plumbing,Alteration/Remodel,4959,0,1,Residential-Multi-Family,Residential-Multi-Family,1000_9999,1,zero,Residential-Multi-Family,Residential-Multi-Family,0,,not_applicable,knn,
PRPL20250313369,Commercial,Plumbing,Alteration/Remodel,4959,0,1,Residential-Multi-Family,Residential-Multi-Family,1000_9999,1,zero,Residential-Multi-Family,Residential-Multi-Family,0,,not_applicable,knn,
PRPL20250313376,1 to 2 Family,Plumbing,Alteration/Remodel,2125,0,1,Res.1&2 or Guest House,Res.1&2 or Guest House,1000_9999,1,zero,Res.1&2 or Guest House,Res.1&2 or Guest House,0,,not_applicable,knn,
PRPL20250313474,1 to 2 Family,Plumbing,Alteration/Remodel,4800,0,1,Res.1&2 or Guest House,Res.1&2 or Guest House,1000_9999,1,zero,Res.1&2 or Guest House,,1,Res.1&2 or Guest House,knn,knn,1.0
PRPL20250313492,Commercial,Plumbing,Alteration/Remodel,7435,0,1,Residential-Multi-Family,Residential-Multi-Family,1000_9999,1,zero,Residential-Multi-Family,Residential-Multi-Family,0,,not_applicable,knn,
PRPL20250313511,1 to 2 Family,Plumbing,Alteration/Remodel,10000,0,1,Res.1&2 or Guest House,Res.1&2 or Guest House,10000_99999,1,zero,Res.1&2 or Guest House,,1,Res.1&2 or Guest House,knn,knn,1.0
PRPL20250413572,Commercial,Plumbing,Alteration/Remodel,10085,0,1,Residential-Multi-Family,Residential-Multi-Family,10000_99999,1,zero,Residential-Multi-Family,Residential-Multi-Family,0,,not_applicable,knn,
PRPL20250413615,1 to 2 Family,Plumbing,Alteration/Remodel,7180,0,1,Res.1&2 or Guest House,Res.1&2 or Guest House,1000_9999,1,zero,Res.1&2 or Guest House,Res.1&2 or Guest House,0,,not_applicable,knn,
PRPL20250413747,1 to 2 Family,Plumbing,Alteration/Remodel,17912,0,1,Res.1&2 or Guest House,Res.1&2 or Guest House,10000_99999,1,zero,Res.1&2 or Guest House,Res.1&2 or Guest House,0,,not_applicable,knn,
PRPL20250413901,Commercial,Plumbing,Alteration/Remodel,160000,0,1,Commercial,Commercial,100000_plus,1,zero,Commercial,Commercial,0,,not_applicable,knn,
PRPL20250413925,Commercial,Plumbing,Alteration/Remodel,2400,0,1,Residential-Multi-Family,Residential-Multi-Family,1000_9999,1,zero,Residential-Multi-Family,Residential-Multi-Family,0,,not_applicable,knn,
PRPL20250413932,Commercial,Plumbing,Alteration/Remodel,3800,0,1,Residential-Multi-Family,Residential-Multi-Family,1000_9999,1,zero,Residential-Multi-Family,Residential-Multi-Family,0,,not_applicable,knn,
PRPL20250414198,Commercial,Plumbing,Alteration/Remodel,4400,0,1,Residential-Multi-Family,Residential-Multi-Family,1000_9999,1,zero,Residential-Multi-Family,Residential-Multi-Family,0,,not_applicable,knn,
PRPL20250414365,Commercial,Plumbing,Alteration/Remodel,7695,0,1,Residential-Multi-Family,Residential-Multi-Family,1000_9999,1,zero,Residential-Multi-Family,Residential-Multi-Family,0,,not_applicable,knn,
PRPL20250414441,1 to 2 Family,Plumbing,Alteration/Remodel,6745,0,1,Res.1&2 or Guest House,Res.1&2 or Guest House,1000_9999,1,zero,Res.1&2 or Guest House,Res.1&2 or Guest House,0,,not_applicable,knn,
PRPL20250414444,1 to 2 Family,Plumbing,Alteration/Remodel,8800,0,1,Res.1&2 or Guest House,Res.1&2 or Guest House,1000_9999,1,zero,Res.1&2 or Guest House,Res.1&2 or Guest House,0,,not_applicable,knn,
PRPL20250414606,1 to 2 Family,Plumbing,Alteration/Remodel,5249,0,1,Res.1&2 or Guest House,Res.1&2 or Guest House,1000_9999,1,zero,Res.1&2 or Guest House,Res.1&2 or Guest House,0,,not_applicable,knn,
PRPL20250414718,Commercial,Plumbing,Alteration/Remodel,4400,0,1,Residential-Multi-Family,Residential-Multi-Family,1000_9999,1,zero,Residential-Multi-Family,Residential-Multi-Family,0,,not_applicable,knn,
PRPL20250414742,Commercial,Plumbing,Alteration/Remodel,18050.2,0,1,Residential-Multi-Family,Residential-Multi-Family,10000_99999,1,zero,Residential-Multi-Family,Residential-Multi-Family,0,,not_applicable,knn,
PRPL20250414747,Commercial,Plumbing,Alteration/Remodel,10165,0,1,Residential-Multi-Family,Residential-Multi-Family,10000_99999,1,zero,Residential-Multi-Family,Residential-Multi-Family,0,,not_applicable,knn,
PRPL20250414768,Commercial,Plumbing,Alteration/Remodel,4400,0,1,Residential-Multi-Family,Residential-Multi-Family,1000_9999,1,zero,Residential-Multi-Family,Residential-Multi-Family,0,,not_applicable,knn,
PRPL20250414794,1 to 2 Family,Plumbing,Alteration/Remodel,4500,0,1,Res.1&2 or Guest House,Res.1&2 or Guest House,1000_9999,1,zero,Res.1&2 or Guest House,Res.1&2 or Guest House,0,,not_applicable,knn,
PRPL20250414806,1 to 2 Family,Plumbing,Alteration/Remodel,23788.2,0,1,Res.1&2 or Guest House,Res.1&2 or Guest House,10000_99999,1,zero,Res.1&2 or Guest House,,1,Res.1&2 or Guest House,knn,knn,1.0
PRPL20250414825,Commercial,Plumbing,Alteration/Remodel,3384,24,1,Residential-Multi-Family,Residential-Multi-Family,1000_9999,1,nonzero,Residential-Multi-Family,,1,Residential-Multi-Family,knn,knn,1.0
PRPL20250414889,Commercial,Plumbing,Alteration/Remodel,3700,0,1,Residential-Multi-Family,Residential-Multi-Family,1000_9999,1,zero,Residential-Multi-Family,Residential-Multi-Family,0,,not_applicable,knn,
PRPL20250415007,1 to 2 Family,Plumbing,Alteration/Remodel,6365,0,1,Res.1&2 or Guest House,Res.1&2 or Guest House,1000_9999,1,zero,Res.1&2 or Guest House,Res.1&2 or Guest House,0,,not_applicable,knn,
PRPL20250415047,Commercial,Plumbing,Alteration/Remodel,10205,0,1,Residential-Multi-Family,Residential-Multi-Family,10000_99999,1,zero,Residential-Multi-Family,Residential-Multi-Family,0,,not_applicable,knn,
PRPL20250415109,Commercial,Plumbing,Alteration/Remodel,4800,0,1,Residential-Multi-Family,Residential-Multi-Family,1000_9999,1,zero,Residential-Multi-Family,Residential-Multi-Family,0,,not_applicable,knn,
PRPL20250415142,Commercial,Plumbing,Alteration/Remodel,2000,0,1,Residential-Multi-Family,Residential-Multi-Family,1000_9999,1,zero,Residential-Multi-Family,,1,Residential-Multi-Family,knn,knn,1.0
PRPL20250415145,Commercial,Plumbing,Alteration/Remodel,2000,0,1,Residential-Multi-Family,Residential-Multi-Family,1000_9999,1,zero,Residential-Multi-Family,Residential-Multi-Family,0,,not_applicable,knn,
PRPL20250415148,Commercial,Plumbing,Alteration/Remodel,2000,0,1,Residential-Multi-Family,Residential-Multi-Family,1000_9999,1,zero,Residential-Multi-Family,Residential-Multi-Family,0,,not_applicable,knn,
PRPL20250415152,Commercial,Plumbing,Alteration/Remodel,2000,0,1,Residential-Multi-Family,Residential-Multi-Family,1000_9999,1,zero,Residential-Multi-Family,Residential-Multi-Family,0,,not_applicable,knn,
PRPL20250415158,Commercial,Plumbing,Alteration/Remodel,4959,0,1,Residential-Multi-Family,Residential-Multi-Family,1000_9999,1,zero,Residential-Multi-Family,Residential-Multi-Family,0,,not_applicable,knn,
PRPL20250415162,Commercial,Plumbing,Alteration/Remodel,4959,0,1,Residential-Multi-Family,Residential-Multi-Family,1000_9999,1,zero,Residential-Multi-Family,Residential-Multi-Family,0,,not_applicable,knn,
PRPL20250415166,Commercial,Plumbing,Alteration/Remodel,4959,0,1,Residential-Multi-Family,Residential-Multi-Family,1000_9999,1,zero,Residential-Multi-Family,Residential-Multi-Family,0,,not_applicable,knn,
PRPL20250415167,Commercial,Plumbing,Alteration/Remodel,7800,0,1,Residential-Multi-Family,Residential-Multi-Family,1000_9999,1,zero,Residential-Multi-Family,Residential-Multi-Family,0,,not_applicable,knn,
PRPL20250415174,1 to 2 Family,Plumbing,Alteration/Remodel,9600,0,1,Res.1&2 or Guest House,Res.1&2 or Guest House,1000_9999,1,zero,Res.1&2 or Guest House,Res.1&2 or Guest House,0,,not_applicable,knn,
PRPL20250415176,Commercial,Plumbing,Alteration/Remodel,4959,0,1,Residential-Multi-Family,Residential-Multi-Family,1000_9999,1,zero,Residential-Multi-Family,Residential-Multi-Family,0,,not_applicable,knn,
PRPL20250415187,Commercial,Plumbing,Alteration/Remodel,4500,0,1,Residential-Multi-Family,Residential-Multi-Family,1000_9999,1,zero,Residential-Multi-Family,Residential-Multi-Family,0,,not_applicable,knn,
PRPL20250415195,1 to 2 Family,Plumbing,Alteration/Remodel,6365,0,1,Res.1&2 or Guest House,Res.1&2 or Guest House,1000_9999,1,zero,Res.1&2 or Guest House,Res.1&2 or Guest House,0,,not_applicable,knn,
PRPL20250415291,Commercial,Plumbing,Alteration/Remodel,4400,0,1,Residential-Multi-Family,Residential-Multi-Family,1000_9999,1,zero,Residential-Multi-Family,Residential-Multi-Family,0,,not_applicable,knn,
PRPL20250415431,Commercial,Plumbing,Alteration/Remodel,8265,0,1,Residential-Multi-Family,Residential-Multi-Family,1000_9999,1,zero,Residential-Multi-Family,Residential-Multi-Family,0,,not_applicable,knn,
PRPL20250415443,Commercial,Plumbing,Alteration/Remodel,7240,0,0,Residential-Multi-Family,Residential-Multi-Family,1000_9999,0,zero,Residential-Multi-Family,Residential-Multi-Family,0,,not_applicable,knn,
PRPL20250415506,Commercial,Plumbing,Alteration/Remodel,9045,0,1,Residential-Multi-Family,Residential-Multi-Family,1000_9999,1,zero,Residential-Multi-Family,Residential-Multi-Family,0,,not_applicable,knn,
PRPL20250415560,1 to 2 Family,Plumbing,Alteration/Remodel,9000,0,0,Res.1&2 or Guest House,Res.1&2 or Guest House,1000_9999,0,zero,Res.1&2 or Guest House,Res.1&2 or Guest House,0,,not_applicable,knn,
PRPL20250415619,Commercial,Plumbing,Alteration/Remodel,8735,0,1,Residential-Multi-Family,Residential-Multi-Family,1000_9999,1,zero,Residential-Multi-Family,Residential-Multi-Family,0,,not_applicable,knn,
PRPL20250415739,1 to 2 Family,Plumbing,Alteration/Remodel,4500,0,1,Res.1&2 or Guest House,Res.1&2 or Guest House,1000_9999,1,zero,Res.1&2 or Guest House,Res.1&2 or Guest House,0,,not_applicable,knn,
PRPL20250415750,1 to 2 Family,Plumbing,Alteration/Remodel,8973,0,1,Res.1&2 or Guest House,Res.1&2 or Guest House,1000_9999,1,zero,Res.1&2 or Guest House,,1,Res.1&2 or Guest House,knn,knn,1.0
PRPL20250415788,Commercial,Plumbing,Alteration/Remodel,78975,0,1,Residential-Multi-Family,Residential-Multi-Family,10000_99999,1,zero,Residential-Multi-Family,Residential-Multi-Family,0,,not_applicable,knn,
PRPL20250415884,Commercial,Plumbing,Alteration/Remodel,6757.72,0,1,Residential-Multi-Family,Residential-Multi-Family,1000_9999,1,zero,Residential-Multi-Family,Residential-Multi-Family,0,,not_applicable,knn,
PRPL20250415992,1 to 2 Family,Plumbing,Alteration/Remodel,7925,0,1,Res.1&2 or Guest House,Res.1&2 or Guest House,1000_9999,1,zero,Res.1&2 or Guest House,Res.1&2 or Guest House,0,,not_applicable,knn,
PRPL20250416003,1 to 2 Family,Plumbing,Alteration/Remodel,6945,0,1,Res.1&2 or Guest House,Res.1&2 or Guest House,1000_9999,1,zero,Res.1&2 or Guest House,,1,Res.1&2 or Guest House,knn,knn,1.0
PRPL20250416160,Commercial,Plumbing,Alteration/Remodel,7245,0,1,Res.1&2 or Guest House,Res.1&2 or Guest House,1000_9999,1,zero,Res.1&2 or Guest House,,1,Residential-Multi-Family,knn,knn,1.0
PRPL20250416160,Commercial,Revision - Plumbing,Alteration/Remodel,1,0,0,Res.1&2 or Guest House,Res.1&2 or Guest House,le_1,0,zero,Res.1&2 or Guest House,Res.1&2 or Guest House,0,,not_applicable,knn,
PRPL20250416304,1 to 2 Family,Plumbing,Alteration/Remodel,15216.5,0,1,Res.1&2 or Guest House,Res.1&2 or Guest House,10000_99999,1,zero,Res.1&2 or Guest House,Res.1&2 or Guest House,0,,not_applicable,knn,
PRPL20250416364,Commercial,Plumbing,Alteration/Remodel,4959,0,1,Residential-Multi-Family,Residential-Multi-Family,1000_9999,1,zero,Residential-Multi-Family,Residential-Multi-Family,0,,not_applicable,knn,
PRPL20250416367,Commercial,Plumbing,Alteration/Remodel,4959,0,1,Residential-Multi-Family,Residential-Multi-Family,1000_9999,1,zero,Residential-Multi-Family,,1,Residential-Multi-Family,knn,knn,1.0
PRPL20250416368,Commercial,Plumbing,Alteration/Remodel,4959,0,1,Residential-Multi-Family,Residential-Multi-Family,1000_9999,1,zero,Residential-Multi-Family,Residential-Multi-Family,0,,not_applicable,knn,
PRPL20250416372,Commercial,Plumbing,Alteration/Remodel,4959,0,1,Residential-Multi-Family,Residential-Multi-Family,1000_9999,1,zero,Residential-Multi-Family,Residential-Multi-Family,0,,not_applicable,knn,
PRPL20250416376,Commercial,Plumbing,Alteration/Remodel,4959,0,1,Residential-Multi-Family,Residential-Multi-Family,1000_9999,1,zero,Residential-Multi-Family,,1,Residential-Multi-Family,knn,knn,1.0
PRPL20250416455,Commercial,Plumbing,Alteration/Remodel,4959,0,1,Residential-Multi-Family,Residential-Multi-Family,1000_9999,1,zero,Residential-Multi-Family,Residential-Multi-Family,0,,not_applicable,knn,
PRPL20250416471,Commercial,Plumbing,Alteration/Remodel,8700,0,1,Residential-Multi-Family,Residential-Multi-Family,1000_9999,1,zero,Residential-Multi-Family,Residential-Multi-Family,0,,not_applicable,knn,
PRPL20250416478,Commercial,Plumbing,Alteration/Remodel,14464,0,1,Residential-Multi-Family,Residential-Multi-Family,10000_99999,1,zero,Residential-Multi-Family,Residential-Multi-Family,0,,not_applicable,knn,
PRPL20250416674,Commercial,Plumbing,Alteration/Remodel,4400,0,1,Residential-Multi-Family,Residential-Multi-Family,1000_9999,1,zero,Residential-Multi-Family,,1,Residential-Multi-Family,knn,knn,1.0
PRPL20250416683,Commercial,Plumbing,Alteration/Remodel,4400,0,1,Residential-Multi-Family,Residential-Multi-Family,1000_9999,1,zero,Residential-Multi-Family,,1,Residential-Multi-Family,knn,knn,1.0
PRPL20250416715,Commercial,Plumbing,Alteration/Remodel,6376,0,1,Residential-Multi-Family,Residential-Multi-Family,1000_9999,1,zero,Residential-Multi-Family,Residential-Multi-Family,0,,not_applicable,knn,
PRPL20250416730,1 to 2 Family,Plumbing,Alteration/Remodel,5200,0,1,Res.1&2 or Guest House,Res.1&2 or Guest House,1000_9999,1,zero,Res.1&2 or Guest House,Res.1&2 or Guest House,0,,not_applicable,knn,
PRPL20250416754,Commercial,Plumbing,Alteration/Remodel,6376,0,1,Residential-Multi-Family,Residential-Multi-Family,1000_9999,1,zero,Residential-Multi-Family,Residential-Multi-Family,0,,not_applicable,knn,
PRPL20250416803,Commercial,Plumbing,Alteration/Remodel,1200,0,0,Residential-Multi-Family,Residential-Multi-Family,1000_9999,0,zero,Residential-Multi-Family,Residential-Multi-Family,0,,not_applicable,knn,
PRPL20250416943,1 to 2 Family,Plumbing,Alteration/Remodel,8390,0,1,Res.1&2 or Guest House,Res.1&2 or Guest House,1000_9999,1,zero,Res.1&2 or Guest House,Res.1&2 or Guest House,0,,not_applicable,knn,
PRPL20250416981,1 to 2 Family,Plumbing,Alteration/Remodel,10171,0,1,Res.1&2 or Guest House,Res.1&2 or Guest House,10000_99999,1,zero,Res.1&2 or Guest House,,1,Res.1&2 or Guest House,knn,knn,1.0
PRPL20250417218,Commercial,Plumbing,Alteration/Remodel,8860,0,1,Residential-Multi-Family,Residential-Multi-Family,1000_9999,1,zero,Residential-Multi-Family,Residential-Multi-Family,0,,not_applicable,knn,
PRPL20250417283,1 to 2 Family,Plumbing,Alteration/Remodel,7835,0,1,Res.1&2 or Guest House,Res.1&2 or Guest House,1000_9999,1,zero,Res.1&2 or Guest House,Res.1&2 or Guest House,0,,not_applicable,knn,
PRPL20250417516,Commercial,Plumbing,Alteration/Remodel,9185,0,1,Residential-Multi-Family,Residential-Multi-Family,1000_9999,1,zero,Residential-Multi-Family,,1,Residential-Multi-Family,knn,knn,1.0
PRPL20250417582,1 to 2 Family,Plumbing,Alteration/Remodel,19545,0,1,Res.1&2 or Guest House,Res.1&2 or Guest House,10000_99999,1,zero,Res.1&2 or Guest House,Res.1&2 or Guest House,0,,not_applicable,knn,
PRPL20250417766,Commercial,Plumbing,Alteration/Remodel,4400,0,1,Residential-Multi-Family,Residential-Multi-Family,1000_9999,1,zero,Residential-Multi-Family,Residential-Multi-Family,0,,not_applicable,knn,
PRPL20250417934,1 to 2 Family,Plumbing,Alteration/Remodel,7500,0,1,Res.1&2 or Guest House,Res.1&2 or Guest House,1000_9999,1,zero,Res.1&2 or Guest House,Res.1&2 or Guest House,0,,not_applicable,knn,
PRPL20250418069,1 to 2 Family,Plumbing,Alteration/Remodel,5000,0,1,Res.1&2 or Guest House,Res.1&2 or Guest House,1000_9999,1,zero,Res.1&2 or Guest House,Res.1&2 or Guest House,0,,not_applicable,knn,
PRPL20250418094,Commercial,Plumbing,Alteration/Remodel,2300,0,1,Residential-Multi-Family,Residential-Multi-Family,1000_9999,1,zero,Residential-Multi-Family,,1,Residential-Multi-Family,knn,knn,1.0
PRPL20250418250,1 to 2 Family,Plumbing,Alteration/Remodel,10420,0,1,Res.1&2 or Guest House,Res.1&2 or Guest House,10000_99999,1,zero,Res.1&2 or Guest House,Res.1&2 or Guest House,0,,not_applicable,knn,
PRRF20240835115,1 to 2 Family,Revision - Building,Alteration/Remodel,0,0,1,Res.1&2 or Guest House,Res.1&2 or Guest House,le_1,1,zero,Res.1&2 or Guest House,Res.1&2 or Guest House,0,,not_applicable,knn,
PRRF20241042757,1 to 2 Family,Reroof,Alteration/Remodel,41595.879999999997,0,1,Res.1&2 or Guest House,Res.1&2 or Guest House,10000_99999,1,zero,Res.1&2 or Guest House,Res.1&2 or Guest House,0,,not_applicable,knn,
PRRF20241144367,1 to 2 Family,Revision - Building,Alteration/Remodel,0,0,1,Res.1&2 or Guest House,Res.1&2 or Guest House,le_1,1,zero,Res.1&2 or Guest House,Res.1&2 or Guest House,0,,not_applicable,knn,
PRRF20241147971,1 to 2 Family,Revision - Building,Alteration/Remodel,1,0,0,Res.1&2 or Guest House,Res.1&2 or Guest House,le_1,0,zero,Res.1&2 or Guest House,,1,Res.1&2 or Guest House,knn,knn,1.0
PRRF20241248906,Commercial,Revision - Building,Alteration/Remodel,294900,0,1,Residential-Multi-Family,Residential-Multi-Family,100000_plus,1,zero,Residential-Multi-Family,,1,Residential-Multi-Family,knn,knn,1.0
PRRF20241248909,Commercial,Revision - Building,Alteration/Remodel,87900,32,1,Not Identified,,10000_99999,1,nonzero,,,0,,not_applicable,knn,
PRRF20241248910,Commercial,Revision - Building,Alteration/Remodel,87900,32,1,Not Identified,,10000_99999,1,nonzero,,,0,,not_applicable,knn,
PRRF20241248922,Commercial,Revision - Building,Alteration/Remodel,1,0,1,Residential-Multi-Family,Residential-Multi-Family,le_1,1,zero,Residential-Multi-Family,Residential-Multi-Family,0,,not_applicable,knn,
PRRF20250102902,1 to 2 Family,Revision - Building,Alteration/Remodel,1450,0,1,Res.1&2 or Guest House,Res.1&2 or Guest House,1000_9999,1,zero,Res.1&2 or Guest House,Res.1&2 or Guest House,0,,not_applicable,knn,
PRRF20250103557,1 to 2 Family,Reroof,Alteration/Remodel,10000,0,1,Res.1&2 or Guest House,Res.1&2 or Guest House,10000_99999,1,zero,Res.1&2 or Guest House,,1,Res.1&2 or Guest House,knn,knn,1.0
PRRF20250204480,1 to 2 Family,Reroof,Alteration/Remodel,21900,0,1,Res.1&2 or Guest House,Res.1&2 or Guest House,10000_99999,1,zero,Res.1&2 or Guest House,Res.1&2 or Guest House,0,,not_applicable,knn,
PRRF20250204630,1 to 2 Family,Reroof,Alteration/Remodel,34000,0,1,Res.1&2 or Guest House,Res.1&2 or Guest House,10000_99999,1,zero,Res.1&2 or Guest House,Res.1&2 or Guest House,0,,not_applicable,knn,
PRRF20250204897,1 to 2 Family,Revision - Building,Alteration/Remodel,85000,0,1,Res.1&2 or Guest House,Res.1&2 or Guest House,10000_99999,1,zero,Res.1&2 or Guest House,Res.1&2 or Guest House,0,,not_applicable,knn,
PRRF20250205185,1 to 2 Family,Reroof,Alteration/Remodel,47000,0,1,Res.1&2 or Guest House,Res.1&2 or Guest House,10000_99999,1,zero,Res.1&2 or Guest House,Res.1&2 or Guest House,0,,not_applicable,knn,
PRRF20250205839,1 to 2 Family,Reroof,Alteration/Remodel,15000,0,1,Res.1&2 or Guest House,Res.1&2 or Guest House,10000_99999,1,zero,Res.1&2 or Guest House,,1,Res.1&2 or Guest House,knn,knn,1.0
PRRF20250206012,Commercial,Reroof,Alteration/Remodel,123710.81,0,1,Residential-Multi-Family,Residential-Multi-Family,100000_plus,1,zero,Residential-Multi-Family,Residential-Multi-Family,0,,not_applicable,knn,
PRRF20250206999,1 to 2 Family,Revision - Building,Alteration/Remodel,1,0,1,Res.1&2 or Guest House,Res.1&2 or Guest House,le_1,1,zero,Res.1&2 or Guest House,Res.1&2 or Guest House,0,,not_applicable,knn,
PRRF20250207170,1 to 2 Family,Reroof,Alteration/Remodel,14367,0,1,Res.1&2 or Guest House,Res.1&2 or Guest House,10000_99999,1,zero,Res.1&2 or Guest House,Res.1&2 or Guest House,0,,not_applicable,knn,
PRRF20250207368,1 to 2 Family,Revision - Building,Alteration/Remodel,500,0,1,Res.1&2 or Guest House,Res.1&2 or Guest House,2_999,1,zero,Res.1&2 or Guest House,Res.1&2 or Guest House,0,,not_applicable,knn,
PRRF20250207475,1 to 2 Family,Reroof,Alteration/Remodel,2500,0,1,Res.1&2 or Guest House,Res.1&2 or Guest House,1000_9999,1,zero,Res.1&2 or Guest House,Res.1&2 or Guest House,0,,not_applicable,knn,
PRRF20250208203,1 to 2 Family,Revision - Building,Alteration/Remodel,1,0,1,Res.1&2 or Guest House,Res.1&2 or Guest House,le_1,1,zero,Res.1&2 or Guest House,,1,Res.1&2 or Guest House,knn,knn,1.0
PRRF20250208362,1 to 2 Family,Revision - Building,Alteration/Remodel,10300,0,1,Res.1&2 or Guest House,Res.1&2 or Guest House,10000_99999,1,zero,Res.1&2 or Guest House,Res.1&2 or Guest House,0,,not_applicable,knn,
PRRF20250308762,1 to 2 Family,Revision - Building,Alteration/Remodel,1,0,0,Res.1&2 or Guest House,Res.1&2 or Guest House,le_1,0,zero,Res.1&2 or Guest House,Res.1&2 or Guest House,0,,not_applicable,knn,
PRRF20250308834,1 to 2 Family,Revision - Building,Alteration/Remodel,35000,0,0,Res.1&2 or Guest House,Res.1&2 or Guest House,10000_99999,0,zero,Res.1&2 or Guest House,Res.1&2 or Guest House,0,,not_applicable,knn,
PRRF20250309081,1 to 2 Family,Revision - Building,Alteration/Remodel,1,0,1,Res.1&2 or Guest House,Res.1&2 or Guest House,le_1,1,zero,Res.1&2 or Guest House,Res.1&2 or Guest House,0,,not_applicable,knn,
PRRF20250309214,1 to 2 Family,Revision - Building,Alteration/Remodel,1,0,1,Res.1&2 or Guest House,Res.1&2 or Guest House,le_1,1,zero,Res.1&2 or Guest House,Res.1&2 or Guest House,0,,not_applicable,knn,
PRRF20250309227,1 to 2 Family,Revision - Building,Alteration/Remodel,39000,0,1,Res.1&2 or Guest House,Res.1&2 or Guest House,10000_99999,1,zero,Res.1&2 or Guest House,Res.1&2 or Guest House,0,,not_applicable,knn,
PRRF20250310033,1 to 2 Family,Reroof,Alteration/Remodel,39000,0,1,Res.1&2 or Guest House,Res.1&2 or Guest House,10000_99999,1,zero,Res.1&2 or Guest House,Res.1&2 or Guest House,0,,not_applicable,knn,
PRRF20250310102,1 to 2 Family,Reroof,Alteration/Remodel,64800,0,1,Res.1&2 or Guest House,Res.1&2 or Guest House,10000_99999,1,zero,Res.1&2 or Guest House,,1,Res.1&2 or Guest House,knn,knn,1.0
PRRF20250310219,1 to 2 Family,Reroof,Alteration/Remodel,10374,0,1,Res.1&2 or Guest House,Res.1&2 or Guest House,10000_99999,1,zero,Res.1&2 or Guest House,Res.1&2 or Guest House,0,,not_applicable,knn,
PRRF20250310268,Commercial,Reroof,Alteration/Remodel,118924.93,0,1,Residential-Multi-Family,Residential-Multi-Family,100000_plus,1,zero,Residential-Multi-Family,Residential-Multi-Family,0,,not_applicable,knn,
PRRF20250310291,Commercial,Reroof,Alteration/Remodel,10500,0,1,Commercial,Commercial,10000_99999,1,zero,Commercial,Commercial,0,,not_applicable,knn,
PRRF20250310291,Commercial,Revision - Building,Alteration/Remodel,15000,0,1,Commercial,Commercial,10000_99999,1,zero,Commercial,Commercial,0,,not_applicable,knn,
PRRF20250310410,Commercial,Reroof,Alteration/Remodel,64000,0,1,Residential-Multi-Family,Residential-Multi-Family,10000_99999,1,zero,Residential-Multi-Family,,1,Residential-Multi-Family,knn,knn,1.0
PRRF20250310417,Commercial,Reroof,Alteration/Remodel,452249,0,1,Residential-Multi-Family,Residential-Multi-Family,100000_plus,1,zero,Residential-Multi-Family,,1,Residential-Multi-Family,knn,knn,0.6
PRRF20250310484,1 to 2 Family,Reroof,Alteration/Remodel,8200,0,1,Res.1&2 or Guest House,Res.1&2 or Guest House,1000_9999,1,zero,Res.1&2 or Guest House,,1,Res.1&2 or Guest House,knn,knn,1.0
PRRF20250310534,1 to 2 Family,Reroof,Alteration/Remodel,13967,0,1,Res.1&2 or Guest House,Res.1&2 or Guest House,10000_99999,1,zero,Res.1&2 or Guest House,Res.1&2 or Guest House,0,,not_applicable,knn,
PRRF20250310536,1 to 2 Family,Revision - Building,Alteration/Remodel,51300,0,1,Res.1&2 or Guest House,Res.1&2 or Guest House,10000_99999,1,zero,Res.1&2 or Guest House,Res.1&2 or Guest House,0,,not_applicable,knn,
PRRF20250310608,1 to 2 Family,Revision - Building,Alteration/Remodel,1,0,1,Res.1&2 or Guest House,Res.1&2 or Guest House,le_1,1,zero,Res.1&2 or Guest House,Res.1&2 or Guest House,0,,not_applicable,knn,
PRRF20250310747,1 to 2 Family,Reroof,Alteration/Remodel,48800,0,1,Res.1&2 or Guest House,Res.1&2 or Guest House,10000_99999,1,zero,Res.1&2 or Guest House,Res.1&2 or Guest House,0,,not_applicable,knn,
PRRF20250310769,Commercial,Reroof,Alteration/Remodel,48921,0,1,Commercial,Commercial,10000_99999,1,zero,Commercial,,1,Residential-Multi-Family,knn,knn,1.0
PRRF20250310894,Commercial,Reroof,Alteration/Remodel,89800,0,1,Residential-Multi-Family,Residential-Multi-Family,10000_99999,1,zero,Residential-Multi-Family,Residential-Multi-Family,0,,not_applicable,knn,
PRRF20250310922,1 to 2 Family,Reroof,Alteration/Remodel,21650,0,1,Res.1&2 or Guest House,Res.1&2 or Guest House,10000_99999,1,zero,Res.1&2 or Guest House,Res.1&2 or Guest House,0,,not_applicable,knn,
PRRF20250310936,1 to 2 Family,Reroof,Alteration/Remodel,17400,0,1,Res.1&2 or Guest House,Res.1&2 or Guest House,10000_99999,1,zero,Res.1&2 or Guest House,Res.1&2 or Guest House,0,,not_applicable,knn,
PRRF20250310950,1 to 2 Family,Reroof,Alteration/Remodel,9500,0,1,Res.1&2 or Guest House,Res.1&2 or Guest House,1000_9999,1,zero,Res.1&2 or Guest House,Res.1&2 or Guest House,0,,not_applicable,knn,
PRRF20250311047,1 to 2 Family,Reroof,Alteration/Remodel,16000,0,1,Res.1&2 or Guest House,Res.1&2 or Guest House,10000_99999,1,zero,Res.1&2 or Guest House,Res.1&2 or Guest House,0,,not_applicable,knn,
PRRF20250311129,1 to 2 Family,Reroof,Alteration/Remodel,4500,0,1,Res.1&2 or Guest House,Res.1&2 or Guest House,1000_9999,1,zero,Res.1&2 or Guest House,Res.1&2 or Guest House,0,,not_applicable,knn,
PRRF20250311153,1 to 2 Family,Reroof,Alteration/Remodel,41239,0,1,Res.1&2 or Guest House,Res.1&2 or Guest House,10000_99999,1,zero,Res.1&2 or Guest House,Res.1&2 or Guest House,0,,not_applicable,knn,
PRRF20250311157,1 to 2 Family,Reroof,Alteration/Remodel,85650,0,1,Res.1&2 or Guest House,Res.1&2 or Guest House,10000_99999,1,zero,Res.1&2 or Guest House,Res.1&2 or Guest House,0,,not_applicable,knn,
PRRF20250311193,Commercial,Reroof,Alteration/Remodel,36000,0,1,Not Identified,,10000_99999,1,zero,,,0,,not_applicable,knn,
PRRF20250311194,Commercial,Reroof,Alteration/Remodel,48000,0,1,Not Identified,,10000_99999,1,zero,,,0,,not_applicable,knn,
PRRF20250311261,1 to 2 Family,Reroof,Alteration/Remodel,12000,0,1,Res.1&2 or Guest House,Res.1&2 or Guest House,10000_99999,1,zero,Res.1&2 or Guest House,Res.1&2 or Guest House,0,,not_applicable,knn,
PRRF20250311328,1 to 2 Family,Revision - Building,Alteration/Remodel,0,0,1,Res.1&2 or Guest House,Res.1&2 or Guest House,le_1,1,zero,Res.1&2 or Guest House,Res.1&2 or Guest House,0,,not_applicable,knn,
PRRF20250311334,Commercial,Reroof,Alteration/Remodel,62718.75,0,1,Commercial,Commercial,10000_99999,1,zero,Commercial,Commercial,0,,not_applicable,knn,
PRRF20250311353,1 to 2 Family,Reroof,Alteration/Remodel,50773,0,1,Res.1&2 or Guest House,Res.1&2 or Guest House,10000_99999,1,zero,Res.1&2 or Guest House,Res.1&2 or Guest House,0,,not_applicable,knn,
PRRF20250311397,Commercial,Reroof,Alteration/Remodel,142965,0,1,Commercial,Commercial,100000_plus,1,zero,Commercial,Commercial,0,,not_applicable,knn,
PRRF20250311436,Commercial,Reroof,Alteration/Remodel,36706.5,0,1,Commercial,Commercial,10000_99999,1,zero,Commercial,Commercial,0,,not_applicable,knn,
PRRF20250311503,1 to 2 Family,Reroof,Alteration/Remodel,13000,0,1,Res.1&2 or Guest House,Res.1&2 or Guest House,10000_99999,1,zero,Res.1&2 or Guest House,Res.1&2 or Guest House,0,,not_applicable,knn,
PRRF20250311630,1 to 2 Family,Reroof,Alteration/Remodel,10439,0,1,Res.1&2 or Guest House,Res.1&2 or Guest House,10000_99999,1,zero,Res.1&2 or Guest House,Res.1&2 or Guest House,0,,not_applicable,knn,
PRRF20250311653,1 to 2 Family,Reroof,Alteration/Remodel,66000,0,1,Res.1&2 or Guest House,Res.1&2 or Guest House,10000_99999,1,zero,Res.1&2 or Guest House,Res.1&2 or Guest House,0,,not_applicable,knn,
PRRF20250311717,1 to 2 Family,Reroof,Alteration/Remodel,32500,0,1,Res.1&2 or Guest House,Res.1&2 or Guest House,10000_99999,1,zero,Res.1&2 or Guest House,Res.1&2 or Guest House,0,,not_applicable,knn,
PRRF20250311787,1 to 2 Family,Revision - Building,Alteration/Remodel,24000,0,1,Res.1&2 or Guest House,Res.1&2 or Guest House,10000_99999,1,zero,Res.1&2 or Guest House,Res.1&2 or Guest House,0,,not_applicable,knn,
PRRF20250311871,1 to 2 Family,Reroof,Alteration/Remodel,20500,0,1,Res.1&2 or Guest House,Res.1&2 or Guest House,10000_99999,1,zero,Res.1&2 or Guest House,Res.1&2 or Guest House,0,,not_applicable,knn,
PRRF20250311929,1 to 2 Family,Revision - Building,Alteration/Remodel,2000,0,1,Res.1&2 or Guest House,Res.1&2 or Guest House,1000_9999,1,zero,Res.1&2 or Guest House,Res.1&2 or Guest House,0,,not_applicable,knn,
PRRF20250312027,Commercial,Reroof,Alteration/Remodel,27500,0,1,Residential-Multi-Family,Residential-Multi-Family,10000_99999,1,zero,Residential-Multi-Family,Residential-Multi-Family,0,,not_applicable,knn,
PRRF20250312064,1 to 2 Family,Reroof,Alteration/Remodel,31500,0,1,Res.1&2 or Guest House,Res.1&2 or Guest House,10000_99999,1,zero,Res.1&2 or Guest House,Res.1&2 or Guest House,0,,not_applicable,knn,
PRRF20250312120,Commercial,Reroof,Alteration/Remodel,27500,0,1,Residential-Multi-Family,Residential-Multi-Family,10000_99999,1,zero,Residential-Multi-Family,Residential-Multi-Family,0,,not_applicable,knn,
PRRF20250312134,Commercial,Reroof,Alteration/Remodel,118924.93,0,1,Residential-Multi-Family,Residential-Multi-Family,100000_plus,1,zero,Residential-Multi-Family,Residential-Multi-Family,0,,not_applicable,knn,
PRRF20250312149,1 to 2 Family,Revision - Building,Alteration/Remodel,13000,0,1,Res.1&2 or Guest House,Res.1&2 or Guest House,10000_99999,1,zero,Res.1&2 or Guest House,,1,Res.1&2 or Guest House,knn,knn,1.0
PRRF20250312204,Commercial,Reroof,Alteration/Remodel,26699,0,0,Commercial,Commercial,10000_99999,0,zero,Commercial,Commercial,0,,not_applicable,knn,
PRRF20250312213,Commercial,Reroof,Alteration/Remodel,46789,0,1,Not Identified,,10000_99999,1,zero,,,0,,not_applicable,knn,
PRRF20250312216,Commercial,Reroof,Alteration/Remodel,200000,0,1,Residential-Care-Assisted Living Facilities,Other Special Residential,100000_plus,1,zero,Other Special Residential,Other Special Residential,0,,not_applicable,knn,
PRRF20250312260,1 to 2 Family,Reroof,Alteration/Remodel,15250,0,0,Res.1&2 or Guest House,Res.1&2 or Guest House,10000_99999,0,zero,Res.1&2 or Guest House,Res.1&2 or Guest House,0,,not_applicable,knn,
PRRF20250312281,1 to 2 Family,Reroof,Alteration/Remodel,6500,0,1,Res.1&2 or Guest House,Res.1&2 or Guest House,1000_9999,1,zero,Res.1&2 or Guest House,Res.1&2 or Guest House,0,,not_applicable,knn,
PRRF20250312360,1 to 2 Family,Reroof,Alteration/Remodel,38250,0,1,Res.1&2 or Guest House,Res.1&2 or Guest House,10000_99999,1,zero,Res.1&2 or Guest House,Res.1&2 or Guest House,0,,not_applicable,knn,
PRRF20250312388,1 to 2 Family,Reroof,Alteration/Remodel,22166.880000000001,0,0,Res.1&2 or Guest House,Res.1&2 or Guest House,10000_99999,0,zero,Res.1&2 or Guest House,Res.1&2 or Guest House,0,,not_applicable,knn,
PRRF20250312518,1 to 2 Family,Reroof,Alteration/Remodel,15000,0,1,Res.1&2 or Guest House,Res.1&2 or Guest House,10000_99999,1,zero,Res.1&2 or Guest House,Res.1&2 or Guest House,0,,not_applicable,knn,
PRRF20250312523,1 to 2 Family,Reroof,Alteration/Remodel,12500,0,1,Res.1&2 or Guest House,Res.1&2 or Guest House,10000_99999,1,zero,Res.1&2 or Guest House,Res.1&2 or Guest House,0,,not_applicable,knn,
PRRF20250312536,1 to 2 Family,Reroof,Alteration/Remodel,470261,0,1,Res.1&2 or Guest House,Res.1&2 or Guest House,100000_plus,1,zero,Res.1&2 or Guest House,Res.1&2 or Guest House,0,,not_applicable,knn,
PRRF20250312541,Commercial,Reroof,Alteration/Remodel,35126,0,0,Residential-Multi-Family,Residential-Multi-Family,10000_99999,0,zero,Residential-Multi-Family,Residential-Multi-Family,0,,not_applicable,knn,
PRRF20250312549,1 to 2 Family,Reroof,Alteration/Remodel,38450,0,1,Res.1&2 or Guest House,Res.1&2 or Guest House,10000_99999,1,zero,Res.1&2 or Guest House,Res.1&2 or Guest House,0,,not_applicable,knn,
PRRF20250312579,1 to 2 Family,Reroof,Alteration/Remodel,10800,0,1,Res.1&2 or Guest House,Res.1&2 or Guest House,10000_99999,1,zero,Res.1&2 or Guest House,,1,Res.1&2 or Guest House,knn,knn,1.0
PRRF20250312618,1 to 2 Family,Reroof,Alteration/Remodel,19999,0,1,Res.1&2 or Guest House,Res.1&2 or Guest House,10000_99999,1,zero,Res.1&2 or Guest House,,1,Res.1&2 or Guest House,knn,knn,1.0
PRRF20250312645,1 to 2 Family,Reroof,Alteration/Remodel,36000,0,1,Res.1&2 or Guest House,Res.1&2 or Guest House,10000_99999,1,zero,Res.1&2 or Guest House,Res.1&2 or Guest House,0,,not_applicable,knn,
PRRF20250312660,1 to 2 Family,Reroof,Alteration/Remodel,60000,0,1,Res.1&2 or Guest House,Res.1&2 or Guest House,10000_99999,1,zero,Res.1&2 or Guest House,Res.1&2 or Guest House,0,,not_applicable,knn,
PRRF20250312692,1 to 2 Family,Reroof,Alteration/Remodel,20840,0,1,Res.1&2 or Guest House,Res.1&2 or Guest House,10000_99999,1,zero,Res.1&2 or Guest House,Res.1&2 or Guest House,0,,not_applicable,knn,
PRRF20250312717,1 to 2 Family,Reroof,Alteration/Remodel,9350,0,1,Res.1&2 or Guest House,Res.1&2 or Guest House,1000_9999,1,zero,Res.1&2 or Guest House,,1,Res.1&2 or Guest House,knn,knn,1.0
PRRF20250312725,1 to 2 Family,Reroof,Alteration/Remodel,22000,0,1,Res.1&2 or Guest House,Res.1&2 or Guest House,10000_99999,1,zero,Res.1&2 or Guest House,Res.1&2 or Guest House,0,,not_applicable,knn,
PRRF20250312735,1 to 2 Family,Reroof,Alteration/Remodel,23582.880000000001,0,1,Res.1&2 or Guest House,Res.1&2 or Guest House,10000_99999,1,zero,Res.1&2 or Guest House,Res.1&2 or Guest House,0,,not_applicable,knn,
PRRF20250312740,1 to 2 Family,Reroof,Alteration/Remodel,62000,0,1,Res.1&2 or Guest House,Res.1&2 or Guest House,10000_99999,1,zero,Res.1&2 or Guest House,Res.1&2 or Guest House,0,,not_applicable,knn,
PRRF20250312746,1 to 2 Family,Reroof,Alteration/Remodel,38950,0,1,Res.1&2 or Guest House,Res.1&2 or Guest House,10000_99999,1,zero,Res.1&2 or Guest House,Res.1&2 or Guest House,0,,not_applicable,knn,
PRRF20250312751,1 to 2 Family,Reroof,Alteration/Remodel,17268.419999999998,0,1,Res.1&2 or Guest House,Res.1&2 or Guest House,10000_99999,1,zero,Res.1&2 or Guest House,,1,Res.1&2 or Guest House,knn,knn,1.0
PRRF20250312757,1 to 2 Family,Reroof,Alteration/Remodel,17268.419999999998,0,1,Res.1&2 or Guest House,Res.1&2 or Guest House,10000_99999,1,zero,Res.1&2 or Guest House,Res.1&2 or Guest House,0,,not_applicable,knn,
PRRF20250312760,1 to 2 Family,Reroof,Alteration/Remodel,17268.419999999998,0,1,Res.1&2 or Guest House,Res.1&2 or Guest House,10000_99999,1,zero,Res.1&2 or Guest House,,1,Res.1&2 or Guest House,knn,knn,1.0
PRRF20250312762,1 to 2 Family,Reroof,Alteration/Remodel,17268.419999999998,0,1,Res.1&2 or Guest House,Res.1&2 or Guest House,10000_99999,1,zero,Res.1&2 or Guest House,Res.1&2 or Guest House,0,,not_applicable,knn,
PRRF20250312763,1 to 2 Family,Reroof,Alteration/Remodel,25620,0,1,Res.1&2 or Guest House,Res.1&2 or Guest House,10000_99999,1,zero,Res.1&2 or Guest House,,1,Res.1&2 or Guest House,knn,knn,1.0
PRRF20250312766,1 to 2 Family,Reroof,Alteration/Remodel,17268.419999999998,0,1,Res.1&2 or Guest House,Res.1&2 or Guest House,10000_99999,1,zero,Res.1&2 or Guest House,Res.1&2 or Guest House,0,,not_applicable,knn,
PRRF20250312769,1 to 2 Family,Reroof,Alteration/Remodel,79545,0,1,Res.1&2 or Guest House,Res.1&2 or Guest House,10000_99999,1,zero,Res.1&2 or Guest House,Res.1&2 or Guest House,0,,not_applicable,knn,
PRRF20250312770,1 to 2 Family,Reroof,Alteration/Remodel,17268.419999999998,0,1,Res.1&2 or Guest House,Res.1&2 or Guest House,10000_99999,1,zero,Res.1&2 or Guest House,Res.1&2 or Guest House,0,,not_applicable,knn,
PRRF20250312771,1 to 2 Family,Reroof,Alteration/Remodel,17268.419999999998,0,1,Res.1&2 or Guest House,Res.1&2 or Guest House,10000_99999,1,zero,Res.1&2 or Guest House,Res.1&2 or Guest House,0,,not_applicable,knn,
PRRF20250312791,1 to 2 Family,Revision - Building,Alteration/Remodel,1,0,1,Res.1&2 or Guest House,Res.1&2 or Guest House,le_1,1,zero,Res.1&2 or Guest House,Res.1&2 or Guest House,0,,not_applicable,knn,
PRRF20250312792,1 to 2 Family,Reroof,Alteration/Remodel,28436.87,0,1,Res.1&2 or Guest House,Res.1&2 or Guest House,10000_99999,1,zero,Res.1&2 or Guest House,Res.1&2 or Guest House,0,,not_applicable,knn,
PRRF20250312849,1 to 2 Family,Reroof,Alteration/Remodel,3179,0,1,Res.1&2 or Guest House,Res.1&2 or Guest House,1000_9999,1,zero,Res.1&2 or Guest House,Res.1&2 or Guest House,0,,not_applicable,knn,
PRRF20250312862,1 to 2 Family,Reroof,Alteration/Remodel,18000,0,1,Res.1&2 or Guest House,Res.1&2 or Guest House,10000_99999,1,zero,Res.1&2 or Guest House,Res.1&2 or Guest House,0,,not_applicable,knn,
PRRF20250312873,Commercial,Reroof,Alteration/Remodel,28600,0,1,Residential-Multi-Family,Residential-Multi-Family,10000_99999,1,zero,Residential-Multi-Family,,1,Residential-Multi-Family,knn,knn,1.0
PRRF20250312877,1 to 2 Family,Reroof,Alteration/Remodel,23953,0,1,Res.1&2 or Guest House,Res.1&2 or Guest House,10000_99999,1,zero,Res.1&2 or Guest House,Res.1&2 or Guest House,0,,not_applicable,knn,
PRRF20250312884,Commercial,Reroof,Alteration/Remodel,12055,0,1,Not Identified,,10000_99999,1,zero,,,0,,not_applicable,knn,
PRRF20250312892,1 to 2 Family,Reroof,Alteration/Remodel,82875,0,1,Res.1&2 or Guest House,Res.1&2 or Guest House,10000_99999,1,zero,Res.1&2 or Guest House,Res.1&2 or Guest House,0,,not_applicable,knn,
PRRF20250312903,1 to 2 Family,Reroof,Alteration/Remodel,15850,0,1,Res.1&2 or Guest House,Res.1&2 or Guest House,10000_99999,1,zero,Res.1&2 or Guest House,Res.1&2 or Guest House,0,,not_applicable,knn,
PRRF20250312915,Commercial,Reroof,Alteration/Remodel,14448,0,1,Commercial,Commercial,10000_99999,1,zero,Commercial,Commercial,0,,not_applicable,knn,
PRRF20250312948,Commercial,Reroof,Alteration/Remodel,10450,0,0,Residential-Multi-Family,Residential-Multi-Family,10000_99999,0,zero,Residential-Multi-Family,Residential-Multi-Family,0,,not_applicable,knn,
PRRF20250312952,Commercial,Reroof,Alteration/Remodel,5500,0,0,Residential-Multi-Family,Residential-Multi-Family,1000_9999,0,zero,Residential-Multi-Family,Residential-Multi-Family,0,,not_applicable,knn,
PRRF20250312982,1 to 2 Family,Reroof,Alteration/Remodel,14500,0,1,Res.1&2 or Guest House,Res.1&2 or Guest House,10000_99999,1,zero,Res.1&2 or Guest House,,1,Res.1&2 or Guest House,knn,knn,1.0
PRRF20250312990,1 to 2 Family,Reroof,Alteration/Remodel,28856,0,1,Res.1&2 or Guest House,Res.1&2 or Guest House,10000_99999,1,zero,Res.1&2 or Guest House,Res.1&2 or Guest House,0,,not_applicable,knn,
PRRF20250312990,1 to 2 Family,Revision - Building,Alteration/Remodel,500,0,0,Res.1&2 or Guest House,Res.1&2 or Guest House,2_999,0,zero,Res.1&2 or Guest House,Res.1&2 or Guest House,0,,not_applicable,knn,
PRRF20250312993,1 to 2 Family,Reroof,Alteration/Remodel,40000,0,1,Res.1&2 or Guest House,Res.1&2 or Guest House,10000_99999,1,zero,Res.1&2 or Guest House,Res.1&2 or Guest House,0,,not_applicable,knn,
PRRF20250312993,1 to 2 Family,Revision - Building,Alteration/Remodel,40000,0,1,Res.1&2 or Guest House,Res.1&2 or Guest House,10000_99999,1,zero,Res.1&2 or Guest House,Res.1&2 or Guest House,0,,not_applicable,knn,
PRRF20250313003,1 to 2 Family,Reroof,Alteration/Remodel,55000,0,1,Res.1&2 or Guest House,Res.1&2 or Guest House,10000_99999,1,zero,Res.1&2 or Guest House,Res.1&2 or Guest House,0,,not_applicable,knn,
PRRF20250313024,1 to 2 Family,Reroof,Alteration/Remodel,38780,0,1,Res.1&2 or Guest House,Res.1&2 or Guest House,10000_99999,1,zero,Res.1&2 or Guest House,Res.1&2 or Guest House,0,,not_applicable,knn,
PRRF20250313026,1 to 2 Family,Reroof,Alteration/Remodel,96628.46,0,1,Not Identified,,10000_99999,1,zero,,,0,,not_applicable,knn,
PRRF20250313034,1 to 2 Family,Reroof,Alteration/Remodel,15678,0,1,Res.1&2 or Guest House,Res.1&2 or Guest House,10000_99999,1,zero,Res.1&2 or Guest House,Res.1&2 or Guest House,0,,not_applicable,knn,
PRRF20250313039,1 to 2 Family,Reroof,Alteration/Remodel,47820,0,1,Res.1&2 or Guest House,Res.1&2 or Guest House,10000_99999,1,zero,Res.1&2 or Guest House,,1,Res.1&2 or Guest House,knn,knn,1.0
PRRF20250313040,1 to 2 Family,Reroof,Alteration/Remodel,13000,0,1,Res.1&2 or Guest House,Res.1&2 or Guest House,10000_99999,1,zero,Res.1&2 or Guest House,Res.1&2 or Guest House,0,,not_applicable,knn,
PRRF20250313041,1 to 2 Family,Reroof,Alteration/Remodel,25277.3,0,1,Res.1&2 or Guest House,Res.1&2 or Guest House,10000_99999,1,zero,Res.1&2 or Guest House,Res.1&2 or Guest House,0,,not_applicable,knn,
PRRF20250313042,1 to 2 Family,Reroof,Alteration/Remodel,69300,0,1,Res.1&2 or Guest House,Res.1&2 or Guest House,10000_99999,1,zero,Res.1&2 or Guest House,Res.1&2 or Guest House,0,,not_applicable,knn,
PRRF20250313057,Commercial,Reroof,Alteration/Remodel,1500,0,1,Residential-Multi-Family,Residential-Multi-Family,1000_9999,1,zero,Residential-Multi-Family,,1,Residential-Multi-Family,knn,knn,1.0
PRRF20250313074,1 to 2 Family,Reroof,Alteration/Remodel,113979.75,0,1,Res.1&2 or Guest House,Res.1&2 or Guest House,100000_plus,1,zero,Res.1&2 or Guest House,Res.1&2 or Guest House,0,,not_applicable,knn,
PRRF20250313099,Commercial,Reroof,Alteration/Remodel,1500,0,1,Residential-Multi-Family,Residential-Multi-Family,1000_9999,1,zero,Residential-Multi-Family,Residential-Multi-Family,0,,not_applicable,knn,
PRRF20250313116,1 to 2 Family,Reroof,Alteration/Remodel,60761,0,1,Res.1&2 or Guest House,Res.1&2 or Guest House,10000_99999,1,zero,Res.1&2 or Guest House,Res.1&2 or Guest House,0,,not_applicable,knn,
PRRF20250313140,Commercial,Reroof,Alteration/Remodel,5675,0,1,Residential-Multi-Family,Residential-Multi-Family,1000_9999,1,zero,Residential-Multi-Family,Residential-Multi-Family,0,,not_applicable,knn,
PRRF20250313155,1 to 2 Family,Reroof,Alteration/Remodel,11000,0,1,Not Identified,,10000_99999,1,zero,,,0,,not_applicable,knn,
PRRF20250313160,Commercial,Reroof,Alteration/Remodel,1500,0,1,Residential-Multi-Family,Residential-Multi-Family,1000_9999,1,zero,Residential-Multi-Family,Residential-Multi-Family,0,,not_applicable,knn,
PRRF20250313251,Commercial,Reroof,Alteration/Remodel,174821,0,1,Residential-Multi-Family,Residential-Multi-Family,100000_plus,1,zero,Residential-Multi-Family,Residential-Multi-Family,0,,not_applicable,knn,
PRRF20250313254,1 to 2 Family,Reroof,Alteration/Remodel,14500,0,1,Res.1&2 or Guest House,Res.1&2 or Guest House,10000_99999,1,zero,Res.1&2 or Guest House,Res.1&2 or Guest House,0,,not_applicable,knn,
PRRF20250313258,1 to 2 Family,Reroof,Alteration/Remodel,26240,0,1,Res.1&2 or Guest House,Res.1&2 or Guest House,10000_99999,1,zero,Res.1&2 or Guest House,Res.1&2 or Guest House,0,,not_applicable,knn,
PRRF20250313259,1 to 2 Family,Reroof,Alteration/Remodel,56400,0,1,Res.1&2 or Guest House,Res.1&2 or Guest House,10000_99999,1,zero,Res.1&2 or Guest House,Res.1&2 or Guest House,0,,not_applicable,knn,
PRRF20250313261,Commercial,Reroof,Alteration/Remodel,137598,0,1,Residential-Multi-Family,Residential-Multi-Family,100000_plus,1,zero,Residential-Multi-Family,Residential-Multi-Family,0,,not_applicable,knn,
PRRF20250313262,1 to 2 Family,Reroof,Alteration/Remodel,14816,0,1,Res.1&2 or Guest House,Res.1&2 or Guest House,10000_99999,1,zero,Res.1&2 or Guest House,,1,Res.1&2 or Guest House,knn,knn,1.0
PRRF20250313265,1 to 2 Family,Reroof,Alteration/Remodel,76774,0,1,Res.1&2 or Guest House,Res.1&2 or Guest House,10000_99999,1,zero,Res.1&2 or Guest House,Res.1&2 or Guest House,0,,not_applicable,knn,
PRRF20250313273,1 to 2 Family,Reroof,Alteration/Remodel,10000,0,1,Res.1&2 or Guest House,Res.1&2 or Guest House,10000_99999,1,zero,Res.1&2 or Guest House,Res.1&2 or Guest House,0,,not_applicable,knn,
PRRF20250313294,1 to 2 Family,Reroof,Alteration/Remodel,14000,0,1,Res.1&2 or Guest House,Res.1&2 or Guest House,10000_99999,1,zero,Res.1&2 or Guest House,Res.1&2 or Guest House,0,,not_applicable,knn,
PRRF20250313297,1 to 2 Family,Reroof,Alteration/Remodel,25000,0,1,Res.1&2 or Guest House,Res.1&2 or Guest House,10000_99999,1,zero,Res.1&2 or Guest House,Res.1&2 or Guest House,0,,not_applicable,knn,
PRRF20250313304,Commercial,Reroof,Alteration/Remodel,76514.78,0,1,Residential-Multi-Family,Residential-Multi-Family,10000_99999,1,zero,Residential-Multi-Family,Residential-Multi-Family,0,,not_applicable,knn,
PRRF20250313306,Commercial,Reroof,Alteration/Remodel,76514.78,0,1,Residential-Multi-Family,Residential-Multi-Family,10000_99999,1,zero,Residential-Multi-Family,Residential-Multi-Family,0,,not_applicable,knn,
PRRF20250313312,1 to 2 Family,Reroof,Alteration/Remodel,39950,0,1,Res.1&2 or Guest House,Res.1&2 or Guest House,10000_99999,1,zero,Res.1&2 or Guest House,Res.1&2 or Guest House,0,,not_applicable,knn,
PRRF20250313313,Commercial,Reroof,Alteration/Remodel,76514.78,0,1,Residential-Multi-Family,Residential-Multi-Family,10000_99999,1,zero,Residential-Multi-Family,Residential-Multi-Family,0,,not_applicable,knn,
PRRF20250313314,Commercial,Reroof,Alteration/Remodel,4400,0,0,Residential-Multi-Family,Residential-Multi-Family,1000_9999,0,zero,Residential-Multi-Family,,1,Residential-Multi-Family,knn,knn,1.0
PRRF20250313315,Commercial,Reroof,Alteration/Remodel,76514.78,0,1,Residential-Multi-Family,Residential-Multi-Family,10000_99999,1,zero,Residential-Multi-Family,Residential-Multi-Family,0,,not_applicable,knn,
PRRF20250313316,1 to 2 Family,Reroof,Alteration/Remodel,61900,0,1,Res.1&2 or Guest House,Res.1&2 or Guest House,10000_99999,1,zero,Res.1&2 or Guest House,Res.1&2 or Guest House,0,,not_applicable,knn,
PRRF20250313320,Commercial,Reroof,Alteration/Remodel,76514.78,0,1,Residential-Multi-Family,Residential-Multi-Family,10000_99999,1,zero,Residential-Multi-Family,,1,Residential-Multi-Family,knn,knn,1.0
PRRF20250313322,Commercial,Reroof,Alteration/Remodel,76514.78,0,1,Residential-Multi-Family,Residential-Multi-Family,10000_99999,1,zero,Residential-Multi-Family,Residential-Multi-Family,0,,not_applicable,knn,
PRRF20250313327,Commercial,Reroof,Alteration/Remodel,76514.78,0,1,Residential-Multi-Family,Residential-Multi-Family,10000_99999,1,zero,Residential-Multi-Family,Residential-Multi-Family,0,,not_applicable,knn,
PRRF20250313331,Commercial,Reroof,Alteration/Remodel,76514.78,0,1,Residential-Multi-Family,Residential-Multi-Family,10000_99999,1,zero,Residential-Multi-Family,Residential-Multi-Family,0,,not_applicable,knn,
PRRF20250313332,Commercial,Reroof,Alteration/Remodel,76514.78,0,1,Residential-Multi-Family,Residential-Multi-Family,10000_99999,1,zero,Residential-Multi-Family,Residential-Multi-Family,0,,not_applicable,knn,
PRRF20250313335,Commercial,Reroof,Alteration/Remodel,76514.78,0,0,Residential-Multi-Family,Residential-Multi-Family,10000_99999,0,zero,Residential-Multi-Family,,1,Residential-Multi-Family,knn,knn,0.6666666666666666
PRRF20250313337,Commercial,Reroof,Alteration/Remodel,76514.78,0,0,Residential-Multi-Family,Residential-Multi-Family,10000_99999,0,zero,Residential-Multi-Family,,1,Residential-Multi-Family,knn,knn,0.6666666666666666
PRRF20250313339,Commercial,Reroof,Alteration/Remodel,76514.78,0,1,Residential-Multi-Family,Residential-Multi-Family,10000_99999,1,zero,Residential-Multi-Family,Residential-Multi-Family,0,,not_applicable,knn,
PRRF20250313341,Commercial,Reroof,Alteration/Remodel,76514.78,0,1,Residential-Multi-Family,Residential-Multi-Family,10000_99999,1,zero,Residential-Multi-Family,,1,Residential-Multi-Family,knn,knn,1.0
PRRF20250313343,Commercial,Reroof,Alteration/Remodel,76514.78,0,1,Residential-Multi-Family,Residential-Multi-Family,10000_99999,1,zero,Residential-Multi-Family,Residential-Multi-Family,0,,not_applicable,knn,
PRRF20250313357,1 to 2 Family,Reroof,Alteration/Remodel,28650,0,1,Res.1&2 or Guest House,Res.1&2 or Guest House,10000_99999,1,zero,Res.1&2 or Guest House,,1,Res.1&2 or Guest House,knn,knn,1.0
PRRF20250313359,1 to 2 Family,Reroof,Alteration/Remodel,86500,0,1,Res.1&2 or Guest House,Res.1&2 or Guest House,10000_99999,1,zero,Res.1&2 or Guest House,Res.1&2 or Guest House,0,,not_applicable,knn,
PRRF20250313442,1 to 2 Family,Reroof,Alteration/Remodel,17000,0,1,Res.1&2 or Guest House,Res.1&2 or Guest House,10000_99999,1,zero,Res.1&2 or Guest House,Res.1&2 or Guest House,0,,not_applicable,knn,
PRRF20250313484,1 to 2 Family,Reroof,Alteration/Remodel,19235,0,1,Res.1&2 or Guest House,Res.1&2 or Guest House,10000_99999,1,zero,Res.1&2 or Guest House,Res.1&2 or Guest House,0,,not_applicable,knn,
PRRF20250313486,Commercial,Reroof,Alteration/Remodel,265965,0,0,Residential-Multi-Family,Residential-Multi-Family,100000_plus,0,zero,Residential-Multi-Family,Residential-Multi-Family,0,,not_applicable,knn,
PRRF20250313494,1 to 2 Family,Reroof,Alteration/Remodel,12000,0,1,Res.1&2 or Guest House,Res.1&2 or Guest House,10000_99999,1,zero,Res.1&2 or Guest House,Res.1&2 or Guest House,0,,not_applicable,knn,
PRRF20250313496,1 to 2 Family,Reroof,Alteration/Remodel,12600,0,1,Res.1&2 or Guest House,Res.1&2 or Guest House,10000_99999,1,zero,Res.1&2 or Guest House,Res.1&2 or Guest House,0,,not_applicable,knn,
PRRF20250313501,1 to 2 Family,Reroof,Alteration/Remodel,18000,0,1,Res.1&2 or Guest House,Res.1&2 or Guest House,10000_99999,1,zero,Res.1&2 or Guest House,,1,Res.1&2 or Guest House,knn,knn,1.0
PRRF20250313503,1 to 2 Family,Reroof,Alteration/Remodel,128000,0,1,Res.1&2 or Guest House,Res.1&2 or Guest House,100000_plus,1,zero,Res.1&2 or Guest House,Res.1&2 or Guest House,0,,not_applicable,knn,
PRRF20250313513,1 to 2 Family,Reroof,Alteration/Remodel,11000,0,1,Res.1&2 or Guest House,Res.1&2 or Guest House,10000_99999,1,zero,Res.1&2 or Guest House,Res.1&2 or Guest House,0,,not_applicable,knn,
PRRF20250313523,1 to 2 Family,Reroof,Alteration/Remodel,39950,0,1,Res.1&2 or Guest House,Res.1&2 or Guest House,10000_99999,1,zero,Res.1&2 or Guest House,,1,Res.1&2 or Guest House,knn,knn,1.0
PRRF20250413544,1 to 2 Family,Reroof,Alteration/Remodel,9200,0,1,Res.1&2 or Guest House,Res.1&2 or Guest House,1000_9999,1,zero,Res.1&2 or Guest House,,1,Res.1&2 or Guest House,knn,knn,1.0
PRRF20250413551,1 to 2 Family,Reroof,Alteration/Remodel,19802.43,0,1,Res.1&2 or Guest House,Res.1&2 or Guest House,10000_99999,1,zero,Res.1&2 or Guest House,,1,Res.1&2 or Guest House,knn,knn,1.0
PRRF20250413556,1 to 2 Family,Reroof,Alteration/Remodel,32480,0,1,Res.1&2 or Guest House,Res.1&2 or Guest House,10000_99999,1,zero,Res.1&2 or Guest House,,1,Res.1&2 or Guest House,knn,knn,1.0
PRRF20250413563,1 to 2 Family,Reroof,Alteration/Remodel,16950,0,1,Res.1&2 or Guest House,Res.1&2 or Guest House,10000_99999,1,zero,Res.1&2 or Guest House,,1,Res.1&2 or Guest House,knn,knn,1.0
PRRF20250413575,1 to 2 Family,Reroof,Alteration/Remodel,50700,0,1,Res.1&2 or Guest House,Res.1&2 or Guest House,10000_99999,1,zero,Res.1&2 or Guest House,Res.1&2 or Guest House,0,,not_applicable,knn,
PRRF20250413600,1 to 2 Family,Reroof,Alteration/Remodel,7524,0,1,Res.1&2 or Guest House,Res.1&2 or Guest House,1000_9999,1,zero,Res.1&2 or Guest House,Res.1&2 or Guest House,0,,not_applicable,knn,
PRRF20250413601,1 to 2 Family,Reroof,Alteration/Remodel,44970,0,1,Res.1&2 or Guest House,Res.1&2 or Guest House,10000_99999,1,zero,Res.1&2 or Guest House,Res.1&2 or Guest House,0,,not_applicable,knn,
PRRF20250413606,1 to 2 Family,Reroof,Alteration/Remodel,7980,0,1,Res.1&2 or Guest House,Res.1&2 or Guest House,1000_9999,1,zero,Res.1&2 or Guest House,Res.1&2 or Guest House,0,,not_applicable,knn,
PRRF20250413608,Commercial,Reroof,Alteration/Remodel,183969,0,1,Residential-Multi-Family,Residential-Multi-Family,100000_plus,1,zero,Residential-Multi-Family,Residential-Multi-Family,0,,not_applicable,knn,
PRRF20250413611,1 to 2 Family,Reroof,Alteration/Remodel,52500,0,1,Res.1&2 or Guest House,Res.1&2 or Guest House,10000_99999,1,zero,Res.1&2 or Guest House,,1,Res.1&2 or Guest House,knn,knn,1.0
PRRF20250413628,1 to 2 Family,Reroof,Alteration/Remodel,12500,0,1,Res.1&2 or Guest House,Res.1&2 or Guest House,10000_99999,1,zero,Res.1&2 or Guest House,,1,Res.1&2 or Guest House,knn,knn,1.0
PRRF20250413654,1 to 2 Family,Reroof,Alteration/Remodel,32969,0,1,Res.1&2 or Guest House,Res.1&2 or Guest House,10000_99999,1,zero,Res.1&2 or Guest House,Res.1&2 or Guest House,0,,not_applicable,knn,
PRRF20250413658,Commercial,Reroof,Alteration/Remodel,1000,0,1,Residential-Multi-Family,Residential-Multi-Family,1000_9999,1,zero,Residential-Multi-Family,Residential-Multi-Family,0,,not_applicable,knn,
PRRF20250413668,Commercial,Reroof,Alteration/Remodel,1000,0,1,Residential-Multi-Family,Residential-Multi-Family,1000_9999,1,zero,Residential-Multi-Family,Residential-Multi-Family,0,,not_applicable,knn,
PRRF20250413673,Commercial,Reroof,Alteration/Remodel,1000,0,1,Not Identified,,1000_9999,1,zero,,,0,,not_applicable,knn,
PRRF20250413675,Commercial,Reroof,Alteration/Remodel,178990,0,1,Residential-Multi-Family,Residential-Multi-Family,100000_plus,1,zero,Residential-Multi-Family,Residential-Multi-Family,0,,not_applicable,knn,
PRRF20250413679,1 to 2 Family,Reroof,Alteration/Remodel,50000,0,1,Res.1&2 or Guest House,Res.1&2 or Guest House,10000_99999,1,zero,Res.1&2 or Guest House,Res.1&2 or Guest House,0,,not_applicable,knn,
PRRF20250413685,1 to 2 Family,Reroof,Alteration/Remodel,15500,0,1,Res.1&2 or Guest House,Res.1&2 or Guest House,10000_99999,1,zero,Res.1&2 or Guest House,Res.1&2 or Guest House,0,,not_applicable,knn,
PRRF20250413724,Commercial,Reroof,Alteration/Remodel,12234.5,0,1,Residential-Multi-Family,Residential-Multi-Family,10000_99999,1,zero,Residential-Multi-Family,,1,Residential-Multi-Family,knn,knn,1.0
PRRF20250413729,1 to 2 Family,Reroof,Alteration/Remodel,23940,0,1,Res.1&2 or Guest House,Res.1&2 or Guest House,10000_99999,1,zero,Res.1&2 or Guest House,Res.1&2 or Guest House,0,,not_applicable,knn,
PRRF20250413730,Commercial,Reroof,Alteration/Remodel,12234.5,0,1,Residential-Multi-Family,Residential-Multi-Family,10000_99999,1,zero,Residential-Multi-Family,Residential-Multi-Family,0,,not_applicable,knn,
PRRF20250413731,1 to 2 Family,Reroof,Alteration/Remodel,14850,0,1,Res.1&2 or Guest House,Res.1&2 or Guest House,10000_99999,1,zero,Res.1&2 or Guest House,Res.1&2 or Guest House,0,,not_applicable,knn,
PRRF20250413799,1 to 2 Family,Reroof,Alteration/Remodel,102940,0,1,Res.1&2 or Guest House,Res.1&2 or Guest House,100000_plus,1,zero,Res.1&2 or Guest House,Res.1&2 or Guest House,0,,not_applicable,knn,
PRRF20250413853,1 to 2 Family,Reroof,Alteration/Remodel,65577,0,1,Res.1&2 or Guest House,Res.1&2 or Guest House,10000_99999,1,zero,Res.1&2 or Guest House,Res.1&2 or Guest House,0,,not_applicable,knn,
PRRF20250413872,1 to 2 Family,Reroof,Alteration/Remodel,45000,0,1,Res.1&2 or Guest House,Res.1&2 or Guest House,10000_99999,1,zero,Res.1&2 or Guest House,Res.1&2 or Guest House,0,,not_applicable,knn,
PRRF20250413880,1 to 2 Family,Reroof,Alteration/Remodel,65063.47,0,1,Res.1&2 or Guest House,Res.1&2 or Guest House,10000_99999,1,zero,Res.1&2 or Guest House,Res.1&2 or Guest House,0,,not_applicable,knn,
PRRF20250413898,1 to 2 Family,Reroof,Alteration/Remodel,60000,0,1,Res.1&2 or Guest House,Res.1&2 or Guest House,10000_99999,1,zero,Res.1&2 or Guest House,Res.1&2 or Guest House,0,,not_applicable,knn,
PRRF20250413903,1 to 2 Family,Reroof,Alteration/Remodel,24500,0,1,Res.1&2 or Guest House,Res.1&2 or Guest House,10000_99999,1,zero,Res.1&2 or Guest House,Res.1&2 or Guest House,0,,not_applicable,knn,
PRRF20250413903,1 to 2 Family,Revision - Building,Alteration/Remodel,1,0,0,Res.1&2 or Guest House,Res.1&2 or Guest House,le_1,0,zero,Res.1&2 or Guest House,Res.1&2 or Guest House,0,,not_applicable,knn,
PRRF20250413912,1 to 2 Family,Reroof,Alteration/Remodel,35900,0,1,Res.1&2 or Guest House,Res.1&2 or Guest House,10000_99999,1,zero,Res.1&2 or Guest House,Res.1&2 or Guest House,0,,not_applicable,knn,
PRRF20250413922,Commercial,Reroof,Alteration/Remodel,395000,0,1,Commercial,Commercial,100000_plus,1,zero,Commercial,Commercial,0,,not_applicable,knn,
PRRF20250413927,1 to 2 Family,Reroof,Alteration/Remodel,59967.92,0,1,Res.1&2 or Guest House,Res.1&2 or Guest House,10000_99999,1,zero,Res.1&2 or Guest House,,1,Res.1&2 or Guest House,knn,knn,1.0
PRRF20250413928,1 to 2 Family,Reroof,Alteration/Remodel,13240.5,0,1,Res.1&2 or Guest House,Res.1&2 or Guest House,10000_99999,1,zero,Res.1&2 or Guest House,,1,Res.1&2 or Guest House,knn,knn,1.0
PRRF20250413950,1 to 2 Family,Reroof,Alteration/Remodel,42000,0,1,Res.1&2 or Guest House,Res.1&2 or Guest House,10000_99999,1,zero,Res.1&2 or Guest House,,1,Res.1&2 or Guest House,knn,knn,1.0
PRRF20250413951,Commercial,Reroof,Alteration/Remodel,12000,0,1,Not Identified,,10000_99999,1,zero,,,0,,not_applicable,knn,
PRRF20250413966,1 to 2 Family,Reroof,Alteration/Remodel,19350,0,1,Res.1&2 or Guest House,Res.1&2 or Guest House,10000_99999,1,zero,Res.1&2 or Guest House,Res.1&2 or Guest House,0,,not_applicable,knn,
PRRF20250413974,Commercial,Reroof,Alteration/Remodel,30000,0,1,Not Identified,,10000_99999,1,zero,,,0,,not_applicable,knn,
PRRF20250413986,1 to 2 Family,Reroof,Alteration/Remodel,34447,0,1,Res.1&2 or Guest House,Res.1&2 or Guest House,10000_99999,1,zero,Res.1&2 or Guest House,,1,Res.1&2 or Guest House,knn,knn,1.0
PRRF20250413987,1 to 2 Family,Reroof,Alteration/Remodel,82750,0,1,Res.1&2 or Guest House,Res.1&2 or Guest House,10000_99999,1,zero,Res.1&2 or Guest House,Res.1&2 or Guest House,0,,not_applicable,knn,
PRRF20250413990,1 to 2 Family,Reroof,Alteration/Remodel,12600,0,1,Res.1&2 or Guest House,Res.1&2 or Guest House,10000_99999,1,zero,Res.1&2 or Guest House,Res.1&2 or Guest House,0,,not_applicable,knn,
PRRF20250413996,1 to 2 Family,Reroof,Alteration/Remodel,77800,0,1,Res.1&2 or Guest House,Res.1&2 or Guest House,10000_99999,1,zero,Res.1&2 or Guest House,Res.1&2 or Guest House,0,,not_applicable,knn,
PRRF20250414009,1 to 2 Family,Reroof,Alteration/Remodel,19500,0,1,Res.1&2 or Guest House,Res.1&2 or Guest House,10000_99999,1,zero,Res.1&2 or Guest House,Res.1&2 or Guest House,0,,not_applicable,knn,
PRRF20250414012,1 to 2 Family,Reroof,Alteration/Remodel,21000,0,1,Res.1&2 or Guest House,Res.1&2 or Guest House,10000_99999,1,zero,Res.1&2 or Guest House,Res.1&2 or Guest House,0,,not_applicable,knn,
PRRF20250414064,1 to 2 Family,Reroof,Alteration/Remodel,17345,0,1,Res.1&2 or Guest House,Res.1&2 or Guest House,10000_99999,1,zero,Res.1&2 or Guest House,Res.1&2 or Guest House,0,,not_applicable,knn,
PRRF20250414075,1 to 2 Family,Reroof,Alteration/Remodel,39000,0,1,Res.1&2 or Guest House,Res.1&2 or Guest House,10000_99999,1,zero,Res.1&2 or Guest House,Res.1&2 or Guest House,0,,not_applicable,knn,
PRRF20250414103,1 to 2 Family,Reroof,Alteration/Remodel,15960,0,1,Res.1&2 or Guest House,Res.1&2 or Guest House,10000_99999,1,zero,Res.1&2 or Guest House,,1,Res.1&2 or Guest House,knn,knn,1.0
PRRF20250414110,1 to 2 Family,Reroof,Alteration/Remodel,75090,0,1,Res.1&2 or Guest House,Res.1&2 or Guest House,10000_99999,1,zero,Res.1&2 or Guest House,Res.1&2 or Guest House,0,,not_applicable,knn,
PRRF20250414122,1 to 2 Family,Reroof,Alteration/Remodel,7480,0,1,Res.1&2 or Guest House,Res.1&2 or Guest House,1000_9999,1,zero,Res.1&2 or Guest House,Res.1&2 or Guest House,0,,not_applicable,knn,
PRRF20250414155,1 to 2 Family,Reroof,Alteration/Remodel,25000,0,1,Res.1&2 or Guest House,Res.1&2 or Guest House,10000_99999,1,zero,Res.1&2 or Guest House,Res.1&2 or Guest House,0,,not_applicable,knn,
PRRF20250414167,1 to 2 Family,Reroof,Alteration/Remodel,32100,0,1,Res.1&2 or Guest House,Res.1&2 or Guest House,10000_99999,1,zero,Res.1&2 or Guest House,Res.1&2 or Guest House,0,,not_applicable,knn,
PRRF20250414229,1 to 2 Family,Reroof,Alteration/Remodel,11000,0,1,Res.1&2 or Guest House,Res.1&2 or Guest House,10000_99999,1,zero,Res.1&2 or Guest House,,1,Res.1&2 or Guest House,knn,knn,1.0
PRRF20250414249,1 to 2 Family,Reroof,Alteration/Remodel,83746,0,1,Res.1&2 or Guest House,Res.1&2 or Guest House,10000_99999,1,zero,Res.1&2 or Guest House,Res.1&2 or Guest House,0,,not_applicable,knn,
PRRF20250414261,1 to 2 Family,Reroof,Alteration/Remodel,15000,0,1,Res.1&2 or Guest House,Res.1&2 or Guest House,10000_99999,1,zero,Res.1&2 or Guest House,,1,Res.1&2 or Guest House,knn,knn,1.0
PRRF20250414274,1 to 2 Family,Reroof,Alteration/Remodel,153320,0,1,Res.1&2 or Guest House,Res.1&2 or Guest House,100000_plus,1,zero,Res.1&2 or Guest House,Res.1&2 or Guest House,0,,not_applicable,knn,
PRRF20250414282,1 to 2 Family,Reroof,Alteration/Remodel,93500,0,1,Res.1&2 or Guest House,Res.1&2 or Guest House,10000_99999,1,zero,Res.1&2 or Guest House,Res.1&2 or Guest House,0,,not_applicable,knn,
PRRF20250414283,1 to 2 Family,Reroof,Alteration/Remodel,33000,0,1,Res.1&2 or Guest House,Res.1&2 or Guest House,10000_99999,1,zero,Res.1&2 or Guest House,,1,Res.1&2 or Guest House,knn,knn,1.0
PRRF20250414290,1 to 2 Family,Reroof,Alteration/Remodel,16953,0,1,Res.1&2 or Guest House,Res.1&2 or Guest House,10000_99999,1,zero,Res.1&2 or Guest House,,1,Res.1&2 or Guest House,knn,knn,1.0
PRRF20250414293,1 to 2 Family,Reroof,Alteration/Remodel,17825,0,1,Res.1&2 or Guest House,Res.1&2 or Guest House,10000_99999,1,zero,Res.1&2 or Guest House,,1,Res.1&2 or Guest House,knn,knn,1.0
PRRF20250414321,1 to 2 Family,Reroof,Alteration/Remodel,43638.63,0,1,Res.1&2 or Guest House,Res.1&2 or Guest House,10000_99999,1,zero,Res.1&2 or Guest House,Res.1&2 or Guest House,0,,not_applicable,knn,
PRRF20250414368,1 to 2 Family,Reroof,Alteration/Remodel,7740,0,1,Res.1&2 or Guest House,Res.1&2 or Guest House,1000_9999,1,zero,Res.1&2 or Guest House,,1,Res.1&2 or Guest House,knn,knn,1.0
PRRF20250414374,1 to 2 Family,Reroof,Alteration/Remodel,80750,0,1,Res.1&2 or Guest House,Res.1&2 or Guest House,10000_99999,1,zero,Res.1&2 or Guest House,Res.1&2 or Guest House,0,,not_applicable,knn,
PRRF20250414415,1 to 2 Family,Reroof,Alteration/Remodel,19000,0,1,Res.1&2 or Guest House,Res.1&2 or Guest House,10000_99999,1,zero,Res.1&2 or Guest House,Res.1&2 or Guest House,0,,not_applicable,knn,
PRRF20250414416,1 to 2 Family,Reroof,Alteration/Remodel,29131,0,1,Res.1&2 or Guest House,Res.1&2 or Guest House,10000_99999,1,zero,Res.1&2 or Guest House,Res.1&2 or Guest House,0,,not_applicable,knn,
PRRF20250414455,1 to 2 Family,Reroof,Alteration/Remodel,16500,0,1,Res.1&2 or Guest House,Res.1&2 or Guest House,10000_99999,1,zero,Res.1&2 or Guest House,Res.1&2 or Guest House,0,,not_applicable,knn,
PRRF20250414481,1 to 2 Family,Reroof,Alteration/Remodel,14833,0,1,Res.1&2 or Guest House,Res.1&2 or Guest House,10000_99999,1,zero,Res.1&2 or Guest House,Res.1&2 or Guest House,0,,not_applicable,knn,
PRRF20250414483,1 to 2 Family,Reroof,Alteration/Remodel,31200,0,1,Res.1&2 or Guest House,Res.1&2 or Guest House,10000_99999,1,zero,Res.1&2 or Guest House,Res.1&2 or Guest House,0,,not_applicable,knn,
PRRF20250414500,1 to 2 Family,Reroof,Alteration/Remodel,21000,0,1,Res.1&2 or Guest House,Res.1&2 or Guest House,10000_99999,1,zero,Res.1&2 or Guest House,Res.1&2 or Guest House,0,,not_applicable,knn,
PRRF20250414595,Commercial,Reroof,Alteration/Remodel,4000,0,1,Not Identified,,1000_9999,1,zero,,,0,,not_applicable,knn,
PRRF20250414611,1 to 2 Family,Reroof,Alteration/Remodel,72150,0,1,Res.1&2 or Guest House,Res.1&2 or Guest House,10000_99999,1,zero,Res.1&2 or Guest House,,1,Res.1&2 or Guest House,knn,knn,1.0
PRRF20250414621,1 to 2 Family,Reroof,Alteration/Remodel,14950,0,1,Res.1&2 or Guest House,Res.1&2 or Guest House,10000_99999,1,zero,Res.1&2 or Guest House,Res.1&2 or Guest House,0,,not_applicable,knn,
PRRF20250414633,1 to 2 Family,Reroof,Alteration/Remodel,3711,0,1,Res.1&2 or Guest House,Res.1&2 or Guest House,1000_9999,1,zero,Res.1&2 or Guest House,Res.1&2 or Guest House,0,,not_applicable,knn,
PRRF20250414645,1 to 2 Family,Reroof,Alteration/Remodel,25250,0,1,Res.1&2 or Guest House,Res.1&2 or Guest House,10000_99999,1,zero,Res.1&2 or Guest House,Res.1&2 or Guest House,0,,not_applicable,knn,
PRRF20250414651,1 to 2 Family,Revision - Building,Alteration/Remodel,750,0,0,Res.1&2 or Guest House,Res.1&2 or Guest House,2_999,0,zero,Res.1&2 or Guest House,Res.1&2 or Guest House,0,,not_applicable,knn,
PRRF20250414651,1 to 2 Family,Reroof,Alteration/Remodel,47365.08,0,1,Res.1&2 or Guest House,Res.1&2 or Guest House,10000_99999,1,zero,Res.1&2 or Guest House,Res.1&2 or Guest House,0,,not_applicable,knn,
PRRF20250414692,1 to 2 Family,Reroof,Alteration/Remodel,12000,0,1,Res.1&2 or Guest House,Res.1&2 or Guest House,10000_99999,1,zero,Res.1&2 or Guest House,Res.1&2 or Guest House,0,,not_applicable,knn,
PRRF20250414719,1 to 2 Family,Reroof,Alteration/Remodel,17850,0,1,Res.1&2 or Guest House,Res.1&2 or Guest House,10000_99999,1,zero,Res.1&2 or Guest House,,1,Res.1&2 or Guest House,knn,knn,1.0
PRRF20250414740,1 to 2 Family,Reroof,Alteration/Remodel,63610,0,1,Res.1&2 or Guest House,Res.1&2 or Guest House,10000_99999,1,zero,Res.1&2 or Guest House,Res.1&2 or Guest House,0,,not_applicable,knn,
PRRF20250414783,1 to 2 Family,Reroof,Alteration/Remodel,9800,0,1,Res.1&2 or Guest House,Res.1&2 or Guest House,1000_9999,1,zero,Res.1&2 or Guest House,Res.1&2 or Guest House,0,,not_applicable,knn,
PRRF20250414800,1 to 2 Family,Reroof,Alteration/Remodel,37100,0,1,Res.1&2 or Guest House,Res.1&2 or Guest House,10000_99999,1,zero,Res.1&2 or Guest House,Res.1&2 or Guest House,0,,not_applicable,knn,
PRRF20250414831,1 to 2 Family,Reroof,Alteration/Remodel,69240,0,1,Res.1&2 or Guest House,Res.1&2 or Guest House,10000_99999,1,zero,Res.1&2 or Guest House,Res.1&2 or Guest House,0,,not_applicable,knn,
PRRF20250414839,1 to 2 Family,Reroof,Alteration/Remodel,9200,0,1,Res.1&2 or Guest House,Res.1&2 or Guest House,1000_9999,1,zero,Res.1&2 or Guest House,Res.1&2 or Guest House,0,,not_applicable,knn,
PRRF20250414875,1 to 2 Family,Reroof,Alteration/Remodel,33860,0,1,Res.1&2 or Guest House,Res.1&2 or Guest House,10000_99999,1,zero,Res.1&2 or Guest House,,1,Res.1&2 or Guest House,knn,knn,1.0
PRRF20250414920,Commercial,Reroof,Alteration/Remodel,1500,0,1,Residential-Multi-Family,Residential-Multi-Family,1000_9999,1,zero,Residential-Multi-Family,Residential-Multi-Family,0,,not_applicable,knn,
PRRF20250414922,1 to 2 Family,Reroof,Alteration/Remodel,21099.26,0,1,Res.1&2 or Guest House,Res.1&2 or Guest House,10000_99999,1,zero,Res.1&2 or Guest House,Res.1&2 or Guest House,0,,not_applicable,knn,
PRRF20250414959,1 to 2 Family,Reroof,Alteration/Remodel,28000,0,1,Res.1&2 or Guest House,Res.1&2 or Guest House,10000_99999,1,zero,Res.1&2 or Guest House,,1,Res.1&2 or Guest House,knn,knn,1.0
PRRF20250414967,1 to 2 Family,Reroof,Alteration/Remodel,29588.27,0,1,Res.1&2 or Guest House,Res.1&2 or Guest House,10000_99999,1,zero,Res.1&2 or Guest House,Res.1&2 or Guest House,0,,not_applicable,knn,
PRRF20250415006,Commercial,Reroof,Alteration/Remodel,18185,0,1,Residential-Multi-Family,Residential-Multi-Family,10000_99999,1,zero,Residential-Multi-Family,Residential-Multi-Family,0,,not_applicable,knn,
PRRF20250415034,1 to 2 Family,Reroof,Alteration/Remodel,39140,0,1,Res.1&2 or Guest House,Res.1&2 or Guest House,10000_99999,1,zero,Res.1&2 or Guest House,,1,Res.1&2 or Guest House,knn,knn,1.0
PRRF20250415046,1 to 2 Family,Reroof,Alteration/Remodel,55000,0,1,Res.1&2 or Guest House,Res.1&2 or Guest House,10000_99999,1,zero,Res.1&2 or Guest House,Res.1&2 or Guest House,0,,not_applicable,knn,
PRRF20250415061,1 to 2 Family,Reroof,Alteration/Remodel,17200,0,1,Res.1&2 or Guest House,Res.1&2 or Guest House,10000_99999,1,zero,Res.1&2 or Guest House,,1,Res.1&2 or Guest House,knn,knn,1.0
PRRF20250415069,1 to 2 Family,Reroof,Alteration/Remodel,20000,0,1,Res.1&2 or Guest House,Res.1&2 or Guest House,10000_99999,1,zero,Res.1&2 or Guest House,Res.1&2 or Guest House,0,,not_applicable,knn,
PRRF20250415080,1 to 2 Family,Reroof,Alteration/Remodel,15520,0,1,Res.1&2 or Guest House,Res.1&2 or Guest House,10000_99999,1,zero,Res.1&2 or Guest House,Res.1&2 or Guest House,0,,not_applicable,knn,
PRRF20250415112,Commercial,Reroof,Alteration/Remodel,395873.73,0,1,Residential-Multi-Family,Residential-Multi-Family,100000_plus,1,zero,Residential-Multi-Family,Residential-Multi-Family,0,,not_applicable,knn,
PRRF20250415125,1 to 2 Family,Reroof,Alteration/Remodel,119500,0,1,Res.1&2 or Guest House,Res.1&2 or Guest House,100000_plus,1,zero,Res.1&2 or Guest House,Res.1&2 or Guest House,0,,not_applicable,knn,
PRRF20250415127,1 to 2 Family,Reroof,Alteration/Remodel,28400,0,1,Res.1&2 or Guest House,Res.1&2 or Guest House,10000_99999,1,zero,Res.1&2 or Guest House,Res.1&2 or Guest House,0,,not_applicable,knn,
PRRF20250415197,1 to 2 Family,Reroof,Alteration/Remodel,51600,0,1,Res.1&2 or Guest House,Res.1&2 or Guest House,10000_99999,1,zero,Res.1&2 or Guest House,,1,Res.1&2 or Guest House,knn,knn,1.0
PRRF20250415198,1 to 2 Family,Reroof,Alteration/Remodel,83900,0,1,Res.1&2 or Guest House,Res.1&2 or Guest House,10000_99999,1,zero,Res.1&2 or Guest House,Res.1&2 or Guest House,0,,not_applicable,knn,
PRRF20250415201,1 to 2 Family,Reroof,Alteration/Remodel,143500,0,1,Res.1&2 or Guest House,Res.1&2 or Guest House,100000_plus,1,zero,Res.1&2 or Guest House,Res.1&2 or Guest House,0,,not_applicable,knn,
PRRF20250415202,1 to 2 Family,Reroof,Alteration/Remodel,54000,0,1,Res.1&2 or Guest House,Res.1&2 or Guest House,10000_99999,1,zero,Res.1&2 or Guest House,Res.1&2 or Guest House,0,,not_applicable,knn,
PRRF20250415206,1 to 2 Family,Reroof,Alteration/Remodel,22050,0,1,Res.1&2 or Guest House,Res.1&2 or Guest House,10000_99999,1,zero,Res.1&2 or Guest House,Res.1&2 or Guest House,0,,not_applicable,knn,
PRRF20250415279,1 to 2 Family,Reroof,Alteration/Remodel,16821,0,1,Res.1&2 or Guest House,Res.1&2 or Guest House,10000_99999,1,zero,Res.1&2 or Guest House,Res.1&2 or Guest House,0,,not_applicable,knn,
PRRF20250415307,1 to 2 Family,Reroof,Alteration/Remodel,20765,0,1,Res.1&2 or Guest House,Res.1&2 or Guest House,10000_99999,1,zero,Res.1&2 or Guest House,Res.1&2 or Guest House,0,,not_applicable,knn,
PRRF20250415330,1 to 2 Family,Reroof,Alteration/Remodel,19800,0,1,Res.1&2 or Guest House,Res.1&2 or Guest House,10000_99999,1,zero,Res.1&2 or Guest House,Res.1&2 or Guest House,0,,not_applicable,knn,
PRRF20250415395,1 to 2 Family,Reroof,Alteration/Remodel,24415,0,1,Res.1&2 or Guest House,Res.1&2 or Guest House,10000_99999,1,zero,Res.1&2 or Guest House,Res.1&2 or Guest House,0,,not_applicable,knn,
PRRF20250415405,Commercial,Reroof,Alteration/Remodel,49520,0,1,Residential-Multi-Family,Residential-Multi-Family,10000_99999,1,zero,Residential-Multi-Family,,1,Residential-Multi-Family,knn,knn,1.0
PRRF20250415430,1 to 2 Family,Reroof,Alteration/Remodel,41600,0,1,Res.1&2 or Guest House,Res.1&2 or Guest House,10000_99999,1,zero,Res.1&2 or Guest House,Res.1&2 or Guest House,0,,not_applicable,knn,
PRRF20250415442,1 to 2 Family,Reroof,Alteration/Remodel,72339,0,1,Res.1&2 or Guest House,Res.1&2 or Guest House,10000_99999,1,zero,Res.1&2 or Guest House,Res.1&2 or Guest House,0,,not_applicable,knn,
PRRF20250415461,1 to 2 Family,Reroof,Alteration/Remodel,50829,0,1,Res.1&2 or Guest House,Res.1&2 or Guest House,10000_99999,1,zero,Res.1&2 or Guest House,Res.1&2 or Guest House,0,,not_applicable,knn,
PRRF20250415475,1 to 2 Family,Reroof,Alteration/Remodel,29800,0,1,Res.1&2 or Guest House,Res.1&2 or Guest House,10000_99999,1,zero,Res.1&2 or Guest House,,1,Res.1&2 or Guest House,knn,knn,1.0
PRRF20250415486,1 to 2 Family,Reroof,Alteration/Remodel,45496.98,0,1,Res.1&2 or Guest House,Res.1&2 or Guest House,10000_99999,1,zero,Res.1&2 or Guest House,Res.1&2 or Guest House,0,,not_applicable,knn,
PRRF20250415494,1 to 2 Family,Reroof,Alteration/Remodel,32680,0,1,Res.1&2 or Guest House,Res.1&2 or Guest House,10000_99999,1,zero,Res.1&2 or Guest House,Res.1&2 or Guest House,0,,not_applicable,knn,
PRRF20250415518,1 to 2 Family,Reroof,Alteration/Remodel,16800,0,1,Res.1&2 or Guest House,Res.1&2 or Guest House,10000_99999,1,zero,Res.1&2 or Guest House,Res.1&2 or Guest House,0,,not_applicable,knn,
PRRF20250415545,1 to 2 Family,Reroof,Alteration/Remodel,6145,0,1,Res.1&2 or Guest House,Res.1&2 or Guest House,1000_9999,1,zero,Res.1&2 or Guest House,Res.1&2 or Guest House,0,,not_applicable,knn,
PRRF20250415554,1 to 2 Family,Reroof,Alteration/Remodel,19543,0,1,Res.1&2 or Guest House,Res.1&2 or Guest House,10000_99999,1,zero,Res.1&2 or Guest House,,1,Res.1&2 or Guest House,knn,knn,1.0
PRRF20250415558,1 to 2 Family,Reroof,Alteration/Remodel,41000,0,1,Res.1&2 or Guest House,Res.1&2 or Guest House,10000_99999,1,zero,Res.1&2 or Guest House,Res.1&2 or Guest House,0,,not_applicable,knn,
PRRF20250415576,1 to 2 Family,Reroof,Alteration/Remodel,9500,0,1,Not Identified,,1000_9999,1,zero,,,0,,not_applicable,knn,
PRRF20250415582,1 to 2 Family,Reroof,Alteration/Remodel,11000,0,1,Res.1&2 or Guest House,Res.1&2 or Guest House,10000_99999,1,zero,Res.1&2 or Guest House,Res.1&2 or Guest House,0,,not_applicable,knn,
PRRF20250415649,1 to 2 Family,Reroof,Alteration/Remodel,24750,0,0,Not Identified,,10000_99999,0,zero,,,0,,not_applicable,knn,
PRRF20250415654,1 to 2 Family,Reroof,Alteration/Remodel,24750,0,1,Res.1&2 or Guest House,Res.1&2 or Guest House,10000_99999,1,zero,Res.1&2 or Guest House,,1,Res.1&2 or Guest House,knn,knn,1.0
PRRF20250415663,1 to 2 Family,Reroof,Alteration/Remodel,67806,0,1,Res.1&2 or Guest House,Res.1&2 or Guest House,10000_99999,1,zero,Res.1&2 or Guest House,Res.1&2 or Guest House,0,,not_applicable,knn,
PRRF20250415669,1 to 2 Family,Reroof,Alteration/Remodel,41500,0,1,Res.1&2 or Guest House,Res.1&2 or Guest House,10000_99999,1,zero,Res.1&2 or Guest House,Res.1&2 or Guest House,0,,not_applicable,knn,
PRRF20250415682,1 to 2 Family,Reroof,Alteration/Remodel,47800,0,1,Res.1&2 or Guest House,Res.1&2 or Guest House,10000_99999,1,zero,Res.1&2 or Guest House,Res.1&2 or Guest House,0,,not_applicable,knn,
PRRF20250415698,Commercial,Reroof,Alteration/Remodel,13619,0,1,Residential-Multi-Family,Residential-Multi-Family,10000_99999,1,zero,Residential-Multi-Family,Residential-Multi-Family,0,,not_applicable,knn,
PRRF20250415727,1 to 2 Family,Reroof,Alteration/Remodel,14000,0,1,Res.1&2 or Guest House,Res.1&2 or Guest House,10000_99999,1,zero,Res.1&2 or Guest House,Res.1&2 or Guest House,0,,not_applicable,knn,
PRRF20250415729,1 to 2 Family,Reroof,Alteration/Remodel,25680,0,1,Not Identified,,10000_99999,1,zero,,,0,,not_applicable,knn,
PRRF20250415734,1 to 2 Family,Reroof,Alteration/Remodel,51102,0,1,Res.1&2 or Guest House,Res.1&2 or Guest House,10000_99999,1,zero,Res.1&2 or Guest House,Res.1&2 or Guest House,0,,not_applicable,knn,
PRRF20250415757,1 to 2 Family,Reroof,Alteration/Remodel,14500,0,1,Res.1&2 or Guest House,Res.1&2 or Guest House,10000_99999,1,zero,Res.1&2 or Guest House,Res.1&2 or Guest House,0,,not_applicable,knn,
PRRF20250415784,1 to 2 Family,Reroof,Alteration/Remodel,13350,0,1,Res.1&2 or Guest House,Res.1&2 or Guest House,10000_99999,1,zero,Res.1&2 or Guest House,,1,Res.1&2 or Guest House,knn,knn,1.0
PRRF20250415795,1 to 2 Family,Reroof,Alteration/Remodel,20900,0,1,Res.1&2 or Guest House,Res.1&2 or Guest House,10000_99999,1,zero,Res.1&2 or Guest House,Res.1&2 or Guest House,0,,not_applicable,knn,
PRRF20250415796,1 to 2 Family,Reroof,Alteration/Remodel,51500,0,1,Res.1&2 or Guest House,Res.1&2 or Guest House,10000_99999,1,zero,Res.1&2 or Guest House,Res.1&2 or Guest House,0,,not_applicable,knn,
PRRF20250415807,1 to 2 Family,Reroof,Alteration/Remodel,59800,0,1,Res.1&2 or Guest House,Res.1&2 or Guest House,10000_99999,1,zero,Res.1&2 or Guest House,Res.1&2 or Guest House,0,,not_applicable,knn,
PRRF20250415820,1 to 2 Family,Reroof,Alteration/Remodel,1500,0,1,Res.1&2 or Guest House,Res.1&2 or Guest House,1000_9999,1,zero,Res.1&2 or Guest House,Res.1&2 or Guest House,0,,not_applicable,knn,
PRRF20250415876,1 to 2 Family,Reroof,Alteration/Remodel,74346,0,1,Res.1&2 or Guest House,Res.1&2 or Guest House,10000_99999,1,zero,Res.1&2 or Guest House,Res.1&2 or Guest House,0,,not_applicable,knn,
PRRF20250415922,1 to 2 Family,Reroof,Alteration/Remodel,17900,0,1,Res.1&2 or Guest House,Res.1&2 or Guest House,10000_99999,1,zero,Res.1&2 or Guest House,Res.1&2 or Guest House,0,,not_applicable,knn,
PRRF20250415934,1 to 2 Family,Reroof,Alteration/Remodel,9000,0,1,Res.1&2 or Guest House,Res.1&2 or Guest House,1000_9999,1,zero,Res.1&2 or Guest House,Res.1&2 or Guest House,0,,not_applicable,knn,
PRRF20250415941,1 to 2 Family,Reroof,Alteration/Remodel,106050,0,1,Res.1&2 or Guest House,Res.1&2 or Guest House,100000_plus,1,zero,Res.1&2 or Guest House,Res.1&2 or Guest House,0,,not_applicable,knn,
PRRF20250415951,1 to 2 Family,Reroof,Alteration/Remodel,94000,0,1,Res.1&2 or Guest House,Res.1&2 or Guest House,10000_99999,1,zero,Res.1&2 or Guest House,Res.1&2 or Guest House,0,,not_applicable,knn,
PRRF20250415965,1 to 2 Family,Reroof,Alteration/Remodel,68515,0,1,Res.1&2 or Guest House,Res.1&2 or Guest House,10000_99999,1,zero,Res.1&2 or Guest House,Res.1&2 or Guest House,0,,not_applicable,knn,
PRRF20250415981,1 to 2 Family,Reroof,Alteration/Remodel,92000,0,1,Res.1&2 or Guest House,Res.1&2 or Guest House,10000_99999,1,zero,Res.1&2 or Guest House,Res.1&2 or Guest House,0,,not_applicable,knn,
PRRF20250416072,1 to 2 Family,Reroof,Alteration/Remodel,11500,0,1,Res.1&2 or Guest House,Res.1&2 or Guest House,10000_99999,1,zero,Res.1&2 or Guest House,,1,Res.1&2 or Guest House,knn,knn,1.0
PRRF20250416085,1 to 2 Family,Reroof,Alteration/Remodel,25000,0,1,Res.1&2 or Guest House,Res.1&2 or Guest House,10000_99999,1,zero,Res.1&2 or Guest House,Res.1&2 or Guest House,0,,not_applicable,knn,
PRRF20250416113,1 to 2 Family,Reroof,Alteration/Remodel,16400,0,1,Res.1&2 or Guest House,Res.1&2 or Guest House,10000_99999,1,zero,Res.1&2 or Guest House,Res.1&2 or Guest House,0,,not_applicable,knn,
PRRF20250416118,1 to 2 Family,Reroof,Alteration/Remodel,44000,0,1,Res.1&2 or Guest House,Res.1&2 or Guest House,10000_99999,1,zero,Res.1&2 or Guest House,,1,Res.1&2 or Guest House,knn,knn,1.0
PRRF20250416119,1 to 2 Family,Reroof,Alteration/Remodel,13500,0,1,Res.1&2 or Guest House,Res.1&2 or Guest House,10000_99999,1,zero,Res.1&2 or Guest House,,1,Res.1&2 or Guest House,knn,knn,1.0
PRRF20250416122,1 to 2 Family,Reroof,Alteration/Remodel,135125,0,1,Res.1&2 or Guest House,Res.1&2 or Guest House,100000_plus,1,zero,Res.1&2 or Guest House,,1,Res.1&2 or Guest House,knn,knn,1.0
PRRF20250416138,1 to 2 Family,Reroof,Alteration/Remodel,21000,0,1,Res.1&2 or Guest House,Res.1&2 or Guest House,10000_99999,1,zero,Res.1&2 or Guest House,Res.1&2 or Guest House,0,,not_applicable,knn,
PRRF20250416149,1 to 2 Family,Reroof,Alteration/Remodel,3825,0,1,Res.1&2 or Guest House,Res.1&2 or Guest House,1000_9999,1,zero,Res.1&2 or Guest House,Res.1&2 or Guest House,0,,not_applicable,knn,
PRRF20250416175,1 to 2 Family,Reroof,Alteration/Remodel,92000,0,1,Res.1&2 or Guest House,Res.1&2 or Guest House,10000_99999,1,zero,Res.1&2 or Guest House,Res.1&2 or Guest House,0,,not_applicable,knn,
PRRF20250416311,1 to 2 Family,Reroof,Alteration/Remodel,8400,0,1,Res.1&2 or Guest House,Res.1&2 or Guest House,1000_9999,1,zero,Res.1&2 or Guest House,,1,Res.1&2 or Guest House,knn,knn,1.0
PRRF20250416318,1 to 2 Family,Reroof,Alteration/Remodel,12495,0,1,Res.1&2 or Guest House,Res.1&2 or Guest House,10000_99999,1,zero,Res.1&2 or Guest House,Res.1&2 or Guest House,0,,not_applicable,knn,
PRRF20250416341,1 to 2 Family,Reroof,Alteration/Remodel,9000,0,1,Res.1&2 or Guest House,Res.1&2 or Guest House,1000_9999,1,zero,Res.1&2 or Guest House,Res.1&2 or Guest House,0,,not_applicable,knn,
PRRF20250416365,1 to 2 Family,Reroof,Alteration/Remodel,19677,0,1,Res.1&2 or Guest House,Res.1&2 or Guest House,10000_99999,1,zero,Res.1&2 or Guest House,,1,Res.1&2 or Guest House,knn,knn,1.0
PRRF20250416428,1 to 2 Family,Reroof,Alteration/Remodel,81270,0,1,Res.1&2 or Guest House,Res.1&2 or Guest House,10000_99999,1,zero,Res.1&2 or Guest House,Res.1&2 or Guest House,0,,not_applicable,knn,
PRRF20250416451,1 to 2 Family,Reroof,Alteration/Remodel,16033.2,0,1,Res.1&2 or Guest House,Res.1&2 or Guest House,10000_99999,1,zero,Res.1&2 or Guest House,,1,Res.1&2 or Guest House,knn,knn,1.0
PRRF20250416460,1 to 2 Family,Reroof,Alteration/Remodel,81030.880000000005,0,1,Res.1&2 or Guest House,Res.1&2 or Guest House,10000_99999,1,zero,Res.1&2 or Guest House,Res.1&2 or Guest House,0,,not_applicable,knn,
PRRF20250416498,1 to 2 Family,Reroof,Alteration/Remodel,47536,0,1,Res.1&2 or Guest House,Res.1&2 or Guest House,10000_99999,1,zero,Res.1&2 or Guest House,Res.1&2 or Guest House,0,,not_applicable,knn,
PRRF20250416516,1 to 2 Family,Reroof,Alteration/Remodel,109320,0,1,Res.1&2 or Guest House,Res.1&2 or Guest House,100000_plus,1,zero,Res.1&2 or Guest House,,1,Res.1&2 or Guest House,knn,knn,1.0
PRRF20250416560,1 to 2 Family,Reroof,Alteration/Remodel,34500,0,1,Res.1&2 or Guest House,Res.1&2 or Guest House,10000_99999,1,zero,Res.1&2 or Guest House,Res.1&2 or Guest House,0,,not_applicable,knn,
PRRF20250416569,1 to 2 Family,Reroof,Alteration/Remodel,11500,0,1,Res.1&2 or Guest House,Res.1&2 or Guest House,10000_99999,1,zero,Res.1&2 or Guest House,Res.1&2 or Guest House,0,,not_applicable,knn,
PRRF20250416588,1 to 2 Family,Reroof,Alteration/Remodel,30770,0,1,Res.1&2 or Guest House,Res.1&2 or Guest House,10000_99999,1,zero,Res.1&2 or Guest House,Res.1&2 or Guest House,0,,not_applicable,knn,
PRRF20250416599,1 to 2 Family,Reroof,Alteration/Remodel,50000,0,1,Res.1&2 or Guest House,Res.1&2 or Guest House,10000_99999,1,zero,Res.1&2 or Guest House,Res.1&2 or Guest House,0,,not_applicable,knn,
PRRF20250416611,1 to 2 Family,Reroof,Alteration/Remodel,19930,0,1,Res.1&2 or Guest House,Res.1&2 or Guest House,10000_99999,1,zero,Res.1&2 or Guest House,,1,Res.1&2 or Guest House,knn,knn,1.0
PRRF20250416614,1 to 2 Family,Reroof,Alteration/Remodel,63090,0,1,Res.1&2 or Guest House,Res.1&2 or Guest House,10000_99999,1,zero,Res.1&2 or Guest House,Res.1&2 or Guest House,0,,not_applicable,knn,
PRRF20250416634,1 to 2 Family,Reroof,Alteration/Remodel,3304,0,1,Res.1&2 or Guest House,Res.1&2 or Guest House,1000_9999,1,zero,Res.1&2 or Guest House,Res.1&2 or Guest House,0,,not_applicable,knn,
PRRF20250416649,1 to 2 Family,Reroof,Alteration/Remodel,25850,0,1,Res.1&2 or Guest House,Res.1&2 or Guest House,10000_99999,1,zero,Res.1&2 or Guest House,Res.1&2 or Guest House,0,,not_applicable,knn,
PRRF20250416673,1 to 2 Family,Reroof,Alteration/Remodel,17400,0,1,Res.1&2 or Guest House,Res.1&2 or Guest House,10000_99999,1,zero,Res.1&2 or Guest House,Res.1&2 or Guest House,0,,not_applicable,knn,
PRRF20250416690,1 to 2 Family,Reroof,Alteration/Remodel,26234,0,1,Res.1&2 or Guest House,Res.1&2 or Guest House,10000_99999,1,zero,Res.1&2 or Guest House,Res.1&2 or Guest House,0,,not_applicable,knn,
PRRF20250416696,1 to 2 Family,Reroof,Alteration/Remodel,70020,0,1,Res.1&2 or Guest House,Res.1&2 or Guest House,10000_99999,1,zero,Res.1&2 or Guest House,Res.1&2 or Guest House,0,,not_applicable,knn,
PRRF20250416789,1 to 2 Family,Reroof,Alteration/Remodel,9500,0,1,Res.1&2 or Guest House,Res.1&2 or Guest House,1000_9999,1,zero,Res.1&2 or Guest House,Res.1&2 or Guest House,0,,not_applicable,knn,
PRRF20250416833,1 to 2 Family,Reroof,Alteration/Remodel,14750,0,1,Res.1&2 or Guest House,Res.1&2 or Guest House,10000_99999,1,zero,Res.1&2 or Guest House,Res.1&2 or Guest House,0,,not_applicable,knn,
PRRF20250416834,1 to 2 Family,Reroof,Alteration/Remodel,16250,0,1,Res.1&2 or Guest House,Res.1&2 or Guest House,10000_99999,1,zero,Res.1&2 or Guest House,Res.1&2 or Guest House,0,,not_applicable,knn,
PRRF20250416868,1 to 2 Family,Reroof,Alteration/Remodel,50000,0,1,Res.1&2 or Guest House,Res.1&2 or Guest House,10000_99999,1,zero,Res.1&2 or Guest House,,1,Res.1&2 or Guest House,knn,knn,1.0
PRRF20250416887,Commercial,Reroof,Alteration/Remodel,50000,0,1,Residential-Multi-Family,Residential-Multi-Family,10000_99999,1,zero,Residential-Multi-Family,Residential-Multi-Family,0,,not_applicable,knn,
PRRF20250416900,1 to 2 Family,Reroof,Alteration/Remodel,78684,0,1,Res.1&2 or Guest House,Res.1&2 or Guest House,10000_99999,1,zero,Res.1&2 or Guest House,Res.1&2 or Guest House,0,,not_applicable,knn,
PRRF20250416908,1 to 2 Family,Reroof,Alteration/Remodel,34600,0,1,Res.1&2 or Guest House,Res.1&2 or Guest House,10000_99999,1,zero,Res.1&2 or Guest House,Res.1&2 or Guest House,0,,not_applicable,knn,
PRRF20250416917,1 to 2 Family,Reroof,Alteration/Remodel,32000,0,1,Res.1&2 or Guest House,Res.1&2 or Guest House,10000_99999,1,zero,Res.1&2 or Guest House,,1,Res.1&2 or Guest House,knn,knn,1.0
PRRF20250416942,1 to 2 Family,Reroof,Alteration/Remodel,600,0,1,Res.1&2 or Guest House,Res.1&2 or Guest House,2_999,1,zero,Res.1&2 or Guest House,,1,Res.1&2 or Guest House,knn,knn,1.0
PRRF20250416953,1 to 2 Family,Reroof,Alteration/Remodel,18200,0,1,Res.1&2 or Guest House,Res.1&2 or Guest House,10000_99999,1,zero,Res.1&2 or Guest House,Res.1&2 or Guest House,0,,not_applicable,knn,
PRRF20250416986,1 to 2 Family,Reroof,Alteration/Remodel,17000,0,1,Res.1&2 or Guest House,Res.1&2 or Guest House,10000_99999,1,zero,Res.1&2 or Guest House,Res.1&2 or Guest House,0,,not_applicable,knn,
PRRF20250416994,1 to 2 Family,Reroof,Alteration/Remodel,18000,0,1,Res.1&2 or Guest House,Res.1&2 or Guest House,10000_99999,1,zero,Res.1&2 or Guest House,Res.1&2 or Guest House,0,,not_applicable,knn,
PRRF20250417002,1 to 2 Family,Reroof,Alteration/Remodel,80589,0,1,Res.1&2 or Guest House,Res.1&2 or Guest House,10000_99999,1,zero,Res.1&2 or Guest House,Res.1&2 or Guest House,0,,not_applicable,knn,
PRRF20250417018,1 to 2 Family,Reroof,Alteration/Remodel,10000,0,1,Res.1&2 or Guest House,Res.1&2 or Guest House,10000_99999,1,zero,Res.1&2 or Guest House,,1,Res.1&2 or Guest House,knn,knn,1.0
PRRF20250417047,1 to 2 Family,Reroof,Alteration/Remodel,19800,0,1,Res.1&2 or Guest House,Res.1&2 or Guest House,10000_99999,1,zero,Res.1&2 or Guest House,,1,Res.1&2 or Guest House,knn,knn,1.0
PRRF20250417119,1 to 2 Family,Reroof,Alteration/Remodel,12000,0,1,Res.1&2 or Guest House,Res.1&2 or Guest House,10000_99999,1,zero,Res.1&2 or Guest House,Res.1&2 or Guest House,0,,not_applicable,knn,
PRRF20250417122,1 to 2 Family,Reroof,Alteration/Remodel,26300,0,1,Res.1&2 or Guest House,Res.1&2 or Guest House,10000_99999,1,zero,Res.1&2 or Guest House,Res.1&2 or Guest House,0,,not_applicable,knn,
PRRF20250417148,1 to 2 Family,Reroof,Alteration/Remodel,19800,0,1,Res.1&2 or Guest House,Res.1&2 or Guest House,10000_99999,1,zero,Res.1&2 or Guest House,Res.1&2 or Guest House,0,,not_applicable,knn,
PRRF20250417152,1 to 2 Family,Reroof,Alteration/Remodel,67000,0,1,Res.1&2 or Guest House,Res.1&2 or Guest House,10000_99999,1,zero,Res.1&2 or Guest House,Res.1&2 or Guest House,0,,not_applicable,knn,
PRRF20250417195,1 to 2 Family,Reroof,Alteration/Remodel,18000,0,1,Res.1&2 or Guest House,Res.1&2 or Guest House,10000_99999,1,zero,Res.1&2 or Guest House,Res.1&2 or Guest House,0,,not_applicable,knn,
PRRF20250417209,1 to 2 Family,Reroof,Alteration/Remodel,170000,0,0,Res.1&2 or Guest House,Res.1&2 or Guest House,100000_plus,0,zero,Res.1&2 or Guest House,,1,Res.1&2 or Guest House,knn,knn,0.8
PRRF20250417238,1 to 2 Family,Reroof,Alteration/Remodel,10000,0,1,Res.1&2 or Guest House,Res.1&2 or Guest House,10000_99999,1,zero,Res.1&2 or Guest House,Res.1&2 or Guest House,0,,not_applicable,knn,
PRRF20250417295,1 to 2 Family,Reroof,Alteration/Remodel,16990,0,1,Res.1&2 or Guest House,Res.1&2 or Guest House,10000_99999,1,zero,Res.1&2 or Guest House,Res.1&2 or Guest House,0,,not_applicable,knn,
PRRF20250417320,1 to 2 Family,Reroof,Alteration/Remodel,35679,0,1,Res.1&2 or Guest House,Res.1&2 or Guest House,10000_99999,1,zero,Res.1&2 or Guest House,Res.1&2 or Guest House,0,,not_applicable,knn,
PRRF20250417330,1 to 2 Family,Reroof,Alteration/Remodel,83916,0,1,Res.1&2 or Guest House,Res.1&2 or Guest House,10000_99999,1,zero,Res.1&2 or Guest House,Res.1&2 or Guest House,0,,not_applicable,knn,
PRRF20250417374,1 to 2 Family,Reroof,Alteration/Remodel,14600,0,1,Res.1&2 or Guest House,Res.1&2 or Guest House,10000_99999,1,zero,Res.1&2 or Guest House,Res.1&2 or Guest House,0,,not_applicable,knn,
PRRF20250417376,1 to 2 Family,Reroof,Alteration/Remodel,10572,0,1,Res.1&2 or Guest House,Res.1&2 or Guest House,10000_99999,1,zero,Res.1&2 or Guest House,Res.1&2 or Guest House,0,,not_applicable,knn,
PRRF20250417378,1 to 2 Family,Reroof,Alteration/Remodel,9200,0,1,Res.1&2 or Guest House,Res.1&2 or Guest House,1000_9999,1,zero,Res.1&2 or Guest House,Res.1&2 or Guest House,0,,not_applicable,knn,
PRRF20250417380,1 to 2 Family,Reroof,Alteration/Remodel,7152,0,1,Res.1&2 or Guest House,Res.1&2 or Guest House,1000_9999,1,zero,Res.1&2 or Guest House,Res.1&2 or Guest House,0,,not_applicable,knn,
PRRF20250417451,1 to 2 Family,Reroof,Alteration/Remodel,38400,0,1,Res.1&2 or Guest House,Res.1&2 or Guest House,10000_99999,1,zero,Res.1&2 or Guest House,Res.1&2 or Guest House,0,,not_applicable,knn,
PRRF20250417452,1 to 2 Family,Reroof,Alteration/Remodel,17450,0,1,Res.1&2 or Guest House,Res.1&2 or Guest House,10000_99999,1,zero,Res.1&2 or Guest House,Res.1&2 or Guest House,0,,not_applicable,knn,
PRRF20250417477,1 to 2 Family,Reroof,Alteration/Remodel,98000,0,1,Res.1&2 or Guest House,Res.1&2 or Guest House,10000_99999,1,zero,Res.1&2 or Guest House,Res.1&2 or Guest House,0,,not_applicable,knn,
PRRF20250417493,1 to 2 Family,Reroof,Alteration/Remodel,3775,0,1,Res.1&2 or Guest House,Res.1&2 or Guest House,1000_9999,1,zero,Res.1&2 or Guest House,Res.1&2 or Guest House,0,,not_applicable,knn,
PRRF20250417551,1 to 2 Family,Reroof,Alteration/Remodel,50000,0,1,Res.1&2 or Guest House,Res.1&2 or Guest House,10000_99999,1,zero,Res.1&2 or Guest House,Res.1&2 or Guest House,0,,not_applicable,knn,
PRRF20250417557,1 to 2 Family,Reroof,Alteration/Remodel,14550,0,1,Res.1&2 or Guest House,Res.1&2 or Guest House,10000_99999,1,zero,Res.1&2 or Guest House,Res.1&2 or Guest House,0,,not_applicable,knn,
PRRF20250417595,1 to 2 Family,Reroof,Alteration/Remodel,16500,0,1,Res.1&2 or Guest House,Res.1&2 or Guest House,10000_99999,1,zero,Res.1&2 or Guest House,Res.1&2 or Guest House,0,,not_applicable,knn,
PRRF20250417598,1 to 2 Family,Reroof,Alteration/Remodel,15600,0,1,Res.1&2 or Guest House,Res.1&2 or Guest House,10000_99999,1,zero,Res.1&2 or Guest House,Res.1&2 or Guest House,0,,not_applicable,knn,
PRRF20250417650,1 to 2 Family,Reroof,Alteration/Remodel,2300,0,1,Res.1&2 or Guest House,Res.1&2 or Guest House,1000_9999,1,zero,Res.1&2 or Guest House,,1,Res.1&2 or Guest House,knn,knn,1.0
PRRF20250417725,1 to 2 Family,Reroof,Alteration/Remodel,100500,0,1,Res.1&2 or Guest House,Res.1&2 or Guest House,100000_plus,1,zero,Res.1&2 or Guest House,Res.1&2 or Guest House,0,,not_applicable,knn,
PRRF20250417743,1 to 2 Family,Reroof,Alteration/Remodel,19305,0,1,Res.1&2 or Guest House,Res.1&2 or Guest House,10000_99999,1,zero,Res.1&2 or Guest House,Res.1&2 or Guest House,0,,not_applicable,knn,
PRRF20250417769,1 to 2 Family,Reroof,Alteration/Remodel,31500,0,1,Res.1&2 or Guest House,Res.1&2 or Guest House,10000_99999,1,zero,Res.1&2 or Guest House,Res.1&2 or Guest House,0,,not_applicable,knn,
PRRF20250417781,1 to 2 Family,Reroof,Alteration/Remodel,21000,0,1,Res.1&2 or Guest House,Res.1&2 or Guest House,10000_99999,1,zero,Res.1&2 or Guest House,Res.1&2 or Guest House,0,,not_applicable,knn,
PRRF20250417856,1 to 2 Family,Reroof,Alteration/Remodel,16400,0,1,Res.1&2 or Guest House,Res.1&2 or Guest House,10000_99999,1,zero,Res.1&2 or Guest House,Res.1&2 or Guest House,0,,not_applicable,knn,
PRRF20250417889,1 to 2 Family,Reroof,Alteration/Remodel,25200,0,1,Res.1&2 or Guest House,Res.1&2 or Guest House,10000_99999,1,zero,Res.1&2 or Guest House,Res.1&2 or Guest House,0,,not_applicable,knn,
PRRF20250417928,1 to 2 Family,Reroof,Alteration/Remodel,69346.75,0,1,Res.1&2 or Guest House,Res.1&2 or Guest House,10000_99999,1,zero,Res.1&2 or Guest House,Res.1&2 or Guest House,0,,not_applicable,knn,
PRRF20250417954,1 to 2 Family,Reroof,Alteration/Remodel,48500,0,1,Res.1&2 or Guest House,Res.1&2 or Guest House,10000_99999,1,zero,Res.1&2 or Guest House,Res.1&2 or Guest House,0,,not_applicable,knn,
PRRF20250417955,1 to 2 Family,Reroof,Alteration/Remodel,75950,0,1,Res.1&2 or Guest House,Res.1&2 or Guest House,10000_99999,1,zero,Res.1&2 or Guest House,,1,Res.1&2 or Guest House,knn,knn,1.0
PRRF20250418001,1 to 2 Family,Reroof,Alteration/Remodel,10000,0,1,Res.1&2 or Guest House,Res.1&2 or Guest House,10000_99999,1,zero,Res.1&2 or Guest House,Res.1&2 or Guest House,0,,not_applicable,knn,
PRRF20250418025,1 to 2 Family,Reroof,Alteration/Remodel,24129,0,1,Res.1&2 or Guest House,Res.1&2 or Guest House,10000_99999,1,zero,Res.1&2 or Guest House,,1,Res.1&2 or Guest House,knn,knn,1.0
PRRF20250418058,1 to 2 Family,Reroof,Alteration/Remodel,10000,0,1,Res.1&2 or Guest House,Res.1&2 or Guest House,10000_99999,1,zero,Res.1&2 or Guest House,Res.1&2 or Guest House,0,,not_applicable,knn,
PRRF20250418267,1 to 2 Family,Reroof,Alteration/Remodel,7000,0,1,Res.1&2 or Guest House,Res.1&2 or Guest House,1000_9999,1,zero,Res.1&2 or Guest House,Res.1&2 or Guest House,0,,not_applicable,knn,
PRRF20250418334,1 to 2 Family,Reroof,Alteration/Remodel,35740,0,1,Res.1&2 or Guest House,Res.1&2 or Guest House,10000_99999,1,zero,Res.1&2 or Guest House,,1,Res.1&2 or Guest House,knn,knn,1.0
PRRF20250418389,1 to 2 Family,Reroof,Alteration/Remodel,29260,0,1,Res.1&2 or Guest House,Res.1&2 or Guest House,10000_99999,1,zero,Res.1&2 or Guest House,Res.1&2 or Guest House,0,,not_applicable,knn,
PRRF20250418459,1 to 2 Family,Reroof,Alteration/Remodel,47536,0,1,Res.1&2 or Guest House,Res.1&2 or Guest House,10000_99999,1,zero,Res.1&2 or Guest House,Res.1&2 or Guest House,0,,not_applicable,knn,
PRROW20210839840,Commercial,Revision - ROW,New Construction,,,,Residential-Multi-Family,Residential-Multi-Family,missing,missing,missing,Residential-Multi-Family,Residential-Multi-Family,0,,not_applicable,knn,
PRROW20220312392,1 to 2 Family,Revision - ROW,New Construction,,,,Res.1&2 or Guest House,Res.1&2 or Guest House,missing,missing,missing,Res.1&2 or Guest House,Res.1&2 or Guest House,0,,not_applicable,knn,
PRROW20231043130,1 to 2 Family,Revision - ROW,New Construction,,,,Res.1&2 or Guest House,Res.1&2 or Guest House,missing,missing,missing,Res.1&2 or Guest House,,1,Res.1&2 or Guest House,knn,knn,1.0
PRROW20240204550,Commercial,ROW Commercial,New Construction,,,,Not Identified,,missing,missing,missing,,,0,,not_applicable,knn,
PRROW20240413283,1 to 2 Family,Revision - ROW,New Construction,,,,Res.1&2 or Guest House,Res.1&2 or Guest House,missing,missing,missing,Res.1&2 or Guest House,Res.1&2 or Guest House,0,,not_applicable,knn,
PRROW20240416975,1 to 2 Family,Revision - ROW,New Construction,,,,Res.1&2 or Guest House,Res.1&2 or Guest House,missing,missing,missing,Res.1&2 or Guest House,Res.1&2 or Guest House,0,,not_applicable,knn,
PRROW20240518243,1 to 2 Family,Revision - ROW,New Construction,,,,Res.1&2 or Guest House,Res.1&2 or Guest House,missing,missing,missing,Res.1&2 or Guest House,Res.1&2 or Guest House,0,,not_applicable,knn,
PRROW20240626797,1 to 2 Family,Revision - ROW,New Construction,,,,Res.1&2 or Guest House,Res.1&2 or Guest House,missing,missing,missing,Res.1&2 or Guest House,,1,Res.1&2 or Guest House,knn,knn,1.0
PRROW20240833811,1 to 2 Family,Revision - ROW,Alteration/Remodel,,,,Res.1&2 or Guest House,Res.1&2 or Guest House,missing,missing,missing,Res.1&2 or Guest House,,1,Res.1&2 or Guest House,knn,knn,1.0
PRROW20240834682,Commercial,Revision - ROW,New Construction,,,,Not Identified,,missing,missing,missing,,,0,,not_applicable,knn,
PRROW20240835530,1 to 2 Family,ROW Residential,New Construction,,,,Res.1&2 or Guest House,Res.1&2 or Guest House,missing,missing,missing,Res.1&2 or Guest House,Res.1&2 or Guest House,0,,not_applicable,knn,
PRROW20240938532,Commercial,ROW Commercial,New Construction,,,,Not Identified,,missing,missing,missing,,,0,,not_applicable,knn,
PRROW20240938706,Commercial,Revision - ROW,New Construction,,,,Not Identified,,missing,missing,missing,,,0,,not_applicable,knn,
PRROW20240939403,1 to 2 Family,ROW Residential,Alteration/Remodel,,,,Res.1&2 or Guest House,Res.1&2 or Guest House,missing,missing,missing,Res.1&2 or Guest House,Res.1&2 or Guest House,0,,not_applicable,knn,
PRROW20241042112,1 to 2 Family,ROW Residential,New Construction,,,,Res.1&2 or Guest House,Res.1&2 or Guest House,missing,missing,missing,Res.1&2 or Guest House,Res.1&2 or Guest House,0,,not_applicable,knn,
PRROW20241144123,Commercial,Revision - ROW,New Construction,,,,Not Identified,,missing,missing,missing,,,0,,not_applicable,knn,
PRROW20241145400,Commercial,Revision - ROW,New Construction,,,,Not Identified,,missing,missing,missing,,,0,,not_applicable,knn,
PRROW20241147019,Commercial,ROW Commercial,Addition,,,,Not Identified,,missing,missing,missing,,,0,,not_applicable,knn,
PRROW20241147471,Commercial,ROW Commercial,Addition,,,,Not Identified,,missing,missing,missing,,,0,,not_applicable,knn,
PRROW20241248232,Commercial,ROW Commercial,New Construction,,,,Not Identified,,missing,missing,missing,,,0,,not_applicable,knn,
PRROW20250100088,1 to 2 Family,ROW Residential,New Construction,,,,Res.1&2 or Guest House,Res.1&2 or Guest House,missing,missing,missing,Res.1&2 or Guest House,Res.1&2 or Guest House,0,,not_applicable,knn,
PRROW20250100198,1 to 2 Family,ROW Residential,New Construction,,,,Res.1&2 or Guest House,Res.1&2 or Guest House,missing,missing,missing,Res.1&2 or Guest House,Res.1&2 or Guest House,0,,not_applicable,knn,
PRROW20250101125,1 to 2 Family,ROW Residential,Alteration/Remodel,,,,Res.1&2 or Guest House,Res.1&2 or Guest House,missing,missing,missing,Res.1&2 or Guest House,Res.1&2 or Guest House,0,,not_applicable,knn,
PRROW20250102504,Commercial,ROW Commercial,Addition,,,,Not Identified,,missing,missing,missing,,,0,,not_applicable,knn,
PRROW20250102806,Commercial,ROW Commercial,New Construction,,,,Not Identified,,missing,missing,missing,,,0,,not_applicable,knn,
PRROW20250103236,Commercial,ROW Commercial,New Construction,,,,Not Identified,,missing,missing,missing,,,0,,not_applicable,knn,
PRROW20250103338,1 to 2 Family,ROW Residential,New Construction,,,,Res.1&2 or Guest House,Res.1&2 or Guest House,missing,missing,missing,Res.1&2 or Guest House,Res.1&2 or Guest House,0,,not_applicable,knn,
PRROW20250103377,1 to 2 Family,ROW Residential,Addition,,,,Res.1&2 or Guest House,Res.1&2 or Guest House,missing,missing,missing,Res.1&2 or Guest House,Res.1&2 or Guest House,0,,not_applicable,knn,
PRROW20250103504,Commercial,ROW Commercial,New Construction,,,,Not Identified,,missing,missing,missing,,,0,,not_applicable,knn,
PRROW20250204860,1 to 2 Family,ROW Commercial,Alteration/Remodel,,,,Res.1&2 or Guest House,Res.1&2 or Guest House,missing,missing,missing,Res.1&2 or Guest House,,1,Res.1&2 or Guest House,knn,knn,1.0
PRROW20250204888,1 to 2 Family,ROW Residential,Alteration/Remodel,,,,Res.1&2 or Guest House,Res.1&2 or Guest House,missing,missing,missing,Res.1&2 or Guest House,Res.1&2 or Guest House,0,,not_applicable,knn,
PRROW20250204974,Commercial,ROW Commercial,New Construction,,,,Not Identified,,missing,missing,missing,,,0,,not_applicable,knn,
PRROW20250205138,1 to 2 Family,ROW Residential,Alteration/Remodel,,,,Res.1&2 or Guest House,Res.1&2 or Guest House,missing,missing,missing,Res.1&2 or Guest House,Res.1&2 or Guest House,0,,not_applicable,knn,
PRROW20250205196,1 to 2 Family,ROW Residential,New Construction,,,,Res.1&2 or Guest House,Res.1&2 or Guest House,missing,missing,missing,Res.1&2 or Guest House,Res.1&2 or Guest House,0,,not_applicable,knn,
PRROW20250205234,1 to 2 Family,ROW Residential,New Construction,,,,Res.1&2 or Guest House,Res.1&2 or Guest House,missing,missing,missing,Res.1&2 or Guest House,Res.1&2 or Guest House,0,,not_applicable,knn,
PRROW20250205374,Commercial,ROW Commercial,New Construction,,,,Not Identified,,missing,missing,missing,,,0,,not_applicable,knn,
PRROW20250205558,Commercial,Revision - ROW,Addition,,,,Not Identified,,missing,missing,missing,,,0,,not_applicable,knn,
PRROW20250205721,1 to 2 Family,ROW Residential,New Construction,,,,Res.1&2 or Guest House,Res.1&2 or Guest House,missing,missing,missing,Res.1&2 or Guest House,Res.1&2 or Guest House,0,,not_applicable,knn,
PRROW20250205798,1 to 2 Family,ROW Residential,Alteration/Remodel,,,,Res.1&2 or Guest House,Res.1&2 or Guest House,missing,missing,missing,Res.1&2 or Guest House,,1,Res.1&2 or Guest House,knn,knn,1.0
PRROW20250206253,Commercial,ROW Commercial,Alteration/Remodel,,,,Not Identified,,missing,missing,missing,,,0,,not_applicable,knn,
PRROW20250206895,Commercial,ROW Commercial,New Construction,,,,Not Identified,,missing,missing,missing,,,0,,not_applicable,knn,
PRROW20250207222,Commercial,ROW Commercial,New Construction,,,,Not Identified,,missing,missing,missing,,,0,,not_applicable,knn,
PRROW20250207353,Commercial,ROW Commercial,New Construction,,,,Not Identified,,missing,missing,missing,,,0,,not_applicable,knn,
PRROW20250207379,1 to 2 Family,ROW Residential,New Construction,,,,Res.1&2 or Guest House,Res.1&2 or Guest House,missing,missing,missing,Res.1&2 or Guest House,Res.1&2 or Guest House,0,,not_applicable,knn,
PRROW20250207486,Commercial,ROW Commercial,New Construction,,,,Not Identified,,missing,missing,missing,,,0,,not_applicable,knn,
PRROW20250207953,1 to 2 Family,ROW Residential,Alteration/Remodel,,,,Res.1&2 or Guest House,Res.1&2 or Guest House,missing,missing,missing,Res.1&2 or Guest House,Res.1&2 or Guest House,0,,not_applicable,knn,
PRROW20250207971,Commercial,ROW Commercial,New Construction,,,,Not Identified,,missing,missing,missing,,,0,,not_applicable,knn,
PRROW20250208177,Commercial,ROW Commercial,New Construction,,,,Not Identified,,missing,missing,missing,,,0,,not_applicable,knn,
PRROW20250208292,1 to 2 Family,ROW Residential,New Construction,,,,Res.1&2 or Guest House,Res.1&2 or Guest House,missing,missing,missing,Res.1&2 or Guest House,,1,Res.1&2 or Guest House,knn,knn,1.0
PRROW20250208314,Commercial,ROW Commercial,New Construction,,,,Not Identified,,missing,missing,missing,,,0,,not_applicable,knn,
PRROW20250208360,Commercial,ROW Commercial,New Construction,,,,Not Identified,,missing,missing,missing,,,0,,not_applicable,knn,
PRROW20250208383,1 to 2 Family,ROW Residential,Alteration/Remodel,,,,Res.1&2 or Guest House,Res.1&2 or Guest House,missing,missing,missing,Res.1&2 or Guest House,Res.1&2 or Guest House,0,,not_applicable,knn,
PRROW20250208388,Commercial,ROW Commercial,New Construction,,,,Not Identified,,missing,missing,missing,,,0,,not_applicable,knn,
PRROW20250208614,Commercial,ROW Commercial,New Construction,,,,Not Identified,,missing,missing,missing,,,0,,not_applicable,knn,
PRROW20250208616,Commercial,ROW Commercial,New Construction,,,,Not Identified,,missing,missing,missing,,,0,,not_applicable,knn,
PRROW20250308771,Commercial,ROW Commercial,New Construction,,,,Not Identified,,missing,missing,missing,,,0,,not_applicable,knn,
PRROW20250308915,Commercial,ROW Commercial,New Construction,,,,Not Identified,,missing,missing,missing,,,0,,not_applicable,knn,
PRROW20250308930,Commercial,ROW Commercial,New Construction,,,,Not Identified,,missing,missing,missing,,,0,,not_applicable,knn,
PRROW20250309188,1 to 2 Family,ROW Residential,New Construction,,,,Res.1&2 or Guest House,Res.1&2 or Guest House,missing,missing,missing,Res.1&2 or Guest House,Res.1&2 or Guest House,0,,not_applicable,knn,
PRROW20250309308,1 to 2 Family,ROW Residential,Alteration/Remodel,,,,Res.1&2 or Guest House,Res.1&2 or Guest House,missing,missing,missing,Res.1&2 or Guest House,Res.1&2 or Guest House,0,,not_applicable,knn,
PRROW20250309310,1 to 2 Family,ROW Residential,New Construction,,,,Res.1&2 or Guest House,Res.1&2 or Guest House,missing,missing,missing,Res.1&2 or Guest House,Res.1&2 or Guest House,0,,not_applicable,knn,
PRROW20250309350,Commercial,ROW Commercial,New Construction,,,,Not Identified,,missing,missing,missing,,,0,,not_applicable,knn,
PRROW20250309403,1 to 2 Family,ROW Residential,Alteration/Remodel,,,,Res.1&2 or Guest House,Res.1&2 or Guest House,missing,missing,missing,Res.1&2 or Guest House,Res.1&2 or Guest House,0,,not_applicable,knn,
PRROW20250309427,Commercial,ROW Commercial,New Construction,,,,Not Identified,,missing,missing,missing,,,0,,not_applicable,knn,
PRROW20250309433,1 to 2 Family,ROW Residential,Alteration/Remodel,,,,Res.1&2 or Guest House,Res.1&2 or Guest House,missing,missing,missing,Res.1&2 or Guest House,Res.1&2 or Guest House,0,,not_applicable,knn,
PRROW20250309566,Commercial,ROW Commercial,Alteration/Remodel,,,,Not Identified,,missing,missing,missing,,,0,,not_applicable,knn,
PRROW20250309661,Commercial,ROW Commercial,New Construction,,,,Not Identified,,missing,missing,missing,,,0,,not_applicable,knn,
PRROW20250309711,Commercial,ROW Commercial,New Construction,,,,Not Identified,,missing,missing,missing,,,0,,not_applicable,knn,
PRROW20250309866,Commercial,ROW Commercial,New Construction,,,,Not Identified,,missing,missing,missing,,,0,,not_applicable,knn,
PRROW20250310048,Commercial,ROW Commercial,New Construction,,,,Not Identified,,missing,missing,missing,,,0,,not_applicable,knn,
PRROW20250310176,Commercial,ROW Commercial,New Construction,,,,Not Identified,,missing,missing,missing,,,0,,not_applicable,knn,
PRROW20250310185,1 to 2 Family,ROW Residential,Alteration/Remodel,,,,Res.1&2 or Guest House,Res.1&2 or Guest House,missing,missing,missing,Res.1&2 or Guest House,,1,Res.1&2 or Guest House,knn,knn,1.0
PRROW20250310206,Commercial,ROW Commercial,New Construction,,,,Not Identified,,missing,missing,missing,,,0,,not_applicable,knn,
PRROW20250310229,1 to 2 Family,ROW Residential,New Construction,,,,Res.1&2 or Guest House,Res.1&2 or Guest House,missing,missing,missing,Res.1&2 or Guest House,Res.1&2 or Guest House,0,,not_applicable,knn,
PRROW20250310257,Commercial,ROW Commercial,New Construction,,,,Not Identified,,missing,missing,missing,,,0,,not_applicable,knn,
PRROW20250310287,Commercial,ROW Commercial,New Construction,,,,Not Identified,,missing,missing,missing,,,0,,not_applicable,knn,
PRROW20250310292,1 to 2 Family,ROW Residential,New Construction,,,,Res.1&2 or Guest House,Res.1&2 or Guest House,missing,missing,missing,Res.1&2 or Guest House,Res.1&2 or Guest House,0,,not_applicable,knn,
PRROW20250310356,1 to 2 Family,ROW Residential,New Construction,,,,Res.1&2 or Guest House,Res.1&2 or Guest House,missing,missing,missing,Res.1&2 or Guest House,Res.1&2 or Guest House,0,,not_applicable,knn,
PRROW20250310428,1 to 2 Family,ROW Residential,New Construction,,,,Res.1&2 or Guest House,Res.1&2 or Guest House,missing,missing,missing,Res.1&2 or Guest House,,1,Res.1&2 or Guest House,knn,knn,1.0
PRROW20250310446,Commercial,ROW Commercial,New Construction,,,,Not Identified,,missing,missing,missing,,,0,,not_applicable,knn,
PRROW20250310584,Commercial,ROW Commercial,New Construction,,,,Not Identified,,missing,missing,missing,,,0,,not_applicable,knn,
PRROW20250310644,Commercial,ROW Commercial,Addition,,,,Not Identified,,missing,missing,missing,,,0,,not_applicable,knn,
PRROW20250310665,1 to 2 Family,ROW Residential,New Construction,,,,Res.1&2 or Guest House,Res.1&2 or Guest House,missing,missing,missing,Res.1&2 or Guest House,,1,Res.1&2 or Guest House,knn,knn,1.0
PRROW20250310734,1 to 2 Family,ROW Residential,Alteration/Remodel,,,,Res.1&2 or Guest House,Res.1&2 or Guest House,missing,missing,missing,Res.1&2 or Guest House,Res.1&2 or Guest House,0,,not_applicable,knn,
PRROW20250310889,Commercial,ROW Commercial,New Construction,,,,Not Identified,,missing,missing,missing,,,0,,not_applicable,knn,
PRROW20250310937,1 to 2 Family,ROW Residential,New Construction,,,,Res.1&2 or Guest House,Res.1&2 or Guest House,missing,missing,missing,Res.1&2 or Guest House,Res.1&2 or Guest House,0,,not_applicable,knn,
PRROW20250311123,1 to 2 Family,ROW Residential,New Construction,,,,Res.1&2 or Guest House,Res.1&2 or Guest House,missing,missing,missing,Res.1&2 or Guest House,Res.1&2 or Guest House,0,,not_applicable,knn,
PRROW20250311154,Commercial,ROW Commercial,New Construction,,,,Not Identified,,missing,missing,missing,,,0,,not_applicable,knn,
PRROW20250311174,Commercial,ROW Commercial,New Construction,,,,Not Identified,,missing,missing,missing,,,0,,not_applicable,knn,
PRROW20250311248,1 to 2 Family,ROW Residential,Alteration/Remodel,,,,Res.1&2 or Guest House,Res.1&2 or Guest House,missing,missing,missing,Res.1&2 or Guest House,,1,Res.1&2 or Guest House,knn,knn,1.0
PRROW20250311449,Commercial,ROW Commercial,New Construction,,,,Not Identified,,missing,missing,missing,,,0,,not_applicable,knn,
PRROW20250311502,1 to 2 Family,ROW Residential,New Construction,,,,Res.1&2 or Guest House,Res.1&2 or Guest House,missing,missing,missing,Res.1&2 or Guest House,Res.1&2 or Guest House,0,,not_applicable,knn,
PRROW20250311753,1 to 2 Family,ROW Residential,New Construction,,,,Res.1&2 or Guest House,Res.1&2 or Guest House,missing,missing,missing,Res.1&2 or Guest House,Res.1&2 or Guest House,0,,not_applicable,knn,
PRROW20250311775,1 to 2 Family,ROW Residential,New Construction,,,,Res.1&2 or Guest House,Res.1&2 or Guest House,missing,missing,missing,Res.1&2 or Guest House,Res.1&2 or Guest House,0,,not_applicable,knn,
PRROW20250311825,1 to 2 Family,ROW Residential,New Construction,,,,Res.1&2 or Guest House,Res.1&2 or Guest House,missing,missing,missing,Res.1&2 or Guest House,Res.1&2 or Guest House,0,,not_applicable,knn,
PRROW20250311870,1 to 2 Family,ROW Residential,Alteration/Remodel,,,,Res.1&2 or Guest House,Res.1&2 or Guest House,missing,missing,missing,Res.1&2 or Guest House,Res.1&2 or Guest House,0,,not_applicable,knn,
PRROW20250311878,1 to 2 Family,ROW Residential,New Construction,,,,Res.1&2 or Guest House,Res.1&2 or Guest House,missing,missing,missing,Res.1&2 or Guest House,Res.1&2 or Guest House,0,,not_applicable,knn,
PRROW20250311926,Commercial,ROW Commercial,Alteration/Remodel,,,,Not Identified,,missing,missing,missing,,,0,,not_applicable,knn,
PRROW20250311974,1 to 2 Family,ROW Residential,New Construction,,,,Res.1&2 or Guest House,Res.1&2 or Guest House,missing,missing,missing,Res.1&2 or Guest House,Res.1&2 or Guest House,0,,not_applicable,knn,
PRROW20250312015,Commercial,ROW Commercial,Alteration/Remodel,,,,Commercial,Commercial,missing,missing,missing,Commercial,,1,Res.1&2 or Guest House,knn,knn,0.8
PRROW20250312028,Commercial,ROW Commercial,New Construction,,,,Not Identified,,missing,missing,missing,,,0,,not_applicable,knn,
PRROW20250312034,Commercial,ROW Commercial,New Construction,,,,Not Identified,,missing,missing,missing,,,0,,not_applicable,knn,
PRROW20250312060,Commercial,ROW Commercial,New Construction,,,,Not Identified,,missing,missing,missing,,,0,,not_applicable,knn,
PRROW20250312098,Commercial,ROW Commercial,New Construction,,,,Not Identified,,missing,missing,missing,,,0,,not_applicable,knn,
PRROW20250312147,1 to 2 Family,ROW Residential,Alteration/Remodel,,,,Res.1&2 or Guest House,Res.1&2 or Guest House,missing,missing,missing,Res.1&2 or Guest House,Res.1&2 or Guest House,0,,not_applicable,knn,
PRROW20250312167,1 to 2 Family,ROW Residential,New Construction,,,,Res.1&2 or Guest House,Res.1&2 or Guest House,missing,missing,missing,Res.1&2 or Guest House,Res.1&2 or Guest House,0,,not_applicable,knn,
PRROW20250312251,1 to 2 Family,ROW Residential,New Construction,,,,Res.1&2 or Guest House,Res.1&2 or Guest House,missing,missing,missing,Res.1&2 or Guest House,Res.1&2 or Guest House,0,,not_applicable,knn,
PRROW20250312270,1 to 2 Family,ROW Residential,,,,,Res.1&2 or Guest House,Res.1&2 or Guest House,missing,missing,missing,Res.1&2 or Guest House,Res.1&2 or Guest House,0,,not_applicable,knn,
PRROW20250312314,1 to 2 Family,ROW Residential,New Construction,,,,Res.1&2 or Guest House,Res.1&2 or Guest House,missing,missing,missing,Res.1&2 or Guest House,,1,Res.1&2 or Guest House,knn,knn,1.0
PRROW20250312352,Commercial,ROW Commercial,New Construction,,,,Not Identified,,missing,missing,missing,,,0,,not_applicable,knn,
PRROW20250312354,Commercial,ROW Commercial,New Construction,,,,Not Identified,,missing,missing,missing,,,0,,not_applicable,knn,
PRROW20250312372,Commercial,ROW Commercial,New Construction,,,,Not Identified,,missing,missing,missing,,,0,,not_applicable,knn,
PRROW20250312404,Commercial,ROW Commercial,New Construction,,,,Not Identified,,missing,missing,missing,,,0,,not_applicable,knn,
PRROW20250312425,Commercial,ROW Commercial,New Construction,,,,Not Identified,,missing,missing,missing,,,0,,not_applicable,knn,
PRROW20250312530,1 to 2 Family,ROW Residential,New Construction,,,,Res.1&2 or Guest House,Res.1&2 or Guest House,missing,missing,missing,Res.1&2 or Guest House,Res.1&2 or Guest House,0,,not_applicable,knn,
PRROW20250312590,1 to 2 Family,ROW Residential,New Construction,,,,Res.1&2 or Guest House,Res.1&2 or Guest House,missing,missing,missing,Res.1&2 or Guest House,Res.1&2 or Guest House,0,,not_applicable,knn,
PRROW20250312632,1 to 2 Family,ROW Residential,New Construction,,,,Res.1&2 or Guest House,Res.1&2 or Guest House,missing,missing,missing,Res.1&2 or Guest House,Res.1&2 or Guest House,0,,not_applicable,knn,
PRROW20250312709,1 to 2 Family,ROW Residential,New Construction,,,,Res.1&2 or Guest House,Res.1&2 or Guest House,missing,missing,missing,Res.1&2 or Guest House,Res.1&2 or Guest House,0,,not_applicable,knn,
PRROW20250312832,1 to 2 Family,ROW Residential,New Construction,,,,Res.1&2 or Guest House,Res.1&2 or Guest House,missing,missing,missing,Res.1&2 or Guest House,Res.1&2 or Guest House,0,,not_applicable,knn,
PRROW20250312870,1 to 2 Family,ROW Residential,New Construction,,,,Res.1&2 or Guest House,Res.1&2 or Guest House,missing,missing,missing,Res.1&2 or Guest House,,1,Res.1&2 or Guest House,knn,knn,1.0
PRROW20250312989,Commercial,ROW Commercial,New Construction,,,,Not Identified,,missing,missing,missing,,,0,,not_applicable,knn,
PRROW20250313032,Commercial,ROW Commercial,Alteration/Remodel,,,,Not Identified,,missing,missing,missing,,,0,,not_applicable,knn,
PRROW20250313048,Commercial,ROW Commercial,New Construction,,,,Not Identified,,missing,missing,missing,,,0,,not_applicable,knn,
PRROW20250313131,Commercial,ROW Commercial,New Construction,,,,Not Identified,,missing,missing,missing,,,0,,not_applicable,knn,
PRROW20250313374,1 to 2 Family,ROW Residential,New Construction,,,,Res.1&2 or Guest House,Res.1&2 or Guest House,missing,missing,missing,Res.1&2 or Guest House,Res.1&2 or Guest House,0,,not_applicable,knn,
PRROW20250313521,1 to 2 Family,ROW Residential,New Construction,,,,Res.1&2 or Guest House,Res.1&2 or Guest House,missing,missing,missing,Res.1&2 or Guest House,Res.1&2 or Guest House,0,,not_applicable,knn,
PRROW20250313524,1 to 2 Family,ROW Residential,New Construction,,,,Res.1&2 or Guest House,Res.1&2 or Guest House,missing,missing,missing,Res.1&2 or Guest House,Res.1&2 or Guest House,0,,not_applicable,knn,
PRROW20250313526,1 to 2 Family,ROW Residential,New Construction,,,,Res.1&2 or Guest House,Res.1&2 or Guest House,missing,missing,missing,Res.1&2 or Guest House,Res.1&2 or Guest House,0,,not_applicable,knn,
PRROW20250413607,1 to 2 Family,ROW Residential,New Construction,,,,Res.1&2 or Guest House,Res.1&2 or Guest House,missing,missing,missing,Res.1&2 or Guest House,Res.1&2 or Guest House,0,,not_applicable,knn,
PRROW20250413752,1 to 2 Family,ROW Residential,New Construction,,,,Res.1&2 or Guest House,Res.1&2 or Guest House,missing,missing,missing,Res.1&2 or Guest House,Res.1&2 or Guest House,0,,not_applicable,knn,
PRROW20250413770,1 to 2 Family,ROW Residential,New Construction,,,,Res.1&2 or Guest House,Res.1&2 or Guest House,missing,missing,missing,Res.1&2 or Guest House,Res.1&2 or Guest House,0,,not_applicable,knn,
PRROW20250413871,Commercial,ROW Commercial,Alteration/Remodel,,,,Not Identified,,missing,missing,missing,,,0,,not_applicable,knn,
PRROW20250413975,Commercial,ROW Commercial,New Construction,,,,Not Identified,,missing,missing,missing,,,0,,not_applicable,knn,
PRROW20250414016,1 to 2 Family,ROW Residential,Alteration/Remodel,,,,Res.1&2 or Guest House,Res.1&2 or Guest House,missing,missing,missing,Res.1&2 or Guest House,,1,Res.1&2 or Guest House,knn,knn,1.0
PRROW20250414116,1 to 2 Family,ROW Residential,New Construction,,,,Res.1&2 or Guest House,Res.1&2 or Guest House,missing,missing,missing,Res.1&2 or Guest House,,1,Res.1&2 or Guest House,knn,knn,1.0
PRROW20250414228,1 to 2 Family,ROW Residential,New Construction,,,,Res.1&2 or Guest House,Res.1&2 or Guest House,missing,missing,missing,Res.1&2 or Guest House,Res.1&2 or Guest House,0,,not_applicable,knn,
PRROW20250414330,Commercial,ROW Commercial,New Construction,,,,Not Identified,,missing,missing,missing,,,0,,not_applicable,knn,
PRROW20250414471,1 to 2 Family,ROW Residential,New Construction,,,,Res.1&2 or Guest House,Res.1&2 or Guest House,missing,missing,missing,Res.1&2 or Guest House,Res.1&2 or Guest House,0,,not_applicable,knn,
PRROW20250414495,Commercial,ROW Commercial,New Construction,,,,Not Identified,,missing,missing,missing,,,0,,not_applicable,knn,
PRROW20250414593,1 to 2 Family,ROW Residential,New Construction,,,,Res.1&2 or Guest House,Res.1&2 or Guest House,missing,missing,missing,Res.1&2 or Guest House,Res.1&2 or Guest House,0,,not_applicable,knn,
PRROW20250414603,Commercial,ROW Commercial,New Construction,,,,Not Identified,,missing,missing,missing,,,0,,not_applicable,knn,
PRROW20250414624,Commercial,ROW Commercial,New Construction,,,,Not Identified,,missing,missing,missing,,,0,,not_applicable,knn,
PRROW20250414721,1 to 2 Family,ROW Residential,New Construction,,,,Res.1&2 or Guest House,Res.1&2 or Guest House,missing,missing,missing,Res.1&2 or Guest House,,1,Res.1&2 or Guest House,knn,knn,1.0
PRROW20250414785,1 to 2 Family,ROW Residential,New Construction,,,,Res.1&2 or Guest House,Res.1&2 or Guest House,missing,missing,missing,Res.1&2 or Guest House,Res.1&2 or Guest House,0,,not_applicable,knn,
PRROW20250414833,1 to 2 Family,ROW Residential,Alteration/Remodel,,,,Res.1&2 or Guest House,Res.1&2 or Guest House,missing,missing,missing,Res.1&2 or Guest House,Res.1&2 or Guest House,0,,not_applicable,knn,
PRROW20250414874,1 to 2 Family,ROW Residential,New Construction,,,,Res.1&2 or Guest House,Res.1&2 or Guest House,missing,missing,missing,Res.1&2 or Guest House,,1,Res.1&2 or Guest House,knn,knn,1.0
PRROW20250415240,1 to 2 Family,ROW Residential,Alteration/Remodel,,,,Res.1&2 or Guest House,Res.1&2 or Guest House,missing,missing,missing,Res.1&2 or Guest House,Res.1&2 or Guest House,0,,not_applicable,knn,
PRROW20250415388,1 to 2 Family,ROW Residential,New Construction,,,,Res.1&2 or Guest House,Res.1&2 or Guest House,missing,missing,missing,Res.1&2 or Guest House,Res.1&2 or Guest House,0,,not_applicable,knn,
PRROW20250415410,1 to 2 Family,ROW Residential,New Construction,,,,Res.1&2 or Guest House,Res.1&2 or Guest House,missing,missing,missing,Res.1&2 or Guest House,Res.1&2 or Guest House,0,,not_applicable,knn,
PRROW20250415570,1 to 2 Family,ROW Residential,New Construction,,,,Res.1&2 or Guest House,Res.1&2 or Guest House,missing,missing,missing,Res.1&2 or Guest House,Res.1&2 or Guest House,0,,not_applicable,knn,
PRROW20250415732,1 to 2 Family,ROW Residential,New Construction,,,,Res.1&2 or Guest House,Res.1&2 or Guest House,missing,missing,missing,Res.1&2 or Guest House,Res.1&2 or Guest House,0,,not_applicable,knn,
PRROW20250415987,1 to 2 Family,ROW Residential,New Construction,,,,Res.1&2 or Guest House,Res.1&2 or Guest House,missing,missing,missing,Res.1&2 or Guest House,,1,Res.1&2 or Guest House,knn,knn,1.0
PRROW20250416040,Commercial,ROW Commercial,New Construction,,,,Not Identified,,missing,missing,missing,,,0,,not_applicable,knn,
PRROW20250416316,1 to 2 Family,ROW Residential,New Construction,,,,Res.1&2 or Guest House,Res.1&2 or Guest House,missing,missing,missing,Res.1&2 or Guest House,Res.1&2 or Guest House,0,,not_applicable,knn,
PRROW20250416448,1 to 2 Family,ROW Residential,New Construction,,,,Res.1&2 or Guest House,Res.1&2 or Guest House,missing,missing,missing,Res.1&2 or Guest House,Res.1&2 or Guest House,0,,not_applicable,knn,
PRSD20220313288,1 to 2 Family,Revision - Building,Alteration/Remodel,1,0,1,Res.1&2 or Guest House,Res.1&2 or Guest House,le_1,1,zero,Res.1&2 or Guest House,Res.1&2 or Guest House,0,,not_applicable,knn,
PRSD20230311343,1 to 2 Family,Revision - Building,Alteration/Remodel,50,0,1,Res.1&2 or Guest House,Res.1&2 or Guest House,2_999,1,zero,Res.1&2 or Guest House,Res.1&2 or Guest House,0,,not_applicable,knn,
PRSD20240415263,Commercial,Revision - Building,Alteration/Remodel,50,0,1,Residential-Multi-Family,Residential-Multi-Family,2_999,1,zero,Residential-Multi-Family,Residential-Multi-Family,0,,not_applicable,knn,
PRSD20240519861,1 to 2 Family,Revision - Building,Alteration/Remodel,50,0,0,Res.1&2 or Guest House,Res.1&2 or Guest House,2_999,0,zero,Res.1&2 or Guest House,Res.1&2 or Guest House,0,,not_applicable,knn,
PRSD20240624421,Commercial,Revision - Building,Alteration/Remodel,1,0,1,Residential-Multi-Family,Residential-Multi-Family,le_1,1,zero,Residential-Multi-Family,Residential-Multi-Family,0,,not_applicable,knn,
PRSD20240625976,1 to 2 Family,Revision - Building,Alteration/Remodel,0,0,1,Res.1&2 or Guest House,Res.1&2 or Guest House,le_1,1,zero,Res.1&2 or Guest House,Res.1&2 or Guest House,0,,not_applicable,knn,
PRSD20240727440,1 to 2 Family,Revision - Building,Alteration/Remodel,50,0,1,Res.1&2 or Guest House,Res.1&2 or Guest House,2_999,1,zero,Res.1&2 or Guest House,Res.1&2 or Guest House,0,,not_applicable,knn,
PRSD20240833651,1 to 2 Family,Revision - Building,Alteration/Remodel,0,0,1,Res.1&2 or Guest House,Res.1&2 or Guest House,le_1,1,zero,Res.1&2 or Guest House,,1,Res.1&2 or Guest House,knn,knn,1.0
PRSD20240834916,Commercial,Shutters/Doors/Windows,Alteration/Remodel,41098,0,1,Residential-Multi-Family,Residential-Multi-Family,10000_99999,1,zero,Residential-Multi-Family,Residential-Multi-Family,0,,not_applicable,knn,
PRSD20240834919,Commercial,Shutters/Doors/Windows,Alteration/Remodel,41098,0,1,Residential-Multi-Family,Residential-Multi-Family,10000_99999,1,zero,Residential-Multi-Family,Residential-Multi-Family,0,,not_applicable,knn,
PRSD20240834922,Commercial,Shutters/Doors/Windows,Alteration/Remodel,30297,0,1,Residential-Multi-Family,Residential-Multi-Family,10000_99999,1,zero,Residential-Multi-Family,Residential-Multi-Family,0,,not_applicable,knn,
PRSD20240834927,Commercial,Shutters/Doors/Windows,Alteration/Remodel,30297,0,1,Residential-Multi-Family,Residential-Multi-Family,10000_99999,1,zero,Residential-Multi-Family,Residential-Multi-Family,0,,not_applicable,knn,
PRSD20240834931,Commercial,Shutters/Doors/Windows,Alteration/Remodel,30297,0,1,Residential-Multi-Family,Residential-Multi-Family,10000_99999,1,zero,Residential-Multi-Family,Residential-Multi-Family,0,,not_applicable,knn,
PRSD20240834939,Commercial,Shutters/Doors/Windows,Alteration/Remodel,30072,0,1,Residential-Multi-Family,Residential-Multi-Family,10000_99999,1,zero,Residential-Multi-Family,Residential-Multi-Family,0,,not_applicable,knn,
PRSD20240834941,Commercial,Shutters/Doors/Windows,Alteration/Remodel,30072,0,1,Residential-Multi-Family,Residential-Multi-Family,10000_99999,1,zero,Residential-Multi-Family,Residential-Multi-Family,0,,not_applicable,knn,
PRSD20240834958,Commercial,Shutters/Doors/Windows,Alteration/Remodel,30072,0,1,Residential-Multi-Family,Residential-Multi-Family,10000_99999,1,zero,Residential-Multi-Family,,1,Residential-Multi-Family,knn,knn,1.0
PRSD20240834959,Commercial,Shutters/Doors/Windows,Alteration/Remodel,30297,0,1,Residential-Multi-Family,Residential-Multi-Family,10000_99999,1,zero,Residential-Multi-Family,Residential-Multi-Family,0,,not_applicable,knn,
PRSD20240834960,Commercial,Shutters/Doors/Windows,Alteration/Remodel,30297,0,1,Residential-Multi-Family,Residential-Multi-Family,10000_99999,1,zero,Residential-Multi-Family,,1,Residential-Multi-Family,knn,knn,1.0
PRSD20240834963,Commercial,Shutters/Doors/Windows,Alteration/Remodel,30522,0,1,Residential-Multi-Family,Residential-Multi-Family,10000_99999,1,zero,Residential-Multi-Family,Residential-Multi-Family,0,,not_applicable,knn,
PRSD20240834964,Commercial,Shutters/Doors/Windows,Alteration/Remodel,30522,0,1,Residential-Multi-Family,Residential-Multi-Family,10000_99999,1,zero,Residential-Multi-Family,Residential-Multi-Family,0,,not_applicable,knn,
PRSD20240834965,Commercial,Shutters/Doors/Windows,Alteration/Remodel,30522,0,1,Residential-Multi-Family,Residential-Multi-Family,10000_99999,1,zero,Residential-Multi-Family,Residential-Multi-Family,0,,not_applicable,knn,
PRSD20240834969,Commercial,Shutters/Doors/Windows,Alteration/Remodel,30522,0,1,Residential-Multi-Family,Residential-Multi-Family,10000_99999,1,zero,Residential-Multi-Family,Residential-Multi-Family,0,,not_applicable,knn,
PRSD20240834970,Commercial,Shutters/Doors/Windows,Alteration/Remodel,30522,0,1,Residential-Multi-Family,Residential-Multi-Family,10000_99999,1,zero,Residential-Multi-Family,Residential-Multi-Family,0,,not_applicable,knn,
PRSD20240834971,Commercial,Shutters/Doors/Windows,Alteration/Remodel,30522,0,1,Residential-Multi-Family,Residential-Multi-Family,10000_99999,1,zero,Residential-Multi-Family,Residential-Multi-Family,0,,not_applicable,knn,
PRSD20240834975,Commercial,Shutters/Doors/Windows,Alteration/Remodel,30297,0,1,Residential-Multi-Family,Residential-Multi-Family,10000_99999,1,zero,Residential-Multi-Family,Residential-Multi-Family,0,,not_applicable,knn,
PRSD20240834977,Commercial,Shutters/Doors/Windows,Alteration/Remodel,30297,0,1,Residential-Multi-Family,Residential-Multi-Family,10000_99999,1,zero,Residential-Multi-Family,Residential-Multi-Family,0,,not_applicable,knn,
PRSD20240834978,Commercial,Shutters/Doors/Windows,Alteration/Remodel,30297,0,1,Residential-Multi-Family,Residential-Multi-Family,10000_99999,1,zero,Residential-Multi-Family,Residential-Multi-Family,0,,not_applicable,knn,
PRSD20240834981,Commercial,Shutters/Doors/Windows,Alteration/Remodel,30297,0,1,Residential-Multi-Family,Residential-Multi-Family,10000_99999,1,zero,Residential-Multi-Family,Residential-Multi-Family,0,,not_applicable,knn,
PRSD20240936593,1 to 2 Family,Revision - Building,Alteration/Remodel,1,0,1,Res.1&2 or Guest House,Res.1&2 or Guest House,le_1,1,zero,Res.1&2 or Guest House,Res.1&2 or Guest House,0,,not_applicable,knn,
PRSD20240938737,Commercial,Revision - Building,Alteration/Remodel,1,0,0,Residential-Multi-Family,Residential-Multi-Family,le_1,0,zero,Residential-Multi-Family,Residential-Multi-Family,0,,not_applicable,knn,
PRSD20240939526,Commercial,Shutters/Doors/Windows,Alteration/Remodel,73264,0,1,Residential-Multi-Family,Residential-Multi-Family,10000_99999,1,zero,Residential-Multi-Family,,1,Residential-Multi-Family,knn,knn,1.0
PRSD20240939532,Commercial,Shutters/Doors/Windows,Alteration/Remodel,73264,0,1,Residential-Multi-Family,Residential-Multi-Family,10000_99999,1,zero,Residential-Multi-Family,Residential-Multi-Family,0,,not_applicable,knn,
PRSD20240939553,Commercial,Shutters/Doors/Windows,Alteration/Remodel,73264,0,1,Residential-Multi-Family,Residential-Multi-Family,10000_99999,1,zero,Residential-Multi-Family,Residential-Multi-Family,0,,not_applicable,knn,
PRSD20240939561,Commercial,Shutters/Doors/Windows,Alteration/Remodel,73264,0,1,Residential-Multi-Family,Residential-Multi-Family,10000_99999,1,zero,Residential-Multi-Family,,1,Residential-Multi-Family,knn,knn,1.0
PRSD20241042559,Commercial,Shutters/Doors/Windows,Alteration/Remodel,2750.04,0,1,Residential-Multi-Family,Residential-Multi-Family,1000_9999,1,zero,Residential-Multi-Family,Residential-Multi-Family,0,,not_applicable,knn,
PRSD20241043758,1 to 2 Family,Shutters/Doors/Windows,Alteration/Remodel,9676.08,0,1,Res.1&2 or Guest House,Res.1&2 or Guest House,1000_9999,1,zero,Res.1&2 or Guest House,Res.1&2 or Guest House,0,,not_applicable,knn,
PRSD20241144935,Commercial,Shutters/Doors/Windows,Alteration/Remodel,50000,0,1,Residential-Multi-Family,Residential-Multi-Family,10000_99999,1,zero,Residential-Multi-Family,Residential-Multi-Family,0,,not_applicable,knn,
PRSD20241144938,Commercial,Shutters/Doors/Windows,Alteration/Remodel,50000,0,1,Residential-Multi-Family,Residential-Multi-Family,10000_99999,1,zero,Residential-Multi-Family,,1,Residential-Multi-Family,knn,knn,1.0
PRSD20241146621,1 to 2 Family,Revision - Building,Alteration/Remodel,1,0,1,Res.1&2 or Guest House,Res.1&2 or Guest House,le_1,1,zero,Res.1&2 or Guest House,Res.1&2 or Guest House,0,,not_applicable,knn,
PRSD20241146947,Commercial,Shutters/Doors/Windows,Alteration/Remodel,17600,0,1,Residential-Multi-Family,Residential-Multi-Family,10000_99999,1,zero,Residential-Multi-Family,Residential-Multi-Family,0,,not_applicable,knn,
PRSD20241248925,1 to 2 Family,Revision - Building,Alteration/Remodel,5,0,0,Res.1&2 or Guest House,Res.1&2 or Guest House,2_999,0,zero,Res.1&2 or Guest House,Res.1&2 or Guest House,0,,not_applicable,knn,
PRSD20241250537,1 to 2 Family,Revision - Building,Alteration/Remodel,1,0,1,Res.1&2 or Guest House,Res.1&2 or Guest House,le_1,1,zero,Res.1&2 or Guest House,Res.1&2 or Guest House,0,,not_applicable,knn,
PRSD20241250641,Commercial,Shutters/Doors/Windows,Alteration/Remodel,13867.63,0,1,Residential-Multi-Family,Residential-Multi-Family,10000_99999,1,zero,Residential-Multi-Family,Residential-Multi-Family,0,,not_applicable,knn,
PRSD20241251756,1 to 2 Family,Shutters/Doors/Windows,Alteration/Remodel,4700,0,1,Res.1&2 or Guest House,Res.1&2 or Guest House,1000_9999,1,zero,Res.1&2 or Guest House,Res.1&2 or Guest House,0,,not_applicable,knn,
PRSD20250100136,1 to 2 Family,Revision - Building,Alteration/Remodel,1,0,1,Res.1&2 or Guest House,Res.1&2 or Guest House,le_1,1,zero,Res.1&2 or Guest House,Res.1&2 or Guest House,0,,not_applicable,knn,
PRSD20250100802,Commercial,Shutters/Doors/Windows,Alteration/Remodel,4000,0,1,Residential-Multi-Family,Residential-Multi-Family,1000_9999,1,zero,Residential-Multi-Family,Residential-Multi-Family,0,,not_applicable,knn,
PRSD20250101897,Commercial,Shutters/Doors/Windows,Alteration/Remodel,22794.240000000002,0,1,Residential-Multi-Family,Residential-Multi-Family,10000_99999,1,zero,Residential-Multi-Family,Residential-Multi-Family,0,,not_applicable,knn,
PRSD20250102701,Commercial,Revision - Building,Alteration/Remodel,4432.96,0,1,Residential-Multi-Family,Residential-Multi-Family,1000_9999,1,zero,Residential-Multi-Family,Residential-Multi-Family,0,,not_applicable,knn,
PRSD20250102794,Commercial,Revision - Building,Alteration/Remodel,10697.34,0,0,Residential-Multi-Family,Residential-Multi-Family,10000_99999,0,zero,Residential-Multi-Family,Residential-Multi-Family,0,,not_applicable,knn,
PRSD20250103062,Commercial,Shutters/Doors/Windows,Alteration/Remodel,2000,0,1,Residential-Multi-Family,Residential-Multi-Family,1000_9999,1,zero,Residential-Multi-Family,Residential-Multi-Family,0,,not_applicable,knn,
PRSD20250103503,Commercial,Revision - Building,Alteration/Remodel,5038.3,0,0,Residential-Multi-Family,Residential-Multi-Family,1000_9999,0,zero,Residential-Multi-Family,Residential-Multi-Family,0,,not_applicable,knn,
PRSD20250103642,1 to 2 Family,Revision - Building,Alteration/Remodel,50,0,1,Res.1&2 or Guest House,Res.1&2 or Guest House,2_999,1,zero,Res.1&2 or Guest House,,1,Res.1&2 or Guest House,knn,knn,1.0
PRSD20250104162,1 to 2 Family,Revision - Building,Alteration/Remodel,50,0,1,Res.1&2 or Guest House,Res.1&2 or Guest House,2_999,1,zero,Res.1&2 or Guest House,Res.1&2 or Guest House,0,,not_applicable,knn,
PRSD20250204779,Commercial,Shutters/Doors/Windows,Alteration/Remodel,34378.07,0,1,Commercial,Commercial,10000_99999,1,zero,Commercial,Commercial,0,,not_applicable,knn,
PRSD20250205471,Commercial,Shutters/Doors/Windows,Alteration/Remodel,6200,0,1,Residential-Multi-Family,Residential-Multi-Family,1000_9999,1,zero,Residential-Multi-Family,,1,Residential-Multi-Family,knn,knn,1.0
PRSD20250205769,1 to 2 Family,Shutters/Doors/Windows,Alteration/Remodel,31540,0,1,Res.1&2 or Guest House,Res.1&2 or Guest House,10000_99999,1,zero,Res.1&2 or Guest House,,1,Res.1&2 or Guest House,knn,knn,1.0
PRSD20250206240,1 to 2 Family,Shutters/Doors/Windows,Alteration/Remodel,5000,0,1,Res.1&2 or Guest House,Res.1&2 or Guest House,1000_9999,1,zero,Res.1&2 or Guest House,Res.1&2 or Guest House,0,,not_applicable,knn,
PRSD20250206326,Commercial,Shutters/Doors/Windows,Alteration/Remodel,14453,0,1,Residential-Multi-Family,Residential-Multi-Family,10000_99999,1,zero,Residential-Multi-Family,Residential-Multi-Family,0,,not_applicable,knn,
PRSD20250206429,1 to 2 Family,Revision - Building,Alteration/Remodel,50,0,0,Res.1&2 or Guest House,Res.1&2 or Guest House,2_999,0,zero,Res.1&2 or Guest House,,1,Res.1&2 or Guest House,knn,knn,1.0
PRSD20250206807,1 to 2 Family,Shutters/Doors/Windows,Alteration/Remodel,165000,0,1,Res.1&2 or Guest House,Res.1&2 or Guest House,100000_plus,1,zero,Res.1&2 or Guest House,Res.1&2 or Guest House,0,,not_applicable,knn,
PRSD20250207184,Commercial,Shutters/Doors/Windows,Alteration/Remodel,4300,0,1,Residential-Multi-Family,Residential-Multi-Family,1000_9999,1,zero,Residential-Multi-Family,,1,Residential-Multi-Family,knn,knn,1.0
PRSD20250207185,1 to 2 Family,Shutters/Doors/Windows,Alteration/Remodel,3900,0,1,Res.1&2 or Guest House,Res.1&2 or Guest House,1000_9999,1,zero,Res.1&2 or Guest House,Res.1&2 or Guest House,0,,not_applicable,knn,
PRSD20250207186,1 to 2 Family,Shutters/Doors/Windows,Alteration/Remodel,4900,0,1,Res.1&2 or Guest House,Res.1&2 or Guest House,1000_9999,1,zero,Res.1&2 or Guest House,Res.1&2 or Guest House,0,,not_applicable,knn,
PRSD20250207322,Commercial,Shutters/Doors/Windows,Alteration/Remodel,4788.5,0,1,Residential-Multi-Family,Residential-Multi-Family,1000_9999,1,zero,Residential-Multi-Family,Residential-Multi-Family,0,,not_applicable,knn,
PRSD20250207352,1 to 2 Family,Shutters/Doors/Windows,Alteration/Remodel,30000,0,0,Res.1&2 or Guest House,Res.1&2 or Guest House,10000_99999,0,zero,Res.1&2 or Guest House,Res.1&2 or Guest House,0,,not_applicable,knn,
PRSD20250207572,Commercial,Revision - Building,Alteration/Remodel,2832.98,0,1,Residential-Multi-Family,Residential-Multi-Family,1000_9999,1,zero,Residential-Multi-Family,Residential-Multi-Family,0,,not_applicable,knn,
PRSD20250207749,1 to 2 Family,Shutters/Doors/Windows,Alteration/Remodel,14312,0,1,Res.1&2 or Guest House,Res.1&2 or Guest House,10000_99999,1,zero,Res.1&2 or Guest House,Res.1&2 or Guest House,0,,not_applicable,knn,
PRSD20250207810,Commercial,Shutters/Doors/Windows,Alteration/Remodel,9600,0,1,Residential-Multi-Family,Residential-Multi-Family,1000_9999,1,zero,Residential-Multi-Family,Residential-Multi-Family,0,,not_applicable,knn,
PRSD20250207900,Commercial,Shutters/Doors/Windows,Alteration/Remodel,28380,0,1,Residential-Multi-Family,Residential-Multi-Family,10000_99999,1,zero,Residential-Multi-Family,Residential-Multi-Family,0,,not_applicable,knn,
PRSD20250207902,1 to 2 Family,Revision - Building,Alteration/Remodel,50,0,0,Res.1&2 or Guest House,Res.1&2 or Guest House,2_999,0,zero,Res.1&2 or Guest House,,1,Res.1&2 or Guest House,knn,knn,1.0
PRSD20250208036,Commercial,Shutters/Doors/Windows,Alteration/Remodel,2840,0,1,Residential-Multi-Family,Residential-Multi-Family,1000_9999,1,zero,Residential-Multi-Family,Residential-Multi-Family,0,,not_applicable,knn,
PRSD20250208080,Commercial,Shutters/Doors/Windows,Alteration/Remodel,3500,0,1,Residential-Multi-Family,Residential-Multi-Family,1000_9999,1,zero,Residential-Multi-Family,Residential-Multi-Family,0,,not_applicable,knn,
PRSD20250208081,Commercial,Shutters/Doors/Windows,Alteration/Remodel,3500,0,1,Residential-Multi-Family,Residential-Multi-Family,1000_9999,1,zero,Residential-Multi-Family,Residential-Multi-Family,0,,not_applicable,knn,
PRSD20250208109,Commercial,Shutters/Doors/Windows,Alteration/Remodel,6500,0,1,Residential-Multi-Family,Residential-Multi-Family,1000_9999,1,zero,Residential-Multi-Family,Residential-Multi-Family,0,,not_applicable,knn,
PRSD20250208124,Commercial,Shutters/Doors/Windows,Alteration/Remodel,17600,0,1,Residential-Multi-Family,Residential-Multi-Family,10000_99999,1,zero,Residential-Multi-Family,Residential-Multi-Family,0,,not_applicable,knn,
PRSD20250208166,Commercial,Shutters/Doors/Windows,Alteration/Remodel,4807,0,1,Residential-Multi-Family,Residential-Multi-Family,1000_9999,1,zero,Residential-Multi-Family,Residential-Multi-Family,0,,not_applicable,knn,
PRSD20250208195,1 to 2 Family,Shutters/Doors/Windows,Alteration/Remodel,19887,0,1,Res.1&2 or Guest House,Res.1&2 or Guest House,10000_99999,1,zero,Res.1&2 or Guest House,Res.1&2 or Guest House,0,,not_applicable,knn,
PRSD20250208227,Commercial,Shutters/Doors/Windows,Alteration/Remodel,10460,0,0,Residential-Multi-Family,Residential-Multi-Family,10000_99999,0,zero,Residential-Multi-Family,,1,Residential-Multi-Family,knn,knn,1.0
PRSD20250208257,1 to 2 Family,Revision - Building,Alteration/Remodel,12505.47,0,1,Res.1&2 or Guest House,Res.1&2 or Guest House,10000_99999,1,zero,Res.1&2 or Guest House,Res.1&2 or Guest House,0,,not_applicable,knn,
PRSD20250208285,Commercial,Shutters/Doors/Windows,Alteration/Remodel,10461.66,0,1,Residential-Multi-Family,Residential-Multi-Family,10000_99999,1,zero,Residential-Multi-Family,,1,Residential-Multi-Family,knn,knn,1.0
PRSD20250208445,1 to 2 Family,Shutters/Doors/Windows,Alteration/Remodel,12000,0,1,Res.1&2 or Guest House,Res.1&2 or Guest House,10000_99999,1,zero,Res.1&2 or Guest House,Res.1&2 or Guest House,0,,not_applicable,knn,
PRSD20250208490,Commercial,Shutters/Doors/Windows,Alteration/Remodel,25000,0,1,Residential-Multi-Family,Residential-Multi-Family,10000_99999,1,zero,Residential-Multi-Family,Residential-Multi-Family,0,,not_applicable,knn,
PRSD20250208556,1 to 2 Family,Shutters/Doors/Windows,Alteration/Remodel,29652.7,0,1,Res.1&2 or Guest House,Res.1&2 or Guest House,10000_99999,1,zero,Res.1&2 or Guest House,Res.1&2 or Guest House,0,,not_applicable,knn,
PRSD20250308831,1 to 2 Family,Shutters/Doors/Windows,Alteration/Remodel,17275,0,1,Res.1&2 or Guest House,Res.1&2 or Guest House,10000_99999,1,zero,Res.1&2 or Guest House,Res.1&2 or Guest House,0,,not_applicable,knn,
PRSD20250308842,1 to 2 Family,Shutters/Doors/Windows,Alteration/Remodel,18000,0,1,Res.1&2 or Guest House,Res.1&2 or Guest House,10000_99999,1,zero,Res.1&2 or Guest House,,1,Res.1&2 or Guest House,knn,knn,1.0
PRSD20250308900,1 to 2 Family,Shutters/Doors/Windows,Alteration/Remodel,6000,0,1,Res.1&2 or Guest House,Res.1&2 or Guest House,1000_9999,1,zero,Res.1&2 or Guest House,Res.1&2 or Guest House,0,,not_applicable,knn,
PRSD20250308922,1 to 2 Family,Revision - Building,Alteration/Remodel,1800,0,1,Res.1&2 or Guest House,Res.1&2 or Guest House,1000_9999,1,zero,Res.1&2 or Guest House,Res.1&2 or Guest House,0,,not_applicable,knn,
PRSD20250308983,1 to 2 Family,Shutters/Doors/Windows,Alteration/Remodel,13600,0,1,Res.1&2 or Guest House,Res.1&2 or Guest House,10000_99999,1,zero,Res.1&2 or Guest House,Res.1&2 or Guest House,0,,not_applicable,knn,
PRSD20250309069,Commercial,Shutters/Doors/Windows,Alteration/Remodel,32040,0,1,Residential-Multi-Family,Residential-Multi-Family,10000_99999,1,zero,Residential-Multi-Family,,1,Residential-Multi-Family,knn,knn,1.0
PRSD20250309100,1 to 2 Family,Revision - Building,Alteration/Remodel,2410.5300000000002,0,0,Res.1&2 or Guest House,Res.1&2 or Guest House,1000_9999,0,zero,Res.1&2 or Guest House,Res.1&2 or Guest House,0,,not_applicable,knn,
PRSD20250309153,Commercial,Shutters/Doors/Windows,Alteration/Remodel,4750,0,1,Residential-Multi-Family,Residential-Multi-Family,1000_9999,1,zero,Residential-Multi-Family,Residential-Multi-Family,0,,not_applicable,knn,
PRSD20250309258,Commercial,Shutters/Doors/Windows,Alteration/Remodel,7800,0,1,Residential-Multi-Family,Residential-Multi-Family,1000_9999,1,zero,Residential-Multi-Family,Residential-Multi-Family,0,,not_applicable,knn,
PRSD20250309295,Commercial,Shutters/Doors/Windows,Alteration/Remodel,3432,0,1,Commercial,Commercial,1000_9999,1,zero,Commercial,Commercial,0,,not_applicable,knn,
PRSD20250309401,1 to 2 Family,Shutters/Doors/Windows,Alteration/Remodel,30000,0,1,Res.1&2 or Guest House,Res.1&2 or Guest House,10000_99999,1,zero,Res.1&2 or Guest House,Res.1&2 or Guest House,0,,not_applicable,knn,
PRSD20250309466,1 to 2 Family,Shutters/Doors/Windows,Alteration/Remodel,45900,0,1,Res.1&2 or Guest House,Res.1&2 or Guest House,10000_99999,1,zero,Res.1&2 or Guest House,Res.1&2 or Guest House,0,,not_applicable,knn,
PRSD20250309512,Commercial,Shutters/Doors/Windows,Alteration/Remodel,44000,0,1,Residential-Multi-Family,Residential-Multi-Family,10000_99999,1,zero,Residential-Multi-Family,Residential-Multi-Family,0,,not_applicable,knn,
PRSD20250309593,1 to 2 Family,Shutters/Doors/Windows,Alteration/Remodel,7250,0,1,Res.1&2 or Guest House,Res.1&2 or Guest House,1000_9999,1,zero,Res.1&2 or Guest House,Res.1&2 or Guest House,0,,not_applicable,knn,
PRSD20250309598,Commercial,Shutters/Doors/Windows,Alteration/Remodel,27000,0,1,Residential-Multi-Family,Residential-Multi-Family,10000_99999,1,zero,Residential-Multi-Family,Residential-Multi-Family,0,,not_applicable,knn,
PRSD20250309601,Commercial,Shutters/Doors/Windows,Alteration/Remodel,19840,0,1,Residential-Multi-Family,Residential-Multi-Family,10000_99999,1,zero,Residential-Multi-Family,,1,Residential-Multi-Family,knn,knn,1.0
PRSD20250309609,Commercial,Shutters/Doors/Windows,Alteration/Remodel,25000,0,1,Residential-Multi-Family,Residential-Multi-Family,10000_99999,1,zero,Residential-Multi-Family,Residential-Multi-Family,0,,not_applicable,knn,
PRSD20250309623,Commercial,Shutters/Doors/Windows,Alteration/Remodel,9833,0,1,Residential-Multi-Family,Residential-Multi-Family,1000_9999,1,zero,Residential-Multi-Family,Residential-Multi-Family,0,,not_applicable,knn,
PRSD20250309625,Commercial,Revision - Building,Alteration/Remodel,1740.4,0,0,Residential-Multi-Family,Residential-Multi-Family,1000_9999,0,zero,Residential-Multi-Family,Residential-Multi-Family,0,,not_applicable,knn,
PRSD20250309648,1 to 2 Family,Shutters/Doors/Windows,Alteration/Remodel,5000,0,1,Res.1&2 or Guest House,Res.1&2 or Guest House,1000_9999,1,zero,Res.1&2 or Guest House,Res.1&2 or Guest House,0,,not_applicable,knn,
PRSD20250309660,1 to 2 Family,Shutters/Doors/Windows,Alteration/Remodel,40000,0,1,Res.1&2 or Guest House,Res.1&2 or Guest House,10000_99999,1,zero,Res.1&2 or Guest House,Res.1&2 or Guest House,0,,not_applicable,knn,
PRSD20250309674,Commercial,Shutters/Doors/Windows,Alteration/Remodel,5700,0,1,Residential-Multi-Family,Residential-Multi-Family,1000_9999,1,zero,Residential-Multi-Family,,1,Residential-Multi-Family,knn,knn,1.0
PRSD20250309728,Commercial,Shutters/Doors/Windows,Alteration/Remodel,15985.75,0,1,Residential-Multi-Family,Residential-Multi-Family,10000_99999,1,zero,Residential-Multi-Family,Residential-Multi-Family,0,,not_applicable,knn,
PRSD20250309815,1 to 2 Family,Shutters/Doors/Windows,Alteration/Remodel,21950,0,1,Res.1&2 or Guest House,Res.1&2 or Guest House,10000_99999,1,zero,Res.1&2 or Guest House,Res.1&2 or Guest House,0,,not_applicable,knn,
PRSD20250309840,Commercial,Shutters/Doors/Windows,Alteration/Remodel,4751,0,1,Residential-Multi-Family,Residential-Multi-Family,1000_9999,1,zero,Residential-Multi-Family,Residential-Multi-Family,0,,not_applicable,knn,
PRSD20250309864,Commercial,Shutters/Doors/Windows,Alteration/Remodel,2160,0,0,Residential-Multi-Family,Residential-Multi-Family,1000_9999,0,zero,Residential-Multi-Family,,1,Residential-Multi-Family,knn,knn,1.0
PRSD20250309914,1 to 2 Family,Shutters/Doors/Windows,Alteration/Remodel,11796.62,0,1,Res.1&2 or Guest House,Res.1&2 or Guest House,10000_99999,1,zero,Res.1&2 or Guest House,Res.1&2 or Guest House,0,,not_applicable,knn,
PRSD20250309926,1 to 2 Family,Shutters/Doors/Windows,Alteration/Remodel,6756.53,0,1,Res.1&2 or Guest House,Res.1&2 or Guest House,1000_9999,1,zero,Res.1&2 or Guest House,,1,Res.1&2 or Guest House,knn,knn,1.0
PRSD20250309949,1 to 2 Family,Shutters/Doors/Windows,Alteration/Remodel,19577.79,0,1,Res.1&2 or Guest House,Res.1&2 or Guest House,10000_99999,1,zero,Res.1&2 or Guest House,Res.1&2 or Guest House,0,,not_applicable,knn,
PRSD20250309950,1 to 2 Family,Shutters/Doors/Windows,Alteration/Remodel,3000,0,1,Res.1&2 or Guest House,Res.1&2 or Guest House,1000_9999,1,zero,Res.1&2 or Guest House,Res.1&2 or Guest House,0,,not_applicable,knn,
PRSD20250309953,1 to 2 Family,Shutters/Doors/Windows,Alteration/Remodel,44584.37,0,1,Res.1&2 or Guest House,Res.1&2 or Guest House,10000_99999,1,zero,Res.1&2 or Guest House,Res.1&2 or Guest House,0,,not_applicable,knn,
PRSD20250309969,Commercial,Shutters/Doors/Windows,Alteration/Remodel,4875,0,0,Residential-Multi-Family,Residential-Multi-Family,1000_9999,0,zero,Residential-Multi-Family,Residential-Multi-Family,0,,not_applicable,knn,
PRSD20250309971,Commercial,Shutters/Doors/Windows,Alteration/Remodel,2856.66,0,1,Residential-Multi-Family,Residential-Multi-Family,1000_9999,1,zero,Residential-Multi-Family,Residential-Multi-Family,0,,not_applicable,knn,
PRSD20250309973,Commercial,Shutters/Doors/Windows,Alteration/Remodel,29980,0,1,Residential-Multi-Family,Residential-Multi-Family,10000_99999,1,zero,Residential-Multi-Family,Residential-Multi-Family,0,,not_applicable,knn,
PRSD20250309995,Commercial,Shutters/Doors/Windows,Alteration/Remodel,29980,0,1,Residential-Multi-Family,Residential-Multi-Family,10000_99999,1,zero,Residential-Multi-Family,Residential-Multi-Family,0,,not_applicable,knn,
PRSD20250310046,1 to 2 Family,Shutters/Doors/Windows,Alteration/Remodel,7365,0,1,Res.1&2 or Guest House,Res.1&2 or Guest House,1000_9999,1,zero,Res.1&2 or Guest House,Res.1&2 or Guest House,0,,not_applicable,knn,
PRSD20250310056,Commercial,Shutters/Doors/Windows,Alteration/Remodel,14948.43,0,1,Residential-Multi-Family,Residential-Multi-Family,10000_99999,1,zero,Residential-Multi-Family,Residential-Multi-Family,0,,not_applicable,knn,
PRSD20250310076,1 to 2 Family,Revision - Building,Alteration/Remodel,6214.43,0,1,Res.1&2 or Guest House,Res.1&2 or Guest House,1000_9999,1,zero,Res.1&2 or Guest House,Res.1&2 or Guest House,0,,not_applicable,knn,
PRSD20250310106,1 to 2 Family,Shutters/Doors/Windows,Alteration/Remodel,13250,0,1,Res.1&2 or Guest House,Res.1&2 or Guest House,10000_99999,1,zero,Res.1&2 or Guest House,Res.1&2 or Guest House,0,,not_applicable,knn,
PRSD20250310107,Commercial,Shutters/Doors/Windows,Alteration/Remodel,8466,0,1,Residential-Multi-Family,Residential-Multi-Family,1000_9999,1,zero,Residential-Multi-Family,Residential-Multi-Family,0,,not_applicable,knn,
PRSD20250310168,Commercial,Shutters/Doors/Windows,Alteration/Remodel,2490,0,1,Residential-Multi-Family,Residential-Multi-Family,1000_9999,1,zero,Residential-Multi-Family,Residential-Multi-Family,0,,not_applicable,knn,
PRSD20250310171,1 to 2 Family,Shutters/Doors/Windows,Alteration/Remodel,63458,0,1,Res.1&2 or Guest House,Res.1&2 or Guest House,10000_99999,1,zero,Res.1&2 or Guest House,Res.1&2 or Guest House,0,,not_applicable,knn,
PRSD20250310234,Commercial,Shutters/Doors/Windows,Alteration/Remodel,25516.76,0,1,Residential-Multi-Family,Residential-Multi-Family,10000_99999,1,zero,Residential-Multi-Family,Residential-Multi-Family,0,,not_applicable,knn,
PRSD20250310306,Commercial,Shutters/Doors/Windows,Alteration/Remodel,13572,0,1,Residential-Multi-Family,Residential-Multi-Family,10000_99999,1,zero,Residential-Multi-Family,Residential-Multi-Family,0,,not_applicable,knn,
PRSD20250310330,Commercial,Shutters/Doors/Windows,Alteration/Remodel,10681.04,0,1,Residential-Multi-Family,Residential-Multi-Family,10000_99999,1,zero,Residential-Multi-Family,Residential-Multi-Family,0,,not_applicable,knn,
PRSD20250310392,1 to 2 Family,Shutters/Doors/Windows,Alteration/Remodel,37000,0,1,Res.1&2 or Guest House,Res.1&2 or Guest House,10000_99999,1,zero,Res.1&2 or Guest House,Res.1&2 or Guest House,0,,not_applicable,knn,
PRSD20250310394,Commercial,Shutters/Doors/Windows,Alteration/Remodel,5276,0,1,Residential-Multi-Family,Residential-Multi-Family,1000_9999,1,zero,Residential-Multi-Family,Residential-Multi-Family,0,,not_applicable,knn,
PRSD20250310401,1 to 2 Family,Shutters/Doors/Windows,Alteration/Remodel,18583.55,0,1,Res.1&2 or Guest House,Res.1&2 or Guest House,10000_99999,1,zero,Res.1&2 or Guest House,,1,Res.1&2 or Guest House,knn,knn,1.0
PRSD20250310414,1 to 2 Family,Shutters/Doors/Windows,Alteration/Remodel,45436.639999999999,0,1,Res.1&2 or Guest House,Res.1&2 or Guest House,10000_99999,1,zero,Res.1&2 or Guest House,Res.1&2 or Guest House,0,,not_applicable,knn,
PRSD20250310422,1 to 2 Family,Shutters/Doors/Windows,Alteration/Remodel,36847,0,1,Res.1&2 or Guest House,Res.1&2 or Guest House,10000_99999,1,zero,Res.1&2 or Guest House,Res.1&2 or Guest House,0,,not_applicable,knn,
PRSD20250310425,Commercial,Shutters/Doors/Windows,Alteration/Remodel,12252,0,1,Residential-Multi-Family,Residential-Multi-Family,10000_99999,1,zero,Residential-Multi-Family,,1,Residential-Multi-Family,knn,knn,1.0
PRSD20250310426,Commercial,Shutters/Doors/Windows,Alteration/Remodel,6480.6,0,1,Residential-Multi-Family,Residential-Multi-Family,1000_9999,1,zero,Residential-Multi-Family,Residential-Multi-Family,0,,not_applicable,knn,
PRSD20250310447,Commercial,Shutters/Doors/Windows,Alteration/Remodel,6480.6,0,1,Residential-Multi-Family,Residential-Multi-Family,1000_9999,1,zero,Residential-Multi-Family,Residential-Multi-Family,0,,not_applicable,knn,
PRSD20250310451,Commercial,Shutters/Doors/Windows,Alteration/Remodel,7721.12,0,1,Residential-Multi-Family,Residential-Multi-Family,1000_9999,1,zero,Residential-Multi-Family,Residential-Multi-Family,0,,not_applicable,knn,
PRSD20250310456,Commercial,Shutters/Doors/Windows,Alteration/Remodel,10532.43,0,1,Residential-Multi-Family,Residential-Multi-Family,10000_99999,1,zero,Residential-Multi-Family,Residential-Multi-Family,0,,not_applicable,knn,
PRSD20250310462,Commercial,Shutters/Doors/Windows,Alteration/Remodel,4670,0,1,Residential-Multi-Family,Residential-Multi-Family,1000_9999,1,zero,Residential-Multi-Family,Residential-Multi-Family,0,,not_applicable,knn,
PRSD20250310465,1 to 2 Family,Shutters/Doors/Windows,Alteration/Remodel,33000,0,1,Res.1&2 or Guest House,Res.1&2 or Guest House,10000_99999,1,zero,Res.1&2 or Guest House,,1,Res.1&2 or Guest House,knn,knn,1.0
PRSD20250310492,Commercial,Shutters/Doors/Windows,Alteration/Remodel,13279.86,0,1,Residential-Multi-Family,Residential-Multi-Family,10000_99999,1,zero,Residential-Multi-Family,Residential-Multi-Family,0,,not_applicable,knn,
PRSD20250310502,Commercial,Shutters/Doors/Windows,Alteration/Remodel,25000,0,1,Residential-Multi-Family,Residential-Multi-Family,10000_99999,1,zero,Residential-Multi-Family,,1,Residential-Multi-Family,knn,knn,1.0
PRSD20250310532,1 to 2 Family,Shutters/Doors/Windows,Alteration/Remodel,9500,0,1,Res.1&2 or Guest House,Res.1&2 or Guest House,1000_9999,1,zero,Res.1&2 or Guest House,,1,Res.1&2 or Guest House,knn,knn,1.0
PRSD20250310552,1 to 2 Family,Shutters/Doors/Windows,Alteration/Remodel,16402.14,0,1,Res.1&2 or Guest House,Res.1&2 or Guest House,10000_99999,1,zero,Res.1&2 or Guest House,Res.1&2 or Guest House,0,,not_applicable,knn,
PRSD20250310564,Commercial,Shutters/Doors/Windows,Alteration/Remodel,10650,0,1,Residential-Multi-Family,Residential-Multi-Family,10000_99999,1,zero,Residential-Multi-Family,,1,Residential-Multi-Family,knn,knn,1.0
PRSD20250310565,Commercial,Shutters/Doors/Windows,Alteration/Remodel,11038.91,0,1,Residential-Multi-Family,Residential-Multi-Family,10000_99999,1,zero,Residential-Multi-Family,Residential-Multi-Family,0,,not_applicable,knn,
PRSD20250310571,Commercial,Shutters/Doors/Windows,Alteration/Remodel,31240,0,1,Residential-Multi-Family,Residential-Multi-Family,10000_99999,1,zero,Residential-Multi-Family,Residential-Multi-Family,0,,not_applicable,knn,
PRSD20250310574,1 to 2 Family,Shutters/Doors/Windows,Alteration/Remodel,5000,0,1,Res.1&2 or Guest House,Res.1&2 or Guest House,1000_9999,1,zero,Res.1&2 or Guest House,Res.1&2 or Guest House,0,,not_applicable,knn,
PRSD20250310593,1 to 2 Family,Shutters/Doors/Windows,Alteration/Remodel,29500,0,1,Res.1&2 or Guest House,Res.1&2 or Guest House,10000_99999,1,zero,Res.1&2 or Guest House,Res.1&2 or Guest House,0,,not_applicable,knn,
PRSD20250310595,Commercial,Shutters/Doors/Windows,Alteration/Remodel,10934.46,0,1,Residential-Multi-Family,Residential-Multi-Family,10000_99999,1,zero,Residential-Multi-Family,Residential-Multi-Family,0,,not_applicable,knn,
PRSD20250310617,1 to 2 Family,Shutters/Doors/Windows,Alteration/Remodel,21368,0,1,Res.1&2 or Guest House,Res.1&2 or Guest House,10000_99999,1,zero,Res.1&2 or Guest House,Res.1&2 or Guest House,0,,not_applicable,knn,
PRSD20250310619,Commercial,Shutters/Doors/Windows,Alteration/Remodel,5329,0,1,Residential-Multi-Family,Residential-Multi-Family,1000_9999,1,zero,Residential-Multi-Family,,1,Residential-Multi-Family,knn,knn,1.0
PRSD20250310660,1 to 2 Family,Shutters/Doors/Windows,Alteration/Remodel,7303,0,1,Res.1&2 or Guest House,Res.1&2 or Guest House,1000_9999,1,zero,Res.1&2 or Guest House,Res.1&2 or Guest House,0,,not_applicable,knn,
PRSD20250310663,1 to 2 Family,Shutters/Doors/Windows,Alteration/Remodel,45829.37,0,1,Res.1&2 or Guest House,Res.1&2 or Guest House,10000_99999,1,zero,Res.1&2 or Guest House,Res.1&2 or Guest House,0,,not_applicable,knn,
PRSD20250310671,Commercial,Shutters/Doors/Windows,Alteration/Remodel,16119,0,1,Residential-Multi-Family,Residential-Multi-Family,10000_99999,1,zero,Residential-Multi-Family,Residential-Multi-Family,0,,not_applicable,knn,
PRSD20250310676,Commercial,Shutters/Doors/Windows,Alteration/Remodel,10743,0,1,Residential-Multi-Family,Residential-Multi-Family,10000_99999,1,zero,Residential-Multi-Family,Residential-Multi-Family,0,,not_applicable,knn,
PRSD20250310680,Commercial,Shutters/Doors/Windows,Alteration/Remodel,24700,0,1,Residential-Multi-Family,Residential-Multi-Family,10000_99999,1,zero,Residential-Multi-Family,Residential-Multi-Family,0,,not_applicable,knn,
PRSD20250310736,Commercial,Shutters/Doors/Windows,Alteration/Remodel,4000,0,1,Residential-Multi-Family,Residential-Multi-Family,1000_9999,1,zero,Residential-Multi-Family,Residential-Multi-Family,0,,not_applicable,knn,
PRSD20250310755,Commercial,Shutters/Doors/Windows,Alteration/Remodel,62428,0,1,Residential-Multi-Family,Residential-Multi-Family,10000_99999,1,zero,Residential-Multi-Family,Residential-Multi-Family,0,,not_applicable,knn,
PRSD20250310763,1 to 2 Family,Shutters/Doors/Windows,Alteration/Remodel,16995,0,1,Res.1&2 or Guest House,Res.1&2 or Guest House,10000_99999,1,zero,Res.1&2 or Guest House,Res.1&2 or Guest House,0,,not_applicable,knn,
PRSD20250310796,Commercial,Shutters/Doors/Windows,Alteration/Remodel,1480.46,0,1,Residential-Multi-Family,Residential-Multi-Family,1000_9999,1,zero,Residential-Multi-Family,Residential-Multi-Family,0,,not_applicable,knn,
PRSD20250310816,1 to 2 Family,Shutters/Doors/Windows,Alteration/Remodel,3200,0,1,Res.1&2 or Guest House,Res.1&2 or Guest House,1000_9999,1,zero,Res.1&2 or Guest House,Res.1&2 or Guest House,0,,not_applicable,knn,
PRSD20250310919,1 to 2 Family,Shutters/Doors/Windows,Alteration/Remodel,10000,0,1,Res.1&2 or Guest House,Res.1&2 or Guest House,10000_99999,1,zero,Res.1&2 or Guest House,Res.1&2 or Guest House,0,,not_applicable,knn,
PRSD20250310952,Commercial,Shutters/Doors/Windows,Alteration/Remodel,26300,0,1,Residential-Multi-Family,Residential-Multi-Family,10000_99999,1,zero,Residential-Multi-Family,Residential-Multi-Family,0,,not_applicable,knn,
PRSD20250310969,Commercial,Shutters/Doors/Windows,Alteration/Remodel,5530,0,1,Residential-Multi-Family,Residential-Multi-Family,1000_9999,1,zero,Residential-Multi-Family,Residential-Multi-Family,0,,not_applicable,knn,
PRSD20250310984,Commercial,Shutters/Doors/Windows,Alteration/Remodel,30500,0,1,Residential-Multi-Family,Residential-Multi-Family,10000_99999,1,zero,Residential-Multi-Family,Residential-Multi-Family,0,,not_applicable,knn,
PRSD20250311000,1 to 2 Family,Shutters/Doors/Windows,Alteration/Remodel,62000,0,1,Res.1&2 or Guest House,Res.1&2 or Guest House,10000_99999,1,zero,Res.1&2 or Guest House,Res.1&2 or Guest House,0,,not_applicable,knn,
PRSD20250311009,Commercial,Shutters/Doors/Windows,Alteration/Remodel,7354,0,1,Residential-Multi-Family,Residential-Multi-Family,1000_9999,1,zero,Residential-Multi-Family,Residential-Multi-Family,0,,not_applicable,knn,
PRSD20250311022,Commercial,Shutters/Doors/Windows,Alteration/Remodel,21200,0,1,Residential-Multi-Family,Residential-Multi-Family,10000_99999,1,zero,Residential-Multi-Family,,1,Residential-Multi-Family,knn,knn,1.0
PRSD20250311023,Commercial,Shutters/Doors/Windows,Alteration/Remodel,3746.97,0,1,Residential-Multi-Family,Residential-Multi-Family,1000_9999,1,zero,Residential-Multi-Family,Residential-Multi-Family,0,,not_applicable,knn,
PRSD20250311031,Commercial,Shutters/Doors/Windows,Alteration/Remodel,11969,0,1,Residential-Multi-Family,Residential-Multi-Family,10000_99999,1,zero,Residential-Multi-Family,Residential-Multi-Family,0,,not_applicable,knn,
PRSD20250311033,Commercial,Shutters/Doors/Windows,Alteration/Remodel,36496,0,0,Residential-Multi-Family,Residential-Multi-Family,10000_99999,0,zero,Residential-Multi-Family,Residential-Multi-Family,0,,not_applicable,knn,
PRSD20250311046,Commercial,Shutters/Doors/Windows,Alteration/Remodel,30000,0,1,Commercial,Commercial,10000_99999,1,zero,Commercial,Commercial,0,,not_applicable,knn,
PRSD20250311053,1 to 2 Family,Revision - Building,Alteration/Remodel,1,0,1,Res.1&2 or Guest House,Res.1&2 or Guest House,le_1,1,zero,Res.1&2 or Guest House,,1,Res.1&2 or Guest House,knn,knn,1.0
PRSD20250311073,1 to 2 Family,Shutters/Doors/Windows,Alteration/Remodel,12000,0,1,Res.1&2 or Guest House,Res.1&2 or Guest House,10000_99999,1,zero,Res.1&2 or Guest House,,1,Res.1&2 or Guest House,knn,knn,1.0
PRSD20250311081,1 to 2 Family,Shutters/Doors/Windows,Alteration/Remodel,9013.98,0,1,Res.1&2 or Guest House,Res.1&2 or Guest House,1000_9999,1,zero,Res.1&2 or Guest House,Res.1&2 or Guest House,0,,not_applicable,knn,
PRSD20250311083,1 to 2 Family,Shutters/Doors/Windows,Alteration/Remodel,22200,0,1,Res.1&2 or Guest House,Res.1&2 or Guest House,10000_99999,1,zero,Res.1&2 or Guest House,Res.1&2 or Guest House,0,,not_applicable,knn,
PRSD20250311088,Commercial,Shutters/Doors/Windows,Alteration/Remodel,11996.7,0,1,Residential-Multi-Family,Residential-Multi-Family,10000_99999,1,zero,Residential-Multi-Family,Residential-Multi-Family,0,,not_applicable,knn,
PRSD20250311094,Commercial,Shutters/Doors/Windows,Alteration/Remodel,11347,0,1,Residential-Multi-Family,Residential-Multi-Family,10000_99999,1,zero,Residential-Multi-Family,Residential-Multi-Family,0,,not_applicable,knn,
PRSD20250311098,Commercial,Shutters/Doors/Windows,Alteration/Remodel,6264,0,1,Residential-Multi-Family,Residential-Multi-Family,1000_9999,1,zero,Residential-Multi-Family,Residential-Multi-Family,0,,not_applicable,knn,
PRSD20250311109,1 to 2 Family,Shutters/Doors/Windows,Alteration/Remodel,20548,0,1,Res.1&2 or Guest House,Res.1&2 or Guest House,10000_99999,1,zero,Res.1&2 or Guest House,Res.1&2 or Guest House,0,,not_applicable,knn,
PRSD20250311111,Commercial,Shutters/Doors/Windows,Alteration/Remodel,19800,0,1,Residential-Multi-Family,Residential-Multi-Family,10000_99999,1,zero,Residential-Multi-Family,,1,Residential-Multi-Family,knn,knn,1.0
PRSD20250311136,Commercial,Shutters/Doors/Windows,Alteration/Remodel,1200,0,1,Residential-Multi-Family,Residential-Multi-Family,1000_9999,1,zero,Residential-Multi-Family,Residential-Multi-Family,0,,not_applicable,knn,
PRSD20250311151,Commercial,Shutters/Doors/Windows,Alteration/Remodel,2820.28,0,1,Residential-Multi-Family,Residential-Multi-Family,1000_9999,1,zero,Residential-Multi-Family,,1,Residential-Multi-Family,knn,knn,1.0
PRSD20250311156,1 to 2 Family,Shutters/Doors/Windows,Alteration/Remodel,13000,0,1,Res.1&2 or Guest House,Res.1&2 or Guest House,10000_99999,1,zero,Res.1&2 or Guest House,Res.1&2 or Guest House,0,,not_applicable,knn,
PRSD20250311158,1 to 2 Family,Shutters/Doors/Windows,Alteration/Remodel,8023,0,1,Res.1&2 or Guest House,Res.1&2 or Guest House,1000_9999,1,zero,Res.1&2 or Guest House,Res.1&2 or Guest House,0,,not_applicable,knn,
PRSD20250311165,Commercial,Shutters/Doors/Windows,Alteration/Remodel,9150,0,1,Residential-Multi-Family,Residential-Multi-Family,1000_9999,1,zero,Residential-Multi-Family,Residential-Multi-Family,0,,not_applicable,knn,
PRSD20250311169,1 to 2 Family,Shutters/Doors/Windows,Alteration/Remodel,12963,0,1,Res.1&2 or Guest House,Res.1&2 or Guest House,10000_99999,1,zero,Res.1&2 or Guest House,,1,Res.1&2 or Guest House,knn,knn,1.0
PRSD20250311176,Commercial,Shutters/Doors/Windows,Alteration/Remodel,8000,0,1,Residential-Multi-Family,Residential-Multi-Family,1000_9999,1,zero,Residential-Multi-Family,Residential-Multi-Family,0,,not_applicable,knn,
PRSD20250311181,Commercial,Shutters/Doors/Windows,Alteration/Remodel,36998,0,1,Residential-Multi-Family,Residential-Multi-Family,10000_99999,1,zero,Residential-Multi-Family,Residential-Multi-Family,0,,not_applicable,knn,
PRSD20250311185,Commercial,Shutters/Doors/Windows,Alteration/Remodel,25260,0,0,Residential-Multi-Family,Residential-Multi-Family,10000_99999,0,zero,Residential-Multi-Family,Residential-Multi-Family,0,,not_applicable,knn,
PRSD20250311238,1 to 2 Family,Shutters/Doors/Windows,Alteration/Remodel,35204.67,0,1,Res.1&2 or Guest House,Res.1&2 or Guest House,10000_99999,1,zero,Res.1&2 or Guest House,Res.1&2 or Guest House,0,,not_applicable,knn,
PRSD20250311267,1 to 2 Family,Shutters/Doors/Windows,Alteration/Remodel,5972.8,0,1,Res.1&2 or Guest House,Res.1&2 or Guest House,1000_9999,1,zero,Res.1&2 or Guest House,,1,Res.1&2 or Guest House,knn,knn,1.0
PRSD20250311298,1 to 2 Family,Shutters/Doors/Windows,Alteration/Remodel,1695,0,1,Res.1&2 or Guest House,Res.1&2 or Guest House,1000_9999,1,zero,Res.1&2 or Guest House,,1,Res.1&2 or Guest House,knn,knn,1.0
PRSD20250311340,Commercial,Shutters/Doors/Windows,Alteration/Remodel,6816.79,0,1,Residential-Multi-Family,Residential-Multi-Family,1000_9999,1,zero,Residential-Multi-Family,Residential-Multi-Family,0,,not_applicable,knn,
PRSD20250311356,1 to 2 Family,Shutters/Doors/Windows,Alteration/Remodel,4000,0,1,Res.1&2 or Guest House,Res.1&2 or Guest House,1000_9999,1,zero,Res.1&2 or Guest House,Res.1&2 or Guest House,0,,not_applicable,knn,
PRSD20250311360,Commercial,Shutters/Doors/Windows,Alteration/Remodel,12150,0,1,Residential-Multi-Family,Residential-Multi-Family,10000_99999,1,zero,Residential-Multi-Family,Residential-Multi-Family,0,,not_applicable,knn,
PRSD20250311361,1 to 2 Family,Shutters/Doors/Windows,Alteration/Remodel,25308,0,1,Res.1&2 or Guest House,Res.1&2 or Guest House,10000_99999,1,zero,Res.1&2 or Guest House,Res.1&2 or Guest House,0,,not_applicable,knn,
PRSD20250311362,Commercial,Shutters/Doors/Windows,Alteration/Remodel,2500,0,0,Not Identified,,1000_9999,0,zero,,,0,,not_applicable,knn,
PRSD20250311367,Commercial,Shutters/Doors/Windows,Alteration/Remodel,14746.67,0,1,Residential-Multi-Family,Residential-Multi-Family,10000_99999,1,zero,Residential-Multi-Family,,1,Residential-Multi-Family,knn,knn,1.0
PRSD20250311383,1 to 2 Family,Shutters/Doors/Windows,Alteration/Remodel,20056,0,1,Res.1&2 or Guest House,Res.1&2 or Guest House,10000_99999,1,zero,Res.1&2 or Guest House,Res.1&2 or Guest House,0,,not_applicable,knn,
PRSD20250311394,Commercial,Shutters/Doors/Windows,Alteration/Remodel,31753,0,1,Residential-Multi-Family,Residential-Multi-Family,10000_99999,1,zero,Residential-Multi-Family,Residential-Multi-Family,0,,not_applicable,knn,
PRSD20250311408,Commercial,Shutters/Doors/Windows,Alteration/Remodel,24400,0,1,Residential-Multi-Family,Residential-Multi-Family,10000_99999,1,zero,Residential-Multi-Family,Residential-Multi-Family,0,,not_applicable,knn,
PRSD20250311440,Commercial,Shutters/Doors/Windows,Alteration/Remodel,15000,0,1,Residential-Multi-Family,Residential-Multi-Family,10000_99999,1,zero,Residential-Multi-Family,Residential-Multi-Family,0,,not_applicable,knn,
PRSD20250311450,1 to 2 Family,Shutters/Doors/Windows,Alteration/Remodel,10625.56,0,1,Res.1&2 or Guest House,Res.1&2 or Guest House,10000_99999,1,zero,Res.1&2 or Guest House,Res.1&2 or Guest House,0,,not_applicable,knn,
PRSD20250311455,Commercial,Shutters/Doors/Windows,Alteration/Remodel,6589,0,1,Residential-Multi-Family,Residential-Multi-Family,1000_9999,1,zero,Residential-Multi-Family,Residential-Multi-Family,0,,not_applicable,knn,
PRSD20250311478,Commercial,Shutters/Doors/Windows,Alteration/Remodel,2290,0,1,Residential-Multi-Family,Residential-Multi-Family,1000_9999,1,zero,Residential-Multi-Family,Residential-Multi-Family,0,,not_applicable,knn,
PRSD20250311479,Commercial,Shutters/Doors/Windows,Alteration/Remodel,10000,0,1,Residential-Multi-Family,Residential-Multi-Family,10000_99999,1,zero,Residential-Multi-Family,,1,Residential-Multi-Family,knn,knn,1.0
PRSD20250311483,Commercial,Shutters/Doors/Windows,Alteration/Remodel,25786,0,1,Residential-Multi-Family,Residential-Multi-Family,10000_99999,1,zero,Residential-Multi-Family,Residential-Multi-Family,0,,not_applicable,knn,
PRSD20250311493,Commercial,Shutters/Doors/Windows,Alteration/Remodel,7882,0,1,Residential-Multi-Family,Residential-Multi-Family,1000_9999,1,zero,Residential-Multi-Family,Residential-Multi-Family,0,,not_applicable,knn,
PRSD20250311525,1 to 2 Family,Shutters/Doors/Windows,Alteration/Remodel,40982,0,1,Res.1&2 or Guest House,Res.1&2 or Guest House,10000_99999,1,zero,Res.1&2 or Guest House,,1,Res.1&2 or Guest House,knn,knn,1.0
PRSD20250311559,Commercial,Shutters/Doors/Windows,Alteration/Remodel,2410,0,1,Residential-Multi-Family,Residential-Multi-Family,1000_9999,1,zero,Residential-Multi-Family,,1,Residential-Multi-Family,knn,knn,1.0
PRSD20250311563,1 to 2 Family,Shutters/Doors/Windows,Alteration/Remodel,30064.33,0,1,Res.1&2 or Guest House,Res.1&2 or Guest House,10000_99999,1,zero,Res.1&2 or Guest House,,1,Res.1&2 or Guest House,knn,knn,1.0
PRSD20250311574,Commercial,Shutters/Doors/Windows,Alteration/Remodel,5113.8,0,1,Residential-Multi-Family,Residential-Multi-Family,1000_9999,1,zero,Residential-Multi-Family,Residential-Multi-Family,0,,not_applicable,knn,
PRSD20250311578,Commercial,Shutters/Doors/Windows,Alteration/Remodel,4765,0,1,Residential-Multi-Family,Residential-Multi-Family,1000_9999,1,zero,Residential-Multi-Family,Residential-Multi-Family,0,,not_applicable,knn,
PRSD20250311586,1 to 2 Family,Shutters/Doors/Windows,Alteration/Remodel,25047.61,0,1,Res.1&2 or Guest House,Res.1&2 or Guest House,10000_99999,1,zero,Res.1&2 or Guest House,Res.1&2 or Guest House,0,,not_applicable,knn,
PRSD20250311605,1 to 2 Family,Shutters/Doors/Windows,Alteration/Remodel,3161,0,1,Res.1&2 or Guest House,Res.1&2 or Guest House,1000_9999,1,zero,Res.1&2 or Guest House,Res.1&2 or Guest House,0,,not_applicable,knn,
PRSD20250311634,1 to 2 Family,Shutters/Doors/Windows,Alteration/Remodel,20000,0,1,Res.1&2 or Guest House,Res.1&2 or Guest House,10000_99999,1,zero,Res.1&2 or Guest House,Res.1&2 or Guest House,0,,not_applicable,knn,
PRSD20250311673,1 to 2 Family,Shutters/Doors/Windows,Alteration/Remodel,15450,0,1,Res.1&2 or Guest House,Res.1&2 or Guest House,10000_99999,1,zero,Res.1&2 or Guest House,Res.1&2 or Guest House,0,,not_applicable,knn,
PRSD20250311676,Commercial,Shutters/Doors/Windows,Alteration/Remodel,37900,0,1,Residential-Multi-Family,Residential-Multi-Family,10000_99999,1,zero,Residential-Multi-Family,Residential-Multi-Family,0,,not_applicable,knn,
PRSD20250311684,1 to 2 Family,Shutters/Doors/Windows,Alteration/Remodel,23900,0,1,Res.1&2 or Guest House,Res.1&2 or Guest House,10000_99999,1,zero,Res.1&2 or Guest House,,1,Res.1&2 or Guest House,knn,knn,1.0
PRSD20250311686,1 to 2 Family,Shutters/Doors/Windows,Alteration/Remodel,27069,0,1,Res.1&2 or Guest House,Res.1&2 or Guest House,10000_99999,1,zero,Res.1&2 or Guest House,Res.1&2 or Guest House,0,,not_applicable,knn,
PRSD20250311688,1 to 2 Family,Shutters/Doors/Windows,Alteration/Remodel,11972,0,1,Res.1&2 or Guest House,Res.1&2 or Guest House,10000_99999,1,zero,Res.1&2 or Guest House,Res.1&2 or Guest House,0,,not_applicable,knn,
PRSD20250311779,1 to 2 Family,Shutters/Doors/Windows,Alteration/Remodel,22375,0,1,Res.1&2 or Guest House,Res.1&2 or Guest House,10000_99999,1,zero,Res.1&2 or Guest House,Res.1&2 or Guest House,0,,not_applicable,knn,
PRSD20250311782,Commercial,Shutters/Doors/Windows,Alteration/Remodel,21831,0,1,Residential-Multi-Family,Residential-Multi-Family,10000_99999,1,zero,Residential-Multi-Family,Residential-Multi-Family,0,,not_applicable,knn,
PRSD20250311789,Commercial,Shutters/Doors/Windows,Alteration/Remodel,5700,0,1,Residential-Multi-Family,Residential-Multi-Family,1000_9999,1,zero,Residential-Multi-Family,Residential-Multi-Family,0,,not_applicable,knn,
PRSD20250311793,Commercial,Shutters/Doors/Windows,Alteration/Remodel,21831,0,1,Residential-Multi-Family,Residential-Multi-Family,10000_99999,1,zero,Residential-Multi-Family,Residential-Multi-Family,0,,not_applicable,knn,
PRSD20250311812,Commercial,Shutters/Doors/Windows,Alteration/Remodel,8285.4,0,1,Residential-Multi-Family,Residential-Multi-Family,1000_9999,1,zero,Residential-Multi-Family,Residential-Multi-Family,0,,not_applicable,knn,
PRSD20250311819,1 to 2 Family,Shutters/Doors/Windows,Alteration/Remodel,10748.91,0,1,Res.1&2 or Guest House,Res.1&2 or Guest House,10000_99999,1,zero,Res.1&2 or Guest House,Res.1&2 or Guest House,0,,not_applicable,knn,
PRSD20250311854,1 to 2 Family,Shutters/Doors/Windows,Alteration/Remodel,34331,0,1,Res.1&2 or Guest House,Res.1&2 or Guest House,10000_99999,1,zero,Res.1&2 or Guest House,,1,Res.1&2 or Guest House,knn,knn,1.0
PRSD20250311856,Commercial,Shutters/Doors/Windows,Alteration/Remodel,5747.4,0,1,Not Identified,,1000_9999,1,zero,,,0,,not_applicable,knn,
PRSD20250311863,Commercial,Shutters/Doors/Windows,Alteration/Remodel,2698.57,0,1,Residential-Multi-Family,Residential-Multi-Family,1000_9999,1,zero,Residential-Multi-Family,,1,Residential-Multi-Family,knn,knn,1.0
PRSD20250311866,Commercial,Shutters/Doors/Windows,Alteration/Remodel,11949.7,0,1,Residential-Multi-Family,Residential-Multi-Family,10000_99999,1,zero,Residential-Multi-Family,Residential-Multi-Family,0,,not_applicable,knn,
PRSD20250311867,Commercial,Shutters/Doors/Windows,Alteration/Remodel,9639.51,0,1,Residential-Multi-Family,Residential-Multi-Family,1000_9999,1,zero,Residential-Multi-Family,Residential-Multi-Family,0,,not_applicable,knn,
PRSD20250311900,Commercial,Shutters/Doors/Windows,Alteration/Remodel,19980,0,1,Residential-Multi-Family,Residential-Multi-Family,10000_99999,1,zero,Residential-Multi-Family,,1,Residential-Multi-Family,knn,knn,1.0
PRSD20250311903,Commercial,Shutters/Doors/Windows,Alteration/Remodel,19980,0,1,Residential-Multi-Family,Residential-Multi-Family,10000_99999,1,zero,Residential-Multi-Family,Residential-Multi-Family,0,,not_applicable,knn,
PRSD20250311918,1 to 2 Family,Shutters/Doors/Windows,Alteration/Remodel,20073.650000000001,0,1,Res.1&2 or Guest House,Res.1&2 or Guest House,10000_99999,1,zero,Res.1&2 or Guest House,Res.1&2 or Guest House,0,,not_applicable,knn,
PRSD20250311927,1 to 2 Family,Shutters/Doors/Windows,Alteration/Remodel,1425,0,1,Res.1&2 or Guest House,Res.1&2 or Guest House,1000_9999,1,zero,Res.1&2 or Guest House,,1,Res.1&2 or Guest House,knn,knn,1.0
PRSD20250311934,1 to 2 Family,Shutters/Doors/Windows,Alteration/Remodel,5000,0,1,Res.1&2 or Guest House,Res.1&2 or Guest House,1000_9999,1,zero,Res.1&2 or Guest House,,1,Res.1&2 or Guest House,knn,knn,1.0
PRSD20250311971,1 to 2 Family,Shutters/Doors/Windows,Alteration/Remodel,7115,0,1,Res.1&2 or Guest House,Res.1&2 or Guest House,1000_9999,1,zero,Res.1&2 or Guest House,Res.1&2 or Guest House,0,,not_applicable,knn,
PRSD20250311987,1 to 2 Family,Shutters/Doors/Windows,Alteration/Remodel,36297,0,1,Res.1&2 or Guest House,Res.1&2 or Guest House,10000_99999,1,zero,Res.1&2 or Guest House,Res.1&2 or Guest House,0,,not_applicable,knn,
PRSD20250312007,1 to 2 Family,Shutters/Doors/Windows,Alteration/Remodel,21184.560000000001,0,1,Res.1&2 or Guest House,Res.1&2 or Guest House,10000_99999,1,zero,Res.1&2 or Guest House,Res.1&2 or Guest House,0,,not_applicable,knn,
PRSD20250312020,Commercial,Shutters/Doors/Windows,Alteration/Remodel,72523,0,1,Residential-Multi-Family,Residential-Multi-Family,10000_99999,1,zero,Residential-Multi-Family,,1,Residential-Multi-Family,knn,knn,1.0
PRSD20250312023,1 to 2 Family,Shutters/Doors/Windows,Alteration/Remodel,5690,0,1,Res.1&2 or Guest House,Res.1&2 or Guest House,1000_9999,1,zero,Res.1&2 or Guest House,,1,Res.1&2 or Guest House,knn,knn,1.0
PRSD20250312026,Commercial,Shutters/Doors/Windows,Alteration/Remodel,3253,0,1,Residential-Multi-Family,Residential-Multi-Family,1000_9999,1,zero,Residential-Multi-Family,Residential-Multi-Family,0,,not_applicable,knn,
PRSD20250312066,1 to 2 Family,Revision - Building,Alteration/Remodel,4848,0,1,Res.1&2 or Guest House,Res.1&2 or Guest House,1000_9999,1,zero,Res.1&2 or Guest House,Res.1&2 or Guest House,0,,not_applicable,knn,
PRSD20250312095,Commercial,Shutters/Doors/Windows,Alteration/Remodel,22955,0,1,Residential-Multi-Family,Residential-Multi-Family,10000_99999,1,zero,Residential-Multi-Family,Residential-Multi-Family,0,,not_applicable,knn,
PRSD20250312099,Commercial,Shutters/Doors/Windows,Alteration/Remodel,17082.82,0,1,Residential-Multi-Family,Residential-Multi-Family,10000_99999,1,zero,Residential-Multi-Family,Residential-Multi-Family,0,,not_applicable,knn,
PRSD20250312166,1 to 2 Family,Shutters/Doors/Windows,Alteration/Remodel,25523.29,0,1,Res.1&2 or Guest House,Res.1&2 or Guest House,10000_99999,1,zero,Res.1&2 or Guest House,,1,Res.1&2 or Guest House,knn,knn,1.0
PRSD20250312201,1 to 2 Family,Shutters/Doors/Windows,Alteration/Remodel,7630.69,0,1,Res.1&2 or Guest House,Res.1&2 or Guest House,1000_9999,1,zero,Res.1&2 or Guest House,Res.1&2 or Guest House,0,,not_applicable,knn,
PRSD20250312205,1 to 2 Family,Shutters/Doors/Windows,Alteration/Remodel,29000,0,1,Res.1&2 or Guest House,Res.1&2 or Guest House,10000_99999,1,zero,Res.1&2 or Guest House,Res.1&2 or Guest House,0,,not_applicable,knn,
PRSD20250312253,1 to 2 Family,Shutters/Doors/Windows,Alteration/Remodel,4478,0,1,Res.1&2 or Guest House,Res.1&2 or Guest House,1000_9999,1,zero,Res.1&2 or Guest House,,1,Res.1&2 or Guest House,knn,knn,1.0
PRSD20250312255,1 to 2 Family,Shutters/Doors/Windows,Alteration/Remodel,3640,0,1,Res.1&2 or Guest House,Res.1&2 or Guest House,1000_9999,1,zero,Res.1&2 or Guest House,Res.1&2 or Guest House,0,,not_applicable,knn,
PRSD20250312257,1 to 2 Family,Shutters/Doors/Windows,Alteration/Remodel,5000,0,1,Res.1&2 or Guest House,Res.1&2 or Guest House,1000_9999,1,zero,Res.1&2 or Guest House,Res.1&2 or Guest House,0,,not_applicable,knn,
PRSD20250312272,1 to 2 Family,Shutters/Doors/Windows,Alteration/Remodel,20000,0,1,Res.1&2 or Guest House,Res.1&2 or Guest House,10000_99999,1,zero,Res.1&2 or Guest House,Res.1&2 or Guest House,0,,not_applicable,knn,
PRSD20250312300,1 to 2 Family,Shutters/Doors/Windows,Alteration/Remodel,12659.2,0,1,Res.1&2 or Guest House,Res.1&2 or Guest House,10000_99999,1,zero,Res.1&2 or Guest House,,1,Res.1&2 or Guest House,knn,knn,1.0
PRSD20250312325,Commercial,Shutters/Doors/Windows,Alteration/Remodel,5990.88,0,1,Residential-Multi-Family,Residential-Multi-Family,1000_9999,1,zero,Residential-Multi-Family,Residential-Multi-Family,0,,not_applicable,knn,
PRSD20250312333,1 to 2 Family,Shutters/Doors/Windows,Alteration/Remodel,5200,0,1,Res.1&2 or Guest House,Res.1&2 or Guest House,1000_9999,1,zero,Res.1&2 or Guest House,Res.1&2 or Guest House,0,,not_applicable,knn,
PRSD20250312336,Commercial,Shutters/Doors/Windows,Alteration/Remodel,14617.22,0,1,Residential-Multi-Family,Residential-Multi-Family,10000_99999,1,zero,Residential-Multi-Family,Residential-Multi-Family,0,,not_applicable,knn,
PRSD20250312342,1 to 2 Family,Shutters/Doors/Windows,Alteration/Remodel,40000,0,1,Res.1&2 or Guest House,Res.1&2 or Guest House,10000_99999,1,zero,Res.1&2 or Guest House,Res.1&2 or Guest House,0,,not_applicable,knn,
PRSD20250312363,Commercial,Shutters/Doors/Windows,Alteration/Remodel,8000,0,0,Residential-Multi-Family,Residential-Multi-Family,1000_9999,0,zero,Residential-Multi-Family,Residential-Multi-Family,0,,not_applicable,knn,
PRSD20250312373,Commercial,Shutters/Doors/Windows,Alteration/Remodel,9100,0,1,Residential-Multi-Family,Residential-Multi-Family,1000_9999,1,zero,Residential-Multi-Family,Residential-Multi-Family,0,,not_applicable,knn,
PRSD20250312374,1 to 2 Family,Shutters/Doors/Windows,Alteration/Remodel,9600,0,1,Res.1&2 or Guest House,Res.1&2 or Guest House,1000_9999,1,zero,Res.1&2 or Guest House,Res.1&2 or Guest House,0,,not_applicable,knn,
PRSD20250312375,1 to 2 Family,Shutters/Doors/Windows,Alteration/Remodel,19300,0,1,Res.1&2 or Guest House,Res.1&2 or Guest House,10000_99999,1,zero,Res.1&2 or Guest House,Res.1&2 or Guest House,0,,not_applicable,knn,
PRSD20250312376,1 to 2 Family,Shutters/Doors/Windows,Alteration/Remodel,31900,0,1,Res.1&2 or Guest House,Res.1&2 or Guest House,10000_99999,1,zero,Res.1&2 or Guest House,Res.1&2 or Guest House,0,,not_applicable,knn,
PRSD20250312377,1 to 2 Family,Shutters/Doors/Windows,Alteration/Remodel,6569,0,1,Res.1&2 or Guest House,Res.1&2 or Guest House,1000_9999,1,zero,Res.1&2 or Guest House,Res.1&2 or Guest House,0,,not_applicable,knn,
PRSD20250312400,Commercial,Shutters/Doors/Windows,Alteration/Remodel,12824,0,1,Commercial,Commercial,10000_99999,1,zero,Commercial,Commercial,0,,not_applicable,knn,
PRSD20250312413,Commercial,Shutters/Doors/Windows,Alteration/Remodel,7094,0,1,Residential-Multi-Family,Residential-Multi-Family,1000_9999,1,zero,Residential-Multi-Family,,1,Residential-Multi-Family,knn,knn,1.0
PRSD20250312414,1 to 2 Family,Shutters/Doors/Windows,Alteration/Remodel,36995,0,0,Res.1&2 or Guest House,Res.1&2 or Guest House,10000_99999,0,zero,Res.1&2 or Guest House,Res.1&2 or Guest House,0,,not_applicable,knn,
PRSD20250312441,1 to 2 Family,Shutters/Doors/Windows,Alteration/Remodel,26173,0,1,Res.1&2 or Guest House,Res.1&2 or Guest House,10000_99999,1,zero,Res.1&2 or Guest House,,1,Res.1&2 or Guest House,knn,knn,1.0
PRSD20250312456,Commercial,Shutters/Doors/Windows,Alteration/Remodel,19800,0,1,Residential-Multi-Family,Residential-Multi-Family,10000_99999,1,zero,Residential-Multi-Family,Residential-Multi-Family,0,,not_applicable,knn,
PRSD20250312475,1 to 2 Family,Shutters/Doors/Windows,Alteration/Remodel,9750,0,1,Res.1&2 or Guest House,Res.1&2 or Guest House,1000_9999,1,zero,Res.1&2 or Guest House,,1,Res.1&2 or Guest House,knn,knn,1.0
PRSD20250312476,1 to 2 Family,Shutters/Doors/Windows,Alteration/Remodel,6620,0,1,Res.1&2 or Guest House,Res.1&2 or Guest House,1000_9999,1,zero,Res.1&2 or Guest House,Res.1&2 or Guest House,0,,not_applicable,knn,
PRSD20250312483,1 to 2 Family,Shutters/Doors/Windows,Alteration/Remodel,16350,0,1,Res.1&2 or Guest House,Res.1&2 or Guest House,10000_99999,1,zero,Res.1&2 or Guest House,Res.1&2 or Guest House,0,,not_applicable,knn,
PRSD20250312486,Commercial,Shutters/Doors/Windows,Alteration/Remodel,8099,0,1,Residential-Multi-Family,Residential-Multi-Family,1000_9999,1,zero,Residential-Multi-Family,Residential-Multi-Family,0,,not_applicable,knn,
PRSD20250312494,Commercial,Shutters/Doors/Windows,Alteration/Remodel,15352.51,0,1,Residential-Multi-Family,Residential-Multi-Family,10000_99999,1,zero,Residential-Multi-Family,Residential-Multi-Family,0,,not_applicable,knn,
PRSD20250312505,1 to 2 Family,Shutters/Doors/Windows,Alteration/Remodel,16500,0,1,Res.1&2 or Guest House,Res.1&2 or Guest House,10000_99999,1,zero,Res.1&2 or Guest House,,1,Res.1&2 or Guest House,knn,knn,1.0
PRSD20250312510,1 to 2 Family,Shutters/Doors/Windows,Alteration/Remodel,12528,0,1,Res.1&2 or Guest House,Res.1&2 or Guest House,10000_99999,1,zero,Res.1&2 or Guest House,Res.1&2 or Guest House,0,,not_applicable,knn,
PRSD20250312512,Commercial,Shutters/Doors/Windows,Alteration/Remodel,14000,0,1,Residential-Multi-Family,Residential-Multi-Family,10000_99999,1,zero,Residential-Multi-Family,Residential-Multi-Family,0,,not_applicable,knn,
PRSD20250312521,Commercial,Shutters/Doors/Windows,Alteration/Remodel,16950,0,1,Residential-Multi-Family,Residential-Multi-Family,10000_99999,1,zero,Residential-Multi-Family,Residential-Multi-Family,0,,not_applicable,knn,
PRSD20250312561,1 to 2 Family,Shutters/Doors/Windows,Alteration/Remodel,17500,0,1,Res.1&2 or Guest House,Res.1&2 or Guest House,10000_99999,1,zero,Res.1&2 or Guest House,Res.1&2 or Guest House,0,,not_applicable,knn,
PRSD20250312563,1 to 2 Family,Shutters/Doors/Windows,Alteration/Remodel,9963,0,1,Res.1&2 or Guest House,Res.1&2 or Guest House,1000_9999,1,zero,Res.1&2 or Guest House,Res.1&2 or Guest House,0,,not_applicable,knn,
PRSD20250312587,1 to 2 Family,Shutters/Doors/Windows,Alteration/Remodel,1274.51,0,1,Res.1&2 or Guest House,Res.1&2 or Guest House,1000_9999,1,zero,Res.1&2 or Guest House,,1,Res.1&2 or Guest House,knn,knn,1.0
PRSD20250312588,Commercial,Shutters/Doors/Windows,Alteration/Remodel,2652.8,0,1,Commercial,Commercial,1000_9999,1,zero,Commercial,Commercial,0,,not_applicable,knn,
PRSD20250312607,1 to 2 Family,Shutters/Doors/Windows,Alteration/Remodel,5749.87,0,1,Res.1&2 or Guest House,Res.1&2 or Guest House,1000_9999,1,zero,Res.1&2 or Guest House,Res.1&2 or Guest House,0,,not_applicable,knn,
PRSD20250312630,1 to 2 Family,Shutters/Doors/Windows,Alteration/Remodel,33317.82,0,1,Res.1&2 or Guest House,Res.1&2 or Guest House,10000_99999,1,zero,Res.1&2 or Guest House,Res.1&2 or Guest House,0,,not_applicable,knn,
PRSD20250312656,Commercial,Shutters/Doors/Windows,Alteration/Remodel,4848.49,0,1,Residential-Multi-Family,Residential-Multi-Family,1000_9999,1,zero,Residential-Multi-Family,Residential-Multi-Family,0,,not_applicable,knn,
PRSD20250312663,1 to 2 Family,Shutters/Doors/Windows,Alteration/Remodel,17000,0,1,Res.1&2 or Guest House,Res.1&2 or Guest House,10000_99999,1,zero,Res.1&2 or Guest House,Res.1&2 or Guest House,0,,not_applicable,knn,
PRSD20250312687,1 to 2 Family,Shutters/Doors/Windows,Alteration/Remodel,5300,0,1,Res.1&2 or Guest House,Res.1&2 or Guest House,1000_9999,1,zero,Res.1&2 or Guest House,Res.1&2 or Guest House,0,,not_applicable,knn,
PRSD20250312702,1 to 2 Family,Shutters/Doors/Windows,Alteration/Remodel,7650.11,0,1,Res.1&2 or Guest House,Res.1&2 or Guest House,1000_9999,1,zero,Res.1&2 or Guest House,Res.1&2 or Guest House,0,,not_applicable,knn,
PRSD20250312715,1 to 2 Family,Shutters/Doors/Windows,Alteration/Remodel,5982.3,0,1,Res.1&2 or Guest House,Res.1&2 or Guest House,1000_9999,1,zero,Res.1&2 or Guest House,Res.1&2 or Guest House,0,,not_applicable,knn,
PRSD20250312721,1 to 2 Family,Shutters/Doors/Windows,Alteration/Remodel,11048.4,0,1,Res.1&2 or Guest House,Res.1&2 or Guest House,10000_99999,1,zero,Res.1&2 or Guest House,Res.1&2 or Guest House,0,,not_applicable,knn,
PRSD20250312726,Commercial,Shutters/Doors/Windows,Alteration/Remodel,4000,0,1,Residential-Multi-Family,Residential-Multi-Family,1000_9999,1,zero,Residential-Multi-Family,Residential-Multi-Family,0,,not_applicable,knn,
PRSD20250312729,1 to 2 Family,Shutters/Doors/Windows,Alteration/Remodel,38066.629999999997,0,1,Res.1&2 or Guest House,Res.1&2 or Guest House,10000_99999,1,zero,Res.1&2 or Guest House,Res.1&2 or Guest House,0,,not_applicable,knn,
PRSD20250312747,1 to 2 Family,Shutters/Doors/Windows,Alteration/Remodel,17500,0,1,Res.1&2 or Guest House,Res.1&2 or Guest House,10000_99999,1,zero,Res.1&2 or Guest House,Res.1&2 or Guest House,0,,not_applicable,knn,
PRSD20250312756,1 to 2 Family,Shutters/Doors/Windows,Alteration/Remodel,4600,0,1,Res.1&2 or Guest House,Res.1&2 or Guest House,1000_9999,1,zero,Res.1&2 or Guest House,Res.1&2 or Guest House,0,,not_applicable,knn,
PRSD20250312761,Commercial,Shutters/Doors/Windows,Alteration/Remodel,9992.25,0,1,Residential-Multi-Family,Residential-Multi-Family,1000_9999,1,zero,Residential-Multi-Family,,1,Residential-Multi-Family,knn,knn,1.0
PRSD20250312768,1 to 2 Family,Shutters/Doors/Windows,Alteration/Remodel,12816,0,1,Res.1&2 or Guest House,Res.1&2 or Guest House,10000_99999,1,zero,Res.1&2 or Guest House,Res.1&2 or Guest House,0,,not_applicable,knn,
PRSD20250312774,1 to 2 Family,Shutters/Doors/Windows,Alteration/Remodel,18000,0,1,Res.1&2 or Guest House,Res.1&2 or Guest House,10000_99999,1,zero,Res.1&2 or Guest House,Res.1&2 or Guest House,0,,not_applicable,knn,
PRSD20250312781,Commercial,Shutters/Doors/Windows,Alteration/Remodel,3612,0,1,Residential-Multi-Family,Residential-Multi-Family,1000_9999,1,zero,Residential-Multi-Family,,1,Residential-Multi-Family,knn,knn,1.0
PRSD20250312782,Commercial,Shutters/Doors/Windows,Alteration/Remodel,15495.65,0,0,Residential-Multi-Family,Residential-Multi-Family,10000_99999,0,zero,Residential-Multi-Family,Residential-Multi-Family,0,,not_applicable,knn,
PRSD20250312786,1 to 2 Family,Shutters/Doors/Windows,Alteration/Remodel,4054,0,1,Res.1&2 or Guest House,Res.1&2 or Guest House,1000_9999,1,zero,Res.1&2 or Guest House,Res.1&2 or Guest House,0,,not_applicable,knn,
PRSD20250312795,1 to 2 Family,Shutters/Doors/Windows,Alteration/Remodel,17532.48,0,1,Res.1&2 or Guest House,Res.1&2 or Guest House,10000_99999,1,zero,Res.1&2 or Guest House,,1,Res.1&2 or Guest House,knn,knn,1.0
PRSD20250312796,Commercial,Shutters/Doors/Windows,Alteration/Remodel,14753,0,1,Residential-Multi-Family,Residential-Multi-Family,10000_99999,1,zero,Residential-Multi-Family,Residential-Multi-Family,0,,not_applicable,knn,
PRSD20250312798,1 to 2 Family,Shutters/Doors/Windows,Alteration/Remodel,174623,0,1,Res.1&2 or Guest House,Res.1&2 or Guest House,100000_plus,1,zero,Res.1&2 or Guest House,Res.1&2 or Guest House,0,,not_applicable,knn,
PRSD20250312801,1 to 2 Family,Shutters/Doors/Windows,Alteration/Remodel,18888.36,0,1,Res.1&2 or Guest House,Res.1&2 or Guest House,10000_99999,1,zero,Res.1&2 or Guest House,Res.1&2 or Guest House,0,,not_applicable,knn,
PRSD20250312802,1 to 2 Family,Shutters/Doors/Windows,Alteration/Remodel,24157.45,0,1,Res.1&2 or Guest House,Res.1&2 or Guest House,10000_99999,1,zero,Res.1&2 or Guest House,Res.1&2 or Guest House,0,,not_applicable,knn,
PRSD20250312803,1 to 2 Family,Shutters/Doors/Windows,Alteration/Remodel,19818.18,0,1,Res.1&2 or Guest House,Res.1&2 or Guest House,10000_99999,1,zero,Res.1&2 or Guest House,Res.1&2 or Guest House,0,,not_applicable,knn,
PRSD20250312804,1 to 2 Family,Shutters/Doors/Windows,Alteration/Remodel,24366,0,1,Res.1&2 or Guest House,Res.1&2 or Guest House,10000_99999,1,zero,Res.1&2 or Guest House,,1,Res.1&2 or Guest House,knn,knn,1.0
PRSD20250312805,1 to 2 Family,Shutters/Doors/Windows,Alteration/Remodel,15000,0,1,Res.1&2 or Guest House,Res.1&2 or Guest House,10000_99999,1,zero,Res.1&2 or Guest House,Res.1&2 or Guest House,0,,not_applicable,knn,
PRSD20250312814,1 to 2 Family,Shutters/Doors/Windows,Alteration/Remodel,7787,0,1,Res.1&2 or Guest House,Res.1&2 or Guest House,1000_9999,1,zero,Res.1&2 or Guest House,Res.1&2 or Guest House,0,,not_applicable,knn,
PRSD20250312834,Commercial,Shutters/Doors/Windows,Alteration/Remodel,7936,0,1,Residential-Multi-Family,Residential-Multi-Family,1000_9999,1,zero,Residential-Multi-Family,Residential-Multi-Family,0,,not_applicable,knn,
PRSD20250312850,Commercial,Shutters/Doors/Windows,Alteration/Remodel,27972,0,1,Residential-Multi-Family,Residential-Multi-Family,10000_99999,1,zero,Residential-Multi-Family,,1,Residential-Multi-Family,knn,knn,1.0
PRSD20250312854,1 to 2 Family,Shutters/Doors/Windows,Alteration/Remodel,17117.349999999999,0,1,Res.1&2 or Guest House,Res.1&2 or Guest House,10000_99999,1,zero,Res.1&2 or Guest House,Res.1&2 or Guest House,0,,not_applicable,knn,
PRSD20250312858,1 to 2 Family,Shutters/Doors/Windows,Alteration/Remodel,9788,0,1,Res.1&2 or Guest House,Res.1&2 or Guest House,1000_9999,1,zero,Res.1&2 or Guest House,Res.1&2 or Guest House,0,,not_applicable,knn,
PRSD20250312866,1 to 2 Family,Shutters/Doors/Windows,Alteration/Remodel,41610.25,0,1,Res.1&2 or Guest House,Res.1&2 or Guest House,10000_99999,1,zero,Res.1&2 or Guest House,Res.1&2 or Guest House,0,,not_applicable,knn,
PRSD20250312888,1 to 2 Family,Shutters/Doors/Windows,Alteration/Remodel,4985,0,1,Res.1&2 or Guest House,Res.1&2 or Guest House,1000_9999,1,zero,Res.1&2 or Guest House,Res.1&2 or Guest House,0,,not_applicable,knn,
PRSD20250312898,1 to 2 Family,Shutters/Doors/Windows,Alteration/Remodel,13271,0,1,Res.1&2 or Guest House,Res.1&2 or Guest House,10000_99999,1,zero,Res.1&2 or Guest House,Res.1&2 or Guest House,0,,not_applicable,knn,
PRSD20250312899,1 to 2 Family,Shutters/Doors/Windows,Alteration/Remodel,13638.03,0,1,Res.1&2 or Guest House,Res.1&2 or Guest House,10000_99999,1,zero,Res.1&2 or Guest House,Res.1&2 or Guest House,0,,not_applicable,knn,
PRSD20250312908,1 to 2 Family,Shutters/Doors/Windows,Alteration/Remodel,3049.26,0,1,Res.1&2 or Guest House,Res.1&2 or Guest House,1000_9999,1,zero,Res.1&2 or Guest House,Res.1&2 or Guest House,0,,not_applicable,knn,
PRSD20250312914,1 to 2 Family,Shutters/Doors/Windows,Alteration/Remodel,4800,0,1,Res.1&2 or Guest House,Res.1&2 or Guest House,1000_9999,1,zero,Res.1&2 or Guest House,,1,Res.1&2 or Guest House,knn,knn,1.0
PRSD20250312919,Commercial,Shutters/Doors/Windows,Alteration/Remodel,2084,0,1,Residential-Multi-Family,Residential-Multi-Family,1000_9999,1,zero,Residential-Multi-Family,Residential-Multi-Family,0,,not_applicable,knn,
PRSD20250312921,1 to 2 Family,Shutters/Doors/Windows,Alteration/Remodel,3902,0,1,Res.1&2 or Guest House,Res.1&2 or Guest House,1000_9999,1,zero,Res.1&2 or Guest House,Res.1&2 or Guest House,0,,not_applicable,knn,
PRSD20250312926,1 to 2 Family,Shutters/Doors/Windows,Alteration/Remodel,31133,0,1,Res.1&2 or Guest House,Res.1&2 or Guest House,10000_99999,1,zero,Res.1&2 or Guest House,Res.1&2 or Guest House,0,,not_applicable,knn,
PRSD20250312932,Commercial,Shutters/Doors/Windows,Alteration/Remodel,34000,0,1,Residential-Multi-Family,Residential-Multi-Family,10000_99999,1,zero,Residential-Multi-Family,Residential-Multi-Family,0,,not_applicable,knn,
PRSD20250312941,1 to 2 Family,Shutters/Doors/Windows,Alteration/Remodel,14000,0,1,Res.1&2 or Guest House,Res.1&2 or Guest House,10000_99999,1,zero,Res.1&2 or Guest House,Res.1&2 or Guest House,0,,not_applicable,knn,
PRSD20250312942,1 to 2 Family,Shutters/Doors/Windows,Alteration/Remodel,11885.17,0,1,Res.1&2 or Guest House,Res.1&2 or Guest House,10000_99999,1,zero,Res.1&2 or Guest House,,1,Res.1&2 or Guest House,knn,knn,1.0
PRSD20250312962,1 to 2 Family,Shutters/Doors/Windows,Alteration/Remodel,18348.25,0,1,Res.1&2 or Guest House,Res.1&2 or Guest House,10000_99999,1,zero,Res.1&2 or Guest House,Res.1&2 or Guest House,0,,not_applicable,knn,
PRSD20250312969,1 to 2 Family,Shutters/Doors/Windows,Alteration/Remodel,40000,0,1,Res.1&2 or Guest House,Res.1&2 or Guest House,10000_99999,1,zero,Res.1&2 or Guest House,Res.1&2 or Guest House,0,,not_applicable,knn,
PRSD20250312970,1 to 2 Family,Shutters/Doors/Windows,Alteration/Remodel,15108.58,0,1,Res.1&2 or Guest House,Res.1&2 or Guest House,10000_99999,1,zero,Res.1&2 or Guest House,Res.1&2 or Guest House,0,,not_applicable,knn,
PRSD20250312972,1 to 2 Family,Shutters/Doors/Windows,Alteration/Remodel,50000,0,1,Res.1&2 or Guest House,Res.1&2 or Guest House,10000_99999,1,zero,Res.1&2 or Guest House,Res.1&2 or Guest House,0,,not_applicable,knn,
PRSD20250312977,1 to 2 Family,Shutters/Doors/Windows,Alteration/Remodel,3975,0,1,Res.1&2 or Guest House,Res.1&2 or Guest House,1000_9999,1,zero,Res.1&2 or Guest House,Res.1&2 or Guest House,0,,not_applicable,knn,
PRSD20250312980,1 to 2 Family,Shutters/Doors/Windows,Alteration/Remodel,31347,0,1,Res.1&2 or Guest House,Res.1&2 or Guest House,10000_99999,1,zero,Res.1&2 or Guest House,Res.1&2 or Guest House,0,,not_applicable,knn,
PRSD20250312988,1 to 2 Family,Shutters/Doors/Windows,Alteration/Remodel,19600,0,1,Res.1&2 or Guest House,Res.1&2 or Guest House,10000_99999,1,zero,Res.1&2 or Guest House,Res.1&2 or Guest House,0,,not_applicable,knn,
PRSD20250313006,1 to 2 Family,Shutters/Doors/Windows,Alteration/Remodel,17598,0,1,Res.1&2 or Guest House,Res.1&2 or Guest House,10000_99999,1,zero,Res.1&2 or Guest House,Res.1&2 or Guest House,0,,not_applicable,knn,
PRSD20250313014,Commercial,Shutters/Doors/Windows,Alteration/Remodel,12562.19,0,1,Residential-Multi-Family,Residential-Multi-Family,10000_99999,1,zero,Residential-Multi-Family,Residential-Multi-Family,0,,not_applicable,knn,
PRSD20250313037,Commercial,Shutters/Doors/Windows,Alteration/Remodel,12000,0,1,Residential-Multi-Family,Residential-Multi-Family,10000_99999,1,zero,Residential-Multi-Family,Residential-Multi-Family,0,,not_applicable,knn,
PRSD20250313038,Commercial,Shutters/Doors/Windows,Alteration/Remodel,9751.48,0,1,Residential-Multi-Family,Residential-Multi-Family,1000_9999,1,zero,Residential-Multi-Family,Residential-Multi-Family,0,,not_applicable,knn,
PRSD20250313043,1 to 2 Family,Shutters/Doors/Windows,Alteration/Remodel,6250,0,1,Res.1&2 or Guest House,Res.1&2 or Guest House,1000_9999,1,zero,Res.1&2 or Guest House,Res.1&2 or Guest House,0,,not_applicable,knn,
PRSD20250313044,1 to 2 Family,Shutters/Doors/Windows,Alteration/Remodel,6262,0,1,Res.1&2 or Guest House,Res.1&2 or Guest House,1000_9999,1,zero,Res.1&2 or Guest House,Res.1&2 or Guest House,0,,not_applicable,knn,
PRSD20250313047,1 to 2 Family,Shutters/Doors/Windows,Alteration/Remodel,4550,0,1,Res.1&2 or Guest House,Res.1&2 or Guest House,1000_9999,1,zero,Res.1&2 or Guest House,Res.1&2 or Guest House,0,,not_applicable,knn,
PRSD20250313051,Commercial,Shutters/Doors/Windows,Alteration/Remodel,2320,0,1,Residential-Multi-Family,Residential-Multi-Family,1000_9999,1,zero,Residential-Multi-Family,Residential-Multi-Family,0,,not_applicable,knn,
PRSD20250313054,1 to 2 Family,Shutters/Doors/Windows,Alteration/Remodel,15915.23,0,1,Res.1&2 or Guest House,Res.1&2 or Guest House,10000_99999,1,zero,Res.1&2 or Guest House,Res.1&2 or Guest House,0,,not_applicable,knn,
PRSD20250313067,1 to 2 Family,Shutters/Doors/Windows,Alteration/Remodel,52137.78,0,1,Res.1&2 or Guest House,Res.1&2 or Guest House,10000_99999,1,zero,Res.1&2 or Guest House,Res.1&2 or Guest House,0,,not_applicable,knn,
PRSD20250313071,1 to 2 Family,Shutters/Doors/Windows,Alteration/Remodel,12250,0,1,Res.1&2 or Guest House,Res.1&2 or Guest House,10000_99999,1,zero,Res.1&2 or Guest House,Res.1&2 or Guest House,0,,not_applicable,knn,
PRSD20250313073,1 to 2 Family,Shutters/Doors/Windows,Alteration/Remodel,32840,0,1,Res.1&2 or Guest House,Res.1&2 or Guest House,10000_99999,1,zero,Res.1&2 or Guest House,Res.1&2 or Guest House,0,,not_applicable,knn,
PRSD20250313083,1 to 2 Family,Shutters/Doors/Windows,Alteration/Remodel,20578,0,1,Res.1&2 or Guest House,Res.1&2 or Guest House,10000_99999,1,zero,Res.1&2 or Guest House,Res.1&2 or Guest House,0,,not_applicable,knn,
PRSD20250313088,1 to 2 Family,Shutters/Doors/Windows,Alteration/Remodel,38185,0,1,Res.1&2 or Guest House,Res.1&2 or Guest House,10000_99999,1,zero,Res.1&2 or Guest House,Res.1&2 or Guest House,0,,not_applicable,knn,
PRSD20250313103,1 to 2 Family,Shutters/Doors/Windows,Alteration/Remodel,6700,0,1,Res.1&2 or Guest House,Res.1&2 or Guest House,1000_9999,1,zero,Res.1&2 or Guest House,Res.1&2 or Guest House,0,,not_applicable,knn,
PRSD20250313109,1 to 2 Family,Shutters/Doors/Windows,Alteration/Remodel,26694,0,1,Res.1&2 or Guest House,Res.1&2 or Guest House,10000_99999,1,zero,Res.1&2 or Guest House,Res.1&2 or Guest House,0,,not_applicable,knn,
PRSD20250313112,Commercial,Shutters/Doors/Windows,Alteration/Remodel,6780.11,0,1,Residential-Multi-Family,Residential-Multi-Family,1000_9999,1,zero,Residential-Multi-Family,Residential-Multi-Family,0,,not_applicable,knn,
PRSD20250313113,1 to 2 Family,Shutters/Doors/Windows,Alteration/Remodel,24491,0,1,Res.1&2 or Guest House,Res.1&2 or Guest House,10000_99999,1,zero,Res.1&2 or Guest House,Res.1&2 or Guest House,0,,not_applicable,knn,
PRSD20250313122,Commercial,Shutters/Doors/Windows,Alteration/Remodel,18104.919999999998,0,1,Residential-Multi-Family,Residential-Multi-Family,10000_99999,1,zero,Residential-Multi-Family,Residential-Multi-Family,0,,not_applicable,knn,
PRSD20250313126,1 to 2 Family,Shutters/Doors/Windows,Alteration/Remodel,124000,0,1,Res.1&2 or Guest House,Res.1&2 or Guest House,100000_plus,1,zero,Res.1&2 or Guest House,Res.1&2 or Guest House,0,,not_applicable,knn,
PRSD20250313129,1 to 2 Family,Shutters/Doors/Windows,Alteration/Remodel,18987,0,1,Res.1&2 or Guest House,Res.1&2 or Guest House,10000_99999,1,zero,Res.1&2 or Guest House,Res.1&2 or Guest House,0,,not_applicable,knn,
PRSD20250313134,1 to 2 Family,Shutters/Doors/Windows,Alteration/Remodel,38615,0,1,Res.1&2 or Guest House,Res.1&2 or Guest House,10000_99999,1,zero,Res.1&2 or Guest House,,1,Res.1&2 or Guest House,knn,knn,1.0
PRSD20250313142,1 to 2 Family,Shutters/Doors/Windows,Alteration/Remodel,1465,0,1,Res.1&2 or Guest House,Res.1&2 or Guest House,1000_9999,1,zero,Res.1&2 or Guest House,Res.1&2 or Guest House,0,,not_applicable,knn,
PRSD20250313148,1 to 2 Family,Shutters/Doors/Windows,Alteration/Remodel,10588.39,0,1,Res.1&2 or Guest House,Res.1&2 or Guest House,10000_99999,1,zero,Res.1&2 or Guest House,Res.1&2 or Guest House,0,,not_applicable,knn,
PRSD20250313151,1 to 2 Family,Shutters/Doors/Windows,Alteration/Remodel,19000,0,1,Res.1&2 or Guest House,Res.1&2 or Guest House,10000_99999,1,zero,Res.1&2 or Guest House,Res.1&2 or Guest House,0,,not_applicable,knn,
PRSD20250313153,1 to 2 Family,Shutters/Doors/Windows,Alteration/Remodel,49778,0,1,Res.1&2 or Guest House,Res.1&2 or Guest House,10000_99999,1,zero,Res.1&2 or Guest House,Res.1&2 or Guest House,0,,not_applicable,knn,
PRSD20250313169,Commercial,Shutters/Doors/Windows,Alteration/Remodel,11950,0,1,Residential-Multi-Family,Residential-Multi-Family,10000_99999,1,zero,Residential-Multi-Family,Residential-Multi-Family,0,,not_applicable,knn,
PRSD20250313176,1 to 2 Family,Shutters/Doors/Windows,Alteration/Remodel,12337,0,1,Res.1&2 or Guest House,Res.1&2 or Guest House,10000_99999,1,zero,Res.1&2 or Guest House,Res.1&2 or Guest House,0,,not_applicable,knn,
PRSD20250313182,1 to 2 Family,Shutters/Doors/Windows,Alteration/Remodel,13500,0,1,Res.1&2 or Guest House,Res.1&2 or Guest House,10000_99999,1,zero,Res.1&2 or Guest House,Res.1&2 or Guest House,0,,not_applicable,knn,
PRSD20250313185,Commercial,Shutters/Doors/Windows,Alteration/Remodel,1500,0,1,Residential-Multi-Family,Residential-Multi-Family,1000_9999,1,zero,Residential-Multi-Family,Residential-Multi-Family,0,,not_applicable,knn,
PRSD20250313263,1 to 2 Family,Shutters/Doors/Windows,Alteration/Remodel,12374.67,0,1,Res.1&2 or Guest House,Res.1&2 or Guest House,10000_99999,1,zero,Res.1&2 or Guest House,Res.1&2 or Guest House,0,,not_applicable,knn,
PRSD20250313269,1 to 2 Family,Shutters/Doors/Windows,Alteration/Remodel,8040.65,0,1,Res.1&2 or Guest House,Res.1&2 or Guest House,1000_9999,1,zero,Res.1&2 or Guest House,Res.1&2 or Guest House,0,,not_applicable,knn,
PRSD20250313281,1 to 2 Family,Shutters/Doors/Windows,Alteration/Remodel,38068.410000000003,0,1,Res.1&2 or Guest House,Res.1&2 or Guest House,10000_99999,1,zero,Res.1&2 or Guest House,,1,Res.1&2 or Guest House,knn,knn,1.0
PRSD20250313284,1 to 2 Family,Shutters/Doors/Windows,Alteration/Remodel,7200,0,1,Res.1&2 or Guest House,Res.1&2 or Guest House,1000_9999,1,zero,Res.1&2 or Guest House,,1,Res.1&2 or Guest House,knn,knn,1.0
PRSD20250313290,1 to 2 Family,Shutters/Doors/Windows,Alteration/Remodel,11076.3,0,1,Res.1&2 or Guest House,Res.1&2 or Guest House,10000_99999,1,zero,Res.1&2 or Guest House,,1,Res.1&2 or Guest House,knn,knn,1.0
PRSD20250313303,Commercial,Shutters/Doors/Windows,Alteration/Remodel,23828.22,0,1,Residential-Multi-Family,Residential-Multi-Family,10000_99999,1,zero,Residential-Multi-Family,Residential-Multi-Family,0,,not_applicable,knn,
PRSD20250313319,1 to 2 Family,Shutters/Doors/Windows,Alteration/Remodel,49700,0,1,Res.1&2 or Guest House,Res.1&2 or Guest House,10000_99999,1,zero,Res.1&2 or Guest House,Res.1&2 or Guest House,0,,not_applicable,knn,
PRSD20250313346,1 to 2 Family,Shutters/Doors/Windows,Alteration/Remodel,46723,0,1,Res.1&2 or Guest House,Res.1&2 or Guest House,10000_99999,1,zero,Res.1&2 or Guest House,Res.1&2 or Guest House,0,,not_applicable,knn,
PRSD20250313351,1 to 2 Family,Shutters/Doors/Windows,Alteration/Remodel,18075,0,1,Res.1&2 or Guest House,Res.1&2 or Guest House,10000_99999,1,zero,Res.1&2 or Guest House,Res.1&2 or Guest House,0,,not_applicable,knn,
PRSD20250313378,1 to 2 Family,Shutters/Doors/Windows,Alteration/Remodel,6343.74,0,1,Res.1&2 or Guest House,Res.1&2 or Guest House,1000_9999,1,zero,Res.1&2 or Guest House,Res.1&2 or Guest House,0,,not_applicable,knn,
PRSD20250313396,1 to 2 Family,Shutters/Doors/Windows,Alteration/Remodel,17575,0,1,Res.1&2 or Guest House,Res.1&2 or Guest House,10000_99999,1,zero,Res.1&2 or Guest House,Res.1&2 or Guest House,0,,not_applicable,knn,
PRSD20250313397,1 to 2 Family,Shutters/Doors/Windows,Alteration/Remodel,2690,0,1,Res.1&2 or Guest House,Res.1&2 or Guest House,1000_9999,1,zero,Res.1&2 or Guest House,,1,Res.1&2 or Guest House,knn,knn,1.0
PRSD20250313398,Commercial,Shutters/Doors/Windows,Alteration/Remodel,13327,0,1,Residential-Multi-Family,Residential-Multi-Family,10000_99999,1,zero,Residential-Multi-Family,Residential-Multi-Family,0,,not_applicable,knn,
PRSD20250313400,1 to 2 Family,Shutters/Doors/Windows,Alteration/Remodel,1698,0,1,Res.1&2 or Guest House,Res.1&2 or Guest House,1000_9999,1,zero,Res.1&2 or Guest House,Res.1&2 or Guest House,0,,not_applicable,knn,
PRSD20250313404,Commercial,Shutters/Doors/Windows,Alteration/Remodel,11411.93,0,1,Residential-Multi-Family,Residential-Multi-Family,10000_99999,1,zero,Residential-Multi-Family,Residential-Multi-Family,0,,not_applicable,knn,
PRSD20250313425,Commercial,Shutters/Doors/Windows,Alteration/Remodel,7873,0,1,Residential-Multi-Family,Residential-Multi-Family,1000_9999,1,zero,Residential-Multi-Family,Residential-Multi-Family,0,,not_applicable,knn,
PRSD20250313433,1 to 2 Family,Shutters/Doors/Windows,Alteration/Remodel,19215.71,0,1,Res.1&2 or Guest House,Res.1&2 or Guest House,10000_99999,1,zero,Res.1&2 or Guest House,,1,Res.1&2 or Guest House,knn,knn,1.0
PRSD20250313443,1 to 2 Family,Shutters/Doors/Windows,Alteration/Remodel,29000,0,1,Res.1&2 or Guest House,Res.1&2 or Guest House,10000_99999,1,zero,Res.1&2 or Guest House,,1,Res.1&2 or Guest House,knn,knn,1.0
PRSD20250313447,1 to 2 Family,Shutters/Doors/Windows,Alteration/Remodel,5463.22,0,1,Res.1&2 or Guest House,Res.1&2 or Guest House,1000_9999,1,zero,Res.1&2 or Guest House,Res.1&2 or Guest House,0,,not_applicable,knn,
PRSD20250313468,1 to 2 Family,Shutters/Doors/Windows,Alteration/Remodel,39500,0,1,Res.1&2 or Guest House,Res.1&2 or Guest House,10000_99999,1,zero,Res.1&2 or Guest House,Res.1&2 or Guest House,0,,not_applicable,knn,
PRSD20250313472,1 to 2 Family,Shutters/Doors/Windows,Alteration/Remodel,18126.75,0,1,Res.1&2 or Guest House,Res.1&2 or Guest House,10000_99999,1,zero,Res.1&2 or Guest House,Res.1&2 or Guest House,0,,not_applicable,knn,
PRSD20250313477,1 to 2 Family,Shutters/Doors/Windows,Alteration/Remodel,3888,0,1,Res.1&2 or Guest House,Res.1&2 or Guest House,1000_9999,1,zero,Res.1&2 or Guest House,Res.1&2 or Guest House,0,,not_applicable,knn,
PRSD20250313490,1 to 2 Family,Shutters/Doors/Windows,Alteration/Remodel,14706,0,1,Res.1&2 or Guest House,Res.1&2 or Guest House,10000_99999,1,zero,Res.1&2 or Guest House,Res.1&2 or Guest House,0,,not_applicable,knn,
PRSD20250313505,1 to 2 Family,Shutters/Doors/Windows,Alteration/Remodel,29000,0,1,Res.1&2 or Guest House,Res.1&2 or Guest House,10000_99999,1,zero,Res.1&2 or Guest House,,1,Res.1&2 or Guest House,knn,knn,1.0
PRSD20250313507,1 to 2 Family,Shutters/Doors/Windows,Alteration/Remodel,7694,0,1,Res.1&2 or Guest House,Res.1&2 or Guest House,1000_9999,1,zero,Res.1&2 or Guest House,Res.1&2 or Guest House,0,,not_applicable,knn,
PRSD20250313510,1 to 2 Family,Shutters/Doors/Windows,Alteration/Remodel,16632.62,0,1,Res.1&2 or Guest House,Res.1&2 or Guest House,10000_99999,1,zero,Res.1&2 or Guest House,Res.1&2 or Guest House,0,,not_applicable,knn,
PRSD20250413562,1 to 2 Family,Shutters/Doors/Windows,Alteration/Remodel,2500,0,1,Res.1&2 or Guest House,Res.1&2 or Guest House,1000_9999,1,zero,Res.1&2 or Guest House,Res.1&2 or Guest House,0,,not_applicable,knn,
PRSD20250413580,Commercial,Shutters/Doors/Windows,Alteration/Remodel,70000,0,1,Residential-Multi-Family,Residential-Multi-Family,10000_99999,1,zero,Residential-Multi-Family,Residential-Multi-Family,0,,not_applicable,knn,
PRSD20250413581,1 to 2 Family,Shutters/Doors/Windows,Alteration/Remodel,13661,0,1,Res.1&2 or Guest House,Res.1&2 or Guest House,10000_99999,1,zero,Res.1&2 or Guest House,Res.1&2 or Guest House,0,,not_applicable,knn,
PRSD20250413586,Commercial,Shutters/Doors/Windows,Alteration/Remodel,26862.11,0,1,Residential-Multi-Family,Residential-Multi-Family,10000_99999,1,zero,Residential-Multi-Family,Residential-Multi-Family,0,,not_applicable,knn,
PRSD20250413626,1 to 2 Family,Shutters/Doors/Windows,Alteration/Remodel,6612,0,1,Res.1&2 or Guest House,Res.1&2 or Guest House,1000_9999,1,zero,Res.1&2 or Guest House,Res.1&2 or Guest House,0,,not_applicable,knn,
PRSD20250413630,1 to 2 Family,Shutters/Doors/Windows,Alteration/Remodel,17825.95,0,1,Res.1&2 or Guest House,Res.1&2 or Guest House,10000_99999,1,zero,Res.1&2 or Guest House,Res.1&2 or Guest House,0,,not_applicable,knn,
PRSD20250413632,1 to 2 Family,Shutters/Doors/Windows,Alteration/Remodel,22800,0,1,Res.1&2 or Guest House,Res.1&2 or Guest House,10000_99999,1,zero,Res.1&2 or Guest House,,1,Res.1&2 or Guest House,knn,knn,1.0
PRSD20250413635,1 to 2 Family,Shutters/Doors/Windows,Alteration/Remodel,5300,0,1,Res.1&2 or Guest House,Res.1&2 or Guest House,1000_9999,1,zero,Res.1&2 or Guest House,Res.1&2 or Guest House,0,,not_applicable,knn,
PRSD20250413640,1 to 2 Family,Shutters/Doors/Windows,Alteration/Remodel,4155,0,1,Res.1&2 or Guest House,Res.1&2 or Guest House,1000_9999,1,zero,Res.1&2 or Guest House,Res.1&2 or Guest House,0,,not_applicable,knn,
PRSD20250413680,1 to 2 Family,Shutters/Doors/Windows,Alteration/Remodel,4100,0,1,Res.1&2 or Guest House,Res.1&2 or Guest House,1000_9999,1,zero,Res.1&2 or Guest House,Res.1&2 or Guest House,0,,not_applicable,knn,
PRSD20250413690,1 to 2 Family,Shutters/Doors/Windows,Alteration/Remodel,5579.01,0,1,Res.1&2 or Guest House,Res.1&2 or Guest House,1000_9999,1,zero,Res.1&2 or Guest House,,1,Res.1&2 or Guest House,knn,knn,1.0
PRSD20250413698,1 to 2 Family,Shutters/Doors/Windows,Alteration/Remodel,2677,0,1,Res.1&2 or Guest House,Res.1&2 or Guest House,1000_9999,1,zero,Res.1&2 or Guest House,,1,Res.1&2 or Guest House,knn,knn,1.0
PRSD20250413705,1 to 2 Family,Shutters/Doors/Windows,Alteration/Remodel,3370,0,1,Res.1&2 or Guest House,Res.1&2 or Guest House,1000_9999,1,zero,Res.1&2 or Guest House,Res.1&2 or Guest House,0,,not_applicable,knn,
PRSD20250413712,Commercial,Shutters/Doors/Windows,Alteration/Remodel,5133.3,0,1,Residential-Multi-Family,Residential-Multi-Family,1000_9999,1,zero,Residential-Multi-Family,Residential-Multi-Family,0,,not_applicable,knn,
PRSD20250413714,1 to 2 Family,Shutters/Doors/Windows,Alteration/Remodel,14680.12,0,1,Res.1&2 or Guest House,Res.1&2 or Guest House,10000_99999,1,zero,Res.1&2 or Guest House,Res.1&2 or Guest House,0,,not_applicable,knn,
PRSD20250413715,1 to 2 Family,Shutters/Doors/Windows,Alteration/Remodel,11500,0,1,Res.1&2 or Guest House,Res.1&2 or Guest House,10000_99999,1,zero,Res.1&2 or Guest House,Res.1&2 or Guest House,0,,not_applicable,knn,
PRSD20250413716,1 to 2 Family,Shutters/Doors/Windows,Alteration/Remodel,4198,0,1,Res.1&2 or Guest House,Res.1&2 or Guest House,1000_9999,1,zero,Res.1&2 or Guest House,Res.1&2 or Guest House,0,,not_applicable,knn,
PRSD20250413721,1 to 2 Family,Shutters/Doors/Windows,Alteration/Remodel,2677,0,1,Res.1&2 or Guest House,Res.1&2 or Guest House,1000_9999,1,zero,Res.1&2 or Guest House,Res.1&2 or Guest House,0,,not_applicable,knn,
PRSD20250413726,1 to 2 Family,Shutters/Doors/Windows,Alteration/Remodel,4825,0,1,Res.1&2 or Guest House,Res.1&2 or Guest House,1000_9999,1,zero,Res.1&2 or Guest House,Res.1&2 or Guest House,0,,not_applicable,knn,
PRSD20250413734,1 to 2 Family,Shutters/Doors/Windows,Alteration/Remodel,6255,0,1,Res.1&2 or Guest House,Res.1&2 or Guest House,1000_9999,1,zero,Res.1&2 or Guest House,Res.1&2 or Guest House,0,,not_applicable,knn,
PRSD20250413740,1 to 2 Family,Shutters/Doors/Windows,Alteration/Remodel,11000,0,1,Res.1&2 or Guest House,Res.1&2 or Guest House,10000_99999,1,zero,Res.1&2 or Guest House,Res.1&2 or Guest House,0,,not_applicable,knn,
PRSD20250413743,1 to 2 Family,Shutters/Doors/Windows,Alteration/Remodel,14850,0,1,Res.1&2 or Guest House,Res.1&2 or Guest House,10000_99999,1,zero,Res.1&2 or Guest House,Res.1&2 or Guest House,0,,not_applicable,knn,
PRSD20250413749,Commercial,Shutters/Doors/Windows,Alteration/Remodel,33402.379999999997,0,1,Residential-Multi-Family,Residential-Multi-Family,10000_99999,1,zero,Residential-Multi-Family,Residential-Multi-Family,0,,not_applicable,knn,
PRSD20250413750,1 to 2 Family,Shutters/Doors/Windows,Alteration/Remodel,17000,0,1,Res.1&2 or Guest House,Res.1&2 or Guest House,10000_99999,1,zero,Res.1&2 or Guest House,Res.1&2 or Guest House,0,,not_applicable,knn,
PRSD20250413751,1 to 2 Family,Shutters/Doors/Windows,Alteration/Remodel,15830,0,1,Res.1&2 or Guest House,Res.1&2 or Guest House,10000_99999,1,zero,Res.1&2 or Guest House,,1,Res.1&2 or Guest House,knn,knn,1.0
PRSD20250413756,1 to 2 Family,Shutters/Doors/Windows,Alteration/Remodel,13000,0,1,Res.1&2 or Guest House,Res.1&2 or Guest House,10000_99999,1,zero,Res.1&2 or Guest House,Res.1&2 or Guest House,0,,not_applicable,knn,
PRSD20250413761,1 to 2 Family,Shutters/Doors/Windows,Alteration/Remodel,11463,0,1,Res.1&2 or Guest House,Res.1&2 or Guest House,10000_99999,1,zero,Res.1&2 or Guest House,Res.1&2 or Guest House,0,,not_applicable,knn,
PRSD20250413764,Commercial,Shutters/Doors/Windows,Alteration/Remodel,15926.43,0,1,Residential-Multi-Family,Residential-Multi-Family,10000_99999,1,zero,Residential-Multi-Family,,1,Residential-Multi-Family,knn,knn,1.0
PRSD20250413778,Commercial,Shutters/Doors/Windows,Alteration/Remodel,4866,0,1,Residential-Multi-Family,Residential-Multi-Family,1000_9999,1,zero,Residential-Multi-Family,Residential-Multi-Family,0,,not_applicable,knn,
PRSD20250413782,1 to 2 Family,Shutters/Doors/Windows,Alteration/Remodel,9684.59,0,1,Res.1&2 or Guest House,Res.1&2 or Guest House,1000_9999,1,zero,Res.1&2 or Guest House,,1,Res.1&2 or Guest House,knn,knn,1.0
PRSD20250413790,Commercial,Shutters/Doors/Windows,Alteration/Remodel,9147.85,0,1,Residential-Multi-Family,Residential-Multi-Family,1000_9999,1,zero,Residential-Multi-Family,Residential-Multi-Family,0,,not_applicable,knn,
PRSD20250413812,1 to 2 Family,Shutters/Doors/Windows,Alteration/Remodel,17788.47,0,1,Res.1&2 or Guest House,Res.1&2 or Guest House,10000_99999,1,zero,Res.1&2 or Guest House,Res.1&2 or Guest House,0,,not_applicable,knn,
PRSD20250413829,1 to 2 Family,Shutters/Doors/Windows,Alteration/Remodel,54868.06,0,1,Res.1&2 or Guest House,Res.1&2 or Guest House,10000_99999,1,zero,Res.1&2 or Guest House,Res.1&2 or Guest House,0,,not_applicable,knn,
PRSD20250413834,1 to 2 Family,Shutters/Doors/Windows,Alteration/Remodel,30235,0,1,Res.1&2 or Guest House,Res.1&2 or Guest House,10000_99999,1,zero,Res.1&2 or Guest House,Res.1&2 or Guest House,0,,not_applicable,knn,
PRSD20250413835,1 to 2 Family,Shutters/Doors/Windows,Alteration/Remodel,16000,0,1,Res.1&2 or Guest House,Res.1&2 or Guest House,10000_99999,1,zero,Res.1&2 or Guest House,Res.1&2 or Guest House,0,,not_applicable,knn,
PRSD20250413845,1 to 2 Family,Shutters/Doors/Windows,Alteration/Remodel,46000,0,1,Res.1&2 or Guest House,Res.1&2 or Guest House,10000_99999,1,zero,Res.1&2 or Guest House,Res.1&2 or Guest House,0,,not_applicable,knn,
PRSD20250413848,Commercial,Shutters/Doors/Windows,Alteration/Remodel,5460.85,0,1,Residential-Multi-Family,Residential-Multi-Family,1000_9999,1,zero,Residential-Multi-Family,Residential-Multi-Family,0,,not_applicable,knn,
PRSD20250413863,1 to 2 Family,Shutters/Doors/Windows,Alteration/Remodel,3669,0,1,Res.1&2 or Guest House,Res.1&2 or Guest House,1000_9999,1,zero,Res.1&2 or Guest House,,1,Res.1&2 or Guest House,knn,knn,1.0
PRSD20250413866,1 to 2 Family,Shutters/Doors/Windows,Alteration/Remodel,11986.4,0,1,Res.1&2 or Guest House,Res.1&2 or Guest House,10000_99999,1,zero,Res.1&2 or Guest House,,1,Res.1&2 or Guest House,knn,knn,1.0
PRSD20250413876,1 to 2 Family,Shutters/Doors/Windows,Alteration/Remodel,34265.629999999997,0,1,Res.1&2 or Guest House,Res.1&2 or Guest House,10000_99999,1,zero,Res.1&2 or Guest House,,1,Res.1&2 or Guest House,knn,knn,1.0
PRSD20250413893,1 to 2 Family,Shutters/Doors/Windows,Alteration/Remodel,55621.21,0,1,Res.1&2 or Guest House,Res.1&2 or Guest House,10000_99999,1,zero,Res.1&2 or Guest House,Res.1&2 or Guest House,0,,not_applicable,knn,
PRSD20250413910,1 to 2 Family,Shutters/Doors/Windows,Alteration/Remodel,18200,0,1,Res.1&2 or Guest House,Res.1&2 or Guest House,10000_99999,1,zero,Res.1&2 or Guest House,Res.1&2 or Guest House,0,,not_applicable,knn,
PRSD20250413918,1 to 2 Family,Shutters/Doors/Windows,Alteration/Remodel,21800,0,1,Res.1&2 or Guest House,Res.1&2 or Guest House,10000_99999,1,zero,Res.1&2 or Guest House,Res.1&2 or Guest House,0,,not_applicable,knn,
PRSD20250413926,Commercial,Shutters/Doors/Windows,Alteration/Remodel,29486.76,0,1,Residential-Multi-Family,Residential-Multi-Family,10000_99999,1,zero,Residential-Multi-Family,Residential-Multi-Family,0,,not_applicable,knn,
PRSD20250413938,1 to 2 Family,Shutters/Doors/Windows,Alteration/Remodel,23634.76,0,1,Res.1&2 or Guest House,Res.1&2 or Guest House,10000_99999,1,zero,Res.1&2 or Guest House,Res.1&2 or Guest House,0,,not_applicable,knn,
PRSD20250413945,Commercial,Shutters/Doors/Windows,Alteration/Remodel,22350,0,1,Residential-Multi-Family,Residential-Multi-Family,10000_99999,1,zero,Residential-Multi-Family,Residential-Multi-Family,0,,not_applicable,knn,
PRSD20250413948,1 to 2 Family,Shutters/Doors/Windows,Alteration/Remodel,11917.8,0,1,Res.1&2 or Guest House,Res.1&2 or Guest House,10000_99999,1,zero,Res.1&2 or Guest House,Res.1&2 or Guest House,0,,not_applicable,knn,
PRSD20250413954,1 to 2 Family,Shutters/Doors/Windows,Alteration/Remodel,26500,0,1,Res.1&2 or Guest House,Res.1&2 or Guest House,10000_99999,1,zero,Res.1&2 or Guest House,Res.1&2 or Guest House,0,,not_applicable,knn,
PRSD20250413970,1 to 2 Family,Shutters/Doors/Windows,Alteration/Remodel,9770,0,1,Res.1&2 or Guest House,Res.1&2 or Guest House,1000_9999,1,zero,Res.1&2 or Guest House,Res.1&2 or Guest House,0,,not_applicable,knn,
PRSD20250413972,1 to 2 Family,Shutters/Doors/Windows,Alteration/Remodel,25000,0,1,Res.1&2 or Guest House,Res.1&2 or Guest House,10000_99999,1,zero,Res.1&2 or Guest House,Res.1&2 or Guest House,0,,not_applicable,knn,
PRSD20250413973,1 to 2 Family,Shutters/Doors/Windows,Alteration/Remodel,32500,0,1,Res.1&2 or Guest House,Res.1&2 or Guest House,10000_99999,1,zero,Res.1&2 or Guest House,Res.1&2 or Guest House,0,,not_applicable,knn,
PRSD20250413978,Commercial,Shutters/Doors/Windows,Alteration/Remodel,1478.57,0,1,Residential-Multi-Family,Residential-Multi-Family,1000_9999,1,zero,Residential-Multi-Family,Residential-Multi-Family,0,,not_applicable,knn,
PRSD20250413983,1 to 2 Family,Shutters/Doors/Windows,Alteration/Remodel,8000,0,1,Res.1&2 or Guest House,Res.1&2 or Guest House,1000_9999,1,zero,Res.1&2 or Guest House,Res.1&2 or Guest House,0,,not_applicable,knn,
PRSD20250413985,1 to 2 Family,Shutters/Doors/Windows,Alteration/Remodel,71987,0,1,Res.1&2 or Guest House,Res.1&2 or Guest House,10000_99999,1,zero,Res.1&2 or Guest House,Res.1&2 or Guest House,0,,not_applicable,knn,
PRSD20250413989,1 to 2 Family,Shutters/Doors/Windows,Alteration/Remodel,5507,0,1,Res.1&2 or Guest House,Res.1&2 or Guest House,1000_9999,1,zero,Res.1&2 or Guest House,,1,Res.1&2 or Guest House,knn,knn,1.0
PRSD20250413993,1 to 2 Family,Shutters/Doors/Windows,Alteration/Remodel,90029,0,1,Res.1&2 or Guest House,Res.1&2 or Guest House,10000_99999,1,zero,Res.1&2 or Guest House,,1,Res.1&2 or Guest House,knn,knn,1.0
PRSD20250413999,1 to 2 Family,Shutters/Doors/Windows,Alteration/Remodel,28230.11,0,1,Res.1&2 or Guest House,Res.1&2 or Guest House,10000_99999,1,zero,Res.1&2 or Guest House,,1,Res.1&2 or Guest House,knn,knn,1.0
PRSD20250414002,1 to 2 Family,Shutters/Doors/Windows,Alteration/Remodel,10365.030000000001,0,1,Res.1&2 or Guest House,Res.1&2 or Guest House,10000_99999,1,zero,Res.1&2 or Guest House,Res.1&2 or Guest House,0,,not_applicable,knn,
PRSD20250414004,1 to 2 Family,Shutters/Doors/Windows,Alteration/Remodel,8500,0,1,Res.1&2 or Guest House,Res.1&2 or Guest House,1000_9999,1,zero,Res.1&2 or Guest House,Res.1&2 or Guest House,0,,not_applicable,knn,
PRSD20250414023,Commercial,Shutters/Doors/Windows,Alteration/Remodel,19161,0,1,Residential-Multi-Family,Residential-Multi-Family,10000_99999,1,zero,Residential-Multi-Family,Residential-Multi-Family,0,,not_applicable,knn,
PRSD20250414061,1 to 2 Family,Shutters/Doors/Windows,Alteration/Remodel,2972.78,0,1,Res.1&2 or Guest House,Res.1&2 or Guest House,1000_9999,1,zero,Res.1&2 or Guest House,Res.1&2 or Guest House,0,,not_applicable,knn,
PRSD20250414066,Commercial,Shutters/Doors/Windows,Alteration/Remodel,3396,0,1,Residential-Multi-Family,Residential-Multi-Family,1000_9999,1,zero,Residential-Multi-Family,Residential-Multi-Family,0,,not_applicable,knn,
PRSD20250414069,1 to 2 Family,Shutters/Doors/Windows,Alteration/Remodel,3651,0,1,Res.1&2 or Guest House,Res.1&2 or Guest House,1000_9999,1,zero,Res.1&2 or Guest House,Res.1&2 or Guest House,0,,not_applicable,knn,
PRSD20250414093,Commercial,Shutters/Doors/Windows,Alteration/Remodel,2722,0,1,Residential-Multi-Family,Residential-Multi-Family,1000_9999,1,zero,Residential-Multi-Family,,1,Residential-Multi-Family,knn,knn,1.0
PRSD20250414094,1 to 2 Family,Shutters/Doors/Windows,Alteration/Remodel,14887,0,1,Res.1&2 or Guest House,Res.1&2 or Guest House,10000_99999,1,zero,Res.1&2 or Guest House,Res.1&2 or Guest House,0,,not_applicable,knn,
PRSD20250414095,1 to 2 Family,Shutters/Doors/Windows,Alteration/Remodel,3132,0,1,Res.1&2 or Guest House,Res.1&2 or Guest House,1000_9999,1,zero,Res.1&2 or Guest House,Res.1&2 or Guest House,0,,not_applicable,knn,
PRSD20250414097,Commercial,Shutters/Doors/Windows,Alteration/Remodel,5074,0,1,Residential-Multi-Family,Residential-Multi-Family,1000_9999,1,zero,Residential-Multi-Family,,1,Residential-Multi-Family,knn,knn,1.0
PRSD20250414105,1 to 2 Family,Shutters/Doors/Windows,Alteration/Remodel,9500,0,1,Res.1&2 or Guest House,Res.1&2 or Guest House,1000_9999,1,zero,Res.1&2 or Guest House,Res.1&2 or Guest House,0,,not_applicable,knn,
PRSD20250414119,Commercial,Shutters/Doors/Windows,Alteration/Remodel,6895,0,1,Residential-Multi-Family,Residential-Multi-Family,1000_9999,1,zero,Residential-Multi-Family,Residential-Multi-Family,0,,not_applicable,knn,
PRSD20250414127,Commercial,Shutters/Doors/Windows,Alteration/Remodel,1500,0,1,Not Identified,,1000_9999,1,zero,,,0,,not_applicable,knn,
PRSD20250414131,Commercial,Shutters/Doors/Windows,Alteration/Remodel,40300,0,1,Residential-Multi-Family,Residential-Multi-Family,10000_99999,1,zero,Residential-Multi-Family,Residential-Multi-Family,0,,not_applicable,knn,
PRSD20250414133,Commercial,Shutters/Doors/Windows,Alteration/Remodel,40650,0,1,Residential-Multi-Family,Residential-Multi-Family,10000_99999,1,zero,Residential-Multi-Family,Residential-Multi-Family,0,,not_applicable,knn,
PRSD20250414139,Commercial,Shutters/Doors/Windows,Alteration/Remodel,17077,0,1,Residential-Multi-Family,Residential-Multi-Family,10000_99999,1,zero,Residential-Multi-Family,,1,Residential-Multi-Family,knn,knn,1.0
PRSD20250414180,1 to 2 Family,Shutters/Doors/Windows,Alteration/Remodel,27000,0,1,Res.1&2 or Guest House,Res.1&2 or Guest House,10000_99999,1,zero,Res.1&2 or Guest House,Res.1&2 or Guest House,0,,not_applicable,knn,
PRSD20250414186,Commercial,Shutters/Doors/Windows,Alteration/Remodel,19840,0,1,Residential-Multi-Family,Residential-Multi-Family,10000_99999,1,zero,Residential-Multi-Family,,1,Residential-Multi-Family,knn,knn,1.0
PRSD20250414189,Commercial,Shutters/Doors/Windows,Alteration/Remodel,24700,0,1,Residential-Multi-Family,Residential-Multi-Family,10000_99999,1,zero,Residential-Multi-Family,Residential-Multi-Family,0,,not_applicable,knn,
PRSD20250414190,1 to 2 Family,Shutters/Doors/Windows,Alteration/Remodel,4500,0,1,Res.1&2 or Guest House,Res.1&2 or Guest House,1000_9999,1,zero,Res.1&2 or Guest House,Res.1&2 or Guest House,0,,not_applicable,knn,
PRSD20250414191,1 to 2 Family,Shutters/Doors/Windows,Alteration/Remodel,42240,0,1,Res.1&2 or Guest House,Res.1&2 or Guest House,10000_99999,1,zero,Res.1&2 or Guest House,Res.1&2 or Guest House,0,,not_applicable,knn,
PRSD20250414192,1 to 2 Family,Shutters/Doors/Windows,Alteration/Remodel,11618.89,0,1,Res.1&2 or Guest House,Res.1&2 or Guest House,10000_99999,1,zero,Res.1&2 or Guest House,Res.1&2 or Guest House,0,,not_applicable,knn,
PRSD20250414193,Commercial,Shutters/Doors/Windows,Alteration/Remodel,19880,0,1,Residential-Multi-Family,Residential-Multi-Family,10000_99999,1,zero,Residential-Multi-Family,Residential-Multi-Family,0,,not_applicable,knn,
PRSD20250414194,Commercial,Shutters/Doors/Windows,Alteration/Remodel,7500,0,1,Residential-Multi-Family,Residential-Multi-Family,1000_9999,1,zero,Residential-Multi-Family,Residential-Multi-Family,0,,not_applicable,knn,
PRSD20250414200,Commercial,Shutters/Doors/Windows,Alteration/Remodel,23500,0,1,Residential-Multi-Family,Residential-Multi-Family,10000_99999,1,zero,Residential-Multi-Family,,1,Residential-Multi-Family,knn,knn,1.0
PRSD20250414214,Commercial,Shutters/Doors/Windows,Alteration/Remodel,2200,0,1,Residential-Multi-Family,Residential-Multi-Family,1000_9999,1,zero,Residential-Multi-Family,,1,Residential-Multi-Family,knn,knn,1.0
PRSD20250414225,1 to 2 Family,Shutters/Doors/Windows,Alteration/Remodel,4170,0,1,Res.1&2 or Guest House,Res.1&2 or Guest House,1000_9999,1,zero,Res.1&2 or Guest House,,1,Res.1&2 or Guest House,knn,knn,1.0
PRSD20250414227,1 to 2 Family,Shutters/Doors/Windows,Alteration/Remodel,24975.47,0,1,Res.1&2 or Guest House,Res.1&2 or Guest House,10000_99999,1,zero,Res.1&2 or Guest House,,1,Res.1&2 or Guest House,knn,knn,1.0
PRSD20250414231,1 to 2 Family,Shutters/Doors/Windows,Alteration/Remodel,24294.89,0,1,Res.1&2 or Guest House,Res.1&2 or Guest House,10000_99999,1,zero,Res.1&2 or Guest House,Res.1&2 or Guest House,0,,not_applicable,knn,
PRSD20250414233,1 to 2 Family,Shutters/Doors/Windows,Alteration/Remodel,8800,0,1,Res.1&2 or Guest House,Res.1&2 or Guest House,1000_9999,1,zero,Res.1&2 or Guest House,,1,Res.1&2 or Guest House,knn,knn,1.0
PRSD20250414237,1 to 2 Family,Shutters/Doors/Windows,Alteration/Remodel,6197.8,0,1,Res.1&2 or Guest House,Res.1&2 or Guest House,1000_9999,1,zero,Res.1&2 or Guest House,Res.1&2 or Guest House,0,,not_applicable,knn,
PRSD20250414257,1 to 2 Family,Shutters/Doors/Windows,Alteration/Remodel,22800,0,1,Res.1&2 or Guest House,Res.1&2 or Guest House,10000_99999,1,zero,Res.1&2 or Guest House,Res.1&2 or Guest House,0,,not_applicable,knn,
PRSD20250414260,1 to 2 Family,Shutters/Doors/Windows,Alteration/Remodel,13300,0,1,Res.1&2 or Guest House,Res.1&2 or Guest House,10000_99999,1,zero,Res.1&2 or Guest House,Res.1&2 or Guest House,0,,not_applicable,knn,
PRSD20250414268,1 to 2 Family,Shutters/Doors/Windows,Alteration/Remodel,13300,0,1,Res.1&2 or Guest House,Res.1&2 or Guest House,10000_99999,1,zero,Res.1&2 or Guest House,Res.1&2 or Guest House,0,,not_applicable,knn,
PRSD20250414281,Commercial,Shutters/Doors/Windows,Alteration/Remodel,10276.5,0,1,Residential-Multi-Family,Residential-Multi-Family,10000_99999,1,zero,Residential-Multi-Family,Residential-Multi-Family,0,,not_applicable,knn,
PRSD20250414288,1 to 2 Family,Shutters/Doors/Windows,Alteration/Remodel,8606,0,1,Res.1&2 or Guest House,Res.1&2 or Guest House,1000_9999,1,zero,Res.1&2 or Guest House,Res.1&2 or Guest House,0,,not_applicable,knn,
PRSD20250414312,1 to 2 Family,Shutters/Doors/Windows,Alteration/Remodel,59188,0,1,Res.1&2 or Guest House,Res.1&2 or Guest House,10000_99999,1,zero,Res.1&2 or Guest House,Res.1&2 or Guest House,0,,not_applicable,knn,
PRSD20250414319,Commercial,Shutters/Doors/Windows,Alteration/Remodel,31375,0,1,Residential-Multi-Family,Residential-Multi-Family,10000_99999,1,zero,Residential-Multi-Family,Residential-Multi-Family,0,,not_applicable,knn,
PRSD20250414326,1 to 2 Family,Shutters/Doors/Windows,Alteration/Remodel,14000,0,1,Res.1&2 or Guest House,Res.1&2 or Guest House,10000_99999,1,zero,Res.1&2 or Guest House,,1,Res.1&2 or Guest House,knn,knn,1.0
PRSD20250414332,Commercial,Shutters/Doors/Windows,Alteration/Remodel,13136,0,1,Residential-Multi-Family,Residential-Multi-Family,10000_99999,1,zero,Residential-Multi-Family,Residential-Multi-Family,0,,not_applicable,knn,
PRSD20250414339,Commercial,Shutters/Doors/Windows,Alteration/Remodel,10350,0,1,Residential-Multi-Family,Residential-Multi-Family,10000_99999,1,zero,Residential-Multi-Family,Residential-Multi-Family,0,,not_applicable,knn,
PRSD20250414346,1 to 2 Family,Shutters/Doors/Windows,Alteration/Remodel,6912,0,1,Res.1&2 or Guest House,Res.1&2 or Guest House,1000_9999,1,zero,Res.1&2 or Guest House,Res.1&2 or Guest House,0,,not_applicable,knn,
PRSD20250414371,1 to 2 Family,Shutters/Doors/Windows,Alteration/Remodel,4401,0,1,Res.1&2 or Guest House,Res.1&2 or Guest House,1000_9999,1,zero,Res.1&2 or Guest House,Res.1&2 or Guest House,0,,not_applicable,knn,
PRSD20250414378,Commercial,Shutters/Doors/Windows,Alteration/Remodel,21400,0,1,Residential-Multi-Family,Residential-Multi-Family,10000_99999,1,zero,Residential-Multi-Family,Residential-Multi-Family,0,,not_applicable,knn,
PRSD20250414379,1 to 2 Family,Shutters/Doors/Windows,Alteration/Remodel,58305,0,1,Res.1&2 or Guest House,Res.1&2 or Guest House,10000_99999,1,zero,Res.1&2 or Guest House,Res.1&2 or Guest House,0,,not_applicable,knn,
PRSD20250414382,Commercial,Shutters/Doors/Windows,Alteration/Remodel,41433,0,1,Residential-Multi-Family,Residential-Multi-Family,10000_99999,1,zero,Residential-Multi-Family,Residential-Multi-Family,0,,not_applicable,knn,
PRSD20250414396,1 to 2 Family,Shutters/Doors/Windows,Alteration/Remodel,31875,0,1,Res.1&2 or Guest House,Res.1&2 or Guest House,10000_99999,1,zero,Res.1&2 or Guest House,,1,Res.1&2 or Guest House,knn,knn,1.0
PRSD20250414409,1 to 2 Family,Shutters/Doors/Windows,Alteration/Remodel,54170.720000000001,0,1,Res.1&2 or Guest House,Res.1&2 or Guest House,10000_99999,1,zero,Res.1&2 or Guest House,,1,Res.1&2 or Guest House,knn,knn,1.0
PRSD20250414410,1 to 2 Family,Shutters/Doors/Windows,Alteration/Remodel,41075,0,1,Res.1&2 or Guest House,Res.1&2 or Guest House,10000_99999,1,zero,Res.1&2 or Guest House,Res.1&2 or Guest House,0,,not_applicable,knn,
PRSD20250414422,Commercial,Shutters/Doors/Windows,Alteration/Remodel,24500,0,1,Residential-Multi-Family,Residential-Multi-Family,10000_99999,1,zero,Residential-Multi-Family,Residential-Multi-Family,0,,not_applicable,knn,
PRSD20250414424,1 to 2 Family,Shutters/Doors/Windows,Alteration/Remodel,2815,0,1,Res.1&2 or Guest House,Res.1&2 or Guest House,1000_9999,1,zero,Res.1&2 or Guest House,Res.1&2 or Guest House,0,,not_applicable,knn,
PRSD20250414427,1 to 2 Family,Shutters/Doors/Windows,Alteration/Remodel,14900,0,1,Res.1&2 or Guest House,Res.1&2 or Guest House,10000_99999,1,zero,Res.1&2 or Guest House,Res.1&2 or Guest House,0,,not_applicable,knn,
PRSD20250414429,Commercial,Shutters/Doors/Windows,Alteration/Remodel,3900,0,1,Residential-Multi-Family,Residential-Multi-Family,1000_9999,1,zero,Residential-Multi-Family,Residential-Multi-Family,0,,not_applicable,knn,
PRSD20250414430,Commercial,Shutters/Doors/Windows,Alteration/Remodel,17909,0,1,Residential-Multi-Family,Residential-Multi-Family,10000_99999,1,zero,Residential-Multi-Family,Residential-Multi-Family,0,,not_applicable,knn,
PRSD20250414433,1 to 2 Family,Shutters/Doors/Windows,Alteration/Remodel,2400,0,1,Res.1&2 or Guest House,Res.1&2 or Guest House,1000_9999,1,zero,Res.1&2 or Guest House,Res.1&2 or Guest House,0,,not_applicable,knn,
PRSD20250414434,1 to 2 Family,Shutters/Doors/Windows,Alteration/Remodel,21727,0,1,Res.1&2 or Guest House,Res.1&2 or Guest House,10000_99999,1,zero,Res.1&2 or Guest House,,1,Res.1&2 or Guest House,knn,knn,1.0
PRSD20250414435,1 to 2 Family,Shutters/Doors/Windows,Alteration/Remodel,1450,0,1,Res.1&2 or Guest House,Res.1&2 or Guest House,1000_9999,1,zero,Res.1&2 or Guest House,Res.1&2 or Guest House,0,,not_applicable,knn,
PRSD20250414436,1 to 2 Family,Shutters/Doors/Windows,Alteration/Remodel,3860,0,1,Res.1&2 or Guest House,Res.1&2 or Guest House,1000_9999,1,zero,Res.1&2 or Guest House,Res.1&2 or Guest House,0,,not_applicable,knn,
PRSD20250414443,1 to 2 Family,Shutters/Doors/Windows,Alteration/Remodel,31548.65,0,1,Res.1&2 or Guest House,Res.1&2 or Guest House,10000_99999,1,zero,Res.1&2 or Guest House,,1,Res.1&2 or Guest House,knn,knn,1.0
PRSD20250414449,1 to 2 Family,Shutters/Doors/Windows,Alteration/Remodel,24208.79,0,1,Res.1&2 or Guest House,Res.1&2 or Guest House,10000_99999,1,zero,Res.1&2 or Guest House,Res.1&2 or Guest House,0,,not_applicable,knn,
PRSD20250414457,1 to 2 Family,Shutters/Doors/Windows,Alteration/Remodel,26566.57,0,1,Res.1&2 or Guest House,Res.1&2 or Guest House,10000_99999,1,zero,Res.1&2 or Guest House,Res.1&2 or Guest House,0,,not_applicable,knn,
PRSD20250414475,1 to 2 Family,Shutters/Doors/Windows,Alteration/Remodel,109224,0,1,Res.1&2 or Guest House,Res.1&2 or Guest House,100000_plus,1,zero,Res.1&2 or Guest House,Res.1&2 or Guest House,0,,not_applicable,knn,
PRSD20250414477,1 to 2 Family,Shutters/Doors/Windows,Alteration/Remodel,5501,0,1,Res.1&2 or Guest House,Res.1&2 or Guest House,1000_9999,1,zero,Res.1&2 or Guest House,,1,Res.1&2 or Guest House,knn,knn,1.0
PRSD20250414478,Commercial,Shutters/Doors/Windows,Alteration/Remodel,10883.96,0,1,Residential-Multi-Family,Residential-Multi-Family,10000_99999,1,zero,Residential-Multi-Family,Residential-Multi-Family,0,,not_applicable,knn,
PRSD20250414488,1 to 2 Family,Shutters/Doors/Windows,Alteration/Remodel,13900,0,1,Res.1&2 or Guest House,Res.1&2 or Guest House,10000_99999,1,zero,Res.1&2 or Guest House,Res.1&2 or Guest House,0,,not_applicable,knn,
PRSD20250414514,1 to 2 Family,Shutters/Doors/Windows,Alteration/Remodel,43653.46,0,1,Res.1&2 or Guest House,Res.1&2 or Guest House,10000_99999,1,zero,Res.1&2 or Guest House,,1,Res.1&2 or Guest House,knn,knn,1.0
PRSD20250414523,Commercial,Shutters/Doors/Windows,Alteration/Remodel,20680.75,0,0,Residential-Multi-Family,Residential-Multi-Family,10000_99999,0,zero,Residential-Multi-Family,Residential-Multi-Family,0,,not_applicable,knn,
PRSD20250414547,1 to 2 Family,Shutters/Doors/Windows,Alteration/Remodel,18287,0,1,Res.1&2 or Guest House,Res.1&2 or Guest House,10000_99999,1,zero,Res.1&2 or Guest House,Res.1&2 or Guest House,0,,not_applicable,knn,
PRSD20250414550,Commercial,Shutters/Doors/Windows,Alteration/Remodel,15757,0,1,Residential-Multi-Family,Residential-Multi-Family,10000_99999,1,zero,Residential-Multi-Family,Residential-Multi-Family,0,,not_applicable,knn,
PRSD20250414552,1 to 2 Family,Shutters/Doors/Windows,Alteration/Remodel,23000,0,1,Res.1&2 or Guest House,Res.1&2 or Guest House,10000_99999,1,zero,Res.1&2 or Guest House,Res.1&2 or Guest House,0,,not_applicable,knn,
PRSD20250414553,Commercial,Shutters/Doors/Windows,Alteration/Remodel,37107,0,1,Residential-Multi-Family,Residential-Multi-Family,10000_99999,1,zero,Residential-Multi-Family,Residential-Multi-Family,0,,not_applicable,knn,
PRSD20250414590,1 to 2 Family,Shutters/Doors/Windows,Alteration/Remodel,8500,0,1,Res.1&2 or Guest House,Res.1&2 or Guest House,1000_9999,1,zero,Res.1&2 or Guest House,Res.1&2 or Guest House,0,,not_applicable,knn,
PRSD20250414598,1 to 2 Family,Shutters/Doors/Windows,Alteration/Remodel,6175.67,0,1,Res.1&2 or Guest House,Res.1&2 or Guest House,1000_9999,1,zero,Res.1&2 or Guest House,,1,Res.1&2 or Guest House,knn,knn,1.0
PRSD20250414648,Commercial,Shutters/Doors/Windows,Alteration/Remodel,19810,0,1,Residential-Multi-Family,Residential-Multi-Family,10000_99999,1,zero,Residential-Multi-Family,Residential-Multi-Family,0,,not_applicable,knn,
PRSD20250414654,1 to 2 Family,Shutters/Doors/Windows,Alteration/Remodel,8456,0,1,Res.1&2 or Guest House,Res.1&2 or Guest House,1000_9999,1,zero,Res.1&2 or Guest House,Res.1&2 or Guest House,0,,not_applicable,knn,
PRSD20250414677,1 to 2 Family,Shutters/Doors/Windows,Alteration/Remodel,13000,0,1,Res.1&2 or Guest House,Res.1&2 or Guest House,10000_99999,1,zero,Res.1&2 or Guest House,,1,Res.1&2 or Guest House,knn,knn,1.0
PRSD20250414681,1 to 2 Family,Shutters/Doors/Windows,Alteration/Remodel,22000,0,1,Res.1&2 or Guest House,Res.1&2 or Guest House,10000_99999,1,zero,Res.1&2 or Guest House,,1,Res.1&2 or Guest House,knn,knn,1.0
PRSD20250414683,1 to 2 Family,Shutters/Doors/Windows,Alteration/Remodel,12000,0,1,Res.1&2 or Guest House,Res.1&2 or Guest House,10000_99999,1,zero,Res.1&2 or Guest House,,1,Res.1&2 or Guest House,knn,knn,1.0
PRSD20250414689,1 to 2 Family,Shutters/Doors/Windows,Alteration/Remodel,32000,0,1,Res.1&2 or Guest House,Res.1&2 or Guest House,10000_99999,1,zero,Res.1&2 or Guest House,Res.1&2 or Guest House,0,,not_applicable,knn,
PRSD20250414705,1 to 2 Family,Shutters/Doors/Windows,Alteration/Remodel,12500,0,1,Res.1&2 or Guest House,Res.1&2 or Guest House,10000_99999,1,zero,Res.1&2 or Guest House,,1,Res.1&2 or Guest House,knn,knn,1.0
PRSD20250414748,1 to 2 Family,Shutters/Doors/Windows,Alteration/Remodel,13450,0,1,Res.1&2 or Guest House,Res.1&2 or Guest House,10000_99999,1,zero,Res.1&2 or Guest House,,1,Res.1&2 or Guest House,knn,knn,1.0
PRSD20250414760,Commercial,Shutters/Doors/Windows,Alteration/Remodel,9284,0,1,Residential-Multi-Family,Residential-Multi-Family,1000_9999,1,zero,Residential-Multi-Family,Residential-Multi-Family,0,,not_applicable,knn,
PRSD20250414765,1 to 2 Family,Shutters/Doors/Windows,Alteration/Remodel,8650,0,1,Res.1&2 or Guest House,Res.1&2 or Guest House,1000_9999,1,zero,Res.1&2 or Guest House,Res.1&2 or Guest House,0,,not_applicable,knn,
PRSD20250414776,Commercial,Shutters/Doors/Windows,Alteration/Remodel,4459.5200000000004,0,1,Residential-Multi-Family,Residential-Multi-Family,1000_9999,1,zero,Residential-Multi-Family,Residential-Multi-Family,0,,not_applicable,knn,
PRSD20250414787,1 to 2 Family,Shutters/Doors/Windows,Alteration/Remodel,930,0,1,Res.1&2 or Guest House,Res.1&2 or Guest House,2_999,1,zero,Res.1&2 or Guest House,Res.1&2 or Guest House,0,,not_applicable,knn,
PRSD20250414788,1 to 2 Family,Shutters/Doors/Windows,Alteration/Remodel,83762,0,1,Res.1&2 or Guest House,Res.1&2 or Guest House,10000_99999,1,zero,Res.1&2 or Guest House,Res.1&2 or Guest House,0,,not_applicable,knn,
PRSD20250414792,Commercial,Shutters/Doors/Windows,Alteration/Remodel,11878.9,0,1,Residential-Multi-Family,Residential-Multi-Family,10000_99999,1,zero,Residential-Multi-Family,Residential-Multi-Family,0,,not_applicable,knn,
PRSD20250414805,1 to 2 Family,Shutters/Doors/Windows,Alteration/Remodel,3470,0,1,Res.1&2 or Guest House,Res.1&2 or Guest House,1000_9999,1,zero,Res.1&2 or Guest House,,1,Res.1&2 or Guest House,knn,knn,1.0
PRSD20250414814,Commercial,Shutters/Doors/Windows,Alteration/Remodel,20000,0,1,Residential-Multi-Family,Residential-Multi-Family,10000_99999,1,zero,Residential-Multi-Family,,1,Residential-Multi-Family,knn,knn,1.0
PRSD20250414827,1 to 2 Family,Shutters/Doors/Windows,Alteration/Remodel,30000,0,1,Res.1&2 or Guest House,Res.1&2 or Guest House,10000_99999,1,zero,Res.1&2 or Guest House,Res.1&2 or Guest House,0,,not_applicable,knn,
PRSD20250414829,1 to 2 Family,Shutters/Doors/Windows,Alteration/Remodel,3000,0,1,Res.1&2 or Guest House,Res.1&2 or Guest House,1000_9999,1,zero,Res.1&2 or Guest House,Res.1&2 or Guest House,0,,not_applicable,knn,
PRSD20250414830,1 to 2 Family,Shutters/Doors/Windows,Alteration/Remodel,11989,0,1,Res.1&2 or Guest House,Res.1&2 or Guest House,10000_99999,1,zero,Res.1&2 or Guest House,Res.1&2 or Guest House,0,,not_applicable,knn,
PRSD20250414882,1 to 2 Family,Shutters/Doors/Windows,Alteration/Remodel,16685.38,0,1,Res.1&2 or Guest House,Res.1&2 or Guest House,10000_99999,1,zero,Res.1&2 or Guest House,Res.1&2 or Guest House,0,,not_applicable,knn,
PRSD20250414892,Commercial,Shutters/Doors/Windows,Alteration/Remodel,16030,0,1,Residential-Multi-Family,Residential-Multi-Family,10000_99999,1,zero,Residential-Multi-Family,,1,Residential-Multi-Family,knn,knn,1.0
PRSD20250414896,1 to 2 Family,Shutters/Doors/Windows,Alteration/Remodel,27468,0,1,Res.1&2 or Guest House,Res.1&2 or Guest House,10000_99999,1,zero,Res.1&2 or Guest House,Res.1&2 or Guest House,0,,not_applicable,knn,
PRSD20250414899,1 to 2 Family,Shutters/Doors/Windows,Alteration/Remodel,5254.72,0,1,Res.1&2 or Guest House,Res.1&2 or Guest House,1000_9999,1,zero,Res.1&2 or Guest House,Res.1&2 or Guest House,0,,not_applicable,knn,
PRSD20250414902,Commercial,Shutters/Doors/Windows,Alteration/Remodel,14149,0,1,Residential-Multi-Family,Residential-Multi-Family,10000_99999,1,zero,Residential-Multi-Family,,1,Residential-Multi-Family,knn,knn,1.0
PRSD20250414917,1 to 2 Family,Shutters/Doors/Windows,Alteration/Remodel,24582.39,0,1,Res.1&2 or Guest House,Res.1&2 or Guest House,10000_99999,1,zero,Res.1&2 or Guest House,,1,Res.1&2 or Guest House,knn,knn,1.0
PRSD20250414940,1 to 2 Family,Shutters/Doors/Windows,Alteration/Remodel,1000,0,1,Res.1&2 or Guest House,Res.1&2 or Guest House,1000_9999,1,zero,Res.1&2 or Guest House,,1,Res.1&2 or Guest House,knn,knn,1.0
PRSD20250414960,Commercial,Shutters/Doors/Windows,Alteration/Remodel,4000,0,1,Commercial,Commercial,1000_9999,1,zero,Commercial,Commercial,0,,not_applicable,knn,
PRSD20250414964,1 to 2 Family,Shutters/Doors/Windows,Alteration/Remodel,5743.5,0,1,Res.1&2 or Guest House,Res.1&2 or Guest House,1000_9999,1,zero,Res.1&2 or Guest House,Res.1&2 or Guest House,0,,not_applicable,knn,
PRSD20250414966,Commercial,Shutters/Doors/Windows,Alteration/Remodel,3800,0,1,Residential-Multi-Family,Residential-Multi-Family,1000_9999,1,zero,Residential-Multi-Family,,1,Residential-Multi-Family,knn,knn,1.0
PRSD20250414973,1 to 2 Family,Shutters/Doors/Windows,Alteration/Remodel,15511.61,0,1,Res.1&2 or Guest House,Res.1&2 or Guest House,10000_99999,1,zero,Res.1&2 or Guest House,Res.1&2 or Guest House,0,,not_applicable,knn,
PRSD20250414980,1 to 2 Family,Shutters/Doors/Windows,Alteration/Remodel,16330.81,0,1,Res.1&2 or Guest House,Res.1&2 or Guest House,10000_99999,1,zero,Res.1&2 or Guest House,Res.1&2 or Guest House,0,,not_applicable,knn,
PRSD20250414981,1 to 2 Family,Shutters/Doors/Windows,Alteration/Remodel,20999.18,0,1,Res.1&2 or Guest House,Res.1&2 or Guest House,10000_99999,1,zero,Res.1&2 or Guest House,Res.1&2 or Guest House,0,,not_applicable,knn,
PRSD20250414998,1 to 2 Family,Shutters/Doors/Windows,Alteration/Remodel,2217.5,0,1,Res.1&2 or Guest House,Res.1&2 or Guest House,1000_9999,1,zero,Res.1&2 or Guest House,Res.1&2 or Guest House,0,,not_applicable,knn,
PRSD20250415008,1 to 2 Family,Shutters/Doors/Windows,Alteration/Remodel,19000,0,1,Res.1&2 or Guest House,Res.1&2 or Guest House,10000_99999,1,zero,Res.1&2 or Guest House,Res.1&2 or Guest House,0,,not_applicable,knn,
PRSD20250415013,1 to 2 Family,Shutters/Doors/Windows,Alteration/Remodel,26519.05,0,1,Res.1&2 or Guest House,Res.1&2 or Guest House,10000_99999,1,zero,Res.1&2 or Guest House,Res.1&2 or Guest House,0,,not_applicable,knn,
PRSD20250415042,1 to 2 Family,Shutters/Doors/Windows,Alteration/Remodel,4673,0,1,Res.1&2 or Guest House,Res.1&2 or Guest House,1000_9999,1,zero,Res.1&2 or Guest House,Res.1&2 or Guest House,0,,not_applicable,knn,
PRSD20250415064,1 to 2 Family,Shutters/Doors/Windows,Alteration/Remodel,47350,0,1,Res.1&2 or Guest House,Res.1&2 or Guest House,10000_99999,1,zero,Res.1&2 or Guest House,,1,Res.1&2 or Guest House,knn,knn,1.0
PRSD20250415078,1 to 2 Family,Shutters/Doors/Windows,Alteration/Remodel,11330.13,0,1,Res.1&2 or Guest House,Res.1&2 or Guest House,10000_99999,1,zero,Res.1&2 or Guest House,Res.1&2 or Guest House,0,,not_applicable,knn,
PRSD20250415089,1 to 2 Family,Shutters/Doors/Windows,Alteration/Remodel,4720.4799999999996,0,1,Res.1&2 or Guest House,Res.1&2 or Guest House,1000_9999,1,zero,Res.1&2 or Guest House,Res.1&2 or Guest House,0,,not_applicable,knn,
PRSD20250415102,1 to 2 Family,Shutters/Doors/Windows,Alteration/Remodel,20286,0,1,Res.1&2 or Guest House,Res.1&2 or Guest House,10000_99999,1,zero,Res.1&2 or Guest House,Res.1&2 or Guest House,0,,not_applicable,knn,
PRSD20250415111,Commercial,Shutters/Doors/Windows,Alteration/Remodel,14560.13,0,1,Residential-Multi-Family,Residential-Multi-Family,10000_99999,1,zero,Residential-Multi-Family,Residential-Multi-Family,0,,not_applicable,knn,
PRSD20250415133,1 to 2 Family,Shutters/Doors/Windows,Alteration/Remodel,2598,0,1,Res.1&2 or Guest House,Res.1&2 or Guest House,1000_9999,1,zero,Res.1&2 or Guest House,Res.1&2 or Guest House,0,,not_applicable,knn,
PRSD20250415155,Commercial,Shutters/Doors/Windows,Alteration/Remodel,22025.56,0,1,Residential-Multi-Family,Residential-Multi-Family,10000_99999,1,zero,Residential-Multi-Family,Residential-Multi-Family,0,,not_applicable,knn,
PRSD20250415156,1 to 2 Family,Shutters/Doors/Windows,Alteration/Remodel,9000,0,1,Res.1&2 or Guest House,Res.1&2 or Guest House,1000_9999,1,zero,Res.1&2 or Guest House,Res.1&2 or Guest House,0,,not_applicable,knn,
PRSD20250415159,1 to 2 Family,Shutters/Doors/Windows,Alteration/Remodel,15008.85,0,1,Res.1&2 or Guest House,Res.1&2 or Guest House,10000_99999,1,zero,Res.1&2 or Guest House,Res.1&2 or Guest House,0,,not_applicable,knn,
PRSD20250415165,1 to 2 Family,Shutters/Doors/Windows,Alteration/Remodel,8850,0,1,Res.1&2 or Guest House,Res.1&2 or Guest House,1000_9999,1,zero,Res.1&2 or Guest House,Res.1&2 or Guest House,0,,not_applicable,knn,
PRSD20250415172,1 to 2 Family,Shutters/Doors/Windows,Alteration/Remodel,5530.14,0,1,Res.1&2 or Guest House,Res.1&2 or Guest House,1000_9999,1,zero,Res.1&2 or Guest House,Res.1&2 or Guest House,0,,not_applicable,knn,
PRSD20250415177,1 to 2 Family,Shutters/Doors/Windows,Alteration/Remodel,10659,0,1,Res.1&2 or Guest House,Res.1&2 or Guest House,10000_99999,1,zero,Res.1&2 or Guest House,Res.1&2 or Guest House,0,,not_applicable,knn,
PRSD20250415179,1 to 2 Family,Shutters/Doors/Windows,Alteration/Remodel,13600,0,1,Res.1&2 or Guest House,Res.1&2 or Guest House,10000_99999,1,zero,Res.1&2 or Guest House,Res.1&2 or Guest House,0,,not_applicable,knn,
PRSD20250415180,Commercial,Shutters/Doors/Windows,Alteration/Remodel,3178,0,1,Residential-Multi-Family,Residential-Multi-Family,1000_9999,1,zero,Residential-Multi-Family,Residential-Multi-Family,0,,not_applicable,knn,
PRSD20250415181,Commercial,Shutters/Doors/Windows,Alteration/Remodel,16000,0,1,Residential-Multi-Family,Residential-Multi-Family,10000_99999,1,zero,Residential-Multi-Family,Residential-Multi-Family,0,,not_applicable,knn,
PRSD20250415225,1 to 2 Family,Shutters/Doors/Windows,Alteration/Remodel,34750,0,1,Res.1&2 or Guest House,Res.1&2 or Guest House,10000_99999,1,zero,Res.1&2 or Guest House,Res.1&2 or Guest House,0,,not_applicable,knn,
PRSD20250415227,1 to 2 Family,Shutters/Doors/Windows,Alteration/Remodel,4980,0,1,Res.1&2 or Guest House,Res.1&2 or Guest House,1000_9999,1,zero,Res.1&2 or Guest House,Res.1&2 or Guest House,0,,not_applicable,knn,
PRSD20250415238,Commercial,Shutters/Doors/Windows,Alteration/Remodel,59950,0,0,Residential-Multi-Family,Residential-Multi-Family,10000_99999,0,zero,Residential-Multi-Family,Residential-Multi-Family,0,,not_applicable,knn,
PRSD20250415241,Commercial,Shutters/Doors/Windows,Alteration/Remodel,11345,0,1,Residential-Multi-Family,Residential-Multi-Family,10000_99999,1,zero,Residential-Multi-Family,Residential-Multi-Family,0,,not_applicable,knn,
PRSD20250415242,1 to 2 Family,Shutters/Doors/Windows,Alteration/Remodel,24096.95,0,1,Res.1&2 or Guest House,Res.1&2 or Guest House,10000_99999,1,zero,Res.1&2 or Guest House,Res.1&2 or Guest House,0,,not_applicable,knn,
PRSD20250415276,Commercial,Shutters/Doors/Windows,Alteration/Remodel,13588,0,1,Residential-Multi-Family,Residential-Multi-Family,10000_99999,1,zero,Residential-Multi-Family,Residential-Multi-Family,0,,not_applicable,knn,
PRSD20250415277,1 to 2 Family,Shutters/Doors/Windows,Alteration/Remodel,51750,0,1,Res.1&2 or Guest House,Res.1&2 or Guest House,10000_99999,1,zero,Res.1&2 or Guest House,Res.1&2 or Guest House,0,,not_applicable,knn,
PRSD20250415278,1 to 2 Family,Shutters/Doors/Windows,Alteration/Remodel,40000,0,1,Res.1&2 or Guest House,Res.1&2 or Guest House,10000_99999,1,zero,Res.1&2 or Guest House,Res.1&2 or Guest House,0,,not_applicable,knn,
PRSD20250415297,1 to 2 Family,Shutters/Doors/Windows,Alteration/Remodel,9000,0,1,Res.1&2 or Guest House,Res.1&2 or Guest House,1000_9999,1,zero,Res.1&2 or Guest House,Res.1&2 or Guest House,0,,not_applicable,knn,
PRSD20250415313,1 to 2 Family,Shutters/Doors/Windows,Alteration/Remodel,8656.09,0,1,Res.1&2 or Guest House,Res.1&2 or Guest House,1000_9999,1,zero,Res.1&2 or Guest House,Res.1&2 or Guest House,0,,not_applicable,knn,
PRSD20250415329,1 to 2 Family,Shutters/Doors/Windows,Alteration/Remodel,9990,0,1,Res.1&2 or Guest House,Res.1&2 or Guest House,1000_9999,1,zero,Res.1&2 or Guest House,Res.1&2 or Guest House,0,,not_applicable,knn,
PRSD20250415331,1 to 2 Family,Shutters/Doors/Windows,Alteration/Remodel,20764.88,0,1,Res.1&2 or Guest House,Res.1&2 or Guest House,10000_99999,1,zero,Res.1&2 or Guest House,Res.1&2 or Guest House,0,,not_applicable,knn,
PRSD20250415335,1 to 2 Family,Shutters/Doors/Windows,Alteration/Remodel,1500,0,1,Res.1&2 or Guest House,Res.1&2 or Guest House,1000_9999,1,zero,Res.1&2 or Guest House,Res.1&2 or Guest House,0,,not_applicable,knn,
PRSD20250415341,1 to 2 Family,Shutters/Doors/Windows,Alteration/Remodel,18500,0,1,Res.1&2 or Guest House,Res.1&2 or Guest House,10000_99999,1,zero,Res.1&2 or Guest House,,1,Res.1&2 or Guest House,knn,knn,1.0
PRSD20250415354,1 to 2 Family,Shutters/Doors/Windows,Alteration/Remodel,6000,0,1,Res.1&2 or Guest House,Res.1&2 or Guest House,1000_9999,1,zero,Res.1&2 or Guest House,Res.1&2 or Guest House,0,,not_applicable,knn,
PRSD20250415359,1 to 2 Family,Shutters/Doors/Windows,Alteration/Remodel,21846.35,0,1,Res.1&2 or Guest House,Res.1&2 or Guest House,10000_99999,1,zero,Res.1&2 or Guest House,Res.1&2 or Guest House,0,,not_applicable,knn,
PRSD20250415362,1 to 2 Family,Shutters/Doors/Windows,Alteration/Remodel,29476,0,1,Res.1&2 or Guest House,Res.1&2 or Guest House,10000_99999,1,zero,Res.1&2 or Guest House,Res.1&2 or Guest House,0,,not_applicable,knn,
PRSD20250415365,1 to 2 Family,Shutters/Doors/Windows,Alteration/Remodel,11577,0,1,Res.1&2 or Guest House,Res.1&2 or Guest House,10000_99999,1,zero,Res.1&2 or Guest House,Res.1&2 or Guest House,0,,not_applicable,knn,
PRSD20250415375,1 to 2 Family,Shutters/Doors/Windows,Alteration/Remodel,18000,0,1,Res.1&2 or Guest House,Res.1&2 or Guest House,10000_99999,1,zero,Res.1&2 or Guest House,Res.1&2 or Guest House,0,,not_applicable,knn,
PRSD20250415382,1 to 2 Family,Shutters/Doors/Windows,Alteration/Remodel,18944.080000000002,0,1,Res.1&2 or Guest House,Res.1&2 or Guest House,10000_99999,1,zero,Res.1&2 or Guest House,,1,Res.1&2 or Guest House,knn,knn,1.0
PRSD20250415386,1 to 2 Family,Shutters/Doors/Windows,Alteration/Remodel,3000,0,1,Res.1&2 or Guest House,Res.1&2 or Guest House,1000_9999,1,zero,Res.1&2 or Guest House,Res.1&2 or Guest House,0,,not_applicable,knn,
PRSD20250415387,Commercial,Shutters/Doors/Windows,Alteration/Remodel,15604.54,0,1,Residential-Multi-Family,Residential-Multi-Family,10000_99999,1,zero,Residential-Multi-Family,Residential-Multi-Family,0,,not_applicable,knn,
PRSD20250415390,1 to 2 Family,Shutters/Doors/Windows,Alteration/Remodel,31462,0,1,Res.1&2 or Guest House,Res.1&2 or Guest House,10000_99999,1,zero,Res.1&2 or Guest House,Res.1&2 or Guest House,0,,not_applicable,knn,
PRSD20250415397,1 to 2 Family,Shutters/Doors/Windows,Alteration/Remodel,15838.94,0,1,Res.1&2 or Guest House,Res.1&2 or Guest House,10000_99999,1,zero,Res.1&2 or Guest House,Res.1&2 or Guest House,0,,not_applicable,knn,
PRSD20250415425,Commercial,Shutters/Doors/Windows,Alteration/Remodel,28700,0,1,Residential-Multi-Family,Residential-Multi-Family,10000_99999,1,zero,Residential-Multi-Family,,1,Residential-Multi-Family,knn,knn,1.0
PRSD20250415434,1 to 2 Family,Shutters/Doors/Windows,Alteration/Remodel,43800,0,1,Res.1&2 or Guest House,Res.1&2 or Guest House,10000_99999,1,zero,Res.1&2 or Guest House,Res.1&2 or Guest House,0,,not_applicable,knn,
PRSD20250415454,1 to 2 Family,Shutters/Doors/Windows,Alteration/Remodel,4581.1099999999997,0,1,Res.1&2 or Guest House,Res.1&2 or Guest House,1000_9999,1,zero,Res.1&2 or Guest House,Res.1&2 or Guest House,0,,not_applicable,knn,
PRSD20250415470,Commercial,Shutters/Doors/Windows,Alteration/Remodel,49000,0,1,Residential-Multi-Family,Residential-Multi-Family,10000_99999,1,zero,Residential-Multi-Family,Residential-Multi-Family,0,,not_applicable,knn,
PRSD20250415478,1 to 2 Family,Shutters/Doors/Windows,Alteration/Remodel,9162,0,1,Res.1&2 or Guest House,Res.1&2 or Guest House,1000_9999,1,zero,Res.1&2 or Guest House,Res.1&2 or Guest House,0,,not_applicable,knn,
PRSD20250415487,1 to 2 Family,Shutters/Doors/Windows,Alteration/Remodel,43011.360000000001,0,1,Res.1&2 or Guest House,Res.1&2 or Guest House,10000_99999,1,zero,Res.1&2 or Guest House,,1,Res.1&2 or Guest House,knn,knn,1.0
PRSD20250415505,1 to 2 Family,Shutters/Doors/Windows,Alteration/Remodel,9108.2000000000007,0,1,Res.1&2 or Guest House,Res.1&2 or Guest House,1000_9999,1,zero,Res.1&2 or Guest House,Res.1&2 or Guest House,0,,not_applicable,knn,
PRSD20250415528,Commercial,Shutters/Doors/Windows,Alteration/Remodel,27286.94,0,1,Residential-Multi-Family,Residential-Multi-Family,10000_99999,1,zero,Residential-Multi-Family,Residential-Multi-Family,0,,not_applicable,knn,
PRSD20250415534,Commercial,Shutters/Doors/Windows,Alteration/Remodel,10000,0,1,Residential-Multi-Family,Residential-Multi-Family,10000_99999,1,zero,Residential-Multi-Family,Residential-Multi-Family,0,,not_applicable,knn,
PRSD20250415548,1 to 2 Family,Shutters/Doors/Windows,Alteration/Remodel,11919,0,1,Res.1&2 or Guest House,Res.1&2 or Guest House,10000_99999,1,zero,Res.1&2 or Guest House,,1,Res.1&2 or Guest House,knn,knn,1.0
PRSD20250415550,1 to 2 Family,Shutters/Doors/Windows,Alteration/Remodel,32623,0,1,Res.1&2 or Guest House,Res.1&2 or Guest House,10000_99999,1,zero,Res.1&2 or Guest House,Res.1&2 or Guest House,0,,not_applicable,knn,
PRSD20250415563,1 to 2 Family,Shutters/Doors/Windows,Alteration/Remodel,4700,0,1,Res.1&2 or Guest House,Res.1&2 or Guest House,1000_9999,1,zero,Res.1&2 or Guest House,Res.1&2 or Guest House,0,,not_applicable,knn,
PRSD20250415569,1 to 2 Family,Shutters/Doors/Windows,Alteration/Remodel,32750,0,1,Res.1&2 or Guest House,Res.1&2 or Guest House,10000_99999,1,zero,Res.1&2 or Guest House,Res.1&2 or Guest House,0,,not_applicable,knn,
PRSD20250415573,1 to 2 Family,Shutters/Doors/Windows,Alteration/Remodel,11610,0,1,Res.1&2 or Guest House,Res.1&2 or Guest House,10000_99999,1,zero,Res.1&2 or Guest House,Res.1&2 or Guest House,0,,not_applicable,knn,
PRSD20250415579,1 to 2 Family,Shutters/Doors/Windows,Alteration/Remodel,8296,0,1,Res.1&2 or Guest House,Res.1&2 or Guest House,1000_9999,1,zero,Res.1&2 or Guest House,Res.1&2 or Guest House,0,,not_applicable,knn,
PRSD20250415589,1 to 2 Family,Shutters/Doors/Windows,Alteration/Remodel,4000,0,1,Res.1&2 or Guest House,Res.1&2 or Guest House,1000_9999,1,zero,Res.1&2 or Guest House,Res.1&2 or Guest House,0,,not_applicable,knn,
PRSD20250415590,1 to 2 Family,Shutters/Doors/Windows,Alteration/Remodel,4486,0,1,Res.1&2 or Guest House,Res.1&2 or Guest House,1000_9999,1,zero,Res.1&2 or Guest House,Res.1&2 or Guest House,0,,not_applicable,knn,
PRSD20250415591,Commercial,Shutters/Doors/Windows,Alteration/Remodel,18800,0,1,Residential-Multi-Family,Residential-Multi-Family,10000_99999,1,zero,Residential-Multi-Family,Residential-Multi-Family,0,,not_applicable,knn,
PRSD20250415592,Commercial,Shutters/Doors/Windows,Alteration/Remodel,7750,0,1,Residential-Multi-Family,Residential-Multi-Family,1000_9999,1,zero,Residential-Multi-Family,,1,Residential-Multi-Family,knn,knn,1.0
PRSD20250415594,1 to 2 Family,Shutters/Doors/Windows,Alteration/Remodel,42429,0,1,Res.1&2 or Guest House,Res.1&2 or Guest House,10000_99999,1,zero,Res.1&2 or Guest House,,1,Res.1&2 or Guest House,knn,knn,1.0
PRSD20250415609,1 to 2 Family,Shutters/Doors/Windows,Alteration/Remodel,11971.32,0,1,Res.1&2 or Guest House,Res.1&2 or Guest House,10000_99999,1,zero,Res.1&2 or Guest House,Res.1&2 or Guest House,0,,not_applicable,knn,
PRSD20250415624,1 to 2 Family,Shutters/Doors/Windows,Alteration/Remodel,6927.17,0,1,Res.1&2 or Guest House,Res.1&2 or Guest House,1000_9999,1,zero,Res.1&2 or Guest House,Res.1&2 or Guest House,0,,not_applicable,knn,
PRSD20250415625,1 to 2 Family,Shutters/Doors/Windows,Alteration/Remodel,19314.98,0,1,Res.1&2 or Guest House,Res.1&2 or Guest House,10000_99999,1,zero,Res.1&2 or Guest House,Res.1&2 or Guest House,0,,not_applicable,knn,
PRSD20250415626,1 to 2 Family,Shutters/Doors/Windows,Alteration/Remodel,13204.04,0,1,Res.1&2 or Guest House,Res.1&2 or Guest House,10000_99999,1,zero,Res.1&2 or Guest House,Res.1&2 or Guest House,0,,not_applicable,knn,
PRSD20250415635,Commercial,Shutters/Doors/Windows,Alteration/Remodel,6827.2,0,1,Residential-Multi-Family,Residential-Multi-Family,1000_9999,1,zero,Residential-Multi-Family,,1,Residential-Multi-Family,knn,knn,1.0
PRSD20250415636,1 to 2 Family,Shutters/Doors/Windows,Alteration/Remodel,23885,0,1,Res.1&2 or Guest House,Res.1&2 or Guest House,10000_99999,1,zero,Res.1&2 or Guest House,,1,Res.1&2 or Guest House,knn,knn,1.0
PRSD20250415640,1 to 2 Family,Shutters/Doors/Windows,Alteration/Remodel,20005,0,1,Res.1&2 or Guest House,Res.1&2 or Guest House,10000_99999,1,zero,Res.1&2 or Guest House,Res.1&2 or Guest House,0,,not_applicable,knn,
PRSD20250415651,1 to 2 Family,Shutters/Doors/Windows,Alteration/Remodel,3224,0,1,Res.1&2 or Guest House,Res.1&2 or Guest House,1000_9999,1,zero,Res.1&2 or Guest House,Res.1&2 or Guest House,0,,not_applicable,knn,
PRSD20250415657,1 to 2 Family,Shutters/Doors/Windows,Alteration/Remodel,3226,0,1,Res.1&2 or Guest House,Res.1&2 or Guest House,1000_9999,1,zero,Res.1&2 or Guest House,Res.1&2 or Guest House,0,,not_applicable,knn,
PRSD20250415658,1 to 2 Family,Shutters/Doors/Windows,Alteration/Remodel,37000,0,1,Res.1&2 or Guest House,Res.1&2 or Guest House,10000_99999,1,zero,Res.1&2 or Guest House,Res.1&2 or Guest House,0,,not_applicable,knn,
PRSD20250415667,1 to 2 Family,Shutters/Doors/Windows,Alteration/Remodel,14800,0,1,Res.1&2 or Guest House,Res.1&2 or Guest House,10000_99999,1,zero,Res.1&2 or Guest House,Res.1&2 or Guest House,0,,not_applicable,knn,
PRSD20250415672,1 to 2 Family,Shutters/Doors/Windows,Alteration/Remodel,9519,0,1,Res.1&2 or Guest House,Res.1&2 or Guest House,1000_9999,1,zero,Res.1&2 or Guest House,Res.1&2 or Guest House,0,,not_applicable,knn,
PRSD20250415685,1 to 2 Family,Shutters/Doors/Windows,Alteration/Remodel,61676,0,1,Res.1&2 or Guest House,Res.1&2 or Guest House,10000_99999,1,zero,Res.1&2 or Guest House,,1,Res.1&2 or Guest House,knn,knn,1.0
PRSD20250415706,Commercial,Shutters/Doors/Windows,Alteration/Remodel,1972.36,0,1,Residential-Multi-Family,Residential-Multi-Family,1000_9999,1,zero,Residential-Multi-Family,Residential-Multi-Family,0,,not_applicable,knn,
PRSD20250415710,1 to 2 Family,Shutters/Doors/Windows,Alteration/Remodel,12389.69,0,1,Res.1&2 or Guest House,Res.1&2 or Guest House,10000_99999,1,zero,Res.1&2 or Guest House,Res.1&2 or Guest House,0,,not_applicable,knn,
PRSD20250415713,1 to 2 Family,Shutters/Doors/Windows,Alteration/Remodel,4999,0,1,Res.1&2 or Guest House,Res.1&2 or Guest House,1000_9999,1,zero,Res.1&2 or Guest House,Res.1&2 or Guest House,0,,not_applicable,knn,
PRSD20250415718,1 to 2 Family,Shutters/Doors/Windows,Alteration/Remodel,12165,0,1,Res.1&2 or Guest House,Res.1&2 or Guest House,10000_99999,1,zero,Res.1&2 or Guest House,Res.1&2 or Guest House,0,,not_applicable,knn,
PRSD20250415720,Commercial,Shutters/Doors/Windows,Alteration/Remodel,30224,0,1,Residential-Multi-Family,Residential-Multi-Family,10000_99999,1,zero,Residential-Multi-Family,Residential-Multi-Family,0,,not_applicable,knn,
PRSD20250415738,1 to 2 Family,Shutters/Doors/Windows,Alteration/Remodel,3568.98,0,1,Res.1&2 or Guest House,Res.1&2 or Guest House,1000_9999,1,zero,Res.1&2 or Guest House,Res.1&2 or Guest House,0,,not_applicable,knn,
PRSD20250415740,Commercial,Shutters/Doors/Windows,Alteration/Remodel,10435.68,0,1,Residential-Multi-Family,Residential-Multi-Family,10000_99999,1,zero,Residential-Multi-Family,Residential-Multi-Family,0,,not_applicable,knn,
PRSD20250415745,1 to 2 Family,Shutters/Doors/Windows,Alteration/Remodel,2816,0,1,Res.1&2 or Guest House,Res.1&2 or Guest House,1000_9999,1,zero,Res.1&2 or Guest House,Res.1&2 or Guest House,0,,not_applicable,knn,
PRSD20250415747,Commercial,Shutters/Doors/Windows,Alteration/Remodel,13246.22,0,1,Residential-Multi-Family,Residential-Multi-Family,10000_99999,1,zero,Residential-Multi-Family,Residential-Multi-Family,0,,not_applicable,knn,
PRSD20250415775,1 to 2 Family,Shutters/Doors/Windows,Alteration/Remodel,2786.5,0,1,Res.1&2 or Guest House,Res.1&2 or Guest House,1000_9999,1,zero,Res.1&2 or Guest House,Res.1&2 or Guest House,0,,not_applicable,knn,
PRSD20250415780,1 to 2 Family,Shutters/Doors/Windows,Alteration/Remodel,15377,0,1,Res.1&2 or Guest House,Res.1&2 or Guest House,10000_99999,1,zero,Res.1&2 or Guest House,,1,Res.1&2 or Guest House,knn,knn,1.0
PRSD20250415786,1 to 2 Family,Shutters/Doors/Windows,Alteration/Remodel,8846.2199999999993,0,1,Res.1&2 or Guest House,Res.1&2 or Guest House,1000_9999,1,zero,Res.1&2 or Guest House,,1,Res.1&2 or Guest House,knn,knn,1.0
PRSD20250415800,1 to 2 Family,Shutters/Doors/Windows,Alteration/Remodel,21252,0,1,Res.1&2 or Guest House,Res.1&2 or Guest House,10000_99999,1,zero,Res.1&2 or Guest House,,1,Res.1&2 or Guest House,knn,knn,1.0
PRSD20250415802,1 to 2 Family,Shutters/Doors/Windows,Alteration/Remodel,22866,0,1,Res.1&2 or Guest House,Res.1&2 or Guest House,10000_99999,1,zero,Res.1&2 or Guest House,,1,Res.1&2 or Guest House,knn,knn,1.0
PRSD20250415803,1 to 2 Family,Shutters/Doors/Windows,Alteration/Remodel,19000,0,1,Res.1&2 or Guest House,Res.1&2 or Guest House,10000_99999,1,zero,Res.1&2 or Guest House,Res.1&2 or Guest House,0,,not_applicable,knn,
PRSD20250415810,1 to 2 Family,Shutters/Doors/Windows,Alteration/Remodel,14540,0,1,Res.1&2 or Guest House,Res.1&2 or Guest House,10000_99999,1,zero,Res.1&2 or Guest House,Res.1&2 or Guest House,0,,not_applicable,knn,
PRSD20250415835,1 to 2 Family,Shutters/Doors/Windows,Alteration/Remodel,3018,0,1,Res.1&2 or Guest House,Res.1&2 or Guest House,1000_9999,1,zero,Res.1&2 or Guest House,Res.1&2 or Guest House,0,,not_applicable,knn,
PRSD20250415838,1 to 2 Family,Shutters/Doors/Windows,Alteration/Remodel,5640,0,1,Res.1&2 or Guest House,Res.1&2 or Guest House,1000_9999,1,zero,Res.1&2 or Guest House,Res.1&2 or Guest House,0,,not_applicable,knn,
PRSD20250415843,Commercial,Shutters/Doors/Windows,Alteration/Remodel,5752.69,0,1,Residential-Multi-Family,Residential-Multi-Family,1000_9999,1,zero,Residential-Multi-Family,Residential-Multi-Family,0,,not_applicable,knn,
PRSD20250415847,1 to 2 Family,Shutters/Doors/Windows,Alteration/Remodel,11092,0,1,Res.1&2 or Guest House,Res.1&2 or Guest House,10000_99999,1,zero,Res.1&2 or Guest House,Res.1&2 or Guest House,0,,not_applicable,knn,
PRSD20250415850,1 to 2 Family,Shutters/Doors/Windows,Alteration/Remodel,60477.95,0,1,Res.1&2 or Guest House,Res.1&2 or Guest House,10000_99999,1,zero,Res.1&2 or Guest House,Res.1&2 or Guest House,0,,not_applicable,knn,
PRSD20250415898,1 to 2 Family,Shutters/Doors/Windows,Alteration/Remodel,24910.79,0,1,Res.1&2 or Guest House,Res.1&2 or Guest House,10000_99999,1,zero,Res.1&2 or Guest House,Res.1&2 or Guest House,0,,not_applicable,knn,
PRSD20250415904,1 to 2 Family,Shutters/Doors/Windows,Alteration/Remodel,3705.95,0,1,Res.1&2 or Guest House,Res.1&2 or Guest House,1000_9999,1,zero,Res.1&2 or Guest House,,1,Res.1&2 or Guest House,knn,knn,1.0
PRSD20250415907,1 to 2 Family,Shutters/Doors/Windows,Alteration/Remodel,19350,0,1,Res.1&2 or Guest House,Res.1&2 or Guest House,10000_99999,1,zero,Res.1&2 or Guest House,Res.1&2 or Guest House,0,,not_applicable,knn,
PRSD20250415916,Commercial,Shutters/Doors/Windows,Alteration/Remodel,15000,0,1,Residential-Multi-Family,Residential-Multi-Family,10000_99999,1,zero,Residential-Multi-Family,Residential-Multi-Family,0,,not_applicable,knn,
PRSD20250415920,1 to 2 Family,Shutters/Doors/Windows,Alteration/Remodel,13884,0,1,Res.1&2 or Guest House,Res.1&2 or Guest House,10000_99999,1,zero,Res.1&2 or Guest House,Res.1&2 or Guest House,0,,not_applicable,knn,
PRSD20250415940,Commercial,Shutters/Doors/Windows,Alteration/Remodel,17533.080000000002,0,1,Residential-Multi-Family,Residential-Multi-Family,10000_99999,1,zero,Residential-Multi-Family,,1,Residential-Multi-Family,knn,knn,1.0
PRSD20250415945,1 to 2 Family,Shutters/Doors/Windows,Alteration/Remodel,4112,0,1,Res.1&2 or Guest House,Res.1&2 or Guest House,1000_9999,1,zero,Res.1&2 or Guest House,Res.1&2 or Guest House,0,,not_applicable,knn,
PRSD20250415974,1 to 2 Family,Shutters/Doors/Windows,Alteration/Remodel,16933.36,0,1,Res.1&2 or Guest House,Res.1&2 or Guest House,10000_99999,1,zero,Res.1&2 or Guest House,Res.1&2 or Guest House,0,,not_applicable,knn,
PRSD20250415983,1 to 2 Family,Shutters/Doors/Windows,Alteration/Remodel,11454.15,0,1,Res.1&2 or Guest House,Res.1&2 or Guest House,10000_99999,1,zero,Res.1&2 or Guest House,Res.1&2 or Guest House,0,,not_applicable,knn,
PRSD20250415993,1 to 2 Family,Shutters/Doors/Windows,Alteration/Remodel,15879,0,1,Res.1&2 or Guest House,Res.1&2 or Guest House,10000_99999,1,zero,Res.1&2 or Guest House,Res.1&2 or Guest House,0,,not_applicable,knn,
PRSD20250415996,Commercial,Shutters/Doors/Windows,Alteration/Remodel,9480.8799999999992,0,1,Residential-Multi-Family,Residential-Multi-Family,1000_9999,1,zero,Residential-Multi-Family,,1,Residential-Multi-Family,knn,knn,1.0
PRSD20250416000,1 to 2 Family,Shutters/Doors/Windows,Alteration/Remodel,9551,0,1,Res.1&2 or Guest House,Res.1&2 or Guest House,1000_9999,1,zero,Res.1&2 or Guest House,Res.1&2 or Guest House,0,,not_applicable,knn,
PRSD20250416006,1 to 2 Family,Shutters/Doors/Windows,Alteration/Remodel,11325,0,1,Res.1&2 or Guest House,Res.1&2 or Guest House,10000_99999,1,zero,Res.1&2 or Guest House,,1,Res.1&2 or Guest House,knn,knn,1.0
PRSD20250416020,1 to 2 Family,Shutters/Doors/Windows,Alteration/Remodel,18895,0,1,Res.1&2 or Guest House,Res.1&2 or Guest House,10000_99999,1,zero,Res.1&2 or Guest House,Res.1&2 or Guest House,0,,not_applicable,knn,
PRSD20250416021,1 to 2 Family,Shutters/Doors/Windows,Alteration/Remodel,24586.76,0,1,Res.1&2 or Guest House,Res.1&2 or Guest House,10000_99999,1,zero,Res.1&2 or Guest House,,1,Res.1&2 or Guest House,knn,knn,1.0
PRSD20250416034,Commercial,Shutters/Doors/Windows,Alteration/Remodel,5149.49,0,1,Residential-Multi-Family,Residential-Multi-Family,1000_9999,1,zero,Residential-Multi-Family,,1,Residential-Multi-Family,knn,knn,1.0
PRSD20250416037,Commercial,Shutters/Doors/Windows,Alteration/Remodel,7228.11,0,1,Residential-Multi-Family,Residential-Multi-Family,1000_9999,1,zero,Residential-Multi-Family,Residential-Multi-Family,0,,not_applicable,knn,
PRSD20250416038,Commercial,Shutters/Doors/Windows,Alteration/Remodel,15126,0,1,Residential-Multi-Family,Residential-Multi-Family,10000_99999,1,zero,Residential-Multi-Family,,1,Residential-Multi-Family,knn,knn,1.0
PRSD20250416053,Commercial,Shutters/Doors/Windows,Alteration/Remodel,5875,0,1,Residential-Multi-Family,Residential-Multi-Family,1000_9999,1,zero,Residential-Multi-Family,Residential-Multi-Family,0,,not_applicable,knn,
PRSD20250416088,1 to 2 Family,Shutters/Doors/Windows,Alteration/Remodel,8960.56,0,1,Res.1&2 or Guest House,Res.1&2 or Guest House,1000_9999,1,zero,Res.1&2 or Guest House,Res.1&2 or Guest House,0,,not_applicable,knn,
PRSD20250416094,1 to 2 Family,Shutters/Doors/Windows,Alteration/Remodel,6411,0,1,Res.1&2 or Guest House,Res.1&2 or Guest House,1000_9999,1,zero,Res.1&2 or Guest House,,1,Res.1&2 or Guest House,knn,knn,1.0
PRSD20250416112,1 to 2 Family,Shutters/Doors/Windows,Alteration/Remodel,15550,0,1,Res.1&2 or Guest House,Res.1&2 or Guest House,10000_99999,1,zero,Res.1&2 or Guest House,Res.1&2 or Guest House,0,,not_applicable,knn,
PRSD20250416128,1 to 2 Family,Shutters/Doors/Windows,Alteration/Remodel,13813.32,0,1,Res.1&2 or Guest House,Res.1&2 or Guest House,10000_99999,1,zero,Res.1&2 or Guest House,Res.1&2 or Guest House,0,,not_applicable,knn,
PRSD20250416141,Commercial,Shutters/Doors/Windows,Alteration/Remodel,8426,0,1,Residential-Multi-Family,Residential-Multi-Family,1000_9999,1,zero,Residential-Multi-Family,Residential-Multi-Family,0,,not_applicable,knn,
PRSD20250416161,1 to 2 Family,Shutters/Doors/Windows,Alteration/Remodel,21469,0,1,Res.1&2 or Guest House,Res.1&2 or Guest House,10000_99999,1,zero,Res.1&2 or Guest House,Res.1&2 or Guest House,0,,not_applicable,knn,
PRSD20250416183,1 to 2 Family,Shutters/Doors/Windows,Alteration/Remodel,11729,0,1,Res.1&2 or Guest House,Res.1&2 or Guest House,10000_99999,1,zero,Res.1&2 or Guest House,Res.1&2 or Guest House,0,,not_applicable,knn,
PRSD20250416198,1 to 2 Family,Shutters/Doors/Windows,Alteration/Remodel,47966,0,1,Res.1&2 or Guest House,Res.1&2 or Guest House,10000_99999,1,zero,Res.1&2 or Guest House,Res.1&2 or Guest House,0,,not_applicable,knn,
PRSD20250416205,1 to 2 Family,Shutters/Doors/Windows,Alteration/Remodel,2877,0,1,Res.1&2 or Guest House,Res.1&2 or Guest House,1000_9999,1,zero,Res.1&2 or Guest House,,1,Res.1&2 or Guest House,knn,knn,1.0
PRSD20250416206,1 to 2 Family,Shutters/Doors/Windows,Alteration/Remodel,4700,0,1,Res.1&2 or Guest House,Res.1&2 or Guest House,1000_9999,1,zero,Res.1&2 or Guest House,Res.1&2 or Guest House,0,,not_applicable,knn,
PRSD20250416219,1 to 2 Family,Shutters/Doors/Windows,Alteration/Remodel,24890,0,1,Res.1&2 or Guest House,Res.1&2 or Guest House,10000_99999,1,zero,Res.1&2 or Guest House,Res.1&2 or Guest House,0,,not_applicable,knn,
PRSD20250416234,1 to 2 Family,Shutters/Doors/Windows,Alteration/Remodel,39550,0,1,Res.1&2 or Guest House,Res.1&2 or Guest House,10000_99999,1,zero,Res.1&2 or Guest House,Res.1&2 or Guest House,0,,not_applicable,knn,
PRSD20250416237,1 to 2 Family,Shutters/Doors/Windows,Alteration/Remodel,4950,0,1,Res.1&2 or Guest House,Res.1&2 or Guest House,1000_9999,1,zero,Res.1&2 or Guest House,Res.1&2 or Guest House,0,,not_applicable,knn,
PRSD20250416282,1 to 2 Family,Shutters/Doors/Windows,Alteration/Remodel,29322,0,1,Res.1&2 or Guest House,Res.1&2 or Guest House,10000_99999,1,zero,Res.1&2 or Guest House,Res.1&2 or Guest House,0,,not_applicable,knn,
PRSD20250416283,1 to 2 Family,Shutters/Doors/Windows,Alteration/Remodel,6800,0,1,Res.1&2 or Guest House,Res.1&2 or Guest House,1000_9999,1,zero,Res.1&2 or Guest House,Res.1&2 or Guest House,0,,not_applicable,knn,
PRSD20250416309,1 to 2 Family,Shutters/Doors/Windows,Alteration/Remodel,2254,0,1,Res.1&2 or Guest House,Res.1&2 or Guest House,1000_9999,1,zero,Res.1&2 or Guest House,Res.1&2 or Guest House,0,,not_applicable,knn,
PRSD20250416323,1 to 2 Family,Shutters/Doors/Windows,Alteration/Remodel,10455,0,1,Res.1&2 or Guest House,Res.1&2 or Guest House,10000_99999,1,zero,Res.1&2 or Guest House,Res.1&2 or Guest House,0,,not_applicable,knn,
PRSD20250416325,1 to 2 Family,Shutters/Doors/Windows,Alteration/Remodel,14348,0,1,Res.1&2 or Guest House,Res.1&2 or Guest House,10000_99999,1,zero,Res.1&2 or Guest House,Res.1&2 or Guest House,0,,not_applicable,knn,
PRSD20250416336,Commercial,Shutters/Doors/Windows,Alteration/Remodel,14794,0,1,Residential-Multi-Family,Residential-Multi-Family,10000_99999,1,zero,Residential-Multi-Family,Residential-Multi-Family,0,,not_applicable,knn,
PRSD20250416347,1 to 2 Family,Shutters/Doors/Windows,Alteration/Remodel,28000,0,1,Res.1&2 or Guest House,Res.1&2 or Guest House,10000_99999,1,zero,Res.1&2 or Guest House,Res.1&2 or Guest House,0,,not_applicable,knn,
PRSD20250416398,1 to 2 Family,Shutters/Doors/Windows,Alteration/Remodel,1042.2,0,1,Res.1&2 or Guest House,Res.1&2 or Guest House,1000_9999,1,zero,Res.1&2 or Guest House,Res.1&2 or Guest House,0,,not_applicable,knn,
PRSD20250416423,Commercial,Shutters/Doors/Windows,Alteration/Remodel,6400,0,1,Residential-Multi-Family,Residential-Multi-Family,1000_9999,1,zero,Residential-Multi-Family,Residential-Multi-Family,0,,not_applicable,knn,
PRSD20250416424,1 to 2 Family,Shutters/Doors/Windows,Alteration/Remodel,4257.54,0,1,Res.1&2 or Guest House,Res.1&2 or Guest House,1000_9999,1,zero,Res.1&2 or Guest House,Res.1&2 or Guest House,0,,not_applicable,knn,
PRSD20250416452,1 to 2 Family,Shutters/Doors/Windows,Alteration/Remodel,24420,0,1,Res.1&2 or Guest House,Res.1&2 or Guest House,10000_99999,1,zero,Res.1&2 or Guest House,,1,Res.1&2 or Guest House,knn,knn,1.0
PRSD20250416474,1 to 2 Family,Shutters/Doors/Windows,Alteration/Remodel,22500,0,1,Res.1&2 or Guest House,Res.1&2 or Guest House,10000_99999,1,zero,Res.1&2 or Guest House,Res.1&2 or Guest House,0,,not_applicable,knn,
PRSD20250416493,1 to 2 Family,Shutters/Doors/Windows,Alteration/Remodel,16390,0,1,Res.1&2 or Guest House,Res.1&2 or Guest House,10000_99999,1,zero,Res.1&2 or Guest House,Res.1&2 or Guest House,0,,not_applicable,knn,
PRSD20250416494,1 to 2 Family,Shutters/Doors/Windows,Alteration/Remodel,4680,0,1,Res.1&2 or Guest House,Res.1&2 or Guest House,1000_9999,1,zero,Res.1&2 or Guest House,Res.1&2 or Guest House,0,,not_applicable,knn,
PRSD20250416496,1 to 2 Family,Shutters/Doors/Windows,Alteration/Remodel,17926,0,1,Res.1&2 or Guest House,Res.1&2 or Guest House,10000_99999,1,zero,Res.1&2 or Guest House,Res.1&2 or Guest House,0,,not_applicable,knn,
PRSD20250416502,1 to 2 Family,Shutters/Doors/Windows,Alteration/Remodel,29416.18,0,1,Res.1&2 or Guest House,Res.1&2 or Guest House,10000_99999,1,zero,Res.1&2 or Guest House,Res.1&2 or Guest House,0,,not_applicable,knn,
PRSD20250416504,1 to 2 Family,Shutters/Doors/Windows,Alteration/Remodel,10292,0,1,Res.1&2 or Guest House,Res.1&2 or Guest House,10000_99999,1,zero,Res.1&2 or Guest House,Res.1&2 or Guest House,0,,not_applicable,knn,
PRSD20250416508,1 to 2 Family,Shutters/Doors/Windows,Alteration/Remodel,29500,0,1,Res.1&2 or Guest House,Res.1&2 or Guest House,10000_99999,1,zero,Res.1&2 or Guest House,Res.1&2 or Guest House,0,,not_applicable,knn,
PRSD20250416513,1 to 2 Family,Shutters/Doors/Windows,Alteration/Remodel,45582,0,1,Res.1&2 or Guest House,Res.1&2 or Guest House,10000_99999,1,zero,Res.1&2 or Guest House,Res.1&2 or Guest House,0,,not_applicable,knn,
PRSD20250416514,1 to 2 Family,Shutters/Doors/Windows,Alteration/Remodel,6100,0,1,Res.1&2 or Guest House,Res.1&2 or Guest House,1000_9999,1,zero,Res.1&2 or Guest House,Res.1&2 or Guest House,0,,not_applicable,knn,
PRSD20250416517,1 to 2 Family,Shutters/Doors/Windows,Alteration/Remodel,25548.400000000001,0,1,Res.1&2 or Guest House,Res.1&2 or Guest House,10000_99999,1,zero,Res.1&2 or Guest House,,1,Res.1&2 or Guest House,knn,knn,1.0
PRSD20250416519,1 to 2 Family,Shutters/Doors/Windows,Alteration/Remodel,5436,0,1,Res.1&2 or Guest House,Res.1&2 or Guest House,1000_9999,1,zero,Res.1&2 or Guest House,Res.1&2 or Guest House,0,,not_applicable,knn,
PRSD20250416524,1 to 2 Family,Shutters/Doors/Windows,Alteration/Remodel,5500,0,1,Res.1&2 or Guest House,Res.1&2 or Guest House,1000_9999,1,zero,Res.1&2 or Guest House,Res.1&2 or Guest House,0,,not_applicable,knn,
PRSD20250416531,1 to 2 Family,Shutters/Doors/Windows,Alteration/Remodel,6500,0,1,Res.1&2 or Guest House,Res.1&2 or Guest House,1000_9999,1,zero,Res.1&2 or Guest House,Res.1&2 or Guest House,0,,not_applicable,knn,
PRSD20250416536,1 to 2 Family,Shutters/Doors/Windows,Alteration/Remodel,25779.81,0,1,Res.1&2 or Guest House,Res.1&2 or Guest House,10000_99999,1,zero,Res.1&2 or Guest House,Res.1&2 or Guest House,0,,not_applicable,knn,
PRSD20250416554,Commercial,Shutters/Doors/Windows,Alteration/Remodel,204923,0,1,Residential-Multi-Family,Residential-Multi-Family,100000_plus,1,zero,Residential-Multi-Family,Residential-Multi-Family,0,,not_applicable,knn,
PRSD20250416556,1 to 2 Family,Shutters/Doors/Windows,Alteration/Remodel,14109.7,0,1,Res.1&2 or Guest House,Res.1&2 or Guest House,10000_99999,1,zero,Res.1&2 or Guest House,Res.1&2 or Guest House,0,,not_applicable,knn,
PRSD20250416558,1 to 2 Family,Shutters/Doors/Windows,Alteration/Remodel,10400,0,1,Res.1&2 or Guest House,Res.1&2 or Guest House,10000_99999,1,zero,Res.1&2 or Guest House,Res.1&2 or Guest House,0,,not_applicable,knn,
PRSD20250416591,Commercial,Shutters/Doors/Windows,Alteration/Remodel,5455,0,1,Residential-Multi-Family,Residential-Multi-Family,1000_9999,1,zero,Residential-Multi-Family,Residential-Multi-Family,0,,not_applicable,knn,
PRSD20250416601,1 to 2 Family,Shutters/Doors/Windows,Alteration/Remodel,9590.09,0,1,Res.1&2 or Guest House,Res.1&2 or Guest House,1000_9999,1,zero,Res.1&2 or Guest House,Res.1&2 or Guest House,0,,not_applicable,knn,
PRSD20250416606,1 to 2 Family,Shutters/Doors/Windows,Alteration/Remodel,2294,0,1,Res.1&2 or Guest House,Res.1&2 or Guest House,1000_9999,1,zero,Res.1&2 or Guest House,Res.1&2 or Guest House,0,,not_applicable,knn,
PRSD20250416626,1 to 2 Family,Shutters/Doors/Windows,Alteration/Remodel,25000,0,1,Res.1&2 or Guest House,Res.1&2 or Guest House,10000_99999,1,zero,Res.1&2 or Guest House,Res.1&2 or Guest House,0,,not_applicable,knn,
PRSD20250416641,1 to 2 Family,Shutters/Doors/Windows,Alteration/Remodel,14252.39,0,1,Res.1&2 or Guest House,Res.1&2 or Guest House,10000_99999,1,zero,Res.1&2 or Guest House,Res.1&2 or Guest House,0,,not_applicable,knn,
PRSD20250416676,1 to 2 Family,Shutters/Doors/Windows,Alteration/Remodel,11400,0,1,Res.1&2 or Guest House,Res.1&2 or Guest House,10000_99999,1,zero,Res.1&2 or Guest House,Res.1&2 or Guest House,0,,not_applicable,knn,
PRSD20250416684,1 to 2 Family,Shutters/Doors/Windows,Alteration/Remodel,5567,0,1,Res.1&2 or Guest House,Res.1&2 or Guest House,1000_9999,1,zero,Res.1&2 or Guest House,,1,Res.1&2 or Guest House,knn,knn,1.0
PRSD20250416688,Commercial,Shutters/Doors/Windows,Alteration/Remodel,16000,0,1,Residential-Multi-Family,Residential-Multi-Family,10000_99999,1,zero,Residential-Multi-Family,Residential-Multi-Family,0,,not_applicable,knn,
PRSD20250416694,1 to 2 Family,Shutters/Doors/Windows,Alteration/Remodel,2572,0,1,Res.1&2 or Guest House,Res.1&2 or Guest House,1000_9999,1,zero,Res.1&2 or Guest House,Res.1&2 or Guest House,0,,not_applicable,knn,
PRSD20250416706,Commercial,Shutters/Doors/Windows,Alteration/Remodel,16000,0,0,Residential-Multi-Family,Residential-Multi-Family,10000_99999,0,zero,Residential-Multi-Family,Residential-Multi-Family,0,,not_applicable,knn,
PRSD20250416725,Commercial,Shutters/Doors/Windows,Alteration/Remodel,16000,0,0,Residential-Multi-Family,Residential-Multi-Family,10000_99999,0,zero,Residential-Multi-Family,Residential-Multi-Family,0,,not_applicable,knn,
PRSD20250416733,1 to 2 Family,Shutters/Doors/Windows,Alteration/Remodel,4989,0,1,Res.1&2 or Guest House,Res.1&2 or Guest House,1000_9999,1,zero,Res.1&2 or Guest House,Res.1&2 or Guest House,0,,not_applicable,knn,
PRSD20250416742,Commercial,Shutters/Doors/Windows,Alteration/Remodel,16000,0,1,Residential-Multi-Family,Residential-Multi-Family,10000_99999,1,zero,Residential-Multi-Family,Residential-Multi-Family,0,,not_applicable,knn,
PRSD20250416745,1 to 2 Family,Shutters/Doors/Windows,Alteration/Remodel,1550,0,1,Res.1&2 or Guest House,Res.1&2 or Guest House,1000_9999,1,zero,Res.1&2 or Guest House,Res.1&2 or Guest House,0,,not_applicable,knn,
PRSD20250416757,1 to 2 Family,Shutters/Doors/Windows,Alteration/Remodel,1440,0,1,Res.1&2 or Guest House,Res.1&2 or Guest House,1000_9999,1,zero,Res.1&2 or Guest House,,1,Res.1&2 or Guest House,knn,knn,1.0
PRSD20250416778,1 to 2 Family,Shutters/Doors/Windows,Alteration/Remodel,15015,0,1,Res.1&2 or Guest House,Res.1&2 or Guest House,10000_99999,1,zero,Res.1&2 or Guest House,,1,Res.1&2 or Guest House,knn,knn,1.0
PRSD20250416799,1 to 2 Family,Shutters/Doors/Windows,Alteration/Remodel,39803,0,1,Res.1&2 or Guest House,Res.1&2 or Guest House,10000_99999,1,zero,Res.1&2 or Guest House,Res.1&2 or Guest House,0,,not_applicable,knn,
PRSD20250416853,1 to 2 Family,Shutters/Doors/Windows,Alteration/Remodel,30833.77,0,1,Res.1&2 or Guest House,Res.1&2 or Guest House,10000_99999,1,zero,Res.1&2 or Guest House,Res.1&2 or Guest House,0,,not_applicable,knn,
PRSD20250416869,Commercial,Shutters/Doors/Windows,Alteration/Remodel,1885,0,1,Residential-Multi-Family,Residential-Multi-Family,1000_9999,1,zero,Residential-Multi-Family,Residential-Multi-Family,0,,not_applicable,knn,
PRSD20250416871,1 to 2 Family,Shutters/Doors/Windows,Alteration/Remodel,21500,0,1,Res.1&2 or Guest House,Res.1&2 or Guest House,10000_99999,1,zero,Res.1&2 or Guest House,Res.1&2 or Guest House,0,,not_applicable,knn,
PRSD20250416878,1 to 2 Family,Shutters/Doors/Windows,Alteration/Remodel,34875.46,0,1,Res.1&2 or Guest House,Res.1&2 or Guest House,10000_99999,1,zero,Res.1&2 or Guest House,Res.1&2 or Guest House,0,,not_applicable,knn,
PRSD20250416886,1 to 2 Family,Shutters/Doors/Windows,Alteration/Remodel,41168.1,0,1,Res.1&2 or Guest House,Res.1&2 or Guest House,10000_99999,1,zero,Res.1&2 or Guest House,,1,Res.1&2 or Guest House,knn,knn,1.0
PRSD20250416893,1 to 2 Family,Shutters/Doors/Windows,Alteration/Remodel,5492.25,0,1,Res.1&2 or Guest House,Res.1&2 or Guest House,1000_9999,1,zero,Res.1&2 or Guest House,,1,Res.1&2 or Guest House,knn,knn,1.0
PRSD20250416894,1 to 2 Family,Shutters/Doors/Windows,Alteration/Remodel,27093.200000000001,0,1,Res.1&2 or Guest House,Res.1&2 or Guest House,10000_99999,1,zero,Res.1&2 or Guest House,Res.1&2 or Guest House,0,,not_applicable,knn,
PRSD20250416899,1 to 2 Family,Shutters/Doors/Windows,Alteration/Remodel,19781.13,0,1,Res.1&2 or Guest House,Res.1&2 or Guest House,10000_99999,1,zero,Res.1&2 or Guest House,Res.1&2 or Guest House,0,,not_applicable,knn,
PRSD20250416903,1 to 2 Family,Shutters/Doors/Windows,Alteration/Remodel,29557.66,0,1,Res.1&2 or Guest House,Res.1&2 or Guest House,10000_99999,1,zero,Res.1&2 or Guest House,Res.1&2 or Guest House,0,,not_applicable,knn,
PRSD20250416918,1 to 2 Family,Shutters/Doors/Windows,Alteration/Remodel,15355.35,0,1,Res.1&2 or Guest House,Res.1&2 or Guest House,10000_99999,1,zero,Res.1&2 or Guest House,Res.1&2 or Guest House,0,,not_applicable,knn,
PRSD20250416925,1 to 2 Family,Shutters/Doors/Windows,Alteration/Remodel,11250,0,1,Res.1&2 or Guest House,Res.1&2 or Guest House,10000_99999,1,zero,Res.1&2 or Guest House,Res.1&2 or Guest House,0,,not_applicable,knn,
PRSD20250416955,1 to 2 Family,Shutters/Doors/Windows,Alteration/Remodel,2211,0,1,Res.1&2 or Guest House,Res.1&2 or Guest House,1000_9999,1,zero,Res.1&2 or Guest House,,1,Res.1&2 or Guest House,knn,knn,1.0
PRSD20250416956,1 to 2 Family,Shutters/Doors/Windows,Alteration/Remodel,12000,0,1,Res.1&2 or Guest House,Res.1&2 or Guest House,10000_99999,1,zero,Res.1&2 or Guest House,Res.1&2 or Guest House,0,,not_applicable,knn,
PRSD20250416960,1 to 2 Family,Shutters/Doors/Windows,Alteration/Remodel,46000,0,1,Res.1&2 or Guest House,Res.1&2 or Guest House,10000_99999,1,zero,Res.1&2 or Guest House,Res.1&2 or Guest House,0,,not_applicable,knn,
PRSD20250416969,Commercial,Shutters/Doors/Windows,Alteration/Remodel,5101.4399999999996,0,1,Residential-Multi-Family,Residential-Multi-Family,1000_9999,1,zero,Residential-Multi-Family,Residential-Multi-Family,0,,not_applicable,knn,
PRSD20250416997,1 to 2 Family,Shutters/Doors/Windows,Alteration/Remodel,13713,0,1,Res.1&2 or Guest House,Res.1&2 or Guest House,10000_99999,1,zero,Res.1&2 or Guest House,Res.1&2 or Guest House,0,,not_applicable,knn,
PRSD20250417016,Commercial,Shutters/Doors/Windows,Alteration/Remodel,5424.79,0,1,Residential-Multi-Family,Residential-Multi-Family,1000_9999,1,zero,Residential-Multi-Family,,1,Residential-Multi-Family,knn,knn,1.0
PRSD20250417036,1 to 2 Family,Shutters/Doors/Windows,Alteration/Remodel,27766,0,1,Res.1&2 or Guest House,Res.1&2 or Guest House,10000_99999,1,zero,Res.1&2 or Guest House,Res.1&2 or Guest House,0,,not_applicable,knn,
PRSD20250417060,1 to 2 Family,Shutters/Doors/Windows,Alteration/Remodel,12940,0,1,Res.1&2 or Guest House,Res.1&2 or Guest House,10000_99999,1,zero,Res.1&2 or Guest House,Res.1&2 or Guest House,0,,not_applicable,knn,
PRSD20250417068,Commercial,Shutters/Doors/Windows,Alteration/Remodel,7603,0,1,Residential-Multi-Family,Residential-Multi-Family,1000_9999,1,zero,Residential-Multi-Family,Residential-Multi-Family,0,,not_applicable,knn,
PRSD20250417098,Commercial,Shutters/Doors/Windows,Alteration/Remodel,6540,0,1,Residential-Multi-Family,Residential-Multi-Family,1000_9999,1,zero,Residential-Multi-Family,Residential-Multi-Family,0,,not_applicable,knn,
PRSD20250417125,1 to 2 Family,Shutters/Doors/Windows,Alteration/Remodel,44715,0,1,Res.1&2 or Guest House,Res.1&2 or Guest House,10000_99999,1,zero,Res.1&2 or Guest House,Res.1&2 or Guest House,0,,not_applicable,knn,
PRSD20250417130,1 to 2 Family,Shutters/Doors/Windows,Alteration/Remodel,20622.7,0,1,Res.1&2 or Guest House,Res.1&2 or Guest House,10000_99999,1,zero,Res.1&2 or Guest House,,1,Res.1&2 or Guest House,knn,knn,1.0
PRSD20250417134,1 to 2 Family,Shutters/Doors/Windows,Alteration/Remodel,9125.33,0,1,Res.1&2 or Guest House,Res.1&2 or Guest House,1000_9999,1,zero,Res.1&2 or Guest House,Res.1&2 or Guest House,0,,not_applicable,knn,
PRSD20250417140,1 to 2 Family,Shutters/Doors/Windows,Alteration/Remodel,16262.16,0,1,Res.1&2 or Guest House,Res.1&2 or Guest House,10000_99999,1,zero,Res.1&2 or Guest House,Res.1&2 or Guest House,0,,not_applicable,knn,
PRSD20250417149,1 to 2 Family,Shutters/Doors/Windows,Alteration/Remodel,9080,0,1,Res.1&2 or Guest House,Res.1&2 or Guest House,1000_9999,1,zero,Res.1&2 or Guest House,,1,Res.1&2 or Guest House,knn,knn,1.0
PRSD20250417161,1 to 2 Family,Shutters/Doors/Windows,Alteration/Remodel,8290,0,1,Res.1&2 or Guest House,Res.1&2 or Guest House,1000_9999,1,zero,Res.1&2 or Guest House,Res.1&2 or Guest House,0,,not_applicable,knn,
PRSD20250417170,1 to 2 Family,Shutters/Doors/Windows,Alteration/Remodel,8457,0,1,Res.1&2 or Guest House,Res.1&2 or Guest House,1000_9999,1,zero,Res.1&2 or Guest House,Res.1&2 or Guest House,0,,not_applicable,knn,
PRSD20250417172,1 to 2 Family,Shutters/Doors/Windows,Alteration/Remodel,2153.98,0,1,Res.1&2 or Guest House,Res.1&2 or Guest House,1000_9999,1,zero,Res.1&2 or Guest House,Res.1&2 or Guest House,0,,not_applicable,knn,
PRSD20250417186,1 to 2 Family,Shutters/Doors/Windows,Alteration/Remodel,7380,0,1,Res.1&2 or Guest House,Res.1&2 or Guest House,1000_9999,1,zero,Res.1&2 or Guest House,Res.1&2 or Guest House,0,,not_applicable,knn,
PRSD20250417191,1 to 2 Family,Shutters/Doors/Windows,Alteration/Remodel,2457,0,1,Res.1&2 or Guest House,Res.1&2 or Guest House,1000_9999,1,zero,Res.1&2 or Guest House,Res.1&2 or Guest House,0,,not_applicable,knn,
PRSD20250417192,1 to 2 Family,Shutters/Doors/Windows,Alteration/Remodel,53651.75,0,1,Res.1&2 or Guest House,Res.1&2 or Guest House,10000_99999,1,zero,Res.1&2 or Guest House,Res.1&2 or Guest House,0,,not_applicable,knn,
PRSD20250417203,1 to 2 Family,Shutters/Doors/Windows,Alteration/Remodel,4110,0,1,Res.1&2 or Guest House,Res.1&2 or Guest House,1000_9999,1,zero,Res.1&2 or Guest House,,1,Res.1&2 or Guest House,knn,knn,1.0
PRSD20250417224,1 to 2 Family,Shutters/Doors/Windows,Alteration/Remodel,18994.12,0,1,Res.1&2 or Guest House,Res.1&2 or Guest House,10000_99999,1,zero,Res.1&2 or Guest House,Res.1&2 or Guest House,0,,not_applicable,knn,
PRSD20250417258,1 to 2 Family,Shutters/Doors/Windows,Alteration/Remodel,58197.04,0,1,Res.1&2 or Guest House,Res.1&2 or Guest House,10000_99999,1,zero,Res.1&2 or Guest House,Res.1&2 or Guest House,0,,not_applicable,knn,
PRSD20250417296,1 to 2 Family,Shutters/Doors/Windows,Alteration/Remodel,3892,0,1,Res.1&2 or Guest House,Res.1&2 or Guest House,1000_9999,1,zero,Res.1&2 or Guest House,,1,Res.1&2 or Guest House,knn,knn,1.0
PRSD20250417303,1 to 2 Family,Shutters/Doors/Windows,Alteration/Remodel,3500,0,1,Res.1&2 or Guest House,Res.1&2 or Guest House,1000_9999,1,zero,Res.1&2 or Guest House,Res.1&2 or Guest House,0,,not_applicable,knn,
PRSD20250417306,1 to 2 Family,Shutters/Doors/Windows,Alteration/Remodel,1561,0,1,Res.1&2 or Guest House,Res.1&2 or Guest House,1000_9999,1,zero,Res.1&2 or Guest House,Res.1&2 or Guest House,0,,not_applicable,knn,
PRSD20250417332,1 to 2 Family,Shutters/Doors/Windows,Alteration/Remodel,3676,0,1,Res.1&2 or Guest House,Res.1&2 or Guest House,1000_9999,1,zero,Res.1&2 or Guest House,Res.1&2 or Guest House,0,,not_applicable,knn,
PRSD20250417354,1 to 2 Family,Shutters/Doors/Windows,Alteration/Remodel,12000,0,1,Res.1&2 or Guest House,Res.1&2 or Guest House,10000_99999,1,zero,Res.1&2 or Guest House,Res.1&2 or Guest House,0,,not_applicable,knn,
PRSD20250417379,1 to 2 Family,Shutters/Doors/Windows,Alteration/Remodel,2677,0,1,Res.1&2 or Guest House,Res.1&2 or Guest House,1000_9999,1,zero,Res.1&2 or Guest House,Res.1&2 or Guest House,0,,not_applicable,knn,
PRSD20250417390,1 to 2 Family,Shutters/Doors/Windows,Alteration/Remodel,11285,0,1,Res.1&2 or Guest House,Res.1&2 or Guest House,10000_99999,1,zero,Res.1&2 or Guest House,Res.1&2 or Guest House,0,,not_applicable,knn,
PRSD20250417399,1 to 2 Family,Shutters/Doors/Windows,Alteration/Remodel,15000,0,1,Res.1&2 or Guest House,Res.1&2 or Guest House,10000_99999,1,zero,Res.1&2 or Guest House,Res.1&2 or Guest House,0,,not_applicable,knn,
PRSD20250417422,1 to 2 Family,Shutters/Doors/Windows,Alteration/Remodel,32000,0,1,Res.1&2 or Guest House,Res.1&2 or Guest House,10000_99999,1,zero,Res.1&2 or Guest House,Res.1&2 or Guest House,0,,not_applicable,knn,
PRSD20250417480,1 to 2 Family,Shutters/Doors/Windows,Alteration/Remodel,12804.4,0,1,Res.1&2 or Guest House,Res.1&2 or Guest House,10000_99999,1,zero,Res.1&2 or Guest House,Res.1&2 or Guest House,0,,not_applicable,knn,
PRSD20250417492,1 to 2 Family,Shutters/Doors/Windows,Alteration/Remodel,14799.66,0,1,Res.1&2 or Guest House,Res.1&2 or Guest House,10000_99999,1,zero,Res.1&2 or Guest House,Res.1&2 or Guest House,0,,not_applicable,knn,
PRSD20250417500,1 to 2 Family,Shutters/Doors/Windows,Alteration/Remodel,27769.5,0,1,Res.1&2 or Guest House,Res.1&2 or Guest House,10000_99999,1,zero,Res.1&2 or Guest House,Res.1&2 or Guest House,0,,not_applicable,knn,
PRSD20250417506,1 to 2 Family,Shutters/Doors/Windows,Alteration/Remodel,6321,0,1,Res.1&2 or Guest House,Res.1&2 or Guest House,1000_9999,1,zero,Res.1&2 or Guest House,Res.1&2 or Guest House,0,,not_applicable,knn,
PRSD20250417535,1 to 2 Family,Shutters/Doors/Windows,Alteration/Remodel,37764,0,1,Res.1&2 or Guest House,Res.1&2 or Guest House,10000_99999,1,zero,Res.1&2 or Guest House,Res.1&2 or Guest House,0,,not_applicable,knn,
PRSD20250417545,1 to 2 Family,Shutters/Doors/Windows,Alteration/Remodel,2649,0,1,Res.1&2 or Guest House,Res.1&2 or Guest House,1000_9999,1,zero,Res.1&2 or Guest House,Res.1&2 or Guest House,0,,not_applicable,knn,
PRSD20250417556,1 to 2 Family,Shutters/Doors/Windows,Alteration/Remodel,6677,0,1,Res.1&2 or Guest House,Res.1&2 or Guest House,1000_9999,1,zero,Res.1&2 or Guest House,Res.1&2 or Guest House,0,,not_applicable,knn,
PRSD20250417585,1 to 2 Family,Shutters/Doors/Windows,Alteration/Remodel,4015,0,1,Res.1&2 or Guest House,Res.1&2 or Guest House,1000_9999,1,zero,Res.1&2 or Guest House,,1,Res.1&2 or Guest House,knn,knn,1.0
PRSD20250417629,1 to 2 Family,Shutters/Doors/Windows,Alteration/Remodel,50286,0,1,Res.1&2 or Guest House,Res.1&2 or Guest House,10000_99999,1,zero,Res.1&2 or Guest House,Res.1&2 or Guest House,0,,not_applicable,knn,
PRSD20250417668,1 to 2 Family,Shutters/Doors/Windows,Alteration/Remodel,3750,0,1,Res.1&2 or Guest House,Res.1&2 or Guest House,1000_9999,1,zero,Res.1&2 or Guest House,Res.1&2 or Guest House,0,,not_applicable,knn,
PRSD20250417682,1 to 2 Family,Shutters/Doors/Windows,Alteration/Remodel,46145,0,1,Res.1&2 or Guest House,Res.1&2 or Guest House,10000_99999,1,zero,Res.1&2 or Guest House,Res.1&2 or Guest House,0,,not_applicable,knn,
PRSD20250417687,1 to 2 Family,Shutters/Doors/Windows,Alteration/Remodel,2459.46,0,1,Res.1&2 or Guest House,Res.1&2 or Guest House,1000_9999,1,zero,Res.1&2 or Guest House,,1,Res.1&2 or Guest House,knn,knn,1.0
PRSD20250417697,1 to 2 Family,Shutters/Doors/Windows,Alteration/Remodel,26930,0,1,Res.1&2 or Guest House,Res.1&2 or Guest House,10000_99999,1,zero,Res.1&2 or Guest House,,1,Res.1&2 or Guest House,knn,knn,1.0
PRSD20250417738,1 to 2 Family,Shutters/Doors/Windows,Alteration/Remodel,11360,0,1,Res.1&2 or Guest House,Res.1&2 or Guest House,10000_99999,1,zero,Res.1&2 or Guest House,,1,Res.1&2 or Guest House,knn,knn,1.0
PRSD20250417751,1 to 2 Family,Shutters/Doors/Windows,Alteration/Remodel,4989,0,1,Res.1&2 or Guest House,Res.1&2 or Guest House,1000_9999,1,zero,Res.1&2 or Guest House,Res.1&2 or Guest House,0,,not_applicable,knn,
PRSD20250417761,1 to 2 Family,Shutters/Doors/Windows,Alteration/Remodel,8330,0,1,Res.1&2 or Guest House,Res.1&2 or Guest House,1000_9999,1,zero,Res.1&2 or Guest House,,1,Res.1&2 or Guest House,knn,knn,1.0
PRSD20250417784,1 to 2 Family,Shutters/Doors/Windows,Alteration/Remodel,4800,0,1,Res.1&2 or Guest House,Res.1&2 or Guest House,1000_9999,1,zero,Res.1&2 or Guest House,Res.1&2 or Guest House,0,,not_applicable,knn,
PRSD20250417785,1 to 2 Family,Shutters/Doors/Windows,Alteration/Remodel,4800,0,1,Res.1&2 or Guest House,Res.1&2 or Guest House,1000_9999,1,zero,Res.1&2 or Guest House,Res.1&2 or Guest House,0,,not_applicable,knn,
PRSD20250417790,1 to 2 Family,Shutters/Doors/Windows,Alteration/Remodel,19896,0,1,Res.1&2 or Guest House,Res.1&2 or Guest House,10000_99999,1,zero,Res.1&2 or Guest House,,1,Res.1&2 or Guest House,knn,knn,1.0
PRSD20250417826,1 to 2 Family,Shutters/Doors/Windows,Alteration/Remodel,21500,0,1,Res.1&2 or Guest House,Res.1&2 or Guest House,10000_99999,1,zero,Res.1&2 or Guest House,,1,Res.1&2 or Guest House,knn,knn,1.0
PRSD20250417831,1 to 2 Family,Shutters/Doors/Windows,Alteration/Remodel,65000,0,1,Res.1&2 or Guest House,Res.1&2 or Guest House,10000_99999,1,zero,Res.1&2 or Guest House,Res.1&2 or Guest House,0,,not_applicable,knn,
PRSD20250417865,1 to 2 Family,Shutters/Doors/Windows,Alteration/Remodel,18890,0,1,Res.1&2 or Guest House,Res.1&2 or Guest House,10000_99999,1,zero,Res.1&2 or Guest House,Res.1&2 or Guest House,0,,not_applicable,knn,
PRSD20250417895,1 to 2 Family,Shutters/Doors/Windows,Alteration/Remodel,10808.2,0,1,Res.1&2 or Guest House,Res.1&2 or Guest House,10000_99999,1,zero,Res.1&2 or Guest House,Res.1&2 or Guest House,0,,not_applicable,knn,
PRSD20250417924,1 to 2 Family,Shutters/Doors/Windows,Alteration/Remodel,25067,0,1,Res.1&2 or Guest House,Res.1&2 or Guest House,10000_99999,1,zero,Res.1&2 or Guest House,Res.1&2 or Guest House,0,,not_applicable,knn,
PRSD20250417956,1 to 2 Family,Shutters/Doors/Windows,Alteration/Remodel,4719,0,1,Res.1&2 or Guest House,Res.1&2 or Guest House,1000_9999,1,zero,Res.1&2 or Guest House,,1,Res.1&2 or Guest House,knn,knn,1.0
PRSD20250417958,1 to 2 Family,Shutters/Doors/Windows,Alteration/Remodel,17000,0,1,Res.1&2 or Guest House,Res.1&2 or Guest House,10000_99999,1,zero,Res.1&2 or Guest House,,1,Res.1&2 or Guest House,knn,knn,1.0
PRSD20250417959,1 to 2 Family,Shutters/Doors/Windows,Alteration/Remodel,4095,0,1,Res.1&2 or Guest House,Res.1&2 or Guest House,1000_9999,1,zero,Res.1&2 or Guest House,Res.1&2 or Guest House,0,,not_applicable,knn,
PRSD20250417985,1 to 2 Family,Shutters/Doors/Windows,Alteration/Remodel,23214,0,1,Res.1&2 or Guest House,Res.1&2 or Guest House,10000_99999,1,zero,Res.1&2 or Guest House,Res.1&2 or Guest House,0,,not_applicable,knn,
PRSD20250417991,1 to 2 Family,Shutters/Doors/Windows,Alteration/Remodel,13214,0,1,Res.1&2 or Guest House,Res.1&2 or Guest House,10000_99999,1,zero,Res.1&2 or Guest House,Res.1&2 or Guest House,0,,not_applicable,knn,
PRSD20250418065,1 to 2 Family,Shutters/Doors/Windows,Alteration/Remodel,11431,0,1,Res.1&2 or Guest House,Res.1&2 or Guest House,10000_99999,1,zero,Res.1&2 or Guest House,Res.1&2 or Guest House,0,,not_applicable,knn,
PRSD20250418089,1 to 2 Family,Shutters/Doors/Windows,Alteration/Remodel,13500,0,1,Res.1&2 or Guest House,Res.1&2 or Guest House,10000_99999,1,zero,Res.1&2 or Guest House,,1,Res.1&2 or Guest House,knn,knn,1.0
PRSD20250418109,1 to 2 Family,Shutters/Doors/Windows,Alteration/Remodel,50000,0,1,Res.1&2 or Guest House,Res.1&2 or Guest House,10000_99999,1,zero,Res.1&2 or Guest House,Res.1&2 or Guest House,0,,not_applicable,knn,
PRSD20250418126,1 to 2 Family,Shutters/Doors/Windows,Alteration/Remodel,27640,0,1,Res.1&2 or Guest House,Res.1&2 or Guest House,10000_99999,1,zero,Res.1&2 or Guest House,Res.1&2 or Guest House,0,,not_applicable,knn,
PRSG20231042251,Commercial,Revision - Sign,New Construction,1,0,0,Commercial,Commercial,le_1,0,zero,Commercial,,1,Commercial,knn,knn,0.6132704598304932
PRSG20240519516,Commercial,Revision - Sign,Alteration/Remodel,1,0,0,Commercial,Commercial,le_1,0,zero,Commercial,Commercial,0,,not_applicable,knn,
PRSG20240625830,Commercial,Revision - Sign,Alteration/Remodel,1000,0,0,Not Identified,,1000_9999,0,zero,,,0,,not_applicable,knn,
PRSG20240835641,Commercial,Sign/Flagpole,Alteration/Remodel,2300,0,1,Commercial,Commercial,1000_9999,1,zero,Commercial,Commercial,0,,not_applicable,knn,
PRSG20241041086,Commercial,Revision - Sign,New Construction,6000,0,0,Commercial,Commercial,1000_9999,0,zero,Commercial,Commercial,0,,not_applicable,knn,
PRSG20241144006,Commercial,Revision - Sign,Alteration/Remodel,950,0,0,Commercial,Commercial,2_999,0,zero,Commercial,Commercial,0,,not_applicable,knn,
PRSG20241146024,Commercial,Sign/Flagpole,Alteration/Remodel,4850,0,1,Commercial,Commercial,1000_9999,1,zero,Commercial,Commercial,0,,not_applicable,knn,
PRSG20250104259,Commercial,Sign/Flagpole,Alteration/Remodel,3500,0,1,Commercial,Commercial,1000_9999,1,zero,Commercial,,1,Commercial,knn,knn,1.0
PRSG20250204723,Commercial,Sign/Flagpole,Alteration/Remodel,9000,0,1,Commercial,Commercial,1000_9999,1,zero,Commercial,Commercial,0,,not_applicable,knn,
PRSG20250204723,Commercial,Revision - Sign,Alteration/Remodel,3000,0,0,Commercial,Commercial,1000_9999,0,zero,Commercial,Commercial,0,,not_applicable,knn,
PRSG20250204969,Commercial,Sign/Flagpole,Alteration/Remodel,2380,0,1,Commercial,Commercial,1000_9999,1,zero,Commercial,Commercial,0,,not_applicable,knn,
PRSG20250205250,Commercial,Sign/Flagpole,New Construction,1200,0,1,Commercial,Commercial,1000_9999,1,zero,Commercial,Commercial,0,,not_applicable,knn,
PRSG20250206647,Commercial,Sign/Flagpole,Alteration/Remodel,3984,0,1,Commercial,Commercial,1000_9999,1,zero,Commercial,,1,Commercial,knn,knn,1.0
PRSG20250309241,Commercial,Sign/Flagpole,New Construction,1200,0,0,Not Identified,,1000_9999,0,zero,,,0,,not_applicable,knn,
PRSG20250309442,Commercial,Sign/Flagpole,Alteration/Remodel,2928,0,1,Commercial,Commercial,1000_9999,1,zero,Commercial,Commercial,0,,not_applicable,knn,
PRSG20250309444,Commercial,Sign/Flagpole,Alteration/Remodel,6821,0,1,Commercial,Commercial,1000_9999,1,zero,Commercial,Commercial,0,,not_applicable,knn,
PRSG20250309863,Commercial,Sign/Flagpole,Alteration/Remodel,4000,0,1,Commercial,Commercial,1000_9999,1,zero,Commercial,Commercial,0,,not_applicable,knn,
PRSG20250310850,Commercial,Sign/Flagpole,Alteration/Remodel,2130,0,1,Commercial,Commercial,1000_9999,1,zero,Commercial,Commercial,0,,not_applicable,knn,
PRSG20250310966,1 to 2 Family,Sign/Flagpole,New Construction,1200,0,1,Res.1&2 or Guest House,Res.1&2 or Guest House,1000_9999,1,zero,Res.1&2 or Guest House,Res.1&2 or Guest House,0,,not_applicable,knn,
PRSG20250311520,Commercial,Sign/Flagpole,New Construction,4000,0,1,Commercial,Commercial,1000_9999,1,zero,Commercial,Commercial,0,,not_applicable,knn,
PRSG20250312931,Commercial,Sign/Flagpole,New Construction,11300,0,1,Commercial,Commercial,10000_99999,1,zero,Commercial,Commercial,0,,not_applicable,knn,
PRSG20250312955,Commercial,Sign/Flagpole,New Construction,1400,0,1,Commercial,Commercial,1000_9999,1,zero,Commercial,,1,Commercial,knn,knn,1.0
PRSG20250313164,Commercial,Sign/Flagpole,Addition,950,0,1,Commercial,Commercial,2_999,1,zero,Commercial,Commercial,0,,not_applicable,knn,
PRSG20250413541,Commercial,Sign/Flagpole,New Construction,6860,0,1,Commercial,Commercial,1000_9999,1,zero,Commercial,Commercial,0,,not_applicable,knn,
PRSG20250414316,Commercial,Sign/Flagpole,New Construction,3550,0,1,Commercial,Commercial,1000_9999,1,zero,Commercial,Commercial,0,,not_applicable,knn,
PRSG20250414351,Commercial,Sign/Flagpole,New Construction,5360,0,1,Commercial,Commercial,1000_9999,1,zero,Commercial,,1,Commercial,knn,knn,1.0
PRSG20250415358,Commercial,Sign/Flagpole,Addition,3800,0,1,Commercial,Commercial,1000_9999,1,zero,Commercial,Commercial,0,,not_applicable,knn,
PRSG20250415370,Commercial,Sign/Flagpole,Alteration/Remodel,600,0,1,Commercial,Commercial,2_999,1,zero,Commercial,Commercial,0,,not_applicable,knn,
PRSG20250415585,Commercial,Sign/Flagpole,New Construction,2450,0,1,Commercial,Commercial,1000_9999,1,zero,Commercial,Commercial,0,,not_applicable,knn,
PRSG20250415681,Commercial,Sign/Flagpole,New Construction,3450,0,1,Commercial,Commercial,1000_9999,1,zero,Commercial,Commercial,0,,not_applicable,knn,
PRSG20250415684,Commercial,Sign/Flagpole,New Construction,3450,0,1,Commercial,Commercial,1000_9999,1,zero,Commercial,,1,Commercial,knn,knn,1.0
PRSG20250415914,Commercial,Sign/Flagpole,Alteration/Remodel,20000,0,1,Commercial,Commercial,10000_99999,1,zero,Commercial,,1,Residential-Multi-Family,knn,knn,0.8
PRSG20250416262,Commercial,Sign/Flagpole,Addition,1890,0,1,Commercial,Commercial,1000_9999,1,zero,Commercial,Commercial,0,,not_applicable,knn,
PRSG20250416439,Commercial,Sign/Flagpole,Alteration/Remodel,2400,0,0,Commercial,Commercial,1000_9999,0,zero,Commercial,Commercial,0,,not_applicable,knn,
PRSG20250416499,Commercial,Sign/Flagpole,Addition,3270,0,0,Commercial,Commercial,1000_9999,0,zero,Commercial,Commercial,0,,not_applicable,knn,
PRSG20250417041,Commercial,Sign/Flagpole,Alteration/Remodel,2140,0,1,Commercial,Commercial,1000_9999,1,zero,Commercial,Commercial,0,,not_applicable,knn,
PRSO20240625444,1 to 2 Family,Revision - Electrical,New Construction,4890,0,0,Res.1&2 or Guest House,Res.1&2 or Guest House,1000_9999,0,zero,Res.1&2 or Guest House,,1,Res.1&2 or Guest House,knn,knn,1.0
PRSO20240728886,1 to 2 Family,Revision - Electrical,Alteration/Remodel,0,0,1,Res.1&2 or Guest House,Res.1&2 or Guest House,le_1,1,zero,Res.1&2 or Guest House,Res.1&2 or Guest House,0,,not_applicable,knn,
PRSO20240832108,1 to 2 Family,Revision - Electrical,Alteration/Remodel,1,0,1,Res.1&2 or Guest House,Res.1&2 or Guest House,le_1,1,zero,Res.1&2 or Guest House,Res.1&2 or Guest House,0,,not_applicable,knn,
PRSO20240939347,1 to 2 Family,Revision - Electrical,Addition,1,0,1,Res.1&2 or Guest House,Res.1&2 or Guest House,le_1,1,zero,Res.1&2 or Guest House,Res.1&2 or Guest House,0,,not_applicable,knn,
PRSO20241144908,1 to 2 Family,Solar,Alteration/Remodel,53877,0,1,Res.1&2 or Guest House,Res.1&2 or Guest House,10000_99999,1,zero,Res.1&2 or Guest House,Res.1&2 or Guest House,0,,not_applicable,knn,
PRSO20250101039,1 to 2 Family,Revision - Electrical,Addition,900,0,1,Res.1&2 or Guest House,Res.1&2 or Guest House,2_999,1,zero,Res.1&2 or Guest House,Res.1&2 or Guest House,0,,not_applicable,knn,
PRSO20250206827,1 to 2 Family,Solar,Addition,91585.8,0,1,Res.1&2 or Guest House,Res.1&2 or Guest House,10000_99999,1,zero,Res.1&2 or Guest House,Res.1&2 or Guest House,0,,not_applicable,knn,
PRSO20250207865,1 to 2 Family,Solar,Addition,44478,0,1,Res.1&2 or Guest House,Res.1&2 or Guest House,10000_99999,1,zero,Res.1&2 or Guest House,Res.1&2 or Guest House,0,,not_applicable,knn,
PRSO20250208310,1 to 2 Family,Revision - Electrical,Addition,900,0,1,Res.1&2 or Guest House,Res.1&2 or Guest House,2_999,1,zero,Res.1&2 or Guest House,Res.1&2 or Guest House,0,,not_applicable,knn,
PRSO20250308803,1 to 2 Family,Revision - Electrical,New Construction,10000,0,1,Res.1&2 or Guest House,Res.1&2 or Guest House,10000_99999,1,zero,Res.1&2 or Guest House,Res.1&2 or Guest House,0,,not_applicable,knn,
PRSO20250309561,1 to 2 Family,Solar,Addition,53067.71,0,1,Res.1&2 or Guest House,Res.1&2 or Guest House,10000_99999,1,zero,Res.1&2 or Guest House,Res.1&2 or Guest House,0,,not_applicable,knn,
PRSO20250310466,1 to 2 Family,Revision - Electrical,New Construction,1,0,0,Res.1&2 or Guest House,Res.1&2 or Guest House,le_1,0,zero,Res.1&2 or Guest House,Res.1&2 or Guest House,0,,not_applicable,knn,
PRSO20250310558,1 to 2 Family,Solar,New Construction,35700,0,1,Res.1&2 or Guest House,Res.1&2 or Guest House,10000_99999,1,zero,Res.1&2 or Guest House,Res.1&2 or Guest House,0,,not_applicable,knn,
PRSO20250311342,1 to 2 Family,Solar,Alteration/Remodel,39778,0,1,Res.1&2 or Guest House,Res.1&2 or Guest House,10000_99999,1,zero,Res.1&2 or Guest House,Res.1&2 or Guest House,0,,not_applicable,knn,
PRSO20250311358,1 to 2 Family,Solar,Alteration/Remodel,4500,0,1,Res.1&2 or Guest House,Res.1&2 or Guest House,1000_9999,1,zero,Res.1&2 or Guest House,,1,Res.1&2 or Guest House,knn,knn,1.0
PRSO20250311381,1 to 2 Family,Solar,Addition,29515.9,0,1,Res.1&2 or Guest House,Res.1&2 or Guest House,10000_99999,1,zero,Res.1&2 or Guest House,Res.1&2 or Guest House,0,,not_applicable,knn,
PRSO20250311418,1 to 2 Family,Solar,New Construction,40300,0,1,Res.1&2 or Guest House,Res.1&2 or Guest House,10000_99999,1,zero,Res.1&2 or Guest House,Res.1&2 or Guest House,0,,not_applicable,knn,
PRSO20250311769,1 to 2 Family,Solar,Alteration/Remodel,42763,0,1,Res.1&2 or Guest House,Res.1&2 or Guest House,10000_99999,1,zero,Res.1&2 or Guest House,Res.1&2 or Guest House,0,,not_applicable,knn,
PRSO20250311945,1 to 2 Family,Solar,Addition,19101.599999999999,0,1,Res.1&2 or Guest House,Res.1&2 or Guest House,10000_99999,1,zero,Res.1&2 or Guest House,,1,Res.1&2 or Guest House,knn,knn,1.0
PRSO20250312224,1 to 2 Family,Solar,New Construction,31000,0,1,Res.1&2 or Guest House,Res.1&2 or Guest House,10000_99999,1,zero,Res.1&2 or Guest House,Res.1&2 or Guest House,0,,not_applicable,knn,
PRSO20250312243,1 to 2 Family,Solar,Alteration/Remodel,49260,0,1,Res.1&2 or Guest House,Res.1&2 or Guest House,10000_99999,1,zero,Res.1&2 or Guest House,,1,Res.1&2 or Guest House,knn,knn,1.0
PRSO20250312470,1 to 2 Family,Solar,Addition,30618,0,1,Res.1&2 or Guest House,Res.1&2 or Guest House,10000_99999,1,zero,Res.1&2 or Guest House,Res.1&2 or Guest House,0,,not_applicable,knn,
PRSO20250312739,1 to 2 Family,Solar,Alteration/Remodel,4016.25,0,1,Res.1&2 or Guest House,Res.1&2 or Guest House,1000_9999,1,zero,Res.1&2 or Guest House,,1,Res.1&2 or Guest House,knn,knn,1.0
PRSO20250312767,1 to 2 Family,Solar,Alteration/Remodel,102360.6,0,1,Res.1&2 or Guest House,Res.1&2 or Guest House,100000_plus,1,zero,Res.1&2 or Guest House,Res.1&2 or Guest House,0,,not_applicable,knn,
PRSO20250312815,1 to 2 Family,Solar,Addition,23230.21,0,1,Res.1&2 or Guest House,Res.1&2 or Guest House,10000_99999,1,zero,Res.1&2 or Guest House,Res.1&2 or Guest House,0,,not_applicable,knn,
PRSO20250312815,1 to 2 Family,Revision - Electrical,Addition,500,0,0,Res.1&2 or Guest House,Res.1&2 or Guest House,2_999,0,zero,Res.1&2 or Guest House,Res.1&2 or Guest House,0,,not_applicable,knn,
PRSO20250312842,1 to 2 Family,Solar,Addition,39778.199999999997,0,1,Res.1&2 or Guest House,Res.1&2 or Guest House,10000_99999,1,zero,Res.1&2 or Guest House,Res.1&2 or Guest House,0,,not_applicable,knn,
PRSO20250313002,1 to 2 Family,Solar,Addition,70000,0,1,Res.1&2 or Guest House,Res.1&2 or Guest House,10000_99999,1,zero,Res.1&2 or Guest House,Res.1&2 or Guest House,0,,not_applicable,knn,
PRSO20250313360,1 to 2 Family,Solar,Alteration/Remodel,5758,0,1,Res.1&2 or Guest House,Res.1&2 or Guest House,1000_9999,1,zero,Res.1&2 or Guest House,,1,Res.1&2 or Guest House,knn,knn,1.0
PRSO20250313488,1 to 2 Family,Solar,Addition,49055,0,1,Res.1&2 or Guest House,Res.1&2 or Guest House,10000_99999,1,zero,Res.1&2 or Guest House,Res.1&2 or Guest House,0,,not_applicable,knn,
PRSO20250313532,1 to 2 Family,Solar,Addition,59640,0,1,Res.1&2 or Guest House,Res.1&2 or Guest House,10000_99999,1,zero,Res.1&2 or Guest House,,1,Res.1&2 or Guest House,knn,knn,1.0
PRSO20250313533,1 to 2 Family,Solar,Addition,23856,0,1,Res.1&2 or Guest House,Res.1&2 or Guest House,10000_99999,1,zero,Res.1&2 or Guest House,Res.1&2 or Guest House,0,,not_applicable,knn,
PRSO20250313533,1 to 2 Family,Revision - Electrical,Addition,500,0,1,Res.1&2 or Guest House,Res.1&2 or Guest House,2_999,1,zero,Res.1&2 or Guest House,Res.1&2 or Guest House,0,,not_applicable,knn,
PRSO20250413565,1 to 2 Family,Solar,Alteration/Remodel,35758,0,1,Res.1&2 or Guest House,Res.1&2 or Guest House,10000_99999,1,zero,Res.1&2 or Guest House,Res.1&2 or Guest House,0,,not_applicable,knn,
PRSO20250413577,1 to 2 Family,Solar,Alteration/Remodel,4980,0,1,Res.1&2 or Guest House,Res.1&2 or Guest House,1000_9999,1,zero,Res.1&2 or Guest House,Res.1&2 or Guest House,0,,not_applicable,knn,
PRSO20250413692,1 to 2 Family,Solar,Addition,74969.7,0,1,Res.1&2 or Guest House,Res.1&2 or Guest House,10000_99999,1,zero,Res.1&2 or Guest House,Res.1&2 or Guest House,0,,not_applicable,knn,
PRSO20250413810,1 to 2 Family,Solar,Addition,79365.399999999994,0,1,Res.1&2 or Guest House,Res.1&2 or Guest House,10000_99999,1,zero,Res.1&2 or Guest House,Res.1&2 or Guest House,0,,not_applicable,knn,
PRSO20250413841,1 to 2 Family,Solar,Alteration/Remodel,16689,0,1,Res.1&2 or Guest House,Res.1&2 or Guest House,10000_99999,1,zero,Res.1&2 or Guest House,Res.1&2 or Guest House,0,,not_applicable,knn,
PRSO20250413997,1 to 2 Family,Solar,Addition,24367.5,0,1,Res.1&2 or Guest House,Res.1&2 or Guest House,10000_99999,1,zero,Res.1&2 or Guest House,Res.1&2 or Guest House,0,,not_applicable,knn,
PRSO20250414120,1 to 2 Family,Solar,New Construction,28000,0,1,Res.1&2 or Guest House,Res.1&2 or Guest House,10000_99999,1,zero,Res.1&2 or Guest House,,1,Res.1&2 or Guest House,knn,knn,1.0
PRSO20250414125,1 to 2 Family,Solar,Alteration/Remodel,43067.6,0,1,Res.1&2 or Guest House,Res.1&2 or Guest House,10000_99999,1,zero,Res.1&2 or Guest House,Res.1&2 or Guest House,0,,not_applicable,knn,
PRSO20250414453,1 to 2 Family,Solar,New Construction,30351.57,0,1,Res.1&2 or Guest House,Res.1&2 or Guest House,10000_99999,1,zero,Res.1&2 or Guest House,Res.1&2 or Guest House,0,,not_applicable,knn,
PRSO20250414664,1 to 2 Family,Solar,New Construction,42000,0,1,Res.1&2 or Guest House,Res.1&2 or Guest House,10000_99999,1,zero,Res.1&2 or Guest House,Res.1&2 or Guest House,0,,not_applicable,knn,
PRSO20250414860,1 to 2 Family,Solar,Alteration/Remodel,48000,0,1,Res.1&2 or Guest House,Res.1&2 or Guest House,10000_99999,1,zero,Res.1&2 or Guest House,,1,Res.1&2 or Guest House,knn,knn,1.0
PRSO20250414870,1 to 2 Family,Solar,Alteration/Remodel,67699,0,1,Res.1&2 or Guest House,Res.1&2 or Guest House,10000_99999,1,zero,Res.1&2 or Guest House,Res.1&2 or Guest House,0,,not_applicable,knn,
PRSO20250415028,1 to 2 Family,Solar,Alteration/Remodel,4980,0,1,Res.1&2 or Guest House,Res.1&2 or Guest House,1000_9999,1,zero,Res.1&2 or Guest House,Res.1&2 or Guest House,0,,not_applicable,knn,
PRSO20250415164,1 to 2 Family,Solar,Alteration/Remodel,63700,0,1,Res.1&2 or Guest House,Res.1&2 or Guest House,10000_99999,1,zero,Res.1&2 or Guest House,,1,Res.1&2 or Guest House,knn,knn,1.0
PRSO20250415193,1 to 2 Family,Solar,Addition,24948,0,1,Res.1&2 or Guest House,Res.1&2 or Guest House,10000_99999,1,zero,Res.1&2 or Guest House,Res.1&2 or Guest House,0,,not_applicable,knn,
PRSO20250415216,1 to 2 Family,Solar,Addition,28842,0,1,Res.1&2 or Guest House,Res.1&2 or Guest House,10000_99999,1,zero,Res.1&2 or Guest House,Res.1&2 or Guest House,0,,not_applicable,knn,
PRSO20250415251,1 to 2 Family,Solar,Addition,39123,0,1,Res.1&2 or Guest House,Res.1&2 or Guest House,10000_99999,1,zero,Res.1&2 or Guest House,,1,Res.1&2 or Guest House,knn,knn,1.0
PRSO20250415656,1 to 2 Family,Solar,Addition,75000,0,1,Res.1&2 or Guest House,Res.1&2 or Guest House,10000_99999,1,zero,Res.1&2 or Guest House,Res.1&2 or Guest House,0,,not_applicable,knn,
PRSO20250416019,1 to 2 Family,Solar,Addition,33452.5,0,1,Res.1&2 or Guest House,Res.1&2 or Guest House,10000_99999,1,zero,Res.1&2 or Guest House,Res.1&2 or Guest House,0,,not_applicable,knn,
PRSO20250416415,1 to 2 Family,Solar,Alteration/Remodel,36266,0,1,Res.1&2 or Guest House,Res.1&2 or Guest House,10000_99999,1,zero,Res.1&2 or Guest House,Res.1&2 or Guest House,0,,not_applicable,knn,
PRSO20250416807,1 to 2 Family,Solar,Addition,26625.599999999999,0,1,Res.1&2 or Guest House,Res.1&2 or Guest House,10000_99999,1,zero,Res.1&2 or Guest House,Res.1&2 or Guest House,0,,not_applicable,knn,
PRSO20250416845,1 to 2 Family,Solar,New Construction,20915,0,1,Res.1&2 or Guest House,Res.1&2 or Guest House,10000_99999,1,zero,Res.1&2 or Guest House,Res.1&2 or Guest House,0,,not_applicable,knn,
PRSO20250416965,1 to 2 Family,Solar,Alteration/Remodel,35000,0,1,Res.1&2 or Guest House,Res.1&2 or Guest House,10000_99999,1,zero,Res.1&2 or Guest House,Res.1&2 or Guest House,0,,not_applicable,knn,
PRSO20250417000,1 to 2 Family,Solar,Addition,34965,0,1,Res.1&2 or Guest House,Res.1&2 or Guest House,10000_99999,1,zero,Res.1&2 or Guest House,Res.1&2 or Guest House,0,,not_applicable,knn,
PRSO20250417212,1 to 2 Family,Solar,Addition,35410.5,0,1,Res.1&2 or Guest House,Res.1&2 or Guest House,10000_99999,1,zero,Res.1&2 or Guest House,Res.1&2 or Guest House,0,,not_applicable,knn,
PRSO20250417250,1 to 2 Family,Solar,Addition,16856,0,1,Res.1&2 or Guest House,Res.1&2 or Guest House,10000_99999,1,zero,Res.1&2 or Guest House,Res.1&2 or Guest House,0,,not_applicable,knn,
PRSO20250417623,1 to 2 Family,Solar,Alteration/Remodel,5266,0,1,Res.1&2 or Guest House,Res.1&2 or Guest House,1000_9999,1,zero,Res.1&2 or Guest House,,1,Res.1&2 or Guest House,knn,knn,1.0
PRSO20250417714,1 to 2 Family,Solar,Alteration/Remodel,5500,0,1,Res.1&2 or Guest House,Res.1&2 or Guest House,1000_9999,1,zero,Res.1&2 or Guest House,Res.1&2 or Guest House,0,,not_applicable,knn,
PRSPL20221151011,1 to 2 Family,Revision - Building,Accessory,1,0,1,Res.1&2 or Guest House,Res.1&2 or Guest House,le_1,1,zero,Res.1&2 or Guest House,Res.1&2 or Guest House,0,,not_applicable,knn,
PRSPL20230415381,1 to 2 Family,Revision - Building,Accessory,100,0,1,Res.1&2 or Guest House,Res.1&2 or Guest House,2_999,1,zero,Res.1&2 or Guest House,Res.1&2 or Guest House,0,,not_applicable,knn,
PRSPL20230522052,1 to 2 Family,Revision - Building,Accessory,10,0,0,Res.1&2 or Guest House,Res.1&2 or Guest House,2_999,0,zero,Res.1&2 or Guest House,Res.1&2 or Guest House,0,,not_applicable,knn,
PRSPL20230833713,1 to 2 Family,Revision - Building,Alteration/Remodel,100,0,1,Res.1&2 or Guest House,Res.1&2 or Guest House,2_999,1,zero,Res.1&2 or Guest House,Res.1&2 or Guest House,0,,not_applicable,knn,
PRSPL20230835145,1 to 2 Family,Revision - Building,New Construction,20000,0,1,Res.1&2 or Guest House,Res.1&2 or Guest House,10000_99999,1,zero,Res.1&2 or Guest House,Res.1&2 or Guest House,0,,not_applicable,knn,
PRSPL20240102106,1 to 2 Family,Revision - Building,New Construction,50,0,0,Res.1&2 or Guest House,Res.1&2 or Guest House,2_999,0,zero,Res.1&2 or Guest House,Res.1&2 or Guest House,0,,not_applicable,knn,
PRSPL20240521338,1 to 2 Family,Revision - Building,New Construction,50,0,1,Res.1&2 or Guest House,Res.1&2 or Guest House,2_999,1,zero,Res.1&2 or Guest House,Res.1&2 or Guest House,0,,not_applicable,knn,
PRSPL20240835814,1 to 2 Family,Revision - Building,New Construction,50,0,1,Res.1&2 or Guest House,Res.1&2 or Guest House,2_999,1,zero,Res.1&2 or Guest House,,1,Res.1&2 or Guest House,knn,knn,1.0
PRSPL20240939447,1 to 2 Family,Revision - Building,New Construction,0.01,0,1,Res.1&2 or Guest House,Res.1&2 or Guest House,le_1,1,zero,Res.1&2 or Guest House,Res.1&2 or Guest House,0,,not_applicable,knn,
PRSPL20241040200,1 to 2 Family,Pool,New Construction,50000,0,1,Res.1&2 or Guest House,Res.1&2 or Guest House,10000_99999,1,zero,Res.1&2 or Guest House,Res.1&2 or Guest House,0,,not_applicable,knn,
PRSPL20241042034,1 to 2 Family,Revision - Building,New Construction,1000,0,1,Res.1&2 or Guest House,Res.1&2 or Guest House,1000_9999,1,zero,Res.1&2 or Guest House,Res.1&2 or Guest House,0,,not_applicable,knn,
PRSPL20241043763,1 to 2 Family,Pool,New Construction,45000,0,1,Res.1&2 or Guest House,Res.1&2 or Guest House,10000_99999,1,zero,Res.1&2 or Guest House,Res.1&2 or Guest House,0,,not_applicable,knn,
PRSPL20241144359,1 to 2 Family,Revision - Building,New Construction,1,0,1,Res.1&2 or Guest House,Res.1&2 or Guest House,le_1,1,zero,Res.1&2 or Guest House,Res.1&2 or Guest House,0,,not_applicable,knn,
PRSPL20241145219,1 to 2 Family,Revision - Building,New Construction,4250,0,1,Res.1&2 or Guest House,Res.1&2 or Guest House,1000_9999,1,zero,Res.1&2 or Guest House,Res.1&2 or Guest House,0,,not_applicable,knn,
PRSPL20241147158,1 to 2 Family,Pool,New Construction,80000,0,1,Res.1&2 or Guest House,Res.1&2 or Guest House,10000_99999,1,zero,Res.1&2 or Guest House,Res.1&2 or Guest House,0,,not_applicable,knn,
PRSPL20241248750,1 to 2 Family,Revision - Building,New Construction,3000,0,1,Res.1&2 or Guest House,Res.1&2 or Guest House,1000_9999,1,zero,Res.1&2 or Guest House,,1,Res.1&2 or Guest House,knn,knn,1.0
PRSPL20250100129,1 to 2 Family,Revision - Building,New Construction,100,0,0,Res.1&2 or Guest House,Res.1&2 or Guest House,2_999,0,zero,Res.1&2 or Guest House,Res.1&2 or Guest House,0,,not_applicable,knn,
PRSPL20250100665,1 to 2 Family,Revision - Building,New Construction,2000,0,1,Res.1&2 or Guest House,Res.1&2 or Guest House,1000_9999,1,zero,Res.1&2 or Guest House,Res.1&2 or Guest House,0,,not_applicable,knn,
PRSPL20250100754,1 to 2 Family,Revision - Building,New Construction,100,0,1,Res.1&2 or Guest House,Res.1&2 or Guest House,2_999,1,zero,Res.1&2 or Guest House,Res.1&2 or Guest House,0,,not_applicable,knn,
PRSPL20250101506,1 to 2 Family,Revision - Building,New Construction,0.01,0,0,Res.1&2 or Guest House,Res.1&2 or Guest House,le_1,0,zero,Res.1&2 or Guest House,Res.1&2 or Guest House,0,,not_applicable,knn,
PRSPL20250101998,1 to 2 Family,Pool,Addition,65000,0,1,Res.1&2 or Guest House,Res.1&2 or Guest House,10000_99999,1,zero,Res.1&2 or Guest House,Res.1&2 or Guest House,0,,not_applicable,knn,
PRSPL20250205025,1 to 2 Family,Pool,New Construction,219000,0,1,Res.1&2 or Guest House,Res.1&2 or Guest House,100000_plus,1,zero,Res.1&2 or Guest House,Res.1&2 or Guest House,0,,not_applicable,knn,
PRSPL20250205231,1 to 2 Family,Revision - Building,New Construction,500,0,0,Res.1&2 or Guest House,Res.1&2 or Guest House,2_999,0,zero,Res.1&2 or Guest House,Res.1&2 or Guest House,0,,not_applicable,knn,
PRSPL20250205574,1 to 2 Family,Pool,New Construction,125000,0,0,Res.1&2 or Guest House,Res.1&2 or Guest House,100000_plus,0,zero,Res.1&2 or Guest House,Res.1&2 or Guest House,0,,not_applicable,knn,
PRSPL20250205647,1 to 2 Family,Revision - Building,Addition,4000,0,0,Res.1&2 or Guest House,Res.1&2 or Guest House,1000_9999,0,zero,Res.1&2 or Guest House,Res.1&2 or Guest House,0,,not_applicable,knn,
PRSPL20250205963,1 to 2 Family,Pool,Alteration/Remodel,40000,0,1,Res.1&2 or Guest House,Res.1&2 or Guest House,10000_99999,1,zero,Res.1&2 or Guest House,,1,Res.1&2 or Guest House,knn,knn,1.0
PRSPL20250206417,Commercial,Pool,Alteration/Remodel,7600,0,1,Commercial,Commercial,1000_9999,1,zero,Commercial,Commercial,0,,not_applicable,knn,
PRSPL20250206519,1 to 2 Family,Pool,New Construction,35000,0,1,Res.1&2 or Guest House,Res.1&2 or Guest House,10000_99999,1,zero,Res.1&2 or Guest House,Res.1&2 or Guest House,0,,not_applicable,knn,
PRSPL20250206535,1 to 2 Family,Revision - Building,New Construction,1,0,1,Res.1&2 or Guest House,Res.1&2 or Guest House,le_1,1,zero,Res.1&2 or Guest House,Res.1&2 or Guest House,0,,not_applicable,knn,
PRSPL20250206535,1 to 2 Family,Pool,New Construction,144730,0,1,Res.1&2 or Guest House,Res.1&2 or Guest House,100000_plus,1,zero,Res.1&2 or Guest House,Res.1&2 or Guest House,0,,not_applicable,knn,
PRSPL20250206687,Commercial,Pool,New Construction,505000,0,1,Commercial,Commercial,100000_plus,1,zero,Commercial,Commercial,0,,not_applicable,knn,
PRSPL20250207087,1 to 2 Family,Pool,New Construction,38000,0,1,Res.1&2 or Guest House,Res.1&2 or Guest House,10000_99999,1,zero,Res.1&2 or Guest House,Res.1&2 or Guest House,0,,not_applicable,knn,
PRSPL20250207378,1 to 2 Family,Pool,Alteration/Remodel,186989,0,1,Res.1&2 or Guest House,Res.1&2 or Guest House,100000_plus,1,zero,Res.1&2 or Guest House,Res.1&2 or Guest House,0,,not_applicable,knn,
PRSPL20250207452,1 to 2 Family,Revision - Building,New Construction,500,0,0,Res.1&2 or Guest House,Res.1&2 or Guest House,2_999,0,zero,Res.1&2 or Guest House,,1,Res.1&2 or Guest House,knn,knn,1.0
PRSPL20250207452,1 to 2 Family,Pool,New Construction,26000,0,1,Res.1&2 or Guest House,Res.1&2 or Guest House,10000_99999,1,zero,Res.1&2 or Guest House,Res.1&2 or Guest House,0,,not_applicable,knn,
PRSPL20250207488,1 to 2 Family,Pool,New Construction,111000,0,1,Res.1&2 or Guest House,Res.1&2 or Guest House,100000_plus,1,zero,Res.1&2 or Guest House,Res.1&2 or Guest House,0,,not_applicable,knn,
PRSPL20250207506,1 to 2 Family,Pool,New Construction,108258,0,1,Res.1&2 or Guest House,Res.1&2 or Guest House,100000_plus,1,zero,Res.1&2 or Guest House,Res.1&2 or Guest House,0,,not_applicable,knn,
PRSPL20250207776,Commercial,Pool,New Construction,50000,0,1,Residential-Multi-Family,Residential-Multi-Family,10000_99999,1,zero,Residential-Multi-Family,,1,Commercial,knn,knn,0.8
PRSPL20250208228,Commercial,Pool,Alteration/Remodel,29546,0,1,Commercial,Commercial,10000_99999,1,zero,Commercial,Commercial,0,,not_applicable,knn,
PRSPL20250208437,1 to 2 Family,Pool,New Construction,75000,0,1,Res.1&2 or Guest House,Res.1&2 or Guest House,10000_99999,1,zero,Res.1&2 or Guest House,Res.1&2 or Guest House,0,,not_applicable,knn,
PRSPL20250208454,1 to 2 Family,Pool,New Construction,100000,0,1,Res.1&2 or Guest House,Res.1&2 or Guest House,100000_plus,1,zero,Res.1&2 or Guest House,Res.1&2 or Guest House,0,,not_applicable,knn,
PRSPL20250208586,1 to 2 Family,Pool,New Construction,107000,0,1,Res.1&2 or Guest House,Res.1&2 or Guest House,100000_plus,1,zero,Res.1&2 or Guest House,Res.1&2 or Guest House,0,,not_applicable,knn,
PRSPL20250208594,1 to 2 Family,Pool,New Construction,35000,0,1,Res.1&2 or Guest House,Res.1&2 or Guest House,10000_99999,1,zero,Res.1&2 or Guest House,Res.1&2 or Guest House,0,,not_applicable,knn,
PRSPL20250208622,1 to 2 Family,Pool,New Construction,104000,0,1,Res.1&2 or Guest House,Res.1&2 or Guest House,100000_plus,1,zero,Res.1&2 or Guest House,Res.1&2 or Guest House,0,,not_applicable,knn,
PRSPL20250208625,1 to 2 Family,Pool,New Construction,95000,0,1,Res.1&2 or Guest House,Res.1&2 or Guest House,10000_99999,1,zero,Res.1&2 or Guest House,,1,Res.1&2 or Guest House,knn,knn,1.0
PRSPL20250308933,1 to 2 Family,Pool,New Construction,98000,0,1,Res.1&2 or Guest House,Res.1&2 or Guest House,10000_99999,1,zero,Res.1&2 or Guest House,Res.1&2 or Guest House,0,,not_applicable,knn,
PRSPL20250309002,1 to 2 Family,Pool,New Construction,35000,0,1,Res.1&2 or Guest House,Res.1&2 or Guest House,10000_99999,1,zero,Res.1&2 or Guest House,Res.1&2 or Guest House,0,,not_applicable,knn,
PRSPL20250309006,1 to 2 Family,Pool,New Construction,35000,0,1,Res.1&2 or Guest House,Res.1&2 or Guest House,10000_99999,1,zero,Res.1&2 or Guest House,Res.1&2 or Guest House,0,,not_applicable,knn,
PRSPL20250309041,1 to 2 Family,Pool,New Construction,120000,0,1,Res.1&2 or Guest House,Res.1&2 or Guest House,100000_plus,1,zero,Res.1&2 or Guest House,Res.1&2 or Guest House,0,,not_applicable,knn,
PRSPL20250309118,1 to 2 Family,Pool,New Construction,50000,0,1,Res.1&2 or Guest House,Res.1&2 or Guest House,10000_99999,1,zero,Res.1&2 or Guest House,,1,Res.1&2 or Guest House,knn,knn,1.0
PRSPL20250309245,1 to 2 Family,Pool,New Construction,42000,0,1,Res.1&2 or Guest House,Res.1&2 or Guest House,10000_99999,1,zero,Res.1&2 or Guest House,,1,Res.1&2 or Guest House,knn,knn,1.0
PRSPL20250309253,1 to 2 Family,Pool,New Construction,35000,0,1,Res.1&2 or Guest House,Res.1&2 or Guest House,10000_99999,1,zero,Res.1&2 or Guest House,,1,Res.1&2 or Guest House,knn,knn,1.0
PRSPL20250309256,1 to 2 Family,Pool,New Construction,30000,0,1,Res.1&2 or Guest House,Res.1&2 or Guest House,10000_99999,1,zero,Res.1&2 or Guest House,Res.1&2 or Guest House,0,,not_applicable,knn,
PRSPL20250309259,1 to 2 Family,Pool,New Construction,35000,0,1,Res.1&2 or Guest House,Res.1&2 or Guest House,10000_99999,1,zero,Res.1&2 or Guest House,Res.1&2 or Guest House,0,,not_applicable,knn,
PRSPL20250309473,1 to 2 Family,Pool,New Construction,35000,0,1,Res.1&2 or Guest House,Res.1&2 or Guest House,10000_99999,1,zero,Res.1&2 or Guest House,Res.1&2 or Guest House,0,,not_applicable,knn,
PRSPL20250309750,1 to 2 Family,Pool,Addition,53000,0,1,Res.1&2 or Guest House,Res.1&2 or Guest House,10000_99999,1,zero,Res.1&2 or Guest House,Res.1&2 or Guest House,0,,not_applicable,knn,
PRSPL20250309762,1 to 2 Family,Pool,New Construction,70000,0,1,Res.1&2 or Guest House,Res.1&2 or Guest House,10000_99999,1,zero,Res.1&2 or Guest House,,1,Res.1&2 or Guest House,knn,knn,1.0
PRSPL20250309922,1 to 2 Family,Pool,New Construction,35000,0,1,Res.1&2 or Guest House,Res.1&2 or Guest House,10000_99999,1,zero,Res.1&2 or Guest House,,1,Res.1&2 or Guest House,knn,knn,1.0
PRSPL20250310065,1 to 2 Family,Pool,New Construction,35000,0,1,Res.1&2 or Guest House,Res.1&2 or Guest House,10000_99999,1,zero,Res.1&2 or Guest House,Res.1&2 or Guest House,0,,not_applicable,knn,
PRSPL20250310073,1 to 2 Family,Pool,New Construction,30000,0,1,Res.1&2 or Guest House,Res.1&2 or Guest House,10000_99999,1,zero,Res.1&2 or Guest House,Res.1&2 or Guest House,0,,not_applicable,knn,
PRSPL20250310078,1 to 2 Family,Pool,New Construction,35000,0,1,Res.1&2 or Guest House,Res.1&2 or Guest House,10000_99999,1,zero,Res.1&2 or Guest House,Res.1&2 or Guest House,0,,not_applicable,knn,
PRSPL20250310211,1 to 2 Family,Pool,New Construction,35000,0,1,Res.1&2 or Guest House,Res.1&2 or Guest House,10000_99999,1,zero,Res.1&2 or Guest House,Res.1&2 or Guest House,0,,not_applicable,knn,
PRSPL20250310213,1 to 2 Family,Pool,New Construction,35000,0,1,Res.1&2 or Guest House,Res.1&2 or Guest House,10000_99999,1,zero,Res.1&2 or Guest House,Res.1&2 or Guest House,0,,not_applicable,knn,
PRSPL20250310217,1 to 2 Family,Pool,New Construction,35000,0,1,Res.1&2 or Guest House,Res.1&2 or Guest House,10000_99999,1,zero,Res.1&2 or Guest House,Res.1&2 or Guest House,0,,not_applicable,knn,
PRSPL20250310226,1 to 2 Family,Pool,New Construction,25000,0,1,Res.1&2 or Guest House,Res.1&2 or Guest House,10000_99999,1,zero,Res.1&2 or Guest House,Res.1&2 or Guest House,0,,not_applicable,knn,
PRSPL20250310369,1 to 2 Family,Pool,New Construction,100000,0,1,Res.1&2 or Guest House,Res.1&2 or Guest House,100000_plus,1,zero,Res.1&2 or Guest House,Res.1&2 or Guest House,0,,not_applicable,knn,
PRSPL20250310433,1 to 2 Family,Pool,New Construction,96950,0,1,Res.1&2 or Guest House,Res.1&2 or Guest House,10000_99999,1,zero,Res.1&2 or Guest House,Res.1&2 or Guest House,0,,not_applicable,knn,
PRSPL20250310448,1 to 2 Family,Pool,New Construction,35000,0,1,Res.1&2 or Guest House,Res.1&2 or Guest House,10000_99999,1,zero,Res.1&2 or Guest House,Res.1&2 or Guest House,0,,not_applicable,knn,
PRSPL20250310450,1 to 2 Family,Pool,New Construction,35000,0,1,Res.1&2 or Guest House,Res.1&2 or Guest House,10000_99999,1,zero,Res.1&2 or Guest House,Res.1&2 or Guest House,0,,not_applicable,knn,
PRSPL20250310550,1 to 2 Family,Pool,Alteration/Remodel,45000,0,1,Res.1&2 or Guest House,Res.1&2 or Guest House,10000_99999,1,zero,Res.1&2 or Guest House,,1,Res.1&2 or Guest House,knn,knn,1.0
PRSPL20250310607,1 to 2 Family,Pool,New Construction,85000,0,1,Res.1&2 or Guest House,Res.1&2 or Guest House,10000_99999,1,zero,Res.1&2 or Guest House,Res.1&2 or Guest House,0,,not_applicable,knn,
PRSPL20250310689,1 to 2 Family,Pool,New Construction,100000,0,1,Res.1&2 or Guest House,Res.1&2 or Guest House,100000_plus,1,zero,Res.1&2 or Guest House,Res.1&2 or Guest House,0,,not_applicable,knn,
PRSPL20250310699,1 to 2 Family,Pool,New Construction,92000,0,1,Res.1&2 or Guest House,Res.1&2 or Guest House,10000_99999,1,zero,Res.1&2 or Guest House,Res.1&2 or Guest House,0,,not_applicable,knn,
PRSPL20250310700,1 to 2 Family,Pool,New Construction,82000,0,1,Res.1&2 or Guest House,Res.1&2 or Guest House,10000_99999,1,zero,Res.1&2 or Guest House,Res.1&2 or Guest House,0,,not_applicable,knn,
PRSPL20250310701,1 to 2 Family,Pool,New Construction,98000,0,1,Res.1&2 or Guest House,Res.1&2 or Guest House,10000_99999,1,zero,Res.1&2 or Guest House,Res.1&2 or Guest House,0,,not_applicable,knn,
PRSPL20250310703,1 to 2 Family,Pool,New Construction,92000,0,1,Res.1&2 or Guest House,Res.1&2 or Guest House,10000_99999,1,zero,Res.1&2 or Guest House,Res.1&2 or Guest House,0,,not_applicable,knn,
PRSPL20250310704,1 to 2 Family,Pool,New Construction,114000,0,1,Res.1&2 or Guest House,Res.1&2 or Guest House,100000_plus,1,zero,Res.1&2 or Guest House,Res.1&2 or Guest House,0,,not_applicable,knn,
PRSPL20250310706,1 to 2 Family,Pool,New Construction,95000,0,1,Res.1&2 or Guest House,Res.1&2 or Guest House,10000_99999,1,zero,Res.1&2 or Guest House,Res.1&2 or Guest House,0,,not_applicable,knn,
PRSPL20250310771,1 to 2 Family,Pool,New Construction,45000,0,1,Res.1&2 or Guest House,Res.1&2 or Guest House,10000_99999,1,zero,Res.1&2 or Guest House,,1,Res.1&2 or Guest House,knn,knn,1.0
PRSPL20250310782,1 to 2 Family,Pool,New Construction,60000,0,1,Res.1&2 or Guest House,Res.1&2 or Guest House,10000_99999,1,zero,Res.1&2 or Guest House,Res.1&2 or Guest House,0,,not_applicable,knn,
PRSPL20250310934,Commercial,Pool,Alteration/Remodel,22000,0,1,Residential-Multi-Family,Residential-Multi-Family,10000_99999,1,zero,Residential-Multi-Family,Residential-Multi-Family,0,,not_applicable,knn,
PRSPL20250311138,Commercial,Pool,New Construction,156003,0,1,Commercial,Commercial,100000_plus,1,zero,Commercial,,1,Commercial,knn,knn,0.5
PRSPL20250311161,1 to 2 Family,Pool,New Construction,100000,0,1,Res.1&2 or Guest House,Res.1&2 or Guest House,100000_plus,1,zero,Res.1&2 or Guest House,Res.1&2 or Guest House,0,,not_applicable,knn,
PRSPL20250311184,1 to 2 Family,Pool,New Construction,40000,0,1,Res.1&2 or Guest House,Res.1&2 or Guest House,10000_99999,1,zero,Res.1&2 or Guest House,Res.1&2 or Guest House,0,,not_applicable,knn,
PRSPL20250311233,1 to 2 Family,Pool,Addition,42140,0,1,Res.1&2 or Guest House,Res.1&2 or Guest House,10000_99999,1,zero,Res.1&2 or Guest House,Res.1&2 or Guest House,0,,not_applicable,knn,
PRSPL20250311245,1 to 2 Family,Pool,Addition,56815,0,1,Res.1&2 or Guest House,Res.1&2 or Guest House,10000_99999,1,zero,Res.1&2 or Guest House,Res.1&2 or Guest House,0,,not_applicable,knn,
PRSPL20250311308,1 to 2 Family,Pool,Alteration/Remodel,85000,0,1,Res.1&2 or Guest House,Res.1&2 or Guest House,10000_99999,1,zero,Res.1&2 or Guest House,Res.1&2 or Guest House,0,,not_applicable,knn,
PRSPL20250311376,1 to 2 Family,Pool,New Construction,35000,0,1,Res.1&2 or Guest House,Res.1&2 or Guest House,10000_99999,1,zero,Res.1&2 or Guest House,Res.1&2 or Guest House,0,,not_applicable,knn,
PRSPL20250311465,1 to 2 Family,Pool,Addition,57815,0,1,Res.1&2 or Guest House,Res.1&2 or Guest House,10000_99999,1,zero,Res.1&2 or Guest House,Res.1&2 or Guest House,0,,not_applicable,knn,
PRSPL20250311470,1 to 2 Family,Pool,Addition,61515,0,1,Res.1&2 or Guest House,Res.1&2 or Guest House,10000_99999,1,zero,Res.1&2 or Guest House,,1,Res.1&2 or Guest House,knn,knn,1.0
PRSPL20250311473,1 to 2 Family,Pool,Addition,43540,0,1,Res.1&2 or Guest House,Res.1&2 or Guest House,10000_99999,1,zero,Res.1&2 or Guest House,Res.1&2 or Guest House,0,,not_applicable,knn,
PRSPL20250311484,1 to 2 Family,Pool,New Construction,56000,0,1,Res.1&2 or Guest House,Res.1&2 or Guest House,10000_99999,1,zero,Res.1&2 or Guest House,Res.1&2 or Guest House,0,,not_applicable,knn,
PRSPL20250311490,1 to 2 Family,Pool,New Construction,100000,0,1,Res.1&2 or Guest House,Res.1&2 or Guest House,100000_plus,1,zero,Res.1&2 or Guest House,Res.1&2 or Guest House,0,,not_applicable,knn,
PRSPL20250311674,1 to 2 Family,Pool,New Construction,100000,0,1,Res.1&2 or Guest House,Res.1&2 or Guest House,100000_plus,1,zero,Res.1&2 or Guest House,Res.1&2 or Guest House,0,,not_applicable,knn,
PRSPL20250311774,1 to 2 Family,Revision - Building,New Construction,1,0,0,Res.1&2 or Guest House,Res.1&2 or Guest House,le_1,0,zero,Res.1&2 or Guest House,Res.1&2 or Guest House,0,,not_applicable,knn,
PRSPL20250311797,1 to 2 Family,Pool,New Construction,114752,0,1,Res.1&2 or Guest House,Res.1&2 or Guest House,100000_plus,1,zero,Res.1&2 or Guest House,,1,Res.1&2 or Guest House,knn,knn,1.0
PRSPL20250311821,1 to 2 Family,Pool,New Construction,35000,0,1,Res.1&2 or Guest House,Res.1&2 or Guest House,10000_99999,1,zero,Res.1&2 or Guest House,,1,Res.1&2 or Guest House,knn,knn,1.0
PRSPL20250311824,1 to 2 Family,Pool,New Construction,35000,0,1,Res.1&2 or Guest House,Res.1&2 or Guest House,10000_99999,1,zero,Res.1&2 or Guest House,Res.1&2 or Guest House,0,,not_applicable,knn,
PRSPL20250311827,1 to 2 Family,Pool,New Construction,35000,0,1,Res.1&2 or Guest House,Res.1&2 or Guest House,10000_99999,1,zero,Res.1&2 or Guest House,,1,Res.1&2 or Guest House,knn,knn,1.0
PRSPL20250311841,1 to 2 Family,Pool,New Construction,61500,0,1,Res.1&2 or Guest House,Res.1&2 or Guest House,10000_99999,1,zero,Res.1&2 or Guest House,Res.1&2 or Guest House,0,,not_applicable,knn,
PRSPL20250311869,1 to 2 Family,Pool,New Construction,35000,0,1,Res.1&2 or Guest House,Res.1&2 or Guest House,10000_99999,1,zero,Res.1&2 or Guest House,Res.1&2 or Guest House,0,,not_applicable,knn,
PRSPL20250311902,1 to 2 Family,Pool,New Construction,100000,0,1,Res.1&2 or Guest House,Res.1&2 or Guest House,100000_plus,1,zero,Res.1&2 or Guest House,Res.1&2 or Guest House,0,,not_applicable,knn,
PRSPL20250311960,1 to 2 Family,Pool,New Construction,35000,0,1,Res.1&2 or Guest House,Res.1&2 or Guest House,10000_99999,1,zero,Res.1&2 or Guest House,,1,Res.1&2 or Guest House,knn,knn,1.0
PRSPL20250312025,1 to 2 Family,Pool,New Construction,132261,0,1,Res.1&2 or Guest House,Res.1&2 or Guest House,100000_plus,1,zero,Res.1&2 or Guest House,Res.1&2 or Guest House,0,,not_applicable,knn,
PRSPL20250312104,1 to 2 Family,Pool,New Construction,35000,0,1,Res.1&2 or Guest House,Res.1&2 or Guest House,10000_99999,1,zero,Res.1&2 or Guest House,Res.1&2 or Guest House,0,,not_applicable,knn,
PRSPL20250312200,1 to 2 Family,Pool,New Construction,76866,0,1,Res.1&2 or Guest House,Res.1&2 or Guest House,10000_99999,1,zero,Res.1&2 or Guest House,Res.1&2 or Guest House,0,,not_applicable,knn,
PRSPL20250312240,1 to 2 Family,Pool,Alteration/Remodel,25000,0,1,Res.1&2 or Guest House,Res.1&2 or Guest House,10000_99999,1,zero,Res.1&2 or Guest House,Res.1&2 or Guest House,0,,not_applicable,knn,
PRSPL20250312244,1 to 2 Family,Pool,Alteration/Remodel,25000,0,1,Res.1&2 or Guest House,Res.1&2 or Guest House,10000_99999,1,zero,Res.1&2 or Guest House,,1,Res.1&2 or Guest House,knn,knn,1.0
PRSPL20250312261,1 to 2 Family,Pool,New Construction,45000,0,1,Res.1&2 or Guest House,Res.1&2 or Guest House,10000_99999,1,zero,Res.1&2 or Guest House,Res.1&2 or Guest House,0,,not_applicable,knn,
PRSPL20250312299,1 to 2 Family,Pool,New Construction,35000,0,1,Res.1&2 or Guest House,Res.1&2 or Guest House,10000_99999,1,zero,Res.1&2 or Guest House,Res.1&2 or Guest House,0,,not_applicable,knn,
PRSPL20250312369,1 to 2 Family,Pool,New Construction,80000,0,1,Res.1&2 or Guest House,Res.1&2 or Guest House,10000_99999,1,zero,Res.1&2 or Guest House,,1,Res.1&2 or Guest House,knn,knn,1.0
PRSPL20250312548,1 to 2 Family,Pool,New Construction,100000,0,1,Res.1&2 or Guest House,Res.1&2 or Guest House,100000_plus,1,zero,Res.1&2 or Guest House,,1,Res.1&2 or Guest House,knn,knn,1.0
PRSPL20250312569,1 to 2 Family,Pool,New Construction,111365,0,1,Res.1&2 or Guest House,Res.1&2 or Guest House,100000_plus,1,zero,Res.1&2 or Guest House,Res.1&2 or Guest House,0,,not_applicable,knn,
PRSPL20250312572,1 to 2 Family,Pool,New Construction,69000,0,1,Res.1&2 or Guest House,Res.1&2 or Guest House,10000_99999,1,zero,Res.1&2 or Guest House,,1,Res.1&2 or Guest House,knn,knn,1.0
PRSPL20250312617,1 to 2 Family,Pool,New Construction,95000,0,1,Res.1&2 or Guest House,Res.1&2 or Guest House,10000_99999,1,zero,Res.1&2 or Guest House,Res.1&2 or Guest House,0,,not_applicable,knn,
PRSPL20250312624,1 to 2 Family,Pool,New Construction,95000,0,1,Res.1&2 or Guest House,Res.1&2 or Guest House,10000_99999,1,zero,Res.1&2 or Guest House,Res.1&2 or Guest House,0,,not_applicable,knn,
PRSPL20250312650,Commercial,Pool,New Construction,205100,0,1,Residential-Hotel,Other Special Residential,100000_plus,1,zero,Other Special Residential,Other Special Residential,0,,not_applicable,knn,
PRSPL20250312657,1 to 2 Family,Pool,New Construction,95000,0,1,Res.1&2 or Guest House,Res.1&2 or Guest House,10000_99999,1,zero,Res.1&2 or Guest House,Res.1&2 or Guest House,0,,not_applicable,knn,
PRSPL20250312777,1 to 2 Family,Pool,New Construction,35000,0,1,Res.1&2 or Guest House,Res.1&2 or Guest House,10000_99999,1,zero,Res.1&2 or Guest House,Res.1&2 or Guest House,0,,not_applicable,knn,
PRSPL20250312859,1 to 2 Family,Pool,New Construction,35000,0,1,Res.1&2 or Guest House,Res.1&2 or Guest House,10000_99999,1,zero,Res.1&2 or Guest House,,1,Res.1&2 or Guest House,knn,knn,1.0
PRSPL20250312971,1 to 2 Family,Pool,New Construction,30000,0,1,Res.1&2 or Guest House,Res.1&2 or Guest House,10000_99999,1,zero,Res.1&2 or Guest House,Res.1&2 or Guest House,0,,not_applicable,knn,
PRSPL20250313092,Commercial,Pool,Alteration/Remodel,28268,0,1,Residential-Multi-Family,Residential-Multi-Family,10000_99999,1,zero,Residential-Multi-Family,,1,Commercial,knn,knn,0.6666666666666666
PRSPL20250313368,1 to 2 Family,Pool,New Construction,50000,0,1,Res.1&2 or Guest House,Res.1&2 or Guest House,10000_99999,1,zero,Res.1&2 or Guest House,Res.1&2 or Guest House,0,,not_applicable,knn,
PRSPL20250313381,1 to 2 Family,Pool,New Construction,95000,0,1,Res.1&2 or Guest House,Res.1&2 or Guest House,10000_99999,1,zero,Res.1&2 or Guest House,Res.1&2 or Guest House,0,,not_applicable,knn,
PRSPL20250313385,1 to 2 Family,Pool,New Construction,95000,0,1,Res.1&2 or Guest House,Res.1&2 or Guest House,10000_99999,1,zero,Res.1&2 or Guest House,,1,Res.1&2 or Guest House,knn,knn,1.0
PRSPL20250313393,1 to 2 Family,Pool,New Construction,95000,0,1,Res.1&2 or Guest House,Res.1&2 or Guest House,10000_99999,1,zero,Res.1&2 or Guest House,Res.1&2 or Guest House,0,,not_applicable,knn,
PRSPL20250313394,1 to 2 Family,Pool,New Construction,106000,0,1,Res.1&2 or Guest House,Res.1&2 or Guest House,100000_plus,1,zero,Res.1&2 or Guest House,Res.1&2 or Guest House,0,,not_applicable,knn,
PRSPL20250313408,1 to 2 Family,Pool,New Construction,95000,0,1,Res.1&2 or Guest House,Res.1&2 or Guest House,10000_99999,1,zero,Res.1&2 or Guest House,Res.1&2 or Guest House,0,,not_applicable,knn,
PRSPL20250313428,1 to 2 Family,Pool,New Construction,95000,0,1,Res.1&2 or Guest House,Res.1&2 or Guest House,10000_99999,1,zero,Res.1&2 or Guest House,Res.1&2 or Guest House,0,,not_applicable,knn,
PRSPL20250413777,1 to 2 Family,Pool,New Construction,50000,0,1,Res.1&2 or Guest House,Res.1&2 or Guest House,10000_99999,1,zero,Res.1&2 or Guest House,Res.1&2 or Guest House,0,,not_applicable,knn,
PRSPL20250413847,1 to 2 Family,Pool,New Construction,35000,0,1,Res.1&2 or Guest House,Res.1&2 or Guest House,10000_99999,1,zero,Res.1&2 or Guest House,,1,Res.1&2 or Guest House,knn,knn,1.0
PRSPL20250413850,1 to 2 Family,Pool,New Construction,35000,0,1,Res.1&2 or Guest House,Res.1&2 or Guest House,10000_99999,1,zero,Res.1&2 or Guest House,Res.1&2 or Guest House,0,,not_applicable,knn,
PRSPL20250413854,1 to 2 Family,Pool,New Construction,30000,0,1,Res.1&2 or Guest House,Res.1&2 or Guest House,10000_99999,1,zero,Res.1&2 or Guest House,Res.1&2 or Guest House,0,,not_applicable,knn,
PRSPL20250413856,1 to 2 Family,Pool,New Construction,30000,0,1,Res.1&2 or Guest House,Res.1&2 or Guest House,10000_99999,1,zero,Res.1&2 or Guest House,Res.1&2 or Guest House,0,,not_applicable,knn,
PRSPL20250413859,1 to 2 Family,Pool,New Construction,35000,0,1,Res.1&2 or Guest House,Res.1&2 or Guest House,10000_99999,1,zero,Res.1&2 or Guest House,Res.1&2 or Guest House,0,,not_applicable,knn,
PRSPL20250414132,1 to 2 Family,Pool,New Construction,96600,0,1,Res.1&2 or Guest House,Res.1&2 or Guest House,10000_99999,1,zero,Res.1&2 or Guest House,Res.1&2 or Guest House,0,,not_applicable,knn,
PRSPL20250414150,Commercial,Pool,Alteration/Remodel,127000,0,1,Residential-Multi-Family,Residential-Multi-Family,100000_plus,1,zero,Residential-Multi-Family,Residential-Multi-Family,0,,not_applicable,knn,
PRSPL20250414271,1 to 2 Family,Pool,New Construction,78000,0,1,Res.1&2 or Guest House,Res.1&2 or Guest House,10000_99999,1,zero,Res.1&2 or Guest House,Res.1&2 or Guest House,0,,not_applicable,knn,
PRSPL20250414745,1 to 2 Family,Pool,New Construction,50000,0,1,Res.1&2 or Guest House,Res.1&2 or Guest House,10000_99999,1,zero,Res.1&2 or Guest House,Res.1&2 or Guest House,0,,not_applicable,knn,
PRSPL20250415514,Commercial,Pool,Alteration/Remodel,42059.6,0,1,Commercial,Commercial,10000_99999,1,zero,Commercial,Commercial,0,,not_applicable,knn,
PRSPL20250416137,1 to 2 Family,Pool,New Construction,175997,0,1,Res.1&2 or Guest House,Res.1&2 or Guest House,100000_plus,1,zero,Res.1&2 or Guest House,Res.1&2 or Guest House,0,,not_applicable,knn,
PRTM20240414646,1 to 2 Family,Revision - Building,New Construction,1,0,1,Res.1&2 or Guest House,Res.1&2 or Guest House,le_1,1,zero,Res.1&2 or Guest House,,1,Res.1&2 or Guest House,knn,knn,1.0
PRTM20240730510,1 to 2 Family,Revision - Building,New Construction,799.92,0,1,Res.1&2 or Guest House,Res.1&2 or Guest House,2_999,1,zero,Res.1&2 or Guest House,Res.1&2 or Guest House,0,,not_applicable,knn,
PRTM20240730687,1 to 2 Family,Revision - Building,New Construction,100,0,0,Res.1&2 or Guest House,Res.1&2 or Guest House,2_999,0,zero,Res.1&2 or Guest House,Res.1&2 or Guest House,0,,not_applicable,knn,
PRTM20240937597,1 to 2 Family,Mobile Home/Trailer,New Construction,69307,0,1,Res.1&2 or Guest House,Res.1&2 or Guest House,10000_99999,1,zero,Res.1&2 or Guest House,Res.1&2 or Guest House,0,,not_applicable,knn,
PRTM20240937602,1 to 2 Family,Mobile Home/Trailer,New Construction,69307,0,1,Res.1&2 or Guest House,Res.1&2 or Guest House,10000_99999,1,zero,Res.1&2 or Guest House,Res.1&2 or Guest House,0,,not_applicable,knn,
PRTM20240937686,1 to 2 Family,Mobile Home/Trailer,New Construction,69307,0,1,Res.1&2 or Guest House,Res.1&2 or Guest House,10000_99999,1,zero,Res.1&2 or Guest House,Res.1&2 or Guest House,0,,not_applicable,knn,
PRTM20240937887,1 to 2 Family,Mobile Home/Trailer,New Construction,69307,0,1,Res.1&2 or Guest House,Res.1&2 or Guest House,10000_99999,1,zero,Res.1&2 or Guest House,Res.1&2 or Guest House,0,,not_applicable,knn,
PRTM20240937899,1 to 2 Family,Mobile Home/Trailer,New Construction,69307,0,1,Res.1&2 or Guest House,Res.1&2 or Guest House,10000_99999,1,zero,Res.1&2 or Guest House,Res.1&2 or Guest House,0,,not_applicable,knn,
PRTM20240938409,1 to 2 Family,Mobile Home/Trailer,New Construction,69307,0,1,Res.1&2 or Guest House,Res.1&2 or Guest House,10000_99999,1,zero,Res.1&2 or Guest House,Res.1&2 or Guest House,0,,not_applicable,knn,
PRTM20240938410,1 to 2 Family,Mobile Home/Trailer,New Construction,69307,0,1,Res.1&2 or Guest House,Res.1&2 or Guest House,10000_99999,1,zero,Res.1&2 or Guest House,Res.1&2 or Guest House,0,,not_applicable,knn,
PRTM20250101299,1 to 2 Family,Mobile Home/Trailer,New Construction,24000,0,1,Res.1&2 or Guest House,Res.1&2 or Guest House,10000_99999,1,zero,Res.1&2 or Guest House,,1,Res.1&2 or Guest House,knn,knn,1.0
PRTM20250204913,1 to 2 Family,Mobile Home/Trailer,New Construction,10000,0,1,Res.1&2 or Guest House,Res.1&2 or Guest House,10000_99999,1,zero,Res.1&2 or Guest House,Res.1&2 or Guest House,0,,not_applicable,knn,
PRTM20250205472,Commercial,Construction Trailer,New Construction,8000,640,1,Not Identified,,1000_9999,1,nonzero,,,0,,not_applicable,knn,
PRTM20250207663,Commercial,Office/Sales Trailer,New Construction,25000,1165,0,Not Identified,,10000_99999,0,nonzero,,,0,,not_applicable,knn,
PRTM20250207781,1 to 2 Family,Mobile Home/Trailer,New Construction,15000,0,1,Res.1&2 or Guest House,Res.1&2 or Guest House,10000_99999,1,zero,Res.1&2 or Guest House,,1,Res.1&2 or Guest House,knn,knn,1.0
PRTM20250208230,1 to 2 Family,Building,Alteration/Remodel,4900,0,1,Res.1&2 or Guest House,Res.1&2 or Guest House,1000_9999,1,zero,Res.1&2 or Guest House,,1,Res.1&2 or Guest House,knn,knn,1.0
PRTM20250311946,1 to 2 Family,Building,Alteration/Remodel,12000,0,1,Res.1&2 or Guest House,Res.1&2 or Guest House,10000_99999,1,zero,Res.1&2 or Guest House,Res.1&2 or Guest House,0,,not_applicable,knn,
PRWH20241248515,Commercial,Plumbing,Alteration/Remodel,1700,0,1,Residential-Multi-Family,Residential-Multi-Family,1000_9999,1,zero,Residential-Multi-Family,Residential-Multi-Family,0,,not_applicable,knn,
PRWH20250207282,1 to 2 Family,Plumbing,Alteration/Remodel,4259,0,1,Res.1&2 or Guest House,Res.1&2 or Guest House,1000_9999,1,zero,Res.1&2 or Guest House,,1,Res.1&2 or Guest House,knn,knn,1.0
PRWH20250207291,1 to 2 Family,Plumbing,Alteration/Remodel,13794,0,1,Res.1&2 or Guest House,Res.1&2 or Guest House,10000_99999,1,zero,Res.1&2 or Guest House,Res.1&2 or Guest House,0,,not_applicable,knn,
PRWH20250208247,Commercial,Revision - Plumbing,Alteration/Remodel,900,0,1,Residential-Multi-Family,Residential-Multi-Family,2_999,1,zero,Residential-Multi-Family,Residential-Multi-Family,0,,not_applicable,knn,
PRWH20250309477,Commercial,Plumbing,Alteration/Remodel,4725,0,0,Residential-Multi-Family,Residential-Multi-Family,1000_9999,0,zero,Residential-Multi-Family,Residential-Multi-Family,0,,not_applicable,knn,
PRWH20250309854,Commercial,Revision - Plumbing,Alteration/Remodel,2184.1999999999998,0,1,Not Identified,,1000_9999,1,zero,,,0,,not_applicable,knn,
PRWH20250311177,Commercial,Plumbing,Alteration/Remodel,2390,0,1,Not Identified,,1000_9999,1,zero,,,0,,not_applicable,knn,
PRWH20250311197,Commercial,Plumbing,Alteration/Remodel,2403,0,1,Residential-Multi-Family,Residential-Multi-Family,1000_9999,1,zero,Residential-Multi-Family,Residential-Multi-Family,0,,not_applicable,knn,
PRWH20250311801,Commercial,Plumbing,Alteration/Remodel,2390,0,1,Commercial,Commercial,1000_9999,1,zero,Commercial,Commercial,0,,not_applicable,knn,
PRWH20250311958,1 to 2 Family,Plumbing,Alteration/Remodel,4695,0,1,Res.1&2 or Guest House,Res.1&2 or Guest House,1000_9999,1,zero,Res.1&2 or Guest House,Res.1&2 or Guest House,0,,not_applicable,knn,
PRWH20250312582,Commercial,Plumbing,Alteration/Remodel,3000,0,1,Residential-Multi-Family,Residential-Multi-Family,1000_9999,1,zero,Residential-Multi-Family,Residential-Multi-Family,0,,not_applicable,knn,
PRWH20250312586,Commercial,Plumbing,Alteration/Remodel,5000,0,1,Residential-Multi-Family,Residential-Multi-Family,1000_9999,1,zero,Residential-Multi-Family,Residential-Multi-Family,0,,not_applicable,knn,
PRWH20250312625,Commercial,Plumbing,Alteration/Remodel,1500,0,1,Residential-Multi-Family,Residential-Multi-Family,1000_9999,1,zero,Residential-Multi-Family,Residential-Multi-Family,0,,not_applicable,knn,
PRWH20250312640,Commercial,Plumbing,Alteration/Remodel,3000,0,1,Residential-Multi-Family,Residential-Multi-Family,1000_9999,1,zero,Residential-Multi-Family,Residential-Multi-Family,0,,not_applicable,knn,
PRWH20250312641,1 to 2 Family,Plumbing,Alteration/Remodel,2259,0,1,Res.1&2 or Guest House,Res.1&2 or Guest House,1000_9999,1,zero,Res.1&2 or Guest House,Res.1&2 or Guest House,0,,not_applicable,knn,
PRWH20250312654,1 to 2 Family,Plumbing,Alteration/Remodel,1500,0,1,Res.1&2 or Guest House,Res.1&2 or Guest House,1000_9999,1,zero,Res.1&2 or Guest House,Res.1&2 or Guest House,0,,not_applicable,knn,
PRWH20250312738,1 to 2 Family,Plumbing,Alteration/Remodel,2789,0,1,Res.1&2 or Guest House,Res.1&2 or Guest House,1000_9999,1,zero,Res.1&2 or Guest House,Res.1&2 or Guest House,0,,not_applicable,knn,
PRWH20250312917,Commercial,Plumbing,Alteration/Remodel,4000,0,0,Residential-Multi-Family,Residential-Multi-Family,1000_9999,0,zero,Residential-Multi-Family,,1,Residential-Multi-Family,knn,knn,1.0
PRWH20250313001,Commercial,Plumbing,Alteration/Remodel,9806.57,0,1,Commercial,Commercial,1000_9999,1,zero,Commercial,Commercial,0,,not_applicable,knn,
PRWH20250313449,Commercial,Plumbing,Alteration/Remodel,1100,0,1,Residential-Multi-Family,Residential-Multi-Family,1000_9999,1,zero,Residential-Multi-Family,Residential-Multi-Family,0,,not_applicable,knn,
PRWH20250313479,1 to 2 Family,Plumbing,Alteration/Remodel,7253,0,1,Res.1&2 or Guest House,Res.1&2 or Guest House,1000_9999,1,zero,Res.1&2 or Guest House,,1,Res.1&2 or Guest House,knn,knn,1.0
PRWH20250313480,Commercial,Plumbing,Alteration/Remodel,4980,0,1,Residential-Multi-Family,Residential-Multi-Family,1000_9999,1,zero,Residential-Multi-Family,Residential-Multi-Family,0,,not_applicable,knn,
PRWH20250413542,Commercial,Plumbing,Alteration/Remodel,1549,0,0,Not Identified,,1000_9999,0,zero,,,0,,not_applicable,knn,
PRWH20250413561,1 to 2 Family,Plumbing,Alteration/Remodel,2116.4,0,0,Not Identified,,1000_9999,0,zero,,,0,,not_applicable,knn,
PRWH20250413574,Commercial,Plumbing,Alteration/Remodel,950,0,0,Residential-Multi-Family,Residential-Multi-Family,2_999,0,zero,Residential-Multi-Family,Residential-Multi-Family,0,,not_applicable,knn,
PRWH20250413595,Commercial,Plumbing,Alteration/Remodel,2355,0,0,Not Identified,,1000_9999,0,zero,,,0,,not_applicable,knn,
PRWH20250413624,Commercial,Plumbing,Alteration/Remodel,2000,0,0,Not Identified,,1000_9999,0,zero,,,0,,not_applicable,knn,
PRWH20250413826,Commercial,Plumbing,Alteration/Remodel,2131,0,0,Not Identified,,1000_9999,0,zero,,,0,,not_applicable,knn,
PRWH20250413894,Commercial,Plumbing,Alteration/Remodel,1531,0,0,Not Identified,,1000_9999,0,zero,,,0,,not_applicable,knn,
PRWH20250413908,Commercial,Plumbing,Alteration/Remodel,1701,0,0,Not Identified,,1000_9999,0,zero,,,0,,not_applicable,knn,
PRWH20250414086,Commercial,Plumbing,Alteration/Remodel,2028,0,0,Not Identified,,1000_9999,0,zero,,,0,,not_applicable,knn,
PRWH20250414124,Commercial,Plumbing,Alteration/Remodel,1595,0,0,Not Identified,,1000_9999,0,zero,,,0,,not_applicable,knn,
PRWH20250414126,Commercial,Plumbing,Alteration/Remodel,1796,0,0,Not Identified,,1000_9999,0,zero,,,0,,not_applicable,knn,
PRWH20250414129,Commercial,Plumbing,Alteration/Remodel,2295,0,0,Not Identified,,1000_9999,0,zero,,,0,,not_applicable,knn,
PRWH20250414135,Commercial,Plumbing,Alteration/Remodel,2089,0,0,Not Identified,,1000_9999,0,zero,,,0,,not_applicable,knn,
PRWH20250414153,Commercial,Plumbing,Alteration/Remodel,2249,0,0,Not Identified,,1000_9999,0,zero,,,0,,not_applicable,knn,
PRWH20250414208,Commercial,Plumbing,Alteration/Remodel,1615.5,0,0,Not Identified,,1000_9999,0,zero,,,0,,not_applicable,knn,
PRWH20250414362,1 to 2 Family,Plumbing,Alteration/Remodel,1821,0,0,Not Identified,,1000_9999,0,zero,,,0,,not_applicable,knn,
PRWH20250414367,Commercial,Plumbing,Alteration/Remodel,2434,0,0,Not Identified,,1000_9999,0,zero,,,0,,not_applicable,knn,
PRWH20250414375,1 to 2 Family,Plumbing,Alteration/Remodel,2091,0,0,Not Identified,,1000_9999,0,zero,,,0,,not_applicable,knn,
PRWH20250414383,Commercial,Plumbing,Alteration/Remodel,1696,0,0,Not Identified,,1000_9999,0,zero,,,0,,not_applicable,knn,
PRWH20250414386,Commercial,Plumbing,Alteration/Remodel,1311,0,0,Residential-Multi-Family,Residential-Multi-Family,1000_9999,0,zero,Residential-Multi-Family,Residential-Multi-Family,0,,not_applicable,knn,
PRWH20250414386,Commercial,Revision - Plumbing,Alteration/Remodel,1311,0,1,Residential-Multi-Family,Residential-Multi-Family,1000_9999,1,zero,Residential-Multi-Family,Residential-Multi-Family,0,,not_applicable,knn,
PRWH20250414447,Commercial,Plumbing,Alteration/Remodel,1600,0,0,Not Identified,,1000_9999,0,zero,,,0,,not_applicable,knn,
PRWH20250414610,Commercial,Plumbing,Alteration/Remodel,2000,0,0,Not Identified,,1000_9999,0,zero,,,0,,not_applicable,knn,
PRWH20250414629,Commercial,Plumbing,Alteration/Remodel,1700,0,0,Not Identified,,1000_9999,0,zero,,,0,,not_applicable,knn,
PRWH20250414638,Commercial,Plumbing,Alteration/Remodel,1500,0,0,Not Identified,,1000_9999,0,zero,,,0,,not_applicable,knn,
PRWH20250414680,Commercial,Plumbing,Alteration/Remodel,2000,0,0,Not Identified,,1000_9999,0,zero,,,0,,not_applicable,knn,
PRWH20250414699,Commercial,Plumbing,Alteration/Remodel,2000,0,0,Not Identified,,1000_9999,0,zero,,,0,,not_applicable,knn,
PRWH20250414710,1 to 2 Family,Plumbing,Alteration/Remodel,2471,0,0,Not Identified,,1000_9999,0,zero,,,0,,not_applicable,knn,
PRWH20250414893,Commercial,Plumbing,Alteration/Remodel,1400,0,0,Not Identified,,1000_9999,0,zero,,,0,,not_applicable,knn,
PRWH20250414916,Commercial,Plumbing,Alteration/Remodel,1400,0,0,Not Identified,,1000_9999,0,zero,,,0,,not_applicable,knn,
PRWH20250414926,1 to 2 Family,Plumbing,Alteration/Remodel,1822,0,0,Not Identified,,1000_9999,0,zero,,,0,,not_applicable,knn,
PRWH20250414979,1 to 2 Family,Plumbing,Alteration/Remodel,1791,0,0,Not Identified,,1000_9999,0,zero,,,0,,not_applicable,knn,
PRWH20250414990,Commercial,Plumbing,Alteration/Remodel,1700,0,0,Not Identified,,1000_9999,0,zero,,,0,,not_applicable,knn,
PRWH20250415025,1 to 2 Family,Plumbing,Alteration/Remodel,2496.6,0,1,Res.1&2 or Guest House,Res.1&2 or Guest House,1000_9999,1,zero,Res.1&2 or Guest House,Res.1&2 or Guest House,0,,not_applicable,knn,
PRWH20250415040,1 to 2 Family,Plumbing,Alteration/Remodel,4400,0,1,Res.1&2 or Guest House,Res.1&2 or Guest House,1000_9999,1,zero,Res.1&2 or Guest House,,1,Res.1&2 or Guest House,knn,knn,1.0
PRWH20250415043,Commercial,Plumbing,Alteration/Remodel,2502,0,1,Residential-Multi-Family,Residential-Multi-Family,1000_9999,1,zero,Residential-Multi-Family,Residential-Multi-Family,0,,not_applicable,knn,
PRWH20250415085,Commercial,Plumbing,Alteration/Remodel,1000,0,0,Not Identified,,1000_9999,0,zero,,,0,,not_applicable,knn,
PRWH20250415117,Commercial,Plumbing,Alteration/Remodel,1994,0,0,Not Identified,,1000_9999,0,zero,,,0,,not_applicable,knn,
PRWH20250415118,Commercial,Plumbing,Alteration/Remodel,1600,0,0,Not Identified,,1000_9999,0,zero,,,0,,not_applicable,knn,
PRWH20250415121,Commercial,Plumbing,Alteration/Remodel,1143,0,0,Not Identified,,1000_9999,0,zero,,,0,,not_applicable,knn,
PRWH20250415129,Commercial,Plumbing,Alteration/Remodel,2482,0,0,Not Identified,,1000_9999,0,zero,,,0,,not_applicable,knn,
PRWH20250415136,Commercial,Plumbing,Alteration/Remodel,2225,0,0,Not Identified,,1000_9999,0,zero,,,0,,not_applicable,knn,
PRWH20250415138,Commercial,Plumbing,Alteration/Remodel,1899,0,0,Not Identified,,1000_9999,0,zero,,,0,,not_applicable,knn,
PRWH20250415144,Commercial,Plumbing,Alteration/Remodel,2289,0,0,Not Identified,,1000_9999,0,zero,,,0,,not_applicable,knn,
PRWH20250415147,Commercial,Plumbing,Alteration/Remodel,1850,0,0,Not Identified,,1000_9999,0,zero,,,0,,not_applicable,knn,
PRWH20250415161,Commercial,Plumbing,Alteration/Remodel,2628,0,1,Residential-Multi-Family,Residential-Multi-Family,1000_9999,1,zero,Residential-Multi-Family,Residential-Multi-Family,0,,not_applicable,knn,
PRWH20250415189,Commercial,Plumbing,Alteration/Remodel,1950,0,0,Not Identified,,1000_9999,0,zero,,,0,,not_applicable,knn,
PRWH20250415196,Commercial,Plumbing,Alteration/Remodel,1784,0,0,Not Identified,,1000_9999,0,zero,,,0,,not_applicable,knn,
PRWH20250415284,Commercial,Plumbing,Alteration/Remodel,1780,0,0,Not Identified,,1000_9999,0,zero,,,0,,not_applicable,knn,
PRWH20250415326,Commercial,Plumbing,Alteration/Remodel,2007.45,0,0,Not Identified,,1000_9999,0,zero,,,0,,not_applicable,knn,
PRWH20250415368,Commercial,Plumbing,Alteration/Remodel,5000,0,0,Not Identified,,1000_9999,0,zero,,,0,,not_applicable,knn,
PRWH20250415404,Commercial,Plumbing,Alteration/Remodel,1200,0,0,Not Identified,,1000_9999,0,zero,,,0,,not_applicable,knn,
PRWH20250415459,Commercial,Plumbing,Alteration/Remodel,1677,0,0,Not Identified,,1000_9999,0,zero,,,0,,not_applicable,knn,
PRWH20250415525,Commercial,Plumbing,Alteration/Remodel,2100,0,0,Not Identified,,1000_9999,0,zero,,,0,,not_applicable,knn,
PRWH20250415623,1 to 2 Family,Plumbing,Alteration/Remodel,4339,0,1,Res.1&2 or Guest House,Res.1&2 or Guest House,1000_9999,1,zero,Res.1&2 or Guest House,Res.1&2 or Guest House,0,,not_applicable,knn,
PRWH20250415630,1 to 2 Family,Plumbing,Alteration/Remodel,1734,0,0,Not Identified,,1000_9999,0,zero,,,0,,not_applicable,knn,
PRWH20250415728,Commercial,Plumbing,Alteration/Remodel,1688,0,0,Not Identified,,1000_9999,0,zero,,,0,,not_applicable,knn,
PRWH20250415777,Commercial,Plumbing,Alteration/Remodel,1840,0,0,Not Identified,,1000_9999,0,zero,,,0,,not_applicable,knn,
PRWH20250415826,1 to 2 Family,Plumbing,Alteration/Remodel,4861,0,1,Res.1&2 or Guest House,Res.1&2 or Guest House,1000_9999,1,zero,Res.1&2 or Guest House,Res.1&2 or Guest House,0,,not_applicable,knn,
PRWH20250415828,Commercial,Plumbing,Alteration/Remodel,1665,0,0,Not Identified,,1000_9999,0,zero,,,0,,not_applicable,knn,
PRWH20250415829,Commercial,Plumbing,Alteration/Remodel,1531,0,0,Not Identified,,1000_9999,0,zero,,,0,,not_applicable,knn,
PRWH20250415830,1 to 2 Family,Plumbing,Alteration/Remodel,1828,0,0,Not Identified,,1000_9999,0,zero,,,0,,not_applicable,knn,
PRWH20250415831,Commercial,Plumbing,Alteration/Remodel,1700,0,0,Not Identified,,1000_9999,0,zero,,,0,,not_applicable,knn,
PRWH20250415832,Commercial,Plumbing,Alteration/Remodel,1636,0,0,Not Identified,,1000_9999,0,zero,,,0,,not_applicable,knn,
PRWH20250415833,Commercial,Plumbing,Alteration/Remodel,1588,0,0,Not Identified,,1000_9999,0,zero,,,0,,not_applicable,knn,
PRWH20250415874,Commercial,Plumbing,Alteration/Remodel,3862.8,0,0,Not Identified,,1000_9999,0,zero,,,0,,not_applicable,knn,
PRWH20250415943,Commercial,Plumbing,Alteration/Remodel,1186,0,0,Not Identified,,1000_9999,0,zero,,,0,,not_applicable,knn,
PRWH20250415949,1 to 2 Family,Plumbing,Alteration/Remodel,1881,0,1,Res.1&2 or Guest House,Res.1&2 or Guest House,1000_9999,1,zero,Res.1&2 or Guest House,Res.1&2 or Guest House,0,,not_applicable,knn,
PRWH20250415953,Commercial,Plumbing,Alteration/Remodel,1826,0,0,Not Identified,,1000_9999,0,zero,,,0,,not_applicable,knn,
PRWH20250415957,1 to 2 Family,Plumbing,Alteration/Remodel,1781,0,0,Not Identified,,1000_9999,0,zero,,,0,,not_applicable,knn,
PRWH20250416024,1 to 2 Family,Plumbing,Alteration/Remodel,800,0,0,Not Identified,,2_999,0,zero,,,0,,not_applicable,knn,
PRWH20250416087,1 to 2 Family,Plumbing,Alteration/Remodel,6751.8,0,1,Res.1&2 or Guest House,Res.1&2 or Guest House,1000_9999,1,zero,Res.1&2 or Guest House,Res.1&2 or Guest House,0,,not_applicable,knn,
PRWH20250416143,Commercial,Plumbing,Alteration/Remodel,1297,0,0,Not Identified,,1000_9999,0,zero,,,0,,not_applicable,knn,
PRWH20250416165,Commercial,Plumbing,Alteration/Remodel,1781,0,0,Not Identified,,1000_9999,0,zero,,,0,,not_applicable,knn,
PRWH20250416218,Commercial,Plumbing,Alteration/Remodel,1985,0,0,Not Identified,,1000_9999,0,zero,,,0,,not_applicable,knn,
PRWH20250416275,Commercial,Plumbing,Alteration/Remodel,1700,0,0,Not Identified,,1000_9999,0,zero,,,0,,not_applicable,knn,
PRWH20250416349,Commercial,Plumbing,Alteration/Remodel,1400,0,0,Not Identified,,1000_9999,0,zero,,,0,,not_applicable,knn,
PRWH20250416350,Commercial,Plumbing,Alteration/Remodel,1400,0,0,Not Identified,,1000_9999,0,zero,,,0,,not_applicable,knn,
PRWH20250416351,1 to 2 Family,Plumbing,Alteration/Remodel,1400,0,0,Not Identified,,1000_9999,0,zero,,,0,,not_applicable,knn,
PRWH20250416441,1 to 2 Family,Plumbing,Alteration/Remodel,4259,0,1,Res.1&2 or Guest House,Res.1&2 or Guest House,1000_9999,1,zero,Res.1&2 or Guest House,Res.1&2 or Guest House,0,,not_applicable,knn,
PRWH20250416459,Commercial,Plumbing,Alteration/Remodel,1786,0,0,Not Identified,,1000_9999,0,zero,,,0,,not_applicable,knn,
PRWH20250416473,Commercial,Plumbing,Alteration/Remodel,2200,0,0,Not Identified,,1000_9999,0,zero,,,0,,not_applicable,knn,
PRWH20250416484,Commercial,Plumbing,Alteration/Remodel,2149.4899999999998,0,0,Not Identified,,1000_9999,0,zero,,,0,,not_applicable,knn,
PRWH20250416490,1 to 2 Family,Plumbing,Alteration/Remodel,400,0,1,Res.1&2 or Guest House,Res.1&2 or Guest House,2_999,1,zero,Res.1&2 or Guest House,Res.1&2 or Guest House,0,,not_applicable,knn,
PRWH20250416500,Commercial,Plumbing,Alteration/Remodel,1814.49,0,0,Not Identified,,1000_9999,0,zero,,,0,,not_applicable,knn,
PRWH20250416623,Commercial,Plumbing,Alteration/Remodel,2077.6,0,1,Residential-Multi-Family,Residential-Multi-Family,1000_9999,1,zero,Residential-Multi-Family,Residential-Multi-Family,0,,not_applicable,knn,
PRWH20250416652,1 to 2 Family,Plumbing,Alteration/Remodel,750,0,1,Res.1&2 or Guest House,Res.1&2 or Guest House,2_999,1,zero,Res.1&2 or Guest House,Res.1&2 or Guest House,0,,not_applicable,knn,
PRWH20250416677,Commercial,Plumbing,Alteration/Remodel,2403,0,1,Residential-Multi-Family,Residential-Multi-Family,1000_9999,1,zero,Residential-Multi-Family,Residential-Multi-Family,0,,not_applicable,knn,
PRWH20250416738,Commercial,Plumbing,Alteration/Remodel,2009.5,0,0,Not Identified,,1000_9999,0,zero,,,0,,not_applicable,knn,
PRWH20250416762,Commercial,Plumbing,Alteration/Remodel,2000,0,0,Not Identified,,1000_9999,0,zero,,,0,,not_applicable,knn,
PRWH20250416806,Commercial,Plumbing,Alteration/Remodel,1800,0,0,Not Identified,,1000_9999,0,zero,,,0,,not_applicable,knn,
PRWH20250416818,1 to 2 Family,Plumbing,Alteration/Remodel,1975,0,0,Not Identified,,1000_9999,0,zero,,,0,,not_applicable,knn,
PRWH20250416843,Commercial,Plumbing,Alteration/Remodel,1500,0,0,Not Identified,,1000_9999,0,zero,,,0,,not_applicable,knn,
PRWH20250416929,Commercial,Plumbing,Alteration/Remodel,1799.21,0,0,Not Identified,,1000_9999,0,zero,,,0,,not_applicable,knn,
PRWH20250416962,Commercial,Plumbing,Alteration/Remodel,2200,0,1,Residential-Multi-Family,Residential-Multi-Family,1000_9999,1,zero,Residential-Multi-Family,Residential-Multi-Family,0,,not_applicable,knn,
PRWH20250416966,Commercial,Plumbing,Alteration/Remodel,1786,0,0,Not Identified,,1000_9999,0,zero,,,0,,not_applicable,knn,
PRWH20250416971,Commercial,Plumbing,Alteration/Remodel,900,0,0,Not Identified,,2_999,0,zero,,,0,,not_applicable,knn,
PRWH20250416992,Commercial,Plumbing,Alteration/Remodel,2000,0,0,Not Identified,,1000_9999,0,zero,,,0,,not_applicable,knn,
PRWH20250417001,Commercial,Plumbing,Alteration/Remodel,2000,0,0,Not Identified,,1000_9999,0,zero,,,0,,not_applicable,knn,
PRWH20250417005,Commercial,Plumbing,Alteration/Remodel,2400,0,0,Not Identified,,1000_9999,0,zero,,,0,,not_applicable,knn,
PRWH20250417070,1 to 2 Family,Plumbing,Alteration/Remodel,2400,0,0,Not Identified,,1000_9999,0,zero,,,0,,not_applicable,knn,
PRWH20250417074,Commercial,Plumbing,Alteration/Remodel,1829,0,0,Not Identified,,1000_9999,0,zero,,,0,,not_applicable,knn,
PRWH20250417085,1 to 2 Family,Plumbing,Alteration/Remodel,1936,0,0,Not Identified,,1000_9999,0,zero,,,0,,not_applicable,knn,
PRWH20250417093,1 to 2 Family,Plumbing,Alteration/Remodel,1641,0,0,Not Identified,,1000_9999,0,zero,,,0,,not_applicable,knn,
PRWH20250417150,Commercial,Plumbing,Alteration/Remodel,900,0,0,Not Identified,,2_999,0,zero,,,0,,not_applicable,knn,
PRWH20250417156,Commercial,Plumbing,Alteration/Remodel,900,0,0,Not Identified,,2_999,0,zero,,,0,,not_applicable,knn,
PRWH20250417214,Commercial,Plumbing,Alteration/Remodel,4045,0,0,Not Identified,,1000_9999,0,zero,,,0,,not_applicable,knn,
PRWH20250417241,Commercial,Plumbing,Alteration/Remodel,1775,0,0,Not Identified,,1000_9999,0,zero,,,0,,not_applicable,knn,
PRWH20250417252,Commercial,Plumbing,Alteration/Remodel,1900,0,0,Not Identified,,1000_9999,0,zero,,,0,,not_applicable,knn,
PRWH20250417324,Commercial,Plumbing,Alteration/Remodel,1650,0,0,Not Identified,,1000_9999,0,zero,,,0,,not_applicable,knn,
PRWH20250417373,Commercial,Plumbing,Alteration/Remodel,2400,0,0,Not Identified,,1000_9999,0,zero,,,0,,not_applicable,knn,
PRWH20250417395,Commercial,Plumbing,Alteration/Remodel,1900,0,0,Not Identified,,1000_9999,0,zero,,,0,,not_applicable,knn,
PRWH20250417412,Commercial,Plumbing,Alteration/Remodel,1700,0,0,Not Identified,,1000_9999,0,zero,,,0,,not_applicable,knn,
PRWH20250417487,Commercial,Plumbing,Alteration/Remodel,4045,0,0,Not Identified,,1000_9999,0,zero,,,0,,not_applicable,knn,
PRWH20250417496,Commercial,Plumbing,Alteration/Remodel,4045,0,0,Not Identified,,1000_9999,0,zero,,,0,,not_applicable,knn,
PRWH20250417501,Commercial,Plumbing,Alteration/Remodel,4045,0,0,Not Identified,,1000_9999,0,zero,,,0,,not_applicable,knn,
PRWH20250417507,Commercial,Plumbing,Alteration/Remodel,4045,0,0,Not Identified,,1000_9999,0,zero,,,0,,not_applicable,knn,
PRWH20250417515,Commercial,Plumbing,Alteration/Remodel,4045,0,0,Not Identified,,1000_9999,0,zero,,,0,,not_applicable,knn,
PRWH20250417520,Commercial,Plumbing,Alteration/Remodel,4045,0,0,Not Identified,,1000_9999,0,zero,,,0,,not_applicable,knn,
PRWH20250417522,Commercial,Plumbing,Alteration/Remodel,4045,0,0,Not Identified,,1000_9999,0,zero,,,0,,not_applicable,knn,
PRWH20250417574,Commercial,Plumbing,Alteration/Remodel,2741.05,0,0,Not Identified,,1000_9999,0,zero,,,0,,not_applicable,knn,
PRWH20250417577,Commercial,Plumbing,Alteration/Remodel,2100.35,0,0,Not Identified,,1000_9999,0,zero,,,0,,not_applicable,knn,
PRWH20250417587,Commercial,Plumbing,Alteration/Remodel,2000,0,0,Not Identified,,1000_9999,0,zero,,,0,,not_applicable,knn,
PRWH20250417611,Commercial,Plumbing,Alteration/Remodel,2000,0,0,Not Identified,,1000_9999,0,zero,,,0,,not_applicable,knn,
PRWH20250417644,Commercial,Plumbing,Alteration/Remodel,1665,0,0,Not Identified,,1000_9999,0,zero,,,0,,not_applicable,knn,
PRWH20250417723,Commercial,Plumbing,Alteration/Remodel,1700,0,0,Not Identified,,1000_9999,0,zero,,,0,,not_applicable,knn,
PRWH20250417728,Commercial,Plumbing,Alteration/Remodel,2000,0,0,Not Identified,,1000_9999,0,zero,,,0,,not_applicable,knn,
PRWH20250417752,Commercial,Plumbing,Alteration/Remodel,1969,0,0,Not Identified,,1000_9999,0,zero,,,0,,not_applicable,knn,
PRWH20250417754,1 to 2 Family,Plumbing,Alteration/Remodel,1891,0,0,Not Identified,,1000_9999,0,zero,,,0,,not_applicable,knn,
PRWH20250417765,Commercial,Plumbing,Alteration/Remodel,1737,0,0,Not Identified,,1000_9999,0,zero,,,0,,not_applicable,knn,
PRWH20250417822,Commercial,Plumbing,Alteration/Remodel,2077.6,0,0,Not Identified,,1000_9999,0,zero,,,0,,not_applicable,knn,
PRWH20250417903,Commercial,Plumbing,Alteration/Remodel,2000,0,0,Not Identified,,1000_9999,0,zero,,,0,,not_applicable,knn,
PRWH20250417917,Commercial,Plumbing,Alteration/Remodel,2151,0,0,Not Identified,,1000_9999,0,zero,,,0,,not_applicable,knn,
PRWH20250417953,Commercial,Plumbing,Alteration/Remodel,1927,0,0,Not Identified,,1000_9999,0,zero,,,0,,not_applicable,knn,
PRWH20250417957,Commercial,Plumbing,Alteration/Remodel,1964,0,0,Not Identified,,1000_9999,0,zero,,,0,,not_applicable,knn,
PRWH20250417971,Commercial,Plumbing,Alteration/Remodel,1921,0,0,Not Identified,,1000_9999,0,zero,,,0,,not_applicable,knn,
PRWH20250417974,Commercial,Plumbing,Alteration/Remodel,1961,0,0,Not Identified,,1000_9999,0,zero,,,0,,not_applicable,knn,
PRWH20250417975,Commercial,Plumbing,Alteration/Remodel,4045,0,0,Not Identified,,1000_9999,0,zero,,,0,,not_applicable,knn,
PRWH20250417977,Commercial,Plumbing,Alteration/Remodel,1584,0,0,Not Identified,,1000_9999,0,zero,,,0,,not_applicable,knn,
PRWH20250417979,Commercial,Plumbing,Alteration/Remodel,1927,0,0,Not Identified,,1000_9999,0,zero,,,0,,not_applicable,knn,
PRWH20250417982,Commercial,Plumbing,Alteration/Remodel,4045,0,0,Not Identified,,1000_9999,0,zero,,,0,,not_applicable,knn,
PRWH20250417986,Commercial,Plumbing,Alteration/Remodel,4045,0,0,Not Identified,,1000_9999,0,zero,,,0,,not_applicable,knn,
PRWH20250417990,Commercial,Plumbing,Alteration/Remodel,4045,0,0,Not Identified,,1000_9999,0,zero,,,0,,not_applicable,knn,
PRWH20250417995,Commercial,Plumbing,Alteration/Remodel,4045,0,0,Not Identified,,1000_9999,0,zero,,,0,,not_applicable,knn,
PRWH20250417998,Commercial,Plumbing,Alteration/Remodel,4045,0,0,Not Identified,,1000_9999,0,zero,,,0,,not_applicable,knn,
PRWH20250418071,Commercial,Plumbing,Alteration/Remodel,2100,0,0,Not Identified,,1000_9999,0,zero,,,0,,not_applicable,knn,
PRWH20250418115,Commercial,Plumbing,Alteration/Remodel,1950,0,0,Not Identified,,1000_9999,0,zero,,,0,,not_applicable,knn,
PRWH20250418269,Commercial,Plumbing,Alteration/Remodel,2146,0,0,Not Identified,,1000_9999,0,zero,,,0,,not_applicable,knn,
PRWH20250418276,Commercial,Plumbing,Alteration/Remodel,2036,0,0,Not Identified,,1000_9999,0,zero,,,0,,not_applicable,knn,
PRWH20250418280,Commercial,Plumbing,Alteration/Remodel,1345,0,0,Not Identified,,1000_9999,0,zero,,,0,,not_applicable,knn,
PRWH20250418294,Commercial,Plumbing,Alteration/Remodel,1795,0,0,Not Identified,,1000_9999,0,zero,,,0,,not_applicable,knn,
PRWH20250418374,Commercial,Plumbing,Alteration/Remodel,1599,0,0,Not Identified,,1000_9999,0,zero,,,0,,not_applicable,knn,
PRWH20250418387,Commercial,Plumbing,Alteration/Remodel,1993,0,0,Not Identified,,1000_9999,0,zero,,,0,,not_applicable,knn,
PRWH20250418412,Commercial,Plumbing,Alteration/Remodel,2100,0,0,Not Identified,,1000_9999,0,zero,,,0,,not_applicable,knn,
PRWH20250418428,Commercial,Plumbing,Alteration/Remodel,1509,0,0,Not Identified,,1000_9999,0,zero,,,0,,not_applicable,knn,
PRWH20250418452,Commercial,Plumbing,Alteration/Remodel,950,0,0,Not Identified,,2_999,0,zero,,,0,,not_applicable,knn,
PRWH20250418468,Commercial,Plumbing,Alteration/Remodel,1867.5,0,0,Not Identified,,1000_9999,0,zero,,,0,,not_applicable,knn,
PRWH20250418496,1 to 2 Family,Plumbing,Alteration/Remodel,1989.12,0,0,Not Identified,,1000_9999,0,zero,,,0,,not_applicable,knn,
PRWH20250418591,Commercial,Plumbing,Alteration/Remodel,1979,0,0,Not Identified,,1000_9999,0,zero,,,0,,not_applicable,knn,
PRWH20250418638,Commercial,Plumbing,Alteration/Remodel,1949,0,0,Not Identified,,1000_9999,0,zero,,,0,,not_applicable,knn,
PRWH20250418689,Commercial,Plumbing,Alteration/Remodel,2550,0,0,Not Identified,,1000_9999,0,zero,,,0,,not_applicable,knn,
PRWH20250418743,Commercial,Plumbing,Alteration/Remodel,1500,0,0,Not Identified,,1000_9999,0,zero,,,0,,not_applicable,knn,
PRWL20241147166,1 to 2 Family,Well Permits,New Construction,,,,Not Identified,,missing,missing,missing,,,0,,not_applicable,knn,
PRWL20241249455,1 to 2 Family,Well Permits,New Construction,,,,Not Identified,,missing,missing,missing,,,0,,not_applicable,knn,
PRWL20250100480,1 to 2 Family,Well Permits,New Construction,,,,Not Identified,,missing,missing,missing,,,0,,not_applicable,knn,
PRWL20250100686,1 to 2 Family,Well Permits,New Construction,,,,Not Identified,,missing,missing,missing,,,0,,not_applicable,knn,
PRWL20250101985,Commercial,Well Permits,New Construction,,,,Not Identified,,missing,missing,missing,,,0,,not_applicable,knn,
PRWL20250103662,1 to 2 Family,Well Permits,New Construction,,,,Not Identified,,missing,missing,missing,,,0,,not_applicable,knn,
PRWL20250207167,1 to 2 Family,Well Permits,New Construction,,,,Not Identified,,missing,missing,missing,,,0,,not_applicable,knn,
PRWL20250207172,1 to 2 Family,Well Permits,New Construction,,,,Not Identified,,missing,missing,missing,,,0,,not_applicable,knn,
PRWL20250207989,1 to 2 Family,Well Permits,New Construction,,,,Not Identified,,missing,missing,missing,,,0,,not_applicable,knn,
PRWL20250308938,1 to 2 Family,Well Permits,New Construction,,,,Not Identified,,missing,missing,missing,,,0,,not_applicable,knn,
PRWL20250309172,1 to 2 Family,Well Permits,New Construction,,,,Not Identified,,missing,missing,missing,,,0,,not_applicable,knn,
PRWL20250309424,1 to 2 Family,Well Permits,New Construction,,,,Not Identified,,missing,missing,missing,,,0,,not_applicable,knn,
PRWL20250309665,1 to 2 Family,Well Permits,New Construction,,,,Not Identified,,missing,missing,missing,,,0,,not_applicable,knn,
PRWL20250309956,Commercial,Well Permits,New Construction,,,,Not Identified,,missing,missing,missing,,,0,,not_applicable,knn,
PRWL20250310248,Commercial,Well Permits,Addition,,,,Not Identified,,missing,missing,missing,,,0,,not_applicable,knn,
PRWL20250310515,Commercial,Well Permits,Addition,,,,Not Identified,,missing,missing,missing,,,0,,not_applicable,knn,
PRWL20250310518,Commercial,Well Permits,Addition,,,,Not Identified,,missing,missing,missing,,,0,,not_applicable,knn,
PRWL20250310625,1 to 2 Family,Well Permits,New Construction,,,,Res.1&2 or Guest House,Res.1&2 or Guest House,missing,missing,missing,Res.1&2 or Guest House,Res.1&2 or Guest House,0,,not_applicable,knn,
PRWL20250310778,1 to 2 Family,Well Permits,New Construction,,,,Not Identified,,missing,missing,missing,,,0,,not_applicable,knn,
PRWL20250310781,1 to 2 Family,Well Permits,New Construction,,,,Not Identified,,missing,missing,missing,,,0,,not_applicable,knn,
PRWL20250310838,1 to 2 Family,Well Permits,New Construction,,,,Not Identified,,missing,missing,missing,,,0,,not_applicable,knn,
PRWL20250311218,1 to 2 Family,Well Permits,Addition,,,,Not Identified,,missing,missing,missing,,,0,,not_applicable,knn,
PRWL20250311236,1 to 2 Family,Well Permits,Addition,,,,Not Identified,,missing,missing,missing,,,0,,not_applicable,knn,
PRWL20250311269,1 to 2 Family,Well Permits,New Construction,,,,Not Identified,,missing,missing,missing,,,0,,not_applicable,knn,
PRWL20250311584,1 to 2 Family,Well Permits,New Construction,,,,Not Identified,,missing,missing,missing,,,0,,not_applicable,knn,
PRWL20250311984,1 to 2 Family,Well Permits,New Construction,,,,Not Identified,,missing,missing,missing,,,0,,not_applicable,knn,
PRWL20250312192,1 to 2 Family,Well Permits,Addition,,,,Not Identified,,missing,missing,missing,,,0,,not_applicable,knn,
PRWL20250312196,1 to 2 Family,Well Permits,Addition,,,,Not Identified,,missing,missing,missing,,,0,,not_applicable,knn,
PRWL20250312207,Commercial,Well Permits,Addition,,,,Not Identified,,missing,missing,missing,,,0,,not_applicable,knn,
PRWL20250312246,1 to 2 Family,Well Permits,New Construction,,,,Not Identified,,missing,missing,missing,,,0,,not_applicable,knn,
PRWL20250312265,1 to 2 Family,Well Permits,Addition,,,,Not Identified,,missing,missing,missing,,,0,,not_applicable,knn,
PRWL20250312367,1 to 2 Family,Well Permits,New Construction,,,,Not Identified,,missing,missing,missing,,,0,,not_applicable,knn,
PRWL20250312580,1 to 2 Family,Well Permits,New Construction,,,,Not Identified,,missing,missing,missing,,,0,,not_applicable,knn,
PRWL20250312581,1 to 2 Family,Well Permits,New Construction,,,,Not Identified,,missing,missing,missing,,,0,,not_applicable,knn,
PRWL20250312589,1 to 2 Family,Well Permits,New Construction,,,,Not Identified,,missing,missing,missing,,,0,,not_applicable,knn,
PRWL20250312592,1 to 2 Family,Well Permits,New Construction,,,,Not Identified,,missing,missing,missing,,,0,,not_applicable,knn,
PRWL20250312594,1 to 2 Family,Well Permits,New Construction,,,,Not Identified,,missing,missing,missing,,,0,,not_applicable,knn,
PRWL20250312929,Commercial,Well Permits,Addition,,,,Not Identified,,missing,missing,missing,,,0,,not_applicable,knn,
PRWL20250313019,1 to 2 Family,Well Permits,New Construction,,,,Not Identified,,missing,missing,missing,,,0,,not_applicable,knn,
PRWL20250313045,Commercial,Well Permits,New Construction,,,,Not Identified,,missing,missing,missing,,,0,,not_applicable,knn,
PRWL20250313086,Commercial,Well Permits,New Construction,,,,Not Identified,,missing,missing,missing,,,0,,not_applicable,knn,
PRWL20250313215,1 to 2 Family,Well Permits,Addition,,,,Not Identified,,missing,missing,missing,,,0,,not_applicable,knn,
PRWL20250313216,Commercial,Well Permits,Addition,,,,Not Identified,,missing,missing,missing,,,0,,not_applicable,knn,
PRWL20250313217,1 to 2 Family,Well Permits,Addition,,,,Not Identified,,missing,missing,missing,,,0,,not_applicable,knn,
PRWL20250313233,1 to 2 Family,Well Permits,New Construction,,,,Not Identified,,missing,missing,missing,,,0,,not_applicable,knn,
PRWL20250313244,1 to 2 Family,Well Permits,New Construction,,,,Res.1&2 or Guest House,Res.1&2 or Guest House,missing,missing,missing,Res.1&2 or Guest House,Res.1&2 or Guest House,0,,not_applicable,knn,
PRWL20250313377,1 to 2 Family,Well Permits,New Construction,,,,Not Identified,,missing,missing,missing,,,0,,not_applicable,knn,
PRWL20250313534,1 to 2 Family,Well Permits,New Construction,,,,Not Identified,,missing,missing,missing,,,0,,not_applicable,knn,
PRWL20250313536,1 to 2 Family,Well Permits,New Construction,,,,Not Identified,,missing,missing,missing,,,0,,not_applicable,knn,
PRWL20250413570,1 to 2 Family,Well Permits,New Construction,,,,Not Identified,,missing,missing,missing,,,0,,not_applicable,knn,
PRWL20250413576,1 to 2 Family,Well Permits,New Construction,,,,Not Identified,,missing,missing,missing,,,0,,not_applicable,knn,
PRWL20250413585,1 to 2 Family,Well Permits,New Construction,,,,Not Identified,,missing,missing,missing,,,0,,not_applicable,knn,
PRWL20250413588,1 to 2 Family,Well Permits,New Construction,,,,Not Identified,,missing,missing,missing,,,0,,not_applicable,knn,
PRWL20250413593,1 to 2 Family,Well Permits,New Construction,,,,Not Identified,,missing,missing,missing,,,0,,not_applicable,knn,
PRWL20250413597,1 to 2 Family,Well Permits,Addition,,,,Not Identified,,missing,missing,missing,,,0,,not_applicable,knn,
PRWL20250413599,1 to 2 Family,Well Permits,New Construction,,,,Not Identified,,missing,missing,missing,,,0,,not_applicable,knn,
PRWL20250413659,1 to 2 Family,Well Permits,New Construction,,,,Not Identified,,missing,missing,missing,,,0,,not_applicable,knn,
PRWL20250413687,1 to 2 Family,Well Permits,Addition,,,,Not Identified,,missing,missing,missing,,,0,,not_applicable,knn,
PRWL20250413833,1 to 2 Family,Well Permits,Addition,,,,Not Identified,,missing,missing,missing,,,0,,not_applicable,knn,
PRWL20250413837,1 to 2 Family,Well Permits,Addition,,,,Not Identified,,missing,missing,missing,,,0,,not_applicable,knn,
PRWL20250413867,1 to 2 Family,Well Permits,New Construction,,,,Not Identified,,missing,missing,missing,,,0,,not_applicable,knn,
PRWL20250413890,Commercial,Well Permits,New Construction,,,,Not Identified,,missing,missing,missing,,,0,,not_applicable,knn,
PRWL20250413940,1 to 2 Family,Well Permits,New Construction,,,,Not Identified,,missing,missing,missing,,,0,,not_applicable,knn,
PRWL20250414033,1 to 2 Family,Well Permits,New Construction,,,,Not Identified,,missing,missing,missing,,,0,,not_applicable,knn,
PRWL20250414067,1 to 2 Family,Well Permits,New Construction,,,,Not Identified,,missing,missing,missing,,,0,,not_applicable,knn,
PRWL20250414128,1 to 2 Family,Well Permits,New Construction,,,,Not Identified,,missing,missing,missing,,,0,,not_applicable,knn,
PRWL20250414245,1 to 2 Family,Well Permits,New Construction,,,,Not Identified,,missing,missing,missing,,,0,,not_applicable,knn,
PRWL20250414350,Commercial,Well Permits,Addition,,,,Not Identified,,missing,missing,missing,,,0,,not_applicable,knn,
PRWL20250414357,1 to 2 Family,Well Permits,Addition,,,,Not Identified,,missing,missing,missing,,,0,,not_applicable,knn,
PRWL20250414376,1 to 2 Family,Well Permits,Addition,,,,Not Identified,,missing,missing,missing,,,0,,not_applicable,knn,
PRWL20250414387,1 to 2 Family,Well Permits,New Construction,,,,Not Identified,,missing,missing,missing,,,0,,not_applicable,knn,
PRWL20250414398,1 to 2 Family,Well Permits,New Construction,,,,Not Identified,,missing,missing,missing,,,0,,not_applicable,knn,
PRWL20250414401,1 to 2 Family,Well Permits,New Construction,,,,Not Identified,,missing,missing,missing,,,0,,not_applicable,knn,
PRWL20250414407,1 to 2 Family,Well Permits,New Construction,,,,Not Identified,,missing,missing,missing,,,0,,not_applicable,knn,
PRWL20250414408,Commercial,Well Permits,Abandon,,,,Not Identified,,missing,missing,missing,,,0,,not_applicable,knn,
PRWL20250414470,1 to 2 Family,Well Permits,New Construction,,,,Not Identified,,missing,missing,missing,,,0,,not_applicable,knn,
PRWL20250414555,1 to 2 Family,Well Permits,New Construction,,,,Not Identified,,missing,missing,missing,,,0,,not_applicable,knn,
PRWL20250414556,1 to 2 Family,Well Permits,New Construction,,,,Not Identified,,missing,missing,missing,,,0,,not_applicable,knn,
PRWL20250414709,Commercial,Well Permits,New Construction,,,,Not Identified,,missing,missing,missing,,,0,,not_applicable,knn,
PRWL20250414820,1 to 2 Family,Well Permits,New Construction,,,,Not Identified,,missing,missing,missing,,,0,,not_applicable,knn,
PRWL20250414936,1 to 2 Family,Well Permits,Abandon,,,,Not Identified,,missing,missing,missing,,,0,,not_applicable,knn,
PRWL20250414951,1 to 2 Family,Well Permits,Abandon,,,,Not Identified,,missing,missing,missing,,,0,,not_applicable,knn,
PRWL20250414955,1 to 2 Family,Well Permits,Abandon,,,,Not Identified,,missing,missing,missing,,,0,,not_applicable,knn,
PRWL20250414961,1 to 2 Family,Well Permits,Abandon,,,,Not Identified,,missing,missing,missing,,,0,,not_applicable,knn,
PRWL20250415094,1 to 2 Family,Well Permits,Addition,,,,Not Identified,,missing,missing,missing,,,0,,not_applicable,knn,
PRWL20250415096,1 to 2 Family,Well Permits,Addition,,,,Not Identified,,missing,missing,missing,,,0,,not_applicable,knn,
PRWL20250415097,1 to 2 Family,Well Permits,Addition,,,,Not Identified,,missing,missing,missing,,,0,,not_applicable,knn,
PRWL20250415098,Commercial,Well Permits,Abandon,,,,Not Identified,,missing,missing,missing,,,0,,not_applicable,knn,
PRWL20250415218,1 to 2 Family,Well Permits,New Construction,,,,Not Identified,,missing,missing,missing,,,0,,not_applicable,knn,
PRWL20250415220,1 to 2 Family,Well Permits,New Construction,,,,Not Identified,,missing,missing,missing,,,0,,not_applicable,knn,
PRWL20250415481,1 to 2 Family,Well Permits,New Construction,,,,Not Identified,,missing,missing,missing,,,0,,not_applicable,knn,
PRWL20250415633,1 to 2 Family,Well Permits,New Construction,,,,Not Identified,,missing,missing,missing,,,0,,not_applicable,knn,
PRWL20250415675,Commercial,Well Permits,New Construction,,,,Not Identified,,missing,missing,missing,,,0,,not_applicable,knn,
PRWL20250415708,Commercial,Well Permits,New Construction,,,,Not Identified,,missing,missing,missing,,,0,,not_applicable,knn,
PRWL20250415709,Commercial,Well Permits,New Construction,,,,Not Identified,,missing,missing,missing,,,0,,not_applicable,knn,
PRWL20250415908,1 to 2 Family,Well Permits,New Construction,,,,Not Identified,,missing,missing,missing,,,0,,not_applicable,knn,
PRWL20250415995,Commercial,Well Permits,New Construction,,,,Not Identified,,missing,missing,missing,,,0,,not_applicable,knn,
PRWL20250416066,1 to 2 Family,Well Permits,New Construction,,,,Not Identified,,missing,missing,missing,,,0,,not_applicable,knn,
PRWL20250416335,1 to 2 Family,Well Permits,New Construction,,,,Not Identified,,missing,missing,missing,,,0,,not_applicable,knn,
PRWL20250416570,1 to 2 Family,Well Permits,New Construction,,,,Not Identified,,missing,missing,missing,,,0,,not_applicable,knn,
PRWL20250416653,1 to 2 Family,Well Permits,New Construction,,,,Not Identified,,missing,missing,missing,,,0,,not_applicable,knn,
PRWL20250416671,1 to 2 Family,Well Permits,New Construction,,,,Not Identified,,missing,missing,missing,,,0,,not_applicable,knn,
PRWL20250416697,1 to 2 Family,Well Permits,New Construction,,,,Not Identified,,missing,missing,missing,,,0,,not_applicable,knn,
PRWL20250416819,Commercial,Well Permits,New Construction,,,,Not Identified,,missing,missing,missing,,,0,,not_applicable,knn,
PRWL20250416950,1 to 2 Family,Well Permits,New Construction,,,,Not Identified,,missing,missing,missing,,,0,,not_applicable,knn,
PRWL20250416952,1 to 2 Family,Well Permits,New Construction,,,,Not Identified,,missing,missing,missing,,,0,,not_applicable,knn,
PRWL20250417003,1 to 2 Family,Well Permits,New Construction,,,,Not Identified,,missing,missing,missing,,,0,,not_applicable,knn,
PRWL20250417455,Commercial,Well Permits,Abandon,,,,Not Identified,,missing,missing,missing,,,0,,not_applicable,knn,
PRWL20250417456,Commercial,Well Permits,Abandon,,,,Not Identified,,missing,missing,missing,,,0,,not_applicable,knn,
PRWL20250417457,Commercial,Well Permits,Abandon,,,,Not Identified,,missing,missing,missing,,,0,,not_applicable,knn,
PRWL20250417458,Commercial,Well Permits,Abandon,,,,Not Identified,,missing,missing,missing,,,0,,not_applicable,knn,
PRWL20250417459,Commercial,Well Permits,Abandon,,,,Not Identified,,missing,missing,missing,,,0,,not_applicable,knn,
PRWL20250417466,1 to 2 Family,Well Permits,New Construction,,,,Not Identified,,missing,missing,missing,,,0,,not_applicable,knn,
PRWL20250417468,1 to 2 Family,Well Permits,New Construction,,,,Not Identified,,missing,missing,missing,,,0,,not_applicable,knn,
PRWL20250417541,Not Identified,Well Permits,New Construction,,,,Not Identified,,missing,missing,missing,,,0,,not_applicable,knn,
PRWL20250417547,Commercial,Well Permits,New Construction,,,,Not Identified,,missing,missing,missing,,,0,,not_applicable,knn,
PRWL20250417548,Commercial,Well Permits,Abandon,,,,Not Identified,,missing,missing,missing,,,0,,not_applicable,knn,
PRWL20250417799,1 to 2 Family,Well Permits,New Construction,,,,Not Identified,,missing,missing,missing,,,0,,not_applicable,knn,
PRWL20250417909,1 to 2 Family,Well Permits,New Construction,,,,Not Identified,,missing,missing,missing,,,0,,not_applicable,knn,
PRWL20250417911,1 to 2 Family,Well Permits,New Construction,,,,Not Identified,,missing,missing,missing,,,0,,not_applicable,knn,
PRWL20250417914,1 to 2 Family,Well Permits,New Construction,,,,Not Identified,,missing,missing,missing,,,0,,not_applicable,knn,
