row_index,target_field,algorithm,predicted_value,confidence,prediction_source,passes_threshold,candidate_status,rejection_reason,validation_record_status
6,permit_type,grouped_majority,Building Permit OTC,0.5693950177935944,group_majority,True,Accepted,,valid
8,permit_type,grouped_majority,Building Permit OTC,0.5693950177935944,group_majority,True,Accepted,,valid
11,permit_type,grouped_majority,Building Permit OTC,0.5693950177935944,group_majority,True,Accepted,,valid
17,permit_type,grouped_majority,Building Permit OTC,0.5693950177935944,group_majority,True,Accepted,,valid
20,permit_type,grouped_majority,Building Permit OTC,0.5693950177935944,group_majority,True,Accepted,,valid
22,permit_type,grouped_majority,Building Permit OTC,0.9090909090909091,group_majority,True,Accepted,,valid
23,permit_type,grouped_majority,Building Permit OTC,0.5693950177935944,group_majority,True,Accepted,,valid
24,permit_type,grouped_majority,Building Permit OTC,0.5693950177935944,group_majority,True,Accepted,,valid
26,permit_type,grouped_majority,Building Permit OTC,0.9090909090909091,group_majority,True,Accepted,,valid
28,permit_type,grouped_majority,Building Permit OTC,0.5693950177935944,group_majority,True,Accepted,,valid
29,permit_type,grouped_majority,Building Permit OTC,0.5693950177935944,group_majority,True,Accepted,,valid
31,permit_type,grouped_majority,Building Permit OTC,0.5693950177935944,group_majority,True,Accepted,,valid
33,permit_type,grouped_majority,Building Permit OTC,0.5693950177935944,group_majority,True,Accepted,,valid
34,permit_type,grouped_majority,Building Permit OTC,0.5693950177935944,group_majority,True,Accepted,,valid
38,permit_type,grouped_majority,Building Permit OTC,0.9090909090909091,group_majority,True,Accepted,,valid
42,permit_type,grouped_majority,Electrical OTC,0.9866666666666667,group_majority,True,Accepted,,valid
44,permit_type,grouped_majority,Electrical OTC,0.9565217391304348,group_majority,True,Accepted,,valid
52,permit_type,grouped_majority,Electrical OTC,0.9866666666666667,group_majority,True,Accepted,,valid
54,permit_type,grouped_majority,Electrical OTC,0.9866666666666667,group_majority,True,Accepted,,valid
56,permit_type,grouped_majority,Electrical OTC,0.9866666666666667,group_majority,True,Accepted,,valid
58,permit_type,grouped_majority,Electrical OTC,0.9866666666666667,group_majority,True,Accepted,,valid
67,permit_type,grouped_majority,Electrical OTC,0.9866666666666667,group_majority,True,Accepted,,valid
71,permit_type,grouped_majority,Mechanical OTC,1.0,group_majority,True,Accepted,,valid
72,permit_type,grouped_majority,Mechanical OTC,0.9900990099009901,group_majority,True,Accepted,,valid
73,permit_type,grouped_majority,Mechanical OTC,0.9900990099009901,group_majority,True,Accepted,,valid
74,permit_type,grouped_majority,Mechanical OTC,0.9900990099009901,group_majority,True,Accepted,,valid
75,permit_type,grouped_majority,Mechanical OTC,0.9900990099009901,group_majority,True,Accepted,,valid
78,permit_type,grouped_majority,Mechanical OTC,0.9900990099009901,group_majority,True,Accepted,,valid
81,permit_type,grouped_majority,Mechanical OTC,0.9900990099009901,group_majority,True,Accepted,,valid
82,permit_type,grouped_majority,Plumbing OTC,0.9883720930232558,group_majority,True,Accepted,,valid
86,permit_type,grouped_majority,Plumbing OTC,0.9883720930232558,group_majority,True,Accepted,,valid
88,permit_type,grouped_majority,Plumbing OTC,0.9883720930232558,group_majority,True,Accepted,,valid
89,permit_type,grouped_majority,Plumbing OTC,0.9883720930232558,group_majority,True,Accepted,,valid
90,permit_type,grouped_majority,Plumbing OTC,1.0,group_majority,True,Accepted,,valid
91,permit_type,grouped_majority,Plumbing OTC,1.0,group_majority,True,Accepted,,valid
100,permit_type,grouped_majority,Plumbing OTC,0.9883720930232558,group_majority,True,Accepted,,valid
101,permit_type,grouped_majority,Plumbing OTC,0.9883720930232558,group_majority,True,Accepted,,valid
105,permit_type,grouped_majority,Residential Building Report,0.9908256880733946,group_majority,True,Accepted,,valid
107,permit_type,grouped_majority,Residential Building Report,0.9908256880733946,group_majority,True,Accepted,,valid
111,permit_type,grouped_majority,Residential Building Report,0.9908256880733946,group_majority,True,Accepted,,valid
112,permit_type,grouped_majority,Residential Building Report,0.9908256880733946,group_majority,True,Accepted,,valid
116,permit_type,grouped_majority,Residential Building Report,0.9908256880733946,group_majority,True,Accepted,,valid
120,permit_type,grouped_majority,Building Permit OTC,0.5693950177935944,group_majority,True,Accepted,,valid
122,permit_type,grouped_majority,Building Permit OTC,0.5693950177935944,group_majority,True,Accepted,,valid
123,permit_type,grouped_majority,Building Permit OTC,0.5693950177935944,group_majority,True,Accepted,,valid
128,permit_type,grouped_majority,Building Permit OTC,0.9090909090909091,group_majority,True,Accepted,,valid
131,permit_type,grouped_majority,Building Permit OTC,0.5693950177935944,group_majority,True,Accepted,,valid
132,permit_type,grouped_majority,Building Permit OTC,0.5693950177935944,group_majority,True,Accepted,,valid
134,permit_type,grouped_majority,Building Permit OTC,0.5693950177935944,group_majority,True,Accepted,,valid
135,permit_type,grouped_majority,Building Permit OTC,0.5693950177935944,group_majority,True,Accepted,,valid
137,permit_type,grouped_majority,Building Permit OTC,0.5693950177935944,group_majority,True,Accepted,,valid
140,permit_type,grouped_majority,Building Permit OTC,0.5693950177935944,group_majority,True,Accepted,,valid
141,permit_type,grouped_majority,Building Permit OTC,0.5693950177935944,group_majority,True,Accepted,,valid
142,permit_type,grouped_majority,Building Permit OTC,0.9090909090909091,group_majority,True,Accepted,,valid
145,permit_type,grouped_majority,Building Permit OTC,0.5693950177935944,group_majority,True,Accepted,,valid
148,permit_type,grouped_majority,Building Permit OTC,0.5693950177935944,group_majority,True,Accepted,,valid
150,permit_type,grouped_majority,Building Permit OTC,0.5693950177935944,group_majority,True,Accepted,,valid
152,permit_type,grouped_majority,Building Permit OTC,0.5693950177935944,group_majority,True,Accepted,,valid
153,permit_type,grouped_majority,Building Permit OTC,0.9090909090909091,group_majority,True,Accepted,,valid
155,permit_type,grouped_majority,Building Permit OTC,0.5693950177935944,group_majority,True,Accepted,,valid
156,permit_type,grouped_majority,Building Permit OTC,0.5693950177935944,group_majority,True,Accepted,,valid
157,permit_type,grouped_majority,Building Permit OTC,0.5693950177935944,group_majority,True,Accepted,,valid
160,permit_type,grouped_majority,Building Permit OTC,0.5693950177935944,group_majority,True,Accepted,,valid
162,permit_type,grouped_majority,Building Permit OTC,0.5693950177935944,group_majority,True,Accepted,,valid
164,permit_type,grouped_majority,Building Permit OTC,0.5693950177935944,group_majority,True,Accepted,,valid
165,permit_type,grouped_majority,Building Permit OTC,0.5693950177935944,group_majority,True,Accepted,,valid
166,permit_type,grouped_majority,Building Permit OTC,0.5693950177935944,group_majority,True,Accepted,,valid
167,permit_type,grouped_majority,Building Permit OTC,0.5693950177935944,group_majority,True,Accepted,,valid
169,permit_type,grouped_majority,Electrical OTC,0.9866666666666667,group_majority,True,Accepted,,valid
176,permit_type,grouped_majority,Electrical OTC,0.9866666666666667,group_majority,True,Accepted,,valid
178,permit_type,grouped_majority,Electrical OTC,0.9866666666666667,group_majority,True,Accepted,,valid
179,permit_type,grouped_majority,Electrical OTC,0.9866666666666667,group_majority,True,Accepted,,valid
184,permit_type,grouped_majority,Electrical OTC,0.9866666666666667,group_majority,True,Accepted,,valid
185,permit_type,grouped_majority,Electrical OTC,0.9866666666666667,group_majority,True,Accepted,,valid
189,permit_type,grouped_majority,Electrical OTC,0.9866666666666667,group_majority,True,Accepted,,valid
192,permit_type,grouped_majority,Electrical OTC,0.9866666666666667,group_majority,True,Accepted,,valid
193,permit_type,grouped_majority,Electrical OTC,0.9866666666666667,group_majority,True,Accepted,,valid
196,permit_type,grouped_majority,Mechanical OTC,0.9900990099009901,group_majority,True,Accepted,,valid
201,permit_type,grouped_majority,Mechanical OTC,0.9900990099009901,group_majority,True,Accepted,,valid
203,permit_type,grouped_majority,Mechanical OTC,0.9900990099009901,group_majority,True,Accepted,,valid
206,permit_type,grouped_majority,Mechanical OTC,0.9900990099009901,group_majority,True,Accepted,,valid
208,permit_type,grouped_majority,Mechanical OTC,0.9900990099009901,group_majority,True,Accepted,,valid
210,permit_type,grouped_majority,Plumbing OTC,0.9883720930232558,group_majority,True,Accepted,,valid
211,permit_type,grouped_majority,Plumbing OTC,0.9883720930232558,group_majority,True,Accepted,,valid
213,permit_type,grouped_majority,Plumbing OTC,0.9883720930232558,group_majority,True,Accepted,,valid
214,permit_type,grouped_majority,Plumbing OTC,0.9883720930232558,group_majority,True,Accepted,,valid
217,permit_type,grouped_majority,Plumbing OTC,0.9883720930232558,group_majority,True,Accepted,,valid
219,permit_type,grouped_majority,Plumbing OTC,1.0,group_majority,True,Accepted,,valid
223,permit_type,grouped_majority,Plumbing OTC,0.9883720930232558,group_majority,True,Accepted,,valid
226,permit_type,grouped_majority,Residential Building Report,0.9908256880733946,group_majority,True,Accepted,,valid
230,permit_type,grouped_majority,Residential Building Report,0.9908256880733946,group_majority,True,Accepted,,valid
233,permit_type,grouped_majority,Residential Building Report,0.9908256880733946,group_majority,True,Accepted,,valid
234,permit_type,grouped_majority,Residential Building Report,0.9908256880733946,group_majority,True,Accepted,,valid
237,permit_type,grouped_majority,Residential Building Report,0.9908256880733946,group_majority,True,Accepted,,valid
238,permit_type,grouped_majority,Residential Building Report,0.9908256880733946,group_majority,True,Accepted,,valid
239,permit_type,grouped_majority,Residential Building Report,0.9908256880733946,group_majority,True,Accepted,,valid
240,permit_type,grouped_majority,Residential Building Report,0.9908256880733946,group_majority,True,Accepted,,valid
248,permit_type,grouped_majority,Building Permit OTC,0.5693950177935944,group_majority,True,Accepted,,valid
258,permit_type,grouped_majority,Building Permit OTC,0.5693950177935944,group_majority,True,Accepted,,valid
263,permit_type,grouped_majority,Building Permit OTC,0.5693950177935944,group_majority,True,Accepted,,valid
264,permit_type,grouped_majority,Building Permit OTC,0.5693950177935944,group_majority,True,Accepted,,valid
265,permit_type,grouped_majority,Building Permit OTC,0.5693950177935944,group_majority,True,Accepted,,valid
266,permit_type,grouped_majority,Building Permit OTC,0.5693950177935944,group_majority,True,Accepted,,valid
269,permit_type,grouped_majority,Building Permit OTC,0.5693950177935944,group_majority,True,Accepted,,valid
271,permit_type,grouped_majority,Building Permit OTC,0.5693950177935944,group_majority,True,Accepted,,valid
272,permit_type,grouped_majority,Building Permit OTC,0.5693950177935944,group_majority,True,Accepted,,valid
273,permit_type,grouped_majority,Building Permit OTC,0.5693950177935944,group_majority,True,Accepted,,valid
276,permit_type,grouped_majority,Building Permit OTC,0.5693950177935944,group_majority,True,Accepted,,valid
282,permit_type,grouped_majority,Building Permit OTC,0.5693950177935944,group_majority,True,Accepted,,valid
283,permit_type,grouped_majority,Building Permit OTC,0.9090909090909091,group_majority,True,Accepted,,valid
285,permit_type,grouped_majority,Building Permit OTC,0.5693950177935944,group_majority,True,Accepted,,valid
288,permit_type,grouped_majority,Building Permit OTC,0.5693950177935944,group_majority,True,Accepted,,valid
290,permit_type,grouped_majority,Building Permit OTC,0.5693950177935944,group_majority,True,Accepted,,valid
296,permit_type,grouped_majority,Building Permit OTC,0.9090909090909091,group_majority,True,Accepted,,valid
298,permit_type,grouped_majority,Building Permit OTC,0.5693950177935944,group_majority,True,Accepted,,valid
303,permit_type,grouped_majority,Building Permit OTC,0.5693950177935944,group_majority,True,Accepted,,valid
304,permit_type,grouped_majority,Building Permit OTC,0.5693950177935944,group_majority,True,Accepted,,valid
306,permit_type,grouped_majority,Building Permit OTC,0.5693950177935944,group_majority,True,Accepted,,valid
312,permit_type,grouped_majority,Electrical OTC,0.9866666666666667,group_majority,True,Accepted,,valid
314,permit_type,grouped_majority,Electrical OTC,0.9866666666666667,group_majority,True,Accepted,,valid
317,permit_type,grouped_majority,Electrical OTC,0.9565217391304348,group_majority,True,Accepted,,valid
318,permit_type,grouped_majority,Electrical OTC,0.9866666666666667,group_majority,True,Accepted,,valid
320,permit_type,grouped_majority,Electrical OTC,0.9866666666666667,group_majority,True,Accepted,,valid
321,permit_type,grouped_majority,Electrical OTC,0.9866666666666667,group_majority,True,Accepted,,valid
323,permit_type,grouped_majority,Electrical OTC,0.9866666666666667,group_majority,True,Accepted,,valid
324,permit_type,grouped_majority,Electrical OTC,0.9866666666666667,group_majority,True,Accepted,,valid
326,permit_type,grouped_majority,Electrical OTC,0.9866666666666667,group_majority,True,Accepted,,valid
328,permit_type,grouped_majority,Electrical OTC,0.9866666666666667,group_majority,True,Accepted,,valid
329,permit_type,grouped_majority,Electrical OTC,0.9866666666666667,group_majority,True,Accepted,,valid
330,permit_type,grouped_majority,Electrical OTC,0.9866666666666667,group_majority,True,Accepted,,valid
333,permit_type,grouped_majority,Electrical OTC,0.9866666666666667,group_majority,True,Accepted,,valid
338,permit_type,grouped_majority,Electrical OTC,0.9866666666666667,group_majority,True,Accepted,,valid
340,permit_type,grouped_majority,Mechanical OTC,0.9900990099009901,group_majority,True,Accepted,,valid
341,permit_type,grouped_majority,Mechanical OTC,0.9900990099009901,group_majority,True,Accepted,,valid
344,permit_type,grouped_majority,Mechanical OTC,0.9900990099009901,group_majority,True,Accepted,,valid
345,permit_type,grouped_majority,Mechanical OTC,0.9900990099009901,group_majority,True,Accepted,,valid
348,permit_type,grouped_majority,Mechanical OTC,0.9900990099009901,group_majority,True,Accepted,,valid
350,permit_type,grouped_majority,Mechanical OTC,0.9900990099009901,group_majority,True,Accepted,,valid
354,permit_type,grouped_majority,Mechanical OTC,0.9900990099009901,group_majority,True,Accepted,,valid
356,permit_type,grouped_majority,Mechanical OTC,0.9900990099009901,group_majority,True,Accepted,,valid
357,permit_type,grouped_majority,Mechanical OTC,0.9900990099009901,group_majority,True,Accepted,,valid
361,permit_type,grouped_majority,Mechanical OTC,0.9900990099009901,group_majority,True,Accepted,,valid
363,permit_type,grouped_majority,Plumbing OTC,0.9883720930232558,group_majority,True,Accepted,,valid
365,permit_type,grouped_majority,Plumbing OTC,0.9883720930232558,group_majority,True,Accepted,,valid
366,permit_type,grouped_majority,Plumbing OTC,0.9883720930232558,group_majority,True,Accepted,,valid
367,permit_type,grouped_majority,Plumbing OTC,0.9883720930232558,group_majority,True,Accepted,,valid
369,permit_type,grouped_majority,Plumbing OTC,0.9883720930232558,group_majority,True,Accepted,,valid
373,permit_type,grouped_majority,Plumbing OTC,0.9883720930232558,group_majority,True,Accepted,,valid
374,permit_type,grouped_majority,Plumbing OTC,0.9883720930232558,group_majority,True,Accepted,,valid
375,permit_type,grouped_majority,Plumbing OTC,0.9883720930232558,group_majority,True,Accepted,,valid
376,permit_type,grouped_majority,Plumbing OTC,0.9883720930232558,group_majority,True,Accepted,,valid
377,permit_type,grouped_majority,Plumbing OTC,0.9883720930232558,group_majority,True,Accepted,,valid
378,permit_type,grouped_majority,Plumbing OTC,0.9883720930232558,group_majority,True,Accepted,,valid
379,permit_type,grouped_majority,Plumbing OTC,1.0,group_majority,True,Accepted,,valid
381,permit_type,grouped_majority,Plumbing OTC,0.9883720930232558,group_majority,True,Accepted,,valid
383,permit_type,grouped_majority,Plumbing OTC,0.9883720930232558,group_majority,True,Accepted,,valid
384,permit_type,grouped_majority,Plumbing OTC,0.9883720930232558,group_majority,True,Accepted,,valid
385,permit_type,grouped_majority,Plumbing OTC,0.9883720930232558,group_majority,True,Accepted,,valid
386,permit_type,grouped_majority,Plumbing OTC,0.9883720930232558,group_majority,True,Accepted,,valid
391,permit_type,grouped_majority,Plumbing OTC,0.9883720930232558,group_majority,True,Accepted,,valid
393,permit_type,grouped_majority,Residential Building Report,0.9908256880733946,group_majority,True,Accepted,,valid
394,permit_type,grouped_majority,Residential Building Report,0.9908256880733946,group_majority,True,Accepted,,valid
396,permit_type,grouped_majority,Residential Building Report,0.9908256880733946,group_majority,True,Accepted,,valid
397,permit_type,grouped_majority,Residential Building Report,0.9908256880733946,group_majority,True,Accepted,,valid
399,permit_type,grouped_majority,Residential Building Report,0.9908256880733946,group_majority,True,Accepted,,valid
402,permit_type,grouped_majority,Residential Building Report,0.9908256880733946,group_majority,True,Accepted,,valid
407,permit_type,grouped_majority,Residential Building Report,0.9908256880733946,group_majority,True,Accepted,,valid
411,permit_type,grouped_majority,Residential Building Report,0.9908256880733946,group_majority,True,Accepted,,valid
413,permit_type,grouped_majority,Residential Building Report,0.9908256880733946,group_majority,True,Accepted,,valid
417,permit_type,grouped_majority,Residential Building Report,0.9908256880733946,group_majority,True,Accepted,,valid
419,permit_type,grouped_majority,Residential Building Report,0.9908256880733946,group_majority,True,Accepted,,valid
420,permit_type,grouped_majority,Residential Building Report,0.9908256880733946,group_majority,True,Accepted,,valid
423,permit_type,grouped_majority,Residential Building Report,0.9908256880733946,group_majority,True,Accepted,,valid
426,permit_type,grouped_majority,Building Permit OTC,0.5693950177935944,group_majority,True,Accepted,,valid
427,permit_type,grouped_majority,Building Permit OTC,0.5693950177935944,group_majority,True,Accepted,,valid
428,permit_type,grouped_majority,Building Permit OTC,0.5693950177935944,group_majority,True,Accepted,,valid
429,permit_type,grouped_majority,Building Permit OTC,0.5693950177935944,group_majority,True,Accepted,,valid
435,permit_type,grouped_majority,Building Permit OTC,0.5693950177935944,group_majority,True,Accepted,,valid
436,permit_type,grouped_majority,Building Permit OTC,0.5693950177935944,group_majority,True,Accepted,,valid
437,permit_type,grouped_majority,Building Permit OTC,0.5693950177935944,group_majority,True,Accepted,,valid
438,permit_type,grouped_majority,Building Permit OTC,0.5693950177935944,group_majority,True,Accepted,,valid
444,permit_type,grouped_majority,Building Permit OTC,0.9090909090909091,group_majority,True,Accepted,,valid
445,permit_type,grouped_majority,Building Permit OTC,0.9090909090909091,group_majority,True,Accepted,,valid
446,permit_type,grouped_majority,Building Permit OTC,0.9090909090909091,group_majority,True,Accepted,,valid
448,permit_type,grouped_majority,Building Permit OTC,0.5693950177935944,group_majority,True,Accepted,,valid
455,permit_type,grouped_majority,Building Permit OTC,0.5693950177935944,group_majority,True,Accepted,,valid
457,permit_type,grouped_majority,Building Permit OTC,0.9090909090909091,group_majority,True,Accepted,,valid
460,permit_type,grouped_majority,Building Permit OTC,0.5693950177935944,group_majority,True,Accepted,,valid
463,permit_type,grouped_majority,Building Permit OTC,0.5693950177935944,group_majority,True,Accepted,,valid
464,permit_type,grouped_majority,Building Permit OTC,0.5693950177935944,group_majority,True,Accepted,,valid
468,permit_type,grouped_majority,Electrical OTC,0.9866666666666667,group_majority,True,Accepted,,valid
472,permit_type,grouped_majority,Electrical OTC,0.9866666666666667,group_majority,True,Accepted,,valid
473,permit_type,grouped_majority,Electrical OTC,0.9565217391304348,group_majority,True,Accepted,,valid
474,permit_type,grouped_majority,Electrical OTC,0.9866666666666667,group_majority,True,Accepted,,valid
479,permit_type,grouped_majority,Electrical OTC,0.9866666666666667,group_majority,True,Accepted,,valid
485,permit_type,grouped_majority,Electrical OTC,0.9866666666666667,group_majority,True,Accepted,,valid
486,permit_type,grouped_majority,Electrical OTC,0.9866666666666667,group_majority,True,Accepted,,valid
487,permit_type,grouped_majority,Electrical OTC,0.9866666666666667,group_majority,True,Accepted,,valid
489,permit_type,grouped_majority,Electrical OTC,0.9866666666666667,group_majority,True,Accepted,,valid
490,permit_type,grouped_majority,Electrical OTC,0.9866666666666667,group_majority,True,Accepted,,valid
493,permit_type,grouped_majority,Mechanical OTC,0.9900990099009901,group_majority,True,Accepted,,valid
494,permit_type,grouped_majority,Mechanical OTC,0.9900990099009901,group_majority,True,Accepted,,valid
498,permit_type,grouped_majority,Mechanical OTC,0.9900990099009901,group_majority,True,Accepted,,valid
500,permit_type,grouped_majority,Mechanical OTC,0.9900990099009901,group_majority,True,Accepted,,valid
501,permit_type,grouped_majority,Mechanical OTC,0.9900990099009901,group_majority,True,Accepted,,valid
506,permit_type,grouped_majority,Plumbing OTC,0.9883720930232558,group_majority,True,Accepted,,valid
507,permit_type,grouped_majority,Plumbing OTC,0.9883720930232558,group_majority,True,Accepted,,valid
510,permit_type,grouped_majority,Plumbing OTC,0.9883720930232558,group_majority,True,Accepted,,valid
512,permit_type,grouped_majority,Plumbing OTC,0.9883720930232558,group_majority,True,Accepted,,valid
518,permit_type,grouped_majority,Plumbing OTC,0.9883720930232558,group_majority,True,Accepted,,valid
519,permit_type,grouped_majority,Plumbing OTC,0.9883720930232558,group_majority,True,Accepted,,valid
525,permit_type,grouped_majority,Residential Building Report,0.9908256880733946,group_majority,True,Accepted,,valid
527,permit_type,grouped_majority,Residential Building Report,0.9908256880733946,group_majority,True,Accepted,,valid
528,permit_type,grouped_majority,Residential Building Report,0.9908256880733946,group_majority,True,Accepted,,valid
529,permit_type,grouped_majority,Residential Building Report,0.9908256880733946,group_majority,True,Accepted,,valid
531,permit_type,grouped_majority,Residential Building Report,0.9908256880733946,group_majority,True,Accepted,,valid
532,permit_type,grouped_majority,Residential Building Report,0.9908256880733946,group_majority,True,Accepted,,valid
533,permit_type,grouped_majority,Residential Building Report,0.9908256880733946,group_majority,True,Accepted,,valid
534,permit_type,grouped_majority,Residential Building Report,0.9908256880733946,group_majority,True,Accepted,,valid
536,permit_type,grouped_majority,Residential Building Report,0.9908256880733946,group_majority,True,Accepted,,valid
537,permit_type,grouped_majority,Residential Building Report,0.9908256880733946,group_majority,True,Accepted,,valid
538,permit_type,grouped_majority,Residential Building Report,0.9908256880733946,group_majority,True,Accepted,,valid
541,permit_type,grouped_majority,Building Permit OTC,0.5693950177935944,group_majority,True,Accepted,,valid
542,permit_type,grouped_majority,Residential Building Report,0.9908256880733946,group_majority,True,Accepted,,valid
543,permit_type,grouped_majority,Building - Full Plan Check,1.0,group_majority,True,Accepted,,valid
544,permit_type,grouped_majority,Building Permit OTC,0.5693950177935944,group_majority,True,Accepted,,valid
545,permit_type,grouped_majority,Building Permit OTC,0.5693950177935944,group_majority,True,Accepted,,valid
557,permit_type,grouped_majority,Building Permit OTC,0.5693950177935944,group_majority,True,Accepted,,valid
558,permit_type,grouped_majority,Building Permit OTC,0.5693950177935944,group_majority,True,Accepted,,valid
562,permit_type,grouped_majority,Building Permit OTC,0.9090909090909091,group_majority,True,Accepted,,valid
569,permit_type,grouped_majority,Building Permit OTC,0.5693950177935944,group_majority,True,Accepted,,valid
573,permit_type,grouped_majority,Building Permit OTC,0.5693950177935944,group_majority,True,Accepted,,valid
576,permit_type,grouped_majority,Electrical OTC,0.9866666666666667,group_majority,True,Accepted,,valid
577,permit_type,grouped_majority,Electrical OTC,0.9866666666666667,group_majority,True,Accepted,,valid
581,permit_type,grouped_majority,Electrical OTC,0.9866666666666667,group_majority,True,Accepted,,valid
585,permit_type,grouped_majority,Electrical OTC,0.9565217391304348,group_majority,True,Accepted,,valid
589,permit_type,grouped_majority,Electrical OTC,0.9866666666666667,group_majority,True,Accepted,,valid
599,permit_type,grouped_majority,Mechanical OTC,0.9900990099009901,group_majority,True,Accepted,,valid
601,permit_type,grouped_majority,Mechanical OTC,0.9900990099009901,group_majority,True,Accepted,,valid
602,permit_type,grouped_majority,Mechanical OTC,0.9900990099009901,group_majority,True,Accepted,,valid
604,permit_type,grouped_majority,Mechanical OTC,0.9900990099009901,group_majority,True,Accepted,,valid
607,permit_type,grouped_majority,Mechanical OTC,0.9900990099009901,group_majority,True,Accepted,,valid
610,permit_type,grouped_majority,Plumbing OTC,1.0,group_majority,True,Accepted,,valid
611,permit_type,grouped_majority,Plumbing OTC,0.9883720930232558,group_majority,True,Accepted,,valid
612,permit_type,grouped_majority,Plumbing OTC,0.9883720930232558,group_majority,True,Accepted,,valid
613,permit_type,grouped_majority,Plumbing OTC,1.0,group_majority,True,Accepted,,valid
614,permit_type,grouped_majority,Plumbing OTC,0.9883720930232558,group_majority,True,Accepted,,valid
615,permit_type,grouped_majority,Plumbing OTC,0.9883720930232558,group_majority,True,Accepted,,valid
616,permit_type,grouped_majority,Plumbing OTC,0.9883720930232558,group_majority,True,Accepted,,valid
617,permit_type,grouped_majority,Plumbing OTC,0.9883720930232558,group_majority,True,Accepted,,valid
618,permit_type,grouped_majority,Plumbing OTC,0.9883720930232558,group_majority,True,Accepted,,valid
620,permit_type,grouped_majority,Plumbing OTC,0.9883720930232558,group_majority,True,Accepted,,valid
624,permit_type,grouped_majority,Residential Building Report,0.9908256880733946,group_majority,True,Accepted,,valid
626,permit_type,grouped_majority,Residential Building Report,0.9908256880733946,group_majority,True,Accepted,,valid
627,permit_type,grouped_majority,Residential Building Report,0.9908256880733946,group_majority,True,Accepted,,valid
629,permit_type,grouped_majority,Residential Building Report,0.9908256880733946,group_majority,True,Accepted,,valid
631,permit_type,grouped_majority,Residential Building Report,0.9908256880733946,group_majority,True,Accepted,,valid
633,permit_type,grouped_majority,Residential Building Report,0.9908256880733946,group_majority,True,Accepted,,valid
634,permit_type,grouped_majority,Residential Building Report,0.9908256880733946,group_majority,True,Accepted,,valid
635,permit_type,grouped_majority,Residential Building Report,0.9908256880733946,group_majority,True,Accepted,,valid
636,permit_type,grouped_majority,Residential Building Report,0.9908256880733946,group_majority,True,Accepted,,valid
637,permit_type,grouped_majority,Building Permit OTC,0.5693950177935944,group_majority,True,Accepted,,valid
638,permit_type,grouped_majority,Residential Building Report,0.9908256880733946,group_majority,True,Accepted,,valid
643,permit_type,grouped_majority,Building Permit OTC,0.5693950177935944,group_majority,True,Accepted,,valid
644,permit_type,grouped_majority,Building Permit OTC,0.5693950177935944,group_majority,True,Accepted,,valid
646,permit_type,grouped_majority,Building Permit OTC,0.5693950177935944,group_majority,True,Accepted,,valid
652,permit_type,grouped_majority,Building Permit OTC,0.5693950177935944,group_majority,True,Accepted,,valid
653,permit_type,grouped_majority,Building Permit OTC,0.5693950177935944,group_majority,True,Accepted,,valid
655,permit_type,grouped_majority,Building Permit OTC,0.5693950177935944,group_majority,True,Accepted,,valid
656,permit_type,grouped_majority,Building Permit OTC,0.9090909090909091,group_majority,True,Accepted,,valid
657,permit_type,grouped_majority,Building Permit OTC,0.5693950177935944,group_majority,True,Accepted,,valid
660,permit_type,grouped_majority,Building Permit OTC,0.5693950177935944,group_majority,True,Accepted,,valid
661,permit_type,grouped_majority,Building Permit OTC,0.5693950177935944,group_majority,True,Accepted,,valid
664,permit_type,grouped_majority,Building Permit OTC,0.9090909090909091,group_majority,True,Accepted,,valid
666,permit_type,grouped_majority,Building Permit OTC,0.5693950177935944,group_majority,True,Accepted,,valid
669,permit_type,grouped_majority,Building Permit OTC,0.5693950177935944,group_majority,True,Accepted,,valid
677,permit_type,grouped_majority,Building Permit OTC,0.5693950177935944,group_majority,True,Accepted,,valid
691,permit_type,grouped_majority,Building Permit OTC,0.5693950177935944,group_majority,True,Accepted,,valid
693,permit_type,grouped_majority,Building Permit OTC,0.9090909090909091,group_majority,True,Accepted,,valid
694,permit_type,grouped_majority,Building Permit OTC,0.5693950177935944,group_majority,True,Accepted,,valid
697,permit_type,grouped_majority,Building Permit OTC,0.5693950177935944,group_majority,True,Accepted,,valid
699,permit_type,grouped_majority,Building Permit OTC,0.5693950177935944,group_majority,True,Accepted,,valid
701,permit_type,grouped_majority,Building Permit OTC,0.5693950177935944,group_majority,True,Accepted,,valid
702,permit_type,grouped_majority,Electrical OTC,0.9866666666666667,group_majority,True,Accepted,,valid
704,permit_type,grouped_majority,Electrical OTC,0.9866666666666667,group_majority,True,Accepted,,valid
708,permit_type,grouped_majority,Electrical OTC,0.9565217391304348,group_majority,True,Accepted,,valid
709,permit_type,grouped_majority,Electrical OTC,0.9866666666666667,group_majority,True,Accepted,,valid
710,permit_type,grouped_majority,Electrical OTC,0.9866666666666667,group_majority,True,Accepted,,valid
713,permit_type,grouped_majority,Electrical OTC,0.9866666666666667,group_majority,True,Accepted,,valid
714,permit_type,grouped_majority,Electrical OTC,0.9866666666666667,group_majority,True,Accepted,,valid
716,permit_type,grouped_majority,Electrical OTC,0.9866666666666667,group_majority,True,Accepted,,valid
718,permit_type,grouped_majority,Electrical OTC,0.9866666666666667,group_majority,True,Accepted,,valid
722,permit_type,grouped_majority,Electrical OTC,0.9866666666666667,group_majority,True,Accepted,,valid
723,permit_type,grouped_majority,Electrical OTC,0.9565217391304348,group_majority,True,Accepted,,valid
725,permit_type,grouped_majority,Electrical OTC,0.9866666666666667,group_majority,True,Accepted,,valid
727,permit_type,grouped_majority,Electrical OTC,0.9866666666666667,group_majority,True,Accepted,,valid
728,permit_type,grouped_majority,Electrical OTC,0.9866666666666667,group_majority,True,Accepted,,valid
729,permit_type,grouped_majority,Electrical OTC,0.9866666666666667,group_majority,True,Accepted,,valid
733,permit_type,grouped_majority,Electrical OTC,0.9866666666666667,group_majority,True,Accepted,,valid
734,permit_type,grouped_majority,Electrical OTC,0.9866666666666667,group_majority,True,Accepted,,valid
735,permit_type,grouped_majority,Building Permit OTC,0.9090909090909091,group_majority,True,Accepted,,valid
737,permit_type,grouped_majority,Mechanical OTC,0.9900990099009901,group_majority,True,Accepted,,valid
739,permit_type,grouped_majority,Mechanical OTC,0.9900990099009901,group_majority,True,Accepted,,valid
740,permit_type,grouped_majority,Mechanical OTC,0.9900990099009901,group_majority,True,Accepted,,valid
742,permit_type,grouped_majority,Mechanical OTC,0.9900990099009901,group_majority,True,Accepted,,valid
749,permit_type,grouped_majority,Mechanical OTC,0.9900990099009901,group_majority,True,Accepted,,valid
752,permit_type,grouped_majority,Mechanical OTC,0.9900990099009901,group_majority,True,Accepted,,valid
753,permit_type,grouped_majority,Plumbing OTC,0.9883720930232558,group_majority,True,Accepted,,valid
754,permit_type,grouped_majority,Plumbing OTC,0.9883720930232558,group_majority,True,Accepted,,valid
757,permit_type,grouped_majority,Plumbing OTC,0.9883720930232558,group_majority,True,Accepted,,valid
759,permit_type,grouped_majority,Plumbing OTC,0.9883720930232558,group_majority,True,Accepted,,valid
760,permit_type,grouped_majority,Plumbing OTC,0.9883720930232558,group_majority,True,Accepted,,valid
761,permit_type,grouped_majority,Plumbing OTC,0.9883720930232558,group_majority,True,Accepted,,valid
762,permit_type,grouped_majority,Plumbing OTC,0.9883720930232558,group_majority,True,Accepted,,valid
766,permit_type,grouped_majority,Plumbing OTC,0.9883720930232558,group_majority,True,Accepted,,valid
767,permit_type,grouped_majority,Plumbing OTC,0.9883720930232558,group_majority,True,Accepted,,valid
768,permit_type,grouped_majority,Plumbing OTC,0.9883720930232558,group_majority,True,Accepted,,valid
775,permit_type,grouped_majority,Residential Building Report,0.9908256880733946,group_majority,True,Accepted,,valid
782,permit_type,grouped_majority,Residential Building Report,0.9908256880733946,group_majority,True,Accepted,,valid
784,permit_type,grouped_majority,Residential Building Report,0.9908256880733946,group_majority,True,Accepted,,valid
788,permit_type,grouped_majority,Residential Building Report,0.8,group_majority,True,Accepted,,valid
792,permit_type,grouped_majority,Building Permit OTC,0.5693950177935944,group_majority,True,Accepted,,valid
793,permit_type,grouped_majority,Building Permit OTC,0.5693950177935944,group_majority,True,Accepted,,valid
796,permit_type,grouped_majority,Building Permit OTC,0.5693950177935944,group_majority,True,Accepted,,valid
799,permit_type,grouped_majority,Building Permit OTC,0.5693950177935944,group_majority,True,Accepted,,valid
802,permit_type,grouped_majority,Building Permit OTC,0.5693950177935944,group_majority,True,Accepted,,valid
803,permit_type,grouped_majority,Building Permit OTC,0.5693950177935944,group_majority,True,Accepted,,valid
808,permit_type,grouped_majority,Building Permit OTC,0.5693950177935944,group_majority,True,Accepted,,valid
810,permit_type,grouped_majority,Building Permit OTC,0.5693950177935944,group_majority,True,Accepted,,valid
811,permit_type,grouped_majority,Building Permit OTC,0.5693950177935944,group_majority,True,Accepted,,valid
812,permit_type,grouped_majority,Building Permit OTC,0.5693950177935944,group_majority,True,Accepted,,valid
815,permit_type,grouped_majority,Building Permit OTC,0.5693950177935944,group_majority,True,Accepted,,valid
821,permit_type,grouped_majority,Building Permit OTC,0.5693950177935944,group_majority,True,Accepted,,valid
824,permit_type,grouped_majority,Building Permit OTC,0.5693950177935944,group_majority,True,Accepted,,valid
827,permit_type,grouped_majority,Building Permit OTC,0.5693950177935944,group_majority,True,Accepted,,valid
830,permit_type,grouped_majority,Building Permit OTC,0.5693950177935944,group_majority,True,Accepted,,valid
837,permit_type,grouped_majority,Electrical OTC,0.9866666666666667,group_majority,True,Accepted,,valid
839,permit_type,grouped_majority,Electrical OTC,0.9866666666666667,group_majority,True,Accepted,,valid
840,permit_type,grouped_majority,Electrical OTC,0.9866666666666667,group_majority,True,Accepted,,valid
841,permit_type,grouped_majority,Electrical OTC,0.9565217391304348,group_majority,True,Accepted,,valid
846,permit_type,grouped_majority,Electrical OTC,0.9866666666666667,group_majority,True,Accepted,,valid
847,permit_type,grouped_majority,Electrical OTC,0.9866666666666667,group_majority,True,Accepted,,valid
852,permit_type,grouped_majority,Electrical OTC,0.9565217391304348,group_majority,True,Accepted,,valid
855,permit_type,grouped_majority,Electrical OTC,0.9866666666666667,group_majority,True,Accepted,,valid
857,permit_type,grouped_majority,Electrical OTC,0.9565217391304348,group_majority,True,Accepted,,valid
859,permit_type,grouped_majority,Electrical OTC,0.9565217391304348,group_majority,True,Accepted,,valid
861,permit_type,grouped_majority,Electrical OTC,0.9866666666666667,group_majority,True,Accepted,,valid
862,permit_type,grouped_majority,Electrical OTC,0.9866666666666667,group_majority,True,Accepted,,valid
874,permit_type,grouped_majority,Plumbing OTC,0.9883720930232558,group_majority,True,Accepted,,valid
876,permit_type,grouped_majority,Plumbing OTC,0.9883720930232558,group_majority,True,Accepted,,valid
878,permit_type,grouped_majority,Plumbing OTC,0.9883720930232558,group_majority,True,Accepted,,valid
881,permit_type,grouped_majority,Plumbing OTC,0.9883720930232558,group_majority,True,Accepted,,valid
883,permit_type,grouped_majority,Plumbing OTC,0.9883720930232558,group_majority,True,Accepted,,valid
891,permit_type,grouped_majority,Residential Building Report,0.9908256880733946,group_majority,True,Accepted,,valid
892,permit_type,grouped_majority,Residential Building Report,0.9908256880733946,group_majority,True,Accepted,,valid
894,permit_type,grouped_majority,Residential Building Report,0.9908256880733946,group_majority,True,Accepted,,valid
897,permit_type,grouped_majority,Residential Building Report,0.9908256880733946,group_majority,True,Accepted,,valid
899,permit_type,grouped_majority,Residential Building Report,0.9908256880733946,group_majority,True,Accepted,,valid
901,permit_type,grouped_majority,Building Permit OTC,0.5693950177935944,group_majority,True,Accepted,,valid
904,permit_type,grouped_majority,Building Permit OTC,0.5693950177935944,group_majority,True,Accepted,,valid
905,permit_type,grouped_majority,Building Permit OTC,0.5693950177935944,group_majority,True,Accepted,,valid
908,permit_type,grouped_majority,Building Permit OTC,0.5693950177935944,group_majority,True,Accepted,,valid
918,permit_type,grouped_majority,Building Permit OTC,0.9090909090909091,group_majority,True,Accepted,,valid
925,permit_type,grouped_majority,Building Permit OTC,0.5693950177935944,group_majority,True,Accepted,,valid
926,permit_type,grouped_majority,Building Permit OTC,0.5693950177935944,group_majority,True,Accepted,,valid
927,permit_type,grouped_majority,Building Permit OTC,0.5693950177935944,group_majority,True,Accepted,,valid
928,permit_type,grouped_majority,Building Permit OTC,0.5693950177935944,group_majority,True,Accepted,,valid
934,permit_type,grouped_majority,Building Permit OTC,0.5693950177935944,group_majority,True,Accepted,,valid
938,permit_type,grouped_majority,Building Permit OTC,0.5693950177935944,group_majority,True,Accepted,,valid
939,permit_type,grouped_majority,Building Permit OTC,0.5693950177935944,group_majority,True,Accepted,,valid
940,permit_type,grouped_majority,Building Permit OTC,0.5693950177935944,group_majority,True,Accepted,,valid
944,permit_type,grouped_majority,Building Permit OTC,0.5693950177935944,group_majority,True,Accepted,,valid
949,permit_type,grouped_majority,Electrical OTC,0.9866666666666667,group_majority,True,Accepted,,valid
952,permit_type,grouped_majority,Electrical OTC,0.9866666666666667,group_majority,True,Accepted,,valid
953,permit_type,grouped_majority,Electrical OTC,0.9866666666666667,group_majority,True,Accepted,,valid
954,permit_type,grouped_majority,Electrical OTC,0.9866666666666667,group_majority,True,Accepted,,valid
957,permit_type,grouped_majority,Electrical OTC,0.9866666666666667,group_majority,True,Accepted,,valid
960,permit_type,grouped_majority,Electrical OTC,0.9866666666666667,group_majority,True,Accepted,,valid
964,permit_type,grouped_majority,Electrical OTC,0.9866666666666667,group_majority,True,Accepted,,valid
974,permit_type,grouped_majority,Mechanical OTC,0.9900990099009901,group_majority,True,Accepted,,valid
977,permit_type,grouped_majority,Mechanical OTC,0.9900990099009901,group_majority,True,Accepted,,valid
979,permit_type,grouped_majority,Mechanical OTC,0.9900990099009901,group_majority,True,Accepted,,valid
980,permit_type,grouped_majority,Mechanical OTC,0.9900990099009901,group_majority,True,Accepted,,valid
981,permit_type,grouped_majority,Mechanical OTC,0.9900990099009901,group_majority,True,Accepted,,valid
986,permit_type,grouped_majority,Mechanical OTC,0.9900990099009901,group_majority,True,Accepted,,valid
989,permit_type,grouped_majority,Plumbing OTC,0.9883720930232558,group_majority,True,Accepted,,valid
992,permit_type,grouped_majority,Plumbing OTC,0.9883720930232558,group_majority,True,Accepted,,valid
993,permit_type,grouped_majority,Plumbing OTC,0.9883720930232558,group_majority,True,Accepted,,valid
996,permit_type,grouped_majority,Plumbing OTC,0.9883720930232558,group_majority,True,Accepted,,valid
998,permit_type,grouped_majority,Plumbing OTC,0.9883720930232558,group_majority,True,Accepted,,valid
1001,permit_type,grouped_majority,Plumbing OTC,1.0,group_majority,True,Accepted,,valid
1002,permit_type,grouped_majority,Plumbing OTC,0.9883720930232558,group_majority,True,Accepted,,valid
1003,permit_type,grouped_majority,Plumbing OTC,0.9883720930232558,group_majority,True,Accepted,,valid
1004,permit_type,grouped_majority,Plumbing OTC,0.9883720930232558,group_majority,True,Accepted,,valid
1006,permit_type,grouped_majority,Plumbing OTC,0.9883720930232558,group_majority,True,Accepted,,valid
1007,permit_type,grouped_majority,Plumbing OTC,0.9883720930232558,group_majority,True,Accepted,,valid
1015,permit_type,grouped_majority,Residential Building Report,0.9908256880733946,group_majority,True,Accepted,,valid
1017,permit_type,grouped_majority,Residential Building Report,0.9908256880733946,group_majority,True,Accepted,,valid
1029,permit_type,grouped_majority,Building Permit OTC,0.5693950177935944,group_majority,True,Accepted,,valid
1034,permit_type,grouped_majority,Building Permit OTC,0.5693950177935944,group_majority,True,Accepted,,valid
1037,permit_type,grouped_majority,Building Permit OTC,0.9090909090909091,group_majority,True,Accepted,,valid
1038,permit_type,grouped_majority,Building Permit OTC,0.9090909090909091,group_majority,True,Accepted,,valid
1039,permit_type,grouped_majority,Building Permit OTC,0.9090909090909091,group_majority,True,Accepted,,valid
1047,permit_type,grouped_majority,Building Permit OTC,0.5693950177935944,group_majority,True,Accepted,,valid
1048,permit_type,grouped_majority,Building Permit OTC,0.5693950177935944,group_majority,True,Accepted,,valid
1050,permit_type,grouped_majority,Building Permit OTC,0.5693950177935944,group_majority,True,Accepted,,valid
1052,permit_type,grouped_majority,Building Permit OTC,0.5693950177935944,group_majority,True,Accepted,,valid
1054,permit_type,grouped_majority,Building Permit OTC,0.5693950177935944,group_majority,True,Accepted,,valid
1055,permit_type,grouped_majority,Building Permit OTC,0.5693950177935944,group_majority,True,Accepted,,valid
1057,permit_type,grouped_majority,Building Permit OTC,0.5693950177935944,group_majority,True,Accepted,,valid
1059,permit_type,grouped_majority,Building Permit OTC,0.5693950177935944,group_majority,True,Accepted,,valid
1061,permit_type,grouped_majority,Building Permit OTC,0.5693950177935944,group_majority,True,Accepted,,valid
1062,permit_type,grouped_majority,Building Permit OTC,0.5693950177935944,group_majority,True,Accepted,,valid
1063,permit_type,grouped_majority,Building Permit OTC,0.5693950177935944,group_majority,True,Accepted,,valid
1066,permit_type,grouped_majority,Electrical OTC,0.9565217391304348,group_majority,True,Accepted,,valid
1067,permit_type,grouped_majority,Electrical OTC,0.9866666666666667,group_majority,True,Accepted,,valid
1069,permit_type,grouped_majority,Electrical OTC,0.9866666666666667,group_majority,True,Accepted,,valid
1073,permit_type,grouped_majority,Electrical OTC,0.9866666666666667,group_majority,True,Accepted,,valid
1074,permit_type,grouped_majority,Electrical OTC,0.9565217391304348,group_majority,True,Accepted,,valid
1075,permit_type,grouped_majority,Electrical OTC,0.9565217391304348,group_majority,True,Accepted,,valid
1077,permit_type,grouped_majority,Electrical OTC,0.9866666666666667,group_majority,True,Accepted,,valid
1078,permit_type,grouped_majority,Electrical OTC,0.9866666666666667,group_majority,True,Accepted,,valid
1079,permit_type,grouped_majority,Mechanical OTC,0.9900990099009901,group_majority,True,Accepted,,valid
1081,permit_type,grouped_majority,Mechanical OTC,0.9900990099009901,group_majority,True,Accepted,,valid
1084,permit_type,grouped_majority,Mechanical OTC,1.0,group_majority,True,Accepted,,valid
1089,permit_type,grouped_majority,Plumbing OTC,0.9883720930232558,group_majority,True,Accepted,,valid
1093,permit_type,grouped_majority,Plumbing OTC,0.9883720930232558,group_majority,True,Accepted,,valid
1094,permit_type,grouped_majority,Plumbing OTC,0.9883720930232558,group_majority,True,Accepted,,valid
1098,permit_type,grouped_majority,Plumbing OTC,0.9883720930232558,group_majority,True,Accepted,,valid
1105,permit_type,grouped_majority,Residential Building Report,0.9908256880733946,group_majority,True,Accepted,,valid
1108,permit_type,grouped_majority,Residential Building Report,0.9908256880733946,group_majority,True,Accepted,,valid
1111,permit_type,grouped_majority,Residential Building Report,0.9908256880733946,group_majority,True,Accepted,,valid
1114,permit_type,grouped_majority,Building Permit OTC,0.5693950177935944,group_majority,True,Accepted,,valid
1116,permit_type,grouped_majority,Building Permit OTC,0.5693950177935944,group_majority,True,Accepted,,valid
1119,permit_type,grouped_majority,Building Permit OTC,0.5693950177935944,group_majority,True,Accepted,,valid
1120,permit_type,grouped_majority,Building Permit OTC,0.5693950177935944,group_majority,True,Accepted,,valid
1126,permit_type,grouped_majority,Building Permit OTC,0.9090909090909091,group_majority,True,Accepted,,valid
1133,permit_type,grouped_majority,Building Permit OTC,0.5693950177935944,group_majority,True,Accepted,,valid
1134,permit_type,grouped_majority,Building Permit OTC,0.9090909090909091,group_majority,True,Accepted,,valid
1136,permit_type,grouped_majority,Building Permit OTC,0.9090909090909091,group_majority,True,Accepted,,valid
1138,permit_type,grouped_majority,Building Permit OTC,0.5693950177935944,group_majority,True,Accepted,,valid
1139,permit_type,grouped_majority,Building Permit OTC,0.9090909090909091,group_majority,True,Accepted,,valid
1140,permit_type,grouped_majority,Building Permit OTC,0.5693950177935944,group_majority,True,Accepted,,valid
1141,permit_type,grouped_majority,Building Permit OTC,0.5693950177935944,group_majority,True,Accepted,,valid
1144,permit_type,grouped_majority,Building Permit OTC,0.9090909090909091,group_majority,True,Accepted,,valid
1146,permit_type,grouped_majority,Building Permit OTC,0.9090909090909091,group_majority,True,Accepted,,valid
1148,permit_type,grouped_majority,Building Permit OTC,0.5693950177935944,group_majority,True,Accepted,,valid
1150,permit_type,grouped_majority,Building Permit OTC,0.9090909090909091,group_majority,True,Accepted,,valid
1151,permit_type,grouped_majority,Building Permit OTC,0.5693950177935944,group_majority,True,Accepted,,valid
1152,permit_type,grouped_majority,Building Permit OTC,0.9090909090909091,group_majority,True,Accepted,,valid
1153,permit_type,grouped_majority,Building Permit OTC,0.5693950177935944,group_majority,True,Accepted,,valid
1156,permit_type,grouped_majority,Building Permit OTC,0.6097560975609756,group_majority,True,Accepted,,valid
1160,permit_type,grouped_majority,Building Permit OTC,0.9090909090909091,group_majority,True,Accepted,,valid
1162,permit_type,grouped_majority,Building Permit OTC,0.5693950177935944,group_majority,True,Accepted,,valid
1163,permit_type,grouped_majority,Building Permit OTC,0.5693950177935944,group_majority,True,Accepted,,valid
1166,permit_type,grouped_majority,Electrical OTC,0.9866666666666667,group_majority,True,Accepted,,valid
1167,permit_type,grouped_majority,Electrical OTC,0.9565217391304348,group_majority,True,Accepted,,valid
1168,permit_type,grouped_majority,Electrical OTC,0.9866666666666667,group_majority,True,Accepted,,valid
1169,permit_type,grouped_majority,Electrical OTC,0.9866666666666667,group_majority,True,Accepted,,valid
1170,permit_type,grouped_majority,Electrical OTC,0.9866666666666667,group_majority,True,Accepted,,valid
1176,permit_type,grouped_majority,Electrical OTC,0.9866666666666667,group_majority,True,Accepted,,valid
1178,permit_type,grouped_majority,Electrical OTC,0.9866666666666667,group_majority,True,Accepted,,valid
1182,permit_type,grouped_majority,Electrical OTC,0.9565217391304348,group_majority,True,Accepted,,valid
1185,permit_type,grouped_majority,Electrical OTC,0.9866666666666667,group_majority,True,Accepted,,valid
1189,permit_type,grouped_majority,Mechanical OTC,0.9900990099009901,group_majority,True,Accepted,,valid
1190,permit_type,grouped_majority,Mechanical OTC,0.9900990099009901,group_majority,True,Accepted,,valid
1199,permit_type,grouped_majority,Plumbing OTC,0.9883720930232558,group_majority,True,Accepted,,valid
1200,permit_type,grouped_majority,Plumbing OTC,0.9883720930232558,group_majority,True,Accepted,,valid
1201,permit_type,grouped_majority,Plumbing OTC,1.0,group_majority,True,Accepted,,valid
1203,permit_type,grouped_majority,Plumbing OTC,1.0,group_majority,True,Accepted,,valid
1204,permit_type,grouped_majority,Plumbing OTC,0.9883720930232558,group_majority,True,Accepted,,valid
1205,permit_type,grouped_majority,Plumbing OTC,0.9883720930232558,group_majority,True,Accepted,,valid
1209,permit_type,grouped_majority,Residential Building Report,0.9908256880733946,group_majority,True,Accepted,,valid
1211,permit_type,grouped_majority,Residential Building Report,0.9908256880733946,group_majority,True,Accepted,,valid
1213,permit_type,grouped_majority,Residential Building Report,0.9908256880733946,group_majority,True,Accepted,,valid
1215,permit_type,grouped_majority,Residential Building Report,0.9908256880733946,group_majority,True,Accepted,,valid
1216,permit_type,grouped_majority,Building Permit OTC,0.6097560975609756,group_majority,True,Accepted,,valid
1218,permit_type,grouped_majority,Building Permit OTC,0.5693950177935944,group_majority,True,Accepted,,valid
1219,permit_type,grouped_majority,Building Permit OTC,0.5693950177935944,group_majority,True,Accepted,,valid
1220,permit_type,grouped_majority,Building Permit OTC,0.5693950177935944,group_majority,True,Accepted,,valid
1221,permit_type,grouped_majority,Building Permit OTC,0.5693950177935944,group_majority,True,Accepted,,valid
1222,permit_type,grouped_majority,Building Permit OTC,0.5693950177935944,group_majority,True,Accepted,,valid
1223,permit_type,grouped_majority,Building Permit OTC,0.5693950177935944,group_majority,True,Accepted,,valid
1226,permit_type,grouped_majority,Building Permit OTC,0.5693950177935944,group_majority,True,Accepted,,valid
1227,permit_type,grouped_majority,Building Permit OTC,0.5693950177935944,group_majority,True,Accepted,,valid
1231,permit_type,grouped_majority,Building Permit OTC,0.5693950177935944,group_majority,True,Accepted,,valid
1233,permit_type,grouped_majority,Building Permit OTC,0.5693950177935944,group_majority,True,Accepted,,valid
1234,permit_type,grouped_majority,Building Permit OTC,0.5693950177935944,group_majority,True,Accepted,,valid
1238,permit_type,grouped_majority,Building Permit OTC,0.5693950177935944,group_majority,True,Accepted,,valid
1242,permit_type,grouped_majority,Building Permit OTC,0.9090909090909091,group_majority,True,Accepted,,valid
1243,permit_type,grouped_majority,Building Permit OTC,0.5693950177935944,group_majority,True,Accepted,,valid
1244,permit_type,grouped_majority,Building Permit OTC,0.9090909090909091,group_majority,True,Accepted,,valid
1247,permit_type,grouped_majority,Building Permit OTC,0.5693950177935944,group_majority,True,Accepted,,valid
1249,permit_type,grouped_majority,Building Permit OTC,0.5693950177935944,group_majority,True,Accepted,,valid
1250,permit_type,grouped_majority,Building Permit OTC,0.5693950177935944,group_majority,True,Accepted,,valid
1253,permit_type,grouped_majority,Building Permit OTC,0.5693950177935944,group_majority,True,Accepted,,valid
1254,permit_type,grouped_majority,Building Permit OTC,0.5693950177935944,group_majority,True,Accepted,,valid
1255,permit_type,grouped_majority,Building Permit OTC,0.9090909090909091,group_majority,True,Accepted,,valid
1257,permit_type,grouped_majority,Building Permit OTC,0.5693950177935944,group_majority,True,Accepted,,valid
1263,permit_type,grouped_majority,Building Permit OTC,0.5693950177935944,group_majority,True,Accepted,,valid
1268,permit_type,grouped_majority,Building Permit OTC,0.5693950177935944,group_majority,True,Accepted,,valid
1269,permit_type,grouped_majority,Building Permit OTC,0.5693950177935944,group_majority,True,Accepted,,valid
1271,permit_type,grouped_majority,Building Permit OTC,0.5693950177935944,group_majority,True,Accepted,,valid
1273,permit_type,grouped_majority,Electrical OTC,0.9866666666666667,group_majority,True,Accepted,,valid
1275,permit_type,grouped_majority,Electrical OTC,0.9866666666666667,group_majority,True,Accepted,,valid
1276,permit_type,grouped_majority,Electrical OTC,0.9866666666666667,group_majority,True,Accepted,,valid
1279,permit_type,grouped_majority,Electrical OTC,0.9866666666666667,group_majority,True,Accepted,,valid
1280,permit_type,grouped_majority,Electrical OTC,0.9866666666666667,group_majority,True,Accepted,,valid
1283,permit_type,grouped_majority,Electrical OTC,0.9565217391304348,group_majority,True,Accepted,,valid
1289,permit_type,grouped_majority,Electrical OTC,0.9866666666666667,group_majority,True,Accepted,,valid
1291,permit_type,grouped_majority,Electrical OTC,0.9866666666666667,group_majority,True,Accepted,,valid
1293,permit_type,grouped_majority,Electrical OTC,0.9565217391304348,group_majority,True,Accepted,,valid
1294,permit_type,grouped_majority,Electrical OTC,0.9565217391304348,group_majority,True,Accepted,,valid
1296,permit_type,grouped_majority,Electrical OTC,0.9565217391304348,group_majority,True,Accepted,,valid
1301,permit_type,grouped_majority,Electrical OTC,0.9866666666666667,group_majority,True,Accepted,,valid
1302,permit_type,grouped_majority,Electrical OTC,0.9866666666666667,group_majority,True,Accepted,,valid
1303,permit_type,grouped_majority,Electrical OTC,0.9866666666666667,group_majority,True,Accepted,,valid
1304,permit_type,grouped_majority,Electrical OTC,0.9866666666666667,group_majority,True,Accepted,,valid
1305,permit_type,grouped_majority,Mechanical OTC,0.9900990099009901,group_majority,True,Accepted,,valid
1320,permit_type,grouped_majority,Mechanical OTC,0.9900990099009901,group_majority,True,Accepted,,valid
1321,permit_type,grouped_majority,Mechanical OTC,0.9900990099009901,group_majority,True,Accepted,,valid
1322,permit_type,grouped_majority,Mechanical OTC,0.9900990099009901,group_majority,True,Accepted,,valid
1323,permit_type,grouped_majority,Plumbing OTC,0.9883720930232558,group_majority,True,Accepted,,valid
1324,permit_type,grouped_majority,Plumbing OTC,0.9883720930232558,group_majority,True,Accepted,,valid
1325,permit_type,grouped_majority,Plumbing OTC,0.9883720930232558,group_majority,True,Accepted,,valid
1326,permit_type,grouped_majority,Plumbing OTC,0.9883720930232558,group_majority,True,Accepted,,valid
1328,permit_type,grouped_majority,Plumbing OTC,0.9883720930232558,group_majority,True,Accepted,,valid
1329,permit_type,grouped_majority,Plumbing OTC,0.9883720930232558,group_majority,True,Accepted,,valid
1330,permit_type,grouped_majority,Plumbing OTC,1.0,group_majority,True,Accepted,,valid
1332,permit_type,grouped_majority,Plumbing OTC,0.9883720930232558,group_majority,True,Accepted,,valid
1336,permit_type,grouped_majority,Plumbing OTC,0.9883720930232558,group_majority,True,Accepted,,valid
1337,permit_type,grouped_majority,Plumbing OTC,0.9883720930232558,group_majority,True,Accepted,,valid
1338,permit_type,grouped_majority,Plumbing OTC,0.9883720930232558,group_majority,True,Accepted,,valid
1339,permit_type,grouped_majority,Plumbing OTC,0.9883720930232558,group_majority,True,Accepted,,valid
1340,permit_type,grouped_majority,Plumbing OTC,0.9883720930232558,group_majority,True,Accepted,,valid
1342,permit_type,grouped_majority,Plumbing OTC,1.0,group_majority,True,Accepted,,valid
1343,permit_type,grouped_majority,Plumbing OTC,0.9883720930232558,group_majority,True,Accepted,,valid
1344,permit_type,grouped_majority,Plumbing OTC,0.9883720930232558,group_majority,True,Accepted,,valid
1345,permit_type,grouped_majority,Plumbing OTC,0.9883720930232558,group_majority,True,Accepted,,valid
1347,permit_type,grouped_majority,Residential Building Report,0.9908256880733946,group_majority,True,Accepted,,valid
1348,permit_type,grouped_majority,Residential Building Report,0.9908256880733946,group_majority,True,Accepted,,valid
1349,permit_type,grouped_majority,Residential Building Report,0.9908256880733946,group_majority,True,Accepted,,valid
1350,permit_type,grouped_majority,Residential Building Report,0.9908256880733946,group_majority,True,Accepted,,valid
1354,permit_type,grouped_majority,Residential Building Report,0.9908256880733946,group_majority,True,Accepted,,valid
1357,permit_type,grouped_majority,Residential Building Report,0.9908256880733946,group_majority,True,Accepted,,valid
1358,permit_type,grouped_majority,Residential Building Report,0.9908256880733946,group_majority,True,Accepted,,valid
6,permit_type,association_rules,Building - Full Plan Check,0.5714285714285715,matched_rules,True,Accepted,,valid
8,permit_type,association_rules,Building - Full Plan Check,0.5714285714285715,matched_rules,True,Accepted,,valid
11,permit_type,association_rules,Building Permit OTC,0.6097560975609756,matched_rules,True,Accepted,,valid
17,permit_type,association_rules,Building Permit OTC,0.9629629629629629,matched_rules,True,Accepted,,valid
20,permit_type,association_rules,Building Permit OTC,1.0,matched_rules,True,Accepted,,valid
22,permit_type,association_rules,Building Permit OTC,1.0,matched_rules,True,Accepted,,valid
23,permit_type,association_rules,Building Permit OTC,0.9062499999999999,matched_rules,True,Accepted,,valid
24,permit_type,association_rules,Building - In House Plan Check,0.5,matched_rules,True,Accepted,,valid
26,permit_type,association_rules,Building Permit OTC,0.9565217391304347,matched_rules,True,Accepted,,valid
28,permit_type,association_rules,Building Permit OTC,1.0,matched_rules,True,Accepted,,valid
29,permit_type,association_rules,Building Permit OTC,1.0,matched_rules,True,Accepted,,valid
31,permit_type,association_rules,Building Permit OTC,0.9062499999999999,matched_rules,True,Accepted,,valid
33,permit_type,association_rules,Building Permit OTC,0.98,matched_rules,True,Accepted,,valid
34,permit_type,association_rules,Building Permit OTC,0.9062499999999999,matched_rules,True,Accepted,,valid
38,permit_type,association_rules,Building Permit OTC,1.0,matched_rules,True,Accepted,,valid
42,permit_type,association_rules,Electrical OTC,1.0,matched_rules,True,Accepted,,valid
44,permit_type,association_rules,Electrical OTC,1.0,matched_rules,True,Accepted,,valid
52,permit_type,association_rules,Electrical OTC,0.9866666666666667,matched_rules,True,Accepted,,valid
54,permit_type,association_rules,Electrical OTC,1.0,matched_rules,True,Accepted,,valid
56,permit_type,association_rules,Electrical OTC,1.0,matched_rules,True,Accepted,,valid
58,permit_type,association_rules,Electrical OTC,1.0,matched_rules,True,Accepted,,valid
67,permit_type,association_rules,Electrical OTC,1.0,matched_rules,True,Accepted,,valid
71,permit_type,association_rules,Mechanical OTC,1.0,matched_rules,True,Accepted,,valid
72,permit_type,association_rules,Mechanical OTC,1.0,matched_rules,True,Accepted,,valid
73,permit_type,association_rules,Mechanical OTC,1.0,matched_rules,True,Accepted,,valid
74,permit_type,association_rules,Mechanical OTC,1.0,matched_rules,True,Accepted,,valid
75,permit_type,association_rules,Mechanical OTC,1.0,matched_rules,True,Accepted,,valid
78,permit_type,association_rules,Mechanical OTC,0.9905660377358491,matched_rules,True,Accepted,,valid
81,permit_type,association_rules,Mechanical OTC,0.9905660377358491,matched_rules,True,Accepted,,valid
82,permit_type,association_rules,Plumbing OTC,1.0,matched_rules,True,Accepted,,valid
86,permit_type,association_rules,Plumbing OTC,1.0,matched_rules,True,Accepted,,valid
88,permit_type,association_rules,Plumbing OTC,1.0,matched_rules,True,Accepted,,valid
89,permit_type,association_rules,Plumbing OTC,1.0,matched_rules,True,Accepted,,valid
90,permit_type,association_rules,Plumbing OTC,1.0,matched_rules,True,Accepted,,valid
91,permit_type,association_rules,Plumbing OTC,1.0,matched_rules,True,Accepted,,valid
100,permit_type,association_rules,Plumbing OTC,0.9897959183673469,matched_rules,True,Accepted,,valid
101,permit_type,association_rules,Plumbing OTC,1.0,matched_rules,True,Accepted,,valid
105,permit_type,association_rules,Residential Building Report,1.0,matched_rules,True,Accepted,,valid
107,permit_type,association_rules,Residential Building Report,1.0,matched_rules,True,Accepted,,valid
111,permit_type,association_rules,Residential Building Report,1.0,matched_rules,True,Accepted,,valid
112,permit_type,association_rules,Residential Building Report,1.0,matched_rules,True,Accepted,,valid
116,permit_type,association_rules,Residential Building Report,1.0,matched_rules,True,Accepted,,valid
120,permit_type,association_rules,Building - Full Plan Check,0.8461538461538461,matched_rules,True,Accepted,,valid
122,permit_type,association_rules,Building Permit OTC,0.6240601503759399,matched_rules,True,Accepted,,valid
123,permit_type,association_rules,Building Permit OTC,0.9047619047619048,matched_rules,True,Accepted,,valid
128,permit_type,association_rules,Residential Building Report,0.7500000000000001,matched_rules,True,Accepted,,valid
131,permit_type,association_rules,Building Permit OTC,0.6097560975609756,matched_rules,True,Accepted,,valid
132,permit_type,association_rules,Building Permit OTC,0.9047619047619048,matched_rules,True,Accepted,,valid
134,permit_type,association_rules,Building Permit OTC,0.8139534883720931,matched_rules,True,Accepted,,valid
135,permit_type,association_rules,Building Permit OTC,0.9047619047619048,matched_rules,True,Accepted,,valid
137,permit_type,association_rules,Building Permit OTC,0.8823529411764705,matched_rules,True,Accepted,,valid
140,permit_type,association_rules,Building Permit OTC,0.9062499999999999,matched_rules,True,Accepted,,valid
141,permit_type,association_rules,Building Permit OTC,0.98,matched_rules,True,Accepted,,valid
142,permit_type,association_rules,Building Permit OTC,1.0,matched_rules,True,Accepted,,valid
145,permit_type,association_rules,Building Permit OTC,0.9062499999999999,matched_rules,True,Accepted,,valid
148,permit_type,association_rules,Building Permit OTC,0.6240601503759399,matched_rules,True,Accepted,,valid
150,permit_type,association_rules,Building Permit OTC,1.0,matched_rules,True,Accepted,,valid
152,permit_type,association_rules,Building Permit OTC,0.8139534883720931,matched_rules,True,Accepted,,valid
153,permit_type,association_rules,Residential Building Report,0.7500000000000001,matched_rules,True,Accepted,,valid
155,permit_type,association_rules,Residential Building Report,0.6292134831460675,matched_rules,True,Accepted,,valid
156,permit_type,association_rules,Building Permit OTC,1.0,matched_rules,True,Accepted,,valid
157,permit_type,association_rules,Building Permit OTC,0.7499999999999999,matched_rules,True,Accepted,,valid
160,permit_type,association_rules,Building Permit OTC,1.0,matched_rules,True,Accepted,,valid
162,permit_type,association_rules,Building Permit OTC,0.9482758620689656,matched_rules,True,Accepted,,valid
164,permit_type,association_rules,Building Permit OTC,1.0,matched_rules,True,Accepted,,valid
165,permit_type,association_rules,Building Permit OTC,1.0,matched_rules,True,Accepted,,valid
166,permit_type,association_rules,Building Permit OTC,0.98,matched_rules,True,Accepted,,valid
167,permit_type,association_rules,Building Permit OTC,0.9047619047619048,matched_rules,True,Accepted,,valid
169,permit_type,association_rules,Electrical OTC,1.0,matched_rules,True,Accepted,,valid
176,permit_type,association_rules,Electrical OTC,1.0,matched_rules,True,Accepted,,valid
178,permit_type,association_rules,Electrical OTC,1.0,matched_rules,True,Accepted,,valid
179,permit_type,association_rules,Electrical OTC,1.0,matched_rules,True,Accepted,,valid
184,permit_type,association_rules,Electrical OTC,1.0,matched_rules,True,Accepted,,valid
185,permit_type,association_rules,Electrical OTC,1.0,matched_rules,True,Accepted,,valid
189,permit_type,association_rules,Electrical OTC,1.0,matched_rules,True,Accepted,,valid
192,permit_type,association_rules,Electrical OTC,0.9866666666666667,matched_rules,True,Accepted,,valid
193,permit_type,association_rules,Electrical OTC,1.0,matched_rules,True,Accepted,,valid
196,permit_type,association_rules,Mechanical OTC,0.9905660377358491,matched_rules,True,Accepted,,valid
201,permit_type,association_rules,Mechanical OTC,0.9905660377358491,matched_rules,True,Accepted,,valid
203,permit_type,association_rules,Mechanical OTC,0.9905660377358491,matched_rules,True,Accepted,,valid
206,permit_type,association_rules,Mechanical OTC,1.0,matched_rules,True,Accepted,,valid
208,permit_type,association_rules,Mechanical OTC,1.0,matched_rules,True,Accepted,,valid
210,permit_type,association_rules,Plumbing OTC,0.9897959183673469,matched_rules,True,Accepted,,valid
211,permit_type,association_rules,Plumbing OTC,1.0,matched_rules,True,Accepted,,valid
213,permit_type,association_rules,Plumbing OTC,0.9897959183673469,matched_rules,True,Accepted,,valid
214,permit_type,association_rules,Plumbing OTC,1.0,matched_rules,True,Accepted,,valid
217,permit_type,association_rules,Plumbing OTC,1.0,matched_rules,True,Accepted,,valid
219,permit_type,association_rules,Plumbing OTC,1.0,matched_rules,True,Accepted,,valid
223,permit_type,association_rules,Plumbing OTC,0.9897959183673469,matched_rules,True,Accepted,,valid
226,permit_type,association_rules,Residential Building Report,1.0,matched_rules,True,Accepted,,valid
230,permit_type,association_rules,Residential Building Report,1.0,matched_rules,True,Accepted,,valid
233,permit_type,association_rules,Residential Building Report,1.0,matched_rules,True,Accepted,,valid
234,permit_type,association_rules,Residential Building Report,1.0,matched_rules,True,Accepted,,valid
237,permit_type,association_rules,Residential Building Report,1.0,matched_rules,True,Accepted,,valid
238,permit_type,association_rules,Residential Building Report,1.0,matched_rules,True,Accepted,,valid
239,permit_type,association_rules,Residential Building Report,1.0,matched_rules,True,Accepted,,valid
240,permit_type,association_rules,Residential Building Report,1.0,matched_rules,True,Accepted,,valid
248,permit_type,association_rules,Building - Full Plan Check,0.8461538461538461,matched_rules,True,Accepted,,valid
258,permit_type,association_rules,Building Permit OTC,0.9047619047619048,matched_rules,True,Accepted,,valid
263,permit_type,association_rules,Building Permit OTC,0.6097560975609756,matched_rules,True,Accepted,,valid
264,permit_type,association_rules,Building - In House Plan Check,0.5,matched_rules,True,Accepted,,valid
265,permit_type,association_rules,Building - Full Plan Check,0.5714285714285715,matched_rules,True,Accepted,,valid
266,permit_type,association_rules,Building Permit OTC,0.9047619047619048,matched_rules,True,Accepted,,valid
269,permit_type,association_rules,Building Permit OTC,0.8139534883720931,matched_rules,True,Accepted,,valid
271,permit_type,association_rules,Building Permit OTC,0.6097560975609756,matched_rules,True,Accepted,,valid
272,permit_type,association_rules,Building Permit OTC,1.0,matched_rules,True,Accepted,,valid
273,permit_type,association_rules,Building Permit OTC,0.9062499999999999,matched_rules,True,Accepted,,valid
276,permit_type,association_rules,Building Permit OTC,0.8367346938775511,matched_rules,True,Accepted,,valid
282,permit_type,association_rules,Building Permit OTC,0.9047619047619048,matched_rules,True,Accepted,,valid
283,permit_type,association_rules,Building Permit OTC,1.0,matched_rules,True,Accepted,,valid
285,permit_type,association_rules,Building Permit OTC,1.0,matched_rules,True,Accepted,,valid
288,permit_type,association_rules,Building Permit OTC,1.0,matched_rules,True,Accepted,,valid
290,permit_type,association_rules,Building - Full Plan Check,0.5714285714285715,matched_rules,True,Accepted,,valid
296,permit_type,association_rules,Building Permit OTC,1.0,matched_rules,True,Accepted,,valid
298,permit_type,association_rules,Building Permit OTC,0.8139534883720931,matched_rules,True,Accepted,,valid
303,permit_type,association_rules,Building - Full Plan Check,0.5714285714285715,matched_rules,True,Accepted,,valid
304,permit_type,association_rules,Building Permit OTC,0.6097560975609756,matched_rules,True,Accepted,,valid
306,permit_type,association_rules,Building Permit OTC,0.6240601503759399,matched_rules,True,Accepted,,valid
312,permit_type,association_rules,Electrical OTC,1.0,matched_rules,True,Accepted,,valid
314,permit_type,association_rules,Electrical OTC,1.0,matched_rules,True,Accepted,,valid
317,permit_type,association_rules,Electrical OTC,1.0,matched_rules,True,Accepted,,valid
318,permit_type,association_rules,Electrical OTC,0.9866666666666667,matched_rules,True,Accepted,,valid
320,permit_type,association_rules,Electrical OTC,1.0,matched_rules,True,Accepted,,valid
321,permit_type,association_rules,Electrical OTC,1.0,matched_rules,True,Accepted,,valid
323,permit_type,association_rules,Electrical OTC,1.0,matched_rules,True,Accepted,,valid
324,permit_type,association_rules,Electrical OTC,1.0,matched_rules,True,Accepted,,valid
326,permit_type,association_rules,Electrical OTC,0.9866666666666667,matched_rules,True,Accepted,,valid
328,permit_type,association_rules,Electrical OTC,1.0,matched_rules,True,Accepted,,valid
329,permit_type,association_rules,Electrical OTC,1.0,matched_rules,True,Accepted,,valid
330,permit_type,association_rules,Electrical OTC,1.0,matched_rules,True,Accepted,,valid
333,permit_type,association_rules,Electrical OTC,1.0,matched_rules,True,Accepted,,valid
338,permit_type,association_rules,Electrical OTC,1.0,matched_rules,True,Accepted,,valid
340,permit_type,association_rules,Mechanical OTC,1.0,matched_rules,True,Accepted,,valid
341,permit_type,association_rules,Mechanical OTC,1.0,matched_rules,True,Accepted,,valid
344,permit_type,association_rules,Mechanical OTC,1.0,matched_rules,True,Accepted,,valid
345,permit_type,association_rules,Mechanical OTC,1.0,matched_rules,True,Accepted,,valid
348,permit_type,association_rules,Mechanical OTC,1.0,matched_rules,True,Accepted,,valid
350,permit_type,association_rules,Mechanical OTC,0.9905660377358491,matched_rules,True,Accepted,,valid
354,permit_type,association_rules,Mechanical OTC,1.0,matched_rules,True,Accepted,,valid
356,permit_type,association_rules,Mechanical OTC,1.0,matched_rules,True,Accepted,,valid
357,permit_type,association_rules,Mechanical OTC,1.0,matched_rules,True,Accepted,,valid
361,permit_type,association_rules,Mechanical OTC,1.0,matched_rules,True,Accepted,,valid
363,permit_type,association_rules,Plumbing OTC,1.0,matched_rules,True,Accepted,,valid
365,permit_type,association_rules,Plumbing OTC,1.0,matched_rules,True,Accepted,,valid
366,permit_type,association_rules,Plumbing OTC,1.0,matched_rules,True,Accepted,,valid
367,permit_type,association_rules,Plumbing OTC,1.0,matched_rules,True,Accepted,,valid
369,permit_type,association_rules,Plumbing OTC,1.0,matched_rules,True,Accepted,,valid
373,permit_type,association_rules,Plumbing OTC,1.0,matched_rules,True,Accepted,,valid
374,permit_type,association_rules,Plumbing OTC,0.9897959183673469,matched_rules,True,Accepted,,valid
375,permit_type,association_rules,Plumbing OTC,1.0,matched_rules,True,Accepted,,valid
376,permit_type,association_rules,Plumbing OTC,1.0,matched_rules,True,Accepted,,valid
377,permit_type,association_rules,Plumbing OTC,1.0,matched_rules,True,Accepted,,valid
378,permit_type,association_rules,Plumbing OTC,0.9897959183673469,matched_rules,True,Accepted,,valid
379,permit_type,association_rules,Plumbing OTC,1.0,matched_rules,True,Accepted,,valid
381,permit_type,association_rules,Plumbing OTC,0.9897959183673469,matched_rules,True,Accepted,,valid
383,permit_type,association_rules,Plumbing OTC,1.0,matched_rules,True,Accepted,,valid
384,permit_type,association_rules,Plumbing OTC,1.0,matched_rules,True,Accepted,,valid
385,permit_type,association_rules,Plumbing OTC,1.0,matched_rules,True,Accepted,,valid
386,permit_type,association_rules,Plumbing OTC,1.0,matched_rules,True,Accepted,,valid
391,permit_type,association_rules,Plumbing OTC,1.0,matched_rules,True,Accepted,,valid
393,permit_type,association_rules,Residential Building Report,1.0,matched_rules,True,Accepted,,valid
394,permit_type,association_rules,Residential Building Report,1.0,matched_rules,True,Accepted,,valid
396,permit_type,association_rules,Residential Building Report,1.0,matched_rules,True,Accepted,,valid
397,permit_type,association_rules,Residential Building Report,1.0,matched_rules,True,Accepted,,valid
399,permit_type,association_rules,Residential Building Report,1.0,matched_rules,True,Accepted,,valid
402,permit_type,association_rules,Residential Building Report,1.0,matched_rules,True,Accepted,,valid
407,permit_type,association_rules,Residential Building Report,1.0,matched_rules,True,Accepted,,valid
411,permit_type,association_rules,Residential Building Report,1.0,matched_rules,True,Accepted,,valid
413,permit_type,association_rules,Residential Building Report,1.0,matched_rules,True,Accepted,,valid
417,permit_type,association_rules,Residential Building Report,1.0,matched_rules,True,Accepted,,valid
419,permit_type,association_rules,Residential Building Report,1.0,matched_rules,True,Accepted,,valid
420,permit_type,association_rules,Residential Building Report,1.0,matched_rules,True,Accepted,,valid
423,permit_type,association_rules,Residential Building Report,1.0,matched_rules,True,Accepted,,valid
426,permit_type,association_rules,Building Permit OTC,0.8,matched_rules,True,Accepted,,valid
427,permit_type,association_rules,Building - Full Plan Check,0.8461538461538461,matched_rules,True,Accepted,,valid
428,permit_type,association_rules,Building Permit OTC,0.7924528301886792,matched_rules,True,Accepted,,valid
429,permit_type,association_rules,Building - In House Plan Check,0.5,matched_rules,True,Accepted,,valid
435,permit_type,association_rules,Building Permit OTC,1.0,matched_rules,True,Accepted,,valid
436,permit_type,association_rules,Building Permit OTC,1.0,matched_rules,True,Accepted,,valid
437,permit_type,association_rules,Building Permit OTC,1.0,matched_rules,True,Accepted,,valid
438,permit_type,association_rules,Building Permit OTC,0.7924528301886792,matched_rules,True,Accepted,,valid
444,permit_type,association_rules,Residential Building Report,0.8372093023255814,matched_rules,True,Accepted,,valid
445,permit_type,association_rules,Residential Building Report,0.7500000000000001,matched_rules,True,Accepted,,valid
446,permit_type,association_rules,Building Permit OTC,0.9565217391304347,matched_rules,True,Accepted,,valid
448,permit_type,association_rules,Building Permit OTC,0.8823529411764705,matched_rules,True,Accepted,,valid
455,permit_type,association_rules,Building Permit OTC,0.8139534883720931,matched_rules,True,Accepted,,valid
457,permit_type,association_rules,Building Permit OTC,1.0,matched_rules,True,Accepted,,valid
460,permit_type,association_rules,Building Permit OTC,0.8823529411764705,matched_rules,True,Accepted,,valid
463,permit_type,association_rules,Building Permit OTC,1.0,matched_rules,True,Accepted,,valid
464,permit_type,association_rules,Building Permit OTC,0.8139534883720931,matched_rules,True,Accepted,,valid
468,permit_type,association_rules,Electrical OTC,1.0,matched_rules,True,Accepted,,valid
472,permit_type,association_rules,Electrical OTC,0.9866666666666667,matched_rules,True,Accepted,,valid
473,permit_type,association_rules,Electrical OTC,1.0,matched_rules,True,Accepted,,valid
474,permit_type,association_rules,Electrical OTC,1.0,matched_rules,True,Accepted,,valid
479,permit_type,association_rules,Electrical OTC,1.0,matched_rules,True,Accepted,,valid
485,permit_type,association_rules,Electrical OTC,1.0,matched_rules,True,Accepted,,valid
486,permit_type,association_rules,Electrical OTC,1.0,matched_rules,True,Accepted,,valid
487,permit_type,association_rules,Electrical OTC,1.0,matched_rules,True,Accepted,,valid
489,permit_type,association_rules,Electrical OTC,1.0,matched_rules,True,Accepted,,valid
490,permit_type,association_rules,Electrical OTC,1.0,matched_rules,True,Accepted,,valid
493,permit_type,association_rules,Mechanical OTC,1.0,matched_rules,True,Accepted,,valid
494,permit_type,association_rules,Mechanical OTC,1.0,matched_rules,True,Accepted,,valid
498,permit_type,association_rules,Mechanical OTC,1.0,matched_rules,True,Accepted,,valid
500,permit_type,association_rules,Mechanical OTC,1.0,matched_rules,True,Accepted,,valid
501,permit_type,association_rules,Mechanical OTC,0.9905660377358491,matched_rules,True,Accepted,,valid
506,permit_type,association_rules,Plumbing OTC,0.9897959183673469,matched_rules,True,Accepted,,valid
507,permit_type,association_rules,Plumbing OTC,1.0,matched_rules,True,Accepted,,valid
510,permit_type,association_rules,Plumbing OTC,1.0,matched_rules,True,Accepted,,valid
512,permit_type,association_rules,Plumbing OTC,0.9897959183673469,matched_rules,True,Accepted,,valid
518,permit_type,association_rules,Plumbing OTC,0.9897959183673469,matched_rules,True,Accepted,,valid
519,permit_type,association_rules,Plumbing OTC,1.0,matched_rules,True,Accepted,,valid
525,permit_type,association_rules,Residential Building Report,1.0,matched_rules,True,Accepted,,valid
527,permit_type,association_rules,Residential Building Report,1.0,matched_rules,True,Accepted,,valid
528,permit_type,association_rules,Residential Building Report,1.0,matched_rules,True,Accepted,,valid
529,permit_type,association_rules,Residential Building Report,1.0,matched_rules,True,Accepted,,valid
531,permit_type,association_rules,Residential Building Report,1.0,matched_rules,True,Accepted,,valid
532,permit_type,association_rules,Residential Building Report,1.0,matched_rules,True,Accepted,,valid
533,permit_type,association_rules,Residential Building Report,1.0,matched_rules,True,Accepted,,valid
534,permit_type,association_rules,Residential Building Report,1.0,matched_rules,True,Accepted,,valid
536,permit_type,association_rules,Residential Building Report,1.0,matched_rules,True,Accepted,,valid
537,permit_type,association_rules,Residential Building Report,1.0,matched_rules,True,Accepted,,valid
538,permit_type,association_rules,Residential Building Report,1.0,matched_rules,True,Accepted,,valid
541,permit_type,association_rules,Building Permit OTC,0.7924528301886792,matched_rules,True,Accepted,,valid
542,permit_type,association_rules,Residential Building Report,1.0,matched_rules,True,Accepted,,valid
543,permit_type,association_rules,Building Permit OTC,0.6240601503759399,matched_rules,True,Accepted,,valid
544,permit_type,association_rules,Building Permit OTC,0.6240601503759399,matched_rules,True,Accepted,,valid
545,permit_type,association_rules,Building Permit OTC,0.8,matched_rules,True,Accepted,,valid
557,permit_type,association_rules,Electrical OTC,0.8333333333333333,matched_rules,True,Accepted,,valid
558,permit_type,association_rules,Building Permit OTC,0.8,matched_rules,True,Accepted,,valid
562,permit_type,association_rules,Building Permit OTC,1.0,matched_rules,True,Accepted,,valid
569,permit_type,association_rules,Building Permit OTC,0.8367346938775511,matched_rules,True,Accepted,,valid
573,permit_type,association_rules,Building Permit OTC,1.0,matched_rules,True,Accepted,,valid
576,permit_type,association_rules,Electrical OTC,0.9866666666666667,matched_rules,True,Accepted,,valid
577,permit_type,association_rules,Electrical OTC,0.9866666666666667,matched_rules,True,Accepted,,valid
581,permit_type,association_rules,Electrical OTC,1.0,matched_rules,True,Accepted,,valid
585,permit_type,association_rules,Residential Building Report,0.9075630252100841,matched_rules,True,Accepted,,valid
589,permit_type,association_rules,Electrical OTC,1.0,matched_rules,True,Accepted,,valid
599,permit_type,association_rules,Mechanical OTC,1.0,matched_rules,True,Accepted,,valid
601,permit_type,association_rules,Mechanical OTC,1.0,matched_rules,True,Accepted,,valid
602,permit_type,association_rules,Mechanical OTC,1.0,matched_rules,True,Accepted,,valid
604,permit_type,association_rules,Mechanical OTC,1.0,matched_rules,True,Accepted,,valid
607,permit_type,association_rules,Mechanical OTC,0.9905660377358491,matched_rules,True,Accepted,,valid
610,permit_type,association_rules,Plumbing OTC,1.0,matched_rules,True,Accepted,,valid
611,permit_type,association_rules,Plumbing OTC,1.0,matched_rules,True,Accepted,,valid
612,permit_type,association_rules,Plumbing OTC,0.9897959183673469,matched_rules,True,Accepted,,valid
613,permit_type,association_rules,Plumbing OTC,1.0,matched_rules,True,Accepted,,valid
614,permit_type,association_rules,Plumbing OTC,1.0,matched_rules,True,Accepted,,valid
615,permit_type,association_rules,Plumbing OTC,1.0,matched_rules,True,Accepted,,valid
616,permit_type,association_rules,Plumbing OTC,1.0,matched_rules,True,Accepted,,valid
617,permit_type,association_rules,Plumbing OTC,1.0,matched_rules,True,Accepted,,valid
618,permit_type,association_rules,Plumbing OTC,1.0,matched_rules,True,Accepted,,valid
620,permit_type,association_rules,Plumbing OTC,1.0,matched_rules,True,Accepted,,valid
624,permit_type,association_rules,Residential Building Report,1.0,matched_rules,True,Accepted,,valid
626,permit_type,association_rules,Residential Building Report,1.0,matched_rules,True,Accepted,,valid
627,permit_type,association_rules,Residential Building Report,1.0,matched_rules,True,Accepted,,valid
629,permit_type,association_rules,Residential Building Report,1.0,matched_rules,True,Accepted,,valid
631,permit_type,association_rules,Residential Building Report,1.0,matched_rules,True,Accepted,,valid
633,permit_type,association_rules,Residential Building Report,1.0,matched_rules,True,Accepted,,valid
634,permit_type,association_rules,Residential Building Report,1.0,matched_rules,True,Accepted,,valid
635,permit_type,association_rules,Residential Building Report,1.0,matched_rules,True,Accepted,,valid
636,permit_type,association_rules,Residential Building Report,1.0,matched_rules,True,Accepted,,valid
637,permit_type,association_rules,Building Permit OTC,0.8139534883720931,matched_rules,True,Accepted,,valid
638,permit_type,association_rules,Residential Building Report,0.9908256880733944,matched_rules,True,Accepted,,valid
643,permit_type,association_rules,Building Permit OTC,0.6240601503759399,matched_rules,True,Accepted,,valid
644,permit_type,association_rules,Building Permit OTC,0.6097560975609756,matched_rules,True,Accepted,,valid
646,permit_type,association_rules,Building Permit OTC,0.7924528301886792,matched_rules,True,Accepted,,valid
652,permit_type,association_rules,Building - In House Plan Check,0.5,matched_rules,True,Accepted,,valid
653,permit_type,association_rules,Building Permit OTC,0.7499999999999999,matched_rules,True,Accepted,,valid
655,permit_type,association_rules,Building Permit OTC,0.9062499999999999,matched_rules,True,Accepted,,valid
656,permit_type,association_rules,Building Permit OTC,0.9565217391304347,matched_rules,True,Accepted,,valid
657,permit_type,association_rules,Building Permit OTC,0.7924528301886792,matched_rules,True,Accepted,,valid
660,permit_type,association_rules,Building Permit OTC,0.8139534883720931,matched_rules,True,Accepted,,valid
661,permit_type,association_rules,Building Permit OTC,0.7924528301886792,matched_rules,True,Accepted,,valid
664,permit_type,association_rules,Residential Building Report,0.9075630252100841,matched_rules,True,Accepted,,valid
666,permit_type,association_rules,Building Permit OTC,1.0,matched_rules,True,Accepted,,valid
669,permit_type,association_rules,Building Permit OTC,0.8139534883720931,matched_rules,True,Accepted,,valid
677,permit_type,association_rules,Building - Full Plan Check,0.5714285714285715,matched_rules,True,Accepted,,valid
691,permit_type,association_rules,Building Permit OTC,0.98,matched_rules,True,Accepted,,valid
693,permit_type,association_rules,Residential Building Report,0.9075630252100841,matched_rules,True,Accepted,,valid
694,permit_type,association_rules,Building Permit OTC,0.8823529411764705,matched_rules,True,Accepted,,valid
697,permit_type,association_rules,Building Permit OTC,0.9047619047619048,matched_rules,True,Accepted,,valid
699,permit_type,association_rules,Building Permit OTC,1.0,matched_rules,True,Accepted,,valid
701,permit_type,association_rules,Building Permit OTC,0.9629629629629629,matched_rules,True,Accepted,,valid
702,permit_type,association_rules,Electrical OTC,1.0,matched_rules,True,Accepted,,valid
704,permit_type,association_rules,Electrical OTC,0.9866666666666667,matched_rules,True,Accepted,,valid
708,permit_type,association_rules,Electrical OTC,1.0,matched_rules,True,Accepted,,valid
709,permit_type,association_rules,Electrical OTC,1.0,matched_rules,True,Accepted,,valid
710,permit_type,association_rules,Electrical OTC,1.0,matched_rules,True,Accepted,,valid
713,permit_type,association_rules,Electrical OTC,1.0,matched_rules,True,Accepted,,valid
714,permit_type,association_rules,Electrical OTC,1.0,matched_rules,True,Accepted,,valid
716,permit_type,association_rules,Electrical OTC,1.0,matched_rules,True,Accepted,,valid
718,permit_type,association_rules,Electrical OTC,1.0,matched_rules,True,Accepted,,valid
722,permit_type,association_rules,Electrical OTC,1.0,matched_rules,True,Accepted,,valid
723,permit_type,association_rules,Electrical OTC,1.0,matched_rules,True,Accepted,,valid
725,permit_type,association_rules,Electrical OTC,1.0,matched_rules,True,Accepted,,valid
727,permit_type,association_rules,Electrical OTC,1.0,matched_rules,True,Accepted,,valid
728,permit_type,association_rules,Electrical OTC,1.0,matched_rules,True,Accepted,,valid
729,permit_type,association_rules,Electrical OTC,1.0,matched_rules,True,Accepted,,valid
733,permit_type,association_rules,Electrical OTC,0.9866666666666667,matched_rules,True,Accepted,,valid
734,permit_type,association_rules,Electrical OTC,1.0,matched_rules,True,Accepted,,valid
735,permit_type,association_rules,Residential Building Report,0.8852459016393444,matched_rules,True,Accepted,,valid
737,permit_type,association_rules,Mechanical OTC,1.0,matched_rules,True,Accepted,,valid
739,permit_type,association_rules,Mechanical OTC,1.0,matched_rules,True,Accepted,,valid
740,permit_type,association_rules,Mechanical OTC,1.0,matched_rules,True,Accepted,,valid
742,permit_type,association_rules,Mechanical OTC,0.9905660377358491,matched_rules,True,Accepted,,valid
749,permit_type,association_rules,Mechanical OTC,1.0,matched_rules,True,Accepted,,valid
752,permit_type,association_rules,Mechanical OTC,0.9905660377358491,matched_rules,True,Accepted,,valid
753,permit_type,association_rules,Plumbing OTC,1.0,matched_rules,True,Accepted,,valid
754,permit_type,association_rules,Plumbing OTC,1.0,matched_rules,True,Accepted,,valid
757,permit_type,association_rules,Plumbing OTC,1.0,matched_rules,True,Accepted,,valid
759,permit_type,association_rules,Plumbing OTC,1.0,matched_rules,True,Accepted,,valid
760,permit_type,association_rules,Plumbing OTC,1.0,matched_rules,True,Accepted,,valid
761,permit_type,association_rules,Plumbing OTC,1.0,matched_rules,True,Accepted,,valid
762,permit_type,association_rules,Plumbing OTC,1.0,matched_rules,True,Accepted,,valid
766,permit_type,association_rules,Plumbing OTC,1.0,matched_rules,True,Accepted,,valid
767,permit_type,association_rules,Plumbing OTC,1.0,matched_rules,True,Accepted,,valid
768,permit_type,association_rules,Plumbing OTC,1.0,matched_rules,True,Accepted,,valid
775,permit_type,association_rules,Residential Building Report,1.0,matched_rules,True,Accepted,,valid
782,permit_type,association_rules,Residential Building Report,1.0,matched_rules,True,Accepted,,valid
784,permit_type,association_rules,Residential Building Report,1.0,matched_rules,True,Accepted,,valid
788,permit_type,association_rules,Residential Building Report,0.9911504424778761,matched_rules,True,Accepted,,valid
792,permit_type,association_rules,Building - Full Plan Check,0.8461538461538461,matched_rules,True,Accepted,,valid
793,permit_type,association_rules,Building Permit OTC,0.6097560975609756,matched_rules,True,Accepted,,valid
796,permit_type,association_rules,Building - Full Plan Check,0.8461538461538461,matched_rules,True,Accepted,,valid
799,permit_type,association_rules,Building Permit OTC,1.0,matched_rules,True,Accepted,,valid
802,permit_type,association_rules,Building Permit OTC,0.9062499999999999,matched_rules,True,Accepted,,valid
803,permit_type,association_rules,Building Permit OTC,0.7924528301886792,matched_rules,True,Accepted,,valid
808,permit_type,association_rules,Building - In House Plan Check,0.5,matched_rules,True,Accepted,,valid
810,permit_type,association_rules,Building Permit OTC,0.9047619047619048,matched_rules,True,Accepted,,valid
811,permit_type,association_rules,Building Permit OTC,0.9047619047619048,matched_rules,True,Accepted,,valid
812,permit_type,association_rules,Building Permit OTC,0.9047619047619048,matched_rules,True,Accepted,,valid
815,permit_type,association_rules,Building Permit OTC,0.8139534883720931,matched_rules,True,Accepted,,valid
821,permit_type,association_rules,Building Permit OTC,0.98,matched_rules,True,Accepted,,valid
824,permit_type,association_rules,Building Permit OTC,1.0,matched_rules,True,Accepted,,valid
827,permit_type,association_rules,Building Permit OTC,1.0,matched_rules,True,Accepted,,valid
830,permit_type,association_rules,Building Permit OTC,0.7924528301886792,matched_rules,True,Accepted,,valid
837,permit_type,association_rules,Electrical OTC,1.0,matched_rules,True,Accepted,,valid
839,permit_type,association_rules,Electrical OTC,1.0,matched_rules,True,Accepted,,valid
840,permit_type,association_rules,Electrical OTC,1.0,matched_rules,True,Accepted,,valid
841,permit_type,association_rules,Electrical OTC,1.0,matched_rules,True,Accepted,,valid
846,permit_type,association_rules,Electrical OTC,1.0,matched_rules,True,Accepted,,valid
847,permit_type,association_rules,Electrical OTC,1.0,matched_rules,True,Accepted,,valid
852,permit_type,association_rules,Electrical OTC,1.0,matched_rules,True,Accepted,,valid
855,permit_type,association_rules,Electrical OTC,1.0,matched_rules,True,Accepted,,valid
857,permit_type,association_rules,Residential Building Report,0.9075630252100841,matched_rules,True,Accepted,,valid
859,permit_type,association_rules,Electrical OTC,1.0,matched_rules,True,Accepted,,valid
861,permit_type,association_rules,Electrical OTC,1.0,matched_rules,True,Accepted,,valid
862,permit_type,association_rules,Electrical OTC,1.0,matched_rules,True,Accepted,,valid
874,permit_type,association_rules,Plumbing OTC,1.0,matched_rules,True,Accepted,,valid
876,permit_type,association_rules,Plumbing OTC,1.0,matched_rules,True,Accepted,,valid
878,permit_type,association_rules,Plumbing OTC,1.0,matched_rules,True,Accepted,,valid
881,permit_type,association_rules,Plumbing OTC,0.9897959183673469,matched_rules,True,Accepted,,valid
883,permit_type,association_rules,Plumbing OTC,1.0,matched_rules,True,Accepted,,valid
891,permit_type,association_rules,Residential Building Report,1.0,matched_rules,True,Accepted,,valid
892,permit_type,association_rules,Residential Building Report,1.0,matched_rules,True,Accepted,,valid
894,permit_type,association_rules,Residential Building Report,1.0,matched_rules,True,Accepted,,valid
897,permit_type,association_rules,Residential Building Report,1.0,matched_rules,True,Accepted,,valid
899,permit_type,association_rules,Residential Building Report,1.0,matched_rules,True,Accepted,,valid
901,permit_type,association_rules,Building - Full Plan Check,0.8461538461538461,matched_rules,True,Accepted,,valid
904,permit_type,association_rules,Building Permit OTC,0.6097560975609756,matched_rules,True,Accepted,,valid
905,permit_type,association_rules,Building - Full Plan Check,0.8461538461538461,matched_rules,True,Accepted,,valid
908,permit_type,association_rules,Building Permit OTC,0.6097560975609756,matched_rules,True,Accepted,,valid
918,permit_type,association_rules,Residential Building Report,0.8372093023255814,matched_rules,True,Accepted,,valid
925,permit_type,association_rules,Building Permit OTC,0.7499999999999999,matched_rules,True,Accepted,,valid
926,permit_type,association_rules,Building Permit OTC,0.8139534883720931,matched_rules,True,Accepted,,valid
927,permit_type,association_rules,Building - In House Plan Check,0.5,matched_rules,True,Accepted,,valid
928,permit_type,association_rules,Building Permit OTC,0.8823529411764705,matched_rules,True,Accepted,,valid
934,permit_type,association_rules,Building Permit OTC,0.6097560975609756,matched_rules,True,Accepted,,valid
938,permit_type,association_rules,Building Permit OTC,0.9629629629629629,matched_rules,True,Accepted,,valid
939,permit_type,association_rules,Building Permit OTC,0.9629629629629629,matched_rules,True,Accepted,,valid
940,permit_type,association_rules,Building Permit OTC,0.9629629629629629,matched_rules,True,Accepted,,valid
944,permit_type,association_rules,Residential Building Report,0.6292134831460675,matched_rules,True,Accepted,,valid
949,permit_type,association_rules,Electrical OTC,1.0,matched_rules,True,Accepted,,valid
952,permit_type,association_rules,Electrical OTC,1.0,matched_rules,True,Accepted,,valid
953,permit_type,association_rules,Electrical OTC,1.0,matched_rules,True,Accepted,,valid
954,permit_type,association_rules,Electrical OTC,1.0,matched_rules,True,Accepted,,valid
957,permit_type,association_rules,Electrical OTC,1.0,matched_rules,True,Accepted,,valid
960,permit_type,association_rules,Electrical OTC,1.0,matched_rules,True,Accepted,,valid
964,permit_type,association_rules,Electrical OTC,1.0,matched_rules,True,Accepted,,valid
974,permit_type,association_rules,Mechanical OTC,1.0,matched_rules,True,Accepted,,valid
977,permit_type,association_rules,Mechanical OTC,0.9905660377358491,matched_rules,True,Accepted,,valid
979,permit_type,association_rules,Mechanical OTC,1.0,matched_rules,True,Accepted,,valid
980,permit_type,association_rules,Mechanical OTC,1.0,matched_rules,True,Accepted,,valid
981,permit_type,association_rules,Mechanical OTC,1.0,matched_rules,True,Accepted,,valid
986,permit_type,association_rules,Mechanical OTC,1.0,matched_rules,True,Accepted,,valid
989,permit_type,association_rules,Plumbing OTC,0.9897959183673469,matched_rules,True,Accepted,,valid
992,permit_type,association_rules,Plumbing OTC,1.0,matched_rules,True,Accepted,,valid
993,permit_type,association_rules,Plumbing OTC,1.0,matched_rules,True,Accepted,,valid
996,permit_type,association_rules,Plumbing OTC,1.0,matched_rules,True,Accepted,,valid
998,permit_type,association_rules,Plumbing OTC,1.0,matched_rules,True,Accepted,,valid
1001,permit_type,association_rules,Plumbing OTC,1.0,matched_rules,True,Accepted,,valid
1002,permit_type,association_rules,Plumbing OTC,1.0,matched_rules,True,Accepted,,valid
1003,permit_type,association_rules,Plumbing OTC,1.0,matched_rules,True,Accepted,,valid
1004,permit_type,association_rules,Plumbing OTC,0.9897959183673469,matched_rules,True,Accepted,,valid
1006,permit_type,association_rules,Plumbing OTC,0.9897959183673469,matched_rules,True,Accepted,,valid
1007,permit_type,association_rules,Plumbing OTC,1.0,matched_rules,True,Accepted,,valid
1015,permit_type,association_rules,Residential Building Report,1.0,matched_rules,True,Accepted,,valid
1017,permit_type,association_rules,Residential Building Report,1.0,matched_rules,True,Accepted,,valid
1029,permit_type,association_rules,Building - Full Plan Check,0.8461538461538461,matched_rules,True,Accepted,,valid
1034,permit_type,association_rules,Building Permit OTC,0.8823529411764705,matched_rules,True,Accepted,,valid
1037,permit_type,association_rules,Residential Building Report,0.7500000000000001,matched_rules,True,Accepted,,valid
1038,permit_type,association_rules,Residential Building Report,0.7500000000000001,matched_rules,True,Accepted,,valid
1039,permit_type,association_rules,Residential Building Report,0.7500000000000001,matched_rules,True,Accepted,,valid
1047,permit_type,association_rules,Residential Building Report,0.6292134831460675,matched_rules,True,Accepted,,valid
1048,permit_type,association_rules,Residential Building Report,0.6292134831460675,matched_rules,True,Accepted,,valid
1050,permit_type,association_rules,Building Permit OTC,1.0,matched_rules,True,Accepted,,valid
1052,permit_type,association_rules,Building Permit OTC,1.0,matched_rules,True,Accepted,,valid
1054,permit_type,association_rules,Building Permit OTC,0.98,matched_rules,True,Accepted,,valid
1055,permit_type,association_rules,Building Permit OTC,0.6240601503759399,matched_rules,True,Accepted,,valid
1057,permit_type,association_rules,Building Permit OTC,0.9062499999999999,matched_rules,True,Accepted,,valid
1059,permit_type,association_rules,Building Permit OTC,0.9047619047619048,matched_rules,True,Accepted,,valid
1061,permit_type,association_rules,Building Permit OTC,0.98,matched_rules,True,Accepted,,valid
1062,permit_type,association_rules,Building Permit OTC,1.0,matched_rules,True,Accepted,,valid
1063,permit_type,association_rules,Building Permit OTC,0.9062499999999999,matched_rules,True,Accepted,,valid
1066,permit_type,association_rules,Electrical OTC,1.0,matched_rules,True,Accepted,,valid
1067,permit_type,association_rules,Electrical OTC,1.0,matched_rules,True,Accepted,,valid
1069,permit_type,association_rules,Electrical OTC,1.0,matched_rules,True,Accepted,,valid
1073,permit_type,association_rules,Electrical OTC,1.0,matched_rules,True,Accepted,,valid
1074,permit_type,association_rules,Electrical OTC,1.0,matched_rules,True,Accepted,,valid
1075,permit_type,association_rules,Residential Building Report,0.9075630252100841,matched_rules,True,Accepted,,valid
1077,permit_type,association_rules,Electrical OTC,1.0,matched_rules,True,Accepted,,valid
1078,permit_type,association_rules,Electrical OTC,1.0,matched_rules,True,Accepted,,valid
1079,permit_type,association_rules,Mechanical OTC,0.9905660377358491,matched_rules,True,Accepted,,valid
1081,permit_type,association_rules,Mechanical OTC,1.0,matched_rules,True,Accepted,,valid
1084,permit_type,association_rules,Mechanical OTC,1.0,matched_rules,True,Accepted,,valid
1089,permit_type,association_rules,Plumbing OTC,1.0,matched_rules,True,Accepted,,valid
1093,permit_type,association_rules,Plumbing OTC,1.0,matched_rules,True,Accepted,,valid
1094,permit_type,association_rules,Plumbing OTC,1.0,matched_rules,True,Accepted,,valid
1098,permit_type,association_rules,Plumbing OTC,0.9897959183673469,matched_rules,True,Accepted,,valid
1105,permit_type,association_rules,Residential Building Report,1.0,matched_rules,True,Accepted,,valid
1108,permit_type,association_rules,Residential Building Report,1.0,matched_rules,True,Accepted,,valid
1111,permit_type,association_rules,Residential Building Report,1.0,matched_rules,True,Accepted,,valid
1114,permit_type,association_rules,Building Permit OTC,0.8139534883720931,matched_rules,True,Accepted,,valid
1116,permit_type,association_rules,Building Permit OTC,0.8139534883720931,matched_rules,True,Accepted,,valid
1119,permit_type,association_rules,Building Permit OTC,0.7924528301886792,matched_rules,True,Accepted,,valid
1120,permit_type,association_rules,Residential Building Report,0.6292134831460675,matched_rules,True,Accepted,,valid
1126,permit_type,association_rules,Residential Building Report,0.7500000000000001,matched_rules,True,Accepted,,valid
1133,permit_type,association_rules,Building Permit OTC,0.8139534883720931,matched_rules,True,Accepted,,valid
1134,permit_type,association_rules,Residential Building Report,0.9075630252100841,matched_rules,True,Accepted,,valid
1136,permit_type,association_rules,Residential Building Report,0.7500000000000001,matched_rules,True,Accepted,,valid
1138,permit_type,association_rules,Building Permit OTC,1.0,matched_rules,True,Accepted,,valid
1139,permit_type,association_rules,Residential Building Report,0.7500000000000001,matched_rules,True,Accepted,,valid
1140,permit_type,association_rules,Building Permit OTC,0.8367346938775511,matched_rules,True,Accepted,,valid
1141,permit_type,association_rules,Electrical OTC,0.95,matched_rules,True,Accepted,,valid
1144,permit_type,association_rules,Residential Building Report,0.7500000000000001,matched_rules,True,Accepted,,valid
1146,permit_type,association_rules,Building Permit OTC,1.0,matched_rules,True,Accepted,,valid
1148,permit_type,association_rules,Building Permit OTC,1.0,matched_rules,True,Accepted,,valid
1150,permit_type,association_rules,Residential Building Report,0.9075630252100841,matched_rules,True,Accepted,,valid
1151,permit_type,association_rules,Building Permit OTC,0.8181818181818181,matched_rules,True,Accepted,,valid
1152,permit_type,association_rules,Residential Building Report,0.7500000000000001,matched_rules,True,Accepted,,valid
1153,permit_type,association_rules,Building Permit OTC,1.0,matched_rules,True,Accepted,,valid
1156,permit_type,association_rules,Residential Building Report,0.6292134831460675,matched_rules,True,Accepted,,valid
1160,permit_type,association_rules,Residential Building Report,0.9075630252100841,matched_rules,True,Accepted,,valid
1162,permit_type,association_rules,Building Permit OTC,0.98,matched_rules,True,Accepted,,valid
1163,permit_type,association_rules,Building Permit OTC,0.9047619047619048,matched_rules,True,Accepted,,valid
1166,permit_type,association_rules,Electrical OTC,1.0,matched_rules,True,Accepted,,valid
1167,permit_type,association_rules,Residential Building Report,0.9075630252100841,matched_rules,True,Accepted,,valid
1168,permit_type,association_rules,Electrical OTC,1.0,matched_rules,True,Accepted,,valid
1169,permit_type,association_rules,Electrical OTC,0.9866666666666667,matched_rules,True,Accepted,,valid
1170,permit_type,association_rules,Electrical OTC,1.0,matched_rules,True,Accepted,,valid
1176,permit_type,association_rules,Electrical OTC,0.9866666666666667,matched_rules,True,Accepted,,valid
1178,permit_type,association_rules,Electrical OTC,1.0,matched_rules,True,Accepted,,valid
1182,permit_type,association_rules,Electrical OTC,1.0,matched_rules,True,Accepted,,valid
1185,permit_type,association_rules,Electrical OTC,1.0,matched_rules,True,Accepted,,valid
1189,permit_type,association_rules,Mechanical OTC,1.0,matched_rules,True,Accepted,,valid
1190,permit_type,association_rules,Mechanical OTC,0.9905660377358491,matched_rules,True,Accepted,,valid
1199,permit_type,association_rules,Plumbing OTC,1.0,matched_rules,True,Accepted,,valid
1200,permit_type,association_rules,Plumbing OTC,1.0,matched_rules,True,Accepted,,valid
1201,permit_type,association_rules,Plumbing OTC,1.0,matched_rules,True,Accepted,,valid
1203,permit_type,association_rules,Plumbing OTC,1.0,matched_rules,True,Accepted,,valid
1204,permit_type,association_rules,Plumbing OTC,1.0,matched_rules,True,Accepted,,valid
1205,permit_type,association_rules,Plumbing OTC,1.0,matched_rules,True,Accepted,,valid
1209,permit_type,association_rules,Residential Building Report,1.0,matched_rules,True,Accepted,,valid
1211,permit_type,association_rules,Residential Building Report,1.0,matched_rules,True,Accepted,,valid
1213,permit_type,association_rules,Residential Building Report,1.0,matched_rules,True,Accepted,,valid
1215,permit_type,association_rules,Residential Building Report,1.0,matched_rules,True,Accepted,,valid
1216,permit_type,association_rules,Building Permit OTC,0.8823529411764705,matched_rules,True,Accepted,,valid
1218,permit_type,association_rules,Building Permit OTC,0.7924528301886792,matched_rules,True,Accepted,,valid
1219,permit_type,association_rules,Building Permit OTC,0.8139534883720931,matched_rules,True,Accepted,,valid
1220,permit_type,association_rules,Building - Full Plan Check,0.8461538461538461,matched_rules,True,Accepted,,valid
1221,permit_type,association_rules,Building - Full Plan Check,0.8461538461538461,matched_rules,True,Accepted,,valid
1222,permit_type,association_rules,Building Permit OTC,0.6097560975609756,matched_rules,True,Accepted,,valid
1223,permit_type,association_rules,Building - Full Plan Check,0.8461538461538461,matched_rules,True,Accepted,,valid
1226,permit_type,association_rules,Building - Full Plan Check,0.5714285714285715,matched_rules,True,Accepted,,valid
1227,permit_type,association_rules,Building Permit OTC,0.7924528301886792,matched_rules,True,Accepted,,valid
1231,permit_type,association_rules,Residential Building Report,0.6292134831460675,matched_rules,True,Accepted,,valid
1233,permit_type,association_rules,Building Permit OTC,0.6097560975609756,matched_rules,True,Accepted,,valid
1234,permit_type,association_rules,Electrical OTC,1.0,matched_rules,True,Accepted,,valid
1238,permit_type,association_rules,Building Permit OTC,0.9062499999999999,matched_rules,True,Accepted,,valid
1242,permit_type,association_rules,Residential Building Report,0.7500000000000001,matched_rules,True,Accepted,,valid
1243,permit_type,association_rules,Building Permit OTC,0.8823529411764705,matched_rules,True,Accepted,,valid
1244,permit_type,association_rules,Building Permit OTC,1.0,matched_rules,True,Accepted,,valid
1247,permit_type,association_rules,Building Permit OTC,1.0,matched_rules,True,Accepted,,valid
1249,permit_type,association_rules,Building - In House Plan Check,0.5,matched_rules,True,Accepted,,valid
1250,permit_type,association_rules,Building - In House Plan Check,0.5,matched_rules,True,Accepted,,valid
1253,permit_type,association_rules,Electrical OTC,0.8999999999999999,matched_rules,True,Accepted,,valid
1254,permit_type,association_rules,Building Permit OTC,0.7924528301886792,matched_rules,True,Accepted,,valid
1255,permit_type,association_rules,Residential Building Report,0.8372093023255814,matched_rules,True,Accepted,,valid
1257,permit_type,association_rules,Residential Building Report,0.6292134831460675,matched_rules,True,Accepted,,valid
1263,permit_type,association_rules,Building Permit OTC,1.0,matched_rules,True,Accepted,,valid
1268,permit_type,association_rules,Building Permit OTC,0.8139534883720931,matched_rules,True,Accepted,,valid
1269,permit_type,association_rules,Building Permit OTC,0.8367346938775511,matched_rules,True,Accepted,,valid
1271,permit_type,association_rules,Building Permit OTC,1.0,matched_rules,True,Accepted,,valid
1273,permit_type,association_rules,Electrical OTC,1.0,matched_rules,True,Accepted,,valid
1275,permit_type,association_rules,Electrical OTC,0.9866666666666667,matched_rules,True,Accepted,,valid
1276,permit_type,association_rules,Electrical OTC,0.9866666666666667,matched_rules,True,Accepted,,valid
1279,permit_type,association_rules,Electrical OTC,1.0,matched_rules,True,Accepted,,valid
1280,permit_type,association_rules,Electrical OTC,1.0,matched_rules,True,Accepted,,valid
1283,permit_type,association_rules,Electrical OTC,1.0,matched_rules,True,Accepted,,valid
1289,permit_type,association_rules,Electrical OTC,1.0,matched_rules,True,Accepted,,valid
1291,permit_type,association_rules,Electrical OTC,1.0,matched_rules,True,Accepted,,valid
1293,permit_type,association_rules,Electrical OTC,1.0,matched_rules,True,Accepted,,valid
1294,permit_type,association_rules,Residential Building Report,0.9075630252100841,matched_rules,True,Accepted,,valid
1296,permit_type,association_rules,Residential Building Report,0.9075630252100841,matched_rules,True,Accepted,,valid
1301,permit_type,association_rules,Electrical OTC,1.0,matched_rules,True,Accepted,,valid
1302,permit_type,association_rules,Electrical OTC,1.0,matched_rules,True,Accepted,,valid
1303,permit_type,association_rules,Electrical OTC,1.0,matched_rules,True,Accepted,,valid
1304,permit_type,association_rules,Electrical OTC,1.0,matched_rules,True,Accepted,,valid
1305,permit_type,association_rules,Mechanical OTC,1.0,matched_rules,True,Accepted,,valid
1320,permit_type,association_rules,Mechanical OTC,0.9905660377358491,matched_rules,True,Accepted,,valid
1321,permit_type,association_rules,Mechanical OTC,1.0,matched_rules,True,Accepted,,valid
1322,permit_type,association_rules,Mechanical OTC,0.9905660377358491,matched_rules,True,Accepted,,valid
1323,permit_type,association_rules,Plumbing OTC,1.0,matched_rules,True,Accepted,,valid
1324,permit_type,association_rules,Plumbing OTC,0.9897959183673469,matched_rules,True,Accepted,,valid
1325,permit_type,association_rules,Plumbing OTC,0.9897959183673469,matched_rules,True,Accepted,,valid
1326,permit_type,association_rules,Plumbing OTC,1.0,matched_rules,True,Accepted,,valid
1328,permit_type,association_rules,Plumbing OTC,0.9897959183673469,matched_rules,True,Accepted,,valid
1329,permit_type,association_rules,Plumbing OTC,1.0,matched_rules,True,Accepted,,valid
1330,permit_type,association_rules,Plumbing OTC,1.0,matched_rules,True,Accepted,,valid
1332,permit_type,association_rules,Plumbing OTC,1.0,matched_rules,True,Accepted,,valid
1336,permit_type,association_rules,Plumbing OTC,1.0,matched_rules,True,Accepted,,valid
1337,permit_type,association_rules,Plumbing OTC,0.9897959183673469,matched_rules,True,Accepted,,valid
1338,permit_type,association_rules,Plumbing OTC,1.0,matched_rules,True,Accepted,,valid
1339,permit_type,association_rules,Plumbing OTC,1.0,matched_rules,True,Accepted,,valid
1340,permit_type,association_rules,Plumbing OTC,1.0,matched_rules,True,Accepted,,valid
1342,permit_type,association_rules,Plumbing OTC,1.0,matched_rules,True,Accepted,,valid
1343,permit_type,association_rules,Plumbing OTC,0.9897959183673469,matched_rules,True,Accepted,,valid
1344,permit_type,association_rules,Plumbing OTC,1.0,matched_rules,True,Accepted,,valid
1345,permit_type,association_rules,Plumbing OTC,1.0,matched_rules,True,Accepted,,valid
1347,permit_type,association_rules,Residential Building Report,1.0,matched_rules,True,Accepted,,valid
1348,permit_type,association_rules,Residential Building Report,1.0,matched_rules,True,Accepted,,valid
1349,permit_type,association_rules,Residential Building Report,1.0,matched_rules,True,Accepted,,valid
1350,permit_type,association_rules,Residential Building Report,1.0,matched_rules,True,Accepted,,valid
1354,permit_type,association_rules,Residential Building Report,1.0,matched_rules,True,Accepted,,valid
1357,permit_type,association_rules,Residential Building Report,1.0,matched_rules,True,Accepted,,valid
1358,permit_type,association_rules,Residential Building Report,1.0,matched_rules,True,Accepted,,valid
6,permit_type,clustering,Building - Full Plan Check,0.3333333333333333,cluster_majority,True,Accepted,,valid
8,permit_type,clustering,Building - Full Plan Check,0.3333333333333333,cluster_majority,True,Accepted,,valid
11,permit_type,clustering,Building - Full Plan Check,0.3333333333333333,cluster_majority,True,Accepted,,valid
17,permit_type,clustering,Building Permit OTC,0.6201550387596899,cluster_majority,True,Accepted,,valid
20,permit_type,clustering,Building Permit OTC,0.7777777777777778,cluster_majority,True,Accepted,,valid
22,permit_type,clustering,Building Permit OTC,0.7777777777777778,cluster_majority,True,Accepted,,valid
23,permit_type,clustering,Building Permit OTC,0.7777777777777778,cluster_majority,True,Accepted,,valid
24,permit_type,clustering,Building Permit OTC,0.6201550387596899,cluster_majority,True,Accepted,,valid
26,permit_type,clustering,Building Permit OTC,0.7777777777777778,cluster_majority,True,Accepted,,valid
28,permit_type,clustering,Building Permit OTC,0.6201550387596899,cluster_majority,True,Accepted,,valid
29,permit_type,clustering,Building Permit OTC,0.6201550387596899,cluster_majority,True,Accepted,,valid
31,permit_type,clustering,Building Permit OTC,0.7777777777777778,cluster_majority,True,Accepted,,valid
33,permit_type,clustering,Building Permit OTC,0.6201550387596899,cluster_majority,True,Accepted,,valid
34,permit_type,clustering,Building Permit OTC,0.7777777777777778,cluster_majority,True,Accepted,,valid
38,permit_type,clustering,Building Permit OTC,0.7777777777777778,cluster_majority,True,Accepted,,valid
42,permit_type,clustering,Building - Full Plan Check,0.3333333333333333,cluster_majority,True,Accepted,,valid
44,permit_type,clustering,Electrical OTC,1.0,cluster_majority,True,Accepted,,valid
52,permit_type,clustering,Electrical OTC,0.5128205128205128,cluster_majority,True,Accepted,,valid
54,permit_type,clustering,Electrical OTC,0.5128205128205128,cluster_majority,True,Accepted,,valid
56,permit_type,clustering,Building - Full Plan Check,0.3333333333333333,cluster_majority,True,Accepted,,valid
58,permit_type,clustering,Electrical OTC,0.5128205128205128,cluster_majority,True,Accepted,,valid
67,permit_type,clustering,Electrical OTC,0.5128205128205128,cluster_majority,True,Accepted,,valid
71,permit_type,clustering,Residential Building Report,0.864,cluster_majority,True,Accepted,,valid
72,permit_type,clustering,Mechanical OTC,0.9859154929577465,cluster_majority,True,Accepted,,valid
73,permit_type,clustering,Mechanical OTC,0.9859154929577465,cluster_majority,True,Accepted,,valid
74,permit_type,clustering,Mechanical OTC,0.9859154929577465,cluster_majority,True,Accepted,,valid
75,permit_type,clustering,Mechanical OTC,0.9859154929577465,cluster_majority,True,Accepted,,valid
78,permit_type,clustering,Mechanical OTC,0.9859154929577465,cluster_majority,True,Accepted,,valid
81,permit_type,clustering,Mechanical OTC,0.9859154929577465,cluster_majority,True,Accepted,,valid
82,permit_type,clustering,Plumbing OTC,1.0,cluster_majority,True,Accepted,,valid
86,permit_type,clustering,Plumbing OTC,1.0,cluster_majority,True,Accepted,,valid
88,permit_type,clustering,Plumbing OTC,1.0,cluster_majority,True,Accepted,,valid
89,permit_type,clustering,Plumbing OTC,1.0,cluster_majority,True,Accepted,,valid
90,permit_type,clustering,Plumbing OTC,1.0,cluster_majority,True,Accepted,,valid
91,permit_type,clustering,Residential Building Report,0.864,cluster_majority,True,Accepted,,valid
100,permit_type,clustering,Electrical OTC,0.5128205128205128,cluster_majority,True,Accepted,,valid
101,permit_type,clustering,Plumbing OTC,1.0,cluster_majority,True,Accepted,,valid
105,permit_type,clustering,Residential Building Report,0.864,cluster_majority,True,Accepted,,valid
107,permit_type,clustering,Residential Building Report,0.864,cluster_majority,True,Accepted,,valid
111,permit_type,clustering,Residential Building Report,0.864,cluster_majority,True,Accepted,,valid
112,permit_type,clustering,Residential Building Report,0.864,cluster_majority,True,Accepted,,valid
116,permit_type,clustering,Residential Building Report,0.864,cluster_majority,True,Accepted,,valid
120,permit_type,clustering,Building - Full Plan Check,0.3333333333333333,cluster_majority,True,Accepted,,valid
122,permit_type,clustering,Building Permit OTC,0.6201550387596899,cluster_majority,True,Accepted,,valid
123,permit_type,clustering,Building - Full Plan Check,0.3333333333333333,cluster_majority,True,Accepted,,valid
128,permit_type,clustering,Building Permit OTC,0.6201550387596899,cluster_majority,True,Accepted,,valid
131,permit_type,clustering,Building - Full Plan Check,0.3333333333333333,cluster_majority,True,Accepted,,valid
132,permit_type,clustering,Building Permit OTC,0.7777777777777778,cluster_majority,True,Accepted,,valid
134,permit_type,clustering,Building Permit OTC,0.6201550387596899,cluster_majority,True,Accepted,,valid
135,permit_type,clustering,Building Permit OTC,0.7777777777777778,cluster_majority,True,Accepted,,valid
137,permit_type,clustering,Building Permit OTC,0.6201550387596899,cluster_majority,True,Accepted,,valid
140,permit_type,clustering,Building Permit OTC,0.7777777777777778,cluster_majority,True,Accepted,,valid
141,permit_type,clustering,Building Permit OTC,0.6201550387596899,cluster_majority,True,Accepted,,valid
142,permit_type,clustering,Building Permit OTC,0.7777777777777778,cluster_majority,True,Accepted,,valid
145,permit_type,clustering,Building Permit OTC,0.7777777777777778,cluster_majority,True,Accepted,,valid
148,permit_type,clustering,Building Permit OTC,0.6201550387596899,cluster_majority,True,Accepted,,valid
150,permit_type,clustering,Building Permit OTC,0.6201550387596899,cluster_majority,True,Accepted,,valid
152,permit_type,clustering,Building Permit OTC,0.6201550387596899,cluster_majority,True,Accepted,,valid
153,permit_type,clustering,Building Permit OTC,0.6201550387596899,cluster_majority,True,Accepted,,valid
155,permit_type,clustering,Building Permit OTC,0.6201550387596899,cluster_majority,True,Accepted,,valid
156,permit_type,clustering,Building Permit OTC,0.7777777777777778,cluster_majority,True,Accepted,,valid
157,permit_type,clustering,Building - Full Plan Check,0.3333333333333333,cluster_majority,True,Accepted,,valid
160,permit_type,clustering,Building Permit OTC,0.7777777777777778,cluster_majority,True,Accepted,,valid
162,permit_type,clustering,Building - Full Plan Check,0.3333333333333333,cluster_majority,True,Accepted,,valid
164,permit_type,clustering,Building Permit OTC,0.7777777777777778,cluster_majority,True,Accepted,,valid
165,permit_type,clustering,Building Permit OTC,0.7777777777777778,cluster_majority,True,Accepted,,valid
166,permit_type,clustering,Building Permit OTC,0.6201550387596899,cluster_majority,True,Accepted,,valid
167,permit_type,clustering,Building Permit OTC,0.7777777777777778,cluster_majority,True,Accepted,,valid
169,permit_type,clustering,Electrical OTC,1.0,cluster_majority,True,Accepted,,valid
176,permit_type,clustering,Electrical OTC,0.5128205128205128,cluster_majority,True,Accepted,,valid
178,permit_type,clustering,Electrical OTC,1.0,cluster_majority,True,Accepted,,valid
179,permit_type,clustering,Electrical OTC,0.5128205128205128,cluster_majority,True,Accepted,,valid
184,permit_type,clustering,Electrical OTC,1.0,cluster_majority,True,Accepted,,valid
185,permit_type,clustering,Electrical OTC,0.5128205128205128,cluster_majority,True,Accepted,,valid
189,permit_type,clustering,Electrical OTC,0.5128205128205128,cluster_majority,True,Accepted,,valid
192,permit_type,clustering,Electrical OTC,0.5128205128205128,cluster_majority,True,Accepted,,valid
193,permit_type,clustering,Electrical OTC,1.0,cluster_majority,True,Accepted,,valid
196,permit_type,clustering,Mechanical OTC,0.9859154929577465,cluster_majority,True,Accepted,,valid
201,permit_type,clustering,Mechanical OTC,0.9859154929577465,cluster_majority,True,Accepted,,valid
203,permit_type,clustering,Mechanical OTC,0.9859154929577465,cluster_majority,True,Accepted,,valid
206,permit_type,clustering,Mechanical OTC,0.9859154929577465,cluster_majority,True,Accepted,,valid
208,permit_type,clustering,Mechanical OTC,0.9859154929577465,cluster_majority,True,Accepted,,valid
210,permit_type,clustering,Electrical OTC,0.5128205128205128,cluster_majority,True,Accepted,,valid
211,permit_type,clustering,Plumbing OTC,1.0,cluster_majority,True,Accepted,,valid
213,permit_type,clustering,Building - Full Plan Check,0.3333333333333333,cluster_majority,True,Accepted,,valid
214,permit_type,clustering,Plumbing OTC,1.0,cluster_majority,True,Accepted,,valid
217,permit_type,clustering,Plumbing OTC,1.0,cluster_majority,True,Accepted,,valid
219,permit_type,clustering,Residential Building Report,0.864,cluster_majority,True,Accepted,,valid
223,permit_type,clustering,Electrical OTC,0.5128205128205128,cluster_majority,True,Accepted,,valid
226,permit_type,clustering,Residential Building Report,0.864,cluster_majority,True,Accepted,,valid
230,permit_type,clustering,Residential Building Report,0.864,cluster_majority,True,Accepted,,valid
233,permit_type,clustering,Residential Building Report,0.864,cluster_majority,True,Accepted,,valid
234,permit_type,clustering,Residential Building Report,0.864,cluster_majority,True,Accepted,,valid
237,permit_type,clustering,Residential Building Report,0.864,cluster_majority,True,Accepted,,valid
238,permit_type,clustering,Residential Building Report,0.864,cluster_majority,True,Accepted,,valid
239,permit_type,clustering,Residential Building Report,0.864,cluster_majority,True,Accepted,,valid
240,permit_type,clustering,Residential Building Report,0.864,cluster_majority,True,Accepted,,valid
248,permit_type,clustering,Building Permit OTC,0.6201550387596899,cluster_majority,True,Accepted,,valid
258,permit_type,clustering,Building Permit OTC,0.7777777777777778,cluster_majority,True,Accepted,,valid
263,permit_type,clustering,Building - Full Plan Check,0.3333333333333333,cluster_majority,True,Accepted,,valid
264,permit_type,clustering,Building Permit OTC,0.6201550387596899,cluster_majority,True,Accepted,,valid
265,permit_type,clustering,Building - Full Plan Check,0.3333333333333333,cluster_majority,True,Accepted,,valid
266,permit_type,clustering,Building Permit OTC,0.7777777777777778,cluster_majority,True,Accepted,,valid
269,permit_type,clustering,Building Permit OTC,0.6201550387596899,cluster_majority,True,Accepted,,valid
271,permit_type,clustering,Building - Full Plan Check,0.3333333333333333,cluster_majority,True,Accepted,,valid
272,permit_type,clustering,Building Permit OTC,0.7777777777777778,cluster_majority,True,Accepted,,valid
273,permit_type,clustering,Building Permit OTC,0.7777777777777778,cluster_majority,True,Accepted,,valid
276,permit_type,clustering,Building Permit OTC,0.7777777777777778,cluster_majority,True,Accepted,,valid
282,permit_type,clustering,Building Permit OTC,0.7777777777777778,cluster_majority,True,Accepted,,valid
283,permit_type,clustering,Building Permit OTC,0.7777777777777778,cluster_majority,True,Accepted,,valid
285,permit_type,clustering,Building Permit OTC,0.7777777777777778,cluster_majority,True,Accepted,,valid
288,permit_type,clustering,Building Permit OTC,0.6201550387596899,cluster_majority,True,Accepted,,valid
290,permit_type,clustering,Building - Full Plan Check,0.3333333333333333,cluster_majority,True,Accepted,,valid
296,permit_type,clustering,Building Permit OTC,0.7777777777777778,cluster_majority,True,Accepted,,valid
298,permit_type,clustering,Building Permit OTC,0.6201550387596899,cluster_majority,True,Accepted,,valid
303,permit_type,clustering,Building - Full Plan Check,0.3333333333333333,cluster_majority,True,Accepted,,valid
304,permit_type,clustering,Building - Full Plan Check,0.3333333333333333,cluster_majority,True,Accepted,,valid
306,permit_type,clustering,Building Permit OTC,0.6201550387596899,cluster_majority,True,Accepted,,valid
312,permit_type,clustering,Electrical OTC,1.0,cluster_majority,True,Accepted,,valid
314,permit_type,clustering,Electrical OTC,1.0,cluster_majority,True,Accepted,,valid
317,permit_type,clustering,Electrical OTC,1.0,cluster_majority,True,Accepted,,valid
318,permit_type,clustering,Electrical OTC,0.5128205128205128,cluster_majority,True,Accepted,,valid
320,permit_type,clustering,Electrical OTC,1.0,cluster_majority,True,Accepted,,valid
321,permit_type,clustering,Electrical OTC,1.0,cluster_majority,True,Accepted,,valid
323,permit_type,clustering,Electrical OTC,0.5128205128205128,cluster_majority,True,Accepted,,valid
324,permit_type,clustering,Electrical OTC,1.0,cluster_majority,True,Accepted,,valid
326,permit_type,clustering,Electrical OTC,0.5128205128205128,cluster_majority,True,Accepted,,valid
328,permit_type,clustering,Electrical OTC,0.5128205128205128,cluster_majority,True,Accepted,,valid
329,permit_type,clustering,Electrical OTC,0.5128205128205128,cluster_majority,True,Accepted,,valid
330,permit_type,clustering,Building - Full Plan Check,0.3333333333333333,cluster_majority,True,Accepted,,valid
333,permit_type,clustering,Electrical OTC,1.0,cluster_majority,True,Accepted,,valid
338,permit_type,clustering,Electrical OTC,0.5128205128205128,cluster_majority,True,Accepted,,valid
340,permit_type,clustering,Mechanical OTC,0.9859154929577465,cluster_majority,True,Accepted,,valid
341,permit_type,clustering,Mechanical OTC,0.9859154929577465,cluster_majority,True,Accepted,,valid
344,permit_type,clustering,Electrical OTC,0.5128205128205128,cluster_majority,True,Accepted,,valid
345,permit_type,clustering,Mechanical OTC,0.9859154929577465,cluster_majority,True,Accepted,,valid
348,permit_type,clustering,Mechanical OTC,0.9859154929577465,cluster_majority,True,Accepted,,valid
350,permit_type,clustering,Mechanical OTC,0.9859154929577465,cluster_majority,True,Accepted,,valid
354,permit_type,clustering,Electrical OTC,0.5128205128205128,cluster_majority,True,Accepted,,valid
356,permit_type,clustering,Mechanical OTC,0.9859154929577465,cluster_majority,True,Accepted,,valid
357,permit_type,clustering,Electrical OTC,0.5128205128205128,cluster_majority,True,Accepted,,valid
361,permit_type,clustering,Electrical OTC,0.5128205128205128,cluster_majority,True,Accepted,,valid
363,permit_type,clustering,Plumbing OTC,1.0,cluster_majority,True,Accepted,,valid
365,permit_type,clustering,Plumbing OTC,1.0,cluster_majority,True,Accepted,,valid
366,permit_type,clustering,Plumbing OTC,1.0,cluster_majority,True,Accepted,,valid
367,permit_type,clustering,Plumbing OTC,1.0,cluster_majority,True,Accepted,,valid
369,permit_type,clustering,Plumbing OTC,1.0,cluster_majority,True,Accepted,,valid
373,permit_type,clustering,Plumbing OTC,1.0,cluster_majority,True,Accepted,,valid
374,permit_type,clustering,Electrical OTC,0.5128205128205128,cluster_majority,True,Accepted,,valid
375,permit_type,clustering,Plumbing OTC,1.0,cluster_majority,True,Accepted,,valid
376,permit_type,clustering,Plumbing OTC,1.0,cluster_majority,True,Accepted,,valid
377,permit_type,clustering,Plumbing OTC,1.0,cluster_majority,True,Accepted,,valid
378,permit_type,clustering,Electrical OTC,0.5128205128205128,cluster_majority,True,Accepted,,valid
379,permit_type,clustering,Residential Building Report,0.864,cluster_majority,True,Accepted,,valid
381,permit_type,clustering,Electrical OTC,0.5128205128205128,cluster_majority,True,Accepted,,valid
383,permit_type,clustering,Plumbing OTC,1.0,cluster_majority,True,Accepted,,valid
384,permit_type,clustering,Plumbing OTC,1.0,cluster_majority,True,Accepted,,valid
385,permit_type,clustering,Plumbing OTC,1.0,cluster_majority,True,Accepted,,valid
386,permit_type,clustering,Plumbing OTC,1.0,cluster_majority,True,Accepted,,valid
391,permit_type,clustering,Plumbing OTC,1.0,cluster_majority,True,Accepted,,valid
393,permit_type,clustering,Residential Building Report,0.864,cluster_majority,True,Accepted,,valid
394,permit_type,clustering,Residential Building Report,0.864,cluster_majority,True,Accepted,,valid
396,permit_type,clustering,Residential Building Report,0.864,cluster_majority,True,Accepted,,valid
397,permit_type,clustering,Residential Building Report,0.864,cluster_majority,True,Accepted,,valid
399,permit_type,clustering,Residential Building Report,0.864,cluster_majority,True,Accepted,,valid
402,permit_type,clustering,Residential Building Report,0.864,cluster_majority,True,Accepted,,valid
407,permit_type,clustering,Residential Building Report,0.864,cluster_majority,True,Accepted,,valid
411,permit_type,clustering,Residential Building Report,0.864,cluster_majority,True,Accepted,,valid
413,permit_type,clustering,Residential Building Report,0.864,cluster_majority,True,Accepted,,valid
417,permit_type,clustering,Residential Building Report,0.864,cluster_majority,True,Accepted,,valid
419,permit_type,clustering,Residential Building Report,0.864,cluster_majority,True,Accepted,,valid
420,permit_type,clustering,Residential Building Report,0.864,cluster_majority,True,Accepted,,valid
423,permit_type,clustering,Residential Building Report,0.864,cluster_majority,True,Accepted,,valid
426,permit_type,clustering,Building Permit OTC,0.6201550387596899,cluster_majority,True,Accepted,,valid
427,permit_type,clustering,Building Permit OTC,0.6201550387596899,cluster_majority,True,Accepted,,valid
428,permit_type,clustering,Building Permit OTC,0.7777777777777778,cluster_majority,True,Accepted,,valid
429,permit_type,clustering,Building - Full Plan Check,0.3333333333333333,cluster_majority,True,Accepted,,valid
435,permit_type,clustering,Building Permit OTC,0.7777777777777778,cluster_majority,True,Accepted,,valid
436,permit_type,clustering,Building Permit OTC,0.6201550387596899,cluster_majority,True,Accepted,,valid
437,permit_type,clustering,Building Permit OTC,0.6201550387596899,cluster_majority,True,Accepted,,valid
438,permit_type,clustering,Building Permit OTC,0.7777777777777778,cluster_majority,True,Accepted,,valid
444,permit_type,clustering,Building Permit OTC,0.7777777777777778,cluster_majority,True,Accepted,,valid
445,permit_type,clustering,Building Permit OTC,0.6201550387596899,cluster_majority,True,Accepted,,valid
446,permit_type,clustering,Building Permit OTC,0.7777777777777778,cluster_majority,True,Accepted,,valid
448,permit_type,clustering,Building Permit OTC,0.7777777777777778,cluster_majority,True,Accepted,,valid
455,permit_type,clustering,Building Permit OTC,0.6201550387596899,cluster_majority,True,Accepted,,valid
457,permit_type,clustering,Building Permit OTC,0.7777777777777778,cluster_majority,True,Accepted,,valid
460,permit_type,clustering,Building Permit OTC,0.7777777777777778,cluster_majority,True,Accepted,,valid
463,permit_type,clustering,Building Permit OTC,0.6201550387596899,cluster_majority,True,Accepted,,valid
464,permit_type,clustering,Building Permit OTC,0.6201550387596899,cluster_majority,True,Accepted,,valid
468,permit_type,clustering,Building - Full Plan Check,0.3333333333333333,cluster_majority,True,Accepted,,valid
472,permit_type,clustering,Electrical OTC,0.5128205128205128,cluster_majority,True,Accepted,,valid
473,permit_type,clustering,Electrical OTC,0.5128205128205128,cluster_majority,True,Accepted,,valid
474,permit_type,clustering,Building - Full Plan Check,0.3333333333333333,cluster_majority,True,Accepted,,valid
479,permit_type,clustering,Electrical OTC,1.0,cluster_majority,True,Accepted,,valid
485,permit_type,clustering,Electrical OTC,1.0,cluster_majority,True,Accepted,,valid
486,permit_type,clustering,Electrical OTC,1.0,cluster_majority,True,Accepted,,valid
487,permit_type,clustering,Electrical OTC,0.5128205128205128,cluster_majority,True,Accepted,,valid
489,permit_type,clustering,Electrical OTC,1.0,cluster_majority,True,Accepted,,valid
490,permit_type,clustering,Electrical OTC,0.5128205128205128,cluster_majority,True,Accepted,,valid
493,permit_type,clustering,Mechanical OTC,0.9859154929577465,cluster_majority,True,Accepted,,valid
494,permit_type,clustering,Electrical OTC,0.5128205128205128,cluster_majority,True,Accepted,,valid
498,permit_type,clustering,Electrical OTC,0.5128205128205128,cluster_majority,True,Accepted,,valid
500,permit_type,clustering,Mechanical OTC,0.9859154929577465,cluster_majority,True,Accepted,,valid
501,permit_type,clustering,Mechanical OTC,0.9859154929577465,cluster_majority,True,Accepted,,valid
506,permit_type,clustering,Building - Full Plan Check,0.3333333333333333,cluster_majority,True,Accepted,,valid
507,permit_type,clustering,Plumbing OTC,1.0,cluster_majority,True,Accepted,,valid
510,permit_type,clustering,Plumbing OTC,1.0,cluster_majority,True,Accepted,,valid
512,permit_type,clustering,Electrical OTC,0.5128205128205128,cluster_majority,True,Accepted,,valid
518,permit_type,clustering,Electrical OTC,0.5128205128205128,cluster_majority,True,Accepted,,valid
519,permit_type,clustering,Plumbing OTC,1.0,cluster_majority,True,Accepted,,valid
525,permit_type,clustering,Residential Building Report,0.864,cluster_majority,True,Accepted,,valid
527,permit_type,clustering,Residential Building Report,0.864,cluster_majority,True,Accepted,,valid
528,permit_type,clustering,Residential Building Report,0.864,cluster_majority,True,Accepted,,valid
529,permit_type,clustering,Residential Building Report,0.864,cluster_majority,True,Accepted,,valid
531,permit_type,clustering,Residential Building Report,0.864,cluster_majority,True,Accepted,,valid
532,permit_type,clustering,Residential Building Report,0.864,cluster_majority,True,Accepted,,valid
533,permit_type,clustering,Residential Building Report,0.864,cluster_majority,True,Accepted,,valid
534,permit_type,clustering,Residential Building Report,0.864,cluster_majority,True,Accepted,,valid
536,permit_type,clustering,Residential Building Report,0.864,cluster_majority,True,Accepted,,valid
537,permit_type,clustering,Residential Building Report,0.864,cluster_majority,True,Accepted,,valid
538,permit_type,clustering,Residential Building Report,0.864,cluster_majority,True,Accepted,,valid
541,permit_type,clustering,Building Permit OTC,0.7777777777777778,cluster_majority,True,Accepted,,valid
542,permit_type,clustering,Residential Building Report,0.864,cluster_majority,True,Accepted,,valid
543,permit_type,clustering,Building Permit OTC,0.6201550387596899,cluster_majority,True,Accepted,,valid
544,permit_type,clustering,Building Permit OTC,0.6201550387596899,cluster_majority,True,Accepted,,valid
545,permit_type,clustering,Building Permit OTC,0.6201550387596899,cluster_majority,True,Accepted,,valid
557,permit_type,clustering,Building Permit OTC,0.6201550387596899,cluster_majority,True,Accepted,,valid
558,permit_type,clustering,Building Permit OTC,0.6201550387596899,cluster_majority,True,Accepted,,valid
562,permit_type,clustering,Building Permit OTC,0.7777777777777778,cluster_majority,True,Accepted,,valid
569,permit_type,clustering,Building Permit OTC,0.7777777777777778,cluster_majority,True,Accepted,,valid
573,permit_type,clustering,Building Permit OTC,0.7777777777777778,cluster_majority,True,Accepted,,valid
576,permit_type,clustering,Electrical OTC,0.5128205128205128,cluster_majority,True,Accepted,,valid
577,permit_type,clustering,Electrical OTC,0.5128205128205128,cluster_majority,True,Accepted,,valid
581,permit_type,clustering,Building - Full Plan Check,0.3333333333333333,cluster_majority,True,Accepted,,valid
585,permit_type,clustering,Residential Building Report,0.864,cluster_majority,True,Accepted,,valid
589,permit_type,clustering,Electrical OTC,1.0,cluster_majority,True,Accepted,,valid
599,permit_type,clustering,Electrical OTC,0.5128205128205128,cluster_majority,True,Accepted,,valid
601,permit_type,clustering,Mechanical OTC,0.9859154929577465,cluster_majority,True,Accepted,,valid
602,permit_type,clustering,Electrical OTC,0.5128205128205128,cluster_majority,True,Accepted,,valid
604,permit_type,clustering,Mechanical OTC,0.9859154929577465,cluster_majority,True,Accepted,,valid
607,permit_type,clustering,Mechanical OTC,0.9859154929577465,cluster_majority,True,Accepted,,valid
610,permit_type,clustering,Plumbing OTC,1.0,cluster_majority,True,Accepted,,valid
611,permit_type,clustering,Building - Full Plan Check,0.3333333333333333,cluster_majority,True,Accepted,,valid
612,permit_type,clustering,Electrical OTC,0.5128205128205128,cluster_majority,True,Accepted,,valid
613,permit_type,clustering,Residential Building Report,0.864,cluster_majority,True,Accepted,,valid
614,permit_type,clustering,Plumbing OTC,1.0,cluster_majority,True,Accepted,,valid
615,permit_type,clustering,Building - Full Plan Check,0.3333333333333333,cluster_majority,True,Accepted,,valid
616,permit_type,clustering,Plumbing OTC,1.0,cluster_majority,True,Accepted,,valid
617,permit_type,clustering,Plumbing OTC,1.0,cluster_majority,True,Accepted,,valid
618,permit_type,clustering,Plumbing OTC,1.0,cluster_majority,True,Accepted,,valid
620,permit_type,clustering,Plumbing OTC,1.0,cluster_majority,True,Accepted,,valid
624,permit_type,clustering,Residential Building Report,0.864,cluster_majority,True,Accepted,,valid
626,permit_type,clustering,Residential Building Report,0.864,cluster_majority,True,Accepted,,valid
627,permit_type,clustering,Residential Building Report,0.864,cluster_majority,True,Accepted,,valid
629,permit_type,clustering,Residential Building Report,0.864,cluster_majority,True,Accepted,,valid
631,permit_type,clustering,Residential Building Report,0.864,cluster_majority,True,Accepted,,valid
633,permit_type,clustering,Residential Building Report,0.864,cluster_majority,True,Accepted,,valid
634,permit_type,clustering,Residential Building Report,0.864,cluster_majority,True,Accepted,,valid
635,permit_type,clustering,Residential Building Report,0.864,cluster_majority,True,Accepted,,valid
636,permit_type,clustering,Residential Building Report,0.864,cluster_majority,True,Accepted,,valid
637,permit_type,clustering,Building Permit OTC,0.6201550387596899,cluster_majority,True,Accepted,,valid
638,permit_type,clustering,Residential Building Report,0.864,cluster_majority,True,Accepted,,valid
643,permit_type,clustering,Building Permit OTC,0.6201550387596899,cluster_majority,True,Accepted,,valid
644,permit_type,clustering,Building - Full Plan Check,0.3333333333333333,cluster_majority,True,Accepted,,valid
646,permit_type,clustering,Building Permit OTC,0.7777777777777778,cluster_majority,True,Accepted,,valid
652,permit_type,clustering,Building - Full Plan Check,0.3333333333333333,cluster_majority,True,Accepted,,valid
653,permit_type,clustering,Building - Full Plan Check,0.3333333333333333,cluster_majority,True,Accepted,,valid
655,permit_type,clustering,Building Permit OTC,0.7777777777777778,cluster_majority,True,Accepted,,valid
656,permit_type,clustering,Building Permit OTC,0.7777777777777778,cluster_majority,True,Accepted,,valid
657,permit_type,clustering,Building Permit OTC,0.7777777777777778,cluster_majority,True,Accepted,,valid
660,permit_type,clustering,Building Permit OTC,0.6201550387596899,cluster_majority,True,Accepted,,valid
661,permit_type,clustering,Building Permit OTC,0.7777777777777778,cluster_majority,True,Accepted,,valid
664,permit_type,clustering,Residential Building Report,0.864,cluster_majority,True,Accepted,,valid
666,permit_type,clustering,Building Permit OTC,0.6201550387596899,cluster_majority,True,Accepted,,valid
669,permit_type,clustering,Building Permit OTC,0.6201550387596899,cluster_majority,True,Accepted,,valid
677,permit_type,clustering,Building - Full Plan Check,0.3333333333333333,cluster_majority,True,Accepted,,valid
691,permit_type,clustering,Building Permit OTC,0.6201550387596899,cluster_majority,True,Accepted,,valid
693,permit_type,clustering,Residential Building Report,0.864,cluster_majority,True,Accepted,,valid
694,permit_type,clustering,Building Permit OTC,0.7777777777777778,cluster_majority,True,Accepted,,valid
697,permit_type,clustering,Building Permit OTC,0.7777777777777778,cluster_majority,True,Accepted,,valid
699,permit_type,clustering,Building Permit OTC,0.7777777777777778,cluster_majority,True,Accepted,,valid
701,permit_type,clustering,Building Permit OTC,0.6201550387596899,cluster_majority,True,Accepted,,valid
702,permit_type,clustering,Electrical OTC,1.0,cluster_majority,True,Accepted,,valid
704,permit_type,clustering,Electrical OTC,0.5128205128205128,cluster_majority,True,Accepted,,valid
708,permit_type,clustering,Electrical OTC,0.5128205128205128,cluster_majority,True,Accepted,,valid
709,permit_type,clustering,Electrical OTC,1.0,cluster_majority,True,Accepted,,valid
710,permit_type,clustering,Electrical OTC,1.0,cluster_majority,True,Accepted,,valid
713,permit_type,clustering,Electrical OTC,1.0,cluster_majority,True,Accepted,,valid
714,permit_type,clustering,Electrical OTC,1.0,cluster_majority,True,Accepted,,valid
716,permit_type,clustering,Electrical OTC,1.0,cluster_majority,True,Accepted,,valid
718,permit_type,clustering,Electrical OTC,1.0,cluster_majority,True,Accepted,,valid
722,permit_type,clustering,Electrical OTC,1.0,cluster_majority,True,Accepted,,valid
723,permit_type,clustering,Electrical OTC,0.5128205128205128,cluster_majority,True,Accepted,,valid
725,permit_type,clustering,Electrical OTC,1.0,cluster_majority,True,Accepted,,valid
727,permit_type,clustering,Electrical OTC,0.5128205128205128,cluster_majority,True,Accepted,,valid
728,permit_type,clustering,Electrical OTC,1.0,cluster_majority,True,Accepted,,valid
729,permit_type,clustering,Electrical OTC,0.5128205128205128,cluster_majority,True,Accepted,,valid
733,permit_type,clustering,Electrical OTC,0.5128205128205128,cluster_majority,True,Accepted,,valid
734,permit_type,clustering,Electrical OTC,1.0,cluster_majority,True,Accepted,,valid
735,permit_type,clustering,Residential Building Report,0.864,cluster_majority,True,Accepted,,valid
737,permit_type,clustering,Electrical OTC,0.5128205128205128,cluster_majority,True,Accepted,,valid
739,permit_type,clustering,Mechanical OTC,0.9859154929577465,cluster_majority,True,Accepted,,valid
740,permit_type,clustering,Electrical OTC,0.5128205128205128,cluster_majority,True,Accepted,,valid
742,permit_type,clustering,Mechanical OTC,0.9859154929577465,cluster_majority,True,Accepted,,valid
749,permit_type,clustering,Mechanical OTC,0.9859154929577465,cluster_majority,True,Accepted,,valid
752,permit_type,clustering,Mechanical OTC,0.9859154929577465,cluster_majority,True,Accepted,,valid
753,permit_type,clustering,Plumbing OTC,1.0,cluster_majority,True,Accepted,,valid
754,permit_type,clustering,Plumbing OTC,1.0,cluster_majority,True,Accepted,,valid
757,permit_type,clustering,Plumbing OTC,1.0,cluster_majority,True,Accepted,,valid
759,permit_type,clustering,Plumbing OTC,1.0,cluster_majority,True,Accepted,,valid
760,permit_type,clustering,Plumbing OTC,1.0,cluster_majority,True,Accepted,,valid
761,permit_type,clustering,Plumbing OTC,1.0,cluster_majority,True,Accepted,,valid
762,permit_type,clustering,Plumbing OTC,1.0,cluster_majority,True,Accepted,,valid
766,permit_type,clustering,Plumbing OTC,1.0,cluster_majority,True,Accepted,,valid
767,permit_type,clustering,Plumbing OTC,1.0,cluster_majority,True,Accepted,,valid
768,permit_type,clustering,Plumbing OTC,1.0,cluster_majority,True,Accepted,,valid
775,permit_type,clustering,Residential Building Report,0.864,cluster_majority,True,Accepted,,valid
782,permit_type,clustering,Residential Building Report,0.864,cluster_majority,True,Accepted,,valid
784,permit_type,clustering,Residential Building Report,0.864,cluster_majority,True,Accepted,,valid
788,permit_type,clustering,Electrical OTC,0.5128205128205128,cluster_majority,True,Accepted,,valid
792,permit_type,clustering,Building - Full Plan Check,0.3333333333333333,cluster_majority,True,Accepted,,valid
793,permit_type,clustering,Building - Full Plan Check,0.3333333333333333,cluster_majority,True,Accepted,,valid
796,permit_type,clustering,Building - Full Plan Check,0.3333333333333333,cluster_majority,True,Accepted,,valid
799,permit_type,clustering,Building Permit OTC,0.6201550387596899,cluster_majority,True,Accepted,,valid
802,permit_type,clustering,Building Permit OTC,0.7777777777777778,cluster_majority,True,Accepted,,valid
803,permit_type,clustering,Building Permit OTC,0.7777777777777778,cluster_majority,True,Accepted,,valid
808,permit_type,clustering,Building Permit OTC,0.6201550387596899,cluster_majority,True,Accepted,,valid
810,permit_type,clustering,Building Permit OTC,0.7777777777777778,cluster_majority,True,Accepted,,valid
811,permit_type,clustering,Building Permit OTC,0.7777777777777778,cluster_majority,True,Accepted,,valid
812,permit_type,clustering,Building Permit OTC,0.7777777777777778,cluster_majority,True,Accepted,,valid
815,permit_type,clustering,Building Permit OTC,0.6201550387596899,cluster_majority,True,Accepted,,valid
821,permit_type,clustering,Building Permit OTC,0.6201550387596899,cluster_majority,True,Accepted,,valid
824,permit_type,clustering,Building Permit OTC,0.6201550387596899,cluster_majority,True,Accepted,,valid
827,permit_type,clustering,Building Permit OTC,0.6201550387596899,cluster_majority,True,Accepted,,valid
830,permit_type,clustering,Building Permit OTC,0.7777777777777778,cluster_majority,True,Accepted,,valid
837,permit_type,clustering,Building - Full Plan Check,0.3333333333333333,cluster_majority,True,Accepted,,valid
839,permit_type,clustering,Electrical OTC,0.5128205128205128,cluster_majority,True,Accepted,,valid
840,permit_type,clustering,Electrical OTC,0.5128205128205128,cluster_majority,True,Accepted,,valid
841,permit_type,clustering,Electrical OTC,0.5128205128205128,cluster_majority,True,Accepted,,valid
846,permit_type,clustering,Electrical OTC,0.5128205128205128,cluster_majority,True,Accepted,,valid
847,permit_type,clustering,Electrical OTC,1.0,cluster_majority,True,Accepted,,valid
852,permit_type,clustering,Electrical OTC,0.5128205128205128,cluster_majority,True,Accepted,,valid
855,permit_type,clustering,Electrical OTC,0.5128205128205128,cluster_majority,True,Accepted,,valid
857,permit_type,clustering,Residential Building Report,0.864,cluster_majority,True,Accepted,,valid
859,permit_type,clustering,Electrical OTC,1.0,cluster_majority,True,Accepted,,valid
861,permit_type,clustering,Electrical OTC,1.0,cluster_majority,True,Accepted,,valid
862,permit_type,clustering,Electrical OTC,0.5128205128205128,cluster_majority,True,Accepted,,valid
874,permit_type,clustering,Plumbing OTC,1.0,cluster_majority,True,Accepted,,valid
876,permit_type,clustering,Plumbing OTC,1.0,cluster_majority,True,Accepted,,valid
878,permit_type,clustering,Plumbing OTC,1.0,cluster_majority,True,Accepted,,valid
881,permit_type,clustering,Electrical OTC,0.5128205128205128,cluster_majority,True,Accepted,,valid
883,permit_type,clustering,Plumbing OTC,1.0,cluster_majority,True,Accepted,,valid
891,permit_type,clustering,Residential Building Report,0.864,cluster_majority,True,Accepted,,valid
892,permit_type,clustering,Residential Building Report,0.864,cluster_majority,True,Accepted,,valid
894,permit_type,clustering,Residential Building Report,0.864,cluster_majority,True,Accepted,,valid
897,permit_type,clustering,Residential Building Report,0.864,cluster_majority,True,Accepted,,valid
899,permit_type,clustering,Residential Building Report,0.864,cluster_majority,True,Accepted,,valid
901,permit_type,clustering,Building Permit OTC,0.6201550387596899,cluster_majority,True,Accepted,,valid
904,permit_type,clustering,Building - Full Plan Check,0.3333333333333333,cluster_majority,True,Accepted,,valid
905,permit_type,clustering,Building - Full Plan Check,0.3333333333333333,cluster_majority,True,Accepted,,valid
908,permit_type,clustering,Building - Full Plan Check,0.3333333333333333,cluster_majority,True,Accepted,,valid
918,permit_type,clustering,Building Permit OTC,0.7777777777777778,cluster_majority,True,Accepted,,valid
925,permit_type,clustering,Building Permit OTC,0.6201550387596899,cluster_majority,True,Accepted,,valid
926,permit_type,clustering,Building Permit OTC,0.6201550387596899,cluster_majority,True,Accepted,,valid
927,permit_type,clustering,Building - Full Plan Check,0.3333333333333333,cluster_majority,True,Accepted,,valid
928,permit_type,clustering,Building Permit OTC,0.7777777777777778,cluster_majority,True,Accepted,,valid
934,permit_type,clustering,Building - Full Plan Check,0.3333333333333333,cluster_majority,True,Accepted,,valid
938,permit_type,clustering,Building Permit OTC,0.6201550387596899,cluster_majority,True,Accepted,,valid
939,permit_type,clustering,Building Permit OTC,0.6201550387596899,cluster_majority,True,Accepted,,valid
940,permit_type,clustering,Building Permit OTC,0.6201550387596899,cluster_majority,True,Accepted,,valid
944,permit_type,clustering,Building Permit OTC,0.6201550387596899,cluster_majority,True,Accepted,,valid
949,permit_type,clustering,Electrical OTC,0.5128205128205128,cluster_majority,True,Accepted,,valid
952,permit_type,clustering,Building - Full Plan Check,0.3333333333333333,cluster_majority,True,Accepted,,valid
953,permit_type,clustering,Electrical OTC,1.0,cluster_majority,True,Accepted,,valid
954,permit_type,clustering,Electrical OTC,0.5128205128205128,cluster_majority,True,Accepted,,valid
957,permit_type,clustering,Electrical OTC,1.0,cluster_majority,True,Accepted,,valid
960,permit_type,clustering,Electrical OTC,1.0,cluster_majority,True,Accepted,,valid
964,permit_type,clustering,Electrical OTC,1.0,cluster_majority,True,Accepted,,valid
974,permit_type,clustering,Mechanical OTC,0.9859154929577465,cluster_majority,True,Accepted,,valid
977,permit_type,clustering,Mechanical OTC,0.9859154929577465,cluster_majority,True,Accepted,,valid
979,permit_type,clustering,Mechanical OTC,0.9859154929577465,cluster_majority,True,Accepted,,valid
980,permit_type,clustering,Mechanical OTC,0.9859154929577465,cluster_majority,True,Accepted,,valid
981,permit_type,clustering,Electrical OTC,0.5128205128205128,cluster_majority,True,Accepted,,valid
986,permit_type,clustering,Electrical OTC,0.5128205128205128,cluster_majority,True,Accepted,,valid
989,permit_type,clustering,Building - Full Plan Check,0.3333333333333333,cluster_majority,True,Accepted,,valid
992,permit_type,clustering,Plumbing OTC,1.0,cluster_majority,True,Accepted,,valid
993,permit_type,clustering,Plumbing OTC,1.0,cluster_majority,True,Accepted,,valid
996,permit_type,clustering,Plumbing OTC,1.0,cluster_majority,True,Accepted,,valid
998,permit_type,clustering,Plumbing OTC,1.0,cluster_majority,True,Accepted,,valid
1001,permit_type,clustering,Plumbing OTC,1.0,cluster_majority,True,Accepted,,valid
1002,permit_type,clustering,Plumbing OTC,1.0,cluster_majority,True,Accepted,,valid
1003,permit_type,clustering,Plumbing OTC,1.0,cluster_majority,True,Accepted,,valid
1004,permit_type,clustering,Electrical OTC,0.5128205128205128,cluster_majority,True,Accepted,,valid
1006,permit_type,clustering,Electrical OTC,0.5128205128205128,cluster_majority,True,Accepted,,valid
1007,permit_type,clustering,Plumbing OTC,1.0,cluster_majority,True,Accepted,,valid
1015,permit_type,clustering,Residential Building Report,0.864,cluster_majority,True,Accepted,,valid
1017,permit_type,clustering,Residential Building Report,0.864,cluster_majority,True,Accepted,,valid
1029,permit_type,clustering,Building - Full Plan Check,0.3333333333333333,cluster_majority,True,Accepted,,valid
1034,permit_type,clustering,Building Permit OTC,0.6201550387596899,cluster_majority,True,Accepted,,valid
1037,permit_type,clustering,Building Permit OTC,0.6201550387596899,cluster_majority,True,Accepted,,valid
1038,permit_type,clustering,Building Permit OTC,0.6201550387596899,cluster_majority,True,Accepted,,valid
1039,permit_type,clustering,Building Permit OTC,0.6201550387596899,cluster_majority,True,Accepted,,valid
1047,permit_type,clustering,Building Permit OTC,0.6201550387596899,cluster_majority,True,Accepted,,valid
1048,permit_type,clustering,Building Permit OTC,0.6201550387596899,cluster_majority,True,Accepted,,valid
1050,permit_type,clustering,Building Permit OTC,0.7777777777777778,cluster_majority,True,Accepted,,valid
1052,permit_type,clustering,Building Permit OTC,0.6201550387596899,cluster_majority,True,Accepted,,valid
1054,permit_type,clustering,Building Permit OTC,0.6201550387596899,cluster_majority,True,Accepted,,valid
1055,permit_type,clustering,Building Permit OTC,0.6201550387596899,cluster_majority,True,Accepted,,valid
1057,permit_type,clustering,Building Permit OTC,0.7777777777777778,cluster_majority,True,Accepted,,valid
1059,permit_type,clustering,Building Permit OTC,0.7777777777777778,cluster_majority,True,Accepted,,valid
1061,permit_type,clustering,Building Permit OTC,0.6201550387596899,cluster_majority,True,Accepted,,valid
1062,permit_type,clustering,Building Permit OTC,0.7777777777777778,cluster_majority,True,Accepted,,valid
1063,permit_type,clustering,Building Permit OTC,0.7777777777777778,cluster_majority,True,Accepted,,valid
1066,permit_type,clustering,Electrical OTC,1.0,cluster_majority,True,Accepted,,valid
1067,permit_type,clustering,Electrical OTC,1.0,cluster_majority,True,Accepted,,valid
1069,permit_type,clustering,Electrical OTC,1.0,cluster_majority,True,Accepted,,valid
1073,permit_type,clustering,Electrical OTC,1.0,cluster_majority,True,Accepted,,valid
1074,permit_type,clustering,Electrical OTC,1.0,cluster_majority,True,Accepted,,valid
1075,permit_type,clustering,Residential Building Report,0.864,cluster_majority,True,Accepted,,valid
1077,permit_type,clustering,Electrical OTC,1.0,cluster_majority,True,Accepted,,valid
1078,permit_type,clustering,Electrical OTC,0.5128205128205128,cluster_majority,True,Accepted,,valid
1079,permit_type,clustering,Mechanical OTC,0.9859154929577465,cluster_majority,True,Accepted,,valid
1081,permit_type,clustering,Mechanical OTC,0.9859154929577465,cluster_majority,True,Accepted,,valid
1084,permit_type,clustering,Mechanical OTC,0.9859154929577465,cluster_majority,True,Accepted,,valid
1089,permit_type,clustering,Plumbing OTC,1.0,cluster_majority,True,Accepted,,valid
1093,permit_type,clustering,Plumbing OTC,1.0,cluster_majority,True,Accepted,,valid
1094,permit_type,clustering,Plumbing OTC,1.0,cluster_majority,True,Accepted,,valid
1098,permit_type,clustering,Electrical OTC,0.5128205128205128,cluster_majority,True,Accepted,,valid
1105,permit_type,clustering,Residential Building Report,0.864,cluster_majority,True,Accepted,,valid
1108,permit_type,clustering,Residential Building Report,0.864,cluster_majority,True,Accepted,,valid
1111,permit_type,clustering,Residential Building Report,0.864,cluster_majority,True,Accepted,,valid
1114,permit_type,clustering,Building Permit OTC,0.6201550387596899,cluster_majority,True,Accepted,,valid
1116,permit_type,clustering,Building Permit OTC,0.6201550387596899,cluster_majority,True,Accepted,,valid
1119,permit_type,clustering,Building Permit OTC,0.7777777777777778,cluster_majority,True,Accepted,,valid
1120,permit_type,clustering,Building Permit OTC,0.6201550387596899,cluster_majority,True,Accepted,,valid
1126,permit_type,clustering,Building Permit OTC,0.6201550387596899,cluster_majority,True,Accepted,,valid
1133,permit_type,clustering,Building Permit OTC,0.6201550387596899,cluster_majority,True,Accepted,,valid
1134,permit_type,clustering,Residential Building Report,0.864,cluster_majority,True,Accepted,,valid
1136,permit_type,clustering,Building Permit OTC,0.6201550387596899,cluster_majority,True,Accepted,,valid
1138,permit_type,clustering,Building Permit OTC,0.7777777777777778,cluster_majority,True,Accepted,,valid
1139,permit_type,clustering,Building Permit OTC,0.6201550387596899,cluster_majority,True,Accepted,,valid
1140,permit_type,clustering,Building Permit OTC,0.7777777777777778,cluster_majority,True,Accepted,,valid
1141,permit_type,clustering,Building Permit OTC,0.7777777777777778,cluster_majority,True,Accepted,,valid
1144,permit_type,clustering,Building Permit OTC,0.6201550387596899,cluster_majority,True,Accepted,,valid
1146,permit_type,clustering,Building Permit OTC,0.7777777777777778,cluster_majority,True,Accepted,,valid
1148,permit_type,clustering,Building Permit OTC,0.7777777777777778,cluster_majority,True,Accepted,,valid
1150,permit_type,clustering,Residential Building Report,0.864,cluster_majority,True,Accepted,,valid
1151,permit_type,clustering,Building Permit OTC,0.7777777777777778,cluster_majority,True,Accepted,,valid
1152,permit_type,clustering,Building Permit OTC,0.6201550387596899,cluster_majority,True,Accepted,,valid
1153,permit_type,clustering,Building Permit OTC,0.6201550387596899,cluster_majority,True,Accepted,,valid
1156,permit_type,clustering,Building Permit OTC,0.6201550387596899,cluster_majority,True,Accepted,,valid
1160,permit_type,clustering,Residential Building Report,0.864,cluster_majority,True,Accepted,,valid
1162,permit_type,clustering,Building Permit OTC,0.6201550387596899,cluster_majority,True,Accepted,,valid
1163,permit_type,clustering,Building Permit OTC,0.7777777777777778,cluster_majority,True,Accepted,,valid
1166,permit_type,clustering,Electrical OTC,1.0,cluster_majority,True,Accepted,,valid
1167,permit_type,clustering,Residential Building Report,0.864,cluster_majority,True,Accepted,,valid
1168,permit_type,clustering,Building - Full Plan Check,0.3333333333333333,cluster_majority,True,Accepted,,valid
1169,permit_type,clustering,Electrical OTC,0.5128205128205128,cluster_majority,True,Accepted,,valid
1170,permit_type,clustering,Electrical OTC,1.0,cluster_majority,True,Accepted,,valid
1176,permit_type,clustering,Electrical OTC,0.5128205128205128,cluster_majority,True,Accepted,,valid
1178,permit_type,clustering,Electrical OTC,1.0,cluster_majority,True,Accepted,,valid
1182,permit_type,clustering,Electrical OTC,0.5128205128205128,cluster_majority,True,Accepted,,valid
1185,permit_type,clustering,Electrical OTC,1.0,cluster_majority,True,Accepted,,valid
1189,permit_type,clustering,Mechanical OTC,0.9859154929577465,cluster_majority,True,Accepted,,valid
1190,permit_type,clustering,Mechanical OTC,0.9859154929577465,cluster_majority,True,Accepted,,valid
1199,permit_type,clustering,Plumbing OTC,1.0,cluster_majority,True,Accepted,,valid
1200,permit_type,clustering,Plumbing OTC,1.0,cluster_majority,True,Accepted,,valid
1201,permit_type,clustering,Plumbing OTC,1.0,cluster_majority,True,Accepted,,valid
1203,permit_type,clustering,Plumbing OTC,1.0,cluster_majority,True,Accepted,,valid
1204,permit_type,clustering,Plumbing OTC,1.0,cluster_majority,True,Accepted,,valid
1205,permit_type,clustering,Plumbing OTC,1.0,cluster_majority,True,Accepted,,valid
1209,permit_type,clustering,Residential Building Report,0.864,cluster_majority,True,Accepted,,valid
1211,permit_type,clustering,Residential Building Report,0.864,cluster_majority,True,Accepted,,valid
1213,permit_type,clustering,Residential Building Report,0.864,cluster_majority,True,Accepted,,valid
1215,permit_type,clustering,Residential Building Report,0.864,cluster_majority,True,Accepted,,valid
1216,permit_type,clustering,Building Permit OTC,0.7777777777777778,cluster_majority,True,Accepted,,valid
1218,permit_type,clustering,Building Permit OTC,0.7777777777777778,cluster_majority,True,Accepted,,valid
1219,permit_type,clustering,Building Permit OTC,0.6201550387596899,cluster_majority,True,Accepted,,valid
1220,permit_type,clustering,Building - Full Plan Check,0.3333333333333333,cluster_majority,True,Accepted,,valid
1221,permit_type,clustering,Building Permit OTC,0.6201550387596899,cluster_majority,True,Accepted,,valid
1222,permit_type,clustering,Building - Full Plan Check,0.3333333333333333,cluster_majority,True,Accepted,,valid
1223,permit_type,clustering,Building - Full Plan Check,0.3333333333333333,cluster_majority,True,Accepted,,valid
1226,permit_type,clustering,Building - Full Plan Check,0.3333333333333333,cluster_majority,True,Accepted,,valid
1227,permit_type,clustering,Building Permit OTC,0.7777777777777778,cluster_majority,True,Accepted,,valid
1231,permit_type,clustering,Building Permit OTC,0.6201550387596899,cluster_majority,True,Accepted,,valid
1233,permit_type,clustering,Building - Full Plan Check,0.3333333333333333,cluster_majority,True,Accepted,,valid
1234,permit_type,clustering,Building Permit OTC,0.6201550387596899,cluster_majority,True,Accepted,,valid
1238,permit_type,clustering,Building Permit OTC,0.7777777777777778,cluster_majority,True,Accepted,,valid
1242,permit_type,clustering,Building Permit OTC,0.6201550387596899,cluster_majority,True,Accepted,,valid
1243,permit_type,clustering,Building Permit OTC,0.7777777777777778,cluster_majority,True,Accepted,,valid
1244,permit_type,clustering,Building Permit OTC,0.7777777777777778,cluster_majority,True,Accepted,,valid
1247,permit_type,clustering,Building Permit OTC,0.7777777777777778,cluster_majority,True,Accepted,,valid
1249,permit_type,clustering,Building - Full Plan Check,0.3333333333333333,cluster_majority,True,Accepted,,valid
1250,permit_type,clustering,Building Permit OTC,0.6201550387596899,cluster_majority,True,Accepted,,valid
1253,permit_type,clustering,Building Permit OTC,0.6201550387596899,cluster_majority,True,Accepted,,valid
1254,permit_type,clustering,Building Permit OTC,0.7777777777777778,cluster_majority,True,Accepted,,valid
1255,permit_type,clustering,Building Permit OTC,0.7777777777777778,cluster_majority,True,Accepted,,valid
1257,permit_type,clustering,Building Permit OTC,0.6201550387596899,cluster_majority,True,Accepted,,valid
1263,permit_type,clustering,Building Permit OTC,0.7777777777777778,cluster_majority,True,Accepted,,valid
1268,permit_type,clustering,Building Permit OTC,0.6201550387596899,cluster_majority,True,Accepted,,valid
1269,permit_type,clustering,Building Permit OTC,0.7777777777777778,cluster_majority,True,Accepted,,valid
1271,permit_type,clustering,Building Permit OTC,0.7777777777777778,cluster_majority,True,Accepted,,valid
1273,permit_type,clustering,Electrical OTC,0.5128205128205128,cluster_majority,True,Accepted,,valid
1275,permit_type,clustering,Electrical OTC,0.5128205128205128,cluster_majority,True,Accepted,,valid
1276,permit_type,clustering,Electrical OTC,0.5128205128205128,cluster_majority,True,Accepted,,valid
1279,permit_type,clustering,Electrical OTC,0.5128205128205128,cluster_majority,True,Accepted,,valid
1280,permit_type,clustering,Electrical OTC,0.5128205128205128,cluster_majority,True,Accepted,,valid
1283,permit_type,clustering,Electrical OTC,0.5128205128205128,cluster_majority,True,Accepted,,valid
1289,permit_type,clustering,Electrical OTC,1.0,cluster_majority,True,Accepted,,valid
1291,permit_type,clustering,Electrical OTC,1.0,cluster_majority,True,Accepted,,valid
1293,permit_type,clustering,Electrical OTC,0.5128205128205128,cluster_majority,True,Accepted,,valid
1294,permit_type,clustering,Residential Building Report,0.864,cluster_majority,True,Accepted,,valid
1296,permit_type,clustering,Residential Building Report,0.864,cluster_majority,True,Accepted,,valid
1301,permit_type,clustering,Electrical OTC,1.0,cluster_majority,True,Accepted,,valid
1302,permit_type,clustering,Electrical OTC,1.0,cluster_majority,True,Accepted,,valid
1303,permit_type,clustering,Building - Full Plan Check,0.3333333333333333,cluster_majority,True,Accepted,,valid
1304,permit_type,clustering,Electrical OTC,0.5128205128205128,cluster_majority,True,Accepted,,valid
1305,permit_type,clustering,Building - Full Plan Check,0.3333333333333333,cluster_majority,True,Accepted,,valid
1320,permit_type,clustering,Mechanical OTC,0.9859154929577465,cluster_majority,True,Accepted,,valid
1321,permit_type,clustering,Mechanical OTC,0.9859154929577465,cluster_majority,True,Accepted,,valid
1322,permit_type,clustering,Mechanical OTC,0.9859154929577465,cluster_majority,True,Accepted,,valid
1323,permit_type,clustering,Plumbing OTC,1.0,cluster_majority,True,Accepted,,valid
1324,permit_type,clustering,Building Permit OTC,0.6201550387596899,cluster_majority,True,Accepted,,valid
1325,permit_type,clustering,Building Permit OTC,0.6201550387596899,cluster_majority,True,Accepted,,valid
1326,permit_type,clustering,Plumbing OTC,1.0,cluster_majority,True,Accepted,,valid
1328,permit_type,clustering,Electrical OTC,0.5128205128205128,cluster_majority,True,Accepted,,valid
1329,permit_type,clustering,Plumbing OTC,1.0,cluster_majority,True,Accepted,,valid
1330,permit_type,clustering,Plumbing OTC,1.0,cluster_majority,True,Accepted,,valid
1332,permit_type,clustering,Plumbing OTC,1.0,cluster_majority,True,Accepted,,valid
1336,permit_type,clustering,Plumbing OTC,1.0,cluster_majority,True,Accepted,,valid
1337,permit_type,clustering,Electrical OTC,0.5128205128205128,cluster_majority,True,Accepted,,valid
1338,permit_type,clustering,Plumbing OTC,1.0,cluster_majority,True,Accepted,,valid
1339,permit_type,clustering,Plumbing OTC,1.0,cluster_majority,True,Accepted,,valid
1340,permit_type,clustering,Plumbing OTC,1.0,cluster_majority,True,Accepted,,valid
1342,permit_type,clustering,Residential Building Report,0.864,cluster_majority,True,Accepted,,valid
1343,permit_type,clustering,Electrical OTC,0.5128205128205128,cluster_majority,True,Accepted,,valid
1344,permit_type,clustering,Plumbing OTC,1.0,cluster_majority,True,Accepted,,valid
1345,permit_type,clustering,Plumbing OTC,1.0,cluster_majority,True,Accepted,,valid
1347,permit_type,clustering,Residential Building Report,0.864,cluster_majority,True,Accepted,,valid
1348,permit_type,clustering,Residential Building Report,0.864,cluster_majority,True,Accepted,,valid
1349,permit_type,clustering,Residential Building Report,0.864,cluster_majority,True,Accepted,,valid
1350,permit_type,clustering,Residential Building Report,0.864,cluster_majority,True,Accepted,,valid
1354,permit_type,clustering,Residential Building Report,0.864,cluster_majority,True,Accepted,,valid
1357,permit_type,clustering,Residential Building Report,0.864,cluster_majority,True,Accepted,,valid
1358,permit_type,clustering,Residential Building Report,0.864,cluster_majority,True,Accepted,,valid
6,permit_type,knn,Building - Full Plan Check,0.6,nearest_neighbors,True,Accepted,,valid
8,permit_type,knn,Building - Full Plan Check,0.4,nearest_neighbors,True,Accepted,,valid
11,permit_type,knn,Building - In House Plan Check,0.6,nearest_neighbors,True,Accepted,,valid
17,permit_type,knn,Building Permit OTC,1.0,nearest_neighbors,True,Accepted,,valid
20,permit_type,knn,Building Permit OTC,1.0,nearest_neighbors,True,Accepted,,valid
22,permit_type,knn,Building Permit OTC,1.0,nearest_neighbors,True,Accepted,,valid
23,permit_type,knn,Building Permit OTC,0.8,nearest_neighbors,True,Accepted,,valid
24,permit_type,knn,Building - In House Plan Check,0.8,nearest_neighbors,True,Accepted,,valid
26,permit_type,knn,Building Permit OTC,0.8,nearest_neighbors,True,Accepted,,valid
28,permit_type,knn,Building Permit OTC,1.0,nearest_neighbors,True,Accepted,,valid
29,permit_type,knn,Building Permit OTC,1.0,nearest_neighbors,True,Accepted,,valid
31,permit_type,knn,Building Permit OTC,0.8,nearest_neighbors,True,Accepted,,valid
33,permit_type,knn,Building Permit OTC,0.8,nearest_neighbors,True,Accepted,,valid
34,permit_type,knn,Building Permit OTC,0.8,nearest_neighbors,True,Accepted,,valid
38,permit_type,knn,Building Permit OTC,1.0,nearest_neighbors,True,Accepted,,valid
42,permit_type,knn,Electrical OTC,1.0,nearest_neighbors,True,Accepted,,valid
44,permit_type,knn,Electrical OTC,1.0,nearest_neighbors,True,Accepted,,valid
52,permit_type,knn,Electrical OTC,0.8,nearest_neighbors,True,Accepted,,valid
54,permit_type,knn,Electrical OTC,1.0,nearest_neighbors,True,Accepted,,valid
56,permit_type,knn,Electrical OTC,1.0,nearest_neighbors,True,Accepted,,valid
58,permit_type,knn,Electrical OTC,1.0,nearest_neighbors,True,Accepted,,valid
67,permit_type,knn,Electrical OTC,1.0,nearest_neighbors,True,Accepted,,valid
71,permit_type,knn,Mechanical OTC,1.0,nearest_neighbors,True,Accepted,,valid
72,permit_type,knn,Mechanical OTC,1.0,nearest_neighbors,True,Accepted,,valid
73,permit_type,knn,Mechanical OTC,1.0,nearest_neighbors,True,Accepted,,valid
74,permit_type,knn,Mechanical OTC,1.0,nearest_neighbors,True,Accepted,,valid
75,permit_type,knn,Mechanical OTC,1.0,nearest_neighbors,True,Accepted,,valid
78,permit_type,knn,Mechanical OTC,1.0,nearest_neighbors,True,Accepted,,valid
81,permit_type,knn,Mechanical OTC,0.8,nearest_neighbors,True,Accepted,,valid
82,permit_type,knn,Plumbing OTC,1.0,nearest_neighbors,True,Accepted,,valid
86,permit_type,knn,Plumbing OTC,1.0,nearest_neighbors,True,Accepted,,valid
88,permit_type,knn,Plumbing OTC,1.0,nearest_neighbors,True,Accepted,,valid
89,permit_type,knn,Plumbing OTC,1.0,nearest_neighbors,True,Accepted,,valid
90,permit_type,knn,Plumbing OTC,1.0,nearest_neighbors,True,Accepted,,valid
91,permit_type,knn,Plumbing OTC,1.0,nearest_neighbors,True,Accepted,,valid
100,permit_type,knn,Plumbing OTC,1.0,nearest_neighbors,True,Accepted,,valid
101,permit_type,knn,Plumbing OTC,1.0,nearest_neighbors,True,Accepted,,valid
105,permit_type,knn,Residential Building Report,1.0,nearest_neighbors,True,Accepted,,valid
107,permit_type,knn,Residential Building Report,1.0,nearest_neighbors,True,Accepted,,valid
111,permit_type,knn,Residential Building Report,1.0,nearest_neighbors,True,Accepted,,valid
112,permit_type,knn,Residential Building Report,1.0,nearest_neighbors,True,Accepted,,valid
116,permit_type,knn,Residential Building Report,1.0,nearest_neighbors,True,Accepted,,valid
120,permit_type,knn,Building - Full Plan Check,1.0,nearest_neighbors,True,Accepted,,valid
122,permit_type,knn,Building - Full Plan Check,0.6666666666666666,nearest_neighbors,True,Accepted,,valid
123,permit_type,knn,Building Permit OTC,1.0,nearest_neighbors,True,Accepted,,valid
128,permit_type,knn,Building Permit OTC,1.0,nearest_neighbors,True,Accepted,,valid
131,permit_type,knn,Building - In House Plan Check,0.6,nearest_neighbors,True,Accepted,,valid
132,permit_type,knn,Building Permit OTC,1.0,nearest_neighbors,True,Accepted,,valid
134,permit_type,knn,Building Permit OTC,1.0,nearest_neighbors,True,Accepted,,valid
135,permit_type,knn,Building Permit OTC,1.0,nearest_neighbors,True,Accepted,,valid
137,permit_type,knn,Building Permit OTC,1.0,nearest_neighbors,True,Accepted,,valid
140,permit_type,knn,Building Permit OTC,0.6666666666666666,nearest_neighbors,True,Accepted,,valid
141,permit_type,knn,Building Permit OTC,0.8,nearest_neighbors,True,Accepted,,valid
142,permit_type,knn,Building Permit OTC,1.0,nearest_neighbors,True,Accepted,,valid
145,permit_type,knn,Building Permit OTC,0.8,nearest_neighbors,True,Accepted,,valid
148,permit_type,knn,Building - In House Plan Check,0.6,nearest_neighbors,True,Accepted,,valid
150,permit_type,knn,Building Permit OTC,1.0,nearest_neighbors,True,Accepted,,valid
152,permit_type,knn,Building Permit OTC,0.8,nearest_neighbors,True,Accepted,,valid
153,permit_type,knn,Building Permit OTC,1.0,nearest_neighbors,True,Accepted,,valid
155,permit_type,knn,Building Permit OTC,0.6,nearest_neighbors,True,Accepted,,valid
156,permit_type,knn,Building Permit OTC,1.0,nearest_neighbors,True,Accepted,,valid
157,permit_type,knn,Building - In House Plan Check,0.6,nearest_neighbors,True,Accepted,,valid
160,permit_type,knn,Building Permit OTC,1.0,nearest_neighbors,True,Accepted,,valid
162,permit_type,knn,Building Permit OTC,0.5,nearest_neighbors,True,Accepted,,valid
164,permit_type,knn,Building Permit OTC,1.0,nearest_neighbors,True,Accepted,,valid
165,permit_type,knn,Building Permit OTC,1.0,nearest_neighbors,True,Accepted,,valid
166,permit_type,knn,Building Permit OTC,0.8,nearest_neighbors,True,Accepted,,valid
167,permit_type,knn,Building Permit OTC,1.0,nearest_neighbors,True,Accepted,,valid
169,permit_type,knn,Electrical OTC,1.0,nearest_neighbors,True,Accepted,,valid
176,permit_type,knn,Electrical OTC,1.0,nearest_neighbors,True,Accepted,,valid
178,permit_type,knn,Electrical OTC,1.0,nearest_neighbors,True,Accepted,,valid
179,permit_type,knn,Electrical OTC,1.0,nearest_neighbors,True,Accepted,,valid
184,permit_type,knn,Electrical OTC,1.0,nearest_neighbors,True,Accepted,,valid
185,permit_type,knn,Electrical OTC,1.0,nearest_neighbors,True,Accepted,,valid
189,permit_type,knn,Electrical OTC,1.0,nearest_neighbors,True,Accepted,,valid
192,permit_type,knn,Electrical OTC,0.8,nearest_neighbors,True,Accepted,,valid
193,permit_type,knn,Electrical OTC,1.0,nearest_neighbors,True,Accepted,,valid
196,permit_type,knn,Mechanical OTC,1.0,nearest_neighbors,True,Accepted,,valid
201,permit_type,knn,Mechanical OTC,1.0,nearest_neighbors,True,Accepted,,valid
203,permit_type,knn,Mechanical OTC,1.0,nearest_neighbors,True,Accepted,,valid
206,permit_type,knn,Mechanical OTC,1.0,nearest_neighbors,True,Accepted,,valid
208,permit_type,knn,Mechanical OTC,1.0,nearest_neighbors,True,Accepted,,valid
210,permit_type,knn,Plumbing OTC,1.0,nearest_neighbors,True,Accepted,,valid
211,permit_type,knn,Plumbing OTC,1.0,nearest_neighbors,True,Accepted,,valid
213,permit_type,knn,Electrical OTC,0.4,nearest_neighbors,True,Accepted,,valid
214,permit_type,knn,Plumbing OTC,1.0,nearest_neighbors,True,Accepted,,valid
217,permit_type,knn,Plumbing OTC,1.0,nearest_neighbors,True,Accepted,,valid
219,permit_type,knn,Plumbing OTC,1.0,nearest_neighbors,True,Accepted,,valid
223,permit_type,knn,Plumbing OTC,0.8,nearest_neighbors,True,Accepted,,valid
226,permit_type,knn,Residential Building Report,1.0,nearest_neighbors,True,Accepted,,valid
230,permit_type,knn,Residential Building Report,1.0,nearest_neighbors,True,Accepted,,valid
233,permit_type,knn,Residential Building Report,1.0,nearest_neighbors,True,Accepted,,valid
234,permit_type,knn,Residential Building Report,1.0,nearest_neighbors,True,Accepted,,valid
237,permit_type,knn,Residential Building Report,1.0,nearest_neighbors,True,Accepted,,valid
238,permit_type,knn,Residential Building Report,1.0,nearest_neighbors,True,Accepted,,valid
239,permit_type,knn,Residential Building Report,1.0,nearest_neighbors,True,Accepted,,valid
240,permit_type,knn,Residential Building Report,1.0,nearest_neighbors,True,Accepted,,valid
248,permit_type,knn,Building - Full Plan Check,1.0,nearest_neighbors,True,Accepted,,valid
258,permit_type,knn,Building Permit OTC,1.0,nearest_neighbors,True,Accepted,,valid
263,permit_type,knn,Building - In House Plan Check,0.6666666666666666,nearest_neighbors,True,Accepted,,valid
264,permit_type,knn,Building - In House Plan Check,0.8,nearest_neighbors,True,Accepted,,valid
265,permit_type,knn,Building - Full Plan Check,0.6,nearest_neighbors,True,Accepted,,valid
266,permit_type,knn,Building Permit OTC,1.0,nearest_neighbors,True,Accepted,,valid
269,permit_type,knn,Building - In House Plan Check,0.8,nearest_neighbors,True,Accepted,,valid
271,permit_type,knn,Building Permit OTC,1.0,nearest_neighbors,True,Accepted,,valid
272,permit_type,knn,Building Permit OTC,1.0,nearest_neighbors,True,Accepted,,valid
273,permit_type,knn,Building Permit OTC,0.8,nearest_neighbors,True,Accepted,,valid
276,permit_type,knn,Building Permit OTC,0.8,nearest_neighbors,True,Accepted,,valid
282,permit_type,knn,Building Permit OTC,1.0,nearest_neighbors,True,Accepted,,valid
283,permit_type,knn,Building Permit OTC,1.0,nearest_neighbors,True,Accepted,,valid
285,permit_type,knn,Building Permit OTC,1.0,nearest_neighbors,True,Accepted,,valid
288,permit_type,knn,Building Permit OTC,1.0,nearest_neighbors,True,Accepted,,valid
290,permit_type,knn,Building Permit OTC,1.0,nearest_neighbors,True,Accepted,,valid
296,permit_type,knn,Building Permit OTC,1.0,nearest_neighbors,True,Accepted,,valid
298,permit_type,knn,Building Permit OTC,0.8,nearest_neighbors,True,Accepted,,valid
303,permit_type,knn,Building - Full Plan Check,1.0,nearest_neighbors,True,Accepted,,valid
304,permit_type,knn,Building - In House Plan Check,0.6,nearest_neighbors,True,Accepted,,valid
306,permit_type,knn,Building - In House Plan Check,0.6,nearest_neighbors,True,Accepted,,valid
312,permit_type,knn,Electrical OTC,1.0,nearest_neighbors,True,Accepted,,valid
314,permit_type,knn,Electrical OTC,1.0,nearest_neighbors,True,Accepted,,valid
317,permit_type,knn,Electrical OTC,1.0,nearest_neighbors,True,Accepted,,valid
318,permit_type,knn,Electrical OTC,0.8,nearest_neighbors,True,Accepted,,valid
320,permit_type,knn,Electrical OTC,1.0,nearest_neighbors,True,Accepted,,valid
321,permit_type,knn,Electrical OTC,1.0,nearest_neighbors,True,Accepted,,valid
323,permit_type,knn,Electrical OTC,1.0,nearest_neighbors,True,Accepted,,valid
324,permit_type,knn,Electrical OTC,1.0,nearest_neighbors,True,Accepted,,valid
326,permit_type,knn,Electrical OTC,0.8,nearest_neighbors,True,Accepted,,valid
328,permit_type,knn,Electrical OTC,1.0,nearest_neighbors,True,Accepted,,valid
329,permit_type,knn,Electrical OTC,1.0,nearest_neighbors,True,Accepted,,valid
330,permit_type,knn,Electrical OTC,1.0,nearest_neighbors,True,Accepted,,valid
333,permit_type,knn,Electrical OTC,1.0,nearest_neighbors,True,Accepted,,valid
338,permit_type,knn,Electrical OTC,1.0,nearest_neighbors,True,Accepted,,valid
340,permit_type,knn,Mechanical OTC,1.0,nearest_neighbors,True,Accepted,,valid
341,permit_type,knn,Mechanical OTC,1.0,nearest_neighbors,True,Accepted,,valid
344,permit_type,knn,Mechanical OTC,1.0,nearest_neighbors,True,Accepted,,valid
345,permit_type,knn,Mechanical OTC,1.0,nearest_neighbors,True,Accepted,,valid
348,permit_type,knn,Mechanical OTC,1.0,nearest_neighbors,True,Accepted,,valid
350,permit_type,knn,Mechanical OTC,1.0,nearest_neighbors,True,Accepted,,valid
354,permit_type,knn,Mechanical OTC,1.0,nearest_neighbors,True,Accepted,,valid
356,permit_type,knn,Mechanical OTC,1.0,nearest_neighbors,True,Accepted,,valid
357,permit_type,knn,Mechanical OTC,0.8,nearest_neighbors,True,Accepted,,valid
361,permit_type,knn,Mechanical OTC,1.0,nearest_neighbors,True,Accepted,,valid
363,permit_type,knn,Plumbing OTC,1.0,nearest_neighbors,True,Accepted,,valid
365,permit_type,knn,Plumbing OTC,1.0,nearest_neighbors,True,Accepted,,valid
366,permit_type,knn,Plumbing OTC,1.0,nearest_neighbors,True,Accepted,,valid
367,permit_type,knn,Plumbing OTC,1.0,nearest_neighbors,True,Accepted,,valid
369,permit_type,knn,Plumbing OTC,1.0,nearest_neighbors,True,Accepted,,valid
373,permit_type,knn,Plumbing OTC,1.0,nearest_neighbors,True,Accepted,,valid
374,permit_type,knn,Building Permit OTC,0.6,nearest_neighbors,True,Accepted,,valid
375,permit_type,knn,Plumbing OTC,1.0,nearest_neighbors,True,Accepted,,valid
376,permit_type,knn,Plumbing OTC,1.0,nearest_neighbors,True,Accepted,,valid
377,permit_type,knn,Plumbing OTC,1.0,nearest_neighbors,True,Accepted,,valid
378,permit_type,knn,Plumbing OTC,0.8,nearest_neighbors,True,Accepted,,valid
379,permit_type,knn,Plumbing OTC,1.0,nearest_neighbors,True,Accepted,,valid
381,permit_type,knn,Plumbing OTC,1.0,nearest_neighbors,True,Accepted,,valid
383,permit_type,knn,Plumbing OTC,1.0,nearest_neighbors,True,Accepted,,valid
384,permit_type,knn,Plumbing OTC,1.0,nearest_neighbors,True,Accepted,,valid
385,permit_type,knn,Plumbing OTC,1.0,nearest_neighbors,True,Accepted,,valid
386,permit_type,knn,Plumbing OTC,1.0,nearest_neighbors,True,Accepted,,valid
391,permit_type,knn,Plumbing OTC,1.0,nearest_neighbors,True,Accepted,,valid
393,permit_type,knn,Residential Building Report,1.0,nearest_neighbors,True,Accepted,,valid
394,permit_type,knn,Residential Building Report,1.0,nearest_neighbors,True,Accepted,,valid
396,permit_type,knn,Residential Building Report,1.0,nearest_neighbors,True,Accepted,,valid
397,permit_type,knn,Residential Building Report,1.0,nearest_neighbors,True,Accepted,,valid
399,permit_type,knn,Residential Building Report,1.0,nearest_neighbors,True,Accepted,,valid
402,permit_type,knn,Residential Building Report,1.0,nearest_neighbors,True,Accepted,,valid
407,permit_type,knn,Residential Building Report,1.0,nearest_neighbors,True,Accepted,,valid
411,permit_type,knn,Residential Building Report,1.0,nearest_neighbors,True,Accepted,,valid
413,permit_type,knn,Residential Building Report,1.0,nearest_neighbors,True,Accepted,,valid
417,permit_type,knn,Residential Building Report,1.0,nearest_neighbors,True,Accepted,,valid
419,permit_type,knn,Residential Building Report,1.0,nearest_neighbors,True,Accepted,,valid
420,permit_type,knn,Residential Building Report,1.0,nearest_neighbors,True,Accepted,,valid
423,permit_type,knn,Residential Building Report,1.0,nearest_neighbors,True,Accepted,,valid
426,permit_type,knn,Building Permit OTC,0.6,nearest_neighbors,True,Accepted,,valid
427,permit_type,knn,Building - Full Plan Check,1.0,nearest_neighbors,True,Accepted,,valid
428,permit_type,knn,Building - In House Plan Check,0.6,nearest_neighbors,True,Accepted,,valid
429,permit_type,knn,Building - In House Plan Check,1.0,nearest_neighbors,True,Accepted,,valid
435,permit_type,knn,Building Permit OTC,1.0,nearest_neighbors,True,Accepted,,valid
436,permit_type,knn,Building Permit OTC,1.0,nearest_neighbors,True,Accepted,,valid
437,permit_type,knn,Building Permit OTC,1.0,nearest_neighbors,True,Accepted,,valid
438,permit_type,knn,Building - In House Plan Check,0.6,nearest_neighbors,True,Accepted,,valid
444,permit_type,knn,Building Permit OTC,0.6,nearest_neighbors,True,Accepted,,valid
445,permit_type,knn,Building Permit OTC,1.0,nearest_neighbors,True,Accepted,,valid
446,permit_type,knn,Building Permit OTC,1.0,nearest_neighbors,True,Accepted,,valid
448,permit_type,knn,Building - Full Plan Check,0.5,nearest_neighbors,True,Accepted,,valid
455,permit_type,knn,Building Permit OTC,0.8,nearest_neighbors,True,Accepted,,valid
457,permit_type,knn,Building Permit OTC,1.0,nearest_neighbors,True,Accepted,,valid
460,permit_type,knn,Building Permit OTC,1.0,nearest_neighbors,True,Accepted,,valid
463,permit_type,knn,Building Permit OTC,1.0,nearest_neighbors,True,Accepted,,valid
464,permit_type,knn,Building Permit OTC,1.0,nearest_neighbors,True,Accepted,,valid
468,permit_type,knn,Electrical OTC,1.0,nearest_neighbors,True,Accepted,,valid
472,permit_type,knn,Electrical OTC,0.8,nearest_neighbors,True,Accepted,,valid
473,permit_type,knn,Electrical OTC,1.0,nearest_neighbors,True,Accepted,,valid
474,permit_type,knn,Electrical OTC,1.0,nearest_neighbors,True,Accepted,,valid
479,permit_type,knn,Electrical OTC,1.0,nearest_neighbors,True,Accepted,,valid
485,permit_type,knn,Electrical OTC,1.0,nearest_neighbors,True,Accepted,,valid
486,permit_type,knn,Electrical OTC,1.0,nearest_neighbors,True,Accepted,,valid
487,permit_type,knn,Electrical OTC,1.0,nearest_neighbors,True,Accepted,,valid
489,permit_type,knn,Electrical OTC,1.0,nearest_neighbors,True,Accepted,,valid
490,permit_type,knn,Electrical OTC,1.0,nearest_neighbors,True,Accepted,,valid
493,permit_type,knn,Mechanical OTC,1.0,nearest_neighbors,True,Accepted,,valid
494,permit_type,knn,Mechanical OTC,1.0,nearest_neighbors,True,Accepted,,valid
498,permit_type,knn,Mechanical OTC,1.0,nearest_neighbors,True,Accepted,,valid
500,permit_type,knn,Mechanical OTC,1.0,nearest_neighbors,True,Accepted,,valid
501,permit_type,knn,Mechanical OTC,1.0,nearest_neighbors,True,Accepted,,valid
506,permit_type,knn,Plumbing OTC,1.0,nearest_neighbors,True,Accepted,,valid
507,permit_type,knn,Plumbing OTC,1.0,nearest_neighbors,True,Accepted,,valid
510,permit_type,knn,Plumbing OTC,1.0,nearest_neighbors,True,Accepted,,valid
512,permit_type,knn,Building Permit OTC,0.4,nearest_neighbors,True,Accepted,,valid
518,permit_type,knn,Plumbing OTC,0.8,nearest_neighbors,True,Accepted,,valid
519,permit_type,knn,Plumbing OTC,1.0,nearest_neighbors,True,Accepted,,valid
525,permit_type,knn,Residential Building Report,1.0,nearest_neighbors,True,Accepted,,valid
527,permit_type,knn,Residential Building Report,1.0,nearest_neighbors,True,Accepted,,valid
528,permit_type,knn,Residential Building Report,1.0,nearest_neighbors,True,Accepted,,valid
529,permit_type,knn,Residential Building Report,1.0,nearest_neighbors,True,Accepted,,valid
531,permit_type,knn,Residential Building Report,1.0,nearest_neighbors,True,Accepted,,valid
532,permit_type,knn,Residential Building Report,1.0,nearest_neighbors,True,Accepted,,valid
533,permit_type,knn,Residential Building Report,1.0,nearest_neighbors,True,Accepted,,valid
534,permit_type,knn,Residential Building Report,1.0,nearest_neighbors,True,Accepted,,valid
536,permit_type,knn,Residential Building Report,1.0,nearest_neighbors,True,Accepted,,valid
537,permit_type,knn,Residential Building Report,1.0,nearest_neighbors,True,Accepted,,valid
538,permit_type,knn,Residential Building Report,1.0,nearest_neighbors,True,Accepted,,valid
541,permit_type,knn,Solar Permit,1.0,nearest_neighbors,True,Accepted,,valid
542,permit_type,knn,Residential Building Report,1.0,nearest_neighbors,True,Accepted,,valid
543,permit_type,knn,Building - Full Plan Check,0.4530818393219728,nearest_neighbors,True,Accepted,,valid
544,permit_type,knn,Building - Full Plan Check,0.6666666666666666,nearest_neighbors,True,Accepted,,valid
545,permit_type,knn,Building Permit OTC,0.6,nearest_neighbors,True,Accepted,,valid
557,permit_type,knn,Building Permit OTC,0.4,nearest_neighbors,True,Accepted,,valid
558,permit_type,knn,Building Permit OTC,0.6,nearest_neighbors,True,Accepted,,valid
562,permit_type,knn,Building Permit OTC,1.0,nearest_neighbors,True,Accepted,,valid
569,permit_type,knn,Building Permit OTC,1.0,nearest_neighbors,True,Accepted,,valid
573,permit_type,knn,Building Permit OTC,1.0,nearest_neighbors,True,Accepted,,valid
576,permit_type,knn,Electrical OTC,0.8,nearest_neighbors,True,Accepted,,valid
577,permit_type,knn,Electrical OTC,0.8,nearest_neighbors,True,Accepted,,valid
581,permit_type,knn,Electrical OTC,1.0,nearest_neighbors,True,Accepted,,valid
585,permit_type,knn,Electrical OTC,0.75,nearest_neighbors,True,Accepted,,valid
589,permit_type,knn,Electrical OTC,1.0,nearest_neighbors,True,Accepted,,valid
599,permit_type,knn,Mechanical OTC,1.0,nearest_neighbors,True,Accepted,,valid
601,permit_type,knn,Mechanical OTC,1.0,nearest_neighbors,True,Accepted,,valid
602,permit_type,knn,Mechanical OTC,1.0,nearest_neighbors,True,Accepted,,valid
604,permit_type,knn,Mechanical OTC,1.0,nearest_neighbors,True,Accepted,,valid
607,permit_type,knn,Mechanical OTC,1.0,nearest_neighbors,True,Accepted,,valid
610,permit_type,knn,Plumbing OTC,1.0,nearest_neighbors,True,Accepted,,valid
611,permit_type,knn,Plumbing OTC,0.42488944758883257,nearest_neighbors,True,Accepted,,valid
612,permit_type,knn,Plumbing OTC,0.8,nearest_neighbors,True,Accepted,,valid
613,permit_type,knn,Plumbing OTC,1.0,nearest_neighbors,True,Accepted,,valid
614,permit_type,knn,Plumbing OTC,1.0,nearest_neighbors,True,Accepted,,valid
615,permit_type,knn,Plumbing OTC,0.42488944758883257,nearest_neighbors,True,Accepted,,valid
616,permit_type,knn,Plumbing OTC,1.0,nearest_neighbors,True,Accepted,,valid
617,permit_type,knn,Plumbing OTC,1.0,nearest_neighbors,True,Accepted,,valid
618,permit_type,knn,Plumbing OTC,1.0,nearest_neighbors,True,Accepted,,valid
620,permit_type,knn,Plumbing OTC,1.0,nearest_neighbors,True,Accepted,,valid
624,permit_type,knn,Residential Building Report,1.0,nearest_neighbors,True,Accepted,,valid
626,permit_type,knn,Residential Building Report,1.0,nearest_neighbors,True,Accepted,,valid
627,permit_type,knn,Residential Building Report,1.0,nearest_neighbors,True,Accepted,,valid
629,permit_type,knn,Residential Building Report,1.0,nearest_neighbors,True,Accepted,,valid
631,permit_type,knn,Residential Building Report,1.0,nearest_neighbors,True,Accepted,,valid
633,permit_type,knn,Residential Building Report,1.0,nearest_neighbors,True,Accepted,,valid
634,permit_type,knn,Residential Building Report,1.0,nearest_neighbors,True,Accepted,,valid
635,permit_type,knn,Residential Building Report,1.0,nearest_neighbors,True,Accepted,,valid
636,permit_type,knn,Residential Building Report,1.0,nearest_neighbors,True,Accepted,,valid
637,permit_type,knn,Building - In House Plan Check,0.8,nearest_neighbors,True,Accepted,,valid
638,permit_type,knn,Address Change,1.0,nearest_neighbors,True,Accepted,,valid
643,permit_type,knn,Building - Full Plan Check,1.0,nearest_neighbors,True,Accepted,,valid
644,permit_type,knn,Building - In House Plan Check,0.6,nearest_neighbors,True,Accepted,,valid
646,permit_type,knn,Building Permit OTC,1.0,nearest_neighbors,True,Accepted,,valid
652,permit_type,knn,Building - In House Plan Check,0.6,nearest_neighbors,True,Accepted,,valid
653,permit_type,knn,Building - In House Plan Check,0.6,nearest_neighbors,True,Accepted,,valid
655,permit_type,knn,Building Permit OTC,0.6666666666666666,nearest_neighbors,True,Accepted,,valid
656,permit_type,knn,Building Permit OTC,1.0,nearest_neighbors,True,Accepted,,valid
657,permit_type,knn,Building - In House Plan Check,0.5,nearest_neighbors,True,Accepted,,valid
660,permit_type,knn,Building - In House Plan Check,0.8,nearest_neighbors,True,Accepted,,valid
661,permit_type,knn,Building - In House Plan Check,0.6,nearest_neighbors,True,Accepted,,valid
664,permit_type,knn,Building Permit OTC,1.0,nearest_neighbors,True,Accepted,,valid
666,permit_type,knn,Building Permit OTC,1.0,nearest_neighbors,True,Accepted,,valid
669,permit_type,knn,Building Permit OTC,1.0,nearest_neighbors,True,Accepted,,valid
677,permit_type,knn,Building - In House Plan Check,0.6666666666666666,nearest_neighbors,True,Accepted,,valid
691,permit_type,knn,Building Permit OTC,0.8,nearest_neighbors,True,Accepted,,valid
693,permit_type,knn,Building Permit OTC,1.0,nearest_neighbors,True,Accepted,,valid
694,permit_type,knn,Building Permit OTC,1.0,nearest_neighbors,True,Accepted,,valid
697,permit_type,knn,Building Permit OTC,1.0,nearest_neighbors,True,Accepted,,valid
699,permit_type,knn,Building Permit OTC,1.0,nearest_neighbors,True,Accepted,,valid
701,permit_type,knn,Building Permit OTC,1.0,nearest_neighbors,True,Accepted,,valid
702,permit_type,knn,Electrical OTC,1.0,nearest_neighbors,True,Accepted,,valid
704,permit_type,knn,Electrical OTC,0.8,nearest_neighbors,True,Accepted,,valid
708,permit_type,knn,Electrical OTC,0.8,nearest_neighbors,True,Accepted,,valid
709,permit_type,knn,Electrical OTC,1.0,nearest_neighbors,True,Accepted,,valid
710,permit_type,knn,Electrical OTC,1.0,nearest_neighbors,True,Accepted,,valid
713,permit_type,knn,Electrical OTC,1.0,nearest_neighbors,True,Accepted,,valid
714,permit_type,knn,Electrical OTC,1.0,nearest_neighbors,True,Accepted,,valid
716,permit_type,knn,Electrical OTC,1.0,nearest_neighbors,True,Accepted,,valid
718,permit_type,knn,Electrical OTC,1.0,nearest_neighbors,True,Accepted,,valid
722,permit_type,knn,Electrical OTC,1.0,nearest_neighbors,True,Accepted,,valid
723,permit_type,knn,Electrical OTC,1.0,nearest_neighbors,True,Accepted,,valid
725,permit_type,knn,Electrical OTC,1.0,nearest_neighbors,True,Accepted,,valid
727,permit_type,knn,Electrical OTC,1.0,nearest_neighbors,True,Accepted,,valid
728,permit_type,knn,Electrical OTC,1.0,nearest_neighbors,True,Accepted,,valid
729,permit_type,knn,Electrical OTC,1.0,nearest_neighbors,True,Accepted,,valid
733,permit_type,knn,Electrical OTC,0.8,nearest_neighbors,True,Accepted,,valid
734,permit_type,knn,Electrical OTC,1.0,nearest_neighbors,True,Accepted,,valid
735,permit_type,knn,Historical Building Record,0.6666666666666666,nearest_neighbors,True,Accepted,,valid
737,permit_type,knn,Mechanical OTC,1.0,nearest_neighbors,True,Accepted,,valid
739,permit_type,knn,Mechanical OTC,1.0,nearest_neighbors,True,Accepted,,valid
740,permit_type,knn,Mechanical OTC,1.0,nearest_neighbors,True,Accepted,,valid
742,permit_type,knn,Mechanical OTC,0.8,nearest_neighbors,True,Accepted,,valid
749,permit_type,knn,Mechanical OTC,1.0,nearest_neighbors,True,Accepted,,valid
752,permit_type,knn,Mechanical OTC,0.8,nearest_neighbors,True,Accepted,,valid
753,permit_type,knn,Plumbing OTC,1.0,nearest_neighbors,True,Accepted,,valid
754,permit_type,knn,Plumbing OTC,1.0,nearest_neighbors,True,Accepted,,valid
757,permit_type,knn,Plumbing OTC,1.0,nearest_neighbors,True,Accepted,,valid
759,permit_type,knn,Plumbing OTC,1.0,nearest_neighbors,True,Accepted,,valid
760,permit_type,knn,Plumbing OTC,1.0,nearest_neighbors,True,Accepted,,valid
761,permit_type,knn,Plumbing OTC,1.0,nearest_neighbors,True,Accepted,,valid
762,permit_type,knn,Plumbing OTC,1.0,nearest_neighbors,True,Accepted,,valid
766,permit_type,knn,Plumbing OTC,1.0,nearest_neighbors,True,Accepted,,valid
767,permit_type,knn,Plumbing OTC,1.0,nearest_neighbors,True,Accepted,,valid
768,permit_type,knn,Plumbing OTC,1.0,nearest_neighbors,True,Accepted,,valid
775,permit_type,knn,Residential Building Report,1.0,nearest_neighbors,True,Accepted,,valid
782,permit_type,knn,Residential Building Report,1.0,nearest_neighbors,True,Accepted,,valid
784,permit_type,knn,Residential Building Report,1.0,nearest_neighbors,True,Accepted,,valid
788,permit_type,knn,Residential Building Report,0.6,nearest_neighbors,True,Accepted,,valid
792,permit_type,knn,Building - Full Plan Check,0.8,nearest_neighbors,True,Accepted,,valid
793,permit_type,knn,Building - Full Plan Check,1.0,nearest_neighbors,True,Accepted,,valid
796,permit_type,knn,Building - Full Plan Check,1.0,nearest_neighbors,True,Accepted,,valid
799,permit_type,knn,Building Permit OTC,1.0,nearest_neighbors,True,Accepted,,valid
802,permit_type,knn,Building Permit OTC,0.6666666666666666,nearest_neighbors,True,Accepted,,valid
803,permit_type,knn,Solar Permit,1.0,nearest_neighbors,True,Accepted,,valid
808,permit_type,knn,Building - In House Plan Check,0.8,nearest_neighbors,True,Accepted,,valid
810,permit_type,knn,Building Permit OTC,1.0,nearest_neighbors,True,Accepted,,valid
811,permit_type,knn,Building Permit OTC,1.0,nearest_neighbors,True,Accepted,,valid
812,permit_type,knn,Building Permit OTC,1.0,nearest_neighbors,True,Accepted,,valid
815,permit_type,knn,Building Permit OTC,1.0,nearest_neighbors,True,Accepted,,valid
821,permit_type,knn,Building Permit OTC,0.8,nearest_neighbors,True,Accepted,,valid
824,permit_type,knn,Building Permit OTC,1.0,nearest_neighbors,True,Accepted,,valid
827,permit_type,knn,Building Permit OTC,1.0,nearest_neighbors,True,Accepted,,valid
830,permit_type,knn,Building - In House Plan Check,0.6,nearest_neighbors,True,Accepted,,valid
837,permit_type,knn,Electrical OTC,1.0,nearest_neighbors,True,Accepted,,valid
839,permit_type,knn,Electrical OTC,0.8,nearest_neighbors,True,Accepted,,valid
840,permit_type,knn,Electrical OTC,1.0,nearest_neighbors,True,Accepted,,valid
841,permit_type,knn,Electrical OTC,1.0,nearest_neighbors,True,Accepted,,valid
846,permit_type,knn,Electrical OTC,1.0,nearest_neighbors,True,Accepted,,valid
847,permit_type,knn,Electrical OTC,1.0,nearest_neighbors,True,Accepted,,valid
852,permit_type,knn,Electrical OTC,1.0,nearest_neighbors,True,Accepted,,valid
855,permit_type,knn,Electrical OTC,1.0,nearest_neighbors,True,Accepted,,valid
857,permit_type,knn,Electrical OTC,0.75,nearest_neighbors,True,Accepted,,valid
859,permit_type,knn,Electrical OTC,1.0,nearest_neighbors,True,Accepted,,valid
861,permit_type,knn,Electrical OTC,1.0,nearest_neighbors,True,Accepted,,valid
862,permit_type,knn,Electrical OTC,1.0,nearest_neighbors,True,Accepted,,valid
874,permit_type,knn,Plumbing OTC,1.0,nearest_neighbors,True,Accepted,,valid
876,permit_type,knn,Plumbing OTC,1.0,nearest_neighbors,True,Accepted,,valid
878,permit_type,knn,Plumbing OTC,1.0,nearest_neighbors,True,Accepted,,valid
881,permit_type,knn,Building Permit OTC,0.6,nearest_neighbors,True,Accepted,,valid
883,permit_type,knn,Plumbing OTC,1.0,nearest_neighbors,True,Accepted,,valid
891,permit_type,knn,Residential Building Report,1.0,nearest_neighbors,True,Accepted,,valid
892,permit_type,knn,Residential Building Report,1.0,nearest_neighbors,True,Accepted,,valid
894,permit_type,knn,Residential Building Report,1.0,nearest_neighbors,True,Accepted,,valid
897,permit_type,knn,Residential Building Report,1.0,nearest_neighbors,True,Accepted,,valid
899,permit_type,knn,Residential Building Report,1.0,nearest_neighbors,True,Accepted,,valid
901,permit_type,knn,Building - Full Plan Check,1.0,nearest_neighbors,True,Accepted,,valid
904,permit_type,knn,Building - In House Plan Check,0.6,nearest_neighbors,True,Accepted,,valid
905,permit_type,knn,Building - Full Plan Check,1.0,nearest_neighbors,True,Accepted,,valid
908,permit_type,knn,Building - In House Plan Check,0.6,nearest_neighbors,True,Accepted,,valid
918,permit_type,knn,Building Permit OTC,1.0,nearest_neighbors,True,Accepted,,valid
925,permit_type,knn,Building Permit OTC,1.0,nearest_neighbors,True,Accepted,,valid
926,permit_type,knn,Solar Permit,1.0,nearest_neighbors,True,Accepted,,valid
927,permit_type,knn,Building - In House Plan Check,0.6,nearest_neighbors,True,Accepted,,valid
928,permit_type,knn,Building - Full Plan Check,0.5,nearest_neighbors,True,Accepted,,valid
934,permit_type,knn,Building - In House Plan Check,0.6,nearest_neighbors,True,Accepted,,valid
938,permit_type,knn,Building Permit OTC,1.0,nearest_neighbors,True,Accepted,,valid
939,permit_type,knn,Building Permit OTC,1.0,nearest_neighbors,True,Accepted,,valid
940,permit_type,knn,Building Permit OTC,1.0,nearest_neighbors,True,Accepted,,valid
944,permit_type,knn,Building Permit OTC,0.6,nearest_neighbors,True,Accepted,,valid
949,permit_type,knn,Electrical OTC,1.0,nearest_neighbors,True,Accepted,,valid
952,permit_type,knn,Electrical OTC,1.0,nearest_neighbors,True,Accepted,,valid
953,permit_type,knn,Electrical OTC,1.0,nearest_neighbors,True,Accepted,,valid
954,permit_type,knn,Electrical OTC,1.0,nearest_neighbors,True,Accepted,,valid
957,permit_type,knn,Electrical OTC,1.0,nearest_neighbors,True,Accepted,,valid
960,permit_type,knn,Electrical OTC,1.0,nearest_neighbors,True,Accepted,,valid
964,permit_type,knn,Electrical OTC,1.0,nearest_neighbors,True,Accepted,,valid
974,permit_type,knn,Mechanical OTC,1.0,nearest_neighbors,True,Accepted,,valid
977,permit_type,knn,Mechanical OTC,0.8,nearest_neighbors,True,Accepted,,valid
979,permit_type,knn,Mechanical OTC,1.0,nearest_neighbors,True,Accepted,,valid
980,permit_type,knn,Mechanical OTC,1.0,nearest_neighbors,True,Accepted,,valid
981,permit_type,knn,Mechanical OTC,1.0,nearest_neighbors,True,Accepted,,valid
986,permit_type,knn,Mechanical OTC,1.0,nearest_neighbors,True,Accepted,,valid
989,permit_type,knn,Plumbing OTC,0.42488944758883257,nearest_neighbors,True,Accepted,,valid
992,permit_type,knn,Plumbing OTC,1.0,nearest_neighbors,True,Accepted,,valid
993,permit_type,knn,Plumbing OTC,1.0,nearest_neighbors,True,Accepted,,valid
996,permit_type,knn,Plumbing OTC,1.0,nearest_neighbors,True,Accepted,,valid
998,permit_type,knn,Plumbing OTC,1.0,nearest_neighbors,True,Accepted,,valid
1001,permit_type,knn,Plumbing OTC,1.0,nearest_neighbors,True,Accepted,,valid
1002,permit_type,knn,Plumbing OTC,1.0,nearest_neighbors,True,Accepted,,valid
1003,permit_type,knn,Plumbing OTC,1.0,nearest_neighbors,True,Accepted,,valid
1004,permit_type,knn,Plumbing OTC,0.6,nearest_neighbors,True,Accepted,,valid
1006,permit_type,knn,Plumbing OTC,1.0,nearest_neighbors,True,Accepted,,valid
1007,permit_type,knn,Plumbing OTC,1.0,nearest_neighbors,True,Accepted,,valid
1015,permit_type,knn,Residential Building Report,1.0,nearest_neighbors,True,Accepted,,valid
1017,permit_type,knn,Residential Building Report,1.0,nearest_neighbors,True,Accepted,,valid
1029,permit_type,knn,Building - Full Plan Check,0.8,nearest_neighbors,True,Accepted,,valid
1034,permit_type,knn,Building Permit OTC,1.0,nearest_neighbors,True,Accepted,,valid
1037,permit_type,knn,Building Permit OTC,1.0,nearest_neighbors,True,Accepted,,valid
1038,permit_type,knn,Building Permit OTC,1.0,nearest_neighbors,True,Accepted,,valid
1039,permit_type,knn,Building Permit OTC,1.0,nearest_neighbors,True,Accepted,,valid
1047,permit_type,knn,Building Permit OTC,0.6,nearest_neighbors,True,Accepted,,valid
1048,permit_type,knn,Building Permit OTC,0.6,nearest_neighbors,True,Accepted,,valid
1050,permit_type,knn,Building Permit OTC,1.0,nearest_neighbors,True,Accepted,,valid
1052,permit_type,knn,Building Permit OTC,1.0,nearest_neighbors,True,Accepted,,valid
1054,permit_type,knn,Building Permit OTC,0.8,nearest_neighbors,True,Accepted,,valid
1055,permit_type,knn,Building - In House Plan Check,0.6,nearest_neighbors,True,Accepted,,valid
1057,permit_type,knn,Building Permit OTC,0.6666666666666666,nearest_neighbors,True,Accepted,,valid
1059,permit_type,knn,Building Permit OTC,1.0,nearest_neighbors,True,Accepted,,valid
1061,permit_type,knn,Building Permit OTC,0.8,nearest_neighbors,True,Accepted,,valid
1062,permit_type,knn,Building Permit OTC,1.0,nearest_neighbors,True,Accepted,,valid
1063,permit_type,knn,Building Permit OTC,0.6666666666666666,nearest_neighbors,True,Accepted,,valid
1066,permit_type,knn,Electrical OTC,1.0,nearest_neighbors,True,Accepted,,valid
1067,permit_type,knn,Electrical OTC,1.0,nearest_neighbors,True,Accepted,,valid
1069,permit_type,knn,Electrical OTC,1.0,nearest_neighbors,True,Accepted,,valid
1073,permit_type,knn,Electrical OTC,1.0,nearest_neighbors,True,Accepted,,valid
1074,permit_type,knn,Electrical OTC,1.0,nearest_neighbors,True,Accepted,,valid
1075,permit_type,knn,Electrical OTC,0.75,nearest_neighbors,True,Accepted,,valid
1077,permit_type,knn,Electrical OTC,1.0,nearest_neighbors,True,Accepted,,valid
1078,permit_type,knn,Electrical OTC,1.0,nearest_neighbors,True,Accepted,,valid
1079,permit_type,knn,Mechanical OTC,1.0,nearest_neighbors,True,Accepted,,valid
1081,permit_type,knn,Mechanical OTC,1.0,nearest_neighbors,True,Accepted,,valid
1084,permit_type,knn,Mechanical OTC,1.0,nearest_neighbors,True,Accepted,,valid
1089,permit_type,knn,Plumbing OTC,1.0,nearest_neighbors,True,Accepted,,valid
1093,permit_type,knn,Plumbing OTC,1.0,nearest_neighbors,True,Accepted,,valid
1094,permit_type,knn,Plumbing OTC,1.0,nearest_neighbors,True,Accepted,,valid
1098,permit_type,knn,Plumbing OTC,0.8,nearest_neighbors,True,Accepted,,valid
1105,permit_type,knn,Residential Building Report,1.0,nearest_neighbors,True,Accepted,,valid
1108,permit_type,knn,Residential Building Report,1.0,nearest_neighbors,True,Accepted,,valid
1111,permit_type,knn,Residential Building Report,1.0,nearest_neighbors,True,Accepted,,valid
1114,permit_type,knn,Building Permit OTC,1.0,nearest_neighbors,True,Accepted,,valid
1116,permit_type,knn,Building Permit OTC,1.0,nearest_neighbors,True,Accepted,,valid
1119,permit_type,knn,Building - In House Plan Check,0.6,nearest_neighbors,True,Accepted,,valid
1120,permit_type,knn,Building Permit OTC,0.6,nearest_neighbors,True,Accepted,,valid
1126,permit_type,knn,Building Permit OTC,1.0,nearest_neighbors,True,Accepted,,valid
1133,permit_type,knn,Building Permit OTC,0.8,nearest_neighbors,True,Accepted,,valid
1134,permit_type,knn,Building Permit OTC,1.0,nearest_neighbors,True,Accepted,,valid
1136,permit_type,knn,Building Permit OTC,1.0,nearest_neighbors,True,Accepted,,valid
1138,permit_type,knn,Building Permit OTC,1.0,nearest_neighbors,True,Accepted,,valid
1139,permit_type,knn,Building Permit OTC,1.0,nearest_neighbors,True,Accepted,,valid
1140,permit_type,knn,Building Permit OTC,0.8,nearest_neighbors,True,Accepted,,valid
1141,permit_type,knn,Building Permit OTC,0.8,nearest_neighbors,True,Accepted,,valid
1144,permit_type,knn,Building Permit OTC,1.0,nearest_neighbors,True,Accepted,,valid
1146,permit_type,knn,Building Permit OTC,1.0,nearest_neighbors,True,Accepted,,valid
1148,permit_type,knn,Building Permit OTC,1.0,nearest_neighbors,True,Accepted,,valid
1150,permit_type,knn,Building Permit OTC,1.0,nearest_neighbors,True,Accepted,,valid
1151,permit_type,knn,Building Permit OTC,1.0,nearest_neighbors,True,Accepted,,valid
1152,permit_type,knn,Building Permit OTC,1.0,nearest_neighbors,True,Accepted,,valid
1153,permit_type,knn,Building Permit OTC,1.0,nearest_neighbors,True,Accepted,,valid
1156,permit_type,knn,Building Permit OTC,0.8,nearest_neighbors,True,Accepted,,valid
1160,permit_type,knn,Building Permit OTC,1.0,nearest_neighbors,True,Accepted,,valid
1162,permit_type,knn,Building Permit OTC,0.8,nearest_neighbors,True,Accepted,,valid
1163,permit_type,knn,Building Permit OTC,1.0,nearest_neighbors,True,Accepted,,valid
1166,permit_type,knn,Electrical OTC,1.0,nearest_neighbors,True,Accepted,,valid
1167,permit_type,knn,Electrical OTC,0.75,nearest_neighbors,True,Accepted,,valid
1168,permit_type,knn,Electrical OTC,1.0,nearest_neighbors,True,Accepted,,valid
1169,permit_type,knn,Electrical OTC,0.8,nearest_neighbors,True,Accepted,,valid
1170,permit_type,knn,Electrical OTC,1.0,nearest_neighbors,True,Accepted,,valid
1176,permit_type,knn,Electrical OTC,0.8,nearest_neighbors,True,Accepted,,valid
1178,permit_type,knn,Electrical OTC,1.0,nearest_neighbors,True,Accepted,,valid
1182,permit_type,knn,Electrical OTC,1.0,nearest_neighbors,True,Accepted,,valid
1185,permit_type,knn,Electrical OTC,1.0,nearest_neighbors,True,Accepted,,valid
1189,permit_type,knn,Mechanical OTC,1.0,nearest_neighbors,True,Accepted,,valid
1190,permit_type,knn,Mechanical OTC,0.8,nearest_neighbors,True,Accepted,,valid
1199,permit_type,knn,Plumbing OTC,1.0,nearest_neighbors,True,Accepted,,valid
1200,permit_type,knn,Plumbing OTC,1.0,nearest_neighbors,True,Accepted,,valid
1201,permit_type,knn,Plumbing OTC,1.0,nearest_neighbors,True,Accepted,,valid
1203,permit_type,knn,Plumbing OTC,1.0,nearest_neighbors,True,Accepted,,valid
1204,permit_type,knn,Plumbing OTC,1.0,nearest_neighbors,True,Accepted,,valid
1205,permit_type,knn,Plumbing OTC,1.0,nearest_neighbors,True,Accepted,,valid
1209,permit_type,knn,Residential Building Report,1.0,nearest_neighbors,True,Accepted,,valid
1211,permit_type,knn,Residential Building Report,1.0,nearest_neighbors,True,Accepted,,valid
1213,permit_type,knn,Residential Building Report,1.0,nearest_neighbors,True,Accepted,,valid
1215,permit_type,knn,Residential Building Report,1.0,nearest_neighbors,True,Accepted,,valid
1216,permit_type,knn,Plumbing OTC,0.6,nearest_neighbors,True,Accepted,,valid
1218,permit_type,knn,Building - In House Plan Check,1.0,nearest_neighbors,True,Accepted,,valid
1219,permit_type,knn,Building - In House Plan Check,0.8,nearest_neighbors,True,Accepted,,valid
1220,permit_type,knn,Building - Full Plan Check,1.0,nearest_neighbors,True,Accepted,,valid
1221,permit_type,knn,Building - Full Plan Check,1.0,nearest_neighbors,True,Accepted,,valid
1222,permit_type,knn,Building - In House Plan Check,0.8,nearest_neighbors,True,Accepted,,valid
1223,permit_type,knn,Building - Full Plan Check,1.0,nearest_neighbors,True,Accepted,,valid
1226,permit_type,knn,Building - Full Plan Check,0.6,nearest_neighbors,True,Accepted,,valid
1227,permit_type,knn,Building Permit OTC,1.0,nearest_neighbors,True,Accepted,,valid
1231,permit_type,knn,Building Permit OTC,0.6,nearest_neighbors,True,Accepted,,valid
1233,permit_type,knn,Building - In House Plan Check,0.6,nearest_neighbors,True,Accepted,,valid
1234,permit_type,knn,Building Permit OTC,1.0,nearest_neighbors,True,Accepted,,valid
1238,permit_type,knn,Building Permit OTC,0.6666666666666666,nearest_neighbors,True,Accepted,,valid
1242,permit_type,knn,Building Permit OTC,1.0,nearest_neighbors,True,Accepted,,valid
1243,permit_type,knn,Building Permit OTC,1.0,nearest_neighbors,True,Accepted,,valid
1244,permit_type,knn,Building Permit OTC,1.0,nearest_neighbors,True,Accepted,,valid
1247,permit_type,knn,Building Permit OTC,1.0,nearest_neighbors,True,Accepted,,valid
1249,permit_type,knn,Building - In House Plan Check,0.6,nearest_neighbors,True,Accepted,,valid
1250,permit_type,knn,Building - In House Plan Check,0.8,nearest_neighbors,True,Accepted,,valid
1253,permit_type,knn,Building Permit OTC,0.3431457505076198,nearest_neighbors,True,Accepted,,valid
1254,permit_type,knn,Building Permit OTC,0.6666666666666666,nearest_neighbors,True,Accepted,,valid
1255,permit_type,knn,Building Permit OTC,1.0,nearest_neighbors,True,Accepted,,valid
1257,permit_type,knn,Building Permit OTC,0.6,nearest_neighbors,True,Accepted,,valid
1263,permit_type,knn,Building Permit OTC,1.0,nearest_neighbors,True,Accepted,,valid
1268,permit_type,knn,Building Permit OTC,0.8,nearest_neighbors,True,Accepted,,valid
1269,permit_type,knn,Building - In House Plan Check,1.0,nearest_neighbors,True,Accepted,,valid
1271,permit_type,knn,Building Permit OTC,1.0,nearest_neighbors,True,Accepted,,valid
1273,permit_type,knn,Electrical OTC,1.0,nearest_neighbors,True,Accepted,,valid
1275,permit_type,knn,Electrical OTC,0.8,nearest_neighbors,True,Accepted,,valid
1276,permit_type,knn,Electrical OTC,0.8,nearest_neighbors,True,Accepted,,valid
1279,permit_type,knn,Electrical OTC,1.0,nearest_neighbors,True,Accepted,,valid
1280,permit_type,knn,Electrical OTC,1.0,nearest_neighbors,True,Accepted,,valid
1283,permit_type,knn,Electrical OTC,1.0,nearest_neighbors,True,Accepted,,valid
1289,permit_type,knn,Electrical OTC,1.0,nearest_neighbors,True,Accepted,,valid
1291,permit_type,knn,Electrical OTC,1.0,nearest_neighbors,True,Accepted,,valid
1293,permit_type,knn,Electrical OTC,1.0,nearest_neighbors,True,Accepted,,valid
1294,permit_type,knn,Electrical OTC,0.75,nearest_neighbors,True,Accepted,,valid
1296,permit_type,knn,Electrical OTC,0.75,nearest_neighbors,True,Accepted,,valid
1301,permit_type,knn,Electrical OTC,1.0,nearest_neighbors,True,Accepted,,valid
1302,permit_type,knn,Electrical OTC,1.0,nearest_neighbors,True,Accepted,,valid
1303,permit_type,knn,Electrical OTC,1.0,nearest_neighbors,True,Accepted,,valid
1304,permit_type,knn,Electrical OTC,1.0,nearest_neighbors,True,Accepted,,valid
1305,permit_type,knn,Mechanical OTC,1.0,nearest_neighbors,True,Accepted,,valid
1320,permit_type,knn,Mechanical OTC,0.8,nearest_neighbors,True,Accepted,,valid
1321,permit_type,knn,Mechanical OTC,1.0,nearest_neighbors,True,Accepted,,valid
1322,permit_type,knn,Mechanical OTC,0.8,nearest_neighbors,True,Accepted,,valid
1323,permit_type,knn,Plumbing OTC,1.0,nearest_neighbors,True,Accepted,,valid
1324,permit_type,knn,Plumbing OTC,0.6,nearest_neighbors,True,Accepted,,valid
1325,permit_type,knn,Plumbing OTC,0.6,nearest_neighbors,True,Accepted,,valid
1326,permit_type,knn,Plumbing OTC,1.0,nearest_neighbors,True,Accepted,,valid
1328,permit_type,knn,Plumbing OTC,0.6,nearest_neighbors,True,Accepted,,valid
1329,permit_type,knn,Plumbing OTC,1.0,nearest_neighbors,True,Accepted,,valid
1330,permit_type,knn,Plumbing OTC,1.0,nearest_neighbors,True,Accepted,,valid
1332,permit_type,knn,Plumbing OTC,1.0,nearest_neighbors,True,Accepted,,valid
1336,permit_type,knn,Plumbing OTC,1.0,nearest_neighbors,True,Accepted,,valid
1337,permit_type,knn,Plumbing OTC,0.8,nearest_neighbors,True,Accepted,,valid
1338,permit_type,knn,Plumbing OTC,1.0,nearest_neighbors,True,Accepted,,valid
1339,permit_type,knn,Plumbing OTC,1.0,nearest_neighbors,True,Accepted,,valid
1340,permit_type,knn,Plumbing OTC,1.0,nearest_neighbors,True,Accepted,,valid
1342,permit_type,knn,Plumbing OTC,0.8,nearest_neighbors,True,Accepted,,valid
1343,permit_type,knn,Plumbing OTC,0.8,nearest_neighbors,True,Accepted,,valid
1344,permit_type,knn,Plumbing OTC,1.0,nearest_neighbors,True,Accepted,,valid
1345,permit_type,knn,Plumbing OTC,1.0,nearest_neighbors,True,Accepted,,valid
1347,permit_type,knn,Residential Building Report,1.0,nearest_neighbors,True,Accepted,,valid
1348,permit_type,knn,Residential Building Report,1.0,nearest_neighbors,True,Accepted,,valid
1349,permit_type,knn,Residential Building Report,1.0,nearest_neighbors,True,Accepted,,valid
1350,permit_type,knn,Residential Building Report,1.0,nearest_neighbors,True,Accepted,,valid
1354,permit_type,knn,Residential Building Report,1.0,nearest_neighbors,True,Accepted,,valid
1357,permit_type,knn,Residential Building Report,1.0,nearest_neighbors,True,Accepted,,valid
1358,permit_type,knn,Residential Building Report,1.0,nearest_neighbors,True,Accepted,,valid
