row_index,target_field,permit_type_true,is_masked_type_subtype,final_value,final_confidence,decision_status,decision_method,selected_algorithm,supporting_algorithms,vote_count,candidate_count,generated_candidate_count,accepted_candidate_count,minimum_confidence,validation_record_status,is_accepted,candidates_json,permit_type_input
6,permit_type,Building - In House Plan Check,1,Building - Full Plan Check,0.5015873015873016,Accepted,majority_vote,knn,"[""association_rules"", ""clustering"", ""knn""]",3,4,4,4,0.0,valid,True,"[{""row_index"": 6, ""target_field"": ""permit_type"", ""algorithm"": ""grouped_majority"", ""predicted_value"": ""Building Permit OTC"", ""confidence"": 0.5693950177935944, ""prediction_source"": ""group_majority"", ""passes_threshold"": true, ""candidate_status"": ""Accepted"", ""rejection_reason"": null, ""validation_record_status"": ""valid""}, {""row_index"": 6, ""target_field"": ""permit_type"", ""algorithm"": ""association_rules"", ""predicted_value"": ""Building - Full Plan Check"", ""confidence"": 0.5714285714285715, ""prediction_source"": ""matched_rules"", ""passes_threshold"": true, ""candidate_status"": ""Accepted"", ""rejection_reason"": null, ""validation_record_status"": ""valid""}, {""row_index"": 6, ""target_field"": ""permit_type"", ""algorithm"": ""clustering"", ""predicted_value"": ""Building - Full Plan Check"", ""confidence"": 0.3333333333333333, ""prediction_source"": ""cluster_majority"", ""passes_threshold"": true, ""candidate_status"": ""Accepted"", ""rejection_reason"": null, ""validation_record_status"": ""valid""}, {""row_index"": 6, ""target_field"": ""permit_type"", ""algorithm"": ""knn"", ""predicted_value"": ""Building - Full Plan Check"", ""confidence"": 0.6, ""prediction_source"": ""nearest_neighbors"", ""passes_threshold"": true, ""candidate_status"": ""Accepted"", ""rejection_reason"": null, ""validation_record_status"": ""valid""}]",
8,permit_type,Building - In House Plan Check,1,Building - Full Plan Check,0.434920634920635,Accepted,majority_vote,association_rules,"[""association_rules"", ""clustering"", ""knn""]",3,4,4,4,0.0,valid,True,"[{""row_index"": 8, ""target_field"": ""permit_type"", ""algorithm"": ""grouped_majority"", ""predicted_value"": ""Building Permit OTC"", ""confidence"": 0.5693950177935944, ""prediction_source"": ""group_majority"", ""passes_threshold"": true, ""candidate_status"": ""Accepted"", ""rejection_reason"": null, ""validation_record_status"": ""valid""}, {""row_index"": 8, ""target_field"": ""permit_type"", ""algorithm"": ""association_rules"", ""predicted_value"": ""Building - Full Plan Check"", ""confidence"": 0.5714285714285715, ""prediction_source"": ""matched_rules"", ""passes_threshold"": true, ""candidate_status"": ""Accepted"", ""rejection_reason"": null, ""validation_record_status"": ""valid""}, {""row_index"": 8, ""target_field"": ""permit_type"", ""algorithm"": ""clustering"", ""predicted_value"": ""Building - Full Plan Check"", ""confidence"": 0.3333333333333333, ""prediction_source"": ""cluster_majority"", ""passes_threshold"": true, ""candidate_status"": ""Accepted"", ""rejection_reason"": null, ""validation_record_status"": ""valid""}, {""row_index"": 8, ""target_field"": ""permit_type"", ""algorithm"": ""knn"", ""predicted_value"": ""Building - Full Plan Check"", ""confidence"": 0.4, ""prediction_source"": ""nearest_neighbors"", ""passes_threshold"": true, ""candidate_status"": ""Accepted"", ""rejection_reason"": null, ""validation_record_status"": ""valid""}]",
11,permit_type,Building - In House Plan Check,1,Building Permit OTC,0.589575557677285,Accepted,majority_vote,association_rules,"[""association_rules"", ""grouped_majority""]",2,4,4,4,0.0,valid,True,"[{""row_index"": 11, ""target_field"": ""permit_type"", ""algorithm"": ""grouped_majority"", ""predicted_value"": ""Building Permit OTC"", ""confidence"": 0.5693950177935944, ""prediction_source"": ""group_majority"", ""passes_threshold"": true, ""candidate_status"": ""Accepted"", ""rejection_reason"": null, ""validation_record_status"": ""valid""}, {""row_index"": 11, ""target_field"": ""permit_type"", ""algorithm"": ""association_rules"", ""predicted_value"": ""Building Permit OTC"", ""confidence"": 0.6097560975609756, ""prediction_source"": ""matched_rules"", ""passes_threshold"": true, ""candidate_status"": ""Accepted"", ""rejection_reason"": null, ""validation_record_status"": ""valid""}, {""row_index"": 11, ""target_field"": ""permit_type"", ""algorithm"": ""clustering"", ""predicted_value"": ""Building - Full Plan Check"", ""confidence"": 0.3333333333333333, ""prediction_source"": ""cluster_majority"", ""passes_threshold"": true, ""candidate_status"": ""Accepted"", ""rejection_reason"": null, ""validation_record_status"": ""valid""}, {""row_index"": 11, ""target_field"": ""permit_type"", ""algorithm"": ""knn"", ""predicted_value"": ""Building - In House Plan Check"", ""confidence"": 0.6, ""prediction_source"": ""nearest_neighbors"", ""passes_threshold"": true, ""candidate_status"": ""Accepted"", ""rejection_reason"": null, ""validation_record_status"": ""valid""}]",
17,permit_type,Building Permit OTC,1,Building Permit OTC,0.7881282548790618,Accepted,unanimous_vote,knn,"[""association_rules"", ""clustering"", ""grouped_majority"", ""knn""]",4,4,4,4,0.0,valid,True,"[{""row_index"": 17, ""target_field"": ""permit_type"", ""algorithm"": ""grouped_majority"", ""predicted_value"": ""Building Permit OTC"", ""confidence"": 0.5693950177935944, ""prediction_source"": ""group_majority"", ""passes_threshold"": true, ""candidate_status"": ""Accepted"", ""rejection_reason"": null, ""validation_record_status"": ""valid""}, {""row_index"": 17, ""target_field"": ""permit_type"", ""algorithm"": ""association_rules"", ""predicted_value"": ""Building Permit OTC"", ""confidence"": 0.9629629629629629, ""prediction_source"": ""matched_rules"", ""passes_threshold"": true, ""candidate_status"": ""Accepted"", ""rejection_reason"": null, ""validation_record_status"": ""valid""}, {""row_index"": 17, ""target_field"": ""permit_type"", ""algorithm"": ""clustering"", ""predicted_value"": ""Building Permit OTC"", ""confidence"": 0.6201550387596899, ""prediction_source"": ""cluster_majority"", ""passes_threshold"": true, ""candidate_status"": ""Accepted"", ""rejection_reason"": null, ""validation_record_status"": ""valid""}, {""row_index"": 17, ""target_field"": ""permit_type"", ""algorithm"": ""knn"", ""predicted_value"": ""Building Permit OTC"", ""confidence"": 1.0, ""prediction_source"": ""nearest_neighbors"", ""passes_threshold"": true, ""candidate_status"": ""Accepted"", ""rejection_reason"": null, ""validation_record_status"": ""valid""}]",
20,permit_type,Building Permit OTC,1,Building Permit OTC,0.836793198892843,Accepted,unanimous_vote,association_rules,"[""association_rules"", ""clustering"", ""grouped_majority"", ""knn""]",4,4,4,4,0.0,valid,True,"[{""row_index"": 20, ""target_field"": ""permit_type"", ""algorithm"": ""grouped_majority"", ""predicted_value"": ""Building Permit OTC"", ""confidence"": 0.5693950177935944, ""prediction_source"": ""group_majority"", ""passes_threshold"": true, ""candidate_status"": ""Accepted"", ""rejection_reason"": null, ""validation_record_status"": ""valid""}, {""row_index"": 20, ""target_field"": ""permit_type"", ""algorithm"": ""association_rules"", ""predicted_value"": ""Building Permit OTC"", ""confidence"": 1.0, ""prediction_source"": ""matched_rules"", ""passes_threshold"": true, ""candidate_status"": ""Accepted"", ""rejection_reason"": null, ""validation_record_status"": ""valid""}, {""row_index"": 20, ""target_field"": ""permit_type"", ""algorithm"": ""clustering"", ""predicted_value"": ""Building Permit OTC"", ""confidence"": 0.7777777777777778, ""prediction_source"": ""cluster_majority"", ""passes_threshold"": true, ""candidate_status"": ""Accepted"", ""rejection_reason"": null, ""validation_record_status"": ""valid""}, {""row_index"": 20, ""target_field"": ""permit_type"", ""algorithm"": ""knn"", ""predicted_value"": ""Building Permit OTC"", ""confidence"": 1.0, ""prediction_source"": ""nearest_neighbors"", ""passes_threshold"": true, ""candidate_status"": ""Accepted"", ""rejection_reason"": null, ""validation_record_status"": ""valid""}]",
22,permit_type,Building Permit OTC,1,Building Permit OTC,0.9217171717171717,Accepted,unanimous_vote,association_rules,"[""association_rules"", ""clustering"", ""grouped_majority"", ""knn""]",4,4,4,4,0.0,valid,True,"[{""row_index"": 22, ""target_field"": ""permit_type"", ""algorithm"": ""grouped_majority"", ""predicted_value"": ""Building Permit OTC"", ""confidence"": 0.9090909090909091, ""prediction_source"": ""group_majority"", ""passes_threshold"": true, ""candidate_status"": ""Accepted"", ""rejection_reason"": null, ""validation_record_status"": ""valid""}, {""row_index"": 22, ""target_field"": ""permit_type"", ""algorithm"": ""association_rules"", ""predicted_value"": ""Building Permit OTC"", ""confidence"": 1.0, ""prediction_source"": ""matched_rules"", ""passes_threshold"": true, ""candidate_status"": ""Accepted"", ""rejection_reason"": null, ""validation_record_status"": ""valid""}, {""row_index"": 22, ""target_field"": ""permit_type"", ""algorithm"": ""clustering"", ""predicted_value"": ""Building Permit OTC"", ""confidence"": 0.7777777777777778, ""prediction_source"": ""cluster_majority"", ""passes_threshold"": true, ""candidate_status"": ""Accepted"", ""rejection_reason"": null, ""validation_record_status"": ""valid""}, {""row_index"": 22, ""target_field"": ""permit_type"", ""algorithm"": ""knn"", ""predicted_value"": ""Building Permit OTC"", ""confidence"": 1.0, ""prediction_source"": ""nearest_neighbors"", ""passes_threshold"": true, ""candidate_status"": ""Accepted"", ""rejection_reason"": null, ""validation_record_status"": ""valid""}]",
23,permit_type,Building Permit OTC,1,Building Permit OTC,0.7633556988928429,Accepted,unanimous_vote,association_rules,"[""association_rules"", ""clustering"", ""grouped_majority"", ""knn""]",4,4,4,4,0.0,valid,True,"[{""row_index"": 23, ""target_field"": ""permit_type"", ""algorithm"": ""grouped_majority"", ""predicted_value"": ""Building Permit OTC"", ""confidence"": 0.5693950177935944, ""prediction_source"": ""group_majority"", ""passes_threshold"": true, ""candidate_status"": ""Accepted"", ""rejection_reason"": null, ""validation_record_status"": ""valid""}, {""row_index"": 23, ""target_field"": ""permit_type"", ""algorithm"": ""association_rules"", ""predicted_value"": ""Building Permit OTC"", ""confidence"": 0.9062499999999999, ""prediction_source"": ""matched_rules"", ""passes_threshold"": true, ""candidate_status"": ""Accepted"", ""rejection_reason"": null, ""validation_record_status"": ""valid""}, {""row_index"": 23, ""target_field"": ""permit_type"", ""algorithm"": ""clustering"", ""predicted_value"": ""Building Permit OTC"", ""confidence"": 0.7777777777777778, ""prediction_source"": ""cluster_majority"", ""passes_threshold"": true, ""candidate_status"": ""Accepted"", ""rejection_reason"": null, ""validation_record_status"": ""valid""}, {""row_index"": 23, ""target_field"": ""permit_type"", ""algorithm"": ""knn"", ""predicted_value"": ""Building Permit OTC"", ""confidence"": 0.8, ""prediction_source"": ""nearest_neighbors"", ""passes_threshold"": true, ""candidate_status"": ""Accepted"", ""rejection_reason"": null, ""validation_record_status"": ""valid""}]",
24,permit_type,Building Permit OTC,1,,0.65,Requires Review,average_confidence_tiebreak,knn,"[""association_rules"", ""knn""]",2,4,4,4,0.0,valid,False,"[{""row_index"": 24, ""target_field"": ""permit_type"", ""algorithm"": ""grouped_majority"", ""predicted_value"": ""Building Permit OTC"", ""confidence"": 0.5693950177935944, ""prediction_source"": ""group_majority"", ""passes_threshold"": true, ""candidate_status"": ""Accepted"", ""rejection_reason"": null, ""validation_record_status"": ""valid""}, {""row_index"": 24, ""target_field"": ""permit_type"", ""algorithm"": ""association_rules"", ""predicted_value"": ""Building - In House Plan Check"", ""confidence"": 0.5, ""prediction_source"": ""matched_rules"", ""passes_threshold"": true, ""candidate_status"": ""Accepted"", ""rejection_reason"": null, ""validation_record_status"": ""valid""}, {""row_index"": 24, ""target_field"": ""permit_type"", ""algorithm"": ""clustering"", ""predicted_value"": ""Building Permit OTC"", ""confidence"": 0.6201550387596899, ""prediction_source"": ""cluster_majority"", ""passes_threshold"": true, ""candidate_status"": ""Accepted"", ""rejection_reason"": null, ""validation_record_status"": ""valid""}, {""row_index"": 24, ""target_field"": ""permit_type"", ""algorithm"": ""knn"", ""predicted_value"": ""Building - In House Plan Check"", ""confidence"": 0.8, ""prediction_source"": ""nearest_neighbors"", ""passes_threshold"": true, ""candidate_status"": ""Accepted"", ""rejection_reason"": null, ""validation_record_status"": ""valid""}]",
26,permit_type,Building Permit OTC,1,Building Permit OTC,0.8608476064997803,Accepted,unanimous_vote,association_rules,"[""association_rules"", ""clustering"", ""grouped_majority"", ""knn""]",4,4,4,4,0.0,valid,True,"[{""row_index"": 26, ""target_field"": ""permit_type"", ""algorithm"": ""grouped_majority"", ""predicted_value"": ""Building Permit OTC"", ""confidence"": 0.9090909090909091, ""prediction_source"": ""group_majority"", ""passes_threshold"": true, ""candidate_status"": ""Accepted"", ""rejection_reason"": null, ""validation_record_status"": ""valid""}, {""row_index"": 26, ""target_field"": ""permit_type"", ""algorithm"": ""association_rules"", ""predicted_value"": ""Building Permit OTC"", ""confidence"": 0.9565217391304347, ""prediction_source"": ""matched_rules"", ""passes_threshold"": true, ""candidate_status"": ""Accepted"", ""rejection_reason"": null, ""validation_record_status"": ""valid""}, {""row_index"": 26, ""target_field"": ""permit_type"", ""algorithm"": ""clustering"", ""predicted_value"": ""Building Permit OTC"", ""confidence"": 0.7777777777777778, ""prediction_source"": ""cluster_majority"", ""passes_threshold"": true, ""candidate_status"": ""Accepted"", ""rejection_reason"": null, ""validation_record_status"": ""valid""}, {""row_index"": 26, ""target_field"": ""permit_type"", ""algorithm"": ""knn"", ""predicted_value"": ""Building Permit OTC"", ""confidence"": 0.8, ""prediction_source"": ""nearest_neighbors"", ""passes_threshold"": true, ""candidate_status"": ""Accepted"", ""rejection_reason"": null, ""validation_record_status"": ""valid""}]",
28,permit_type,Building Permit OTC,1,Building Permit OTC,0.7973875141383211,Accepted,unanimous_vote,association_rules,"[""association_rules"", ""clustering"", ""grouped_majority"", ""knn""]",4,4,4,4,0.0,valid,True,"[{""row_index"": 28, ""target_field"": ""permit_type"", ""algorithm"": ""grouped_majority"", ""predicted_value"": ""Building Permit OTC"", ""confidence"": 0.5693950177935944, ""prediction_source"": ""group_majority"", ""passes_threshold"": true, ""candidate_status"": ""Accepted"", ""rejection_reason"": null, ""validation_record_status"": ""valid""}, {""row_index"": 28, ""target_field"": ""permit_type"", ""algorithm"": ""association_rules"", ""predicted_value"": ""Building Permit OTC"", ""confidence"": 1.0, ""prediction_source"": ""matched_rules"", ""passes_threshold"": true, ""candidate_status"": ""Accepted"", ""rejection_reason"": null, ""validation_record_status"": ""valid""}, {""row_index"": 28, ""target_field"": ""permit_type"", ""algorithm"": ""clustering"", ""predicted_value"": ""Building Permit OTC"", ""confidence"": 0.6201550387596899, ""prediction_source"": ""cluster_majority"", ""passes_threshold"": true, ""candidate_status"": ""Accepted"", ""rejection_reason"": null, ""validation_record_status"": ""valid""}, {""row_index"": 28, ""target_field"": ""permit_type"", ""algorithm"": ""knn"", ""predicted_value"": ""Building Permit OTC"", ""confidence"": 1.0, ""prediction_source"": ""nearest_neighbors"", ""passes_threshold"": true, ""candidate_status"": ""Accepted"", ""rejection_reason"": null, ""validation_record_status"": ""valid""}]",
29,permit_type,Building Permit OTC,1,Building Permit OTC,0.7973875141383211,Accepted,unanimous_vote,association_rules,"[""association_rules"", ""clustering"", ""grouped_majority"", ""knn""]",4,4,4,4,0.0,valid,True,"[{""row_index"": 29, ""target_field"": ""permit_type"", ""algorithm"": ""grouped_majority"", ""predicted_value"": ""Building Permit OTC"", ""confidence"": 0.5693950177935944, ""prediction_source"": ""group_majority"", ""passes_threshold"": true, ""candidate_status"": ""Accepted"", ""rejection_reason"": null, ""validation_record_status"": ""valid""}, {""row_index"": 29, ""target_field"": ""permit_type"", ""algorithm"": ""association_rules"", ""predicted_value"": ""Building Permit OTC"", ""confidence"": 1.0, ""prediction_source"": ""matched_rules"", ""passes_threshold"": true, ""candidate_status"": ""Accepted"", ""rejection_reason"": null, ""validation_record_status"": ""valid""}, {""row_index"": 29, ""target_field"": ""permit_type"", ""algorithm"": ""clustering"", ""predicted_value"": ""Building Permit OTC"", ""confidence"": 0.6201550387596899, ""prediction_source"": ""cluster_majority"", ""passes_threshold"": true, ""candidate_status"": ""Accepted"", ""rejection_reason"": null, ""validation_record_status"": ""valid""}, {""row_index"": 29, ""target_field"": ""permit_type"", ""algorithm"": ""knn"", ""predicted_value"": ""Building Permit OTC"", ""confidence"": 1.0, ""prediction_source"": ""nearest_neighbors"", ""passes_threshold"": true, ""candidate_status"": ""Accepted"", ""rejection_reason"": null, ""validation_record_status"": ""valid""}]",
31,permit_type,Building Permit OTC,1,Building Permit OTC,0.7633556988928429,Accepted,unanimous_vote,association_rules,"[""association_rules"", ""clustering"", ""grouped_majority"", ""knn""]",4,4,4,4,0.0,valid,True,"[{""row_index"": 31, ""target_field"": ""permit_type"", ""algorithm"": ""grouped_majority"", ""predicted_value"": ""Building Permit OTC"", ""confidence"": 0.5693950177935944, ""prediction_source"": ""group_majority"", ""passes_threshold"": true, ""candidate_status"": ""Accepted"", ""rejection_reason"": null, ""validation_record_status"": ""valid""}, {""row_index"": 31, ""target_field"": ""permit_type"", ""algorithm"": ""association_rules"", ""predicted_value"": ""Building Permit OTC"", ""confidence"": 0.9062499999999999, ""prediction_source"": ""matched_rules"", ""passes_threshold"": true, ""candidate_status"": ""Accepted"", ""rejection_reason"": null, ""validation_record_status"": ""valid""}, {""row_index"": 31, ""target_field"": ""permit_type"", ""algorithm"": ""clustering"", ""predicted_value"": ""Building Permit OTC"", ""confidence"": 0.7777777777777778, ""prediction_source"": ""cluster_majority"", ""passes_threshold"": true, ""candidate_status"": ""Accepted"", ""rejection_reason"": null, ""validation_record_status"": ""valid""}, {""row_index"": 31, ""target_field"": ""permit_type"", ""algorithm"": ""knn"", ""predicted_value"": ""Building Permit OTC"", ""confidence"": 0.8, ""prediction_source"": ""nearest_neighbors"", ""passes_threshold"": true, ""candidate_status"": ""Accepted"", ""rejection_reason"": null, ""validation_record_status"": ""valid""}]",
33,permit_type,Building Permit OTC,1,Building Permit OTC,0.7423875141383209,Accepted,unanimous_vote,association_rules,"[""association_rules"", ""clustering"", ""grouped_majority"", ""knn""]",4,4,4,4,0.0,valid,True,"[{""row_index"": 33, ""target_field"": ""permit_type"", ""algorithm"": ""grouped_majority"", ""predicted_value"": ""Building Permit OTC"", ""confidence"": 0.5693950177935944, ""prediction_source"": ""group_majority"", ""passes_threshold"": true, ""candidate_status"": ""Accepted"", ""rejection_reason"": null, ""validation_record_status"": ""valid""}, {""row_index"": 33, ""target_field"": ""permit_type"", ""algorithm"": ""association_rules"", ""predicted_value"": ""Building Permit OTC"", ""confidence"": 0.98, ""prediction_source"": ""matched_rules"", ""passes_threshold"": true, ""candidate_status"": ""Accepted"", ""rejection_reason"": null, ""validation_record_status"": ""valid""}, {""row_index"": 33, ""target_field"": ""permit_type"", ""algorithm"": ""clustering"", ""predicted_value"": ""Building Permit OTC"", ""confidence"": 0.6201550387596899, ""prediction_source"": ""cluster_majority"", ""passes_threshold"": true, ""candidate_status"": ""Accepted"", ""rejection_reason"": null, ""validation_record_status"": ""valid""}, {""row_index"": 33, ""target_field"": ""permit_type"", ""algorithm"": ""knn"", ""predicted_value"": ""Building Permit OTC"", ""confidence"": 0.8, ""prediction_source"": ""nearest_neighbors"", ""passes_threshold"": true, ""candidate_status"": ""Accepted"", ""rejection_reason"": null, ""validation_record_status"": ""valid""}]",
34,permit_type,Building Permit OTC,1,Building Permit OTC,0.7633556988928429,Accepted,unanimous_vote,association_rules,"[""association_rules"", ""clustering"", ""grouped_majority"", ""knn""]",4,4,4,4,0.0,valid,True,"[{""row_index"": 34, ""target_field"": ""permit_type"", ""algorithm"": ""grouped_majority"", ""predicted_value"": ""Building Permit OTC"", ""confidence"": 0.5693950177935944, ""prediction_source"": ""group_majority"", ""passes_threshold"": true, ""candidate_status"": ""Accepted"", ""rejection_reason"": null, ""validation_record_status"": ""valid""}, {""row_index"": 34, ""target_field"": ""permit_type"", ""algorithm"": ""association_rules"", ""predicted_value"": ""Building Permit OTC"", ""confidence"": 0.9062499999999999, ""prediction_source"": ""matched_rules"", ""passes_threshold"": true, ""candidate_status"": ""Accepted"", ""rejection_reason"": null, ""validation_record_status"": ""valid""}, {""row_index"": 34, ""target_field"": ""permit_type"", ""algorithm"": ""clustering"", ""predicted_value"": ""Building Permit OTC"", ""confidence"": 0.7777777777777778, ""prediction_source"": ""cluster_majority"", ""passes_threshold"": true, ""candidate_status"": ""Accepted"", ""rejection_reason"": null, ""validation_record_status"": ""valid""}, {""row_index"": 34, ""target_field"": ""permit_type"", ""algorithm"": ""knn"", ""predicted_value"": ""Building Permit OTC"", ""confidence"": 0.8, ""prediction_source"": ""nearest_neighbors"", ""passes_threshold"": true, ""candidate_status"": ""Accepted"", ""rejection_reason"": null, ""validation_record_status"": ""valid""}]",
38,permit_type,Building Permit OTC,1,Building Permit OTC,0.9217171717171717,Accepted,unanimous_vote,association_rules,"[""association_rules"", ""clustering"", ""grouped_majority"", ""knn""]",4,4,4,4,0.0,valid,True,"[{""row_index"": 38, ""target_field"": ""permit_type"", ""algorithm"": ""grouped_majority"", ""predicted_value"": ""Building Permit OTC"", ""confidence"": 0.9090909090909091, ""prediction_source"": ""group_majority"", ""passes_threshold"": true, ""candidate_status"": ""Accepted"", ""rejection_reason"": null, ""validation_record_status"": ""valid""}, {""row_index"": 38, ""target_field"": ""permit_type"", ""algorithm"": ""association_rules"", ""predicted_value"": ""Building Permit OTC"", ""confidence"": 1.0, ""prediction_source"": ""matched_rules"", ""passes_threshold"": true, ""candidate_status"": ""Accepted"", ""rejection_reason"": null, ""validation_record_status"": ""valid""}, {""row_index"": 38, ""target_field"": ""permit_type"", ""algorithm"": ""clustering"", ""predicted_value"": ""Building Permit OTC"", ""confidence"": 0.7777777777777778, ""prediction_source"": ""cluster_majority"", ""passes_threshold"": true, ""candidate_status"": ""Accepted"", ""rejection_reason"": null, ""validation_record_status"": ""valid""}, {""row_index"": 38, ""target_field"": ""permit_type"", ""algorithm"": ""knn"", ""predicted_value"": ""Building Permit OTC"", ""confidence"": 1.0, ""prediction_source"": ""nearest_neighbors"", ""passes_threshold"": true, ""candidate_status"": ""Accepted"", ""rejection_reason"": null, ""validation_record_status"": ""valid""}]",
42,permit_type,Electrical OTC,1,Electrical OTC,0.9955555555555556,Accepted,majority_vote,association_rules,"[""association_rules"", ""grouped_majority"", ""knn""]",3,4,4,4,0.0,valid,True,"[{""row_index"": 42, ""target_field"": ""permit_type"", ""algorithm"": ""grouped_majority"", ""predicted_value"": ""Electrical OTC"", ""confidence"": 0.9866666666666667, ""prediction_source"": ""group_majority"", ""passes_threshold"": true, ""candidate_status"": ""Accepted"", ""rejection_reason"": null, ""validation_record_status"": ""valid""}, {""row_index"": 42, ""target_field"": ""permit_type"", ""algorithm"": ""association_rules"", ""predicted_value"": ""Electrical OTC"", ""confidence"": 1.0, ""prediction_source"": ""matched_rules"", ""passes_threshold"": true, ""candidate_status"": ""Accepted"", ""rejection_reason"": null, ""validation_record_status"": ""valid""}, {""row_index"": 42, ""target_field"": ""permit_type"", ""algorithm"": ""clustering"", ""predicted_value"": ""Building - Full Plan Check"", ""confidence"": 0.3333333333333333, ""prediction_source"": ""cluster_majority"", ""passes_threshold"": true, ""candidate_status"": ""Accepted"", ""rejection_reason"": null, ""validation_record_status"": ""valid""}, {""row_index"": 42, ""target_field"": ""permit_type"", ""algorithm"": ""knn"", ""predicted_value"": ""Electrical OTC"", ""confidence"": 1.0, ""prediction_source"": ""nearest_neighbors"", ""passes_threshold"": true, ""candidate_status"": ""Accepted"", ""rejection_reason"": null, ""validation_record_status"": ""valid""}]",
44,permit_type,Electrical OTC,1,Electrical OTC,0.9891304347826086,Accepted,unanimous_vote,association_rules,"[""association_rules"", ""clustering"", ""grouped_majority"", ""knn""]",4,4,4,4,0.0,valid,True,"[{""row_index"": 44, ""target_field"": ""permit_type"", ""algorithm"": ""grouped_majority"", ""predicted_value"": ""Electrical OTC"", ""confidence"": 0.9565217391304348, ""prediction_source"": ""group_majority"", ""passes_threshold"": true, ""candidate_status"": ""Accepted"", ""rejection_reason"": null, ""validation_record_status"": ""valid""}, {""row_index"": 44, ""target_field"": ""permit_type"", ""algorithm"": ""association_rules"", ""predicted_value"": ""Electrical OTC"", ""confidence"": 1.0, ""prediction_source"": ""matched_rules"", ""passes_threshold"": true, ""candidate_status"": ""Accepted"", ""rejection_reason"": null, ""validation_record_status"": ""valid""}, {""row_index"": 44, ""target_field"": ""permit_type"", ""algorithm"": ""clustering"", ""predicted_value"": ""Electrical OTC"", ""confidence"": 1.0, ""prediction_source"": ""cluster_majority"", ""passes_threshold"": true, ""candidate_status"": ""Accepted"", ""rejection_reason"": null, ""validation_record_status"": ""valid""}, {""row_index"": 44, ""target_field"": ""permit_type"", ""algorithm"": ""knn"", ""predicted_value"": ""Electrical OTC"", ""confidence"": 1.0, ""prediction_source"": ""nearest_neighbors"", ""passes_threshold"": true, ""candidate_status"": ""Accepted"", ""rejection_reason"": null, ""validation_record_status"": ""valid""}]",
52,permit_type,Electrical OTC,1,Electrical OTC,0.8215384615384616,Accepted,unanimous_vote,association_rules,"[""association_rules"", ""clustering"", ""grouped_majority"", ""knn""]",4,4,4,4,0.0,valid,True,"[{""row_index"": 52, ""target_field"": ""permit_type"", ""algorithm"": ""grouped_majority"", ""predicted_value"": ""Electrical OTC"", ""confidence"": 0.9866666666666667, ""prediction_source"": ""group_majority"", ""passes_threshold"": true, ""candidate_status"": ""Accepted"", ""rejection_reason"": null, ""validation_record_status"": ""valid""}, {""row_index"": 52, ""target_field"": ""permit_type"", ""algorithm"": ""association_rules"", ""predicted_value"": ""Electrical OTC"", ""confidence"": 0.9866666666666667, ""prediction_source"": ""matched_rules"", ""passes_threshold"": true, ""candidate_status"": ""Accepted"", ""rejection_reason"": null, ""validation_record_status"": ""valid""}, {""row_index"": 52, ""target_field"": ""permit_type"", ""algorithm"": ""clustering"", ""predicted_value"": ""Electrical OTC"", ""confidence"": 0.5128205128205128, ""prediction_source"": ""cluster_majority"", ""passes_threshold"": true, ""candidate_status"": ""Accepted"", ""rejection_reason"": null, ""validation_record_status"": ""valid""}, {""row_index"": 52, ""target_field"": ""permit_type"", ""algorithm"": ""knn"", ""predicted_value"": ""Electrical OTC"", ""confidence"": 0.8, ""prediction_source"": ""nearest_neighbors"", ""passes_threshold"": true, ""candidate_status"": ""Accepted"", ""rejection_reason"": null, ""validation_record_status"": ""valid""}]",
54,permit_type,Electrical OTC,1,Electrical OTC,0.8748717948717949,Accepted,unanimous_vote,association_rules,"[""association_rules"", ""clustering"", ""grouped_majority"", ""knn""]",4,4,4,4,0.0,valid,True,"[{""row_index"": 54, ""target_field"": ""permit_type"", ""algorithm"": ""grouped_majority"", ""predicted_value"": ""Electrical OTC"", ""confidence"": 0.9866666666666667, ""prediction_source"": ""group_majority"", ""passes_threshold"": true, ""candidate_status"": ""Accepted"", ""rejection_reason"": null, ""validation_record_status"": ""valid""}, {""row_index"": 54, ""target_field"": ""permit_type"", ""algorithm"": ""association_rules"", ""predicted_value"": ""Electrical OTC"", ""confidence"": 1.0, ""prediction_source"": ""matched_rules"", ""passes_threshold"": true, ""candidate_status"": ""Accepted"", ""rejection_reason"": null, ""validation_record_status"": ""valid""}, {""row_index"": 54, ""target_field"": ""permit_type"", ""algorithm"": ""clustering"", ""predicted_value"": ""Electrical OTC"", ""confidence"": 0.5128205128205128, ""prediction_source"": ""cluster_majority"", ""passes_threshold"": true, ""candidate_status"": ""Accepted"", ""rejection_reason"": null, ""validation_record_status"": ""valid""}, {""row_index"": 54, ""target_field"": ""permit_type"", ""algorithm"": ""knn"", ""predicted_value"": ""Electrical OTC"", ""confidence"": 1.0, ""prediction_source"": ""nearest_neighbors"", ""passes_threshold"": true, ""candidate_status"": ""Accepted"", ""rejection_reason"": null, ""validation_record_status"": ""valid""}]",
56,permit_type,Electrical OTC,1,Electrical OTC,0.9955555555555556,Accepted,majority_vote,association_rules,"[""association_rules"", ""grouped_majority"", ""knn""]",3,4,4,4,0.0,valid,True,"[{""row_index"": 56, ""target_field"": ""permit_type"", ""algorithm"": ""grouped_majority"", ""predicted_value"": ""Electrical OTC"", ""confidence"": 0.9866666666666667, ""prediction_source"": ""group_majority"", ""passes_threshold"": true, ""candidate_status"": ""Accepted"", ""rejection_reason"": null, ""validation_record_status"": ""valid""}, {""row_index"": 56, ""target_field"": ""permit_type"", ""algorithm"": ""association_rules"", ""predicted_value"": ""Electrical OTC"", ""confidence"": 1.0, ""prediction_source"": ""matched_rules"", ""passes_threshold"": true, ""candidate_status"": ""Accepted"", ""rejection_reason"": null, ""validation_record_status"": ""valid""}, {""row_index"": 56, ""target_field"": ""permit_type"", ""algorithm"": ""clustering"", ""predicted_value"": ""Building - Full Plan Check"", ""confidence"": 0.3333333333333333, ""prediction_source"": ""cluster_majority"", ""passes_threshold"": true, ""candidate_status"": ""Accepted"", ""rejection_reason"": null, ""validation_record_status"": ""valid""}, {""row_index"": 56, ""target_field"": ""permit_type"", ""algorithm"": ""knn"", ""predicted_value"": ""Electrical OTC"", ""confidence"": 1.0, ""prediction_source"": ""nearest_neighbors"", ""passes_threshold"": true, ""candidate_status"": ""Accepted"", ""rejection_reason"": null, ""validation_record_status"": ""valid""}]",
58,permit_type,Electrical OTC,1,Electrical OTC,0.8748717948717949,Accepted,unanimous_vote,association_rules,"[""association_rules"", ""clustering"", ""grouped_majority"", ""knn""]",4,4,4,4,0.0,valid,True,"[{""row_index"": 58, ""target_field"": ""permit_type"", ""algorithm"": ""grouped_majority"", ""predicted_value"": ""Electrical OTC"", ""confidence"": 0.9866666666666667, ""prediction_source"": ""group_majority"", ""passes_threshold"": true, ""candidate_status"": ""Accepted"", ""rejection_reason"": null, ""validation_record_status"": ""valid""}, {""row_index"": 58, ""target_field"": ""permit_type"", ""algorithm"": ""association_rules"", ""predicted_value"": ""Electrical OTC"", ""confidence"": 1.0, ""prediction_source"": ""matched_rules"", ""passes_threshold"": true, ""candidate_status"": ""Accepted"", ""rejection_reason"": null, ""validation_record_status"": ""valid""}, {""row_index"": 58, ""target_field"": ""permit_type"", ""algorithm"": ""clustering"", ""predicted_value"": ""Electrical OTC"", ""confidence"": 0.5128205128205128, ""prediction_source"": ""cluster_majority"", ""passes_threshold"": true, ""candidate_status"": ""Accepted"", ""rejection_reason"": null, ""validation_record_status"": ""valid""}, {""row_index"": 58, ""target_field"": ""permit_type"", ""algorithm"": ""knn"", ""predicted_value"": ""Electrical OTC"", ""confidence"": 1.0, ""prediction_source"": ""nearest_neighbors"", ""passes_threshold"": true, ""candidate_status"": ""Accepted"", ""rejection_reason"": null, ""validation_record_status"": ""valid""}]",
67,permit_type,Electrical OTC,1,Electrical OTC,0.8748717948717949,Accepted,unanimous_vote,association_rules,"[""association_rules"", ""clustering"", ""grouped_majority"", ""knn""]",4,4,4,4,0.0,valid,True,"[{""row_index"": 67, ""target_field"": ""permit_type"", ""algorithm"": ""grouped_majority"", ""predicted_value"": ""Electrical OTC"", ""confidence"": 0.9866666666666667, ""prediction_source"": ""group_majority"", ""passes_threshold"": true, ""candidate_status"": ""Accepted"", ""rejection_reason"": null, ""validation_record_status"": ""valid""}, {""row_index"": 67, ""target_field"": ""permit_type"", ""algorithm"": ""association_rules"", ""predicted_value"": ""Electrical OTC"", ""confidence"": 1.0, ""prediction_source"": ""matched_rules"", ""passes_threshold"": true, ""candidate_status"": ""Accepted"", ""rejection_reason"": null, ""validation_record_status"": ""valid""}, {""row_index"": 67, ""target_field"": ""permit_type"", ""algorithm"": ""clustering"", ""predicted_value"": ""Electrical OTC"", ""confidence"": 0.5128205128205128, ""prediction_source"": ""cluster_majority"", ""passes_threshold"": true, ""candidate_status"": ""Accepted"", ""rejection_reason"": null, ""validation_record_status"": ""valid""}, {""row_index"": 67, ""target_field"": ""permit_type"", ""algorithm"": ""knn"", ""predicted_value"": ""Electrical OTC"", ""confidence"": 1.0, ""prediction_source"": ""nearest_neighbors"", ""passes_threshold"": true, ""candidate_status"": ""Accepted"", ""rejection_reason"": null, ""validation_record_status"": ""valid""}]",
71,permit_type,Mechanical OTC,1,Mechanical OTC,1.0,Accepted,majority_vote,association_rules,"[""association_rules"", ""grouped_majority"", ""knn""]",3,4,4,4,0.0,valid,True,"[{""row_index"": 71, ""target_field"": ""permit_type"", ""algorithm"": ""grouped_majority"", ""predicted_value"": ""Mechanical OTC"", ""confidence"": 1.0, ""prediction_source"": ""group_majority"", ""passes_threshold"": true, ""candidate_status"": ""Accepted"", ""rejection_reason"": null, ""validation_record_status"": ""valid""}, {""row_index"": 71, ""target_field"": ""permit_type"", ""algorithm"": ""association_rules"", ""predicted_value"": ""Mechanical OTC"", ""confidence"": 1.0, ""prediction_source"": ""matched_rules"", ""passes_threshold"": true, ""candidate_status"": ""Accepted"", ""rejection_reason"": null, ""validation_record_status"": ""valid""}, {""row_index"": 71, ""target_field"": ""permit_type"", ""algorithm"": ""clustering"", ""predicted_value"": ""Residential Building Report"", ""confidence"": 0.864, ""prediction_source"": ""cluster_majority"", ""passes_threshold"": true, ""candidate_status"": ""Accepted"", ""rejection_reason"": null, ""validation_record_status"": ""valid""}, {""row_index"": 71, ""target_field"": ""permit_type"", ""algorithm"": ""knn"", ""predicted_value"": ""Mechanical OTC"", ""confidence"": 1.0, ""prediction_source"": ""nearest_neighbors"", ""passes_threshold"": true, ""candidate_status"": ""Accepted"", ""rejection_reason"": null, ""validation_record_status"": ""valid""}]",
72,permit_type,Mechanical OTC,1,Mechanical OTC,0.9940036257146841,Accepted,unanimous_vote,association_rules,"[""association_rules"", ""clustering"", ""grouped_majority"", ""knn""]",4,4,4,4,0.0,valid,True,"[{""row_index"": 72, ""target_field"": ""permit_type"", ""algorithm"": ""grouped_majority"", ""predicted_value"": ""Mechanical OTC"", ""confidence"": 0.9900990099009901, ""prediction_source"": ""group_majority"", ""passes_threshold"": true, ""candidate_status"": ""Accepted"", ""rejection_reason"": null, ""validation_record_status"": ""valid""}, {""row_index"": 72, ""target_field"": ""permit_type"", ""algorithm"": ""association_rules"", ""predicted_value"": ""Mechanical OTC"", ""confidence"": 1.0, ""prediction_source"": ""matched_rules"", ""passes_threshold"": true, ""candidate_status"": ""Accepted"", ""rejection_reason"": null, ""validation_record_status"": ""valid""}, {""row_index"": 72, ""target_field"": ""permit_type"", ""algorithm"": ""clustering"", ""predicted_value"": ""Mechanical OTC"", ""confidence"": 0.9859154929577465, ""prediction_source"": ""cluster_majority"", ""passes_threshold"": true, ""candidate_status"": ""Accepted"", ""rejection_reason"": null, ""validation_record_status"": ""valid""}, {""row_index"": 72, ""target_field"": ""permit_type"", ""algorithm"": ""knn"", ""predicted_value"": ""Mechanical OTC"", ""confidence"": 1.0, ""prediction_source"": ""nearest_neighbors"", ""passes_threshold"": true, ""candidate_status"": ""Accepted"", ""rejection_reason"": null, ""validation_record_status"": ""valid""}]",
73,permit_type,Mechanical OTC,1,Mechanical OTC,0.9940036257146841,Accepted,unanimous_vote,association_rules,"[""association_rules"", ""clustering"", ""grouped_majority"", ""knn""]",4,4,4,4,0.0,valid,True,"[{""row_index"": 73, ""target_field"": ""permit_type"", ""algorithm"": ""grouped_majority"", ""predicted_value"": ""Mechanical OTC"", ""confidence"": 0.9900990099009901, ""prediction_source"": ""group_majority"", ""passes_threshold"": true, ""candidate_status"": ""Accepted"", ""rejection_reason"": null, ""validation_record_status"": ""valid""}, {""row_index"": 73, ""target_field"": ""permit_type"", ""algorithm"": ""association_rules"", ""predicted_value"": ""Mechanical OTC"", ""confidence"": 1.0, ""prediction_source"": ""matched_rules"", ""passes_threshold"": true, ""candidate_status"": ""Accepted"", ""rejection_reason"": null, ""validation_record_status"": ""valid""}, {""row_index"": 73, ""target_field"": ""permit_type"", ""algorithm"": ""clustering"", ""predicted_value"": ""Mechanical OTC"", ""confidence"": 0.9859154929577465, ""prediction_source"": ""cluster_majority"", ""passes_threshold"": true, ""candidate_status"": ""Accepted"", ""rejection_reason"": null, ""validation_record_status"": ""valid""}, {""row_index"": 73, ""target_field"": ""permit_type"", ""algorithm"": ""knn"", ""predicted_value"": ""Mechanical OTC"", ""confidence"": 1.0, ""prediction_source"": ""nearest_neighbors"", ""passes_threshold"": true, ""candidate_status"": ""Accepted"", ""rejection_reason"": null, ""validation_record_status"": ""valid""}]",
74,permit_type,Mechanical OTC,1,Mechanical OTC,0.9940036257146841,Accepted,unanimous_vote,association_rules,"[""association_rules"", ""clustering"", ""grouped_majority"", ""knn""]",4,4,4,4,0.0,valid,True,"[{""row_index"": 74, ""target_field"": ""permit_type"", ""algorithm"": ""grouped_majority"", ""predicted_value"": ""Mechanical OTC"", ""confidence"": 0.9900990099009901, ""prediction_source"": ""group_majority"", ""passes_threshold"": true, ""candidate_status"": ""Accepted"", ""rejection_reason"": null, ""validation_record_status"": ""valid""}, {""row_index"": 74, ""target_field"": ""permit_type"", ""algorithm"": ""association_rules"", ""predicted_value"": ""Mechanical OTC"", ""confidence"": 1.0, ""prediction_source"": ""matched_rules"", ""passes_threshold"": true, ""candidate_status"": ""Accepted"", ""rejection_reason"": null, ""validation_record_status"": ""valid""}, {""row_index"": 74, ""target_field"": ""permit_type"", ""algorithm"": ""clustering"", ""predicted_value"": ""Mechanical OTC"", ""confidence"": 0.9859154929577465, ""prediction_source"": ""cluster_majority"", ""passes_threshold"": true, ""candidate_status"": ""Accepted"", ""rejection_reason"": null, ""validation_record_status"": ""valid""}, {""row_index"": 74, ""target_field"": ""permit_type"", ""algorithm"": ""knn"", ""predicted_value"": ""Mechanical OTC"", ""confidence"": 1.0, ""prediction_source"": ""nearest_neighbors"", ""passes_threshold"": true, ""candidate_status"": ""Accepted"", ""rejection_reason"": null, ""validation_record_status"": ""valid""}]",
75,permit_type,Mechanical OTC,1,Mechanical OTC,0.9940036257146841,Accepted,unanimous_vote,association_rules,"[""association_rules"", ""clustering"", ""grouped_majority"", ""knn""]",4,4,4,4,0.0,valid,True,"[{""row_index"": 75, ""target_field"": ""permit_type"", ""algorithm"": ""grouped_majority"", ""predicted_value"": ""Mechanical OTC"", ""confidence"": 0.9900990099009901, ""prediction_source"": ""group_majority"", ""passes_threshold"": true, ""candidate_status"": ""Accepted"", ""rejection_reason"": null, ""validation_record_status"": ""valid""}, {""row_index"": 75, ""target_field"": ""permit_type"", ""algorithm"": ""association_rules"", ""predicted_value"": ""Mechanical OTC"", ""confidence"": 1.0, ""prediction_source"": ""matched_rules"", ""passes_threshold"": true, ""candidate_status"": ""Accepted"", ""rejection_reason"": null, ""validation_record_status"": ""valid""}, {""row_index"": 75, ""target_field"": ""permit_type"", ""algorithm"": ""clustering"", ""predicted_value"": ""Mechanical OTC"", ""confidence"": 0.9859154929577465, ""prediction_source"": ""cluster_majority"", ""passes_threshold"": true, ""candidate_status"": ""Accepted"", ""rejection_reason"": null, ""validation_record_status"": ""valid""}, {""row_index"": 75, ""target_field"": ""permit_type"", ""algorithm"": ""knn"", ""predicted_value"": ""Mechanical OTC"", ""confidence"": 1.0, ""prediction_source"": ""nearest_neighbors"", ""passes_threshold"": true, ""candidate_status"": ""Accepted"", ""rejection_reason"": null, ""validation_record_status"": ""valid""}]",
78,permit_type,Mechanical OTC,1,Mechanical OTC,0.9916451351486464,Accepted,unanimous_vote,knn,"[""association_rules"", ""clustering"", ""grouped_majority"", ""knn""]",4,4,4,4,0.0,valid,True,"[{""row_index"": 78, ""target_field"": ""permit_type"", ""algorithm"": ""grouped_majority"", ""predicted_value"": ""Mechanical OTC"", ""confidence"": 0.9900990099009901, ""prediction_source"": ""group_majority"", ""passes_threshold"": true, ""candidate_status"": ""Accepted"", ""rejection_reason"": null, ""validation_record_status"": ""valid""}, {""row_index"": 78, ""target_field"": ""permit_type"", ""algorithm"": ""association_rules"", ""predicted_value"": ""Mechanical OTC"", ""confidence"": 0.9905660377358491, ""prediction_source"": ""matched_rules"", ""passes_threshold"": true, ""candidate_status"": ""Accepted"", ""rejection_reason"": null, ""validation_record_status"": ""valid""}, {""row_index"": 78, ""target_field"": ""permit_type"", ""algorithm"": ""clustering"", ""predicted_value"": ""Mechanical OTC"", ""confidence"": 0.9859154929577465, ""prediction_source"": ""cluster_majority"", ""passes_threshold"": true, ""candidate_status"": ""Accepted"", ""rejection_reason"": null, ""validation_record_status"": ""valid""}, {""row_index"": 78, ""target_field"": ""permit_type"", ""algorithm"": ""knn"", ""predicted_value"": ""Mechanical OTC"", ""confidence"": 1.0, ""prediction_source"": ""nearest_neighbors"", ""passes_threshold"": true, ""candidate_status"": ""Accepted"", ""rejection_reason"": null, ""validation_record_status"": ""valid""}]",
81,permit_type,Mechanical OTC,1,Mechanical OTC,0.9416451351486463,Accepted,unanimous_vote,association_rules,"[""association_rules"", ""clustering"", ""grouped_majority"", ""knn""]",4,4,4,4,0.0,valid,True,"[{""row_index"": 81, ""target_field"": ""permit_type"", ""algorithm"": ""grouped_majority"", ""predicted_value"": ""Mechanical OTC"", ""confidence"": 0.9900990099009901, ""prediction_source"": ""group_majority"", ""passes_threshold"": true, ""candidate_status"": ""Accepted"", ""rejection_reason"": null, ""validation_record_status"": ""valid""}, {""row_index"": 81, ""target_field"": ""permit_type"", ""algorithm"": ""association_rules"", ""predicted_value"": ""Mechanical OTC"", ""confidence"": 0.9905660377358491, ""prediction_source"": ""matched_rules"", ""passes_threshold"": true, ""candidate_status"": ""Accepted"", ""rejection_reason"": null, ""validation_record_status"": ""valid""}, {""row_index"": 81, ""target_field"": ""permit_type"", ""algorithm"": ""clustering"", ""predicted_value"": ""Mechanical OTC"", ""confidence"": 0.9859154929577465, ""prediction_source"": ""cluster_majority"", ""passes_threshold"": true, ""candidate_status"": ""Accepted"", ""rejection_reason"": null, ""validation_record_status"": ""valid""}, {""row_index"": 81, ""target_field"": ""permit_type"", ""algorithm"": ""knn"", ""predicted_value"": ""Mechanical OTC"", ""confidence"": 0.8, ""prediction_source"": ""nearest_neighbors"", ""passes_threshold"": true, ""candidate_status"": ""Accepted"", ""rejection_reason"": null, ""validation_record_status"": ""valid""}]",
82,permit_type,Plumbing OTC,1,Plumbing OTC,0.997093023255814,Accepted,unanimous_vote,association_rules,"[""association_rules"", ""clustering"", ""grouped_majority"", ""knn""]",4,4,4,4,0.0,valid,True,"[{""row_index"": 82, ""target_field"": ""permit_type"", ""algorithm"": ""grouped_majority"", ""predicted_value"": ""Plumbing OTC"", ""confidence"": 0.9883720930232558, ""prediction_source"": ""group_majority"", ""passes_threshold"": true, ""candidate_status"": ""Accepted"", ""rejection_reason"": null, ""validation_record_status"": ""valid""}, {""row_index"": 82, ""target_field"": ""permit_type"", ""algorithm"": ""association_rules"", ""predicted_value"": ""Plumbing OTC"", ""confidence"": 1.0, ""prediction_source"": ""matched_rules"", ""passes_threshold"": true, ""candidate_status"": ""Accepted"", ""rejection_reason"": null, ""validation_record_status"": ""valid""}, {""row_index"": 82, ""target_field"": ""permit_type"", ""algorithm"": ""clustering"", ""predicted_value"": ""Plumbing OTC"", ""confidence"": 1.0, ""prediction_source"": ""cluster_majority"", ""passes_threshold"": true, ""candidate_status"": ""Accepted"", ""rejection_reason"": null, ""validation_record_status"": ""valid""}, {""row_index"": 82, ""target_field"": ""permit_type"", ""algorithm"": ""knn"", ""predicted_value"": ""Plumbing OTC"", ""confidence"": 1.0, ""prediction_source"": ""nearest_neighbors"", ""passes_threshold"": true, ""candidate_status"": ""Accepted"", ""rejection_reason"": null, ""validation_record_status"": ""valid""}]",
86,permit_type,Plumbing OTC,1,Plumbing OTC,0.997093023255814,Accepted,unanimous_vote,association_rules,"[""association_rules"", ""clustering"", ""grouped_majority"", ""knn""]",4,4,4,4,0.0,valid,True,"[{""row_index"": 86, ""target_field"": ""permit_type"", ""algorithm"": ""grouped_majority"", ""predicted_value"": ""Plumbing OTC"", ""confidence"": 0.9883720930232558, ""prediction_source"": ""group_majority"", ""passes_threshold"": true, ""candidate_status"": ""Accepted"", ""rejection_reason"": null, ""validation_record_status"": ""valid""}, {""row_index"": 86, ""target_field"": ""permit_type"", ""algorithm"": ""association_rules"", ""predicted_value"": ""Plumbing OTC"", ""confidence"": 1.0, ""prediction_source"": ""matched_rules"", ""passes_threshold"": true, ""candidate_status"": ""Accepted"", ""rejection_reason"": null, ""validation_record_status"": ""valid""}, {""row_index"": 86, ""target_field"": ""permit_type"", ""algorithm"": ""clustering"", ""predicted_value"": ""Plumbing OTC"", ""confidence"": 1.0, ""prediction_source"": ""cluster_majority"", ""passes_threshold"": true, ""candidate_status"": ""Accepted"", ""rejection_reason"": null, ""validation_record_status"": ""valid""}, {""row_index"": 86, ""target_field"": ""permit_type"", ""algorithm"": ""knn"", ""predicted_value"": ""Plumbing OTC"", ""confidence"": 1.0, ""prediction_source"": ""nearest_neighbors"", ""passes_threshold"": true, ""candidate_status"": ""Accepted"", ""rejection_reason"": null, ""validation_record_status"": ""valid""}]",
88,permit_type,Plumbing OTC,1,Plumbing OTC,0.997093023255814,Accepted,unanimous_vote,association_rules,"[""association_rules"", ""clustering"", ""grouped_majority"", ""knn""]",4,4,4,4,0.0,valid,True,"[{""row_index"": 88, ""target_field"": ""permit_type"", ""algorithm"": ""grouped_majority"", ""predicted_value"": ""Plumbing OTC"", ""confidence"": 0.9883720930232558, ""prediction_source"": ""group_majority"", ""passes_threshold"": true, ""candidate_status"": ""Accepted"", ""rejection_reason"": null, ""validation_record_status"": ""valid""}, {""row_index"": 88, ""target_field"": ""permit_type"", ""algorithm"": ""association_rules"", ""predicted_value"": ""Plumbing OTC"", ""confidence"": 1.0, ""prediction_source"": ""matched_rules"", ""passes_threshold"": true, ""candidate_status"": ""Accepted"", ""rejection_reason"": null, ""validation_record_status"": ""valid""}, {""row_index"": 88, ""target_field"": ""permit_type"", ""algorithm"": ""clustering"", ""predicted_value"": ""Plumbing OTC"", ""confidence"": 1.0, ""prediction_source"": ""cluster_majority"", ""passes_threshold"": true, ""candidate_status"": ""Accepted"", ""rejection_reason"": null, ""validation_record_status"": ""valid""}, {""row_index"": 88, ""target_field"": ""permit_type"", ""algorithm"": ""knn"", ""predicted_value"": ""Plumbing OTC"", ""confidence"": 1.0, ""prediction_source"": ""nearest_neighbors"", ""passes_threshold"": true, ""candidate_status"": ""Accepted"", ""rejection_reason"": null, ""validation_record_status"": ""valid""}]",
89,permit_type,Plumbing OTC,1,Plumbing OTC,0.997093023255814,Accepted,unanimous_vote,association_rules,"[""association_rules"", ""clustering"", ""grouped_majority"", ""knn""]",4,4,4,4,0.0,valid,True,"[{""row_index"": 89, ""target_field"": ""permit_type"", ""algorithm"": ""grouped_majority"", ""predicted_value"": ""Plumbing OTC"", ""confidence"": 0.9883720930232558, ""prediction_source"": ""group_majority"", ""passes_threshold"": true, ""candidate_status"": ""Accepted"", ""rejection_reason"": null, ""validation_record_status"": ""valid""}, {""row_index"": 89, ""target_field"": ""permit_type"", ""algorithm"": ""association_rules"", ""predicted_value"": ""Plumbing OTC"", ""confidence"": 1.0, ""prediction_source"": ""matched_rules"", ""passes_threshold"": true, ""candidate_status"": ""Accepted"", ""rejection_reason"": null, ""validation_record_status"": ""valid""}, {""row_index"": 89, ""target_field"": ""permit_type"", ""algorithm"": ""clustering"", ""predicted_value"": ""Plumbing OTC"", ""confidence"": 1.0, ""prediction_source"": ""cluster_majority"", ""passes_threshold"": true, ""candidate_status"": ""Accepted"", ""rejection_reason"": null, ""validation_record_status"": ""valid""}, {""row_index"": 89, ""target_field"": ""permit_type"", ""algorithm"": ""knn"", ""predicted_value"": ""Plumbing OTC"", ""confidence"": 1.0, ""prediction_source"": ""nearest_neighbors"", ""passes_threshold"": true, ""candidate_status"": ""Accepted"", ""rejection_reason"": null, ""validation_record_status"": ""valid""}]",
90,permit_type,Plumbing OTC,1,Plumbing OTC,1.0,Accepted,unanimous_vote,association_rules,"[""association_rules"", ""clustering"", ""grouped_majority"", ""knn""]",4,4,4,4,0.0,valid,True,"[{""row_index"": 90, ""target_field"": ""permit_type"", ""algorithm"": ""grouped_majority"", ""predicted_value"": ""Plumbing OTC"", ""confidence"": 1.0, ""prediction_source"": ""group_majority"", ""passes_threshold"": true, ""candidate_status"": ""Accepted"", ""rejection_reason"": null, ""validation_record_status"": ""valid""}, {""row_index"": 90, ""target_field"": ""permit_type"", ""algorithm"": ""association_rules"", ""predicted_value"": ""Plumbing OTC"", ""confidence"": 1.0, ""prediction_source"": ""matched_rules"", ""passes_threshold"": true, ""candidate_status"": ""Accepted"", ""rejection_reason"": null, ""validation_record_status"": ""valid""}, {""row_index"": 90, ""target_field"": ""permit_type"", ""algorithm"": ""clustering"", ""predicted_value"": ""Plumbing OTC"", ""confidence"": 1.0, ""prediction_source"": ""cluster_majority"", ""passes_threshold"": true, ""candidate_status"": ""Accepted"", ""rejection_reason"": null, ""validation_record_status"": ""valid""}, {""row_index"": 90, ""target_field"": ""permit_type"", ""algorithm"": ""knn"", ""predicted_value"": ""Plumbing OTC"", ""confidence"": 1.0, ""prediction_source"": ""nearest_neighbors"", ""passes_threshold"": true, ""candidate_status"": ""Accepted"", ""rejection_reason"": null, ""validation_record_status"": ""valid""}]",
91,permit_type,Plumbing OTC,1,Plumbing OTC,1.0,Accepted,majority_vote,association_rules,"[""association_rules"", ""grouped_majority"", ""knn""]",3,4,4,4,0.0,valid,True,"[{""row_index"": 91, ""target_field"": ""permit_type"", ""algorithm"": ""grouped_majority"", ""predicted_value"": ""Plumbing OTC"", ""confidence"": 1.0, ""prediction_source"": ""group_majority"", ""passes_threshold"": true, ""candidate_status"": ""Accepted"", ""rejection_reason"": null, ""validation_record_status"": ""valid""}, {""row_index"": 91, ""target_field"": ""permit_type"", ""algorithm"": ""association_rules"", ""predicted_value"": ""Plumbing OTC"", ""confidence"": 1.0, ""prediction_source"": ""matched_rules"", ""passes_threshold"": true, ""candidate_status"": ""Accepted"", ""rejection_reason"": null, ""validation_record_status"": ""valid""}, {""row_index"": 91, ""target_field"": ""permit_type"", ""algorithm"": ""clustering"", ""predicted_value"": ""Residential Building Report"", ""confidence"": 0.864, ""prediction_source"": ""cluster_majority"", ""passes_threshold"": true, ""candidate_status"": ""Accepted"", ""rejection_reason"": null, ""validation_record_status"": ""valid""}, {""row_index"": 91, ""target_field"": ""permit_type"", ""algorithm"": ""knn"", ""predicted_value"": ""Plumbing OTC"", ""confidence"": 1.0, ""prediction_source"": ""nearest_neighbors"", ""passes_threshold"": true, ""candidate_status"": ""Accepted"", ""rejection_reason"": null, ""validation_record_status"": ""valid""}]",
100,permit_type,Plumbing OTC,1,Plumbing OTC,0.9927226704635342,Accepted,majority_vote,knn,"[""association_rules"", ""grouped_majority"", ""knn""]",3,4,4,4,0.0,valid,True,"[{""row_index"": 100, ""target_field"": ""permit_type"", ""algorithm"": ""grouped_majority"", ""predicted_value"": ""Plumbing OTC"", ""confidence"": 0.9883720930232558, ""prediction_source"": ""group_majority"", ""passes_threshold"": true, ""candidate_status"": ""Accepted"", ""rejection_reason"": null, ""validation_record_status"": ""valid""}, {""row_index"": 100, ""target_field"": ""permit_type"", ""algorithm"": ""association_rules"", ""predicted_value"": ""Plumbing OTC"", ""confidence"": 0.9897959183673469, ""prediction_source"": ""matched_rules"", ""passes_threshold"": true, ""candidate_status"": ""Accepted"", ""rejection_reason"": null, ""validation_record_status"": ""valid""}, {""row_index"": 100, ""target_field"": ""permit_type"", ""algorithm"": ""clustering"", ""predicted_value"": ""Electrical OTC"", ""confidence"": 0.5128205128205128, ""prediction_source"": ""cluster_majority"", ""passes_threshold"": true, ""candidate_status"": ""Accepted"", ""rejection_reason"": null, ""validation_record_status"": ""valid""}, {""row_index"": 100, ""target_field"": ""permit_type"", ""algorithm"": ""knn"", ""predicted_value"": ""Plumbing OTC"", ""confidence"": 1.0, ""prediction_source"": ""nearest_neighbors"", ""passes_threshold"": true, ""candidate_status"": ""Accepted"", ""rejection_reason"": null, ""validation_record_status"": ""valid""}]",
101,permit_type,Plumbing OTC,1,Plumbing OTC,0.997093023255814,Accepted,unanimous_vote,association_rules,"[""association_rules"", ""clustering"", ""grouped_majority"", ""knn""]",4,4,4,4,0.0,valid,True,"[{""row_index"": 101, ""target_field"": ""permit_type"", ""algorithm"": ""grouped_majority"", ""predicted_value"": ""Plumbing OTC"", ""confidence"": 0.9883720930232558, ""prediction_source"": ""group_majority"", ""passes_threshold"": true, ""candidate_status"": ""Accepted"", ""rejection_reason"": null, ""validation_record_status"": ""valid""}, {""row_index"": 101, ""target_field"": ""permit_type"", ""algorithm"": ""association_rules"", ""predicted_value"": ""Plumbing OTC"", ""confidence"": 1.0, ""prediction_source"": ""matched_rules"", ""passes_threshold"": true, ""candidate_status"": ""Accepted"", ""rejection_reason"": null, ""validation_record_status"": ""valid""}, {""row_index"": 101, ""target_field"": ""permit_type"", ""algorithm"": ""clustering"", ""predicted_value"": ""Plumbing OTC"", ""confidence"": 1.0, ""prediction_source"": ""cluster_majority"", ""passes_threshold"": true, ""candidate_status"": ""Accepted"", ""rejection_reason"": null, ""validation_record_status"": ""valid""}, {""row_index"": 101, ""target_field"": ""permit_type"", ""algorithm"": ""knn"", ""predicted_value"": ""Plumbing OTC"", ""confidence"": 1.0, ""prediction_source"": ""nearest_neighbors"", ""passes_threshold"": true, ""candidate_status"": ""Accepted"", ""rejection_reason"": null, ""validation_record_status"": ""valid""}]",
105,permit_type,Residential Building Report,1,Residential Building Report,0.9637064220183487,Accepted,unanimous_vote,association_rules,"[""association_rules"", ""clustering"", ""grouped_majority"", ""knn""]",4,4,4,4,0.0,valid,True,"[{""row_index"": 105, ""target_field"": ""permit_type"", ""algorithm"": ""grouped_majority"", ""predicted_value"": ""Residential Building Report"", ""confidence"": 0.9908256880733946, ""prediction_source"": ""group_majority"", ""passes_threshold"": true, ""candidate_status"": ""Accepted"", ""rejection_reason"": null, ""validation_record_status"": ""valid""}, {""row_index"": 105, ""target_field"": ""permit_type"", ""algorithm"": ""association_rules"", ""predicted_value"": ""Residential Building Report"", ""confidence"": 1.0, ""prediction_source"": ""matched_rules"", ""passes_threshold"": true, ""candidate_status"": ""Accepted"", ""rejection_reason"": null, ""validation_record_status"": ""valid""}, {""row_index"": 105, ""target_field"": ""permit_type"", ""algorithm"": ""clustering"", ""predicted_value"": ""Residential Building Report"", ""confidence"": 0.864, ""prediction_source"": ""cluster_majority"", ""passes_threshold"": true, ""candidate_status"": ""Accepted"", ""rejection_reason"": null, ""validation_record_status"": ""valid""}, {""row_index"": 105, ""target_field"": ""permit_type"", ""algorithm"": ""knn"", ""predicted_value"": ""Residential Building Report"", ""confidence"": 1.0, ""prediction_source"": ""nearest_neighbors"", ""passes_threshold"": true, ""candidate_status"": ""Accepted"", ""rejection_reason"": null, ""validation_record_status"": ""valid""}]",
107,permit_type,Residential Building Report,1,Residential Building Report,0.9637064220183487,Accepted,unanimous_vote,association_rules,"[""association_rules"", ""clustering"", ""grouped_majority"", ""knn""]",4,4,4,4,0.0,valid,True,"[{""row_index"": 107, ""target_field"": ""permit_type"", ""algorithm"": ""grouped_majority"", ""predicted_value"": ""Residential Building Report"", ""confidence"": 0.9908256880733946, ""prediction_source"": ""group_majority"", ""passes_threshold"": true, ""candidate_status"": ""Accepted"", ""rejection_reason"": null, ""validation_record_status"": ""valid""}, {""row_index"": 107, ""target_field"": ""permit_type"", ""algorithm"": ""association_rules"", ""predicted_value"": ""Residential Building Report"", ""confidence"": 1.0, ""prediction_source"": ""matched_rules"", ""passes_threshold"": true, ""candidate_status"": ""Accepted"", ""rejection_reason"": null, ""validation_record_status"": ""valid""}, {""row_index"": 107, ""target_field"": ""permit_type"", ""algorithm"": ""clustering"", ""predicted_value"": ""Residential Building Report"", ""confidence"": 0.864, ""prediction_source"": ""cluster_majority"", ""passes_threshold"": true, ""candidate_status"": ""Accepted"", ""rejection_reason"": null, ""validation_record_status"": ""valid""}, {""row_index"": 107, ""target_field"": ""permit_type"", ""algorithm"": ""knn"", ""predicted_value"": ""Residential Building Report"", ""confidence"": 1.0, ""prediction_source"": ""nearest_neighbors"", ""passes_threshold"": true, ""candidate_status"": ""Accepted"", ""rejection_reason"": null, ""validation_record_status"": ""valid""}]",
111,permit_type,Residential Building Report,1,Residential Building Report,0.9637064220183487,Accepted,unanimous_vote,association_rules,"[""association_rules"", ""clustering"", ""grouped_majority"", ""knn""]",4,4,4,4,0.0,valid,True,"[{""row_index"": 111, ""target_field"": ""permit_type"", ""algorithm"": ""grouped_majority"", ""predicted_value"": ""Residential Building Report"", ""confidence"": 0.9908256880733946, ""prediction_source"": ""group_majority"", ""passes_threshold"": true, ""candidate_status"": ""Accepted"", ""rejection_reason"": null, ""validation_record_status"": ""valid""}, {""row_index"": 111, ""target_field"": ""permit_type"", ""algorithm"": ""association_rules"", ""predicted_value"": ""Residential Building Report"", ""confidence"": 1.0, ""prediction_source"": ""matched_rules"", ""passes_threshold"": true, ""candidate_status"": ""Accepted"", ""rejection_reason"": null, ""validation_record_status"": ""valid""}, {""row_index"": 111, ""target_field"": ""permit_type"", ""algorithm"": ""clustering"", ""predicted_value"": ""Residential Building Report"", ""confidence"": 0.864, ""prediction_source"": ""cluster_majority"", ""passes_threshold"": true, ""candidate_status"": ""Accepted"", ""rejection_reason"": null, ""validation_record_status"": ""valid""}, {""row_index"": 111, ""target_field"": ""permit_type"", ""algorithm"": ""knn"", ""predicted_value"": ""Residential Building Report"", ""confidence"": 1.0, ""prediction_source"": ""nearest_neighbors"", ""passes_threshold"": true, ""candidate_status"": ""Accepted"", ""rejection_reason"": null, ""validation_record_status"": ""valid""}]",
112,permit_type,Residential Building Report,1,Residential Building Report,0.9637064220183487,Accepted,unanimous_vote,association_rules,"[""association_rules"", ""clustering"", ""grouped_majority"", ""knn""]",4,4,4,4,0.0,valid,True,"[{""row_index"": 112, ""target_field"": ""permit_type"", ""algorithm"": ""grouped_majority"", ""predicted_value"": ""Residential Building Report"", ""confidence"": 0.9908256880733946, ""prediction_source"": ""group_majority"", ""passes_threshold"": true, ""candidate_status"": ""Accepted"", ""rejection_reason"": null, ""validation_record_status"": ""valid""}, {""row_index"": 112, ""target_field"": ""permit_type"", ""algorithm"": ""association_rules"", ""predicted_value"": ""Residential Building Report"", ""confidence"": 1.0, ""prediction_source"": ""matched_rules"", ""passes_threshold"": true, ""candidate_status"": ""Accepted"", ""rejection_reason"": null, ""validation_record_status"": ""valid""}, {""row_index"": 112, ""target_field"": ""permit_type"", ""algorithm"": ""clustering"", ""predicted_value"": ""Residential Building Report"", ""confidence"": 0.864, ""prediction_source"": ""cluster_majority"", ""passes_threshold"": true, ""candidate_status"": ""Accepted"", ""rejection_reason"": null, ""validation_record_status"": ""valid""}, {""row_index"": 112, ""target_field"": ""permit_type"", ""algorithm"": ""knn"", ""predicted_value"": ""Residential Building Report"", ""confidence"": 1.0, ""prediction_source"": ""nearest_neighbors"", ""passes_threshold"": true, ""candidate_status"": ""Accepted"", ""rejection_reason"": null, ""validation_record_status"": ""valid""}]",
116,permit_type,Residential Building Report,1,Residential Building Report,0.9637064220183487,Accepted,unanimous_vote,association_rules,"[""association_rules"", ""clustering"", ""grouped_majority"", ""knn""]",4,4,4,4,0.0,valid,True,"[{""row_index"": 116, ""target_field"": ""permit_type"", ""algorithm"": ""grouped_majority"", ""predicted_value"": ""Residential Building Report"", ""confidence"": 0.9908256880733946, ""prediction_source"": ""group_majority"", ""passes_threshold"": true, ""candidate_status"": ""Accepted"", ""rejection_reason"": null, ""validation_record_status"": ""valid""}, {""row_index"": 116, ""target_field"": ""permit_type"", ""algorithm"": ""association_rules"", ""predicted_value"": ""Residential Building Report"", ""confidence"": 1.0, ""prediction_source"": ""matched_rules"", ""passes_threshold"": true, ""candidate_status"": ""Accepted"", ""rejection_reason"": null, ""validation_record_status"": ""valid""}, {""row_index"": 116, ""target_field"": ""permit_type"", ""algorithm"": ""clustering"", ""predicted_value"": ""Residential Building Report"", ""confidence"": 0.864, ""prediction_source"": ""cluster_majority"", ""passes_threshold"": true, ""candidate_status"": ""Accepted"", ""rejection_reason"": null, ""validation_record_status"": ""valid""}, {""row_index"": 116, ""target_field"": ""permit_type"", ""algorithm"": ""knn"", ""predicted_value"": ""Residential Building Report"", ""confidence"": 1.0, ""prediction_source"": ""nearest_neighbors"", ""passes_threshold"": true, ""candidate_status"": ""Accepted"", ""rejection_reason"": null, ""validation_record_status"": ""valid""}]",
120,permit_type,Building - Full Plan Check,1,Building - Full Plan Check,0.7264957264957266,Accepted,majority_vote,knn,"[""association_rules"", ""clustering"", ""knn""]",3,4,4,4,0.0,valid,True,"[{""row_index"": 120, ""target_field"": ""permit_type"", ""algorithm"": ""grouped_majority"", ""predicted_value"": ""Building Permit OTC"", ""confidence"": 0.5693950177935944, ""prediction_source"": ""group_majority"", ""passes_threshold"": true, ""candidate_status"": ""Accepted"", ""rejection_reason"": null, ""validation_record_status"": ""valid""}, {""row_index"": 120, ""target_field"": ""permit_type"", ""algorithm"": ""association_rules"", ""predicted_value"": ""Building - Full Plan Check"", ""confidence"": 0.8461538461538461, ""prediction_source"": ""matched_rules"", ""passes_threshold"": true, ""candidate_status"": ""Accepted"", ""rejection_reason"": null, ""validation_record_status"": ""valid""}, {""row_index"": 120, ""target_field"": ""permit_type"", ""algorithm"": ""clustering"", ""predicted_value"": ""Building - Full Plan Check"", ""confidence"": 0.3333333333333333, ""prediction_source"": ""cluster_majority"", ""passes_threshold"": true, ""candidate_status"": ""Accepted"", ""rejection_reason"": null, ""validation_record_status"": ""valid""}, {""row_index"": 120, ""target_field"": ""permit_type"", ""algorithm"": ""knn"", ""predicted_value"": ""Building - Full Plan Check"", ""confidence"": 1.0, ""prediction_source"": ""nearest_neighbors"", ""passes_threshold"": true, ""candidate_status"": ""Accepted"", ""rejection_reason"": null, ""validation_record_status"": ""valid""}]",
122,permit_type,Building - Full Plan Check,1,Building Permit OTC,0.6045367356430748,Accepted,majority_vote,association_rules,"[""association_rules"", ""clustering"", ""grouped_majority""]",3,4,4,4,0.0,valid,True,"[{""row_index"": 122, ""target_field"": ""permit_type"", ""algorithm"": ""grouped_majority"", ""predicted_value"": ""Building Permit OTC"", ""confidence"": 0.5693950177935944, ""prediction_source"": ""group_majority"", ""passes_threshold"": true, ""candidate_status"": ""Accepted"", ""rejection_reason"": null, ""validation_record_status"": ""valid""}, {""row_index"": 122, ""target_field"": ""permit_type"", ""algorithm"": ""association_rules"", ""predicted_value"": ""Building Permit OTC"", ""confidence"": 0.6240601503759399, ""prediction_source"": ""matched_rules"", ""passes_threshold"": true, ""candidate_status"": ""Accepted"", ""rejection_reason"": null, ""validation_record_status"": ""valid""}, {""row_index"": 122, ""target_field"": ""permit_type"", ""algorithm"": ""clustering"", ""predicted_value"": ""Building Permit OTC"", ""confidence"": 0.6201550387596899, ""prediction_source"": ""cluster_majority"", ""passes_threshold"": true, ""candidate_status"": ""Accepted"", ""rejection_reason"": null, ""validation_record_status"": ""valid""}, {""row_index"": 122, ""target_field"": ""permit_type"", ""algorithm"": ""knn"", ""predicted_value"": ""Building - Full Plan Check"", ""confidence"": 0.6666666666666666, ""prediction_source"": ""nearest_neighbors"", ""passes_threshold"": true, ""candidate_status"": ""Accepted"", ""rejection_reason"": null, ""validation_record_status"": ""valid""}]",
123,permit_type,Building - Full Plan Check,1,Building Permit OTC,0.8247189741851665,Accepted,majority_vote,knn,"[""association_rules"", ""grouped_majority"", ""knn""]",3,4,4,4,0.0,valid,True,"[{""row_index"": 123, ""target_field"": ""permit_type"", ""algorithm"": ""grouped_majority"", ""predicted_value"": ""Building Permit OTC"", ""confidence"": 0.5693950177935944, ""prediction_source"": ""group_majority"", ""passes_threshold"": true, ""candidate_status"": ""Accepted"", ""rejection_reason"": null, ""validation_record_status"": ""valid""}, {""row_index"": 123, ""target_field"": ""permit_type"", ""algorithm"": ""association_rules"", ""predicted_value"": ""Building Permit OTC"", ""confidence"": 0.9047619047619048, ""prediction_source"": ""matched_rules"", ""passes_threshold"": true, ""candidate_status"": ""Accepted"", ""rejection_reason"": null, ""validation_record_status"": ""valid""}, {""row_index"": 123, ""target_field"": ""permit_type"", ""algorithm"": ""clustering"", ""predicted_value"": ""Building - Full Plan Check"", ""confidence"": 0.3333333333333333, ""prediction_source"": ""cluster_majority"", ""passes_threshold"": true, ""candidate_status"": ""Accepted"", ""rejection_reason"": null, ""validation_record_status"": ""valid""}, {""row_index"": 123, ""target_field"": ""permit_type"", ""algorithm"": ""knn"", ""predicted_value"": ""Building Permit OTC"", ""confidence"": 1.0, ""prediction_source"": ""nearest_neighbors"", ""passes_threshold"": true, ""candidate_status"": ""Accepted"", ""rejection_reason"": null, ""validation_record_status"": ""valid""}]",
128,permit_type,Building - In House Plan Check,1,Building Permit OTC,0.8430819826168663,Accepted,majority_vote,knn,"[""clustering"", ""grouped_majority"", ""knn""]",3,4,4,4,0.0,valid,True,"[{""row_index"": 128, ""target_field"": ""permit_type"", ""algorithm"": ""grouped_majority"", ""predicted_value"": ""Building Permit OTC"", ""confidence"": 0.9090909090909091, ""prediction_source"": ""group_majority"", ""passes_threshold"": true, ""candidate_status"": ""Accepted"", ""rejection_reason"": null, ""validation_record_status"": ""valid""}, {""row_index"": 128, ""target_field"": ""permit_type"", ""algorithm"": ""association_rules"", ""predicted_value"": ""Residential Building Report"", ""confidence"": 0.7500000000000001, ""prediction_source"": ""matched_rules"", ""passes_threshold"": true, ""candidate_status"": ""Accepted"", ""rejection_reason"": null, ""validation_record_status"": ""valid""}, {""row_index"": 128, ""target_field"": ""permit_type"", ""algorithm"": ""clustering"", ""predicted_value"": ""Building Permit OTC"", ""confidence"": 0.6201550387596899, ""prediction_source"": ""cluster_majority"", ""passes_threshold"": true, ""candidate_status"": ""Accepted"", ""rejection_reason"": null, ""validation_record_status"": ""valid""}, {""row_index"": 128, ""target_field"": ""permit_type"", ""algorithm"": ""knn"", ""predicted_value"": ""Building Permit OTC"", ""confidence"": 1.0, ""prediction_source"": ""nearest_neighbors"", ""passes_threshold"": true, ""candidate_status"": ""Accepted"", ""rejection_reason"": null, ""validation_record_status"": ""valid""}]",
131,permit_type,Building - In House Plan Check,1,Building Permit OTC,0.589575557677285,Accepted,majority_vote,association_rules,"[""association_rules"", ""grouped_majority""]",2,4,4,4,0.0,valid,True,"[{""row_index"": 131, ""target_field"": ""permit_type"", ""algorithm"": ""grouped_majority"", ""predicted_value"": ""Building Permit OTC"", ""confidence"": 0.5693950177935944, ""prediction_source"": ""group_majority"", ""passes_threshold"": true, ""candidate_status"": ""Accepted"", ""rejection_reason"": null, ""validation_record_status"": ""valid""}, {""row_index"": 131, ""target_field"": ""permit_type"", ""algorithm"": ""association_rules"", ""predicted_value"": ""Building Permit OTC"", ""confidence"": 0.6097560975609756, ""prediction_source"": ""matched_rules"", ""passes_threshold"": true, ""candidate_status"": ""Accepted"", ""rejection_reason"": null, ""validation_record_status"": ""valid""}, {""row_index"": 131, ""target_field"": ""permit_type"", ""algorithm"": ""clustering"", ""predicted_value"": ""Building - Full Plan Check"", ""confidence"": 0.3333333333333333, ""prediction_source"": ""cluster_majority"", ""passes_threshold"": true, ""candidate_status"": ""Accepted"", ""rejection_reason"": null, ""validation_record_status"": ""valid""}, {""row_index"": 131, ""target_field"": ""permit_type"", ""algorithm"": ""knn"", ""predicted_value"": ""Building - In House Plan Check"", ""confidence"": 0.6, ""prediction_source"": ""nearest_neighbors"", ""passes_threshold"": true, ""candidate_status"": ""Accepted"", ""rejection_reason"": null, ""validation_record_status"": ""valid""}]",
132,permit_type,Building - In House Plan Check,1,Building Permit OTC,0.8129836750833193,Accepted,unanimous_vote,knn,"[""association_rules"", ""clustering"", ""grouped_majority"", ""knn""]",4,4,4,4,0.0,valid,True,"[{""row_index"": 132, ""target_field"": ""permit_type"", ""algorithm"": ""grouped_majority"", ""predicted_value"": ""Building Permit OTC"", ""confidence"": 0.5693950177935944, ""prediction_source"": ""group_majority"", ""passes_threshold"": true, ""candidate_status"": ""Accepted"", ""rejection_reason"": null, ""validation_record_status"": ""valid""}, {""row_index"": 132, ""target_field"": ""permit_type"", ""algorithm"": ""association_rules"", ""predicted_value"": ""Building Permit OTC"", ""confidence"": 0.9047619047619048, ""prediction_source"": ""matched_rules"", ""passes_threshold"": true, ""candidate_status"": ""Accepted"", ""rejection_reason"": null, ""validation_record_status"": ""valid""}, {""row_index"": 132, ""target_field"": ""permit_type"", ""algorithm"": ""clustering"", ""predicted_value"": ""Building Permit OTC"", ""confidence"": 0.7777777777777778, ""prediction_source"": ""cluster_majority"", ""passes_threshold"": true, ""candidate_status"": ""Accepted"", ""rejection_reason"": null, ""validation_record_status"": ""valid""}, {""row_index"": 132, ""target_field"": ""permit_type"", ""algorithm"": ""knn"", ""predicted_value"": ""Building Permit OTC"", ""confidence"": 1.0, ""prediction_source"": ""nearest_neighbors"", ""passes_threshold"": true, ""candidate_status"": ""Accepted"", ""rejection_reason"": null, ""validation_record_status"": ""valid""}]",
134,permit_type,Building Permit OTC,1,Building Permit OTC,0.7508758862313443,Accepted,unanimous_vote,knn,"[""association_rules"", ""clustering"", ""grouped_majority"", ""knn""]",4,4,4,4,0.0,valid,True,"[{""row_index"": 134, ""target_field"": ""permit_type"", ""algorithm"": ""grouped_majority"", ""predicted_value"": ""Building Permit OTC"", ""confidence"": 0.5693950177935944, ""prediction_source"": ""group_majority"", ""passes_threshold"": true, ""candidate_status"": ""Accepted"", ""rejection_reason"": null, ""validation_record_status"": ""valid""}, {""row_index"": 134, ""target_field"": ""permit_type"", ""algorithm"": ""association_rules"", ""predicted_value"": ""Building Permit OTC"", ""confidence"": 0.8139534883720931, ""prediction_source"": ""matched_rules"", ""passes_threshold"": true, ""candidate_status"": ""Accepted"", ""rejection_reason"": null, ""validation_record_status"": ""valid""}, {""row_index"": 134, ""target_field"": ""permit_type"", ""algorithm"": ""clustering"", ""predicted_value"": ""Building Permit OTC"", ""confidence"": 0.6201550387596899, ""prediction_source"": ""cluster_majority"", ""passes_threshold"": true, ""candidate_status"": ""Accepted"", ""rejection_reason"": null, ""validation_record_status"": ""valid""}, {""row_index"": 134, ""target_field"": ""permit_type"", ""algorithm"": ""knn"", ""predicted_value"": ""Building Permit OTC"", ""confidence"": 1.0, ""prediction_source"": ""nearest_neighbors"", ""passes_threshold"": true, ""candidate_status"": ""Accepted"", ""rejection_reason"": null, ""validation_record_status"": ""valid""}]",
135,permit_type,Building Permit OTC,1,Building Permit OTC,0.8129836750833193,Accepted,unanimous_vote,knn,"[""association_rules"", ""clustering"", ""grouped_majority"", ""knn""]",4,4,4,4,0.0,valid,True,"[{""row_index"": 135, ""target_field"": ""permit_type"", ""algorithm"": ""grouped_majority"", ""predicted_value"": ""Building Permit OTC"", ""confidence"": 0.5693950177935944, ""prediction_source"": ""group_majority"", ""passes_threshold"": true, ""candidate_status"": ""Accepted"", ""rejection_reason"": null, ""validation_record_status"": ""valid""}, {""row_index"": 135, ""target_field"": ""permit_type"", ""algorithm"": ""association_rules"", ""predicted_value"": ""Building Permit OTC"", ""confidence"": 0.9047619047619048, ""prediction_source"": ""matched_rules"", ""passes_threshold"": true, ""candidate_status"": ""Accepted"", ""rejection_reason"": null, ""validation_record_status"": ""valid""}, {""row_index"": 135, ""target_field"": ""permit_type"", ""algorithm"": ""clustering"", ""predicted_value"": ""Building Permit OTC"", ""confidence"": 0.7777777777777778, ""prediction_source"": ""cluster_majority"", ""passes_threshold"": true, ""candidate_status"": ""Accepted"", ""rejection_reason"": null, ""validation_record_status"": ""valid""}, {""row_index"": 135, ""target_field"": ""permit_type"", ""algorithm"": ""knn"", ""predicted_value"": ""Building Permit OTC"", ""confidence"": 1.0, ""prediction_source"": ""nearest_neighbors"", ""passes_threshold"": true, ""candidate_status"": ""Accepted"", ""rejection_reason"": null, ""validation_record_status"": ""valid""}]",
137,permit_type,Building Permit OTC,1,Building Permit OTC,0.7679757494324386,Accepted,unanimous_vote,knn,"[""association_rules"", ""clustering"", ""grouped_majority"", ""knn""]",4,4,4,4,0.0,valid,True,"[{""row_index"": 137, ""target_field"": ""permit_type"", ""algorithm"": ""grouped_majority"", ""predicted_value"": ""Building Permit OTC"", ""confidence"": 0.5693950177935944, ""prediction_source"": ""group_majority"", ""passes_threshold"": true, ""candidate_status"": ""Accepted"", ""rejection_reason"": null, ""validation_record_status"": ""valid""}, {""row_index"": 137, ""target_field"": ""permit_type"", ""algorithm"": ""association_rules"", ""predicted_value"": ""Building Permit OTC"", ""confidence"": 0.8823529411764705, ""prediction_source"": ""matched_rules"", ""passes_threshold"": true, ""candidate_status"": ""Accepted"", ""rejection_reason"": null, ""validation_record_status"": ""valid""}, {""row_index"": 137, ""target_field"": ""permit_type"", ""algorithm"": ""clustering"", ""predicted_value"": ""Building Permit OTC"", ""confidence"": 0.6201550387596899, ""prediction_source"": ""cluster_majority"", ""passes_threshold"": true, ""candidate_status"": ""Accepted"", ""rejection_reason"": null, ""validation_record_status"": ""valid""}, {""row_index"": 137, ""target_field"": ""permit_type"", ""algorithm"": ""knn"", ""predicted_value"": ""Building Permit OTC"", ""confidence"": 1.0, ""prediction_source"": ""nearest_neighbors"", ""passes_threshold"": true, ""candidate_status"": ""Accepted"", ""rejection_reason"": null, ""validation_record_status"": ""valid""}]",
140,permit_type,Building Permit OTC,1,Building Permit OTC,0.7300223655595096,Accepted,unanimous_vote,association_rules,"[""association_rules"", ""clustering"", ""grouped_majority"", ""knn""]",4,4,4,4,0.0,valid,True,"[{""row_index"": 140, ""target_field"": ""permit_type"", ""algorithm"": ""grouped_majority"", ""predicted_value"": ""Building Permit OTC"", ""confidence"": 0.5693950177935944, ""prediction_source"": ""group_majority"", ""passes_threshold"": true, ""candidate_status"": ""Accepted"", ""rejection_reason"": null, ""validation_record_status"": ""valid""}, {""row_index"": 140, ""target_field"": ""permit_type"", ""algorithm"": ""association_rules"", ""predicted_value"": ""Building Permit OTC"", ""confidence"": 0.9062499999999999, ""prediction_source"": ""matched_rules"", ""passes_threshold"": true, ""candidate_status"": ""Accepted"", ""rejection_reason"": null, ""validation_record_status"": ""valid""}, {""row_index"": 140, ""target_field"": ""permit_type"", ""algorithm"": ""clustering"", ""predicted_value"": ""Building Permit OTC"", ""confidence"": 0.7777777777777778, ""prediction_source"": ""cluster_majority"", ""passes_threshold"": true, ""candidate_status"": ""Accepted"", ""rejection_reason"": null, ""validation_record_status"": ""valid""}, {""row_index"": 140, ""target_field"": ""permit_type"", ""algorithm"": ""knn"", ""predicted_value"": ""Building Permit OTC"", ""confidence"": 0.6666666666666666, ""prediction_source"": ""nearest_neighbors"", ""passes_threshold"": true, ""candidate_status"": ""Accepted"", ""rejection_reason"": null, ""validation_record_status"": ""valid""}]",
141,permit_type,Building Permit OTC,1,Building Permit OTC,0.7423875141383209,Accepted,unanimous_vote,association_rules,"[""association_rules"", ""clustering"", ""grouped_majority"", ""knn""]",4,4,4,4,0.0,valid,True,"[{""row_index"": 141, ""target_field"": ""permit_type"", ""algorithm"": ""grouped_majority"", ""predicted_value"": ""Building Permit OTC"", ""confidence"": 0.5693950177935944, ""prediction_source"": ""group_majority"", ""passes_threshold"": true, ""candidate_status"": ""Accepted"", ""rejection_reason"": null, ""validation_record_status"": ""valid""}, {""row_index"": 141, ""target_field"": ""permit_type"", ""algorithm"": ""association_rules"", ""predicted_value"": ""Building Permit OTC"", ""confidence"": 0.98, ""prediction_source"": ""matched_rules"", ""passes_threshold"": true, ""candidate_status"": ""Accepted"", ""rejection_reason"": null, ""validation_record_status"": ""valid""}, {""row_index"": 141, ""target_field"": ""permit_type"", ""algorithm"": ""clustering"", ""predicted_value"": ""Building Permit OTC"", ""confidence"": 0.6201550387596899, ""prediction_source"": ""cluster_majority"", ""passes_threshold"": true, ""candidate_status"": ""Accepted"", ""rejection_reason"": null, ""validation_record_status"": ""valid""}, {""row_index"": 141, ""target_field"": ""permit_type"", ""algorithm"": ""knn"", ""predicted_value"": ""Building Permit OTC"", ""confidence"": 0.8, ""prediction_source"": ""nearest_neighbors"", ""passes_threshold"": true, ""candidate_status"": ""Accepted"", ""rejection_reason"": null, ""validation_record_status"": ""valid""}]",
142,permit_type,Building Permit OTC,1,Building Permit OTC,0.9217171717171717,Accepted,unanimous_vote,association_rules,"[""association_rules"", ""clustering"", ""grouped_majority"", ""knn""]",4,4,4,4,0.0,valid,True,"[{""row_index"": 142, ""target_field"": ""permit_type"", ""algorithm"": ""grouped_majority"", ""predicted_value"": ""Building Permit OTC"", ""confidence"": 0.9090909090909091, ""prediction_source"": ""group_majority"", ""passes_threshold"": true, ""candidate_status"": ""Accepted"", ""rejection_reason"": null, ""validation_record_status"": ""valid""}, {""row_index"": 142, ""target_field"": ""permit_type"", ""algorithm"": ""association_rules"", ""predicted_value"": ""Building Permit OTC"", ""confidence"": 1.0, ""prediction_source"": ""matched_rules"", ""passes_threshold"": true, ""candidate_status"": ""Accepted"", ""rejection_reason"": null, ""validation_record_status"": ""valid""}, {""row_index"": 142, ""target_field"": ""permit_type"", ""algorithm"": ""clustering"", ""predicted_value"": ""Building Permit OTC"", ""confidence"": 0.7777777777777778, ""prediction_source"": ""cluster_majority"", ""passes_threshold"": true, ""candidate_status"": ""Accepted"", ""rejection_reason"": null, ""validation_record_status"": ""valid""}, {""row_index"": 142, ""target_field"": ""permit_type"", ""algorithm"": ""knn"", ""predicted_value"": ""Building Permit OTC"", ""confidence"": 1.0, ""prediction_source"": ""nearest_neighbors"", ""passes_threshold"": true, ""candidate_status"": ""Accepted"", ""rejection_reason"": null, ""validation_record_status"": ""valid""}]",
145,permit_type,Building Permit OTC,1,Building Permit OTC,0.7633556988928429,Accepted,unanimous_vote,association_rules,"[""association_rules"", ""clustering"", ""grouped_majority"", ""knn""]",4,4,4,4,0.0,valid,True,"[{""row_index"": 145, ""target_field"": ""permit_type"", ""algorithm"": ""grouped_majority"", ""predicted_value"": ""Building Permit OTC"", ""confidence"": 0.5693950177935944, ""prediction_source"": ""group_majority"", ""passes_threshold"": true, ""candidate_status"": ""Accepted"", ""rejection_reason"": null, ""validation_record_status"": ""valid""}, {""row_index"": 145, ""target_field"": ""permit_type"", ""algorithm"": ""association_rules"", ""predicted_value"": ""Building Permit OTC"", ""confidence"": 0.9062499999999999, ""prediction_source"": ""matched_rules"", ""passes_threshold"": true, ""candidate_status"": ""Accepted"", ""rejection_reason"": null, ""validation_record_status"": ""valid""}, {""row_index"": 145, ""target_field"": ""permit_type"", ""algorithm"": ""clustering"", ""predicted_value"": ""Building Permit OTC"", ""confidence"": 0.7777777777777778, ""prediction_source"": ""cluster_majority"", ""passes_threshold"": true, ""candidate_status"": ""Accepted"", ""rejection_reason"": null, ""validation_record_status"": ""valid""}, {""row_index"": 145, ""target_field"": ""permit_type"", ""algorithm"": ""knn"", ""predicted_value"": ""Building Permit OTC"", ""confidence"": 0.8, ""prediction_source"": ""nearest_neighbors"", ""passes_threshold"": true, ""candidate_status"": ""Accepted"", ""rejection_reason"": null, ""validation_record_status"": ""valid""}]",
148,permit_type,Building Permit OTC,1,Building Permit OTC,0.6045367356430748,Accepted,majority_vote,association_rules,"[""association_rules"", ""clustering"", ""grouped_majority""]",3,4,4,4,0.0,valid,True,"[{""row_index"": 148, ""target_field"": ""permit_type"", ""algorithm"": ""grouped_majority"", ""predicted_value"": ""Building Permit OTC"", ""confidence"": 0.5693950177935944, ""prediction_source"": ""group_majority"", ""passes_threshold"": true, ""candidate_status"": ""Accepted"", ""rejection_reason"": null, ""validation_record_status"": ""valid""}, {""row_index"": 148, ""target_field"": ""permit_type"", ""algorithm"": ""association_rules"", ""predicted_value"": ""Building Permit OTC"", ""confidence"": 0.6240601503759399, ""prediction_source"": ""matched_rules"", ""passes_threshold"": true, ""candidate_status"": ""Accepted"", ""rejection_reason"": null, ""validation_record_status"": ""valid""}, {""row_index"": 148, ""target_field"": ""permit_type"", ""algorithm"": ""clustering"", ""predicted_value"": ""Building Permit OTC"", ""confidence"": 0.6201550387596899, ""prediction_source"": ""cluster_majority"", ""passes_threshold"": true, ""candidate_status"": ""Accepted"", ""rejection_reason"": null, ""validation_record_status"": ""valid""}, {""row_index"": 148, ""target_field"": ""permit_type"", ""algorithm"": ""knn"", ""predicted_value"": ""Building - In House Plan Check"", ""confidence"": 0.6, ""prediction_source"": ""nearest_neighbors"", ""passes_threshold"": true, ""candidate_status"": ""Accepted"", ""rejection_reason"": null, ""validation_record_status"": ""valid""}]",
150,permit_type,Building Permit OTC,1,Building Permit OTC,0.7973875141383211,Accepted,unanimous_vote,association_rules,"[""association_rules"", ""clustering"", ""grouped_majority"", ""knn""]",4,4,4,4,0.0,valid,True,"[{""row_index"": 150, ""target_field"": ""permit_type"", ""algorithm"": ""grouped_majority"", ""predicted_value"": ""Building Permit OTC"", ""confidence"": 0.5693950177935944, ""prediction_source"": ""group_majority"", ""passes_threshold"": true, ""candidate_status"": ""Accepted"", ""rejection_reason"": null, ""validation_record_status"": ""valid""}, {""row_index"": 150, ""target_field"": ""permit_type"", ""algorithm"": ""association_rules"", ""predicted_value"": ""Building Permit OTC"", ""confidence"": 1.0, ""prediction_source"": ""matched_rules"", ""passes_threshold"": true, ""candidate_status"": ""Accepted"", ""rejection_reason"": null, ""validation_record_status"": ""valid""}, {""row_index"": 150, ""target_field"": ""permit_type"", ""algorithm"": ""clustering"", ""predicted_value"": ""Building Permit OTC"", ""confidence"": 0.6201550387596899, ""prediction_source"": ""cluster_majority"", ""passes_threshold"": true, ""candidate_status"": ""Accepted"", ""rejection_reason"": null, ""validation_record_status"": ""valid""}, {""row_index"": 150, ""target_field"": ""permit_type"", ""algorithm"": ""knn"", ""predicted_value"": ""Building Permit OTC"", ""confidence"": 1.0, ""prediction_source"": ""nearest_neighbors"", ""passes_threshold"": true, ""candidate_status"": ""Accepted"", ""rejection_reason"": null, ""validation_record_status"": ""valid""}]",
152,permit_type,Building Permit OTC,1,Building Permit OTC,0.7008758862313442,Accepted,unanimous_vote,association_rules,"[""association_rules"", ""clustering"", ""grouped_majority"", ""knn""]",4,4,4,4,0.0,valid,True,"[{""row_index"": 152, ""target_field"": ""permit_type"", ""algorithm"": ""grouped_majority"", ""predicted_value"": ""Building Permit OTC"", ""confidence"": 0.5693950177935944, ""prediction_source"": ""group_majority"", ""passes_threshold"": true, ""candidate_status"": ""Accepted"", ""rejection_reason"": null, ""validation_record_status"": ""valid""}, {""row_index"": 152, ""target_field"": ""permit_type"", ""algorithm"": ""association_rules"", ""predicted_value"": ""Building Permit OTC"", ""confidence"": 0.8139534883720931, ""prediction_source"": ""matched_rules"", ""passes_threshold"": true, ""candidate_status"": ""Accepted"", ""rejection_reason"": null, ""validation_record_status"": ""valid""}, {""row_index"": 152, ""target_field"": ""permit_type"", ""algorithm"": ""clustering"", ""predicted_value"": ""Building Permit OTC"", ""confidence"": 0.6201550387596899, ""prediction_source"": ""cluster_majority"", ""passes_threshold"": true, ""candidate_status"": ""Accepted"", ""rejection_reason"": null, ""validation_record_status"": ""valid""}, {""row_index"": 152, ""target_field"": ""permit_type"", ""algorithm"": ""knn"", ""predicted_value"": ""Building Permit OTC"", ""confidence"": 0.8, ""prediction_source"": ""nearest_neighbors"", ""passes_threshold"": true, ""candidate_status"": ""Accepted"", ""rejection_reason"": null, ""validation_record_status"": ""valid""}]",
153,permit_type,Building Permit OTC,1,Building Permit OTC,0.8430819826168663,Accepted,majority_vote,knn,"[""clustering"", ""grouped_majority"", ""knn""]",3,4,4,4,0.0,valid,True,"[{""row_index"": 153, ""target_field"": ""permit_type"", ""algorithm"": ""grouped_majority"", ""predicted_value"": ""Building Permit OTC"", ""confidence"": 0.9090909090909091, ""prediction_source"": ""group_majority"", ""passes_threshold"": true, ""candidate_status"": ""Accepted"", ""rejection_reason"": null, ""validation_record_status"": ""valid""}, {""row_index"": 153, ""target_field"": ""permit_type"", ""algorithm"": ""association_rules"", ""predicted_value"": ""Residential Building Report"", ""confidence"": 0.7500000000000001, ""prediction_source"": ""matched_rules"", ""passes_threshold"": true, ""candidate_status"": ""Accepted"", ""rejection_reason"": null, ""validation_record_status"": ""valid""}, {""row_index"": 153, ""target_field"": ""permit_type"", ""algorithm"": ""clustering"", ""predicted_value"": ""Building Permit OTC"", ""confidence"": 0.6201550387596899, ""prediction_source"": ""cluster_majority"", ""passes_threshold"": true, ""candidate_status"": ""Accepted"", ""rejection_reason"": null, ""validation_record_status"": ""valid""}, {""row_index"": 153, ""target_field"": ""permit_type"", ""algorithm"": ""knn"", ""predicted_value"": ""Building Permit OTC"", ""confidence"": 1.0, ""prediction_source"": ""nearest_neighbors"", ""passes_threshold"": true, ""candidate_status"": ""Accepted"", ""rejection_reason"": null, ""validation_record_status"": ""valid""}]",
155,permit_type,Building Permit OTC,1,Building Permit OTC,0.5965166855177615,Accepted,majority_vote,clustering,"[""clustering"", ""grouped_majority"", ""knn""]",3,4,4,4,0.0,valid,True,"[{""row_index"": 155, ""target_field"": ""permit_type"", ""algorithm"": ""grouped_majority"", ""predicted_value"": ""Building Permit OTC"", ""confidence"": 0.5693950177935944, ""prediction_source"": ""group_majority"", ""passes_threshold"": true, ""candidate_status"": ""Accepted"", ""rejection_reason"": null, ""validation_record_status"": ""valid""}, {""row_index"": 155, ""target_field"": ""permit_type"", ""algorithm"": ""association_rules"", ""predicted_value"": ""Residential Building Report"", ""confidence"": 0.6292134831460675, ""prediction_source"": ""matched_rules"", ""passes_threshold"": true, ""candidate_status"": ""Accepted"", ""rejection_reason"": null, ""validation_record_status"": ""valid""}, {""row_index"": 155, ""target_field"": ""permit_type"", ""algorithm"": ""clustering"", ""predicted_value"": ""Building Permit OTC"", ""confidence"": 0.6201550387596899, ""prediction_source"": ""cluster_majority"", ""passes_threshold"": true, ""candidate_status"": ""Accepted"", ""rejection_reason"": null, ""validation_record_status"": ""valid""}, {""row_index"": 155, ""target_field"": ""permit_type"", ""algorithm"": ""knn"", ""predicted_value"": ""Building Permit OTC"", ""confidence"": 0.6, ""prediction_source"": ""nearest_neighbors"", ""passes_threshold"": true, ""candidate_status"": ""Accepted"", ""rejection_reason"": null, ""validation_record_status"": ""valid""}]",
156,permit_type,Building Permit OTC,1,Building Permit OTC,0.836793198892843,Accepted,unanimous_vote,association_rules,"[""association_rules"", ""clustering"", ""grouped_majority"", ""knn""]",4,4,4,4,0.0,valid,True,"[{""row_index"": 156, ""target_field"": ""permit_type"", ""algorithm"": ""grouped_majority"", ""predicted_value"": ""Building Permit OTC"", ""confidence"": 0.5693950177935944, ""prediction_source"": ""group_majority"", ""passes_threshold"": true, ""candidate_status"": ""Accepted"", ""rejection_reason"": null, ""validation_record_status"": ""valid""}, {""row_index"": 156, ""target_field"": ""permit_type"", ""algorithm"": ""association_rules"", ""predicted_value"": ""Building Permit OTC"", ""confidence"": 1.0, ""prediction_source"": ""matched_rules"", ""passes_threshold"": true, ""candidate_status"": ""Accepted"", ""rejection_reason"": null, ""validation_record_status"": ""valid""}, {""row_index"": 156, ""target_field"": ""permit_type"", ""algorithm"": ""clustering"", ""predicted_value"": ""Building Permit OTC"", ""confidence"": 0.7777777777777778, ""prediction_source"": ""cluster_majority"", ""passes_threshold"": true, ""candidate_status"": ""Accepted"", ""rejection_reason"": null, ""validation_record_status"": ""valid""}, {""row_index"": 156, ""target_field"": ""permit_type"", ""algorithm"": ""knn"", ""predicted_value"": ""Building Permit OTC"", ""confidence"": 1.0, ""prediction_source"": ""nearest_neighbors"", ""passes_threshold"": true, ""candidate_status"": ""Accepted"", ""rejection_reason"": null, ""validation_record_status"": ""valid""}]",
157,permit_type,Building Permit OTC,1,Building Permit OTC,0.6596975088967971,Accepted,majority_vote,association_rules,"[""association_rules"", ""grouped_majority""]",2,4,4,4,0.0,valid,True,"[{""row_index"": 157, ""target_field"": ""permit_type"", ""algorithm"": ""grouped_majority"", ""predicted_value"": ""Building Permit OTC"", ""confidence"": 0.5693950177935944, ""prediction_source"": ""group_majority"", ""passes_threshold"": true, ""candidate_status"": ""Accepted"", ""rejection_reason"": null, ""validation_record_status"": ""valid""}, {""row_index"": 157, ""target_field"": ""permit_type"", ""algorithm"": ""association_rules"", ""predicted_value"": ""Building Permit OTC"", ""confidence"": 0.7499999999999999, ""prediction_source"": ""matched_rules"", ""passes_threshold"": true, ""candidate_status"": ""Accepted"", ""rejection_reason"": null, ""validation_record_status"": ""valid""}, {""row_index"": 157, ""target_field"": ""permit_type"", ""algorithm"": ""clustering"", ""predicted_value"": ""Building - Full Plan Check"", ""confidence"": 0.3333333333333333, ""prediction_source"": ""cluster_majority"", ""passes_threshold"": true, ""candidate_status"": ""Accepted"", ""rejection_reason"": null, ""validation_record_status"": ""valid""}, {""row_index"": 157, ""target_field"": ""permit_type"", ""algorithm"": ""knn"", ""predicted_value"": ""Building - In House Plan Check"", ""confidence"": 0.6, ""prediction_source"": ""nearest_neighbors"", ""passes_threshold"": true, ""candidate_status"": ""Accepted"", ""rejection_reason"": null, ""validation_record_status"": ""valid""}]",
160,permit_type,Building Permit OTC,1,Building Permit OTC,0.836793198892843,Accepted,unanimous_vote,association_rules,"[""association_rules"", ""clustering"", ""grouped_majority"", ""knn""]",4,4,4,4,0.0,valid,True,"[{""row_index"": 160, ""target_field"": ""permit_type"", ""algorithm"": ""grouped_majority"", ""predicted_value"": ""Building Permit OTC"", ""confidence"": 0.5693950177935944, ""prediction_source"": ""group_majority"", ""passes_threshold"": true, ""candidate_status"": ""Accepted"", ""rejection_reason"": null, ""validation_record_status"": ""valid""}, {""row_index"": 160, ""target_field"": ""permit_type"", ""algorithm"": ""association_rules"", ""predicted_value"": ""Building Permit OTC"", ""confidence"": 1.0, ""prediction_source"": ""matched_rules"", ""passes_threshold"": true, ""candidate_status"": ""Accepted"", ""rejection_reason"": null, ""validation_record_status"": ""valid""}, {""row_index"": 160, ""target_field"": ""permit_type"", ""algorithm"": ""clustering"", ""predicted_value"": ""Building Permit OTC"", ""confidence"": 0.7777777777777778, ""prediction_source"": ""cluster_majority"", ""passes_threshold"": true, ""candidate_status"": ""Accepted"", ""rejection_reason"": null, ""validation_record_status"": ""valid""}, {""row_index"": 160, ""target_field"": ""permit_type"", ""algorithm"": ""knn"", ""predicted_value"": ""Building Permit OTC"", ""confidence"": 1.0, ""prediction_source"": ""nearest_neighbors"", ""passes_threshold"": true, ""candidate_status"": ""Accepted"", ""rejection_reason"": null, ""validation_record_status"": ""valid""}]",
162,permit_type,Building Permit OTC,1,Building Permit OTC,0.6725569599541866,Accepted,majority_vote,association_rules,"[""association_rules"", ""grouped_majority"", ""knn""]",3,4,4,4,0.0,valid,True,"[{""row_index"": 162, ""target_field"": ""permit_type"", ""algorithm"": ""grouped_majority"", ""predicted_value"": ""Building Permit OTC"", ""confidence"": 0.5693950177935944, ""prediction_source"": ""group_majority"", ""passes_threshold"": true, ""candidate_status"": ""Accepted"", ""rejection_reason"": null, ""validation_record_status"": ""valid""}, {""row_index"": 162, ""target_field"": ""permit_type"", ""algorithm"": ""association_rules"", ""predicted_value"": ""Building Permit OTC"", ""confidence"": 0.9482758620689656, ""prediction_source"": ""matched_rules"", ""passes_threshold"": true, ""candidate_status"": ""Accepted"", ""rejection_reason"": null, ""validation_record_status"": ""valid""}, {""row_index"": 162, ""target_field"": ""permit_type"", ""algorithm"": ""clustering"", ""predicted_value"": ""Building - Full Plan Check"", ""confidence"": 0.3333333333333333, ""prediction_source"": ""cluster_majority"", ""passes_threshold"": true, ""candidate_status"": ""Accepted"", ""rejection_reason"": null, ""validation_record_status"": ""valid""}, {""row_index"": 162, ""target_field"": ""permit_type"", ""algorithm"": ""knn"", ""predicted_value"": ""Building Permit OTC"", ""confidence"": 0.5, ""prediction_source"": ""nearest_neighbors"", ""passes_threshold"": true, ""candidate_status"": ""Accepted"", ""rejection_reason"": null, ""validation_record_status"": ""valid""}]",
164,permit_type,Building Permit OTC,1,Building Permit OTC,0.836793198892843,Accepted,unanimous_vote,association_rules,"[""association_rules"", ""clustering"", ""grouped_majority"", ""knn""]",4,4,4,4,0.0,valid,True,"[{""row_index"": 164, ""target_field"": ""permit_type"", ""algorithm"": ""grouped_majority"", ""predicted_value"": ""Building Permit OTC"", ""confidence"": 0.5693950177935944, ""prediction_source"": ""group_majority"", ""passes_threshold"": true, ""candidate_status"": ""Accepted"", ""rejection_reason"": null, ""validation_record_status"": ""valid""}, {""row_index"": 164, ""target_field"": ""permit_type"", ""algorithm"": ""association_rules"", ""predicted_value"": ""Building Permit OTC"", ""confidence"": 1.0, ""prediction_source"": ""matched_rules"", ""passes_threshold"": true, ""candidate_status"": ""Accepted"", ""rejection_reason"": null, ""validation_record_status"": ""valid""}, {""row_index"": 164, ""target_field"": ""permit_type"", ""algorithm"": ""clustering"", ""predicted_value"": ""Building Permit OTC"", ""confidence"": 0.7777777777777778, ""prediction_source"": ""cluster_majority"", ""passes_threshold"": true, ""candidate_status"": ""Accepted"", ""rejection_reason"": null, ""validation_record_status"": ""valid""}, {""row_index"": 164, ""target_field"": ""permit_type"", ""algorithm"": ""knn"", ""predicted_value"": ""Building Permit OTC"", ""confidence"": 1.0, ""prediction_source"": ""nearest_neighbors"", ""passes_threshold"": true, ""candidate_status"": ""Accepted"", ""rejection_reason"": null, ""validation_record_status"": ""valid""}]",
165,permit_type,Building Permit OTC,1,Building Permit OTC,0.836793198892843,Accepted,unanimous_vote,association_rules,"[""association_rules"", ""clustering"", ""grouped_majority"", ""knn""]",4,4,4,4,0.0,valid,True,"[{""row_index"": 165, ""target_field"": ""permit_type"", ""algorithm"": ""grouped_majority"", ""predicted_value"": ""Building Permit OTC"", ""confidence"": 0.5693950177935944, ""prediction_source"": ""group_majority"", ""passes_threshold"": true, ""candidate_status"": ""Accepted"", ""rejection_reason"": null, ""validation_record_status"": ""valid""}, {""row_index"": 165, ""target_field"": ""permit_type"", ""algorithm"": ""association_rules"", ""predicted_value"": ""Building Permit OTC"", ""confidence"": 1.0, ""prediction_source"": ""matched_rules"", ""passes_threshold"": true, ""candidate_status"": ""Accepted"", ""rejection_reason"": null, ""validation_record_status"": ""valid""}, {""row_index"": 165, ""target_field"": ""permit_type"", ""algorithm"": ""clustering"", ""predicted_value"": ""Building Permit OTC"", ""confidence"": 0.7777777777777778, ""prediction_source"": ""cluster_majority"", ""passes_threshold"": true, ""candidate_status"": ""Accepted"", ""rejection_reason"": null, ""validation_record_status"": ""valid""}, {""row_index"": 165, ""target_field"": ""permit_type"", ""algorithm"": ""knn"", ""predicted_value"": ""Building Permit OTC"", ""confidence"": 1.0, ""prediction_source"": ""nearest_neighbors"", ""passes_threshold"": true, ""candidate_status"": ""Accepted"", ""rejection_reason"": null, ""validation_record_status"": ""valid""}]",
166,permit_type,Building Permit OTC,1,Building Permit OTC,0.7423875141383209,Accepted,unanimous_vote,association_rules,"[""association_rules"", ""clustering"", ""grouped_majority"", ""knn""]",4,4,4,4,0.0,valid,True,"[{""row_index"": 166, ""target_field"": ""permit_type"", ""algorithm"": ""grouped_majority"", ""predicted_value"": ""Building Permit OTC"", ""confidence"": 0.5693950177935944, ""prediction_source"": ""group_majority"", ""passes_threshold"": true, ""candidate_status"": ""Accepted"", ""rejection_reason"": null, ""validation_record_status"": ""valid""}, {""row_index"": 166, ""target_field"": ""permit_type"", ""algorithm"": ""association_rules"", ""predicted_value"": ""Building Permit OTC"", ""confidence"": 0.98, ""prediction_source"": ""matched_rules"", ""passes_threshold"": true, ""candidate_status"": ""Accepted"", ""rejection_reason"": null, ""validation_record_status"": ""valid""}, {""row_index"": 166, ""target_field"": ""permit_type"", ""algorithm"": ""clustering"", ""predicted_value"": ""Building Permit OTC"", ""confidence"": 0.6201550387596899, ""prediction_source"": ""cluster_majority"", ""passes_threshold"": true, ""candidate_status"": ""Accepted"", ""rejection_reason"": null, ""validation_record_status"": ""valid""}, {""row_index"": 166, ""target_field"": ""permit_type"", ""algorithm"": ""knn"", ""predicted_value"": ""Building Permit OTC"", ""confidence"": 0.8, ""prediction_source"": ""nearest_neighbors"", ""passes_threshold"": true, ""candidate_status"": ""Accepted"", ""rejection_reason"": null, ""validation_record_status"": ""valid""}]",
167,permit_type,Building Permit OTC,1,Building Permit OTC,0.8129836750833193,Accepted,unanimous_vote,knn,"[""association_rules"", ""clustering"", ""grouped_majority"", ""knn""]",4,4,4,4,0.0,valid,True,"[{""row_index"": 167, ""target_field"": ""permit_type"", ""algorithm"": ""grouped_majority"", ""predicted_value"": ""Building Permit OTC"", ""confidence"": 0.5693950177935944, ""prediction_source"": ""group_majority"", ""passes_threshold"": true, ""candidate_status"": ""Accepted"", ""rejection_reason"": null, ""validation_record_status"": ""valid""}, {""row_index"": 167, ""target_field"": ""permit_type"", ""algorithm"": ""association_rules"", ""predicted_value"": ""Building Permit OTC"", ""confidence"": 0.9047619047619048, ""prediction_source"": ""matched_rules"", ""passes_threshold"": true, ""candidate_status"": ""Accepted"", ""rejection_reason"": null, ""validation_record_status"": ""valid""}, {""row_index"": 167, ""target_field"": ""permit_type"", ""algorithm"": ""clustering"", ""predicted_value"": ""Building Permit OTC"", ""confidence"": 0.7777777777777778, ""prediction_source"": ""cluster_majority"", ""passes_threshold"": true, ""candidate_status"": ""Accepted"", ""rejection_reason"": null, ""validation_record_status"": ""valid""}, {""row_index"": 167, ""target_field"": ""permit_type"", ""algorithm"": ""knn"", ""predicted_value"": ""Building Permit OTC"", ""confidence"": 1.0, ""prediction_source"": ""nearest_neighbors"", ""passes_threshold"": true, ""candidate_status"": ""Accepted"", ""rejection_reason"": null, ""validation_record_status"": ""valid""}]",
169,permit_type,Electrical OTC,1,Electrical OTC,0.9966666666666667,Accepted,unanimous_vote,association_rules,"[""association_rules"", ""clustering"", ""grouped_majority"", ""knn""]",4,4,4,4,0.0,valid,True,"[{""row_index"": 169, ""target_field"": ""permit_type"", ""algorithm"": ""grouped_majority"", ""predicted_value"": ""Electrical OTC"", ""confidence"": 0.9866666666666667, ""prediction_source"": ""group_majority"", ""passes_threshold"": true, ""candidate_status"": ""Accepted"", ""rejection_reason"": null, ""validation_record_status"": ""valid""}, {""row_index"": 169, ""target_field"": ""permit_type"", ""algorithm"": ""association_rules"", ""predicted_value"": ""Electrical OTC"", ""confidence"": 1.0, ""prediction_source"": ""matched_rules"", ""passes_threshold"": true, ""candidate_status"": ""Accepted"", ""rejection_reason"": null, ""validation_record_status"": ""valid""}, {""row_index"": 169, ""target_field"": ""permit_type"", ""algorithm"": ""clustering"", ""predicted_value"": ""Electrical OTC"", ""confidence"": 1.0, ""prediction_source"": ""cluster_majority"", ""passes_threshold"": true, ""candidate_status"": ""Accepted"", ""rejection_reason"": null, ""validation_record_status"": ""valid""}, {""row_index"": 169, ""target_field"": ""permit_type"", ""algorithm"": ""knn"", ""predicted_value"": ""Electrical OTC"", ""confidence"": 1.0, ""prediction_source"": ""nearest_neighbors"", ""passes_threshold"": true, ""candidate_status"": ""Accepted"", ""rejection_reason"": null, ""validation_record_status"": ""valid""}]",
176,permit_type,Electrical OTC,1,Electrical OTC,0.8748717948717949,Accepted,unanimous_vote,association_rules,"[""association_rules"", ""clustering"", ""grouped_majority"", ""knn""]",4,4,4,4,0.0,valid,True,"[{""row_index"": 176, ""target_field"": ""permit_type"", ""algorithm"": ""grouped_majority"", ""predicted_value"": ""Electrical OTC"", ""confidence"": 0.9866666666666667, ""prediction_source"": ""group_majority"", ""passes_threshold"": true, ""candidate_status"": ""Accepted"", ""rejection_reason"": null, ""validation_record_status"": ""valid""}, {""row_index"": 176, ""target_field"": ""permit_type"", ""algorithm"": ""association_rules"", ""predicted_value"": ""Electrical OTC"", ""confidence"": 1.0, ""prediction_source"": ""matched_rules"", ""passes_threshold"": true, ""candidate_status"": ""Accepted"", ""rejection_reason"": null, ""validation_record_status"": ""valid""}, {""row_index"": 176, ""target_field"": ""permit_type"", ""algorithm"": ""clustering"", ""predicted_value"": ""Electrical OTC"", ""confidence"": 0.5128205128205128, ""prediction_source"": ""cluster_majority"", ""passes_threshold"": true, ""candidate_status"": ""Accepted"", ""rejection_reason"": null, ""validation_record_status"": ""valid""}, {""row_index"": 176, ""target_field"": ""permit_type"", ""algorithm"": ""knn"", ""predicted_value"": ""Electrical OTC"", ""confidence"": 1.0, ""prediction_source"": ""nearest_neighbors"", ""passes_threshold"": true, ""candidate_status"": ""Accepted"", ""rejection_reason"": null, ""validation_record_status"": ""valid""}]",
178,permit_type,Electrical OTC,1,Electrical OTC,0.9966666666666667,Accepted,unanimous_vote,association_rules,"[""association_rules"", ""clustering"", ""grouped_majority"", ""knn""]",4,4,4,4,0.0,valid,True,"[{""row_index"": 178, ""target_field"": ""permit_type"", ""algorithm"": ""grouped_majority"", ""predicted_value"": ""Electrical OTC"", ""confidence"": 0.9866666666666667, ""prediction_source"": ""group_majority"", ""passes_threshold"": true, ""candidate_status"": ""Accepted"", ""rejection_reason"": null, ""validation_record_status"": ""valid""}, {""row_index"": 178, ""target_field"": ""permit_type"", ""algorithm"": ""association_rules"", ""predicted_value"": ""Electrical OTC"", ""confidence"": 1.0, ""prediction_source"": ""matched_rules"", ""passes_threshold"": true, ""candidate_status"": ""Accepted"", ""rejection_reason"": null, ""validation_record_status"": ""valid""}, {""row_index"": 178, ""target_field"": ""permit_type"", ""algorithm"": ""clustering"", ""predicted_value"": ""Electrical OTC"", ""confidence"": 1.0, ""prediction_source"": ""cluster_majority"", ""passes_threshold"": true, ""candidate_status"": ""Accepted"", ""rejection_reason"": null, ""validation_record_status"": ""valid""}, {""row_index"": 178, ""target_field"": ""permit_type"", ""algorithm"": ""knn"", ""predicted_value"": ""Electrical OTC"", ""confidence"": 1.0, ""prediction_source"": ""nearest_neighbors"", ""passes_threshold"": true, ""candidate_status"": ""Accepted"", ""rejection_reason"": null, ""validation_record_status"": ""valid""}]",
179,permit_type,Electrical OTC,1,Electrical OTC,0.8748717948717949,Accepted,unanimous_vote,association_rules,"[""association_rules"", ""clustering"", ""grouped_majority"", ""knn""]",4,4,4,4,0.0,valid,True,"[{""row_index"": 179, ""target_field"": ""permit_type"", ""algorithm"": ""grouped_majority"", ""predicted_value"": ""Electrical OTC"", ""confidence"": 0.9866666666666667, ""prediction_source"": ""group_majority"", ""passes_threshold"": true, ""candidate_status"": ""Accepted"", ""rejection_reason"": null, ""validation_record_status"": ""valid""}, {""row_index"": 179, ""target_field"": ""permit_type"", ""algorithm"": ""association_rules"", ""predicted_value"": ""Electrical OTC"", ""confidence"": 1.0, ""prediction_source"": ""matched_rules"", ""passes_threshold"": true, ""candidate_status"": ""Accepted"", ""rejection_reason"": null, ""validation_record_status"": ""valid""}, {""row_index"": 179, ""target_field"": ""permit_type"", ""algorithm"": ""clustering"", ""predicted_value"": ""Electrical OTC"", ""confidence"": 0.5128205128205128, ""prediction_source"": ""cluster_majority"", ""passes_threshold"": true, ""candidate_status"": ""Accepted"", ""rejection_reason"": null, ""validation_record_status"": ""valid""}, {""row_index"": 179, ""target_field"": ""permit_type"", ""algorithm"": ""knn"", ""predicted_value"": ""Electrical OTC"", ""confidence"": 1.0, ""prediction_source"": ""nearest_neighbors"", ""passes_threshold"": true, ""candidate_status"": ""Accepted"", ""rejection_reason"": null, ""validation_record_status"": ""valid""}]",
184,permit_type,Electrical OTC,1,Electrical OTC,0.9966666666666667,Accepted,unanimous_vote,association_rules,"[""association_rules"", ""clustering"", ""grouped_majority"", ""knn""]",4,4,4,4,0.0,valid,True,"[{""row_index"": 184, ""target_field"": ""permit_type"", ""algorithm"": ""grouped_majority"", ""predicted_value"": ""Electrical OTC"", ""confidence"": 0.9866666666666667, ""prediction_source"": ""group_majority"", ""passes_threshold"": true, ""candidate_status"": ""Accepted"", ""rejection_reason"": null, ""validation_record_status"": ""valid""}, {""row_index"": 184, ""target_field"": ""permit_type"", ""algorithm"": ""association_rules"", ""predicted_value"": ""Electrical OTC"", ""confidence"": 1.0, ""prediction_source"": ""matched_rules"", ""passes_threshold"": true, ""candidate_status"": ""Accepted"", ""rejection_reason"": null, ""validation_record_status"": ""valid""}, {""row_index"": 184, ""target_field"": ""permit_type"", ""algorithm"": ""clustering"", ""predicted_value"": ""Electrical OTC"", ""confidence"": 1.0, ""prediction_source"": ""cluster_majority"", ""passes_threshold"": true, ""candidate_status"": ""Accepted"", ""rejection_reason"": null, ""validation_record_status"": ""valid""}, {""row_index"": 184, ""target_field"": ""permit_type"", ""algorithm"": ""knn"", ""predicted_value"": ""Electrical OTC"", ""confidence"": 1.0, ""prediction_source"": ""nearest_neighbors"", ""passes_threshold"": true, ""candidate_status"": ""Accepted"", ""rejection_reason"": null, ""validation_record_status"": ""valid""}]",
185,permit_type,Electrical OTC,1,Electrical OTC,0.8748717948717949,Accepted,unanimous_vote,association_rules,"[""association_rules"", ""clustering"", ""grouped_majority"", ""knn""]",4,4,4,4,0.0,valid,True,"[{""row_index"": 185, ""target_field"": ""permit_type"", ""algorithm"": ""grouped_majority"", ""predicted_value"": ""Electrical OTC"", ""confidence"": 0.9866666666666667, ""prediction_source"": ""group_majority"", ""passes_threshold"": true, ""candidate_status"": ""Accepted"", ""rejection_reason"": null, ""validation_record_status"": ""valid""}, {""row_index"": 185, ""target_field"": ""permit_type"", ""algorithm"": ""association_rules"", ""predicted_value"": ""Electrical OTC"", ""confidence"": 1.0, ""prediction_source"": ""matched_rules"", ""passes_threshold"": true, ""candidate_status"": ""Accepted"", ""rejection_reason"": null, ""validation_record_status"": ""valid""}, {""row_index"": 185, ""target_field"": ""permit_type"", ""algorithm"": ""clustering"", ""predicted_value"": ""Electrical OTC"", ""confidence"": 0.5128205128205128, ""prediction_source"": ""cluster_majority"", ""passes_threshold"": true, ""candidate_status"": ""Accepted"", ""rejection_reason"": null, ""validation_record_status"": ""valid""}, {""row_index"": 185, ""target_field"": ""permit_type"", ""algorithm"": ""knn"", ""predicted_value"": ""Electrical OTC"", ""confidence"": 1.0, ""prediction_source"": ""nearest_neighbors"", ""passes_threshold"": true, ""candidate_status"": ""Accepted"", ""rejection_reason"": null, ""validation_record_status"": ""valid""}]",
189,permit_type,Electrical OTC,1,Electrical OTC,0.8748717948717949,Accepted,unanimous_vote,association_rules,"[""association_rules"", ""clustering"", ""grouped_majority"", ""knn""]",4,4,4,4,0.0,valid,True,"[{""row_index"": 189, ""target_field"": ""permit_type"", ""algorithm"": ""grouped_majority"", ""predicted_value"": ""Electrical OTC"", ""confidence"": 0.9866666666666667, ""prediction_source"": ""group_majority"", ""passes_threshold"": true, ""candidate_status"": ""Accepted"", ""rejection_reason"": null, ""validation_record_status"": ""valid""}, {""row_index"": 189, ""target_field"": ""permit_type"", ""algorithm"": ""association_rules"", ""predicted_value"": ""Electrical OTC"", ""confidence"": 1.0, ""prediction_source"": ""matched_rules"", ""passes_threshold"": true, ""candidate_status"": ""Accepted"", ""rejection_reason"": null, ""validation_record_status"": ""valid""}, {""row_index"": 189, ""target_field"": ""permit_type"", ""algorithm"": ""clustering"", ""predicted_value"": ""Electrical OTC"", ""confidence"": 0.5128205128205128, ""prediction_source"": ""cluster_majority"", ""passes_threshold"": true, ""candidate_status"": ""Accepted"", ""rejection_reason"": null, ""validation_record_status"": ""valid""}, {""row_index"": 189, ""target_field"": ""permit_type"", ""algorithm"": ""knn"", ""predicted_value"": ""Electrical OTC"", ""confidence"": 1.0, ""prediction_source"": ""nearest_neighbors"", ""passes_threshold"": true, ""candidate_status"": ""Accepted"", ""rejection_reason"": null, ""validation_record_status"": ""valid""}]",
192,permit_type,Electrical OTC,1,Electrical OTC,0.8215384615384616,Accepted,unanimous_vote,association_rules,"[""association_rules"", ""clustering"", ""grouped_majority"", ""knn""]",4,4,4,4,0.0,valid,True,"[{""row_index"": 192, ""target_field"": ""permit_type"", ""algorithm"": ""grouped_majority"", ""predicted_value"": ""Electrical OTC"", ""confidence"": 0.9866666666666667, ""prediction_source"": ""group_majority"", ""passes_threshold"": true, ""candidate_status"": ""Accepted"", ""rejection_reason"": null, ""validation_record_status"": ""valid""}, {""row_index"": 192, ""target_field"": ""permit_type"", ""algorithm"": ""association_rules"", ""predicted_value"": ""Electrical OTC"", ""confidence"": 0.9866666666666667, ""prediction_source"": ""matched_rules"", ""passes_threshold"": true, ""candidate_status"": ""Accepted"", ""rejection_reason"": null, ""validation_record_status"": ""valid""}, {""row_index"": 192, ""target_field"": ""permit_type"", ""algorithm"": ""clustering"", ""predicted_value"": ""Electrical OTC"", ""confidence"": 0.5128205128205128, ""prediction_source"": ""cluster_majority"", ""passes_threshold"": true, ""candidate_status"": ""Accepted"", ""rejection_reason"": null, ""validation_record_status"": ""valid""}, {""row_index"": 192, ""target_field"": ""permit_type"", ""algorithm"": ""knn"", ""predicted_value"": ""Electrical OTC"", ""confidence"": 0.8, ""prediction_source"": ""nearest_neighbors"", ""passes_threshold"": true, ""candidate_status"": ""Accepted"", ""rejection_reason"": null, ""validation_record_status"": ""valid""}]",
193,permit_type,Electrical OTC,1,Electrical OTC,0.9966666666666667,Accepted,unanimous_vote,association_rules,"[""association_rules"", ""clustering"", ""grouped_majority"", ""knn""]",4,4,4,4,0.0,valid,True,"[{""row_index"": 193, ""target_field"": ""permit_type"", ""algorithm"": ""grouped_majority"", ""predicted_value"": ""Electrical OTC"", ""confidence"": 0.9866666666666667, ""prediction_source"": ""group_majority"", ""passes_threshold"": true, ""candidate_status"": ""Accepted"", ""rejection_reason"": null, ""validation_record_status"": ""valid""}, {""row_index"": 193, ""target_field"": ""permit_type"", ""algorithm"": ""association_rules"", ""predicted_value"": ""Electrical OTC"", ""confidence"": 1.0, ""prediction_source"": ""matched_rules"", ""passes_threshold"": true, ""candidate_status"": ""Accepted"", ""rejection_reason"": null, ""validation_record_status"": ""valid""}, {""row_index"": 193, ""target_field"": ""permit_type"", ""algorithm"": ""clustering"", ""predicted_value"": ""Electrical OTC"", ""confidence"": 1.0, ""prediction_source"": ""cluster_majority"", ""passes_threshold"": true, ""candidate_status"": ""Accepted"", ""rejection_reason"": null, ""validation_record_status"": ""valid""}, {""row_index"": 193, ""target_field"": ""permit_type"", ""algorithm"": ""knn"", ""predicted_value"": ""Electrical OTC"", ""confidence"": 1.0, ""prediction_source"": ""nearest_neighbors"", ""passes_threshold"": true, ""candidate_status"": ""Accepted"", ""rejection_reason"": null, ""validation_record_status"": ""valid""}]",
196,permit_type,Mechanical OTC,1,Mechanical OTC,0.9916451351486464,Accepted,unanimous_vote,knn,"[""association_rules"", ""clustering"", ""grouped_majority"", ""knn""]",4,4,4,4,0.0,valid,True,"[{""row_index"": 196, ""target_field"": ""permit_type"", ""algorithm"": ""grouped_majority"", ""predicted_value"": ""Mechanical OTC"", ""confidence"": 0.9900990099009901, ""prediction_source"": ""group_majority"", ""passes_threshold"": true, ""candidate_status"": ""Accepted"", ""rejection_reason"": null, ""validation_record_status"": ""valid""}, {""row_index"": 196, ""target_field"": ""permit_type"", ""algorithm"": ""association_rules"", ""predicted_value"": ""Mechanical OTC"", ""confidence"": 0.9905660377358491, ""prediction_source"": ""matched_rules"", ""passes_threshold"": true, ""candidate_status"": ""Accepted"", ""rejection_reason"": null, ""validation_record_status"": ""valid""}, {""row_index"": 196, ""target_field"": ""permit_type"", ""algorithm"": ""clustering"", ""predicted_value"": ""Mechanical OTC"", ""confidence"": 0.9859154929577465, ""prediction_source"": ""cluster_majority"", ""passes_threshold"": true, ""candidate_status"": ""Accepted"", ""rejection_reason"": null, ""validation_record_status"": ""valid""}, {""row_index"": 196, ""target_field"": ""permit_type"", ""algorithm"": ""knn"", ""predicted_value"": ""Mechanical OTC"", ""confidence"": 1.0, ""prediction_source"": ""nearest_neighbors"", ""passes_threshold"": true, ""candidate_status"": ""Accepted"", ""rejection_reason"": null, ""validation_record_status"": ""valid""}]",
201,permit_type,Mechanical OTC,1,Mechanical OTC,0.9916451351486464,Accepted,unanimous_vote,knn,"[""association_rules"", ""clustering"", ""grouped_majority"", ""knn""]",4,4,4,4,0.0,valid,True,"[{""row_index"": 201, ""target_field"": ""permit_type"", ""algorithm"": ""grouped_majority"", ""predicted_value"": ""Mechanical OTC"", ""confidence"": 0.9900990099009901, ""prediction_source"": ""group_majority"", ""passes_threshold"": true, ""candidate_status"": ""Accepted"", ""rejection_reason"": null, ""validation_record_status"": ""valid""}, {""row_index"": 201, ""target_field"": ""permit_type"", ""algorithm"": ""association_rules"", ""predicted_value"": ""Mechanical OTC"", ""confidence"": 0.9905660377358491, ""prediction_source"": ""matched_rules"", ""passes_threshold"": true, ""candidate_status"": ""Accepted"", ""rejection_reason"": null, ""validation_record_status"": ""valid""}, {""row_index"": 201, ""target_field"": ""permit_type"", ""algorithm"": ""clustering"", ""predicted_value"": ""Mechanical OTC"", ""confidence"": 0.9859154929577465, ""prediction_source"": ""cluster_majority"", ""passes_threshold"": true, ""candidate_status"": ""Accepted"", ""rejection_reason"": null, ""validation_record_status"": ""valid""}, {""row_index"": 201, ""target_field"": ""permit_type"", ""algorithm"": ""knn"", ""predicted_value"": ""Mechanical OTC"", ""confidence"": 1.0, ""prediction_source"": ""nearest_neighbors"", ""passes_threshold"": true, ""candidate_status"": ""Accepted"", ""rejection_reason"": null, ""validation_record_status"": ""valid""}]",
203,permit_type,Mechanical OTC,1,Mechanical OTC,0.9916451351486464,Accepted,unanimous_vote,knn,"[""association_rules"", ""clustering"", ""grouped_majority"", ""knn""]",4,4,4,4,0.0,valid,True,"[{""row_index"": 203, ""target_field"": ""permit_type"", ""algorithm"": ""grouped_majority"", ""predicted_value"": ""Mechanical OTC"", ""confidence"": 0.9900990099009901, ""prediction_source"": ""group_majority"", ""passes_threshold"": true, ""candidate_status"": ""Accepted"", ""rejection_reason"": null, ""validation_record_status"": ""valid""}, {""row_index"": 203, ""target_field"": ""permit_type"", ""algorithm"": ""association_rules"", ""predicted_value"": ""Mechanical OTC"", ""confidence"": 0.9905660377358491, ""prediction_source"": ""matched_rules"", ""passes_threshold"": true, ""candidate_status"": ""Accepted"", ""rejection_reason"": null, ""validation_record_status"": ""valid""}, {""row_index"": 203, ""target_field"": ""permit_type"", ""algorithm"": ""clustering"", ""predicted_value"": ""Mechanical OTC"", ""confidence"": 0.9859154929577465, ""prediction_source"": ""cluster_majority"", ""passes_threshold"": true, ""candidate_status"": ""Accepted"", ""rejection_reason"": null, ""validation_record_status"": ""valid""}, {""row_index"": 203, ""target_field"": ""permit_type"", ""algorithm"": ""knn"", ""predicted_value"": ""Mechanical OTC"", ""confidence"": 1.0, ""prediction_source"": ""nearest_neighbors"", ""passes_threshold"": true, ""candidate_status"": ""Accepted"", ""rejection_reason"": null, ""validation_record_status"": ""valid""}]",
206,permit_type,Mechanical OTC,1,Mechanical OTC,0.9940036257146841,Accepted,unanimous_vote,association_rules,"[""association_rules"", ""clustering"", ""grouped_majority"", ""knn""]",4,4,4,4,0.0,valid,True,"[{""row_index"": 206, ""target_field"": ""permit_type"", ""algorithm"": ""grouped_majority"", ""predicted_value"": ""Mechanical OTC"", ""confidence"": 0.9900990099009901, ""prediction_source"": ""group_majority"", ""passes_threshold"": true, ""candidate_status"": ""Accepted"", ""rejection_reason"": null, ""validation_record_status"": ""valid""}, {""row_index"": 206, ""target_field"": ""permit_type"", ""algorithm"": ""association_rules"", ""predicted_value"": ""Mechanical OTC"", ""confidence"": 1.0, ""prediction_source"": ""matched_rules"", ""passes_threshold"": true, ""candidate_status"": ""Accepted"", ""rejection_reason"": null, ""validation_record_status"": ""valid""}, {""row_index"": 206, ""target_field"": ""permit_type"", ""algorithm"": ""clustering"", ""predicted_value"": ""Mechanical OTC"", ""confidence"": 0.9859154929577465, ""prediction_source"": ""cluster_majority"", ""passes_threshold"": true, ""candidate_status"": ""Accepted"", ""rejection_reason"": null, ""validation_record_status"": ""valid""}, {""row_index"": 206, ""target_field"": ""permit_type"", ""algorithm"": ""knn"", ""predicted_value"": ""Mechanical OTC"", ""confidence"": 1.0, ""prediction_source"": ""nearest_neighbors"", ""passes_threshold"": true, ""candidate_status"": ""Accepted"", ""rejection_reason"": null, ""validation_record_status"": ""valid""}]",
208,permit_type,Mechanical OTC,1,Mechanical OTC,0.9940036257146841,Accepted,unanimous_vote,association_rules,"[""association_rules"", ""clustering"", ""grouped_majority"", ""knn""]",4,4,4,4,0.0,valid,True,"[{""row_index"": 208, ""target_field"": ""permit_type"", ""algorithm"": ""grouped_majority"", ""predicted_value"": ""Mechanical OTC"", ""confidence"": 0.9900990099009901, ""prediction_source"": ""group_majority"", ""passes_threshold"": true, ""candidate_status"": ""Accepted"", ""rejection_reason"": null, ""validation_record_status"": ""valid""}, {""row_index"": 208, ""target_field"": ""permit_type"", ""algorithm"": ""association_rules"", ""predicted_value"": ""Mechanical OTC"", ""confidence"": 1.0, ""prediction_source"": ""matched_rules"", ""passes_threshold"": true, ""candidate_status"": ""Accepted"", ""rejection_reason"": null, ""validation_record_status"": ""valid""}, {""row_index"": 208, ""target_field"": ""permit_type"", ""algorithm"": ""clustering"", ""predicted_value"": ""Mechanical OTC"", ""confidence"": 0.9859154929577465, ""prediction_source"": ""cluster_majority"", ""passes_threshold"": true, ""candidate_status"": ""Accepted"", ""rejection_reason"": null, ""validation_record_status"": ""valid""}, {""row_index"": 208, ""target_field"": ""permit_type"", ""algorithm"": ""knn"", ""predicted_value"": ""Mechanical OTC"", ""confidence"": 1.0, ""prediction_source"": ""nearest_neighbors"", ""passes_threshold"": true, ""candidate_status"": ""Accepted"", ""rejection_reason"": null, ""validation_record_status"": ""valid""}]",
210,permit_type,Plumbing OTC,1,Plumbing OTC,0.9927226704635342,Accepted,majority_vote,knn,"[""association_rules"", ""grouped_majority"", ""knn""]",3,4,4,4,0.0,valid,True,"[{""row_index"": 210, ""target_field"": ""permit_type"", ""algorithm"": ""grouped_majority"", ""predicted_value"": ""Plumbing OTC"", ""confidence"": 0.9883720930232558, ""prediction_source"": ""group_majority"", ""passes_threshold"": true, ""candidate_status"": ""Accepted"", ""rejection_reason"": null, ""validation_record_status"": ""valid""}, {""row_index"": 210, ""target_field"": ""permit_type"", ""algorithm"": ""association_rules"", ""predicted_value"": ""Plumbing OTC"", ""confidence"": 0.9897959183673469, ""prediction_source"": ""matched_rules"", ""passes_threshold"": true, ""candidate_status"": ""Accepted"", ""rejection_reason"": null, ""validation_record_status"": ""valid""}, {""row_index"": 210, ""target_field"": ""permit_type"", ""algorithm"": ""clustering"", ""predicted_value"": ""Electrical OTC"", ""confidence"": 0.5128205128205128, ""prediction_source"": ""cluster_majority"", ""passes_threshold"": true, ""candidate_status"": ""Accepted"", ""rejection_reason"": null, ""validation_record_status"": ""valid""}, {""row_index"": 210, ""target_field"": ""permit_type"", ""algorithm"": ""knn"", ""predicted_value"": ""Plumbing OTC"", ""confidence"": 1.0, ""prediction_source"": ""nearest_neighbors"", ""passes_threshold"": true, ""candidate_status"": ""Accepted"", ""rejection_reason"": null, ""validation_record_status"": ""valid""}]",
211,permit_type,Plumbing OTC,1,Plumbing OTC,0.997093023255814,Accepted,unanimous_vote,association_rules,"[""association_rules"", ""clustering"", ""grouped_majority"", ""knn""]",4,4,4,4,0.0,valid,True,"[{""row_index"": 211, ""target_field"": ""permit_type"", ""algorithm"": ""grouped_majority"", ""predicted_value"": ""Plumbing OTC"", ""confidence"": 0.9883720930232558, ""prediction_source"": ""group_majority"", ""passes_threshold"": true, ""candidate_status"": ""Accepted"", ""rejection_reason"": null, ""validation_record_status"": ""valid""}, {""row_index"": 211, ""target_field"": ""permit_type"", ""algorithm"": ""association_rules"", ""predicted_value"": ""Plumbing OTC"", ""confidence"": 1.0, ""prediction_source"": ""matched_rules"", ""passes_threshold"": true, ""candidate_status"": ""Accepted"", ""rejection_reason"": null, ""validation_record_status"": ""valid""}, {""row_index"": 211, ""target_field"": ""permit_type"", ""algorithm"": ""clustering"", ""predicted_value"": ""Plumbing OTC"", ""confidence"": 1.0, ""prediction_source"": ""cluster_majority"", ""passes_threshold"": true, ""candidate_status"": ""Accepted"", ""rejection_reason"": null, ""validation_record_status"": ""valid""}, {""row_index"": 211, ""target_field"": ""permit_type"", ""algorithm"": ""knn"", ""predicted_value"": ""Plumbing OTC"", ""confidence"": 1.0, ""prediction_source"": ""nearest_neighbors"", ""passes_threshold"": true, ""candidate_status"": ""Accepted"", ""rejection_reason"": null, ""validation_record_status"": ""valid""}]",
213,permit_type,Plumbing OTC,1,Plumbing OTC,0.9890840056953014,Accepted,majority_vote,association_rules,"[""association_rules"", ""grouped_majority""]",2,4,4,4,0.0,valid,True,"[{""row_index"": 213, ""target_field"": ""permit_type"", ""algorithm"": ""grouped_majority"", ""predicted_value"": ""Plumbing OTC"", ""confidence"": 0.9883720930232558, ""prediction_source"": ""group_majority"", ""passes_threshold"": true, ""candidate_status"": ""Accepted"", ""rejection_reason"": null, ""validation_record_status"": ""valid""}, {""row_index"": 213, ""target_field"": ""permit_type"", ""algorithm"": ""association_rules"", ""predicted_value"": ""Plumbing OTC"", ""confidence"": 0.9897959183673469, ""prediction_source"": ""matched_rules"", ""passes_threshold"": true, ""candidate_status"": ""Accepted"", ""rejection_reason"": null, ""validation_record_status"": ""valid""}, {""row_index"": 213, ""target_field"": ""permit_type"", ""algorithm"": ""clustering"", ""predicted_value"": ""Building - Full Plan Check"", ""confidence"": 0.3333333333333333, ""prediction_source"": ""cluster_majority"", ""passes_threshold"": true, ""candidate_status"": ""Accepted"", ""rejection_reason"": null, ""validation_record_status"": ""valid""}, {""row_index"": 213, ""target_field"": ""permit_type"", ""algorithm"": ""knn"", ""predicted_value"": ""Electrical OTC"", ""confidence"": 0.4, ""prediction_source"": ""nearest_neighbors"", ""passes_threshold"": true, ""candidate_status"": ""Accepted"", ""rejection_reason"": null, ""validation_record_status"": ""valid""}]",
214,permit_type,Plumbing OTC,1,Plumbing OTC,0.997093023255814,Accepted,unanimous_vote,association_rules,"[""association_rules"", ""clustering"", ""grouped_majority"", ""knn""]",4,4,4,4,0.0,valid,True,"[{""row_index"": 214, ""target_field"": ""permit_type"", ""algorithm"": ""grouped_majority"", ""predicted_value"": ""Plumbing OTC"", ""confidence"": 0.9883720930232558, ""prediction_source"": ""group_majority"", ""passes_threshold"": true, ""candidate_status"": ""Accepted"", ""rejection_reason"": null, ""validation_record_status"": ""valid""}, {""row_index"": 214, ""target_field"": ""permit_type"", ""algorithm"": ""association_rules"", ""predicted_value"": ""Plumbing OTC"", ""confidence"": 1.0, ""prediction_source"": ""matched_rules"", ""passes_threshold"": true, ""candidate_status"": ""Accepted"", ""rejection_reason"": null, ""validation_record_status"": ""valid""}, {""row_index"": 214, ""target_field"": ""permit_type"", ""algorithm"": ""clustering"", ""predicted_value"": ""Plumbing OTC"", ""confidence"": 1.0, ""prediction_source"": ""cluster_majority"", ""passes_threshold"": true, ""candidate_status"": ""Accepted"", ""rejection_reason"": null, ""validation_record_status"": ""valid""}, {""row_index"": 214, ""target_field"": ""permit_type"", ""algorithm"": ""knn"", ""predicted_value"": ""Plumbing OTC"", ""confidence"": 1.0, ""prediction_source"": ""nearest_neighbors"", ""passes_threshold"": true, ""candidate_status"": ""Accepted"", ""rejection_reason"": null, ""validation_record_status"": ""valid""}]",
217,permit_type,Plumbing OTC,1,Plumbing OTC,0.997093023255814,Accepted,unanimous_vote,association_rules,"[""association_rules"", ""clustering"", ""grouped_majority"", ""knn""]",4,4,4,4,0.0,valid,True,"[{""row_index"": 217, ""target_field"": ""permit_type"", ""algorithm"": ""grouped_majority"", ""predicted_value"": ""Plumbing OTC"", ""confidence"": 0.9883720930232558, ""prediction_source"": ""group_majority"", ""passes_threshold"": true, ""candidate_status"": ""Accepted"", ""rejection_reason"": null, ""validation_record_status"": ""valid""}, {""row_index"": 217, ""target_field"": ""permit_type"", ""algorithm"": ""association_rules"", ""predicted_value"": ""Plumbing OTC"", ""confidence"": 1.0, ""prediction_source"": ""matched_rules"", ""passes_threshold"": true, ""candidate_status"": ""Accepted"", ""rejection_reason"": null, ""validation_record_status"": ""valid""}, {""row_index"": 217, ""target_field"": ""permit_type"", ""algorithm"": ""clustering"", ""predicted_value"": ""Plumbing OTC"", ""confidence"": 1.0, ""prediction_source"": ""cluster_majority"", ""passes_threshold"": true, ""candidate_status"": ""Accepted"", ""rejection_reason"": null, ""validation_record_status"": ""valid""}, {""row_index"": 217, ""target_field"": ""permit_type"", ""algorithm"": ""knn"", ""predicted_value"": ""Plumbing OTC"", ""confidence"": 1.0, ""prediction_source"": ""nearest_neighbors"", ""passes_threshold"": true, ""candidate_status"": ""Accepted"", ""rejection_reason"": null, ""validation_record_status"": ""valid""}]",
219,permit_type,Plumbing OTC,1,Plumbing OTC,1.0,Accepted,majority_vote,association_rules,"[""association_rules"", ""grouped_majority"", ""knn""]",3,4,4,4,0.0,valid,True,"[{""row_index"": 219, ""target_field"": ""permit_type"", ""algorithm"": ""grouped_majority"", ""predicted_value"": ""Plumbing OTC"", ""confidence"": 1.0, ""prediction_source"": ""group_majority"", ""passes_threshold"": true, ""candidate_status"": ""Accepted"", ""rejection_reason"": null, ""validation_record_status"": ""valid""}, {""row_index"": 219, ""target_field"": ""permit_type"", ""algorithm"": ""association_rules"", ""predicted_value"": ""Plumbing OTC"", ""confidence"": 1.0, ""prediction_source"": ""matched_rules"", ""passes_threshold"": true, ""candidate_status"": ""Accepted"", ""rejection_reason"": null, ""validation_record_status"": ""valid""}, {""row_index"": 219, ""target_field"": ""permit_type"", ""algorithm"": ""clustering"", ""predicted_value"": ""Residential Building Report"", ""confidence"": 0.864, ""prediction_source"": ""cluster_majority"", ""passes_threshold"": true, ""candidate_status"": ""Accepted"", ""rejection_reason"": null, ""validation_record_status"": ""valid""}, {""row_index"": 219, ""target_field"": ""permit_type"", ""algorithm"": ""knn"", ""predicted_value"": ""Plumbing OTC"", ""confidence"": 1.0, ""prediction_source"": ""nearest_neighbors"", ""passes_threshold"": true, ""candidate_status"": ""Accepted"", ""rejection_reason"": null, ""validation_record_status"": ""valid""}]",
223,permit_type,Plumbing OTC,1,Plumbing OTC,0.9260560037968677,Accepted,majority_vote,association_rules,"[""association_rules"", ""grouped_majority"", ""knn""]",3,4,4,4,0.0,valid,True,"[{""row_index"": 223, ""target_field"": ""permit_type"", ""algorithm"": ""grouped_majority"", ""predicted_value"": ""Plumbing OTC"", ""confidence"": 0.9883720930232558, ""prediction_source"": ""group_majority"", ""passes_threshold"": true, ""candidate_status"": ""Accepted"", ""rejection_reason"": null, ""validation_record_status"": ""valid""}, {""row_index"": 223, ""target_field"": ""permit_type"", ""algorithm"": ""association_rules"", ""predicted_value"": ""Plumbing OTC"", ""confidence"": 0.9897959183673469, ""prediction_source"": ""matched_rules"", ""passes_threshold"": true, ""candidate_status"": ""Accepted"", ""rejection_reason"": null, ""validation_record_status"": ""valid""}, {""row_index"": 223, ""target_field"": ""permit_type"", ""algorithm"": ""clustering"", ""predicted_value"": ""Electrical OTC"", ""confidence"": 0.5128205128205128, ""prediction_source"": ""cluster_majority"", ""passes_threshold"": true, ""candidate_status"": ""Accepted"", ""rejection_reason"": null, ""validation_record_status"": ""valid""}, {""row_index"": 223, ""target_field"": ""permit_type"", ""algorithm"": ""knn"", ""predicted_value"": ""Plumbing OTC"", ""confidence"": 0.8, ""prediction_source"": ""nearest_neighbors"", ""passes_threshold"": true, ""candidate_status"": ""Accepted"", ""rejection_reason"": null, ""validation_record_status"": ""valid""}]",
226,permit_type,Residential Building Report,1,Residential Building Report,0.9637064220183487,Accepted,unanimous_vote,association_rules,"[""association_rules"", ""clustering"", ""grouped_majority"", ""knn""]",4,4,4,4,0.0,valid,True,"[{""row_index"": 226, ""target_field"": ""permit_type"", ""algorithm"": ""grouped_majority"", ""predicted_value"": ""Residential Building Report"", ""confidence"": 0.9908256880733946, ""prediction_source"": ""group_majority"", ""passes_threshold"": true, ""candidate_status"": ""Accepted"", ""rejection_reason"": null, ""validation_record_status"": ""valid""}, {""row_index"": 226, ""target_field"": ""permit_type"", ""algorithm"": ""association_rules"", ""predicted_value"": ""Residential Building Report"", ""confidence"": 1.0, ""prediction_source"": ""matched_rules"", ""passes_threshold"": true, ""candidate_status"": ""Accepted"", ""rejection_reason"": null, ""validation_record_status"": ""valid""}, {""row_index"": 226, ""target_field"": ""permit_type"", ""algorithm"": ""clustering"", ""predicted_value"": ""Residential Building Report"", ""confidence"": 0.864, ""prediction_source"": ""cluster_majority"", ""passes_threshold"": true, ""candidate_status"": ""Accepted"", ""rejection_reason"": null, ""validation_record_status"": ""valid""}, {""row_index"": 226, ""target_field"": ""permit_type"", ""algorithm"": ""knn"", ""predicted_value"": ""Residential Building Report"", ""confidence"": 1.0, ""prediction_source"": ""nearest_neighbors"", ""passes_threshold"": true, ""candidate_status"": ""Accepted"", ""rejection_reason"": null, ""validation_record_status"": ""valid""}]",
230,permit_type,Residential Building Report,1,Residential Building Report,0.9637064220183487,Accepted,unanimous_vote,association_rules,"[""association_rules"", ""clustering"", ""grouped_majority"", ""knn""]",4,4,4,4,0.0,valid,True,"[{""row_index"": 230, ""target_field"": ""permit_type"", ""algorithm"": ""grouped_majority"", ""predicted_value"": ""Residential Building Report"", ""confidence"": 0.9908256880733946, ""prediction_source"": ""group_majority"", ""passes_threshold"": true, ""candidate_status"": ""Accepted"", ""rejection_reason"": null, ""validation_record_status"": ""valid""}, {""row_index"": 230, ""target_field"": ""permit_type"", ""algorithm"": ""association_rules"", ""predicted_value"": ""Residential Building Report"", ""confidence"": 1.0, ""prediction_source"": ""matched_rules"", ""passes_threshold"": true, ""candidate_status"": ""Accepted"", ""rejection_reason"": null, ""validation_record_status"": ""valid""}, {""row_index"": 230, ""target_field"": ""permit_type"", ""algorithm"": ""clustering"", ""predicted_value"": ""Residential Building Report"", ""confidence"": 0.864, ""prediction_source"": ""cluster_majority"", ""passes_threshold"": true, ""candidate_status"": ""Accepted"", ""rejection_reason"": null, ""validation_record_status"": ""valid""}, {""row_index"": 230, ""target_field"": ""permit_type"", ""algorithm"": ""knn"", ""predicted_value"": ""Residential Building Report"", ""confidence"": 1.0, ""prediction_source"": ""nearest_neighbors"", ""passes_threshold"": true, ""candidate_status"": ""Accepted"", ""rejection_reason"": null, ""validation_record_status"": ""valid""}]",
233,permit_type,Residential Building Report,1,Residential Building Report,0.9637064220183487,Accepted,unanimous_vote,association_rules,"[""association_rules"", ""clustering"", ""grouped_majority"", ""knn""]",4,4,4,4,0.0,valid,True,"[{""row_index"": 233, ""target_field"": ""permit_type"", ""algorithm"": ""grouped_majority"", ""predicted_value"": ""Residential Building Report"", ""confidence"": 0.9908256880733946, ""prediction_source"": ""group_majority"", ""passes_threshold"": true, ""candidate_status"": ""Accepted"", ""rejection_reason"": null, ""validation_record_status"": ""valid""}, {""row_index"": 233, ""target_field"": ""permit_type"", ""algorithm"": ""association_rules"", ""predicted_value"": ""Residential Building Report"", ""confidence"": 1.0, ""prediction_source"": ""matched_rules"", ""passes_threshold"": true, ""candidate_status"": ""Accepted"", ""rejection_reason"": null, ""validation_record_status"": ""valid""}, {""row_index"": 233, ""target_field"": ""permit_type"", ""algorithm"": ""clustering"", ""predicted_value"": ""Residential Building Report"", ""confidence"": 0.864, ""prediction_source"": ""cluster_majority"", ""passes_threshold"": true, ""candidate_status"": ""Accepted"", ""rejection_reason"": null, ""validation_record_status"": ""valid""}, {""row_index"": 233, ""target_field"": ""permit_type"", ""algorithm"": ""knn"", ""predicted_value"": ""Residential Building Report"", ""confidence"": 1.0, ""prediction_source"": ""nearest_neighbors"", ""passes_threshold"": true, ""candidate_status"": ""Accepted"", ""rejection_reason"": null, ""validation_record_status"": ""valid""}]",
234,permit_type,Residential Building Report,1,Residential Building Report,0.9637064220183487,Accepted,unanimous_vote,association_rules,"[""association_rules"", ""clustering"", ""grouped_majority"", ""knn""]",4,4,4,4,0.0,valid,True,"[{""row_index"": 234, ""target_field"": ""permit_type"", ""algorithm"": ""grouped_majority"", ""predicted_value"": ""Residential Building Report"", ""confidence"": 0.9908256880733946, ""prediction_source"": ""group_majority"", ""passes_threshold"": true, ""candidate_status"": ""Accepted"", ""rejection_reason"": null, ""validation_record_status"": ""valid""}, {""row_index"": 234, ""target_field"": ""permit_type"", ""algorithm"": ""association_rules"", ""predicted_value"": ""Residential Building Report"", ""confidence"": 1.0, ""prediction_source"": ""matched_rules"", ""passes_threshold"": true, ""candidate_status"": ""Accepted"", ""rejection_reason"": null, ""validation_record_status"": ""valid""}, {""row_index"": 234, ""target_field"": ""permit_type"", ""algorithm"": ""clustering"", ""predicted_value"": ""Residential Building Report"", ""confidence"": 0.864, ""prediction_source"": ""cluster_majority"", ""passes_threshold"": true, ""candidate_status"": ""Accepted"", ""rejection_reason"": null, ""validation_record_status"": ""valid""}, {""row_index"": 234, ""target_field"": ""permit_type"", ""algorithm"": ""knn"", ""predicted_value"": ""Residential Building Report"", ""confidence"": 1.0, ""prediction_source"": ""nearest_neighbors"", ""passes_threshold"": true, ""candidate_status"": ""Accepted"", ""rejection_reason"": null, ""validation_record_status"": ""valid""}]",
237,permit_type,Residential Building Report,1,Residential Building Report,0.9637064220183487,Accepted,unanimous_vote,association_rules,"[""association_rules"", ""clustering"", ""grouped_majority"", ""knn""]",4,4,4,4,0.0,valid,True,"[{""row_index"": 237, ""target_field"": ""permit_type"", ""algorithm"": ""grouped_majority"", ""predicted_value"": ""Residential Building Report"", ""confidence"": 0.9908256880733946, ""prediction_source"": ""group_majority"", ""passes_threshold"": true, ""candidate_status"": ""Accepted"", ""rejection_reason"": null, ""validation_record_status"": ""valid""}, {""row_index"": 237, ""target_field"": ""permit_type"", ""algorithm"": ""association_rules"", ""predicted_value"": ""Residential Building Report"", ""confidence"": 1.0, ""prediction_source"": ""matched_rules"", ""passes_threshold"": true, ""candidate_status"": ""Accepted"", ""rejection_reason"": null, ""validation_record_status"": ""valid""}, {""row_index"": 237, ""target_field"": ""permit_type"", ""algorithm"": ""clustering"", ""predicted_value"": ""Residential Building Report"", ""confidence"": 0.864, ""prediction_source"": ""cluster_majority"", ""passes_threshold"": true, ""candidate_status"": ""Accepted"", ""rejection_reason"": null, ""validation_record_status"": ""valid""}, {""row_index"": 237, ""target_field"": ""permit_type"", ""algorithm"": ""knn"", ""predicted_value"": ""Residential Building Report"", ""confidence"": 1.0, ""prediction_source"": ""nearest_neighbors"", ""passes_threshold"": true, ""candidate_status"": ""Accepted"", ""rejection_reason"": null, ""validation_record_status"": ""valid""}]",
238,permit_type,Residential Building Report,1,Residential Building Report,0.9637064220183487,Accepted,unanimous_vote,association_rules,"[""association_rules"", ""clustering"", ""grouped_majority"", ""knn""]",4,4,4,4,0.0,valid,True,"[{""row_index"": 238, ""target_field"": ""permit_type"", ""algorithm"": ""grouped_majority"", ""predicted_value"": ""Residential Building Report"", ""confidence"": 0.9908256880733946, ""prediction_source"": ""group_majority"", ""passes_threshold"": true, ""candidate_status"": ""Accepted"", ""rejection_reason"": null, ""validation_record_status"": ""valid""}, {""row_index"": 238, ""target_field"": ""permit_type"", ""algorithm"": ""association_rules"", ""predicted_value"": ""Residential Building Report"", ""confidence"": 1.0, ""prediction_source"": ""matched_rules"", ""passes_threshold"": true, ""candidate_status"": ""Accepted"", ""rejection_reason"": null, ""validation_record_status"": ""valid""}, {""row_index"": 238, ""target_field"": ""permit_type"", ""algorithm"": ""clustering"", ""predicted_value"": ""Residential Building Report"", ""confidence"": 0.864, ""prediction_source"": ""cluster_majority"", ""passes_threshold"": true, ""candidate_status"": ""Accepted"", ""rejection_reason"": null, ""validation_record_status"": ""valid""}, {""row_index"": 238, ""target_field"": ""permit_type"", ""algorithm"": ""knn"", ""predicted_value"": ""Residential Building Report"", ""confidence"": 1.0, ""prediction_source"": ""nearest_neighbors"", ""passes_threshold"": true, ""candidate_status"": ""Accepted"", ""rejection_reason"": null, ""validation_record_status"": ""valid""}]",
239,permit_type,Residential Building Report,1,Residential Building Report,0.9637064220183487,Accepted,unanimous_vote,association_rules,"[""association_rules"", ""clustering"", ""grouped_majority"", ""knn""]",4,4,4,4,0.0,valid,True,"[{""row_index"": 239, ""target_field"": ""permit_type"", ""algorithm"": ""grouped_majority"", ""predicted_value"": ""Residential Building Report"", ""confidence"": 0.9908256880733946, ""prediction_source"": ""group_majority"", ""passes_threshold"": true, ""candidate_status"": ""Accepted"", ""rejection_reason"": null, ""validation_record_status"": ""valid""}, {""row_index"": 239, ""target_field"": ""permit_type"", ""algorithm"": ""association_rules"", ""predicted_value"": ""Residential Building Report"", ""confidence"": 1.0, ""prediction_source"": ""matched_rules"", ""passes_threshold"": true, ""candidate_status"": ""Accepted"", ""rejection_reason"": null, ""validation_record_status"": ""valid""}, {""row_index"": 239, ""target_field"": ""permit_type"", ""algorithm"": ""clustering"", ""predicted_value"": ""Residential Building Report"", ""confidence"": 0.864, ""prediction_source"": ""cluster_majority"", ""passes_threshold"": true, ""candidate_status"": ""Accepted"", ""rejection_reason"": null, ""validation_record_status"": ""valid""}, {""row_index"": 239, ""target_field"": ""permit_type"", ""algorithm"": ""knn"", ""predicted_value"": ""Residential Building Report"", ""confidence"": 1.0, ""prediction_source"": ""nearest_neighbors"", ""passes_threshold"": true, ""candidate_status"": ""Accepted"", ""rejection_reason"": null, ""validation_record_status"": ""valid""}]",
240,permit_type,Residential Building Report,1,Residential Building Report,0.9637064220183487,Accepted,unanimous_vote,association_rules,"[""association_rules"", ""clustering"", ""grouped_majority"", ""knn""]",4,4,4,4,0.0,valid,True,"[{""row_index"": 240, ""target_field"": ""permit_type"", ""algorithm"": ""grouped_majority"", ""predicted_value"": ""Residential Building Report"", ""confidence"": 0.9908256880733946, ""prediction_source"": ""group_majority"", ""passes_threshold"": true, ""candidate_status"": ""Accepted"", ""rejection_reason"": null, ""validation_record_status"": ""valid""}, {""row_index"": 240, ""target_field"": ""permit_type"", ""algorithm"": ""association_rules"", ""predicted_value"": ""Residential Building Report"", ""confidence"": 1.0, ""prediction_source"": ""matched_rules"", ""passes_threshold"": true, ""candidate_status"": ""Accepted"", ""rejection_reason"": null, ""validation_record_status"": ""valid""}, {""row_index"": 240, ""target_field"": ""permit_type"", ""algorithm"": ""clustering"", ""predicted_value"": ""Residential Building Report"", ""confidence"": 0.864, ""prediction_source"": ""cluster_majority"", ""passes_threshold"": true, ""candidate_status"": ""Accepted"", ""rejection_reason"": null, ""validation_record_status"": ""valid""}, {""row_index"": 240, ""target_field"": ""permit_type"", ""algorithm"": ""knn"", ""predicted_value"": ""Residential Building Report"", ""confidence"": 1.0, ""prediction_source"": ""nearest_neighbors"", ""passes_threshold"": true, ""candidate_status"": ""Accepted"", ""rejection_reason"": null, ""validation_record_status"": ""valid""}]",
248,permit_type,Building - Full Plan Check,1,,0.9230769230769231,Requires Review,average_confidence_tiebreak,knn,"[""association_rules"", ""knn""]",2,4,4,4,0.0,valid,False,"[{""row_index"": 248, ""target_field"": ""permit_type"", ""algorithm"": ""grouped_majority"", ""predicted_value"": ""Building Permit OTC"", ""confidence"": 0.5693950177935944, ""prediction_source"": ""group_majority"", ""passes_threshold"": true, ""candidate_status"": ""Accepted"", ""rejection_reason"": null, ""validation_record_status"": ""valid""}, {""row_index"": 248, ""target_field"": ""permit_type"", ""algorithm"": ""association_rules"", ""predicted_value"": ""Building - Full Plan Check"", ""confidence"": 0.8461538461538461, ""prediction_source"": ""matched_rules"", ""passes_threshold"": true, ""candidate_status"": ""Accepted"", ""rejection_reason"": null, ""validation_record_status"": ""valid""}, {""row_index"": 248, ""target_field"": ""permit_type"", ""algorithm"": ""clustering"", ""predicted_value"": ""Building Permit OTC"", ""confidence"": 0.6201550387596899, ""prediction_source"": ""cluster_majority"", ""passes_threshold"": true, ""candidate_status"": ""Accepted"", ""rejection_reason"": null, ""validation_record_status"": ""valid""}, {""row_index"": 248, ""target_field"": ""permit_type"", ""algorithm"": ""knn"", ""predicted_value"": ""Building - Full Plan Check"", ""confidence"": 1.0, ""prediction_source"": ""nearest_neighbors"", ""passes_threshold"": true, ""candidate_status"": ""Accepted"", ""rejection_reason"": null, ""validation_record_status"": ""valid""}]",
258,permit_type,Building - In House Plan Check,1,Building Permit OTC,0.8129836750833193,Accepted,unanimous_vote,knn,"[""association_rules"", ""clustering"", ""grouped_majority"", ""knn""]",4,4,4,4,0.0,valid,True,"[{""row_index"": 258, ""target_field"": ""permit_type"", ""algorithm"": ""grouped_majority"", ""predicted_value"": ""Building Permit OTC"", ""confidence"": 0.5693950177935944, ""prediction_source"": ""group_majority"", ""passes_threshold"": true, ""candidate_status"": ""Accepted"", ""rejection_reason"": null, ""validation_record_status"": ""valid""}, {""row_index"": 258, ""target_field"": ""permit_type"", ""algorithm"": ""association_rules"", ""predicted_value"": ""Building Permit OTC"", ""confidence"": 0.9047619047619048, ""prediction_source"": ""matched_rules"", ""passes_threshold"": true, ""candidate_status"": ""Accepted"", ""rejection_reason"": null, ""validation_record_status"": ""valid""}, {""row_index"": 258, ""target_field"": ""permit_type"", ""algorithm"": ""clustering"", ""predicted_value"": ""Building Permit OTC"", ""confidence"": 0.7777777777777778, ""prediction_source"": ""cluster_majority"", ""passes_threshold"": true, ""candidate_status"": ""Accepted"", ""rejection_reason"": null, ""validation_record_status"": ""valid""}, {""row_index"": 258, ""target_field"": ""permit_type"", ""algorithm"": ""knn"", ""predicted_value"": ""Building Permit OTC"", ""confidence"": 1.0, ""prediction_source"": ""nearest_neighbors"", ""passes_threshold"": true, ""candidate_status"": ""Accepted"", ""rejection_reason"": null, ""validation_record_status"": ""valid""}]",
263,permit_type,Building - In House Plan Check,1,Building Permit OTC,0.589575557677285,Accepted,majority_vote,association_rules,"[""association_rules"", ""grouped_majority""]",2,4,4,4,0.0,valid,True,"[{""row_index"": 263, ""target_field"": ""permit_type"", ""algorithm"": ""grouped_majority"", ""predicted_value"": ""Building Permit OTC"", ""confidence"": 0.5693950177935944, ""prediction_source"": ""group_majority"", ""passes_threshold"": true, ""candidate_status"": ""Accepted"", ""rejection_reason"": null, ""validation_record_status"": ""valid""}, {""row_index"": 263, ""target_field"": ""permit_type"", ""algorithm"": ""association_rules"", ""predicted_value"": ""Building Permit OTC"", ""confidence"": 0.6097560975609756, ""prediction_source"": ""matched_rules"", ""passes_threshold"": true, ""candidate_status"": ""Accepted"", ""rejection_reason"": null, ""validation_record_status"": ""valid""}, {""row_index"": 263, ""target_field"": ""permit_type"", ""algorithm"": ""clustering"", ""predicted_value"": ""Building - Full Plan Check"", ""confidence"": 0.3333333333333333, ""prediction_source"": ""cluster_majority"", ""passes_threshold"": true, ""candidate_status"": ""Accepted"", ""rejection_reason"": null, ""validation_record_status"": ""valid""}, {""row_index"": 263, ""target_field"": ""permit_type"", ""algorithm"": ""knn"", ""predicted_value"": ""Building - In House Plan Check"", ""confidence"": 0.6666666666666666, ""prediction_source"": ""nearest_neighbors"", ""passes_threshold"": true, ""candidate_status"": ""Accepted"", ""rejection_reason"": null, ""validation_record_status"": ""valid""}]",
264,permit_type,Building - In House Plan Check,1,,0.65,Requires Review,average_confidence_tiebreak,knn,"[""association_rules"", ""knn""]",2,4,4,4,0.0,valid,False,"[{""row_index"": 264, ""target_field"": ""permit_type"", ""algorithm"": ""grouped_majority"", ""predicted_value"": ""Building Permit OTC"", ""confidence"": 0.5693950177935944, ""prediction_source"": ""group_majority"", ""passes_threshold"": true, ""candidate_status"": ""Accepted"", ""rejection_reason"": null, ""validation_record_status"": ""valid""}, {""row_index"": 264, ""target_field"": ""permit_type"", ""algorithm"": ""association_rules"", ""predicted_value"": ""Building - In House Plan Check"", ""confidence"": 0.5, ""prediction_source"": ""matched_rules"", ""passes_threshold"": true, ""candidate_status"": ""Accepted"", ""rejection_reason"": null, ""validation_record_status"": ""valid""}, {""row_index"": 264, ""target_field"": ""permit_type"", ""algorithm"": ""clustering"", ""predicted_value"": ""Building Permit OTC"", ""confidence"": 0.6201550387596899, ""prediction_source"": ""cluster_majority"", ""passes_threshold"": true, ""candidate_status"": ""Accepted"", ""rejection_reason"": null, ""validation_record_status"": ""valid""}, {""row_index"": 264, ""target_field"": ""permit_type"", ""algorithm"": ""knn"", ""predicted_value"": ""Building - In House Plan Check"", ""confidence"": 0.8, ""prediction_source"": ""nearest_neighbors"", ""passes_threshold"": true, ""candidate_status"": ""Accepted"", ""rejection_reason"": null, ""validation_record_status"": ""valid""}]",
265,permit_type,Building - In House Plan Check,1,Building - Full Plan Check,0.5015873015873016,Accepted,majority_vote,knn,"[""association_rules"", ""clustering"", ""knn""]",3,4,4,4,0.0,valid,True,"[{""row_index"": 265, ""target_field"": ""permit_type"", ""algorithm"": ""grouped_majority"", ""predicted_value"": ""Building Permit OTC"", ""confidence"": 0.5693950177935944, ""prediction_source"": ""group_majority"", ""passes_threshold"": true, ""candidate_status"": ""Accepted"", ""rejection_reason"": null, ""validation_record_status"": ""valid""}, {""row_index"": 265, ""target_field"": ""permit_type"", ""algorithm"": ""association_rules"", ""predicted_value"": ""Building - Full Plan Check"", ""confidence"": 0.5714285714285715, ""prediction_source"": ""matched_rules"", ""passes_threshold"": true, ""candidate_status"": ""Accepted"", ""rejection_reason"": null, ""validation_record_status"": ""valid""}, {""row_index"": 265, ""target_field"": ""permit_type"", ""algorithm"": ""clustering"", ""predicted_value"": ""Building - Full Plan Check"", ""confidence"": 0.3333333333333333, ""prediction_source"": ""cluster_majority"", ""passes_threshold"": true, ""candidate_status"": ""Accepted"", ""rejection_reason"": null, ""validation_record_status"": ""valid""}, {""row_index"": 265, ""target_field"": ""permit_type"", ""algorithm"": ""knn"", ""predicted_value"": ""Building - Full Plan Check"", ""confidence"": 0.6, ""prediction_source"": ""nearest_neighbors"", ""passes_threshold"": true, ""candidate_status"": ""Accepted"", ""rejection_reason"": null, ""validation_record_status"": ""valid""}]",
266,permit_type,Building - In House Plan Check,1,Building Permit OTC,0.8129836750833193,Accepted,unanimous_vote,knn,"[""association_rules"", ""clustering"", ""grouped_majority"", ""knn""]",4,4,4,4,0.0,valid,True,"[{""row_index"": 266, ""target_field"": ""permit_type"", ""algorithm"": ""grouped_majority"", ""predicted_value"": ""Building Permit OTC"", ""confidence"": 0.5693950177935944, ""prediction_source"": ""group_majority"", ""passes_threshold"": true, ""candidate_status"": ""Accepted"", ""rejection_reason"": null, ""validation_record_status"": ""valid""}, {""row_index"": 266, ""target_field"": ""permit_type"", ""algorithm"": ""association_rules"", ""predicted_value"": ""Building Permit OTC"", ""confidence"": 0.9047619047619048, ""prediction_source"": ""matched_rules"", ""passes_threshold"": true, ""candidate_status"": ""Accepted"", ""rejection_reason"": null, ""validation_record_status"": ""valid""}, {""row_index"": 266, ""target_field"": ""permit_type"", ""algorithm"": ""clustering"", ""predicted_value"": ""Building Permit OTC"", ""confidence"": 0.7777777777777778, ""prediction_source"": ""cluster_majority"", ""passes_threshold"": true, ""candidate_status"": ""Accepted"", ""rejection_reason"": null, ""validation_record_status"": ""valid""}, {""row_index"": 266, ""target_field"": ""permit_type"", ""algorithm"": ""knn"", ""predicted_value"": ""Building Permit OTC"", ""confidence"": 1.0, ""prediction_source"": ""nearest_neighbors"", ""passes_threshold"": true, ""candidate_status"": ""Accepted"", ""rejection_reason"": null, ""validation_record_status"": ""valid""}]",
269,permit_type,Building - In House Plan Check,1,Building Permit OTC,0.6678345149751257,Accepted,majority_vote,association_rules,"[""association_rules"", ""clustering"", ""grouped_majority""]",3,4,4,4,0.0,valid,True,"[{""row_index"": 269, ""target_field"": ""permit_type"", ""algorithm"": ""grouped_majority"", ""predicted_value"": ""Building Permit OTC"", ""confidence"": 0.5693950177935944, ""prediction_source"": ""group_majority"", ""passes_threshold"": true, ""candidate_status"": ""Accepted"", ""rejection_reason"": null, ""validation_record_status"": ""valid""}, {""row_index"": 269, ""target_field"": ""permit_type"", ""algorithm"": ""association_rules"", ""predicted_value"": ""Building Permit OTC"", ""confidence"": 0.8139534883720931, ""prediction_source"": ""matched_rules"", ""passes_threshold"": true, ""candidate_status"": ""Accepted"", ""rejection_reason"": null, ""validation_record_status"": ""valid""}, {""row_index"": 269, ""target_field"": ""permit_type"", ""algorithm"": ""clustering"", ""predicted_value"": ""Building Permit OTC"", ""confidence"": 0.6201550387596899, ""prediction_source"": ""cluster_majority"", ""passes_threshold"": true, ""candidate_status"": ""Accepted"", ""rejection_reason"": null, ""validation_record_status"": ""valid""}, {""row_index"": 269, ""target_field"": ""permit_type"", ""algorithm"": ""knn"", ""predicted_value"": ""Building - In House Plan Check"", ""confidence"": 0.8, ""prediction_source"": ""nearest_neighbors"", ""passes_threshold"": true, ""candidate_status"": ""Accepted"", ""rejection_reason"": null, ""validation_record_status"": ""valid""}]",
271,permit_type,Building Permit OTC,1,Building Permit OTC,0.72638370511819,Accepted,majority_vote,knn,"[""association_rules"", ""grouped_majority"", ""knn""]",3,4,4,4,0.0,valid,True,"[{""row_index"": 271, ""target_field"": ""permit_type"", ""algorithm"": ""grouped_majority"", ""predicted_value"": ""Building Permit OTC"", ""confidence"": 0.5693950177935944, ""prediction_source"": ""group_majority"", ""passes_threshold"": true, ""candidate_status"": ""Accepted"", ""rejection_reason"": null, ""validation_record_status"": ""valid""}, {""row_index"": 271, ""target_field"": ""permit_type"", ""algorithm"": ""association_rules"", ""predicted_value"": ""Building Permit OTC"", ""confidence"": 0.6097560975609756, ""prediction_source"": ""matched_rules"", ""passes_threshold"": true, ""candidate_status"": ""Accepted"", ""rejection_reason"": null, ""validation_record_status"": ""valid""}, {""row_index"": 271, ""target_field"": ""permit_type"", ""algorithm"": ""clustering"", ""predicted_value"": ""Building - Full Plan Check"", ""confidence"": 0.3333333333333333, ""prediction_source"": ""cluster_majority"", ""passes_threshold"": true, ""candidate_status"": ""Accepted"", ""rejection_reason"": null, ""validation_record_status"": ""valid""}, {""row_index"": 271, ""target_field"": ""permit_type"", ""algorithm"": ""knn"", ""predicted_value"": ""Building Permit OTC"", ""confidence"": 1.0, ""prediction_source"": ""nearest_neighbors"", ""passes_threshold"": true, ""candidate_status"": ""Accepted"", ""rejection_reason"": null, ""validation_record_status"": ""valid""}]",
272,permit_type,Building Permit OTC,1,Building Permit OTC,0.836793198892843,Accepted,unanimous_vote,association_rules,"[""association_rules"", ""clustering"", ""grouped_majority"", ""knn""]",4,4,4,4,0.0,valid,True,"[{""row_index"": 272, ""target_field"": ""permit_type"", ""algorithm"": ""grouped_majority"", ""predicted_value"": ""Building Permit OTC"", ""confidence"": 0.5693950177935944, ""prediction_source"": ""group_majority"", ""passes_threshold"": true, ""candidate_status"": ""Accepted"", ""rejection_reason"": null, ""validation_record_status"": ""valid""}, {""row_index"": 272, ""target_field"": ""permit_type"", ""algorithm"": ""association_rules"", ""predicted_value"": ""Building Permit OTC"", ""confidence"": 1.0, ""prediction_source"": ""matched_rules"", ""passes_threshold"": true, ""candidate_status"": ""Accepted"", ""rejection_reason"": null, ""validation_record_status"": ""valid""}, {""row_index"": 272, ""target_field"": ""permit_type"", ""algorithm"": ""clustering"", ""predicted_value"": ""Building Permit OTC"", ""confidence"": 0.7777777777777778, ""prediction_source"": ""cluster_majority"", ""passes_threshold"": true, ""candidate_status"": ""Accepted"", ""rejection_reason"": null, ""validation_record_status"": ""valid""}, {""row_index"": 272, ""target_field"": ""permit_type"", ""algorithm"": ""knn"", ""predicted_value"": ""Building Permit OTC"", ""confidence"": 1.0, ""prediction_source"": ""nearest_neighbors"", ""passes_threshold"": true, ""candidate_status"": ""Accepted"", ""rejection_reason"": null, ""validation_record_status"": ""valid""}]",
273,permit_type,Building Permit OTC,1,Building Permit OTC,0.7633556988928429,Accepted,unanimous_vote,association_rules,"[""association_rules"", ""clustering"", ""grouped_majority"", ""knn""]",4,4,4,4,0.0,valid,True,"[{""row_index"": 273, ""target_field"": ""permit_type"", ""algorithm"": ""grouped_majority"", ""predicted_value"": ""Building Permit OTC"", ""confidence"": 0.5693950177935944, ""prediction_source"": ""group_majority"", ""passes_threshold"": true, ""candidate_status"": ""Accepted"", ""rejection_reason"": null, ""validation_record_status"": ""valid""}, {""row_index"": 273, ""target_field"": ""permit_type"", ""algorithm"": ""association_rules"", ""predicted_value"": ""Building Permit OTC"", ""confidence"": 0.9062499999999999, ""prediction_source"": ""matched_rules"", ""passes_threshold"": true, ""candidate_status"": ""Accepted"", ""rejection_reason"": null, ""validation_record_status"": ""valid""}, {""row_index"": 273, ""target_field"": ""permit_type"", ""algorithm"": ""clustering"", ""predicted_value"": ""Building Permit OTC"", ""confidence"": 0.7777777777777778, ""prediction_source"": ""cluster_majority"", ""passes_threshold"": true, ""candidate_status"": ""Accepted"", ""rejection_reason"": null, ""validation_record_status"": ""valid""}, {""row_index"": 273, ""target_field"": ""permit_type"", ""algorithm"": ""knn"", ""predicted_value"": ""Building Permit OTC"", ""confidence"": 0.8, ""prediction_source"": ""nearest_neighbors"", ""passes_threshold"": true, ""candidate_status"": ""Accepted"", ""rejection_reason"": null, ""validation_record_status"": ""valid""}]",
276,permit_type,Building Permit OTC,1,Building Permit OTC,0.7459768723622309,Accepted,unanimous_vote,association_rules,"[""association_rules"", ""clustering"", ""grouped_majority"", ""knn""]",4,4,4,4,0.0,valid,True,"[{""row_index"": 276, ""target_field"": ""permit_type"", ""algorithm"": ""grouped_majority"", ""predicted_value"": ""Building Permit OTC"", ""confidence"": 0.5693950177935944, ""prediction_source"": ""group_majority"", ""passes_threshold"": true, ""candidate_status"": ""Accepted"", ""rejection_reason"": null, ""validation_record_status"": ""valid""}, {""row_index"": 276, ""target_field"": ""permit_type"", ""algorithm"": ""association_rules"", ""predicted_value"": ""Building Permit OTC"", ""confidence"": 0.8367346938775511, ""prediction_source"": ""matched_rules"", ""passes_threshold"": true, ""candidate_status"": ""Accepted"", ""rejection_reason"": null, ""validation_record_status"": ""valid""}, {""row_index"": 276, ""target_field"": ""permit_type"", ""algorithm"": ""clustering"", ""predicted_value"": ""Building Permit OTC"", ""confidence"": 0.7777777777777778, ""prediction_source"": ""cluster_majority"", ""passes_threshold"": true, ""candidate_status"": ""Accepted"", ""rejection_reason"": null, ""validation_record_status"": ""valid""}, {""row_index"": 276, ""target_field"": ""permit_type"", ""algorithm"": ""knn"", ""predicted_value"": ""Building Permit OTC"", ""confidence"": 0.8, ""prediction_source"": ""nearest_neighbors"", ""passes_threshold"": true, ""candidate_status"": ""Accepted"", ""rejection_reason"": null, ""validation_record_status"": ""valid""}]",
282,permit_type,Building Permit OTC,1,Building Permit OTC,0.8129836750833193,Accepted,unanimous_vote,knn,"[""association_rules"", ""clustering"", ""grouped_majority"", ""knn""]",4,4,4,4,0.0,valid,True,"[{""row_index"": 282, ""target_field"": ""permit_type"", ""algorithm"": ""grouped_majority"", ""predicted_value"": ""Building Permit OTC"", ""confidence"": 0.5693950177935944, ""prediction_source"": ""group_majority"", ""passes_threshold"": true, ""candidate_status"": ""Accepted"", ""rejection_reason"": null, ""validation_record_status"": ""valid""}, {""row_index"": 282, ""target_field"": ""permit_type"", ""algorithm"": ""association_rules"", ""predicted_value"": ""Building Permit OTC"", ""confidence"": 0.9047619047619048, ""prediction_source"": ""matched_rules"", ""passes_threshold"": true, ""candidate_status"": ""Accepted"", ""rejection_reason"": null, ""validation_record_status"": ""valid""}, {""row_index"": 282, ""target_field"": ""permit_type"", ""algorithm"": ""clustering"", ""predicted_value"": ""Building Permit OTC"", ""confidence"": 0.7777777777777778, ""prediction_source"": ""cluster_majority"", ""passes_threshold"": true, ""candidate_status"": ""Accepted"", ""rejection_reason"": null, ""validation_record_status"": ""valid""}, {""row_index"": 282, ""target_field"": ""permit_type"", ""algorithm"": ""knn"", ""predicted_value"": ""Building Permit OTC"", ""confidence"": 1.0, ""prediction_source"": ""nearest_neighbors"", ""passes_threshold"": true, ""candidate_status"": ""Accepted"", ""rejection_reason"": null, ""validation_record_status"": ""valid""}]",
283,permit_type,Building Permit OTC,1,Building Permit OTC,0.9217171717171717,Accepted,unanimous_vote,association_rules,"[""association_rules"", ""clustering"", ""grouped_majority"", ""knn""]",4,4,4,4,0.0,valid,True,"[{""row_index"": 283, ""target_field"": ""permit_type"", ""algorithm"": ""grouped_majority"", ""predicted_value"": ""Building Permit OTC"", ""confidence"": 0.9090909090909091, ""prediction_source"": ""group_majority"", ""passes_threshold"": true, ""candidate_status"": ""Accepted"", ""rejection_reason"": null, ""validation_record_status"": ""valid""}, {""row_index"": 283, ""target_field"": ""permit_type"", ""algorithm"": ""association_rules"", ""predicted_value"": ""Building Permit OTC"", ""confidence"": 1.0, ""prediction_source"": ""matched_rules"", ""passes_threshold"": true, ""candidate_status"": ""Accepted"", ""rejection_reason"": null, ""validation_record_status"": ""valid""}, {""row_index"": 283, ""target_field"": ""permit_type"", ""algorithm"": ""clustering"", ""predicted_value"": ""Building Permit OTC"", ""confidence"": 0.7777777777777778, ""prediction_source"": ""cluster_majority"", ""passes_threshold"": true, ""candidate_status"": ""Accepted"", ""rejection_reason"": null, ""validation_record_status"": ""valid""}, {""row_index"": 283, ""target_field"": ""permit_type"", ""algorithm"": ""knn"", ""predicted_value"": ""Building Permit OTC"", ""confidence"": 1.0, ""prediction_source"": ""nearest_neighbors"", ""passes_threshold"": true, ""candidate_status"": ""Accepted"", ""rejection_reason"": null, ""validation_record_status"": ""valid""}]",
285,permit_type,Building Permit OTC,1,Building Permit OTC,0.836793198892843,Accepted,unanimous_vote,association_rules,"[""association_rules"", ""clustering"", ""grouped_majority"", ""knn""]",4,4,4,4,0.0,valid,True,"[{""row_index"": 285, ""target_field"": ""permit_type"", ""algorithm"": ""grouped_majority"", ""predicted_value"": ""Building Permit OTC"", ""confidence"": 0.5693950177935944, ""prediction_source"": ""group_majority"", ""passes_threshold"": true, ""candidate_status"": ""Accepted"", ""rejection_reason"": null, ""validation_record_status"": ""valid""}, {""row_index"": 285, ""target_field"": ""permit_type"", ""algorithm"": ""association_rules"", ""predicted_value"": ""Building Permit OTC"", ""confidence"": 1.0, ""prediction_source"": ""matched_rules"", ""passes_threshold"": true, ""candidate_status"": ""Accepted"", ""rejection_reason"": null, ""validation_record_status"": ""valid""}, {""row_index"": 285, ""target_field"": ""permit_type"", ""algorithm"": ""clustering"", ""predicted_value"": ""Building Permit OTC"", ""confidence"": 0.7777777777777778, ""prediction_source"": ""cluster_majority"", ""passes_threshold"": true, ""candidate_status"": ""Accepted"", ""rejection_reason"": null, ""validation_record_status"": ""valid""}, {""row_index"": 285, ""target_field"": ""permit_type"", ""algorithm"": ""knn"", ""predicted_value"": ""Building Permit OTC"", ""confidence"": 1.0, ""prediction_source"": ""nearest_neighbors"", ""passes_threshold"": true, ""candidate_status"": ""Accepted"", ""rejection_reason"": null, ""validation_record_status"": ""valid""}]",
288,permit_type,Building Permit OTC,1,Building Permit OTC,0.7973875141383211,Accepted,unanimous_vote,association_rules,"[""association_rules"", ""clustering"", ""grouped_majority"", ""knn""]",4,4,4,4,0.0,valid,True,"[{""row_index"": 288, ""target_field"": ""permit_type"", ""algorithm"": ""grouped_majority"", ""predicted_value"": ""Building Permit OTC"", ""confidence"": 0.5693950177935944, ""prediction_source"": ""group_majority"", ""passes_threshold"": true, ""candidate_status"": ""Accepted"", ""rejection_reason"": null, ""validation_record_status"": ""valid""}, {""row_index"": 288, ""target_field"": ""permit_type"", ""algorithm"": ""association_rules"", ""predicted_value"": ""Building Permit OTC"", ""confidence"": 1.0, ""prediction_source"": ""matched_rules"", ""passes_threshold"": true, ""candidate_status"": ""Accepted"", ""rejection_reason"": null, ""validation_record_status"": ""valid""}, {""row_index"": 288, ""target_field"": ""permit_type"", ""algorithm"": ""clustering"", ""predicted_value"": ""Building Permit OTC"", ""confidence"": 0.6201550387596899, ""prediction_source"": ""cluster_majority"", ""passes_threshold"": true, ""candidate_status"": ""Accepted"", ""rejection_reason"": null, ""validation_record_status"": ""valid""}, {""row_index"": 288, ""target_field"": ""permit_type"", ""algorithm"": ""knn"", ""predicted_value"": ""Building Permit OTC"", ""confidence"": 1.0, ""prediction_source"": ""nearest_neighbors"", ""passes_threshold"": true, ""candidate_status"": ""Accepted"", ""rejection_reason"": null, ""validation_record_status"": ""valid""}]",
290,permit_type,Building Permit OTC,1,,0.7846975088967971,Requires Review,average_confidence_tiebreak,knn,"[""grouped_majority"", ""knn""]",2,4,4,4,0.0,valid,False,"[{""row_index"": 290, ""target_field"": ""permit_type"", ""algorithm"": ""grouped_majority"", ""predicted_value"": ""Building Permit OTC"", ""confidence"": 0.5693950177935944, ""prediction_source"": ""group_majority"", ""passes_threshold"": true, ""candidate_status"": ""Accepted"", ""rejection_reason"": null, ""validation_record_status"": ""valid""}, {""row_index"": 290, ""target_field"": ""permit_type"", ""algorithm"": ""association_rules"", ""predicted_value"": ""Building - Full Plan Check"", ""confidence"": 0.5714285714285715, ""prediction_source"": ""matched_rules"", ""passes_threshold"": true, ""candidate_status"": ""Accepted"", ""rejection_reason"": null, ""validation_record_status"": ""valid""}, {""row_index"": 290, ""target_field"": ""permit_type"", ""algorithm"": ""clustering"", ""predicted_value"": ""Building - Full Plan Check"", ""confidence"": 0.3333333333333333, ""prediction_source"": ""cluster_majority"", ""passes_threshold"": true, ""candidate_status"": ""Accepted"", ""rejection_reason"": null, ""validation_record_status"": ""valid""}, {""row_index"": 290, ""target_field"": ""permit_type"", ""algorithm"": ""knn"", ""predicted_value"": ""Building Permit OTC"", ""confidence"": 1.0, ""prediction_source"": ""nearest_neighbors"", ""passes_threshold"": true, ""candidate_status"": ""Accepted"", ""rejection_reason"": null, ""validation_record_status"": ""valid""}]",
296,permit_type,Building Permit OTC,1,Building Permit OTC,0.9217171717171717,Accepted,unanimous_vote,association_rules,"[""association_rules"", ""clustering"", ""grouped_majority"", ""knn""]",4,4,4,4,0.0,valid,True,"[{""row_index"": 296, ""target_field"": ""permit_type"", ""algorithm"": ""grouped_majority"", ""predicted_value"": ""Building Permit OTC"", ""confidence"": 0.9090909090909091, ""prediction_source"": ""group_majority"", ""passes_threshold"": true, ""candidate_status"": ""Accepted"", ""rejection_reason"": null, ""validation_record_status"": ""valid""}, {""row_index"": 296, ""target_field"": ""permit_type"", ""algorithm"": ""association_rules"", ""predicted_value"": ""Building Permit OTC"", ""confidence"": 1.0, ""prediction_source"": ""matched_rules"", ""passes_threshold"": true, ""candidate_status"": ""Accepted"", ""rejection_reason"": null, ""validation_record_status"": ""valid""}, {""row_index"": 296, ""target_field"": ""permit_type"", ""algorithm"": ""clustering"", ""predicted_value"": ""Building Permit OTC"", ""confidence"": 0.7777777777777778, ""prediction_source"": ""cluster_majority"", ""passes_threshold"": true, ""candidate_status"": ""Accepted"", ""rejection_reason"": null, ""validation_record_status"": ""valid""}, {""row_index"": 296, ""target_field"": ""permit_type"", ""algorithm"": ""knn"", ""predicted_value"": ""Building Permit OTC"", ""confidence"": 1.0, ""prediction_source"": ""nearest_neighbors"", ""passes_threshold"": true, ""candidate_status"": ""Accepted"", ""rejection_reason"": null, ""validation_record_status"": ""valid""}]",
298,permit_type,Building Permit OTC,1,Building Permit OTC,0.7008758862313442,Accepted,unanimous_vote,association_rules,"[""association_rules"", ""clustering"", ""grouped_majority"", ""knn""]",4,4,4,4,0.0,valid,True,"[{""row_index"": 298, ""target_field"": ""permit_type"", ""algorithm"": ""grouped_majority"", ""predicted_value"": ""Building Permit OTC"", ""confidence"": 0.5693950177935944, ""prediction_source"": ""group_majority"", ""passes_threshold"": true, ""candidate_status"": ""Accepted"", ""rejection_reason"": null, ""validation_record_status"": ""valid""}, {""row_index"": 298, ""target_field"": ""permit_type"", ""algorithm"": ""association_rules"", ""predicted_value"": ""Building Permit OTC"", ""confidence"": 0.8139534883720931, ""prediction_source"": ""matched_rules"", ""passes_threshold"": true, ""candidate_status"": ""Accepted"", ""rejection_reason"": null, ""validation_record_status"": ""valid""}, {""row_index"": 298, ""target_field"": ""permit_type"", ""algorithm"": ""clustering"", ""predicted_value"": ""Building Permit OTC"", ""confidence"": 0.6201550387596899, ""prediction_source"": ""cluster_majority"", ""passes_threshold"": true, ""candidate_status"": ""Accepted"", ""rejection_reason"": null, ""validation_record_status"": ""valid""}, {""row_index"": 298, ""target_field"": ""permit_type"", ""algorithm"": ""knn"", ""predicted_value"": ""Building Permit OTC"", ""confidence"": 0.8, ""prediction_source"": ""nearest_neighbors"", ""passes_threshold"": true, ""candidate_status"": ""Accepted"", ""rejection_reason"": null, ""validation_record_status"": ""valid""}]",
303,permit_type,Building Permit OTC,1,Building - Full Plan Check,0.634920634920635,Accepted,majority_vote,knn,"[""association_rules"", ""clustering"", ""knn""]",3,4,4,4,0.0,valid,True,"[{""row_index"": 303, ""target_field"": ""permit_type"", ""algorithm"": ""grouped_majority"", ""predicted_value"": ""Building Permit OTC"", ""confidence"": 0.5693950177935944, ""prediction_source"": ""group_majority"", ""passes_threshold"": true, ""candidate_status"": ""Accepted"", ""rejection_reason"": null, ""validation_record_status"": ""valid""}, {""row_index"": 303, ""target_field"": ""permit_type"", ""algorithm"": ""association_rules"", ""predicted_value"": ""Building - Full Plan Check"", ""confidence"": 0.5714285714285715, ""prediction_source"": ""matched_rules"", ""passes_threshold"": true, ""candidate_status"": ""Accepted"", ""rejection_reason"": null, ""validation_record_status"": ""valid""}, {""row_index"": 303, ""target_field"": ""permit_type"", ""algorithm"": ""clustering"", ""predicted_value"": ""Building - Full Plan Check"", ""confidence"": 0.3333333333333333, ""prediction_source"": ""cluster_majority"", ""passes_threshold"": true, ""candidate_status"": ""Accepted"", ""rejection_reason"": null, ""validation_record_status"": ""valid""}, {""row_index"": 303, ""target_field"": ""permit_type"", ""algorithm"": ""knn"", ""predicted_value"": ""Building - Full Plan Check"", ""confidence"": 1.0, ""prediction_source"": ""nearest_neighbors"", ""passes_threshold"": true, ""candidate_status"": ""Accepted"", ""rejection_reason"": null, ""validation_record_status"": ""valid""}]",
304,permit_type,Building Permit OTC,1,Building Permit OTC,0.589575557677285,Accepted,majority_vote,association_rules,"[""association_rules"", ""grouped_majority""]",2,4,4,4,0.0,valid,True,"[{""row_index"": 304, ""target_field"": ""permit_type"", ""algorithm"": ""grouped_majority"", ""predicted_value"": ""Building Permit OTC"", ""confidence"": 0.5693950177935944, ""prediction_source"": ""group_majority"", ""passes_threshold"": true, ""candidate_status"": ""Accepted"", ""rejection_reason"": null, ""validation_record_status"": ""valid""}, {""row_index"": 304, ""target_field"": ""permit_type"", ""algorithm"": ""association_rules"", ""predicted_value"": ""Building Permit OTC"", ""confidence"": 0.6097560975609756, ""prediction_source"": ""matched_rules"", ""passes_threshold"": true, ""candidate_status"": ""Accepted"", ""rejection_reason"": null, ""validation_record_status"": ""valid""}, {""row_index"": 304, ""target_field"": ""permit_type"", ""algorithm"": ""clustering"", ""predicted_value"": ""Building - Full Plan Check"", ""confidence"": 0.3333333333333333, ""prediction_source"": ""cluster_majority"", ""passes_threshold"": true, ""candidate_status"": ""Accepted"", ""rejection_reason"": null, ""validation_record_status"": ""valid""}, {""row_index"": 304, ""target_field"": ""permit_type"", ""algorithm"": ""knn"", ""predicted_value"": ""Building - In House Plan Check"", ""confidence"": 0.6, ""prediction_source"": ""nearest_neighbors"", ""passes_threshold"": true, ""candidate_status"": ""Accepted"", ""rejection_reason"": null, ""validation_record_status"": ""valid""}]",
306,permit_type,Building Permit OTC,1,Building Permit OTC,0.6045367356430748,Accepted,majority_vote,association_rules,"[""association_rules"", ""clustering"", ""grouped_majority""]",3,4,4,4,0.0,valid,True,"[{""row_index"": 306, ""target_field"": ""permit_type"", ""algorithm"": ""grouped_majority"", ""predicted_value"": ""Building Permit OTC"", ""confidence"": 0.5693950177935944, ""prediction_source"": ""group_majority"", ""passes_threshold"": true, ""candidate_status"": ""Accepted"", ""rejection_reason"": null, ""validation_record_status"": ""valid""}, {""row_index"": 306, ""target_field"": ""permit_type"", ""algorithm"": ""association_rules"", ""predicted_value"": ""Building Permit OTC"", ""confidence"": 0.6240601503759399, ""prediction_source"": ""matched_rules"", ""passes_threshold"": true, ""candidate_status"": ""Accepted"", ""rejection_reason"": null, ""validation_record_status"": ""valid""}, {""row_index"": 306, ""target_field"": ""permit_type"", ""algorithm"": ""clustering"", ""predicted_value"": ""Building Permit OTC"", ""confidence"": 0.6201550387596899, ""prediction_source"": ""cluster_majority"", ""passes_threshold"": true, ""candidate_status"": ""Accepted"", ""rejection_reason"": null, ""validation_record_status"": ""valid""}, {""row_index"": 306, ""target_field"": ""permit_type"", ""algorithm"": ""knn"", ""predicted_value"": ""Building - In House Plan Check"", ""confidence"": 0.6, ""prediction_source"": ""nearest_neighbors"", ""passes_threshold"": true, ""candidate_status"": ""Accepted"", ""rejection_reason"": null, ""validation_record_status"": ""valid""}]",
312,permit_type,Electrical OTC,1,Electrical OTC,0.9966666666666667,Accepted,unanimous_vote,association_rules,"[""association_rules"", ""clustering"", ""grouped_majority"", ""knn""]",4,4,4,4,0.0,valid,True,"[{""row_index"": 312, ""target_field"": ""permit_type"", ""algorithm"": ""grouped_majority"", ""predicted_value"": ""Electrical OTC"", ""confidence"": 0.9866666666666667, ""prediction_source"": ""group_majority"", ""passes_threshold"": true, ""candidate_status"": ""Accepted"", ""rejection_reason"": null, ""validation_record_status"": ""valid""}, {""row_index"": 312, ""target_field"": ""permit_type"", ""algorithm"": ""association_rules"", ""predicted_value"": ""Electrical OTC"", ""confidence"": 1.0, ""prediction_source"": ""matched_rules"", ""passes_threshold"": true, ""candidate_status"": ""Accepted"", ""rejection_reason"": null, ""validation_record_status"": ""valid""}, {""row_index"": 312, ""target_field"": ""permit_type"", ""algorithm"": ""clustering"", ""predicted_value"": ""Electrical OTC"", ""confidence"": 1.0, ""prediction_source"": ""cluster_majority"", ""passes_threshold"": true, ""candidate_status"": ""Accepted"", ""rejection_reason"": null, ""validation_record_status"": ""valid""}, {""row_index"": 312, ""target_field"": ""permit_type"", ""algorithm"": ""knn"", ""predicted_value"": ""Electrical OTC"", ""confidence"": 1.0, ""prediction_source"": ""nearest_neighbors"", ""passes_threshold"": true, ""candidate_status"": ""Accepted"", ""rejection_reason"": null, ""validation_record_status"": ""valid""}]",
314,permit_type,Electrical OTC,1,Electrical OTC,0.9966666666666667,Accepted,unanimous_vote,association_rules,"[""association_rules"", ""clustering"", ""grouped_majority"", ""knn""]",4,4,4,4,0.0,valid,True,"[{""row_index"": 314, ""target_field"": ""permit_type"", ""algorithm"": ""grouped_majority"", ""predicted_value"": ""Electrical OTC"", ""confidence"": 0.9866666666666667, ""prediction_source"": ""group_majority"", ""passes_threshold"": true, ""candidate_status"": ""Accepted"", ""rejection_reason"": null, ""validation_record_status"": ""valid""}, {""row_index"": 314, ""target_field"": ""permit_type"", ""algorithm"": ""association_rules"", ""predicted_value"": ""Electrical OTC"", ""confidence"": 1.0, ""prediction_source"": ""matched_rules"", ""passes_threshold"": true, ""candidate_status"": ""Accepted"", ""rejection_reason"": null, ""validation_record_status"": ""valid""}, {""row_index"": 314, ""target_field"": ""permit_type"", ""algorithm"": ""clustering"", ""predicted_value"": ""Electrical OTC"", ""confidence"": 1.0, ""prediction_source"": ""cluster_majority"", ""passes_threshold"": true, ""candidate_status"": ""Accepted"", ""rejection_reason"": null, ""validation_record_status"": ""valid""}, {""row_index"": 314, ""target_field"": ""permit_type"", ""algorithm"": ""knn"", ""predicted_value"": ""Electrical OTC"", ""confidence"": 1.0, ""prediction_source"": ""nearest_neighbors"", ""passes_threshold"": true, ""candidate_status"": ""Accepted"", ""rejection_reason"": null, ""validation_record_status"": ""valid""}]",
317,permit_type,Electrical OTC,1,Electrical OTC,0.9891304347826086,Accepted,unanimous_vote,association_rules,"[""association_rules"", ""clustering"", ""grouped_majority"", ""knn""]",4,4,4,4,0.0,valid,True,"[{""row_index"": 317, ""target_field"": ""permit_type"", ""algorithm"": ""grouped_majority"", ""predicted_value"": ""Electrical OTC"", ""confidence"": 0.9565217391304348, ""prediction_source"": ""group_majority"", ""passes_threshold"": true, ""candidate_status"": ""Accepted"", ""rejection_reason"": null, ""validation_record_status"": ""valid""}, {""row_index"": 317, ""target_field"": ""permit_type"", ""algorithm"": ""association_rules"", ""predicted_value"": ""Electrical OTC"", ""confidence"": 1.0, ""prediction_source"": ""matched_rules"", ""passes_threshold"": true, ""candidate_status"": ""Accepted"", ""rejection_reason"": null, ""validation_record_status"": ""valid""}, {""row_index"": 317, ""target_field"": ""permit_type"", ""algorithm"": ""clustering"", ""predicted_value"": ""Electrical OTC"", ""confidence"": 1.0, ""prediction_source"": ""cluster_majority"", ""passes_threshold"": true, ""candidate_status"": ""Accepted"", ""rejection_reason"": null, ""validation_record_status"": ""valid""}, {""row_index"": 317, ""target_field"": ""permit_type"", ""algorithm"": ""knn"", ""predicted_value"": ""Electrical OTC"", ""confidence"": 1.0, ""prediction_source"": ""nearest_neighbors"", ""passes_threshold"": true, ""candidate_status"": ""Accepted"", ""rejection_reason"": null, ""validation_record_status"": ""valid""}]",
318,permit_type,Electrical OTC,1,Electrical OTC,0.8215384615384616,Accepted,unanimous_vote,association_rules,"[""association_rules"", ""clustering"", ""grouped_majority"", ""knn""]",4,4,4,4,0.0,valid,True,"[{""row_index"": 318, ""target_field"": ""permit_type"", ""algorithm"": ""grouped_majority"", ""predicted_value"": ""Electrical OTC"", ""confidence"": 0.9866666666666667, ""prediction_source"": ""group_majority"", ""passes_threshold"": true, ""candidate_status"": ""Accepted"", ""rejection_reason"": null, ""validation_record_status"": ""valid""}, {""row_index"": 318, ""target_field"": ""permit_type"", ""algorithm"": ""association_rules"", ""predicted_value"": ""Electrical OTC"", ""confidence"": 0.9866666666666667, ""prediction_source"": ""matched_rules"", ""passes_threshold"": true, ""candidate_status"": ""Accepted"", ""rejection_reason"": null, ""validation_record_status"": ""valid""}, {""row_index"": 318, ""target_field"": ""permit_type"", ""algorithm"": ""clustering"", ""predicted_value"": ""Electrical OTC"", ""confidence"": 0.5128205128205128, ""prediction_source"": ""cluster_majority"", ""passes_threshold"": true, ""candidate_status"": ""Accepted"", ""rejection_reason"": null, ""validation_record_status"": ""valid""}, {""row_index"": 318, ""target_field"": ""permit_type"", ""algorithm"": ""knn"", ""predicted_value"": ""Electrical OTC"", ""confidence"": 0.8, ""prediction_source"": ""nearest_neighbors"", ""passes_threshold"": true, ""candidate_status"": ""Accepted"", ""rejection_reason"": null, ""validation_record_status"": ""valid""}]",
320,permit_type,Electrical OTC,1,Electrical OTC,0.9966666666666667,Accepted,unanimous_vote,association_rules,"[""association_rules"", ""clustering"", ""grouped_majority"", ""knn""]",4,4,4,4,0.0,valid,True,"[{""row_index"": 320, ""target_field"": ""permit_type"", ""algorithm"": ""grouped_majority"", ""predicted_value"": ""Electrical OTC"", ""confidence"": 0.9866666666666667, ""prediction_source"": ""group_majority"", ""passes_threshold"": true, ""candidate_status"": ""Accepted"", ""rejection_reason"": null, ""validation_record_status"": ""valid""}, {""row_index"": 320, ""target_field"": ""permit_type"", ""algorithm"": ""association_rules"", ""predicted_value"": ""Electrical OTC"", ""confidence"": 1.0, ""prediction_source"": ""matched_rules"", ""passes_threshold"": true, ""candidate_status"": ""Accepted"", ""rejection_reason"": null, ""validation_record_status"": ""valid""}, {""row_index"": 320, ""target_field"": ""permit_type"", ""algorithm"": ""clustering"", ""predicted_value"": ""Electrical OTC"", ""confidence"": 1.0, ""prediction_source"": ""cluster_majority"", ""passes_threshold"": true, ""candidate_status"": ""Accepted"", ""rejection_reason"": null, ""validation_record_status"": ""valid""}, {""row_index"": 320, ""target_field"": ""permit_type"", ""algorithm"": ""knn"", ""predicted_value"": ""Electrical OTC"", ""confidence"": 1.0, ""prediction_source"": ""nearest_neighbors"", ""passes_threshold"": true, ""candidate_status"": ""Accepted"", ""rejection_reason"": null, ""validation_record_status"": ""valid""}]",
321,permit_type,Electrical OTC,1,Electrical OTC,0.9966666666666667,Accepted,unanimous_vote,association_rules,"[""association_rules"", ""clustering"", ""grouped_majority"", ""knn""]",4,4,4,4,0.0,valid,True,"[{""row_index"": 321, ""target_field"": ""permit_type"", ""algorithm"": ""grouped_majority"", ""predicted_value"": ""Electrical OTC"", ""confidence"": 0.9866666666666667, ""prediction_source"": ""group_majority"", ""passes_threshold"": true, ""candidate_status"": ""Accepted"", ""rejection_reason"": null, ""validation_record_status"": ""valid""}, {""row_index"": 321, ""target_field"": ""permit_type"", ""algorithm"": ""association_rules"", ""predicted_value"": ""Electrical OTC"", ""confidence"": 1.0, ""prediction_source"": ""matched_rules"", ""passes_threshold"": true, ""candidate_status"": ""Accepted"", ""rejection_reason"": null, ""validation_record_status"": ""valid""}, {""row_index"": 321, ""target_field"": ""permit_type"", ""algorithm"": ""clustering"", ""predicted_value"": ""Electrical OTC"", ""confidence"": 1.0, ""prediction_source"": ""cluster_majority"", ""passes_threshold"": true, ""candidate_status"": ""Accepted"", ""rejection_reason"": null, ""validation_record_status"": ""valid""}, {""row_index"": 321, ""target_field"": ""permit_type"", ""algorithm"": ""knn"", ""predicted_value"": ""Electrical OTC"", ""confidence"": 1.0, ""prediction_source"": ""nearest_neighbors"", ""passes_threshold"": true, ""candidate_status"": ""Accepted"", ""rejection_reason"": null, ""validation_record_status"": ""valid""}]",
323,permit_type,Electrical OTC,1,Electrical OTC,0.8748717948717949,Accepted,unanimous_vote,association_rules,"[""association_rules"", ""clustering"", ""grouped_majority"", ""knn""]",4,4,4,4,0.0,valid,True,"[{""row_index"": 323, ""target_field"": ""permit_type"", ""algorithm"": ""grouped_majority"", ""predicted_value"": ""Electrical OTC"", ""confidence"": 0.9866666666666667, ""prediction_source"": ""group_majority"", ""passes_threshold"": true, ""candidate_status"": ""Accepted"", ""rejection_reason"": null, ""validation_record_status"": ""valid""}, {""row_index"": 323, ""target_field"": ""permit_type"", ""algorithm"": ""association_rules"", ""predicted_value"": ""Electrical OTC"", ""confidence"": 1.0, ""prediction_source"": ""matched_rules"", ""passes_threshold"": true, ""candidate_status"": ""Accepted"", ""rejection_reason"": null, ""validation_record_status"": ""valid""}, {""row_index"": 323, ""target_field"": ""permit_type"", ""algorithm"": ""clustering"", ""predicted_value"": ""Electrical OTC"", ""confidence"": 0.5128205128205128, ""prediction_source"": ""cluster_majority"", ""passes_threshold"": true, ""candidate_status"": ""Accepted"", ""rejection_reason"": null, ""validation_record_status"": ""valid""}, {""row_index"": 323, ""target_field"": ""permit_type"", ""algorithm"": ""knn"", ""predicted_value"": ""Electrical OTC"", ""confidence"": 1.0, ""prediction_source"": ""nearest_neighbors"", ""passes_threshold"": true, ""candidate_status"": ""Accepted"", ""rejection_reason"": null, ""validation_record_status"": ""valid""}]",
324,permit_type,Electrical OTC,1,Electrical OTC,0.9966666666666667,Accepted,unanimous_vote,association_rules,"[""association_rules"", ""clustering"", ""grouped_majority"", ""knn""]",4,4,4,4,0.0,valid,True,"[{""row_index"": 324, ""target_field"": ""permit_type"", ""algorithm"": ""grouped_majority"", ""predicted_value"": ""Electrical OTC"", ""confidence"": 0.9866666666666667, ""prediction_source"": ""group_majority"", ""passes_threshold"": true, ""candidate_status"": ""Accepted"", ""rejection_reason"": null, ""validation_record_status"": ""valid""}, {""row_index"": 324, ""target_field"": ""permit_type"", ""algorithm"": ""association_rules"", ""predicted_value"": ""Electrical OTC"", ""confidence"": 1.0, ""prediction_source"": ""matched_rules"", ""passes_threshold"": true, ""candidate_status"": ""Accepted"", ""rejection_reason"": null, ""validation_record_status"": ""valid""}, {""row_index"": 324, ""target_field"": ""permit_type"", ""algorithm"": ""clustering"", ""predicted_value"": ""Electrical OTC"", ""confidence"": 1.0, ""prediction_source"": ""cluster_majority"", ""passes_threshold"": true, ""candidate_status"": ""Accepted"", ""rejection_reason"": null, ""validation_record_status"": ""valid""}, {""row_index"": 324, ""target_field"": ""permit_type"", ""algorithm"": ""knn"", ""predicted_value"": ""Electrical OTC"", ""confidence"": 1.0, ""prediction_source"": ""nearest_neighbors"", ""passes_threshold"": true, ""candidate_status"": ""Accepted"", ""rejection_reason"": null, ""validation_record_status"": ""valid""}]",
326,permit_type,Electrical OTC,1,Electrical OTC,0.8215384615384616,Accepted,unanimous_vote,association_rules,"[""association_rules"", ""clustering"", ""grouped_majority"", ""knn""]",4,4,4,4,0.0,valid,True,"[{""row_index"": 326, ""target_field"": ""permit_type"", ""algorithm"": ""grouped_majority"", ""predicted_value"": ""Electrical OTC"", ""confidence"": 0.9866666666666667, ""prediction_source"": ""group_majority"", ""passes_threshold"": true, ""candidate_status"": ""Accepted"", ""rejection_reason"": null, ""validation_record_status"": ""valid""}, {""row_index"": 326, ""target_field"": ""permit_type"", ""algorithm"": ""association_rules"", ""predicted_value"": ""Electrical OTC"", ""confidence"": 0.9866666666666667, ""prediction_source"": ""matched_rules"", ""passes_threshold"": true, ""candidate_status"": ""Accepted"", ""rejection_reason"": null, ""validation_record_status"": ""valid""}, {""row_index"": 326, ""target_field"": ""permit_type"", ""algorithm"": ""clustering"", ""predicted_value"": ""Electrical OTC"", ""confidence"": 0.5128205128205128, ""prediction_source"": ""cluster_majority"", ""passes_threshold"": true, ""candidate_status"": ""Accepted"", ""rejection_reason"": null, ""validation_record_status"": ""valid""}, {""row_index"": 326, ""target_field"": ""permit_type"", ""algorithm"": ""knn"", ""predicted_value"": ""Electrical OTC"", ""confidence"": 0.8, ""prediction_source"": ""nearest_neighbors"", ""passes_threshold"": true, ""candidate_status"": ""Accepted"", ""rejection_reason"": null, ""validation_record_status"": ""valid""}]",
328,permit_type,Electrical OTC,1,Electrical OTC,0.8748717948717949,Accepted,unanimous_vote,association_rules,"[""association_rules"", ""clustering"", ""grouped_majority"", ""knn""]",4,4,4,4,0.0,valid,True,"[{""row_index"": 328, ""target_field"": ""permit_type"", ""algorithm"": ""grouped_majority"", ""predicted_value"": ""Electrical OTC"", ""confidence"": 0.9866666666666667, ""prediction_source"": ""group_majority"", ""passes_threshold"": true, ""candidate_status"": ""Accepted"", ""rejection_reason"": null, ""validation_record_status"": ""valid""}, {""row_index"": 328, ""target_field"": ""permit_type"", ""algorithm"": ""association_rules"", ""predicted_value"": ""Electrical OTC"", ""confidence"": 1.0, ""prediction_source"": ""matched_rules"", ""passes_threshold"": true, ""candidate_status"": ""Accepted"", ""rejection_reason"": null, ""validation_record_status"": ""valid""}, {""row_index"": 328, ""target_field"": ""permit_type"", ""algorithm"": ""clustering"", ""predicted_value"": ""Electrical OTC"", ""confidence"": 0.5128205128205128, ""prediction_source"": ""cluster_majority"", ""passes_threshold"": true, ""candidate_status"": ""Accepted"", ""rejection_reason"": null, ""validation_record_status"": ""valid""}, {""row_index"": 328, ""target_field"": ""permit_type"", ""algorithm"": ""knn"", ""predicted_value"": ""Electrical OTC"", ""confidence"": 1.0, ""prediction_source"": ""nearest_neighbors"", ""passes_threshold"": true, ""candidate_status"": ""Accepted"", ""rejection_reason"": null, ""validation_record_status"": ""valid""}]",
329,permit_type,Electrical OTC,1,Electrical OTC,0.8748717948717949,Accepted,unanimous_vote,association_rules,"[""association_rules"", ""clustering"", ""grouped_majority"", ""knn""]",4,4,4,4,0.0,valid,True,"[{""row_index"": 329, ""target_field"": ""permit_type"", ""algorithm"": ""grouped_majority"", ""predicted_value"": ""Electrical OTC"", ""confidence"": 0.9866666666666667, ""prediction_source"": ""group_majority"", ""passes_threshold"": true, ""candidate_status"": ""Accepted"", ""rejection_reason"": null, ""validation_record_status"": ""valid""}, {""row_index"": 329, ""target_field"": ""permit_type"", ""algorithm"": ""association_rules"", ""predicted_value"": ""Electrical OTC"", ""confidence"": 1.0, ""prediction_source"": ""matched_rules"", ""passes_threshold"": true, ""candidate_status"": ""Accepted"", ""rejection_reason"": null, ""validation_record_status"": ""valid""}, {""row_index"": 329, ""target_field"": ""permit_type"", ""algorithm"": ""clustering"", ""predicted_value"": ""Electrical OTC"", ""confidence"": 0.5128205128205128, ""prediction_source"": ""cluster_majority"", ""passes_threshold"": true, ""candidate_status"": ""Accepted"", ""rejection_reason"": null, ""validation_record_status"": ""valid""}, {""row_index"": 329, ""target_field"": ""permit_type"", ""algorithm"": ""knn"", ""predicted_value"": ""Electrical OTC"", ""confidence"": 1.0, ""prediction_source"": ""nearest_neighbors"", ""passes_threshold"": true, ""candidate_status"": ""Accepted"", ""rejection_reason"": null, ""validation_record_status"": ""valid""}]",
330,permit_type,Electrical OTC,1,Electrical OTC,0.9955555555555556,Accepted,majority_vote,association_rules,"[""association_rules"", ""grouped_majority"", ""knn""]",3,4,4,4,0.0,valid,True,"[{""row_index"": 330, ""target_field"": ""permit_type"", ""algorithm"": ""grouped_majority"", ""predicted_value"": ""Electrical OTC"", ""confidence"": 0.9866666666666667, ""prediction_source"": ""group_majority"", ""passes_threshold"": true, ""candidate_status"": ""Accepted"", ""rejection_reason"": null, ""validation_record_status"": ""valid""}, {""row_index"": 330, ""target_field"": ""permit_type"", ""algorithm"": ""association_rules"", ""predicted_value"": ""Electrical OTC"", ""confidence"": 1.0, ""prediction_source"": ""matched_rules"", ""passes_threshold"": true, ""candidate_status"": ""Accepted"", ""rejection_reason"": null, ""validation_record_status"": ""valid""}, {""row_index"": 330, ""target_field"": ""permit_type"", ""algorithm"": ""clustering"", ""predicted_value"": ""Building - Full Plan Check"", ""confidence"": 0.3333333333333333, ""prediction_source"": ""cluster_majority"", ""passes_threshold"": true, ""candidate_status"": ""Accepted"", ""rejection_reason"": null, ""validation_record_status"": ""valid""}, {""row_index"": 330, ""target_field"": ""permit_type"", ""algorithm"": ""knn"", ""predicted_value"": ""Electrical OTC"", ""confidence"": 1.0, ""prediction_source"": ""nearest_neighbors"", ""passes_threshold"": true, ""candidate_status"": ""Accepted"", ""rejection_reason"": null, ""validation_record_status"": ""valid""}]",
333,permit_type,Electrical OTC,1,Electrical OTC,0.9966666666666667,Accepted,unanimous_vote,association_rules,"[""association_rules"", ""clustering"", ""grouped_majority"", ""knn""]",4,4,4,4,0.0,valid,True,"[{""row_index"": 333, ""target_field"": ""permit_type"", ""algorithm"": ""grouped_majority"", ""predicted_value"": ""Electrical OTC"", ""confidence"": 0.9866666666666667, ""prediction_source"": ""group_majority"", ""passes_threshold"": true, ""candidate_status"": ""Accepted"", ""rejection_reason"": null, ""validation_record_status"": ""valid""}, {""row_index"": 333, ""target_field"": ""permit_type"", ""algorithm"": ""association_rules"", ""predicted_value"": ""Electrical OTC"", ""confidence"": 1.0, ""prediction_source"": ""matched_rules"", ""passes_threshold"": true, ""candidate_status"": ""Accepted"", ""rejection_reason"": null, ""validation_record_status"": ""valid""}, {""row_index"": 333, ""target_field"": ""permit_type"", ""algorithm"": ""clustering"", ""predicted_value"": ""Electrical OTC"", ""confidence"": 1.0, ""prediction_source"": ""cluster_majority"", ""passes_threshold"": true, ""candidate_status"": ""Accepted"", ""rejection_reason"": null, ""validation_record_status"": ""valid""}, {""row_index"": 333, ""target_field"": ""permit_type"", ""algorithm"": ""knn"", ""predicted_value"": ""Electrical OTC"", ""confidence"": 1.0, ""prediction_source"": ""nearest_neighbors"", ""passes_threshold"": true, ""candidate_status"": ""Accepted"", ""rejection_reason"": null, ""validation_record_status"": ""valid""}]",
338,permit_type,Electrical OTC,1,Electrical OTC,0.8748717948717949,Accepted,unanimous_vote,association_rules,"[""association_rules"", ""clustering"", ""grouped_majority"", ""knn""]",4,4,4,4,0.0,valid,True,"[{""row_index"": 338, ""target_field"": ""permit_type"", ""algorithm"": ""grouped_majority"", ""predicted_value"": ""Electrical OTC"", ""confidence"": 0.9866666666666667, ""prediction_source"": ""group_majority"", ""passes_threshold"": true, ""candidate_status"": ""Accepted"", ""rejection_reason"": null, ""validation_record_status"": ""valid""}, {""row_index"": 338, ""target_field"": ""permit_type"", ""algorithm"": ""association_rules"", ""predicted_value"": ""Electrical OTC"", ""confidence"": 1.0, ""prediction_source"": ""matched_rules"", ""passes_threshold"": true, ""candidate_status"": ""Accepted"", ""rejection_reason"": null, ""validation_record_status"": ""valid""}, {""row_index"": 338, ""target_field"": ""permit_type"", ""algorithm"": ""clustering"", ""predicted_value"": ""Electrical OTC"", ""confidence"": 0.5128205128205128, ""prediction_source"": ""cluster_majority"", ""passes_threshold"": true, ""candidate_status"": ""Accepted"", ""rejection_reason"": null, ""validation_record_status"": ""valid""}, {""row_index"": 338, ""target_field"": ""permit_type"", ""algorithm"": ""knn"", ""predicted_value"": ""Electrical OTC"", ""confidence"": 1.0, ""prediction_source"": ""nearest_neighbors"", ""passes_threshold"": true, ""candidate_status"": ""Accepted"", ""rejection_reason"": null, ""validation_record_status"": ""valid""}]",
340,permit_type,Mechanical OTC,1,Mechanical OTC,0.9940036257146841,Accepted,unanimous_vote,association_rules,"[""association_rules"", ""clustering"", ""grouped_majority"", ""knn""]",4,4,4,4,0.0,valid,True,"[{""row_index"": 340, ""target_field"": ""permit_type"", ""algorithm"": ""grouped_majority"", ""predicted_value"": ""Mechanical OTC"", ""confidence"": 0.9900990099009901, ""prediction_source"": ""group_majority"", ""passes_threshold"": true, ""candidate_status"": ""Accepted"", ""rejection_reason"": null, ""validation_record_status"": ""valid""}, {""row_index"": 340, ""target_field"": ""permit_type"", ""algorithm"": ""association_rules"", ""predicted_value"": ""Mechanical OTC"", ""confidence"": 1.0, ""prediction_source"": ""matched_rules"", ""passes_threshold"": true, ""candidate_status"": ""Accepted"", ""rejection_reason"": null, ""validation_record_status"": ""valid""}, {""row_index"": 340, ""target_field"": ""permit_type"", ""algorithm"": ""clustering"", ""predicted_value"": ""Mechanical OTC"", ""confidence"": 0.9859154929577465, ""prediction_source"": ""cluster_majority"", ""passes_threshold"": true, ""candidate_status"": ""Accepted"", ""rejection_reason"": null, ""validation_record_status"": ""valid""}, {""row_index"": 340, ""target_field"": ""permit_type"", ""algorithm"": ""knn"", ""predicted_value"": ""Mechanical OTC"", ""confidence"": 1.0, ""prediction_source"": ""nearest_neighbors"", ""passes_threshold"": true, ""candidate_status"": ""Accepted"", ""rejection_reason"": null, ""validation_record_status"": ""valid""}]",
341,permit_type,Mechanical OTC,1,Mechanical OTC,0.9940036257146841,Accepted,unanimous_vote,association_rules,"[""association_rules"", ""clustering"", ""grouped_majority"", ""knn""]",4,4,4,4,0.0,valid,True,"[{""row_index"": 341, ""target_field"": ""permit_type"", ""algorithm"": ""grouped_majority"", ""predicted_value"": ""Mechanical OTC"", ""confidence"": 0.9900990099009901, ""prediction_source"": ""group_majority"", ""passes_threshold"": true, ""candidate_status"": ""Accepted"", ""rejection_reason"": null, ""validation_record_status"": ""valid""}, {""row_index"": 341, ""target_field"": ""permit_type"", ""algorithm"": ""association_rules"", ""predicted_value"": ""Mechanical OTC"", ""confidence"": 1.0, ""prediction_source"": ""matched_rules"", ""passes_threshold"": true, ""candidate_status"": ""Accepted"", ""rejection_reason"": null, ""validation_record_status"": ""valid""}, {""row_index"": 341, ""target_field"": ""permit_type"", ""algorithm"": ""clustering"", ""predicted_value"": ""Mechanical OTC"", ""confidence"": 0.9859154929577465, ""prediction_source"": ""cluster_majority"", ""passes_threshold"": true, ""candidate_status"": ""Accepted"", ""rejection_reason"": null, ""validation_record_status"": ""valid""}, {""row_index"": 341, ""target_field"": ""permit_type"", ""algorithm"": ""knn"", ""predicted_value"": ""Mechanical OTC"", ""confidence"": 1.0, ""prediction_source"": ""nearest_neighbors"", ""passes_threshold"": true, ""candidate_status"": ""Accepted"", ""rejection_reason"": null, ""validation_record_status"": ""valid""}]",
344,permit_type,Mechanical OTC,1,Mechanical OTC,0.9966996699669967,Accepted,majority_vote,association_rules,"[""association_rules"", ""grouped_majority"", ""knn""]",3,4,4,4,0.0,valid,True,"[{""row_index"": 344, ""target_field"": ""permit_type"", ""algorithm"": ""grouped_majority"", ""predicted_value"": ""Mechanical OTC"", ""confidence"": 0.9900990099009901, ""prediction_source"": ""group_majority"", ""passes_threshold"": true, ""candidate_status"": ""Accepted"", ""rejection_reason"": null, ""validation_record_status"": ""valid""}, {""row_index"": 344, ""target_field"": ""permit_type"", ""algorithm"": ""association_rules"", ""predicted_value"": ""Mechanical OTC"", ""confidence"": 1.0, ""prediction_source"": ""matched_rules"", ""passes_threshold"": true, ""candidate_status"": ""Accepted"", ""rejection_reason"": null, ""validation_record_status"": ""valid""}, {""row_index"": 344, ""target_field"": ""permit_type"", ""algorithm"": ""clustering"", ""predicted_value"": ""Electrical OTC"", ""confidence"": 0.5128205128205128, ""prediction_source"": ""cluster_majority"", ""passes_threshold"": true, ""candidate_status"": ""Accepted"", ""rejection_reason"": null, ""validation_record_status"": ""valid""}, {""row_index"": 344, ""target_field"": ""permit_type"", ""algorithm"": ""knn"", ""predicted_value"": ""Mechanical OTC"", ""confidence"": 1.0, ""prediction_source"": ""nearest_neighbors"", ""passes_threshold"": true, ""candidate_status"": ""Accepted"", ""rejection_reason"": null, ""validation_record_status"": ""valid""}]",
345,permit_type,Mechanical OTC,1,Mechanical OTC,0.9940036257146841,Accepted,unanimous_vote,association_rules,"[""association_rules"", ""clustering"", ""grouped_majority"", ""knn""]",4,4,4,4,0.0,valid,True,"[{""row_index"": 345, ""target_field"": ""permit_type"", ""algorithm"": ""grouped_majority"", ""predicted_value"": ""Mechanical OTC"", ""confidence"": 0.9900990099009901, ""prediction_source"": ""group_majority"", ""passes_threshold"": true, ""candidate_status"": ""Accepted"", ""rejection_reason"": null, ""validation_record_status"": ""valid""}, {""row_index"": 345, ""target_field"": ""permit_type"", ""algorithm"": ""association_rules"", ""predicted_value"": ""Mechanical OTC"", ""confidence"": 1.0, ""prediction_source"": ""matched_rules"", ""passes_threshold"": true, ""candidate_status"": ""Accepted"", ""rejection_reason"": null, ""validation_record_status"": ""valid""}, {""row_index"": 345, ""target_field"": ""permit_type"", ""algorithm"": ""clustering"", ""predicted_value"": ""Mechanical OTC"", ""confidence"": 0.9859154929577465, ""prediction_source"": ""cluster_majority"", ""passes_threshold"": true, ""candidate_status"": ""Accepted"", ""rejection_reason"": null, ""validation_record_status"": ""valid""}, {""row_index"": 345, ""target_field"": ""permit_type"", ""algorithm"": ""knn"", ""predicted_value"": ""Mechanical OTC"", ""confidence"": 1.0, ""prediction_source"": ""nearest_neighbors"", ""passes_threshold"": true, ""candidate_status"": ""Accepted"", ""rejection_reason"": null, ""validation_record_status"": ""valid""}]",
348,permit_type,Mechanical OTC,1,Mechanical OTC,0.9940036257146841,Accepted,unanimous_vote,association_rules,"[""association_rules"", ""clustering"", ""grouped_majority"", ""knn""]",4,4,4,4,0.0,valid,True,"[{""row_index"": 348, ""target_field"": ""permit_type"", ""algorithm"": ""grouped_majority"", ""predicted_value"": ""Mechanical OTC"", ""confidence"": 0.9900990099009901, ""prediction_source"": ""group_majority"", ""passes_threshold"": true, ""candidate_status"": ""Accepted"", ""rejection_reason"": null, ""validation_record_status"": ""valid""}, {""row_index"": 348, ""target_field"": ""permit_type"", ""algorithm"": ""association_rules"", ""predicted_value"": ""Mechanical OTC"", ""confidence"": 1.0, ""prediction_source"": ""matched_rules"", ""passes_threshold"": true, ""candidate_status"": ""Accepted"", ""rejection_reason"": null, ""validation_record_status"": ""valid""}, {""row_index"": 348, ""target_field"": ""permit_type"", ""algorithm"": ""clustering"", ""predicted_value"": ""Mechanical OTC"", ""confidence"": 0.9859154929577465, ""prediction_source"": ""cluster_majority"", ""passes_threshold"": true, ""candidate_status"": ""Accepted"", ""rejection_reason"": null, ""validation_record_status"": ""valid""}, {""row_index"": 348, ""target_field"": ""permit_type"", ""algorithm"": ""knn"", ""predicted_value"": ""Mechanical OTC"", ""confidence"": 1.0, ""prediction_source"": ""nearest_neighbors"", ""passes_threshold"": true, ""candidate_status"": ""Accepted"", ""rejection_reason"": null, ""validation_record_status"": ""valid""}]",
350,permit_type,Mechanical OTC,1,Mechanical OTC,0.9916451351486464,Accepted,unanimous_vote,knn,"[""association_rules"", ""clustering"", ""grouped_majority"", ""knn""]",4,4,4,4,0.0,valid,True,"[{""row_index"": 350, ""target_field"": ""permit_type"", ""algorithm"": ""grouped_majority"", ""predicted_value"": ""Mechanical OTC"", ""confidence"": 0.9900990099009901, ""prediction_source"": ""group_majority"", ""passes_threshold"": true, ""candidate_status"": ""Accepted"", ""rejection_reason"": null, ""validation_record_status"": ""valid""}, {""row_index"": 350, ""target_field"": ""permit_type"", ""algorithm"": ""association_rules"", ""predicted_value"": ""Mechanical OTC"", ""confidence"": 0.9905660377358491, ""prediction_source"": ""matched_rules"", ""passes_threshold"": true, ""candidate_status"": ""Accepted"", ""rejection_reason"": null, ""validation_record_status"": ""valid""}, {""row_index"": 350, ""target_field"": ""permit_type"", ""algorithm"": ""clustering"", ""predicted_value"": ""Mechanical OTC"", ""confidence"": 0.9859154929577465, ""prediction_source"": ""cluster_majority"", ""passes_threshold"": true, ""candidate_status"": ""Accepted"", ""rejection_reason"": null, ""validation_record_status"": ""valid""}, {""row_index"": 350, ""target_field"": ""permit_type"", ""algorithm"": ""knn"", ""predicted_value"": ""Mechanical OTC"", ""confidence"": 1.0, ""prediction_source"": ""nearest_neighbors"", ""passes_threshold"": true, ""candidate_status"": ""Accepted"", ""rejection_reason"": null, ""validation_record_status"": ""valid""}]",
354,permit_type,Mechanical OTC,1,Mechanical OTC,0.9966996699669967,Accepted,majority_vote,association_rules,"[""association_rules"", ""grouped_majority"", ""knn""]",3,4,4,4,0.0,valid,True,"[{""row_index"": 354, ""target_field"": ""permit_type"", ""algorithm"": ""grouped_majority"", ""predicted_value"": ""Mechanical OTC"", ""confidence"": 0.9900990099009901, ""prediction_source"": ""group_majority"", ""passes_threshold"": true, ""candidate_status"": ""Accepted"", ""rejection_reason"": null, ""validation_record_status"": ""valid""}, {""row_index"": 354, ""target_field"": ""permit_type"", ""algorithm"": ""association_rules"", ""predicted_value"": ""Mechanical OTC"", ""confidence"": 1.0, ""prediction_source"": ""matched_rules"", ""passes_threshold"": true, ""candidate_status"": ""Accepted"", ""rejection_reason"": null, ""validation_record_status"": ""valid""}, {""row_index"": 354, ""target_field"": ""permit_type"", ""algorithm"": ""clustering"", ""predicted_value"": ""Electrical OTC"", ""confidence"": 0.5128205128205128, ""prediction_source"": ""cluster_majority"", ""passes_threshold"": true, ""candidate_status"": ""Accepted"", ""rejection_reason"": null, ""validation_record_status"": ""valid""}, {""row_index"": 354, ""target_field"": ""permit_type"", ""algorithm"": ""knn"", ""predicted_value"": ""Mechanical OTC"", ""confidence"": 1.0, ""prediction_source"": ""nearest_neighbors"", ""passes_threshold"": true, ""candidate_status"": ""Accepted"", ""rejection_reason"": null, ""validation_record_status"": ""valid""}]",
356,permit_type,Mechanical OTC,1,Mechanical OTC,0.9940036257146841,Accepted,unanimous_vote,association_rules,"[""association_rules"", ""clustering"", ""grouped_majority"", ""knn""]",4,4,4,4,0.0,valid,True,"[{""row_index"": 356, ""target_field"": ""permit_type"", ""algorithm"": ""grouped_majority"", ""predicted_value"": ""Mechanical OTC"", ""confidence"": 0.9900990099009901, ""prediction_source"": ""group_majority"", ""passes_threshold"": true, ""candidate_status"": ""Accepted"", ""rejection_reason"": null, ""validation_record_status"": ""valid""}, {""row_index"": 356, ""target_field"": ""permit_type"", ""algorithm"": ""association_rules"", ""predicted_value"": ""Mechanical OTC"", ""confidence"": 1.0, ""prediction_source"": ""matched_rules"", ""passes_threshold"": true, ""candidate_status"": ""Accepted"", ""rejection_reason"": null, ""validation_record_status"": ""valid""}, {""row_index"": 356, ""target_field"": ""permit_type"", ""algorithm"": ""clustering"", ""predicted_value"": ""Mechanical OTC"", ""confidence"": 0.9859154929577465, ""prediction_source"": ""cluster_majority"", ""passes_threshold"": true, ""candidate_status"": ""Accepted"", ""rejection_reason"": null, ""validation_record_status"": ""valid""}, {""row_index"": 356, ""target_field"": ""permit_type"", ""algorithm"": ""knn"", ""predicted_value"": ""Mechanical OTC"", ""confidence"": 1.0, ""prediction_source"": ""nearest_neighbors"", ""passes_threshold"": true, ""candidate_status"": ""Accepted"", ""rejection_reason"": null, ""validation_record_status"": ""valid""}]",
357,permit_type,Mechanical OTC,1,Mechanical OTC,0.93003300330033,Accepted,majority_vote,association_rules,"[""association_rules"", ""grouped_majority"", ""knn""]",3,4,4,4,0.0,valid,True,"[{""row_index"": 357, ""target_field"": ""permit_type"", ""algorithm"": ""grouped_majority"", ""predicted_value"": ""Mechanical OTC"", ""confidence"": 0.9900990099009901, ""prediction_source"": ""group_majority"", ""passes_threshold"": true, ""candidate_status"": ""Accepted"", ""rejection_reason"": null, ""validation_record_status"": ""valid""}, {""row_index"": 357, ""target_field"": ""permit_type"", ""algorithm"": ""association_rules"", ""predicted_value"": ""Mechanical OTC"", ""confidence"": 1.0, ""prediction_source"": ""matched_rules"", ""passes_threshold"": true, ""candidate_status"": ""Accepted"", ""rejection_reason"": null, ""validation_record_status"": ""valid""}, {""row_index"": 357, ""target_field"": ""permit_type"", ""algorithm"": ""clustering"", ""predicted_value"": ""Electrical OTC"", ""confidence"": 0.5128205128205128, ""prediction_source"": ""cluster_majority"", ""passes_threshold"": true, ""candidate_status"": ""Accepted"", ""rejection_reason"": null, ""validation_record_status"": ""valid""}, {""row_index"": 357, ""target_field"": ""permit_type"", ""algorithm"": ""knn"", ""predicted_value"": ""Mechanical OTC"", ""confidence"": 0.8, ""prediction_source"": ""nearest_neighbors"", ""passes_threshold"": true, ""candidate_status"": ""Accepted"", ""rejection_reason"": null, ""validation_record_status"": ""valid""}]",
361,permit_type,Mechanical OTC,1,Mechanical OTC,0.9966996699669967,Accepted,majority_vote,association_rules,"[""association_rules"", ""grouped_majority"", ""knn""]",3,4,4,4,0.0,valid,True,"[{""row_index"": 361, ""target_field"": ""permit_type"", ""algorithm"": ""grouped_majority"", ""predicted_value"": ""Mechanical OTC"", ""confidence"": 0.9900990099009901, ""prediction_source"": ""group_majority"", ""passes_threshold"": true, ""candidate_status"": ""Accepted"", ""rejection_reason"": null, ""validation_record_status"": ""valid""}, {""row_index"": 361, ""target_field"": ""permit_type"", ""algorithm"": ""association_rules"", ""predicted_value"": ""Mechanical OTC"", ""confidence"": 1.0, ""prediction_source"": ""matched_rules"", ""passes_threshold"": true, ""candidate_status"": ""Accepted"", ""rejection_reason"": null, ""validation_record_status"": ""valid""}, {""row_index"": 361, ""target_field"": ""permit_type"", ""algorithm"": ""clustering"", ""predicted_value"": ""Electrical OTC"", ""confidence"": 0.5128205128205128, ""prediction_source"": ""cluster_majority"", ""passes_threshold"": true, ""candidate_status"": ""Accepted"", ""rejection_reason"": null, ""validation_record_status"": ""valid""}, {""row_index"": 361, ""target_field"": ""permit_type"", ""algorithm"": ""knn"", ""predicted_value"": ""Mechanical OTC"", ""confidence"": 1.0, ""prediction_source"": ""nearest_neighbors"", ""passes_threshold"": true, ""candidate_status"": ""Accepted"", ""rejection_reason"": null, ""validation_record_status"": ""valid""}]",
363,permit_type,Plumbing OTC,1,Plumbing OTC,0.997093023255814,Accepted,unanimous_vote,association_rules,"[""association_rules"", ""clustering"", ""grouped_majority"", ""knn""]",4,4,4,4,0.0,valid,True,"[{""row_index"": 363, ""target_field"": ""permit_type"", ""algorithm"": ""grouped_majority"", ""predicted_value"": ""Plumbing OTC"", ""confidence"": 0.9883720930232558, ""prediction_source"": ""group_majority"", ""passes_threshold"": true, ""candidate_status"": ""Accepted"", ""rejection_reason"": null, ""validation_record_status"": ""valid""}, {""row_index"": 363, ""target_field"": ""permit_type"", ""algorithm"": ""association_rules"", ""predicted_value"": ""Plumbing OTC"", ""confidence"": 1.0, ""prediction_source"": ""matched_rules"", ""passes_threshold"": true, ""candidate_status"": ""Accepted"", ""rejection_reason"": null, ""validation_record_status"": ""valid""}, {""row_index"": 363, ""target_field"": ""permit_type"", ""algorithm"": ""clustering"", ""predicted_value"": ""Plumbing OTC"", ""confidence"": 1.0, ""prediction_source"": ""cluster_majority"", ""passes_threshold"": true, ""candidate_status"": ""Accepted"", ""rejection_reason"": null, ""validation_record_status"": ""valid""}, {""row_index"": 363, ""target_field"": ""permit_type"", ""algorithm"": ""knn"", ""predicted_value"": ""Plumbing OTC"", ""confidence"": 1.0, ""prediction_source"": ""nearest_neighbors"", ""passes_threshold"": true, ""candidate_status"": ""Accepted"", ""rejection_reason"": null, ""validation_record_status"": ""valid""}]",
365,permit_type,Plumbing OTC,1,Plumbing OTC,0.997093023255814,Accepted,unanimous_vote,association_rules,"[""association_rules"", ""clustering"", ""grouped_majority"", ""knn""]",4,4,4,4,0.0,valid,True,"[{""row_index"": 365, ""target_field"": ""permit_type"", ""algorithm"": ""grouped_majority"", ""predicted_value"": ""Plumbing OTC"", ""confidence"": 0.9883720930232558, ""prediction_source"": ""group_majority"", ""passes_threshold"": true, ""candidate_status"": ""Accepted"", ""rejection_reason"": null, ""validation_record_status"": ""valid""}, {""row_index"": 365, ""target_field"": ""permit_type"", ""algorithm"": ""association_rules"", ""predicted_value"": ""Plumbing OTC"", ""confidence"": 1.0, ""prediction_source"": ""matched_rules"", ""passes_threshold"": true, ""candidate_status"": ""Accepted"", ""rejection_reason"": null, ""validation_record_status"": ""valid""}, {""row_index"": 365, ""target_field"": ""permit_type"", ""algorithm"": ""clustering"", ""predicted_value"": ""Plumbing OTC"", ""confidence"": 1.0, ""prediction_source"": ""cluster_majority"", ""passes_threshold"": true, ""candidate_status"": ""Accepted"", ""rejection_reason"": null, ""validation_record_status"": ""valid""}, {""row_index"": 365, ""target_field"": ""permit_type"", ""algorithm"": ""knn"", ""predicted_value"": ""Plumbing OTC"", ""confidence"": 1.0, ""prediction_source"": ""nearest_neighbors"", ""passes_threshold"": true, ""candidate_status"": ""Accepted"", ""rejection_reason"": null, ""validation_record_status"": ""valid""}]",
366,permit_type,Plumbing OTC,1,Plumbing OTC,0.997093023255814,Accepted,unanimous_vote,association_rules,"[""association_rules"", ""clustering"", ""grouped_majority"", ""knn""]",4,4,4,4,0.0,valid,True,"[{""row_index"": 366, ""target_field"": ""permit_type"", ""algorithm"": ""grouped_majority"", ""predicted_value"": ""Plumbing OTC"", ""confidence"": 0.9883720930232558, ""prediction_source"": ""group_majority"", ""passes_threshold"": true, ""candidate_status"": ""Accepted"", ""rejection_reason"": null, ""validation_record_status"": ""valid""}, {""row_index"": 366, ""target_field"": ""permit_type"", ""algorithm"": ""association_rules"", ""predicted_value"": ""Plumbing OTC"", ""confidence"": 1.0, ""prediction_source"": ""matched_rules"", ""passes_threshold"": true, ""candidate_status"": ""Accepted"", ""rejection_reason"": null, ""validation_record_status"": ""valid""}, {""row_index"": 366, ""target_field"": ""permit_type"", ""algorithm"": ""clustering"", ""predicted_value"": ""Plumbing OTC"", ""confidence"": 1.0, ""prediction_source"": ""cluster_majority"", ""passes_threshold"": true, ""candidate_status"": ""Accepted"", ""rejection_reason"": null, ""validation_record_status"": ""valid""}, {""row_index"": 366, ""target_field"": ""permit_type"", ""algorithm"": ""knn"", ""predicted_value"": ""Plumbing OTC"", ""confidence"": 1.0, ""prediction_source"": ""nearest_neighbors"", ""passes_threshold"": true, ""candidate_status"": ""Accepted"", ""rejection_reason"": null, ""validation_record_status"": ""valid""}]",
367,permit_type,Plumbing OTC,1,Plumbing OTC,0.997093023255814,Accepted,unanimous_vote,association_rules,"[""association_rules"", ""clustering"", ""grouped_majority"", ""knn""]",4,4,4,4,0.0,valid,True,"[{""row_index"": 367, ""target_field"": ""permit_type"", ""algorithm"": ""grouped_majority"", ""predicted_value"": ""Plumbing OTC"", ""confidence"": 0.9883720930232558, ""prediction_source"": ""group_majority"", ""passes_threshold"": true, ""candidate_status"": ""Accepted"", ""rejection_reason"": null, ""validation_record_status"": ""valid""}, {""row_index"": 367, ""target_field"": ""permit_type"", ""algorithm"": ""association_rules"", ""predicted_value"": ""Plumbing OTC"", ""confidence"": 1.0, ""prediction_source"": ""matched_rules"", ""passes_threshold"": true, ""candidate_status"": ""Accepted"", ""rejection_reason"": null, ""validation_record_status"": ""valid""}, {""row_index"": 367, ""target_field"": ""permit_type"", ""algorithm"": ""clustering"", ""predicted_value"": ""Plumbing OTC"", ""confidence"": 1.0, ""prediction_source"": ""cluster_majority"", ""passes_threshold"": true, ""candidate_status"": ""Accepted"", ""rejection_reason"": null, ""validation_record_status"": ""valid""}, {""row_index"": 367, ""target_field"": ""permit_type"", ""algorithm"": ""knn"", ""predicted_value"": ""Plumbing OTC"", ""confidence"": 1.0, ""prediction_source"": ""nearest_neighbors"", ""passes_threshold"": true, ""candidate_status"": ""Accepted"", ""rejection_reason"": null, ""validation_record_status"": ""valid""}]",
369,permit_type,Plumbing OTC,1,Plumbing OTC,0.997093023255814,Accepted,unanimous_vote,association_rules,"[""association_rules"", ""clustering"", ""grouped_majority"", ""knn""]",4,4,4,4,0.0,valid,True,"[{""row_index"": 369, ""target_field"": ""permit_type"", ""algorithm"": ""grouped_majority"", ""predicted_value"": ""Plumbing OTC"", ""confidence"": 0.9883720930232558, ""prediction_source"": ""group_majority"", ""passes_threshold"": true, ""candidate_status"": ""Accepted"", ""rejection_reason"": null, ""validation_record_status"": ""valid""}, {""row_index"": 369, ""target_field"": ""permit_type"", ""algorithm"": ""association_rules"", ""predicted_value"": ""Plumbing OTC"", ""confidence"": 1.0, ""prediction_source"": ""matched_rules"", ""passes_threshold"": true, ""candidate_status"": ""Accepted"", ""rejection_reason"": null, ""validation_record_status"": ""valid""}, {""row_index"": 369, ""target_field"": ""permit_type"", ""algorithm"": ""clustering"", ""predicted_value"": ""Plumbing OTC"", ""confidence"": 1.0, ""prediction_source"": ""cluster_majority"", ""passes_threshold"": true, ""candidate_status"": ""Accepted"", ""rejection_reason"": null, ""validation_record_status"": ""valid""}, {""row_index"": 369, ""target_field"": ""permit_type"", ""algorithm"": ""knn"", ""predicted_value"": ""Plumbing OTC"", ""confidence"": 1.0, ""prediction_source"": ""nearest_neighbors"", ""passes_threshold"": true, ""candidate_status"": ""Accepted"", ""rejection_reason"": null, ""validation_record_status"": ""valid""}]",
373,permit_type,Plumbing OTC,1,Plumbing OTC,0.997093023255814,Accepted,unanimous_vote,association_rules,"[""association_rules"", ""clustering"", ""grouped_majority"", ""knn""]",4,4,4,4,0.0,valid,True,"[{""row_index"": 373, ""target_field"": ""permit_type"", ""algorithm"": ""grouped_majority"", ""predicted_value"": ""Plumbing OTC"", ""confidence"": 0.9883720930232558, ""prediction_source"": ""group_majority"", ""passes_threshold"": true, ""candidate_status"": ""Accepted"", ""rejection_reason"": null, ""validation_record_status"": ""valid""}, {""row_index"": 373, ""target_field"": ""permit_type"", ""algorithm"": ""association_rules"", ""predicted_value"": ""Plumbing OTC"", ""confidence"": 1.0, ""prediction_source"": ""matched_rules"", ""passes_threshold"": true, ""candidate_status"": ""Accepted"", ""rejection_reason"": null, ""validation_record_status"": ""valid""}, {""row_index"": 373, ""target_field"": ""permit_type"", ""algorithm"": ""clustering"", ""predicted_value"": ""Plumbing OTC"", ""confidence"": 1.0, ""prediction_source"": ""cluster_majority"", ""passes_threshold"": true, ""candidate_status"": ""Accepted"", ""rejection_reason"": null, ""validation_record_status"": ""valid""}, {""row_index"": 373, ""target_field"": ""permit_type"", ""algorithm"": ""knn"", ""predicted_value"": ""Plumbing OTC"", ""confidence"": 1.0, ""prediction_source"": ""nearest_neighbors"", ""passes_threshold"": true, ""candidate_status"": ""Accepted"", ""rejection_reason"": null, ""validation_record_status"": ""valid""}]",
374,permit_type,Plumbing OTC,1,Plumbing OTC,0.9890840056953014,Accepted,majority_vote,association_rules,"[""association_rules"", ""grouped_majority""]",2,4,4,4,0.0,valid,True,"[{""row_index"": 374, ""target_field"": ""permit_type"", ""algorithm"": ""grouped_majority"", ""predicted_value"": ""Plumbing OTC"", ""confidence"": 0.9883720930232558, ""prediction_source"": ""group_majority"", ""passes_threshold"": true, ""candidate_status"": ""Accepted"", ""rejection_reason"": null, ""validation_record_status"": ""valid""}, {""row_index"": 374, ""target_field"": ""permit_type"", ""algorithm"": ""association_rules"", ""predicted_value"": ""Plumbing OTC"", ""confidence"": 0.9897959183673469, ""prediction_source"": ""matched_rules"", ""passes_threshold"": true, ""candidate_status"": ""Accepted"", ""rejection_reason"": null, ""validation_record_status"": ""valid""}, {""row_index"": 374, ""target_field"": ""permit_type"", ""algorithm"": ""clustering"", ""predicted_value"": ""Electrical OTC"", ""confidence"": 0.5128205128205128, ""prediction_source"": ""cluster_majority"", ""passes_threshold"": true, ""candidate_status"": ""Accepted"", ""rejection_reason"": null, ""validation_record_status"": ""valid""}, {""row_index"": 374, ""target_field"": ""permit_type"", ""algorithm"": ""knn"", ""predicted_value"": ""Building Permit OTC"", ""confidence"": 0.6, ""prediction_source"": ""nearest_neighbors"", ""passes_threshold"": true, ""candidate_status"": ""Accepted"", ""rejection_reason"": null, ""validation_record_status"": ""valid""}]",
375,permit_type,Plumbing OTC,1,Plumbing OTC,0.997093023255814,Accepted,unanimous_vote,association_rules,"[""association_rules"", ""clustering"", ""grouped_majority"", ""knn""]",4,4,4,4,0.0,valid,True,"[{""row_index"": 375, ""target_field"": ""permit_type"", ""algorithm"": ""grouped_majority"", ""predicted_value"": ""Plumbing OTC"", ""confidence"": 0.9883720930232558, ""prediction_source"": ""group_majority"", ""passes_threshold"": true, ""candidate_status"": ""Accepted"", ""rejection_reason"": null, ""validation_record_status"": ""valid""}, {""row_index"": 375, ""target_field"": ""permit_type"", ""algorithm"": ""association_rules"", ""predicted_value"": ""Plumbing OTC"", ""confidence"": 1.0, ""prediction_source"": ""matched_rules"", ""passes_threshold"": true, ""candidate_status"": ""Accepted"", ""rejection_reason"": null, ""validation_record_status"": ""valid""}, {""row_index"": 375, ""target_field"": ""permit_type"", ""algorithm"": ""clustering"", ""predicted_value"": ""Plumbing OTC"", ""confidence"": 1.0, ""prediction_source"": ""cluster_majority"", ""passes_threshold"": true, ""candidate_status"": ""Accepted"", ""rejection_reason"": null, ""validation_record_status"": ""valid""}, {""row_index"": 375, ""target_field"": ""permit_type"", ""algorithm"": ""knn"", ""predicted_value"": ""Plumbing OTC"", ""confidence"": 1.0, ""prediction_source"": ""nearest_neighbors"", ""passes_threshold"": true, ""candidate_status"": ""Accepted"", ""rejection_reason"": null, ""validation_record_status"": ""valid""}]",
376,permit_type,Plumbing OTC,1,Plumbing OTC,0.997093023255814,Accepted,unanimous_vote,association_rules,"[""association_rules"", ""clustering"", ""grouped_majority"", ""knn""]",4,4,4,4,0.0,valid,True,"[{""row_index"": 376, ""target_field"": ""permit_type"", ""algorithm"": ""grouped_majority"", ""predicted_value"": ""Plumbing OTC"", ""confidence"": 0.9883720930232558, ""prediction_source"": ""group_majority"", ""passes_threshold"": true, ""candidate_status"": ""Accepted"", ""rejection_reason"": null, ""validation_record_status"": ""valid""}, {""row_index"": 376, ""target_field"": ""permit_type"", ""algorithm"": ""association_rules"", ""predicted_value"": ""Plumbing OTC"", ""confidence"": 1.0, ""prediction_source"": ""matched_rules"", ""passes_threshold"": true, ""candidate_status"": ""Accepted"", ""rejection_reason"": null, ""validation_record_status"": ""valid""}, {""row_index"": 376, ""target_field"": ""permit_type"", ""algorithm"": ""clustering"", ""predicted_value"": ""Plumbing OTC"", ""confidence"": 1.0, ""prediction_source"": ""cluster_majority"", ""passes_threshold"": true, ""candidate_status"": ""Accepted"", ""rejection_reason"": null, ""validation_record_status"": ""valid""}, {""row_index"": 376, ""target_field"": ""permit_type"", ""algorithm"": ""knn"", ""predicted_value"": ""Plumbing OTC"", ""confidence"": 1.0, ""prediction_source"": ""nearest_neighbors"", ""passes_threshold"": true, ""candidate_status"": ""Accepted"", ""rejection_reason"": null, ""validation_record_status"": ""valid""}]",
377,permit_type,Plumbing OTC,1,Plumbing OTC,0.997093023255814,Accepted,unanimous_vote,association_rules,"[""association_rules"", ""clustering"", ""grouped_majority"", ""knn""]",4,4,4,4,0.0,valid,True,"[{""row_index"": 377, ""target_field"": ""permit_type"", ""algorithm"": ""grouped_majority"", ""predicted_value"": ""Plumbing OTC"", ""confidence"": 0.9883720930232558, ""prediction_source"": ""group_majority"", ""passes_threshold"": true, ""candidate_status"": ""Accepted"", ""rejection_reason"": null, ""validation_record_status"": ""valid""}, {""row_index"": 377, ""target_field"": ""permit_type"", ""algorithm"": ""association_rules"", ""predicted_value"": ""Plumbing OTC"", ""confidence"": 1.0, ""prediction_source"": ""matched_rules"", ""passes_threshold"": true, ""candidate_status"": ""Accepted"", ""rejection_reason"": null, ""validation_record_status"": ""valid""}, {""row_index"": 377, ""target_field"": ""permit_type"", ""algorithm"": ""clustering"", ""predicted_value"": ""Plumbing OTC"", ""confidence"": 1.0, ""prediction_source"": ""cluster_majority"", ""passes_threshold"": true, ""candidate_status"": ""Accepted"", ""rejection_reason"": null, ""validation_record_status"": ""valid""}, {""row_index"": 377, ""target_field"": ""permit_type"", ""algorithm"": ""knn"", ""predicted_value"": ""Plumbing OTC"", ""confidence"": 1.0, ""prediction_source"": ""nearest_neighbors"", ""passes_threshold"": true, ""candidate_status"": ""Accepted"", ""rejection_reason"": null, ""validation_record_status"": ""valid""}]",
378,permit_type,Plumbing OTC,1,Plumbing OTC,0.9260560037968677,Accepted,majority_vote,association_rules,"[""association_rules"", ""grouped_majority"", ""knn""]",3,4,4,4,0.0,valid,True,"[{""row_index"": 378, ""target_field"": ""permit_type"", ""algorithm"": ""grouped_majority"", ""predicted_value"": ""Plumbing OTC"", ""confidence"": 0.9883720930232558, ""prediction_source"": ""group_majority"", ""passes_threshold"": true, ""candidate_status"": ""Accepted"", ""rejection_reason"": null, ""validation_record_status"": ""valid""}, {""row_index"": 378, ""target_field"": ""permit_type"", ""algorithm"": ""association_rules"", ""predicted_value"": ""Plumbing OTC"", ""confidence"": 0.9897959183673469, ""prediction_source"": ""matched_rules"", ""passes_threshold"": true, ""candidate_status"": ""Accepted"", ""rejection_reason"": null, ""validation_record_status"": ""valid""}, {""row_index"": 378, ""target_field"": ""permit_type"", ""algorithm"": ""clustering"", ""predicted_value"": ""Electrical OTC"", ""confidence"": 0.5128205128205128, ""prediction_source"": ""cluster_majority"", ""passes_threshold"": true, ""candidate_status"": ""Accepted"", ""rejection_reason"": null, ""validation_record_status"": ""valid""}, {""row_index"": 378, ""target_field"": ""permit_type"", ""algorithm"": ""knn"", ""predicted_value"": ""Plumbing OTC"", ""confidence"": 0.8, ""prediction_source"": ""nearest_neighbors"", ""passes_threshold"": true, ""candidate_status"": ""Accepted"", ""rejection_reason"": null, ""validation_record_status"": ""valid""}]",
379,permit_type,Plumbing OTC,1,Plumbing OTC,1.0,Accepted,majority_vote,association_rules,"[""association_rules"", ""grouped_majority"", ""knn""]",3,4,4,4,0.0,valid,True,"[{""row_index"": 379, ""target_field"": ""permit_type"", ""algorithm"": ""grouped_majority"", ""predicted_value"": ""Plumbing OTC"", ""confidence"": 1.0, ""prediction_source"": ""group_majority"", ""passes_threshold"": true, ""candidate_status"": ""Accepted"", ""rejection_reason"": null, ""validation_record_status"": ""valid""}, {""row_index"": 379, ""target_field"": ""permit_type"", ""algorithm"": ""association_rules"", ""predicted_value"": ""Plumbing OTC"", ""confidence"": 1.0, ""prediction_source"": ""matched_rules"", ""passes_threshold"": true, ""candidate_status"": ""Accepted"", ""rejection_reason"": null, ""validation_record_status"": ""valid""}, {""row_index"": 379, ""target_field"": ""permit_type"", ""algorithm"": ""clustering"", ""predicted_value"": ""Residential Building Report"", ""confidence"": 0.864, ""prediction_source"": ""cluster_majority"", ""passes_threshold"": true, ""candidate_status"": ""Accepted"", ""rejection_reason"": null, ""validation_record_status"": ""valid""}, {""row_index"": 379, ""target_field"": ""permit_type"", ""algorithm"": ""knn"", ""predicted_value"": ""Plumbing OTC"", ""confidence"": 1.0, ""prediction_source"": ""nearest_neighbors"", ""passes_threshold"": true, ""candidate_status"": ""Accepted"", ""rejection_reason"": null, ""validation_record_status"": ""valid""}]",
381,permit_type,Plumbing OTC,1,Plumbing OTC,0.9927226704635342,Accepted,majority_vote,knn,"[""association_rules"", ""grouped_majority"", ""knn""]",3,4,4,4,0.0,valid,True,"[{""row_index"": 381, ""target_field"": ""permit_type"", ""algorithm"": ""grouped_majority"", ""predicted_value"": ""Plumbing OTC"", ""confidence"": 0.9883720930232558, ""prediction_source"": ""group_majority"", ""passes_threshold"": true, ""candidate_status"": ""Accepted"", ""rejection_reason"": null, ""validation_record_status"": ""valid""}, {""row_index"": 381, ""target_field"": ""permit_type"", ""algorithm"": ""association_rules"", ""predicted_value"": ""Plumbing OTC"", ""confidence"": 0.9897959183673469, ""prediction_source"": ""matched_rules"", ""passes_threshold"": true, ""candidate_status"": ""Accepted"", ""rejection_reason"": null, ""validation_record_status"": ""valid""}, {""row_index"": 381, ""target_field"": ""permit_type"", ""algorithm"": ""clustering"", ""predicted_value"": ""Electrical OTC"", ""confidence"": 0.5128205128205128, ""prediction_source"": ""cluster_majority"", ""passes_threshold"": true, ""candidate_status"": ""Accepted"", ""rejection_reason"": null, ""validation_record_status"": ""valid""}, {""row_index"": 381, ""target_field"": ""permit_type"", ""algorithm"": ""knn"", ""predicted_value"": ""Plumbing OTC"", ""confidence"": 1.0, ""prediction_source"": ""nearest_neighbors"", ""passes_threshold"": true, ""candidate_status"": ""Accepted"", ""rejection_reason"": null, ""validation_record_status"": ""valid""}]",
383,permit_type,Plumbing OTC,1,Plumbing OTC,0.997093023255814,Accepted,unanimous_vote,association_rules,"[""association_rules"", ""clustering"", ""grouped_majority"", ""knn""]",4,4,4,4,0.0,valid,True,"[{""row_index"": 383, ""target_field"": ""permit_type"", ""algorithm"": ""grouped_majority"", ""predicted_value"": ""Plumbing OTC"", ""confidence"": 0.9883720930232558, ""prediction_source"": ""group_majority"", ""passes_threshold"": true, ""candidate_status"": ""Accepted"", ""rejection_reason"": null, ""validation_record_status"": ""valid""}, {""row_index"": 383, ""target_field"": ""permit_type"", ""algorithm"": ""association_rules"", ""predicted_value"": ""Plumbing OTC"", ""confidence"": 1.0, ""prediction_source"": ""matched_rules"", ""passes_threshold"": true, ""candidate_status"": ""Accepted"", ""rejection_reason"": null, ""validation_record_status"": ""valid""}, {""row_index"": 383, ""target_field"": ""permit_type"", ""algorithm"": ""clustering"", ""predicted_value"": ""Plumbing OTC"", ""confidence"": 1.0, ""prediction_source"": ""cluster_majority"", ""passes_threshold"": true, ""candidate_status"": ""Accepted"", ""rejection_reason"": null, ""validation_record_status"": ""valid""}, {""row_index"": 383, ""target_field"": ""permit_type"", ""algorithm"": ""knn"", ""predicted_value"": ""Plumbing OTC"", ""confidence"": 1.0, ""prediction_source"": ""nearest_neighbors"", ""passes_threshold"": true, ""candidate_status"": ""Accepted"", ""rejection_reason"": null, ""validation_record_status"": ""valid""}]",
384,permit_type,Plumbing OTC,1,Plumbing OTC,0.997093023255814,Accepted,unanimous_vote,association_rules,"[""association_rules"", ""clustering"", ""grouped_majority"", ""knn""]",4,4,4,4,0.0,valid,True,"[{""row_index"": 384, ""target_field"": ""permit_type"", ""algorithm"": ""grouped_majority"", ""predicted_value"": ""Plumbing OTC"", ""confidence"": 0.9883720930232558, ""prediction_source"": ""group_majority"", ""passes_threshold"": true, ""candidate_status"": ""Accepted"", ""rejection_reason"": null, ""validation_record_status"": ""valid""}, {""row_index"": 384, ""target_field"": ""permit_type"", ""algorithm"": ""association_rules"", ""predicted_value"": ""Plumbing OTC"", ""confidence"": 1.0, ""prediction_source"": ""matched_rules"", ""passes_threshold"": true, ""candidate_status"": ""Accepted"", ""rejection_reason"": null, ""validation_record_status"": ""valid""}, {""row_index"": 384, ""target_field"": ""permit_type"", ""algorithm"": ""clustering"", ""predicted_value"": ""Plumbing OTC"", ""confidence"": 1.0, ""prediction_source"": ""cluster_majority"", ""passes_threshold"": true, ""candidate_status"": ""Accepted"", ""rejection_reason"": null, ""validation_record_status"": ""valid""}, {""row_index"": 384, ""target_field"": ""permit_type"", ""algorithm"": ""knn"", ""predicted_value"": ""Plumbing OTC"", ""confidence"": 1.0, ""prediction_source"": ""nearest_neighbors"", ""passes_threshold"": true, ""candidate_status"": ""Accepted"", ""rejection_reason"": null, ""validation_record_status"": ""valid""}]",
385,permit_type,Plumbing OTC,1,Plumbing OTC,0.997093023255814,Accepted,unanimous_vote,association_rules,"[""association_rules"", ""clustering"", ""grouped_majority"", ""knn""]",4,4,4,4,0.0,valid,True,"[{""row_index"": 385, ""target_field"": ""permit_type"", ""algorithm"": ""grouped_majority"", ""predicted_value"": ""Plumbing OTC"", ""confidence"": 0.9883720930232558, ""prediction_source"": ""group_majority"", ""passes_threshold"": true, ""candidate_status"": ""Accepted"", ""rejection_reason"": null, ""validation_record_status"": ""valid""}, {""row_index"": 385, ""target_field"": ""permit_type"", ""algorithm"": ""association_rules"", ""predicted_value"": ""Plumbing OTC"", ""confidence"": 1.0, ""prediction_source"": ""matched_rules"", ""passes_threshold"": true, ""candidate_status"": ""Accepted"", ""rejection_reason"": null, ""validation_record_status"": ""valid""}, {""row_index"": 385, ""target_field"": ""permit_type"", ""algorithm"": ""clustering"", ""predicted_value"": ""Plumbing OTC"", ""confidence"": 1.0, ""prediction_source"": ""cluster_majority"", ""passes_threshold"": true, ""candidate_status"": ""Accepted"", ""rejection_reason"": null, ""validation_record_status"": ""valid""}, {""row_index"": 385, ""target_field"": ""permit_type"", ""algorithm"": ""knn"", ""predicted_value"": ""Plumbing OTC"", ""confidence"": 1.0, ""prediction_source"": ""nearest_neighbors"", ""passes_threshold"": true, ""candidate_status"": ""Accepted"", ""rejection_reason"": null, ""validation_record_status"": ""valid""}]",
386,permit_type,Plumbing OTC,1,Plumbing OTC,0.997093023255814,Accepted,unanimous_vote,association_rules,"[""association_rules"", ""clustering"", ""grouped_majority"", ""knn""]",4,4,4,4,0.0,valid,True,"[{""row_index"": 386, ""target_field"": ""permit_type"", ""algorithm"": ""grouped_majority"", ""predicted_value"": ""Plumbing OTC"", ""confidence"": 0.9883720930232558, ""prediction_source"": ""group_majority"", ""passes_threshold"": true, ""candidate_status"": ""Accepted"", ""rejection_reason"": null, ""validation_record_status"": ""valid""}, {""row_index"": 386, ""target_field"": ""permit_type"", ""algorithm"": ""association_rules"", ""predicted_value"": ""Plumbing OTC"", ""confidence"": 1.0, ""prediction_source"": ""matched_rules"", ""passes_threshold"": true, ""candidate_status"": ""Accepted"", ""rejection_reason"": null, ""validation_record_status"": ""valid""}, {""row_index"": 386, ""target_field"": ""permit_type"", ""algorithm"": ""clustering"", ""predicted_value"": ""Plumbing OTC"", ""confidence"": 1.0, ""prediction_source"": ""cluster_majority"", ""passes_threshold"": true, ""candidate_status"": ""Accepted"", ""rejection_reason"": null, ""validation_record_status"": ""valid""}, {""row_index"": 386, ""target_field"": ""permit_type"", ""algorithm"": ""knn"", ""predicted_value"": ""Plumbing OTC"", ""confidence"": 1.0, ""prediction_source"": ""nearest_neighbors"", ""passes_threshold"": true, ""candidate_status"": ""Accepted"", ""rejection_reason"": null, ""validation_record_status"": ""valid""}]",
391,permit_type,Plumbing OTC,1,Plumbing OTC,0.997093023255814,Accepted,unanimous_vote,association_rules,"[""association_rules"", ""clustering"", ""grouped_majority"", ""knn""]",4,4,4,4,0.0,valid,True,"[{""row_index"": 391, ""target_field"": ""permit_type"", ""algorithm"": ""grouped_majority"", ""predicted_value"": ""Plumbing OTC"", ""confidence"": 0.9883720930232558, ""prediction_source"": ""group_majority"", ""passes_threshold"": true, ""candidate_status"": ""Accepted"", ""rejection_reason"": null, ""validation_record_status"": ""valid""}, {""row_index"": 391, ""target_field"": ""permit_type"", ""algorithm"": ""association_rules"", ""predicted_value"": ""Plumbing OTC"", ""confidence"": 1.0, ""prediction_source"": ""matched_rules"", ""passes_threshold"": true, ""candidate_status"": ""Accepted"", ""rejection_reason"": null, ""validation_record_status"": ""valid""}, {""row_index"": 391, ""target_field"": ""permit_type"", ""algorithm"": ""clustering"", ""predicted_value"": ""Plumbing OTC"", ""confidence"": 1.0, ""prediction_source"": ""cluster_majority"", ""passes_threshold"": true, ""candidate_status"": ""Accepted"", ""rejection_reason"": null, ""validation_record_status"": ""valid""}, {""row_index"": 391, ""target_field"": ""permit_type"", ""algorithm"": ""knn"", ""predicted_value"": ""Plumbing OTC"", ""confidence"": 1.0, ""prediction_source"": ""nearest_neighbors"", ""passes_threshold"": true, ""candidate_status"": ""Accepted"", ""rejection_reason"": null, ""validation_record_status"": ""valid""}]",
393,permit_type,Residential Building Report,1,Residential Building Report,0.9637064220183487,Accepted,unanimous_vote,association_rules,"[""association_rules"", ""clustering"", ""grouped_majority"", ""knn""]",4,4,4,4,0.0,valid,True,"[{""row_index"": 393, ""target_field"": ""permit_type"", ""algorithm"": ""grouped_majority"", ""predicted_value"": ""Residential Building Report"", ""confidence"": 0.9908256880733946, ""prediction_source"": ""group_majority"", ""passes_threshold"": true, ""candidate_status"": ""Accepted"", ""rejection_reason"": null, ""validation_record_status"": ""valid""}, {""row_index"": 393, ""target_field"": ""permit_type"", ""algorithm"": ""association_rules"", ""predicted_value"": ""Residential Building Report"", ""confidence"": 1.0, ""prediction_source"": ""matched_rules"", ""passes_threshold"": true, ""candidate_status"": ""Accepted"", ""rejection_reason"": null, ""validation_record_status"": ""valid""}, {""row_index"": 393, ""target_field"": ""permit_type"", ""algorithm"": ""clustering"", ""predicted_value"": ""Residential Building Report"", ""confidence"": 0.864, ""prediction_source"": ""cluster_majority"", ""passes_threshold"": true, ""candidate_status"": ""Accepted"", ""rejection_reason"": null, ""validation_record_status"": ""valid""}, {""row_index"": 393, ""target_field"": ""permit_type"", ""algorithm"": ""knn"", ""predicted_value"": ""Residential Building Report"", ""confidence"": 1.0, ""prediction_source"": ""nearest_neighbors"", ""passes_threshold"": true, ""candidate_status"": ""Accepted"", ""rejection_reason"": null, ""validation_record_status"": ""valid""}]",
394,permit_type,Residential Building Report,1,Residential Building Report,0.9637064220183487,Accepted,unanimous_vote,association_rules,"[""association_rules"", ""clustering"", ""grouped_majority"", ""knn""]",4,4,4,4,0.0,valid,True,"[{""row_index"": 394, ""target_field"": ""permit_type"", ""algorithm"": ""grouped_majority"", ""predicted_value"": ""Residential Building Report"", ""confidence"": 0.9908256880733946, ""prediction_source"": ""group_majority"", ""passes_threshold"": true, ""candidate_status"": ""Accepted"", ""rejection_reason"": null, ""validation_record_status"": ""valid""}, {""row_index"": 394, ""target_field"": ""permit_type"", ""algorithm"": ""association_rules"", ""predicted_value"": ""Residential Building Report"", ""confidence"": 1.0, ""prediction_source"": ""matched_rules"", ""passes_threshold"": true, ""candidate_status"": ""Accepted"", ""rejection_reason"": null, ""validation_record_status"": ""valid""}, {""row_index"": 394, ""target_field"": ""permit_type"", ""algorithm"": ""clustering"", ""predicted_value"": ""Residential Building Report"", ""confidence"": 0.864, ""prediction_source"": ""cluster_majority"", ""passes_threshold"": true, ""candidate_status"": ""Accepted"", ""rejection_reason"": null, ""validation_record_status"": ""valid""}, {""row_index"": 394, ""target_field"": ""permit_type"", ""algorithm"": ""knn"", ""predicted_value"": ""Residential Building Report"", ""confidence"": 1.0, ""prediction_source"": ""nearest_neighbors"", ""passes_threshold"": true, ""candidate_status"": ""Accepted"", ""rejection_reason"": null, ""validation_record_status"": ""valid""}]",
396,permit_type,Residential Building Report,1,Residential Building Report,0.9637064220183487,Accepted,unanimous_vote,association_rules,"[""association_rules"", ""clustering"", ""grouped_majority"", ""knn""]",4,4,4,4,0.0,valid,True,"[{""row_index"": 396, ""target_field"": ""permit_type"", ""algorithm"": ""grouped_majority"", ""predicted_value"": ""Residential Building Report"", ""confidence"": 0.9908256880733946, ""prediction_source"": ""group_majority"", ""passes_threshold"": true, ""candidate_status"": ""Accepted"", ""rejection_reason"": null, ""validation_record_status"": ""valid""}, {""row_index"": 396, ""target_field"": ""permit_type"", ""algorithm"": ""association_rules"", ""predicted_value"": ""Residential Building Report"", ""confidence"": 1.0, ""prediction_source"": ""matched_rules"", ""passes_threshold"": true, ""candidate_status"": ""Accepted"", ""rejection_reason"": null, ""validation_record_status"": ""valid""}, {""row_index"": 396, ""target_field"": ""permit_type"", ""algorithm"": ""clustering"", ""predicted_value"": ""Residential Building Report"", ""confidence"": 0.864, ""prediction_source"": ""cluster_majority"", ""passes_threshold"": true, ""candidate_status"": ""Accepted"", ""rejection_reason"": null, ""validation_record_status"": ""valid""}, {""row_index"": 396, ""target_field"": ""permit_type"", ""algorithm"": ""knn"", ""predicted_value"": ""Residential Building Report"", ""confidence"": 1.0, ""prediction_source"": ""nearest_neighbors"", ""passes_threshold"": true, ""candidate_status"": ""Accepted"", ""rejection_reason"": null, ""validation_record_status"": ""valid""}]",
397,permit_type,Residential Building Report,1,Residential Building Report,0.9637064220183487,Accepted,unanimous_vote,association_rules,"[""association_rules"", ""clustering"", ""grouped_majority"", ""knn""]",4,4,4,4,0.0,valid,True,"[{""row_index"": 397, ""target_field"": ""permit_type"", ""algorithm"": ""grouped_majority"", ""predicted_value"": ""Residential Building Report"", ""confidence"": 0.9908256880733946, ""prediction_source"": ""group_majority"", ""passes_threshold"": true, ""candidate_status"": ""Accepted"", ""rejection_reason"": null, ""validation_record_status"": ""valid""}, {""row_index"": 397, ""target_field"": ""permit_type"", ""algorithm"": ""association_rules"", ""predicted_value"": ""Residential Building Report"", ""confidence"": 1.0, ""prediction_source"": ""matched_rules"", ""passes_threshold"": true, ""candidate_status"": ""Accepted"", ""rejection_reason"": null, ""validation_record_status"": ""valid""}, {""row_index"": 397, ""target_field"": ""permit_type"", ""algorithm"": ""clustering"", ""predicted_value"": ""Residential Building Report"", ""confidence"": 0.864, ""prediction_source"": ""cluster_majority"", ""passes_threshold"": true, ""candidate_status"": ""Accepted"", ""rejection_reason"": null, ""validation_record_status"": ""valid""}, {""row_index"": 397, ""target_field"": ""permit_type"", ""algorithm"": ""knn"", ""predicted_value"": ""Residential Building Report"", ""confidence"": 1.0, ""prediction_source"": ""nearest_neighbors"", ""passes_threshold"": true, ""candidate_status"": ""Accepted"", ""rejection_reason"": null, ""validation_record_status"": ""valid""}]",
399,permit_type,Residential Building Report,1,Residential Building Report,0.9637064220183487,Accepted,unanimous_vote,association_rules,"[""association_rules"", ""clustering"", ""grouped_majority"", ""knn""]",4,4,4,4,0.0,valid,True,"[{""row_index"": 399, ""target_field"": ""permit_type"", ""algorithm"": ""grouped_majority"", ""predicted_value"": ""Residential Building Report"", ""confidence"": 0.9908256880733946, ""prediction_source"": ""group_majority"", ""passes_threshold"": true, ""candidate_status"": ""Accepted"", ""rejection_reason"": null, ""validation_record_status"": ""valid""}, {""row_index"": 399, ""target_field"": ""permit_type"", ""algorithm"": ""association_rules"", ""predicted_value"": ""Residential Building Report"", ""confidence"": 1.0, ""prediction_source"": ""matched_rules"", ""passes_threshold"": true, ""candidate_status"": ""Accepted"", ""rejection_reason"": null, ""validation_record_status"": ""valid""}, {""row_index"": 399, ""target_field"": ""permit_type"", ""algorithm"": ""clustering"", ""predicted_value"": ""Residential Building Report"", ""confidence"": 0.864, ""prediction_source"": ""cluster_majority"", ""passes_threshold"": true, ""candidate_status"": ""Accepted"", ""rejection_reason"": null, ""validation_record_status"": ""valid""}, {""row_index"": 399, ""target_field"": ""permit_type"", ""algorithm"": ""knn"", ""predicted_value"": ""Residential Building Report"", ""confidence"": 1.0, ""prediction_source"": ""nearest_neighbors"", ""passes_threshold"": true, ""candidate_status"": ""Accepted"", ""rejection_reason"": null, ""validation_record_status"": ""valid""}]",
402,permit_type,Residential Building Report,1,Residential Building Report,0.9637064220183487,Accepted,unanimous_vote,association_rules,"[""association_rules"", ""clustering"", ""grouped_majority"", ""knn""]",4,4,4,4,0.0,valid,True,"[{""row_index"": 402, ""target_field"": ""permit_type"", ""algorithm"": ""grouped_majority"", ""predicted_value"": ""Residential Building Report"", ""confidence"": 0.9908256880733946, ""prediction_source"": ""group_majority"", ""passes_threshold"": true, ""candidate_status"": ""Accepted"", ""rejection_reason"": null, ""validation_record_status"": ""valid""}, {""row_index"": 402, ""target_field"": ""permit_type"", ""algorithm"": ""association_rules"", ""predicted_value"": ""Residential Building Report"", ""confidence"": 1.0, ""prediction_source"": ""matched_rules"", ""passes_threshold"": true, ""candidate_status"": ""Accepted"", ""rejection_reason"": null, ""validation_record_status"": ""valid""}, {""row_index"": 402, ""target_field"": ""permit_type"", ""algorithm"": ""clustering"", ""predicted_value"": ""Residential Building Report"", ""confidence"": 0.864, ""prediction_source"": ""cluster_majority"", ""passes_threshold"": true, ""candidate_status"": ""Accepted"", ""rejection_reason"": null, ""validation_record_status"": ""valid""}, {""row_index"": 402, ""target_field"": ""permit_type"", ""algorithm"": ""knn"", ""predicted_value"": ""Residential Building Report"", ""confidence"": 1.0, ""prediction_source"": ""nearest_neighbors"", ""passes_threshold"": true, ""candidate_status"": ""Accepted"", ""rejection_reason"": null, ""validation_record_status"": ""valid""}]",
407,permit_type,Residential Building Report,1,Residential Building Report,0.9637064220183487,Accepted,unanimous_vote,association_rules,"[""association_rules"", ""clustering"", ""grouped_majority"", ""knn""]",4,4,4,4,0.0,valid,True,"[{""row_index"": 407, ""target_field"": ""permit_type"", ""algorithm"": ""grouped_majority"", ""predicted_value"": ""Residential Building Report"", ""confidence"": 0.9908256880733946, ""prediction_source"": ""group_majority"", ""passes_threshold"": true, ""candidate_status"": ""Accepted"", ""rejection_reason"": null, ""validation_record_status"": ""valid""}, {""row_index"": 407, ""target_field"": ""permit_type"", ""algorithm"": ""association_rules"", ""predicted_value"": ""Residential Building Report"", ""confidence"": 1.0, ""prediction_source"": ""matched_rules"", ""passes_threshold"": true, ""candidate_status"": ""Accepted"", ""rejection_reason"": null, ""validation_record_status"": ""valid""}, {""row_index"": 407, ""target_field"": ""permit_type"", ""algorithm"": ""clustering"", ""predicted_value"": ""Residential Building Report"", ""confidence"": 0.864, ""prediction_source"": ""cluster_majority"", ""passes_threshold"": true, ""candidate_status"": ""Accepted"", ""rejection_reason"": null, ""validation_record_status"": ""valid""}, {""row_index"": 407, ""target_field"": ""permit_type"", ""algorithm"": ""knn"", ""predicted_value"": ""Residential Building Report"", ""confidence"": 1.0, ""prediction_source"": ""nearest_neighbors"", ""passes_threshold"": true, ""candidate_status"": ""Accepted"", ""rejection_reason"": null, ""validation_record_status"": ""valid""}]",
411,permit_type,Residential Building Report,1,Residential Building Report,0.9637064220183487,Accepted,unanimous_vote,association_rules,"[""association_rules"", ""clustering"", ""grouped_majority"", ""knn""]",4,4,4,4,0.0,valid,True,"[{""row_index"": 411, ""target_field"": ""permit_type"", ""algorithm"": ""grouped_majority"", ""predicted_value"": ""Residential Building Report"", ""confidence"": 0.9908256880733946, ""prediction_source"": ""group_majority"", ""passes_threshold"": true, ""candidate_status"": ""Accepted"", ""rejection_reason"": null, ""validation_record_status"": ""valid""}, {""row_index"": 411, ""target_field"": ""permit_type"", ""algorithm"": ""association_rules"", ""predicted_value"": ""Residential Building Report"", ""confidence"": 1.0, ""prediction_source"": ""matched_rules"", ""passes_threshold"": true, ""candidate_status"": ""Accepted"", ""rejection_reason"": null, ""validation_record_status"": ""valid""}, {""row_index"": 411, ""target_field"": ""permit_type"", ""algorithm"": ""clustering"", ""predicted_value"": ""Residential Building Report"", ""confidence"": 0.864, ""prediction_source"": ""cluster_majority"", ""passes_threshold"": true, ""candidate_status"": ""Accepted"", ""rejection_reason"": null, ""validation_record_status"": ""valid""}, {""row_index"": 411, ""target_field"": ""permit_type"", ""algorithm"": ""knn"", ""predicted_value"": ""Residential Building Report"", ""confidence"": 1.0, ""prediction_source"": ""nearest_neighbors"", ""passes_threshold"": true, ""candidate_status"": ""Accepted"", ""rejection_reason"": null, ""validation_record_status"": ""valid""}]",
413,permit_type,Residential Building Report,1,Residential Building Report,0.9637064220183487,Accepted,unanimous_vote,association_rules,"[""association_rules"", ""clustering"", ""grouped_majority"", ""knn""]",4,4,4,4,0.0,valid,True,"[{""row_index"": 413, ""target_field"": ""permit_type"", ""algorithm"": ""grouped_majority"", ""predicted_value"": ""Residential Building Report"", ""confidence"": 0.9908256880733946, ""prediction_source"": ""group_majority"", ""passes_threshold"": true, ""candidate_status"": ""Accepted"", ""rejection_reason"": null, ""validation_record_status"": ""valid""}, {""row_index"": 413, ""target_field"": ""permit_type"", ""algorithm"": ""association_rules"", ""predicted_value"": ""Residential Building Report"", ""confidence"": 1.0, ""prediction_source"": ""matched_rules"", ""passes_threshold"": true, ""candidate_status"": ""Accepted"", ""rejection_reason"": null, ""validation_record_status"": ""valid""}, {""row_index"": 413, ""target_field"": ""permit_type"", ""algorithm"": ""clustering"", ""predicted_value"": ""Residential Building Report"", ""confidence"": 0.864, ""prediction_source"": ""cluster_majority"", ""passes_threshold"": true, ""candidate_status"": ""Accepted"", ""rejection_reason"": null, ""validation_record_status"": ""valid""}, {""row_index"": 413, ""target_field"": ""permit_type"", ""algorithm"": ""knn"", ""predicted_value"": ""Residential Building Report"", ""confidence"": 1.0, ""prediction_source"": ""nearest_neighbors"", ""passes_threshold"": true, ""candidate_status"": ""Accepted"", ""rejection_reason"": null, ""validation_record_status"": ""valid""}]",
417,permit_type,Residential Building Report,1,Residential Building Report,0.9637064220183487,Accepted,unanimous_vote,association_rules,"[""association_rules"", ""clustering"", ""grouped_majority"", ""knn""]",4,4,4,4,0.0,valid,True,"[{""row_index"": 417, ""target_field"": ""permit_type"", ""algorithm"": ""grouped_majority"", ""predicted_value"": ""Residential Building Report"", ""confidence"": 0.9908256880733946, ""prediction_source"": ""group_majority"", ""passes_threshold"": true, ""candidate_status"": ""Accepted"", ""rejection_reason"": null, ""validation_record_status"": ""valid""}, {""row_index"": 417, ""target_field"": ""permit_type"", ""algorithm"": ""association_rules"", ""predicted_value"": ""Residential Building Report"", ""confidence"": 1.0, ""prediction_source"": ""matched_rules"", ""passes_threshold"": true, ""candidate_status"": ""Accepted"", ""rejection_reason"": null, ""validation_record_status"": ""valid""}, {""row_index"": 417, ""target_field"": ""permit_type"", ""algorithm"": ""clustering"", ""predicted_value"": ""Residential Building Report"", ""confidence"": 0.864, ""prediction_source"": ""cluster_majority"", ""passes_threshold"": true, ""candidate_status"": ""Accepted"", ""rejection_reason"": null, ""validation_record_status"": ""valid""}, {""row_index"": 417, ""target_field"": ""permit_type"", ""algorithm"": ""knn"", ""predicted_value"": ""Residential Building Report"", ""confidence"": 1.0, ""prediction_source"": ""nearest_neighbors"", ""passes_threshold"": true, ""candidate_status"": ""Accepted"", ""rejection_reason"": null, ""validation_record_status"": ""valid""}]",
419,permit_type,Residential Building Report,1,Residential Building Report,0.9637064220183487,Accepted,unanimous_vote,association_rules,"[""association_rules"", ""clustering"", ""grouped_majority"", ""knn""]",4,4,4,4,0.0,valid,True,"[{""row_index"": 419, ""target_field"": ""permit_type"", ""algorithm"": ""grouped_majority"", ""predicted_value"": ""Residential Building Report"", ""confidence"": 0.9908256880733946, ""prediction_source"": ""group_majority"", ""passes_threshold"": true, ""candidate_status"": ""Accepted"", ""rejection_reason"": null, ""validation_record_status"": ""valid""}, {""row_index"": 419, ""target_field"": ""permit_type"", ""algorithm"": ""association_rules"", ""predicted_value"": ""Residential Building Report"", ""confidence"": 1.0, ""prediction_source"": ""matched_rules"", ""passes_threshold"": true, ""candidate_status"": ""Accepted"", ""rejection_reason"": null, ""validation_record_status"": ""valid""}, {""row_index"": 419, ""target_field"": ""permit_type"", ""algorithm"": ""clustering"", ""predicted_value"": ""Residential Building Report"", ""confidence"": 0.864, ""prediction_source"": ""cluster_majority"", ""passes_threshold"": true, ""candidate_status"": ""Accepted"", ""rejection_reason"": null, ""validation_record_status"": ""valid""}, {""row_index"": 419, ""target_field"": ""permit_type"", ""algorithm"": ""knn"", ""predicted_value"": ""Residential Building Report"", ""confidence"": 1.0, ""prediction_source"": ""nearest_neighbors"", ""passes_threshold"": true, ""candidate_status"": ""Accepted"", ""rejection_reason"": null, ""validation_record_status"": ""valid""}]",
420,permit_type,Residential Building Report,1,Residential Building Report,0.9637064220183487,Accepted,unanimous_vote,association_rules,"[""association_rules"", ""clustering"", ""grouped_majority"", ""knn""]",4,4,4,4,0.0,valid,True,"[{""row_index"": 420, ""target_field"": ""permit_type"", ""algorithm"": ""grouped_majority"", ""predicted_value"": ""Residential Building Report"", ""confidence"": 0.9908256880733946, ""prediction_source"": ""group_majority"", ""passes_threshold"": true, ""candidate_status"": ""Accepted"", ""rejection_reason"": null, ""validation_record_status"": ""valid""}, {""row_index"": 420, ""target_field"": ""permit_type"", ""algorithm"": ""association_rules"", ""predicted_value"": ""Residential Building Report"", ""confidence"": 1.0, ""prediction_source"": ""matched_rules"", ""passes_threshold"": true, ""candidate_status"": ""Accepted"", ""rejection_reason"": null, ""validation_record_status"": ""valid""}, {""row_index"": 420, ""target_field"": ""permit_type"", ""algorithm"": ""clustering"", ""predicted_value"": ""Residential Building Report"", ""confidence"": 0.864, ""prediction_source"": ""cluster_majority"", ""passes_threshold"": true, ""candidate_status"": ""Accepted"", ""rejection_reason"": null, ""validation_record_status"": ""valid""}, {""row_index"": 420, ""target_field"": ""permit_type"", ""algorithm"": ""knn"", ""predicted_value"": ""Residential Building Report"", ""confidence"": 1.0, ""prediction_source"": ""nearest_neighbors"", ""passes_threshold"": true, ""candidate_status"": ""Accepted"", ""rejection_reason"": null, ""validation_record_status"": ""valid""}]",
423,permit_type,Residential Building Report,1,Residential Building Report,0.9637064220183487,Accepted,unanimous_vote,association_rules,"[""association_rules"", ""clustering"", ""grouped_majority"", ""knn""]",4,4,4,4,0.0,valid,True,"[{""row_index"": 423, ""target_field"": ""permit_type"", ""algorithm"": ""grouped_majority"", ""predicted_value"": ""Residential Building Report"", ""confidence"": 0.9908256880733946, ""prediction_source"": ""group_majority"", ""passes_threshold"": true, ""candidate_status"": ""Accepted"", ""rejection_reason"": null, ""validation_record_status"": ""valid""}, {""row_index"": 423, ""target_field"": ""permit_type"", ""algorithm"": ""association_rules"", ""predicted_value"": ""Residential Building Report"", ""confidence"": 1.0, ""prediction_source"": ""matched_rules"", ""passes_threshold"": true, ""candidate_status"": ""Accepted"", ""rejection_reason"": null, ""validation_record_status"": ""valid""}, {""row_index"": 423, ""target_field"": ""permit_type"", ""algorithm"": ""clustering"", ""predicted_value"": ""Residential Building Report"", ""confidence"": 0.864, ""prediction_source"": ""cluster_majority"", ""passes_threshold"": true, ""candidate_status"": ""Accepted"", ""rejection_reason"": null, ""validation_record_status"": ""valid""}, {""row_index"": 423, ""target_field"": ""permit_type"", ""algorithm"": ""knn"", ""predicted_value"": ""Residential Building Report"", ""confidence"": 1.0, ""prediction_source"": ""nearest_neighbors"", ""passes_threshold"": true, ""candidate_status"": ""Accepted"", ""rejection_reason"": null, ""validation_record_status"": ""valid""}]",
426,permit_type,Building - Full Plan Check,1,Building Permit OTC,0.6473875141383211,Accepted,unanimous_vote,association_rules,"[""association_rules"", ""clustering"", ""grouped_majority"", ""knn""]",4,4,4,4,0.0,valid,True,"[{""row_index"": 426, ""target_field"": ""permit_type"", ""algorithm"": ""grouped_majority"", ""predicted_value"": ""Building Permit OTC"", ""confidence"": 0.5693950177935944, ""prediction_source"": ""group_majority"", ""passes_threshold"": true, ""candidate_status"": ""Accepted"", ""rejection_reason"": null, ""validation_record_status"": ""valid""}, {""row_index"": 426, ""target_field"": ""permit_type"", ""algorithm"": ""association_rules"", ""predicted_value"": ""Building Permit OTC"", ""confidence"": 0.8, ""prediction_source"": ""matched_rules"", ""passes_threshold"": true, ""candidate_status"": ""Accepted"", ""rejection_reason"": null, ""validation_record_status"": ""valid""}, {""row_index"": 426, ""target_field"": ""permit_type"", ""algorithm"": ""clustering"", ""predicted_value"": ""Building Permit OTC"", ""confidence"": 0.6201550387596899, ""prediction_source"": ""cluster_majority"", ""passes_threshold"": true, ""candidate_status"": ""Accepted"", ""rejection_reason"": null, ""validation_record_status"": ""valid""}, {""row_index"": 426, ""target_field"": ""permit_type"", ""algorithm"": ""knn"", ""predicted_value"": ""Building Permit OTC"", ""confidence"": 0.6, ""prediction_source"": ""nearest_neighbors"", ""passes_threshold"": true, ""candidate_status"": ""Accepted"", ""rejection_reason"": null, ""validation_record_status"": ""valid""}]",
427,permit_type,Building - Full Plan Check,1,,0.9230769230769231,Requires Review,average_confidence_tiebreak,knn,"[""association_rules"", ""knn""]",2,4,4,4,0.0,valid,False,"[{""row_index"": 427, ""target_field"": ""permit_type"", ""algorithm"": ""grouped_majority"", ""predicted_value"": ""Building Permit OTC"", ""confidence"": 0.5693950177935944, ""prediction_source"": ""group_majority"", ""passes_threshold"": true, ""candidate_status"": ""Accepted"", ""rejection_reason"": null, ""validation_record_status"": ""valid""}, {""row_index"": 427, ""target_field"": ""permit_type"", ""algorithm"": ""association_rules"", ""predicted_value"": ""Building - Full Plan Check"", ""confidence"": 0.8461538461538461, ""prediction_source"": ""matched_rules"", ""passes_threshold"": true, ""candidate_status"": ""Accepted"", ""rejection_reason"": null, ""validation_record_status"": ""valid""}, {""row_index"": 427, ""target_field"": ""permit_type"", ""algorithm"": ""clustering"", ""predicted_value"": ""Building Permit OTC"", ""confidence"": 0.6201550387596899, ""prediction_source"": ""cluster_majority"", ""passes_threshold"": true, ""candidate_status"": ""Accepted"", ""rejection_reason"": null, ""validation_record_status"": ""valid""}, {""row_index"": 427, ""target_field"": ""permit_type"", ""algorithm"": ""knn"", ""predicted_value"": ""Building - Full Plan Check"", ""confidence"": 1.0, ""prediction_source"": ""nearest_neighbors"", ""passes_threshold"": true, ""candidate_status"": ""Accepted"", ""rejection_reason"": null, ""validation_record_status"": ""valid""}]",
428,permit_type,Building - Full Plan Check,1,Building Permit OTC,0.7132085419200171,Accepted,majority_vote,association_rules,"[""association_rules"", ""clustering"", ""grouped_majority""]",3,4,4,4,0.0,valid,True,"[{""row_index"": 428, ""target_field"": ""permit_type"", ""algorithm"": ""grouped_majority"", ""predicted_value"": ""Building Permit OTC"", ""confidence"": 0.5693950177935944, ""prediction_source"": ""group_majority"", ""passes_threshold"": true, ""candidate_status"": ""Accepted"", ""rejection_reason"": null, ""validation_record_status"": ""valid""}, {""row_index"": 428, ""target_field"": ""permit_type"", ""algorithm"": ""association_rules"", ""predicted_value"": ""Building Permit OTC"", ""confidence"": 0.7924528301886792, ""prediction_source"": ""matched_rules"", ""passes_threshold"": true, ""candidate_status"": ""Accepted"", ""rejection_reason"": null, ""validation_record_status"": ""valid""}, {""row_index"": 428, ""target_field"": ""permit_type"", ""algorithm"": ""clustering"", ""predicted_value"": ""Building Permit OTC"", ""confidence"": 0.7777777777777778, ""prediction_source"": ""cluster_majority"", ""passes_threshold"": true, ""candidate_status"": ""Accepted"", ""rejection_reason"": null, ""validation_record_status"": ""valid""}, {""row_index"": 428, ""target_field"": ""permit_type"", ""algorithm"": ""knn"", ""predicted_value"": ""Building - In House Plan Check"", ""confidence"": 0.6, ""prediction_source"": ""nearest_neighbors"", ""passes_threshold"": true, ""candidate_status"": ""Accepted"", ""rejection_reason"": null, ""validation_record_status"": ""valid""}]",
429,permit_type,Building - Full Plan Check,1,Building - In House Plan Check,0.75,Accepted,majority_vote,knn,"[""association_rules"", ""knn""]",2,4,4,4,0.0,valid,True,"[{""row_index"": 429, ""target_field"": ""permit_type"", ""algorithm"": ""grouped_majority"", ""predicted_value"": ""Building Permit OTC"", ""confidence"": 0.5693950177935944, ""prediction_source"": ""group_majority"", ""passes_threshold"": true, ""candidate_status"": ""Accepted"", ""rejection_reason"": null, ""validation_record_status"": ""valid""}, {""row_index"": 429, ""target_field"": ""permit_type"", ""algorithm"": ""association_rules"", ""predicted_value"": ""Building - In House Plan Check"", ""confidence"": 0.5, ""prediction_source"": ""matched_rules"", ""passes_threshold"": true, ""candidate_status"": ""Accepted"", ""rejection_reason"": null, ""validation_record_status"": ""valid""}, {""row_index"": 429, ""target_field"": ""permit_type"", ""algorithm"": ""clustering"", ""predicted_value"": ""Building - Full Plan Check"", ""confidence"": 0.3333333333333333, ""prediction_source"": ""cluster_majority"", ""passes_threshold"": true, ""candidate_status"": ""Accepted"", ""rejection_reason"": null, ""validation_record_status"": ""valid""}, {""row_index"": 429, ""target_field"": ""permit_type"", ""algorithm"": ""knn"", ""predicted_value"": ""Building - In House Plan Check"", ""confidence"": 1.0, ""prediction_source"": ""nearest_neighbors"", ""passes_threshold"": true, ""candidate_status"": ""Accepted"", ""rejection_reason"": null, ""validation_record_status"": ""valid""}]",
435,permit_type,Building - In House Plan Check,1,Building Permit OTC,0.836793198892843,Accepted,unanimous_vote,association_rules,"[""association_rules"", ""clustering"", ""grouped_majority"", ""knn""]",4,4,4,4,0.0,valid,True,"[{""row_index"": 435, ""target_field"": ""permit_type"", ""algorithm"": ""grouped_majority"", ""predicted_value"": ""Building Permit OTC"", ""confidence"": 0.5693950177935944, ""prediction_source"": ""group_majority"", ""passes_threshold"": true, ""candidate_status"": ""Accepted"", ""rejection_reason"": null, ""validation_record_status"": ""valid""}, {""row_index"": 435, ""target_field"": ""permit_type"", ""algorithm"": ""association_rules"", ""predicted_value"": ""Building Permit OTC"", ""confidence"": 1.0, ""prediction_source"": ""matched_rules"", ""passes_threshold"": true, ""candidate_status"": ""Accepted"", ""rejection_reason"": null, ""validation_record_status"": ""valid""}, {""row_index"": 435, ""target_field"": ""permit_type"", ""algorithm"": ""clustering"", ""predicted_value"": ""Building Permit OTC"", ""confidence"": 0.7777777777777778, ""prediction_source"": ""cluster_majority"", ""passes_threshold"": true, ""candidate_status"": ""Accepted"", ""rejection_reason"": null, ""validation_record_status"": ""valid""}, {""row_index"": 435, ""target_field"": ""permit_type"", ""algorithm"": ""knn"", ""predicted_value"": ""Building Permit OTC"", ""confidence"": 1.0, ""prediction_source"": ""nearest_neighbors"", ""passes_threshold"": true, ""candidate_status"": ""Accepted"", ""rejection_reason"": null, ""validation_record_status"": ""valid""}]",
436,permit_type,Building - In House Plan Check,1,Building Permit OTC,0.7973875141383211,Accepted,unanimous_vote,association_rules,"[""association_rules"", ""clustering"", ""grouped_majority"", ""knn""]",4,4,4,4,0.0,valid,True,"[{""row_index"": 436, ""target_field"": ""permit_type"", ""algorithm"": ""grouped_majority"", ""predicted_value"": ""Building Permit OTC"", ""confidence"": 0.5693950177935944, ""prediction_source"": ""group_majority"", ""passes_threshold"": true, ""candidate_status"": ""Accepted"", ""rejection_reason"": null, ""validation_record_status"": ""valid""}, {""row_index"": 436, ""target_field"": ""permit_type"", ""algorithm"": ""association_rules"", ""predicted_value"": ""Building Permit OTC"", ""confidence"": 1.0, ""prediction_source"": ""matched_rules"", ""passes_threshold"": true, ""candidate_status"": ""Accepted"", ""rejection_reason"": null, ""validation_record_status"": ""valid""}, {""row_index"": 436, ""target_field"": ""permit_type"", ""algorithm"": ""clustering"", ""predicted_value"": ""Building Permit OTC"", ""confidence"": 0.6201550387596899, ""prediction_source"": ""cluster_majority"", ""passes_threshold"": true, ""candidate_status"": ""Accepted"", ""rejection_reason"": null, ""validation_record_status"": ""valid""}, {""row_index"": 436, ""target_field"": ""permit_type"", ""algorithm"": ""knn"", ""predicted_value"": ""Building Permit OTC"", ""confidence"": 1.0, ""prediction_source"": ""nearest_neighbors"", ""passes_threshold"": true, ""candidate_status"": ""Accepted"", ""rejection_reason"": null, ""validation_record_status"": ""valid""}]",
437,permit_type,Building - In House Plan Check,1,Building Permit OTC,0.7973875141383211,Accepted,unanimous_vote,association_rules,"[""association_rules"", ""clustering"", ""grouped_majority"", ""knn""]",4,4,4,4,0.0,valid,True,"[{""row_index"": 437, ""target_field"": ""permit_type"", ""algorithm"": ""grouped_majority"", ""predicted_value"": ""Building Permit OTC"", ""confidence"": 0.5693950177935944, ""prediction_source"": ""group_majority"", ""passes_threshold"": true, ""candidate_status"": ""Accepted"", ""rejection_reason"": null, ""validation_record_status"": ""valid""}, {""row_index"": 437, ""target_field"": ""permit_type"", ""algorithm"": ""association_rules"", ""predicted_value"": ""Building Permit OTC"", ""confidence"": 1.0, ""prediction_source"": ""matched_rules"", ""passes_threshold"": true, ""candidate_status"": ""Accepted"", ""rejection_reason"": null, ""validation_record_status"": ""valid""}, {""row_index"": 437, ""target_field"": ""permit_type"", ""algorithm"": ""clustering"", ""predicted_value"": ""Building Permit OTC"", ""confidence"": 0.6201550387596899, ""prediction_source"": ""cluster_majority"", ""passes_threshold"": true, ""candidate_status"": ""Accepted"", ""rejection_reason"": null, ""validation_record_status"": ""valid""}, {""row_index"": 437, ""target_field"": ""permit_type"", ""algorithm"": ""knn"", ""predicted_value"": ""Building Permit OTC"", ""confidence"": 1.0, ""prediction_source"": ""nearest_neighbors"", ""passes_threshold"": true, ""candidate_status"": ""Accepted"", ""rejection_reason"": null, ""validation_record_status"": ""valid""}]",
438,permit_type,Building - In House Plan Check,1,Building Permit OTC,0.7132085419200171,Accepted,majority_vote,association_rules,"[""association_rules"", ""clustering"", ""grouped_majority""]",3,4,4,4,0.0,valid,True,"[{""row_index"": 438, ""target_field"": ""permit_type"", ""algorithm"": ""grouped_majority"", ""predicted_value"": ""Building Permit OTC"", ""confidence"": 0.5693950177935944, ""prediction_source"": ""group_majority"", ""passes_threshold"": true, ""candidate_status"": ""Accepted"", ""rejection_reason"": null, ""validation_record_status"": ""valid""}, {""row_index"": 438, ""target_field"": ""permit_type"", ""algorithm"": ""association_rules"", ""predicted_value"": ""Building Permit OTC"", ""confidence"": 0.7924528301886792, ""prediction_source"": ""matched_rules"", ""passes_threshold"": true, ""candidate_status"": ""Accepted"", ""rejection_reason"": null, ""validation_record_status"": ""valid""}, {""row_index"": 438, ""target_field"": ""permit_type"", ""algorithm"": ""clustering"", ""predicted_value"": ""Building Permit OTC"", ""confidence"": 0.7777777777777778, ""prediction_source"": ""cluster_majority"", ""passes_threshold"": true, ""candidate_status"": ""Accepted"", ""rejection_reason"": null, ""validation_record_status"": ""valid""}, {""row_index"": 438, ""target_field"": ""permit_type"", ""algorithm"": ""knn"", ""predicted_value"": ""Building - In House Plan Check"", ""confidence"": 0.6, ""prediction_source"": ""nearest_neighbors"", ""passes_threshold"": true, ""candidate_status"": ""Accepted"", ""rejection_reason"": null, ""validation_record_status"": ""valid""}]",
444,permit_type,Building Permit OTC,1,Building Permit OTC,0.7622895622895624,Accepted,majority_vote,grouped_majority,"[""clustering"", ""grouped_majority"", ""knn""]",3,4,4,4,0.0,valid,True,"[{""row_index"": 444, ""target_field"": ""permit_type"", ""algorithm"": ""grouped_majority"", ""predicted_value"": ""Building Permit OTC"", ""confidence"": 0.9090909090909091, ""prediction_source"": ""group_majority"", ""passes_threshold"": true, ""candidate_status"": ""Accepted"", ""rejection_reason"": null, ""validation_record_status"": ""valid""}, {""row_index"": 444, ""target_field"": ""permit_type"", ""algorithm"": ""association_rules"", ""predicted_value"": ""Residential Building Report"", ""confidence"": 0.8372093023255814, ""prediction_source"": ""matched_rules"", ""passes_threshold"": true, ""candidate_status"": ""Accepted"", ""rejection_reason"": null, ""validation_record_status"": ""valid""}, {""row_index"": 444, ""target_field"": ""permit_type"", ""algorithm"": ""clustering"", ""predicted_value"": ""Building Permit OTC"", ""confidence"": 0.7777777777777778, ""prediction_source"": ""cluster_majority"", ""passes_threshold"": true, ""candidate_status"": ""Accepted"", ""rejection_reason"": null, ""validation_record_status"": ""valid""}, {""row_index"": 444, ""target_field"": ""permit_type"", ""algorithm"": ""knn"", ""predicted_value"": ""Building Permit OTC"", ""confidence"": 0.6, ""prediction_source"": ""nearest_neighbors"", ""passes_threshold"": true, ""candidate_status"": ""Accepted"", ""rejection_reason"": null, ""validation_record_status"": ""valid""}]",
445,permit_type,Building Permit OTC,1,Building Permit OTC,0.8430819826168663,Accepted,majority_vote,knn,"[""clustering"", ""grouped_majority"", ""knn""]",3,4,4,4,0.0,valid,True,"[{""row_index"": 445, ""target_field"": ""permit_type"", ""algorithm"": ""grouped_majority"", ""predicted_value"": ""Building Permit OTC"", ""confidence"": 0.9090909090909091, ""prediction_source"": ""group_majority"", ""passes_threshold"": true, ""candidate_status"": ""Accepted"", ""rejection_reason"": null, ""validation_record_status"": ""valid""}, {""row_index"": 445, ""target_field"": ""permit_type"", ""algorithm"": ""association_rules"", ""predicted_value"": ""Residential Building Report"", ""confidence"": 0.7500000000000001, ""prediction_source"": ""matched_rules"", ""passes_threshold"": true, ""candidate_status"": ""Accepted"", ""rejection_reason"": null, ""validation_record_status"": ""valid""}, {""row_index"": 445, ""target_field"": ""permit_type"", ""algorithm"": ""clustering"", ""predicted_value"": ""Building Permit OTC"", ""confidence"": 0.6201550387596899, ""prediction_source"": ""cluster_majority"", ""passes_threshold"": true, ""candidate_status"": ""Accepted"", ""rejection_reason"": null, ""validation_record_status"": ""valid""}, {""row_index"": 445, ""target_field"": ""permit_type"", ""algorithm"": ""knn"", ""predicted_value"": ""Building Permit OTC"", ""confidence"": 1.0, ""prediction_source"": ""nearest_neighbors"", ""passes_threshold"": true, ""candidate_status"": ""Accepted"", ""rejection_reason"": null, ""validation_record_status"": ""valid""}]",
446,permit_type,Building Permit OTC,1,Building Permit OTC,0.9108476064997804,Accepted,unanimous_vote,knn,"[""association_rules"", ""clustering"", ""grouped_majority"", ""knn""]",4,4,4,4,0.0,valid,True,"[{""row_index"": 446, ""target_field"": ""permit_type"", ""algorithm"": ""grouped_majority"", ""predicted_value"": ""Building Permit OTC"", ""confidence"": 0.9090909090909091, ""prediction_source"": ""group_majority"", ""passes_threshold"": true, ""candidate_status"": ""Accepted"", ""rejection_reason"": null, ""validation_record_status"": ""valid""}, {""row_index"": 446, ""target_field"": ""permit_type"", ""algorithm"": ""association_rules"", ""predicted_value"": ""Building Permit OTC"", ""confidence"": 0.9565217391304347, ""prediction_source"": ""matched_rules"", ""passes_threshold"": true, ""candidate_status"": ""Accepted"", ""rejection_reason"": null, ""validation_record_status"": ""valid""}, {""row_index"": 446, ""target_field"": ""permit_type"", ""algorithm"": ""clustering"", ""predicted_value"": ""Building Permit OTC"", ""confidence"": 0.7777777777777778, ""prediction_source"": ""cluster_majority"", ""passes_threshold"": true, ""candidate_status"": ""Accepted"", ""rejection_reason"": null, ""validation_record_status"": ""valid""}, {""row_index"": 446, ""target_field"": ""permit_type"", ""algorithm"": ""knn"", ""predicted_value"": ""Building Permit OTC"", ""confidence"": 1.0, ""prediction_source"": ""nearest_neighbors"", ""passes_threshold"": true, ""candidate_status"": ""Accepted"", ""rejection_reason"": null, ""validation_record_status"": ""valid""}]",
448,permit_type,Building Permit OTC,1,Building Permit OTC,0.7431752455826142,Accepted,majority_vote,association_rules,"[""association_rules"", ""clustering"", ""grouped_majority""]",3,4,4,4,0.0,valid,True,"[{""row_index"": 448, ""target_field"": ""permit_type"", ""algorithm"": ""grouped_majority"", ""predicted_value"": ""Building Permit OTC"", ""confidence"": 0.5693950177935944, ""prediction_source"": ""group_majority"", ""passes_threshold"": true, ""candidate_status"": ""Accepted"", ""rejection_reason"": null, ""validation_record_status"": ""valid""}, {""row_index"": 448, ""target_field"": ""permit_type"", ""algorithm"": ""association_rules"", ""predicted_value"": ""Building Permit OTC"", ""confidence"": 0.8823529411764705, ""prediction_source"": ""matched_rules"", ""passes_threshold"": true, ""candidate_status"": ""Accepted"", ""rejection_reason"": null, ""validation_record_status"": ""valid""}, {""row_index"": 448, ""target_field"": ""permit_type"", ""algorithm"": ""clustering"", ""predicted_value"": ""Building Permit OTC"", ""confidence"": 0.7777777777777778, ""prediction_source"": ""cluster_majority"", ""passes_threshold"": true, ""candidate_status"": ""Accepted"", ""rejection_reason"": null, ""validation_record_status"": ""valid""}, {""row_index"": 448, ""target_field"": ""permit_type"", ""algorithm"": ""knn"", ""predicted_value"": ""Building - Full Plan Check"", ""confidence"": 0.5, ""prediction_source"": ""nearest_neighbors"", ""passes_threshold"": true, ""candidate_status"": ""Accepted"", ""rejection_reason"": null, ""validation_record_status"": ""valid""}]",
455,permit_type,Building Permit OTC,1,Building Permit OTC,0.7008758862313442,Accepted,unanimous_vote,association_rules,"[""association_rules"", ""clustering"", ""grouped_majority"", ""knn""]",4,4,4,4,0.0,valid,True,"[{""row_index"": 455, ""target_field"": ""permit_type"", ""algorithm"": ""grouped_majority"", ""predicted_value"": ""Building Permit OTC"", ""confidence"": 0.5693950177935944, ""prediction_source"": ""group_majority"", ""passes_threshold"": true, ""candidate_status"": ""Accepted"", ""rejection_reason"": null, ""validation_record_status"": ""valid""}, {""row_index"": 455, ""target_field"": ""permit_type"", ""algorithm"": ""association_rules"", ""predicted_value"": ""Building Permit OTC"", ""confidence"": 0.8139534883720931, ""prediction_source"": ""matched_rules"", ""passes_threshold"": true, ""candidate_status"": ""Accepted"", ""rejection_reason"": null, ""validation_record_status"": ""valid""}, {""row_index"": 455, ""target_field"": ""permit_type"", ""algorithm"": ""clustering"", ""predicted_value"": ""Building Permit OTC"", ""confidence"": 0.6201550387596899, ""prediction_source"": ""cluster_majority"", ""passes_threshold"": true, ""candidate_status"": ""Accepted"", ""rejection_reason"": null, ""validation_record_status"": ""valid""}, {""row_index"": 455, ""target_field"": ""permit_type"", ""algorithm"": ""knn"", ""predicted_value"": ""Building Permit OTC"", ""confidence"": 0.8, ""prediction_source"": ""nearest_neighbors"", ""passes_threshold"": true, ""candidate_status"": ""Accepted"", ""rejection_reason"": null, ""validation_record_status"": ""valid""}]",
457,permit_type,Building Permit OTC,1,Building Permit OTC,0.9217171717171717,Accepted,unanimous_vote,association_rules,"[""association_rules"", ""clustering"", ""grouped_majority"", ""knn""]",4,4,4,4,0.0,valid,True,"[{""row_index"": 457, ""target_field"": ""permit_type"", ""algorithm"": ""grouped_majority"", ""predicted_value"": ""Building Permit OTC"", ""confidence"": 0.9090909090909091, ""prediction_source"": ""group_majority"", ""passes_threshold"": true, ""candidate_status"": ""Accepted"", ""rejection_reason"": null, ""validation_record_status"": ""valid""}, {""row_index"": 457, ""target_field"": ""permit_type"", ""algorithm"": ""association_rules"", ""predicted_value"": ""Building Permit OTC"", ""confidence"": 1.0, ""prediction_source"": ""matched_rules"", ""passes_threshold"": true, ""candidate_status"": ""Accepted"", ""rejection_reason"": null, ""validation_record_status"": ""valid""}, {""row_index"": 457, ""target_field"": ""permit_type"", ""algorithm"": ""clustering"", ""predicted_value"": ""Building Permit OTC"", ""confidence"": 0.7777777777777778, ""prediction_source"": ""cluster_majority"", ""passes_threshold"": true, ""candidate_status"": ""Accepted"", ""rejection_reason"": null, ""validation_record_status"": ""valid""}, {""row_index"": 457, ""target_field"": ""permit_type"", ""algorithm"": ""knn"", ""predicted_value"": ""Building Permit OTC"", ""confidence"": 1.0, ""prediction_source"": ""nearest_neighbors"", ""passes_threshold"": true, ""candidate_status"": ""Accepted"", ""rejection_reason"": null, ""validation_record_status"": ""valid""}]",
460,permit_type,Building Permit OTC,1,Building Permit OTC,0.8073814341869606,Accepted,unanimous_vote,knn,"[""association_rules"", ""clustering"", ""grouped_majority"", ""knn""]",4,4,4,4,0.0,valid,True,"[{""row_index"": 460, ""target_field"": ""permit_type"", ""algorithm"": ""grouped_majority"", ""predicted_value"": ""Building Permit OTC"", ""confidence"": 0.5693950177935944, ""prediction_source"": ""group_majority"", ""passes_threshold"": true, ""candidate_status"": ""Accepted"", ""rejection_reason"": null, ""validation_record_status"": ""valid""}, {""row_index"": 460, ""target_field"": ""permit_type"", ""algorithm"": ""association_rules"", ""predicted_value"": ""Building Permit OTC"", ""confidence"": 0.8823529411764705, ""prediction_source"": ""matched_rules"", ""passes_threshold"": true, ""candidate_status"": ""Accepted"", ""rejection_reason"": null, ""validation_record_status"": ""valid""}, {""row_index"": 460, ""target_field"": ""permit_type"", ""algorithm"": ""clustering"", ""predicted_value"": ""Building Permit OTC"", ""confidence"": 0.7777777777777778, ""prediction_source"": ""cluster_majority"", ""passes_threshold"": true, ""candidate_status"": ""Accepted"", ""rejection_reason"": null, ""validation_record_status"": ""valid""}, {""row_index"": 460, ""target_field"": ""permit_type"", ""algorithm"": ""knn"", ""predicted_value"": ""Building Permit OTC"", ""confidence"": 1.0, ""prediction_source"": ""nearest_neighbors"", ""passes_threshold"": true, ""candidate_status"": ""Accepted"", ""rejection_reason"": null, ""validation_record_status"": ""valid""}]",
463,permit_type,Building Permit OTC,1,Building Permit OTC,0.7973875141383211,Accepted,unanimous_vote,association_rules,"[""association_rules"", ""clustering"", ""grouped_majority"", ""knn""]",4,4,4,4,0.0,valid,True,"[{""row_index"": 463, ""target_field"": ""permit_type"", ""algorithm"": ""grouped_majority"", ""predicted_value"": ""Building Permit OTC"", ""confidence"": 0.5693950177935944, ""prediction_source"": ""group_majority"", ""passes_threshold"": true, ""candidate_status"": ""Accepted"", ""rejection_reason"": null, ""validation_record_status"": ""valid""}, {""row_index"": 463, ""target_field"": ""permit_type"", ""algorithm"": ""association_rules"", ""predicted_value"": ""Building Permit OTC"", ""confidence"": 1.0, ""prediction_source"": ""matched_rules"", ""passes_threshold"": true, ""candidate_status"": ""Accepted"", ""rejection_reason"": null, ""validation_record_status"": ""valid""}, {""row_index"": 463, ""target_field"": ""permit_type"", ""algorithm"": ""clustering"", ""predicted_value"": ""Building Permit OTC"", ""confidence"": 0.6201550387596899, ""prediction_source"": ""cluster_majority"", ""passes_threshold"": true, ""candidate_status"": ""Accepted"", ""rejection_reason"": null, ""validation_record_status"": ""valid""}, {""row_index"": 463, ""target_field"": ""permit_type"", ""algorithm"": ""knn"", ""predicted_value"": ""Building Permit OTC"", ""confidence"": 1.0, ""prediction_source"": ""nearest_neighbors"", ""passes_threshold"": true, ""candidate_status"": ""Accepted"", ""rejection_reason"": null, ""validation_record_status"": ""valid""}]",
464,permit_type,Building Permit OTC,1,Building Permit OTC,0.7508758862313443,Accepted,unanimous_vote,knn,"[""association_rules"", ""clustering"", ""grouped_majority"", ""knn""]",4,4,4,4,0.0,valid,True,"[{""row_index"": 464, ""target_field"": ""permit_type"", ""algorithm"": ""grouped_majority"", ""predicted_value"": ""Building Permit OTC"", ""confidence"": 0.5693950177935944, ""prediction_source"": ""group_majority"", ""passes_threshold"": true, ""candidate_status"": ""Accepted"", ""rejection_reason"": null, ""validation_record_status"": ""valid""}, {""row_index"": 464, ""target_field"": ""permit_type"", ""algorithm"": ""association_rules"", ""predicted_value"": ""Building Permit OTC"", ""confidence"": 0.8139534883720931, ""prediction_source"": ""matched_rules"", ""passes_threshold"": true, ""candidate_status"": ""Accepted"", ""rejection_reason"": null, ""validation_record_status"": ""valid""}, {""row_index"": 464, ""target_field"": ""permit_type"", ""algorithm"": ""clustering"", ""predicted_value"": ""Building Permit OTC"", ""confidence"": 0.6201550387596899, ""prediction_source"": ""cluster_majority"", ""passes_threshold"": true, ""candidate_status"": ""Accepted"", ""rejection_reason"": null, ""validation_record_status"": ""valid""}, {""row_index"": 464, ""target_field"": ""permit_type"", ""algorithm"": ""knn"", ""predicted_value"": ""Building Permit OTC"", ""confidence"": 1.0, ""prediction_source"": ""nearest_neighbors"", ""passes_threshold"": true, ""candidate_status"": ""Accepted"", ""rejection_reason"": null, ""validation_record_status"": ""valid""}]",
468,permit_type,Electrical OTC,1,Electrical OTC,0.9955555555555556,Accepted,majority_vote,association_rules,"[""association_rules"", ""grouped_majority"", ""knn""]",3,4,4,4,0.0,valid,True,"[{""row_index"": 468, ""target_field"": ""permit_type"", ""algorithm"": ""grouped_majority"", ""predicted_value"": ""Electrical OTC"", ""confidence"": 0.9866666666666667, ""prediction_source"": ""group_majority"", ""passes_threshold"": true, ""candidate_status"": ""Accepted"", ""rejection_reason"": null, ""validation_record_status"": ""valid""}, {""row_index"": 468, ""target_field"": ""permit_type"", ""algorithm"": ""association_rules"", ""predicted_value"": ""Electrical OTC"", ""confidence"": 1.0, ""prediction_source"": ""matched_rules"", ""passes_threshold"": true, ""candidate_status"": ""Accepted"", ""rejection_reason"": null, ""validation_record_status"": ""valid""}, {""row_index"": 468, ""target_field"": ""permit_type"", ""algorithm"": ""clustering"", ""predicted_value"": ""Building - Full Plan Check"", ""confidence"": 0.3333333333333333, ""prediction_source"": ""cluster_majority"", ""passes_threshold"": true, ""candidate_status"": ""Accepted"", ""rejection_reason"": null, ""validation_record_status"": ""valid""}, {""row_index"": 468, ""target_field"": ""permit_type"", ""algorithm"": ""knn"", ""predicted_value"": ""Electrical OTC"", ""confidence"": 1.0, ""prediction_source"": ""nearest_neighbors"", ""passes_threshold"": true, ""candidate_status"": ""Accepted"", ""rejection_reason"": null, ""validation_record_status"": ""valid""}]",
472,permit_type,Electrical OTC,1,Electrical OTC,0.8215384615384616,Accepted,unanimous_vote,association_rules,"[""association_rules"", ""clustering"", ""grouped_majority"", ""knn""]",4,4,4,4,0.0,valid,True,"[{""row_index"": 472, ""target_field"": ""permit_type"", ""algorithm"": ""grouped_majority"", ""predicted_value"": ""Electrical OTC"", ""confidence"": 0.9866666666666667, ""prediction_source"": ""group_majority"", ""passes_threshold"": true, ""candidate_status"": ""Accepted"", ""rejection_reason"": null, ""validation_record_status"": ""valid""}, {""row_index"": 472, ""target_field"": ""permit_type"", ""algorithm"": ""association_rules"", ""predicted_value"": ""Electrical OTC"", ""confidence"": 0.9866666666666667, ""prediction_source"": ""matched_rules"", ""passes_threshold"": true, ""candidate_status"": ""Accepted"", ""rejection_reason"": null, ""validation_record_status"": ""valid""}, {""row_index"": 472, ""target_field"": ""permit_type"", ""algorithm"": ""clustering"", ""predicted_value"": ""Electrical OTC"", ""confidence"": 0.5128205128205128, ""prediction_source"": ""cluster_majority"", ""passes_threshold"": true, ""candidate_status"": ""Accepted"", ""rejection_reason"": null, ""validation_record_status"": ""valid""}, {""row_index"": 472, ""target_field"": ""permit_type"", ""algorithm"": ""knn"", ""predicted_value"": ""Electrical OTC"", ""confidence"": 0.8, ""prediction_source"": ""nearest_neighbors"", ""passes_threshold"": true, ""candidate_status"": ""Accepted"", ""rejection_reason"": null, ""validation_record_status"": ""valid""}]",
473,permit_type,Electrical OTC,1,Electrical OTC,0.8673355629877368,Accepted,unanimous_vote,association_rules,"[""association_rules"", ""clustering"", ""grouped_majority"", ""knn""]",4,4,4,4,0.0,valid,True,"[{""row_index"": 473, ""target_field"": ""permit_type"", ""algorithm"": ""grouped_majority"", ""predicted_value"": ""Electrical OTC"", ""confidence"": 0.9565217391304348, ""prediction_source"": ""group_majority"", ""passes_threshold"": true, ""candidate_status"": ""Accepted"", ""rejection_reason"": null, ""validation_record_status"": ""valid""}, {""row_index"": 473, ""target_field"": ""permit_type"", ""algorithm"": ""association_rules"", ""predicted_value"": ""Electrical OTC"", ""confidence"": 1.0, ""prediction_source"": ""matched_rules"", ""passes_threshold"": true, ""candidate_status"": ""Accepted"", ""rejection_reason"": null, ""validation_record_status"": ""valid""}, {""row_index"": 473, ""target_field"": ""permit_type"", ""algorithm"": ""clustering"", ""predicted_value"": ""Electrical OTC"", ""confidence"": 0.5128205128205128, ""prediction_source"": ""cluster_majority"", ""passes_threshold"": true, ""candidate_status"": ""Accepted"", ""rejection_reason"": null, ""validation_record_status"": ""valid""}, {""row_index"": 473, ""target_field"": ""permit_type"", ""algorithm"": ""knn"", ""predicted_value"": ""Electrical OTC"", ""confidence"": 1.0, ""prediction_source"": ""nearest_neighbors"", ""passes_threshold"": true, ""candidate_status"": ""Accepted"", ""rejection_reason"": null, ""validation_record_status"": ""valid""}]",
474,permit_type,Electrical OTC,1,Electrical OTC,0.9955555555555556,Accepted,majority_vote,association_rules,"[""association_rules"", ""grouped_majority"", ""knn""]",3,4,4,4,0.0,valid,True,"[{""row_index"": 474, ""target_field"": ""permit_type"", ""algorithm"": ""grouped_majority"", ""predicted_value"": ""Electrical OTC"", ""confidence"": 0.9866666666666667, ""prediction_source"": ""group_majority"", ""passes_threshold"": true, ""candidate_status"": ""Accepted"", ""rejection_reason"": null, ""validation_record_status"": ""valid""}, {""row_index"": 474, ""target_field"": ""permit_type"", ""algorithm"": ""association_rules"", ""predicted_value"": ""Electrical OTC"", ""confidence"": 1.0, ""prediction_source"": ""matched_rules"", ""passes_threshold"": true, ""candidate_status"": ""Accepted"", ""rejection_reason"": null, ""validation_record_status"": ""valid""}, {""row_index"": 474, ""target_field"": ""permit_type"", ""algorithm"": ""clustering"", ""predicted_value"": ""Building - Full Plan Check"", ""confidence"": 0.3333333333333333, ""prediction_source"": ""cluster_majority"", ""passes_threshold"": true, ""candidate_status"": ""Accepted"", ""rejection_reason"": null, ""validation_record_status"": ""valid""}, {""row_index"": 474, ""target_field"": ""permit_type"", ""algorithm"": ""knn"", ""predicted_value"": ""Electrical OTC"", ""confidence"": 1.0, ""prediction_source"": ""nearest_neighbors"", ""passes_threshold"": true, ""candidate_status"": ""Accepted"", ""rejection_reason"": null, ""validation_record_status"": ""valid""}]",
479,permit_type,Electrical OTC,1,Electrical OTC,0.9966666666666667,Accepted,unanimous_vote,association_rules,"[""association_rules"", ""clustering"", ""grouped_majority"", ""knn""]",4,4,4,4,0.0,valid,True,"[{""row_index"": 479, ""target_field"": ""permit_type"", ""algorithm"": ""grouped_majority"", ""predicted_value"": ""Electrical OTC"", ""confidence"": 0.9866666666666667, ""prediction_source"": ""group_majority"", ""passes_threshold"": true, ""candidate_status"": ""Accepted"", ""rejection_reason"": null, ""validation_record_status"": ""valid""}, {""row_index"": 479, ""target_field"": ""permit_type"", ""algorithm"": ""association_rules"", ""predicted_value"": ""Electrical OTC"", ""confidence"": 1.0, ""prediction_source"": ""matched_rules"", ""passes_threshold"": true, ""candidate_status"": ""Accepted"", ""rejection_reason"": null, ""validation_record_status"": ""valid""}, {""row_index"": 479, ""target_field"": ""permit_type"", ""algorithm"": ""clustering"", ""predicted_value"": ""Electrical OTC"", ""confidence"": 1.0, ""prediction_source"": ""cluster_majority"", ""passes_threshold"": true, ""candidate_status"": ""Accepted"", ""rejection_reason"": null, ""validation_record_status"": ""valid""}, {""row_index"": 479, ""target_field"": ""permit_type"", ""algorithm"": ""knn"", ""predicted_value"": ""Electrical OTC"", ""confidence"": 1.0, ""prediction_source"": ""nearest_neighbors"", ""passes_threshold"": true, ""candidate_status"": ""Accepted"", ""rejection_reason"": null, ""validation_record_status"": ""valid""}]",
485,permit_type,Electrical OTC,1,Electrical OTC,0.9966666666666667,Accepted,unanimous_vote,association_rules,"[""association_rules"", ""clustering"", ""grouped_majority"", ""knn""]",4,4,4,4,0.0,valid,True,"[{""row_index"": 485, ""target_field"": ""permit_type"", ""algorithm"": ""grouped_majority"", ""predicted_value"": ""Electrical OTC"", ""confidence"": 0.9866666666666667, ""prediction_source"": ""group_majority"", ""passes_threshold"": true, ""candidate_status"": ""Accepted"", ""rejection_reason"": null, ""validation_record_status"": ""valid""}, {""row_index"": 485, ""target_field"": ""permit_type"", ""algorithm"": ""association_rules"", ""predicted_value"": ""Electrical OTC"", ""confidence"": 1.0, ""prediction_source"": ""matched_rules"", ""passes_threshold"": true, ""candidate_status"": ""Accepted"", ""rejection_reason"": null, ""validation_record_status"": ""valid""}, {""row_index"": 485, ""target_field"": ""permit_type"", ""algorithm"": ""clustering"", ""predicted_value"": ""Electrical OTC"", ""confidence"": 1.0, ""prediction_source"": ""cluster_majority"", ""passes_threshold"": true, ""candidate_status"": ""Accepted"", ""rejection_reason"": null, ""validation_record_status"": ""valid""}, {""row_index"": 485, ""target_field"": ""permit_type"", ""algorithm"": ""knn"", ""predicted_value"": ""Electrical OTC"", ""confidence"": 1.0, ""prediction_source"": ""nearest_neighbors"", ""passes_threshold"": true, ""candidate_status"": ""Accepted"", ""rejection_reason"": null, ""validation_record_status"": ""valid""}]",
486,permit_type,Electrical OTC,1,Electrical OTC,0.9966666666666667,Accepted,unanimous_vote,association_rules,"[""association_rules"", ""clustering"", ""grouped_majority"", ""knn""]",4,4,4,4,0.0,valid,True,"[{""row_index"": 486, ""target_field"": ""permit_type"", ""algorithm"": ""grouped_majority"", ""predicted_value"": ""Electrical OTC"", ""confidence"": 0.9866666666666667, ""prediction_source"": ""group_majority"", ""passes_threshold"": true, ""candidate_status"": ""Accepted"", ""rejection_reason"": null, ""validation_record_status"": ""valid""}, {""row_index"": 486, ""target_field"": ""permit_type"", ""algorithm"": ""association_rules"", ""predicted_value"": ""Electrical OTC"", ""confidence"": 1.0, ""prediction_source"": ""matched_rules"", ""passes_threshold"": true, ""candidate_status"": ""Accepted"", ""rejection_reason"": null, ""validation_record_status"": ""valid""}, {""row_index"": 486, ""target_field"": ""permit_type"", ""algorithm"": ""clustering"", ""predicted_value"": ""Electrical OTC"", ""confidence"": 1.0, ""prediction_source"": ""cluster_majority"", ""passes_threshold"": true, ""candidate_status"": ""Accepted"", ""rejection_reason"": null, ""validation_record_status"": ""valid""}, {""row_index"": 486, ""target_field"": ""permit_type"", ""algorithm"": ""knn"", ""predicted_value"": ""Electrical OTC"", ""confidence"": 1.0, ""prediction_source"": ""nearest_neighbors"", ""passes_threshold"": true, ""candidate_status"": ""Accepted"", ""rejection_reason"": null, ""validation_record_status"": ""valid""}]",
487,permit_type,Electrical OTC,1,Electrical OTC,0.8748717948717949,Accepted,unanimous_vote,association_rules,"[""association_rules"", ""clustering"", ""grouped_majority"", ""knn""]",4,4,4,4,0.0,valid,True,"[{""row_index"": 487, ""target_field"": ""permit_type"", ""algorithm"": ""grouped_majority"", ""predicted_value"": ""Electrical OTC"", ""confidence"": 0.9866666666666667, ""prediction_source"": ""group_majority"", ""passes_threshold"": true, ""candidate_status"": ""Accepted"", ""rejection_reason"": null, ""validation_record_status"": ""valid""}, {""row_index"": 487, ""target_field"": ""permit_type"", ""algorithm"": ""association_rules"", ""predicted_value"": ""Electrical OTC"", ""confidence"": 1.0, ""prediction_source"": ""matched_rules"", ""passes_threshold"": true, ""candidate_status"": ""Accepted"", ""rejection_reason"": null, ""validation_record_status"": ""valid""}, {""row_index"": 487, ""target_field"": ""permit_type"", ""algorithm"": ""clustering"", ""predicted_value"": ""Electrical OTC"", ""confidence"": 0.5128205128205128, ""prediction_source"": ""cluster_majority"", ""passes_threshold"": true, ""candidate_status"": ""Accepted"", ""rejection_reason"": null, ""validation_record_status"": ""valid""}, {""row_index"": 487, ""target_field"": ""permit_type"", ""algorithm"": ""knn"", ""predicted_value"": ""Electrical OTC"", ""confidence"": 1.0, ""prediction_source"": ""nearest_neighbors"", ""passes_threshold"": true, ""candidate_status"": ""Accepted"", ""rejection_reason"": null, ""validation_record_status"": ""valid""}]",
489,permit_type,Electrical OTC,1,Electrical OTC,0.9966666666666667,Accepted,unanimous_vote,association_rules,"[""association_rules"", ""clustering"", ""grouped_majority"", ""knn""]",4,4,4,4,0.0,valid,True,"[{""row_index"": 489, ""target_field"": ""permit_type"", ""algorithm"": ""grouped_majority"", ""predicted_value"": ""Electrical OTC"", ""confidence"": 0.9866666666666667, ""prediction_source"": ""group_majority"", ""passes_threshold"": true, ""candidate_status"": ""Accepted"", ""rejection_reason"": null, ""validation_record_status"": ""valid""}, {""row_index"": 489, ""target_field"": ""permit_type"", ""algorithm"": ""association_rules"", ""predicted_value"": ""Electrical OTC"", ""confidence"": 1.0, ""prediction_source"": ""matched_rules"", ""passes_threshold"": true, ""candidate_status"": ""Accepted"", ""rejection_reason"": null, ""validation_record_status"": ""valid""}, {""row_index"": 489, ""target_field"": ""permit_type"", ""algorithm"": ""clustering"", ""predicted_value"": ""Electrical OTC"", ""confidence"": 1.0, ""prediction_source"": ""cluster_majority"", ""passes_threshold"": true, ""candidate_status"": ""Accepted"", ""rejection_reason"": null, ""validation_record_status"": ""valid""}, {""row_index"": 489, ""target_field"": ""permit_type"", ""algorithm"": ""knn"", ""predicted_value"": ""Electrical OTC"", ""confidence"": 1.0, ""prediction_source"": ""nearest_neighbors"", ""passes_threshold"": true, ""candidate_status"": ""Accepted"", ""rejection_reason"": null, ""validation_record_status"": ""valid""}]",
490,permit_type,Electrical OTC,1,Electrical OTC,0.8748717948717949,Accepted,unanimous_vote,association_rules,"[""association_rules"", ""clustering"", ""grouped_majority"", ""knn""]",4,4,4,4,0.0,valid,True,"[{""row_index"": 490, ""target_field"": ""permit_type"", ""algorithm"": ""grouped_majority"", ""predicted_value"": ""Electrical OTC"", ""confidence"": 0.9866666666666667, ""prediction_source"": ""group_majority"", ""passes_threshold"": true, ""candidate_status"": ""Accepted"", ""rejection_reason"": null, ""validation_record_status"": ""valid""}, {""row_index"": 490, ""target_field"": ""permit_type"", ""algorithm"": ""association_rules"", ""predicted_value"": ""Electrical OTC"", ""confidence"": 1.0, ""prediction_source"": ""matched_rules"", ""passes_threshold"": true, ""candidate_status"": ""Accepted"", ""rejection_reason"": null, ""validation_record_status"": ""valid""}, {""row_index"": 490, ""target_field"": ""permit_type"", ""algorithm"": ""clustering"", ""predicted_value"": ""Electrical OTC"", ""confidence"": 0.5128205128205128, ""prediction_source"": ""cluster_majority"", ""passes_threshold"": true, ""candidate_status"": ""Accepted"", ""rejection_reason"": null, ""validation_record_status"": ""valid""}, {""row_index"": 490, ""target_field"": ""permit_type"", ""algorithm"": ""knn"", ""predicted_value"": ""Electrical OTC"", ""confidence"": 1.0, ""prediction_source"": ""nearest_neighbors"", ""passes_threshold"": true, ""candidate_status"": ""Accepted"", ""rejection_reason"": null, ""validation_record_status"": ""valid""}]",
493,permit_type,Mechanical OTC,1,Mechanical OTC,0.9940036257146841,Accepted,unanimous_vote,association_rules,"[""association_rules"", ""clustering"", ""grouped_majority"", ""knn""]",4,4,4,4,0.0,valid,True,"[{""row_index"": 493, ""target_field"": ""permit_type"", ""algorithm"": ""grouped_majority"", ""predicted_value"": ""Mechanical OTC"", ""confidence"": 0.9900990099009901, ""prediction_source"": ""group_majority"", ""passes_threshold"": true, ""candidate_status"": ""Accepted"", ""rejection_reason"": null, ""validation_record_status"": ""valid""}, {""row_index"": 493, ""target_field"": ""permit_type"", ""algorithm"": ""association_rules"", ""predicted_value"": ""Mechanical OTC"", ""confidence"": 1.0, ""prediction_source"": ""matched_rules"", ""passes_threshold"": true, ""candidate_status"": ""Accepted"", ""rejection_reason"": null, ""validation_record_status"": ""valid""}, {""row_index"": 493, ""target_field"": ""permit_type"", ""algorithm"": ""clustering"", ""predicted_value"": ""Mechanical OTC"", ""confidence"": 0.9859154929577465, ""prediction_source"": ""cluster_majority"", ""passes_threshold"": true, ""candidate_status"": ""Accepted"", ""rejection_reason"": null, ""validation_record_status"": ""valid""}, {""row_index"": 493, ""target_field"": ""permit_type"", ""algorithm"": ""knn"", ""predicted_value"": ""Mechanical OTC"", ""confidence"": 1.0, ""prediction_source"": ""nearest_neighbors"", ""passes_threshold"": true, ""candidate_status"": ""Accepted"", ""rejection_reason"": null, ""validation_record_status"": ""valid""}]",
494,permit_type,Mechanical OTC,1,Mechanical OTC,0.9966996699669967,Accepted,majority_vote,association_rules,"[""association_rules"", ""grouped_majority"", ""knn""]",3,4,4,4,0.0,valid,True,"[{""row_index"": 494, ""target_field"": ""permit_type"", ""algorithm"": ""grouped_majority"", ""predicted_value"": ""Mechanical OTC"", ""confidence"": 0.9900990099009901, ""prediction_source"": ""group_majority"", ""passes_threshold"": true, ""candidate_status"": ""Accepted"", ""rejection_reason"": null, ""validation_record_status"": ""valid""}, {""row_index"": 494, ""target_field"": ""permit_type"", ""algorithm"": ""association_rules"", ""predicted_value"": ""Mechanical OTC"", ""confidence"": 1.0, ""prediction_source"": ""matched_rules"", ""passes_threshold"": true, ""candidate_status"": ""Accepted"", ""rejection_reason"": null, ""validation_record_status"": ""valid""}, {""row_index"": 494, ""target_field"": ""permit_type"", ""algorithm"": ""clustering"", ""predicted_value"": ""Electrical OTC"", ""confidence"": 0.5128205128205128, ""prediction_source"": ""cluster_majority"", ""passes_threshold"": true, ""candidate_status"": ""Accepted"", ""rejection_reason"": null, ""validation_record_status"": ""valid""}, {""row_index"": 494, ""target_field"": ""permit_type"", ""algorithm"": ""knn"", ""predicted_value"": ""Mechanical OTC"", ""confidence"": 1.0, ""prediction_source"": ""nearest_neighbors"", ""passes_threshold"": true, ""candidate_status"": ""Accepted"", ""rejection_reason"": null, ""validation_record_status"": ""valid""}]",
498,permit_type,Mechanical OTC,1,Mechanical OTC,0.9966996699669967,Accepted,majority_vote,association_rules,"[""association_rules"", ""grouped_majority"", ""knn""]",3,4,4,4,0.0,valid,True,"[{""row_index"": 498, ""target_field"": ""permit_type"", ""algorithm"": ""grouped_majority"", ""predicted_value"": ""Mechanical OTC"", ""confidence"": 0.9900990099009901, ""prediction_source"": ""group_majority"", ""passes_threshold"": true, ""candidate_status"": ""Accepted"", ""rejection_reason"": null, ""validation_record_status"": ""valid""}, {""row_index"": 498, ""target_field"": ""permit_type"", ""algorithm"": ""association_rules"", ""predicted_value"": ""Mechanical OTC"", ""confidence"": 1.0, ""prediction_source"": ""matched_rules"", ""passes_threshold"": true, ""candidate_status"": ""Accepted"", ""rejection_reason"": null, ""validation_record_status"": ""valid""}, {""row_index"": 498, ""target_field"": ""permit_type"", ""algorithm"": ""clustering"", ""predicted_value"": ""Electrical OTC"", ""confidence"": 0.5128205128205128, ""prediction_source"": ""cluster_majority"", ""passes_threshold"": true, ""candidate_status"": ""Accepted"", ""rejection_reason"": null, ""validation_record_status"": ""valid""}, {""row_index"": 498, ""target_field"": ""permit_type"", ""algorithm"": ""knn"", ""predicted_value"": ""Mechanical OTC"", ""confidence"": 1.0, ""prediction_source"": ""nearest_neighbors"", ""passes_threshold"": true, ""candidate_status"": ""Accepted"", ""rejection_reason"": null, ""validation_record_status"": ""valid""}]",
500,permit_type,Mechanical OTC,1,Mechanical OTC,0.9940036257146841,Accepted,unanimous_vote,association_rules,"[""association_rules"", ""clustering"", ""grouped_majority"", ""knn""]",4,4,4,4,0.0,valid,True,"[{""row_index"": 500, ""target_field"": ""permit_type"", ""algorithm"": ""grouped_majority"", ""predicted_value"": ""Mechanical OTC"", ""confidence"": 0.9900990099009901, ""prediction_source"": ""group_majority"", ""passes_threshold"": true, ""candidate_status"": ""Accepted"", ""rejection_reason"": null, ""validation_record_status"": ""valid""}, {""row_index"": 500, ""target_field"": ""permit_type"", ""algorithm"": ""association_rules"", ""predicted_value"": ""Mechanical OTC"", ""confidence"": 1.0, ""prediction_source"": ""matched_rules"", ""passes_threshold"": true, ""candidate_status"": ""Accepted"", ""rejection_reason"": null, ""validation_record_status"": ""valid""}, {""row_index"": 500, ""target_field"": ""permit_type"", ""algorithm"": ""clustering"", ""predicted_value"": ""Mechanical OTC"", ""confidence"": 0.9859154929577465, ""prediction_source"": ""cluster_majority"", ""passes_threshold"": true, ""candidate_status"": ""Accepted"", ""rejection_reason"": null, ""validation_record_status"": ""valid""}, {""row_index"": 500, ""target_field"": ""permit_type"", ""algorithm"": ""knn"", ""predicted_value"": ""Mechanical OTC"", ""confidence"": 1.0, ""prediction_source"": ""nearest_neighbors"", ""passes_threshold"": true, ""candidate_status"": ""Accepted"", ""rejection_reason"": null, ""validation_record_status"": ""valid""}]",
501,permit_type,Mechanical OTC,1,Mechanical OTC,0.9916451351486464,Accepted,unanimous_vote,knn,"[""association_rules"", ""clustering"", ""grouped_majority"", ""knn""]",4,4,4,4,0.0,valid,True,"[{""row_index"": 501, ""target_field"": ""permit_type"", ""algorithm"": ""grouped_majority"", ""predicted_value"": ""Mechanical OTC"", ""confidence"": 0.9900990099009901, ""prediction_source"": ""group_majority"", ""passes_threshold"": true, ""candidate_status"": ""Accepted"", ""rejection_reason"": null, ""validation_record_status"": ""valid""}, {""row_index"": 501, ""target_field"": ""permit_type"", ""algorithm"": ""association_rules"", ""predicted_value"": ""Mechanical OTC"", ""confidence"": 0.9905660377358491, ""prediction_source"": ""matched_rules"", ""passes_threshold"": true, ""candidate_status"": ""Accepted"", ""rejection_reason"": null, ""validation_record_status"": ""valid""}, {""row_index"": 501, ""target_field"": ""permit_type"", ""algorithm"": ""clustering"", ""predicted_value"": ""Mechanical OTC"", ""confidence"": 0.9859154929577465, ""prediction_source"": ""cluster_majority"", ""passes_threshold"": true, ""candidate_status"": ""Accepted"", ""rejection_reason"": null, ""validation_record_status"": ""valid""}, {""row_index"": 501, ""target_field"": ""permit_type"", ""algorithm"": ""knn"", ""predicted_value"": ""Mechanical OTC"", ""confidence"": 1.0, ""prediction_source"": ""nearest_neighbors"", ""passes_threshold"": true, ""candidate_status"": ""Accepted"", ""rejection_reason"": null, ""validation_record_status"": ""valid""}]",
506,permit_type,Plumbing OTC,1,Plumbing OTC,0.9927226704635342,Accepted,majority_vote,knn,"[""association_rules"", ""grouped_majority"", ""knn""]",3,4,4,4,0.0,valid,True,"[{""row_index"": 506, ""target_field"": ""permit_type"", ""algorithm"": ""grouped_majority"", ""predicted_value"": ""Plumbing OTC"", ""confidence"": 0.9883720930232558, ""prediction_source"": ""group_majority"", ""passes_threshold"": true, ""candidate_status"": ""Accepted"", ""rejection_reason"": null, ""validation_record_status"": ""valid""}, {""row_index"": 506, ""target_field"": ""permit_type"", ""algorithm"": ""association_rules"", ""predicted_value"": ""Plumbing OTC"", ""confidence"": 0.9897959183673469, ""prediction_source"": ""matched_rules"", ""passes_threshold"": true, ""candidate_status"": ""Accepted"", ""rejection_reason"": null, ""validation_record_status"": ""valid""}, {""row_index"": 506, ""target_field"": ""permit_type"", ""algorithm"": ""clustering"", ""predicted_value"": ""Building - Full Plan Check"", ""confidence"": 0.3333333333333333, ""prediction_source"": ""cluster_majority"", ""passes_threshold"": true, ""candidate_status"": ""Accepted"", ""rejection_reason"": null, ""validation_record_status"": ""valid""}, {""row_index"": 506, ""target_field"": ""permit_type"", ""algorithm"": ""knn"", ""predicted_value"": ""Plumbing OTC"", ""confidence"": 1.0, ""prediction_source"": ""nearest_neighbors"", ""passes_threshold"": true, ""candidate_status"": ""Accepted"", ""rejection_reason"": null, ""validation_record_status"": ""valid""}]",
507,permit_type,Plumbing OTC,1,Plumbing OTC,0.997093023255814,Accepted,unanimous_vote,association_rules,"[""association_rules"", ""clustering"", ""grouped_majority"", ""knn""]",4,4,4,4,0.0,valid,True,"[{""row_index"": 507, ""target_field"": ""permit_type"", ""algorithm"": ""grouped_majority"", ""predicted_value"": ""Plumbing OTC"", ""confidence"": 0.9883720930232558, ""prediction_source"": ""group_majority"", ""passes_threshold"": true, ""candidate_status"": ""Accepted"", ""rejection_reason"": null, ""validation_record_status"": ""valid""}, {""row_index"": 507, ""target_field"": ""permit_type"", ""algorithm"": ""association_rules"", ""predicted_value"": ""Plumbing OTC"", ""confidence"": 1.0, ""prediction_source"": ""matched_rules"", ""passes_threshold"": true, ""candidate_status"": ""Accepted"", ""rejection_reason"": null, ""validation_record_status"": ""valid""}, {""row_index"": 507, ""target_field"": ""permit_type"", ""algorithm"": ""clustering"", ""predicted_value"": ""Plumbing OTC"", ""confidence"": 1.0, ""prediction_source"": ""cluster_majority"", ""passes_threshold"": true, ""candidate_status"": ""Accepted"", ""rejection_reason"": null, ""validation_record_status"": ""valid""}, {""row_index"": 507, ""target_field"": ""permit_type"", ""algorithm"": ""knn"", ""predicted_value"": ""Plumbing OTC"", ""confidence"": 1.0, ""prediction_source"": ""nearest_neighbors"", ""passes_threshold"": true, ""candidate_status"": ""Accepted"", ""rejection_reason"": null, ""validation_record_status"": ""valid""}]",
510,permit_type,Plumbing OTC,1,Plumbing OTC,0.997093023255814,Accepted,unanimous_vote,association_rules,"[""association_rules"", ""clustering"", ""grouped_majority"", ""knn""]",4,4,4,4,0.0,valid,True,"[{""row_index"": 510, ""target_field"": ""permit_type"", ""algorithm"": ""grouped_majority"", ""predicted_value"": ""Plumbing OTC"", ""confidence"": 0.9883720930232558, ""prediction_source"": ""group_majority"", ""passes_threshold"": true, ""candidate_status"": ""Accepted"", ""rejection_reason"": null, ""validation_record_status"": ""valid""}, {""row_index"": 510, ""target_field"": ""permit_type"", ""algorithm"": ""association_rules"", ""predicted_value"": ""Plumbing OTC"", ""confidence"": 1.0, ""prediction_source"": ""matched_rules"", ""passes_threshold"": true, ""candidate_status"": ""Accepted"", ""rejection_reason"": null, ""validation_record_status"": ""valid""}, {""row_index"": 510, ""target_field"": ""permit_type"", ""algorithm"": ""clustering"", ""predicted_value"": ""Plumbing OTC"", ""confidence"": 1.0, ""prediction_source"": ""cluster_majority"", ""passes_threshold"": true, ""candidate_status"": ""Accepted"", ""rejection_reason"": null, ""validation_record_status"": ""valid""}, {""row_index"": 510, ""target_field"": ""permit_type"", ""algorithm"": ""knn"", ""predicted_value"": ""Plumbing OTC"", ""confidence"": 1.0, ""prediction_source"": ""nearest_neighbors"", ""passes_threshold"": true, ""candidate_status"": ""Accepted"", ""rejection_reason"": null, ""validation_record_status"": ""valid""}]",
512,permit_type,Plumbing OTC,1,Plumbing OTC,0.9890840056953014,Accepted,majority_vote,association_rules,"[""association_rules"", ""grouped_majority""]",2,4,4,4,0.0,valid,True,"[{""row_index"": 512, ""target_field"": ""permit_type"", ""algorithm"": ""grouped_majority"", ""predicted_value"": ""Plumbing OTC"", ""confidence"": 0.9883720930232558, ""prediction_source"": ""group_majority"", ""passes_threshold"": true, ""candidate_status"": ""Accepted"", ""rejection_reason"": null, ""validation_record_status"": ""valid""}, {""row_index"": 512, ""target_field"": ""permit_type"", ""algorithm"": ""association_rules"", ""predicted_value"": ""Plumbing OTC"", ""confidence"": 0.9897959183673469, ""prediction_source"": ""matched_rules"", ""passes_threshold"": true, ""candidate_status"": ""Accepted"", ""rejection_reason"": null, ""validation_record_status"": ""valid""}, {""row_index"": 512, ""target_field"": ""permit_type"", ""algorithm"": ""clustering"", ""predicted_value"": ""Electrical OTC"", ""confidence"": 0.5128205128205128, ""prediction_source"": ""cluster_majority"", ""passes_threshold"": true, ""candidate_status"": ""Accepted"", ""rejection_reason"": null, ""validation_record_status"": ""valid""}, {""row_index"": 512, ""target_field"": ""permit_type"", ""algorithm"": ""knn"", ""predicted_value"": ""Building Permit OTC"", ""confidence"": 0.4, ""prediction_source"": ""nearest_neighbors"", ""passes_threshold"": true, ""candidate_status"": ""Accepted"", ""rejection_reason"": null, ""validation_record_status"": ""valid""}]",
518,permit_type,Plumbing OTC,1,Plumbing OTC,0.9260560037968677,Accepted,majority_vote,association_rules,"[""association_rules"", ""grouped_majority"", ""knn""]",3,4,4,4,0.0,valid,True,"[{""row_index"": 518, ""target_field"": ""permit_type"", ""algorithm"": ""grouped_majority"", ""predicted_value"": ""Plumbing OTC"", ""confidence"": 0.9883720930232558, ""prediction_source"": ""group_majority"", ""passes_threshold"": true, ""candidate_status"": ""Accepted"", ""rejection_reason"": null, ""validation_record_status"": ""valid""}, {""row_index"": 518, ""target_field"": ""permit_type"", ""algorithm"": ""association_rules"", ""predicted_value"": ""Plumbing OTC"", ""confidence"": 0.9897959183673469, ""prediction_source"": ""matched_rules"", ""passes_threshold"": true, ""candidate_status"": ""Accepted"", ""rejection_reason"": null, ""validation_record_status"": ""valid""}, {""row_index"": 518, ""target_field"": ""permit_type"", ""algorithm"": ""clustering"", ""predicted_value"": ""Electrical OTC"", ""confidence"": 0.5128205128205128, ""prediction_source"": ""cluster_majority"", ""passes_threshold"": true, ""candidate_status"": ""Accepted"", ""rejection_reason"": null, ""validation_record_status"": ""valid""}, {""row_index"": 518, ""target_field"": ""permit_type"", ""algorithm"": ""knn"", ""predicted_value"": ""Plumbing OTC"", ""confidence"": 0.8, ""prediction_source"": ""nearest_neighbors"", ""passes_threshold"": true, ""candidate_status"": ""Accepted"", ""rejection_reason"": null, ""validation_record_status"": ""valid""}]",
519,permit_type,Plumbing OTC,1,Plumbing OTC,0.997093023255814,Accepted,unanimous_vote,association_rules,"[""association_rules"", ""clustering"", ""grouped_majority"", ""knn""]",4,4,4,4,0.0,valid,True,"[{""row_index"": 519, ""target_field"": ""permit_type"", ""algorithm"": ""grouped_majority"", ""predicted_value"": ""Plumbing OTC"", ""confidence"": 0.9883720930232558, ""prediction_source"": ""group_majority"", ""passes_threshold"": true, ""candidate_status"": ""Accepted"", ""rejection_reason"": null, ""validation_record_status"": ""valid""}, {""row_index"": 519, ""target_field"": ""permit_type"", ""algorithm"": ""association_rules"", ""predicted_value"": ""Plumbing OTC"", ""confidence"": 1.0, ""prediction_source"": ""matched_rules"", ""passes_threshold"": true, ""candidate_status"": ""Accepted"", ""rejection_reason"": null, ""validation_record_status"": ""valid""}, {""row_index"": 519, ""target_field"": ""permit_type"", ""algorithm"": ""clustering"", ""predicted_value"": ""Plumbing OTC"", ""confidence"": 1.0, ""prediction_source"": ""cluster_majority"", ""passes_threshold"": true, ""candidate_status"": ""Accepted"", ""rejection_reason"": null, ""validation_record_status"": ""valid""}, {""row_index"": 519, ""target_field"": ""permit_type"", ""algorithm"": ""knn"", ""predicted_value"": ""Plumbing OTC"", ""confidence"": 1.0, ""prediction_source"": ""nearest_neighbors"", ""passes_threshold"": true, ""candidate_status"": ""Accepted"", ""rejection_reason"": null, ""validation_record_status"": ""valid""}]",
525,permit_type,Residential Building Report,1,Residential Building Report,0.9637064220183487,Accepted,unanimous_vote,association_rules,"[""association_rules"", ""clustering"", ""grouped_majority"", ""knn""]",4,4,4,4,0.0,valid,True,"[{""row_index"": 525, ""target_field"": ""permit_type"", ""algorithm"": ""grouped_majority"", ""predicted_value"": ""Residential Building Report"", ""confidence"": 0.9908256880733946, ""prediction_source"": ""group_majority"", ""passes_threshold"": true, ""candidate_status"": ""Accepted"", ""rejection_reason"": null, ""validation_record_status"": ""valid""}, {""row_index"": 525, ""target_field"": ""permit_type"", ""algorithm"": ""association_rules"", ""predicted_value"": ""Residential Building Report"", ""confidence"": 1.0, ""prediction_source"": ""matched_rules"", ""passes_threshold"": true, ""candidate_status"": ""Accepted"", ""rejection_reason"": null, ""validation_record_status"": ""valid""}, {""row_index"": 525, ""target_field"": ""permit_type"", ""algorithm"": ""clustering"", ""predicted_value"": ""Residential Building Report"", ""confidence"": 0.864, ""prediction_source"": ""cluster_majority"", ""passes_threshold"": true, ""candidate_status"": ""Accepted"", ""rejection_reason"": null, ""validation_record_status"": ""valid""}, {""row_index"": 525, ""target_field"": ""permit_type"", ""algorithm"": ""knn"", ""predicted_value"": ""Residential Building Report"", ""confidence"": 1.0, ""prediction_source"": ""nearest_neighbors"", ""passes_threshold"": true, ""candidate_status"": ""Accepted"", ""rejection_reason"": null, ""validation_record_status"": ""valid""}]",
527,permit_type,Residential Building Report,1,Residential Building Report,0.9637064220183487,Accepted,unanimous_vote,association_rules,"[""association_rules"", ""clustering"", ""grouped_majority"", ""knn""]",4,4,4,4,0.0,valid,True,"[{""row_index"": 527, ""target_field"": ""permit_type"", ""algorithm"": ""grouped_majority"", ""predicted_value"": ""Residential Building Report"", ""confidence"": 0.9908256880733946, ""prediction_source"": ""group_majority"", ""passes_threshold"": true, ""candidate_status"": ""Accepted"", ""rejection_reason"": null, ""validation_record_status"": ""valid""}, {""row_index"": 527, ""target_field"": ""permit_type"", ""algorithm"": ""association_rules"", ""predicted_value"": ""Residential Building Report"", ""confidence"": 1.0, ""prediction_source"": ""matched_rules"", ""passes_threshold"": true, ""candidate_status"": ""Accepted"", ""rejection_reason"": null, ""validation_record_status"": ""valid""}, {""row_index"": 527, ""target_field"": ""permit_type"", ""algorithm"": ""clustering"", ""predicted_value"": ""Residential Building Report"", ""confidence"": 0.864, ""prediction_source"": ""cluster_majority"", ""passes_threshold"": true, ""candidate_status"": ""Accepted"", ""rejection_reason"": null, ""validation_record_status"": ""valid""}, {""row_index"": 527, ""target_field"": ""permit_type"", ""algorithm"": ""knn"", ""predicted_value"": ""Residential Building Report"", ""confidence"": 1.0, ""prediction_source"": ""nearest_neighbors"", ""passes_threshold"": true, ""candidate_status"": ""Accepted"", ""rejection_reason"": null, ""validation_record_status"": ""valid""}]",
528,permit_type,Residential Building Report,1,Residential Building Report,0.9637064220183487,Accepted,unanimous_vote,association_rules,"[""association_rules"", ""clustering"", ""grouped_majority"", ""knn""]",4,4,4,4,0.0,valid,True,"[{""row_index"": 528, ""target_field"": ""permit_type"", ""algorithm"": ""grouped_majority"", ""predicted_value"": ""Residential Building Report"", ""confidence"": 0.9908256880733946, ""prediction_source"": ""group_majority"", ""passes_threshold"": true, ""candidate_status"": ""Accepted"", ""rejection_reason"": null, ""validation_record_status"": ""valid""}, {""row_index"": 528, ""target_field"": ""permit_type"", ""algorithm"": ""association_rules"", ""predicted_value"": ""Residential Building Report"", ""confidence"": 1.0, ""prediction_source"": ""matched_rules"", ""passes_threshold"": true, ""candidate_status"": ""Accepted"", ""rejection_reason"": null, ""validation_record_status"": ""valid""}, {""row_index"": 528, ""target_field"": ""permit_type"", ""algorithm"": ""clustering"", ""predicted_value"": ""Residential Building Report"", ""confidence"": 0.864, ""prediction_source"": ""cluster_majority"", ""passes_threshold"": true, ""candidate_status"": ""Accepted"", ""rejection_reason"": null, ""validation_record_status"": ""valid""}, {""row_index"": 528, ""target_field"": ""permit_type"", ""algorithm"": ""knn"", ""predicted_value"": ""Residential Building Report"", ""confidence"": 1.0, ""prediction_source"": ""nearest_neighbors"", ""passes_threshold"": true, ""candidate_status"": ""Accepted"", ""rejection_reason"": null, ""validation_record_status"": ""valid""}]",
529,permit_type,Residential Building Report,1,Residential Building Report,0.9637064220183487,Accepted,unanimous_vote,association_rules,"[""association_rules"", ""clustering"", ""grouped_majority"", ""knn""]",4,4,4,4,0.0,valid,True,"[{""row_index"": 529, ""target_field"": ""permit_type"", ""algorithm"": ""grouped_majority"", ""predicted_value"": ""Residential Building Report"", ""confidence"": 0.9908256880733946, ""prediction_source"": ""group_majority"", ""passes_threshold"": true, ""candidate_status"": ""Accepted"", ""rejection_reason"": null, ""validation_record_status"": ""valid""}, {""row_index"": 529, ""target_field"": ""permit_type"", ""algorithm"": ""association_rules"", ""predicted_value"": ""Residential Building Report"", ""confidence"": 1.0, ""prediction_source"": ""matched_rules"", ""passes_threshold"": true, ""candidate_status"": ""Accepted"", ""rejection_reason"": null, ""validation_record_status"": ""valid""}, {""row_index"": 529, ""target_field"": ""permit_type"", ""algorithm"": ""clustering"", ""predicted_value"": ""Residential Building Report"", ""confidence"": 0.864, ""prediction_source"": ""cluster_majority"", ""passes_threshold"": true, ""candidate_status"": ""Accepted"", ""rejection_reason"": null, ""validation_record_status"": ""valid""}, {""row_index"": 529, ""target_field"": ""permit_type"", ""algorithm"": ""knn"", ""predicted_value"": ""Residential Building Report"", ""confidence"": 1.0, ""prediction_source"": ""nearest_neighbors"", ""passes_threshold"": true, ""candidate_status"": ""Accepted"", ""rejection_reason"": null, ""validation_record_status"": ""valid""}]",
531,permit_type,Residential Building Report,1,Residential Building Report,0.9637064220183487,Accepted,unanimous_vote,association_rules,"[""association_rules"", ""clustering"", ""grouped_majority"", ""knn""]",4,4,4,4,0.0,valid,True,"[{""row_index"": 531, ""target_field"": ""permit_type"", ""algorithm"": ""grouped_majority"", ""predicted_value"": ""Residential Building Report"", ""confidence"": 0.9908256880733946, ""prediction_source"": ""group_majority"", ""passes_threshold"": true, ""candidate_status"": ""Accepted"", ""rejection_reason"": null, ""validation_record_status"": ""valid""}, {""row_index"": 531, ""target_field"": ""permit_type"", ""algorithm"": ""association_rules"", ""predicted_value"": ""Residential Building Report"", ""confidence"": 1.0, ""prediction_source"": ""matched_rules"", ""passes_threshold"": true, ""candidate_status"": ""Accepted"", ""rejection_reason"": null, ""validation_record_status"": ""valid""}, {""row_index"": 531, ""target_field"": ""permit_type"", ""algorithm"": ""clustering"", ""predicted_value"": ""Residential Building Report"", ""confidence"": 0.864, ""prediction_source"": ""cluster_majority"", ""passes_threshold"": true, ""candidate_status"": ""Accepted"", ""rejection_reason"": null, ""validation_record_status"": ""valid""}, {""row_index"": 531, ""target_field"": ""permit_type"", ""algorithm"": ""knn"", ""predicted_value"": ""Residential Building Report"", ""confidence"": 1.0, ""prediction_source"": ""nearest_neighbors"", ""passes_threshold"": true, ""candidate_status"": ""Accepted"", ""rejection_reason"": null, ""validation_record_status"": ""valid""}]",
532,permit_type,Residential Building Report,1,Residential Building Report,0.9637064220183487,Accepted,unanimous_vote,association_rules,"[""association_rules"", ""clustering"", ""grouped_majority"", ""knn""]",4,4,4,4,0.0,valid,True,"[{""row_index"": 532, ""target_field"": ""permit_type"", ""algorithm"": ""grouped_majority"", ""predicted_value"": ""Residential Building Report"", ""confidence"": 0.9908256880733946, ""prediction_source"": ""group_majority"", ""passes_threshold"": true, ""candidate_status"": ""Accepted"", ""rejection_reason"": null, ""validation_record_status"": ""valid""}, {""row_index"": 532, ""target_field"": ""permit_type"", ""algorithm"": ""association_rules"", ""predicted_value"": ""Residential Building Report"", ""confidence"": 1.0, ""prediction_source"": ""matched_rules"", ""passes_threshold"": true, ""candidate_status"": ""Accepted"", ""rejection_reason"": null, ""validation_record_status"": ""valid""}, {""row_index"": 532, ""target_field"": ""permit_type"", ""algorithm"": ""clustering"", ""predicted_value"": ""Residential Building Report"", ""confidence"": 0.864, ""prediction_source"": ""cluster_majority"", ""passes_threshold"": true, ""candidate_status"": ""Accepted"", ""rejection_reason"": null, ""validation_record_status"": ""valid""}, {""row_index"": 532, ""target_field"": ""permit_type"", ""algorithm"": ""knn"", ""predicted_value"": ""Residential Building Report"", ""confidence"": 1.0, ""prediction_source"": ""nearest_neighbors"", ""passes_threshold"": true, ""candidate_status"": ""Accepted"", ""rejection_reason"": null, ""validation_record_status"": ""valid""}]",
533,permit_type,Residential Building Report,1,Residential Building Report,0.9637064220183487,Accepted,unanimous_vote,association_rules,"[""association_rules"", ""clustering"", ""grouped_majority"", ""knn""]",4,4,4,4,0.0,valid,True,"[{""row_index"": 533, ""target_field"": ""permit_type"", ""algorithm"": ""grouped_majority"", ""predicted_value"": ""Residential Building Report"", ""confidence"": 0.9908256880733946, ""prediction_source"": ""group_majority"", ""passes_threshold"": true, ""candidate_status"": ""Accepted"", ""rejection_reason"": null, ""validation_record_status"": ""valid""}, {""row_index"": 533, ""target_field"": ""permit_type"", ""algorithm"": ""association_rules"", ""predicted_value"": ""Residential Building Report"", ""confidence"": 1.0, ""prediction_source"": ""matched_rules"", ""passes_threshold"": true, ""candidate_status"": ""Accepted"", ""rejection_reason"": null, ""validation_record_status"": ""valid""}, {""row_index"": 533, ""target_field"": ""permit_type"", ""algorithm"": ""clustering"", ""predicted_value"": ""Residential Building Report"", ""confidence"": 0.864, ""prediction_source"": ""cluster_majority"", ""passes_threshold"": true, ""candidate_status"": ""Accepted"", ""rejection_reason"": null, ""validation_record_status"": ""valid""}, {""row_index"": 533, ""target_field"": ""permit_type"", ""algorithm"": ""knn"", ""predicted_value"": ""Residential Building Report"", ""confidence"": 1.0, ""prediction_source"": ""nearest_neighbors"", ""passes_threshold"": true, ""candidate_status"": ""Accepted"", ""rejection_reason"": null, ""validation_record_status"": ""valid""}]",
534,permit_type,Residential Building Report,1,Residential Building Report,0.9637064220183487,Accepted,unanimous_vote,association_rules,"[""association_rules"", ""clustering"", ""grouped_majority"", ""knn""]",4,4,4,4,0.0,valid,True,"[{""row_index"": 534, ""target_field"": ""permit_type"", ""algorithm"": ""grouped_majority"", ""predicted_value"": ""Residential Building Report"", ""confidence"": 0.9908256880733946, ""prediction_source"": ""group_majority"", ""passes_threshold"": true, ""candidate_status"": ""Accepted"", ""rejection_reason"": null, ""validation_record_status"": ""valid""}, {""row_index"": 534, ""target_field"": ""permit_type"", ""algorithm"": ""association_rules"", ""predicted_value"": ""Residential Building Report"", ""confidence"": 1.0, ""prediction_source"": ""matched_rules"", ""passes_threshold"": true, ""candidate_status"": ""Accepted"", ""rejection_reason"": null, ""validation_record_status"": ""valid""}, {""row_index"": 534, ""target_field"": ""permit_type"", ""algorithm"": ""clustering"", ""predicted_value"": ""Residential Building Report"", ""confidence"": 0.864, ""prediction_source"": ""cluster_majority"", ""passes_threshold"": true, ""candidate_status"": ""Accepted"", ""rejection_reason"": null, ""validation_record_status"": ""valid""}, {""row_index"": 534, ""target_field"": ""permit_type"", ""algorithm"": ""knn"", ""predicted_value"": ""Residential Building Report"", ""confidence"": 1.0, ""prediction_source"": ""nearest_neighbors"", ""passes_threshold"": true, ""candidate_status"": ""Accepted"", ""rejection_reason"": null, ""validation_record_status"": ""valid""}]",
536,permit_type,Residential Building Report,1,Residential Building Report,0.9637064220183487,Accepted,unanimous_vote,association_rules,"[""association_rules"", ""clustering"", ""grouped_majority"", ""knn""]",4,4,4,4,0.0,valid,True,"[{""row_index"": 536, ""target_field"": ""permit_type"", ""algorithm"": ""grouped_majority"", ""predicted_value"": ""Residential Building Report"", ""confidence"": 0.9908256880733946, ""prediction_source"": ""group_majority"", ""passes_threshold"": true, ""candidate_status"": ""Accepted"", ""rejection_reason"": null, ""validation_record_status"": ""valid""}, {""row_index"": 536, ""target_field"": ""permit_type"", ""algorithm"": ""association_rules"", ""predicted_value"": ""Residential Building Report"", ""confidence"": 1.0, ""prediction_source"": ""matched_rules"", ""passes_threshold"": true, ""candidate_status"": ""Accepted"", ""rejection_reason"": null, ""validation_record_status"": ""valid""}, {""row_index"": 536, ""target_field"": ""permit_type"", ""algorithm"": ""clustering"", ""predicted_value"": ""Residential Building Report"", ""confidence"": 0.864, ""prediction_source"": ""cluster_majority"", ""passes_threshold"": true, ""candidate_status"": ""Accepted"", ""rejection_reason"": null, ""validation_record_status"": ""valid""}, {""row_index"": 536, ""target_field"": ""permit_type"", ""algorithm"": ""knn"", ""predicted_value"": ""Residential Building Report"", ""confidence"": 1.0, ""prediction_source"": ""nearest_neighbors"", ""passes_threshold"": true, ""candidate_status"": ""Accepted"", ""rejection_reason"": null, ""validation_record_status"": ""valid""}]",
537,permit_type,Residential Building Report,1,Residential Building Report,0.9637064220183487,Accepted,unanimous_vote,association_rules,"[""association_rules"", ""clustering"", ""grouped_majority"", ""knn""]",4,4,4,4,0.0,valid,True,"[{""row_index"": 537, ""target_field"": ""permit_type"", ""algorithm"": ""grouped_majority"", ""predicted_value"": ""Residential Building Report"", ""confidence"": 0.9908256880733946, ""prediction_source"": ""group_majority"", ""passes_threshold"": true, ""candidate_status"": ""Accepted"", ""rejection_reason"": null, ""validation_record_status"": ""valid""}, {""row_index"": 537, ""target_field"": ""permit_type"", ""algorithm"": ""association_rules"", ""predicted_value"": ""Residential Building Report"", ""confidence"": 1.0, ""prediction_source"": ""matched_rules"", ""passes_threshold"": true, ""candidate_status"": ""Accepted"", ""rejection_reason"": null, ""validation_record_status"": ""valid""}, {""row_index"": 537, ""target_field"": ""permit_type"", ""algorithm"": ""clustering"", ""predicted_value"": ""Residential Building Report"", ""confidence"": 0.864, ""prediction_source"": ""cluster_majority"", ""passes_threshold"": true, ""candidate_status"": ""Accepted"", ""rejection_reason"": null, ""validation_record_status"": ""valid""}, {""row_index"": 537, ""target_field"": ""permit_type"", ""algorithm"": ""knn"", ""predicted_value"": ""Residential Building Report"", ""confidence"": 1.0, ""prediction_source"": ""nearest_neighbors"", ""passes_threshold"": true, ""candidate_status"": ""Accepted"", ""rejection_reason"": null, ""validation_record_status"": ""valid""}]",
538,permit_type,Residential Building Report,1,Residential Building Report,0.9637064220183487,Accepted,unanimous_vote,association_rules,"[""association_rules"", ""clustering"", ""grouped_majority"", ""knn""]",4,4,4,4,0.0,valid,True,"[{""row_index"": 538, ""target_field"": ""permit_type"", ""algorithm"": ""grouped_majority"", ""predicted_value"": ""Residential Building Report"", ""confidence"": 0.9908256880733946, ""prediction_source"": ""group_majority"", ""passes_threshold"": true, ""candidate_status"": ""Accepted"", ""rejection_reason"": null, ""validation_record_status"": ""valid""}, {""row_index"": 538, ""target_field"": ""permit_type"", ""algorithm"": ""association_rules"", ""predicted_value"": ""Residential Building Report"", ""confidence"": 1.0, ""prediction_source"": ""matched_rules"", ""passes_threshold"": true, ""candidate_status"": ""Accepted"", ""rejection_reason"": null, ""validation_record_status"": ""valid""}, {""row_index"": 538, ""target_field"": ""permit_type"", ""algorithm"": ""clustering"", ""predicted_value"": ""Residential Building Report"", ""confidence"": 0.864, ""prediction_source"": ""cluster_majority"", ""passes_threshold"": true, ""candidate_status"": ""Accepted"", ""rejection_reason"": null, ""validation_record_status"": ""valid""}, {""row_index"": 538, ""target_field"": ""permit_type"", ""algorithm"": ""knn"", ""predicted_value"": ""Residential Building Report"", ""confidence"": 1.0, ""prediction_source"": ""nearest_neighbors"", ""passes_threshold"": true, ""candidate_status"": ""Accepted"", ""rejection_reason"": null, ""validation_record_status"": ""valid""}]",
541,permit_type,Solar Permit,1,Building Permit OTC,0.7132085419200171,Accepted,majority_vote,association_rules,"[""association_rules"", ""clustering"", ""grouped_majority""]",3,4,4,4,0.0,valid,True,"[{""row_index"": 541, ""target_field"": ""permit_type"", ""algorithm"": ""grouped_majority"", ""predicted_value"": ""Building Permit OTC"", ""confidence"": 0.5693950177935944, ""prediction_source"": ""group_majority"", ""passes_threshold"": true, ""candidate_status"": ""Accepted"", ""rejection_reason"": null, ""validation_record_status"": ""valid""}, {""row_index"": 541, ""target_field"": ""permit_type"", ""algorithm"": ""association_rules"", ""predicted_value"": ""Building Permit OTC"", ""confidence"": 0.7924528301886792, ""prediction_source"": ""matched_rules"", ""passes_threshold"": true, ""candidate_status"": ""Accepted"", ""rejection_reason"": null, ""validation_record_status"": ""valid""}, {""row_index"": 541, ""target_field"": ""permit_type"", ""algorithm"": ""clustering"", ""predicted_value"": ""Building Permit OTC"", ""confidence"": 0.7777777777777778, ""prediction_source"": ""cluster_majority"", ""passes_threshold"": true, ""candidate_status"": ""Accepted"", ""rejection_reason"": null, ""validation_record_status"": ""valid""}, {""row_index"": 541, ""target_field"": ""permit_type"", ""algorithm"": ""knn"", ""predicted_value"": ""Solar Permit"", ""confidence"": 1.0, ""prediction_source"": ""nearest_neighbors"", ""passes_threshold"": true, ""candidate_status"": ""Accepted"", ""rejection_reason"": null, ""validation_record_status"": ""valid""}]",
542,permit_type,Address Change,1,Residential Building Report,0.9637064220183487,Accepted,unanimous_vote,association_rules,"[""association_rules"", ""clustering"", ""grouped_majority"", ""knn""]",4,4,4,4,0.0,valid,True,"[{""row_index"": 542, ""target_field"": ""permit_type"", ""algorithm"": ""grouped_majority"", ""predicted_value"": ""Residential Building Report"", ""confidence"": 0.9908256880733946, ""prediction_source"": ""group_majority"", ""passes_threshold"": true, ""candidate_status"": ""Accepted"", ""rejection_reason"": null, ""validation_record_status"": ""valid""}, {""row_index"": 542, ""target_field"": ""permit_type"", ""algorithm"": ""association_rules"", ""predicted_value"": ""Residential Building Report"", ""confidence"": 1.0, ""prediction_source"": ""matched_rules"", ""passes_threshold"": true, ""candidate_status"": ""Accepted"", ""rejection_reason"": null, ""validation_record_status"": ""valid""}, {""row_index"": 542, ""target_field"": ""permit_type"", ""algorithm"": ""clustering"", ""predicted_value"": ""Residential Building Report"", ""confidence"": 0.864, ""prediction_source"": ""cluster_majority"", ""passes_threshold"": true, ""candidate_status"": ""Accepted"", ""rejection_reason"": null, ""validation_record_status"": ""valid""}, {""row_index"": 542, ""target_field"": ""permit_type"", ""algorithm"": ""knn"", ""predicted_value"": ""Residential Building Report"", ""confidence"": 1.0, ""prediction_source"": ""nearest_neighbors"", ""passes_threshold"": true, ""candidate_status"": ""Accepted"", ""rejection_reason"": null, ""validation_record_status"": ""valid""}]",
543,permit_type,Building - Full Plan Check,1,,0.7265409196609864,Requires Review,average_confidence_tiebreak,grouped_majority,"[""grouped_majority"", ""knn""]",2,4,4,4,0.0,valid,False,"[{""row_index"": 543, ""target_field"": ""permit_type"", ""algorithm"": ""grouped_majority"", ""predicted_value"": ""Building - Full Plan Check"", ""confidence"": 1.0, ""prediction_source"": ""group_majority"", ""passes_threshold"": true, ""candidate_status"": ""Accepted"", ""rejection_reason"": null, ""validation_record_status"": ""valid""}, {""row_index"": 543, ""target_field"": ""permit_type"", ""algorithm"": ""association_rules"", ""predicted_value"": ""Building Permit OTC"", ""confidence"": 0.6240601503759399, ""prediction_source"": ""matched_rules"", ""passes_threshold"": true, ""candidate_status"": ""Accepted"", ""rejection_reason"": null, ""validation_record_status"": ""valid""}, {""row_index"": 543, ""target_field"": ""permit_type"", ""algorithm"": ""clustering"", ""predicted_value"": ""Building Permit OTC"", ""confidence"": 0.6201550387596899, ""prediction_source"": ""cluster_majority"", ""passes_threshold"": true, ""candidate_status"": ""Accepted"", ""rejection_reason"": null, ""validation_record_status"": ""valid""}, {""row_index"": 543, ""target_field"": ""permit_type"", ""algorithm"": ""knn"", ""predicted_value"": ""Building - Full Plan Check"", ""confidence"": 0.4530818393219728, ""prediction_source"": ""nearest_neighbors"", ""passes_threshold"": true, ""candidate_status"": ""Accepted"", ""rejection_reason"": null, ""validation_record_status"": ""valid""}]",
544,permit_type,Building - Full Plan Check,1,Building Permit OTC,0.6045367356430748,Accepted,majority_vote,association_rules,"[""association_rules"", ""clustering"", ""grouped_majority""]",3,4,4,4,0.0,valid,True,"[{""row_index"": 544, ""target_field"": ""permit_type"", ""algorithm"": ""grouped_majority"", ""predicted_value"": ""Building Permit OTC"", ""confidence"": 0.5693950177935944, ""prediction_source"": ""group_majority"", ""passes_threshold"": true, ""candidate_status"": ""Accepted"", ""rejection_reason"": null, ""validation_record_status"": ""valid""}, {""row_index"": 544, ""target_field"": ""permit_type"", ""algorithm"": ""association_rules"", ""predicted_value"": ""Building Permit OTC"", ""confidence"": 0.6240601503759399, ""prediction_source"": ""matched_rules"", ""passes_threshold"": true, ""candidate_status"": ""Accepted"", ""rejection_reason"": null, ""validation_record_status"": ""valid""}, {""row_index"": 544, ""target_field"": ""permit_type"", ""algorithm"": ""clustering"", ""predicted_value"": ""Building Permit OTC"", ""confidence"": 0.6201550387596899, ""prediction_source"": ""cluster_majority"", ""passes_threshold"": true, ""candidate_status"": ""Accepted"", ""rejection_reason"": null, ""validation_record_status"": ""valid""}, {""row_index"": 544, ""target_field"": ""permit_type"", ""algorithm"": ""knn"", ""predicted_value"": ""Building - Full Plan Check"", ""confidence"": 0.6666666666666666, ""prediction_source"": ""nearest_neighbors"", ""passes_threshold"": true, ""candidate_status"": ""Accepted"", ""rejection_reason"": null, ""validation_record_status"": ""valid""}]",
545,permit_type,Building - Full Plan Check,1,Building Permit OTC,0.6473875141383211,Accepted,unanimous_vote,association_rules,"[""association_rules"", ""clustering"", ""grouped_majority"", ""knn""]",4,4,4,4,0.0,valid,True,"[{""row_index"": 545, ""target_field"": ""permit_type"", ""algorithm"": ""grouped_majority"", ""predicted_value"": ""Building Permit OTC"", ""confidence"": 0.5693950177935944, ""prediction_source"": ""group_majority"", ""passes_threshold"": true, ""candidate_status"": ""Accepted"", ""rejection_reason"": null, ""validation_record_status"": ""valid""}, {""row_index"": 545, ""target_field"": ""permit_type"", ""algorithm"": ""association_rules"", ""predicted_value"": ""Building Permit OTC"", ""confidence"": 0.8, ""prediction_source"": ""matched_rules"", ""passes_threshold"": true, ""candidate_status"": ""Accepted"", ""rejection_reason"": null, ""validation_record_status"": ""valid""}, {""row_index"": 545, ""target_field"": ""permit_type"", ""algorithm"": ""clustering"", ""predicted_value"": ""Building Permit OTC"", ""confidence"": 0.6201550387596899, ""prediction_source"": ""cluster_majority"", ""passes_threshold"": true, ""candidate_status"": ""Accepted"", ""rejection_reason"": null, ""validation_record_status"": ""valid""}, {""row_index"": 545, ""target_field"": ""permit_type"", ""algorithm"": ""knn"", ""predicted_value"": ""Building Permit OTC"", ""confidence"": 0.6, ""prediction_source"": ""nearest_neighbors"", ""passes_threshold"": true, ""candidate_status"": ""Accepted"", ""rejection_reason"": null, ""validation_record_status"": ""valid""}]",
557,permit_type,Building - In House Plan Check,1,Building Permit OTC,0.5298500188510947,Accepted,majority_vote,clustering,"[""clustering"", ""grouped_majority"", ""knn""]",3,4,4,4,0.0,valid,True,"[{""row_index"": 557, ""target_field"": ""permit_type"", ""algorithm"": ""grouped_majority"", ""predicted_value"": ""Building Permit OTC"", ""confidence"": 0.5693950177935944, ""prediction_source"": ""group_majority"", ""passes_threshold"": true, ""candidate_status"": ""Accepted"", ""rejection_reason"": null, ""validation_record_status"": ""valid""}, {""row_index"": 557, ""target_field"": ""permit_type"", ""algorithm"": ""association_rules"", ""predicted_value"": ""Electrical OTC"", ""confidence"": 0.8333333333333333, ""prediction_source"": ""matched_rules"", ""passes_threshold"": true, ""candidate_status"": ""Accepted"", ""rejection_reason"": null, ""validation_record_status"": ""valid""}, {""row_index"": 557, ""target_field"": ""permit_type"", ""algorithm"": ""clustering"", ""predicted_value"": ""Building Permit OTC"", ""confidence"": 0.6201550387596899, ""prediction_source"": ""cluster_majority"", ""passes_threshold"": true, ""candidate_status"": ""Accepted"", ""rejection_reason"": null, ""validation_record_status"": ""valid""}, {""row_index"": 557, ""target_field"": ""permit_type"", ""algorithm"": ""knn"", ""predicted_value"": ""Building Permit OTC"", ""confidence"": 0.4, ""prediction_source"": ""nearest_neighbors"", ""passes_threshold"": true, ""candidate_status"": ""Accepted"", ""rejection_reason"": null, ""validation_record_status"": ""valid""}]",
558,permit_type,Building Permit OTC,1,Building Permit OTC,0.6473875141383211,Accepted,unanimous_vote,association_rules,"[""association_rules"", ""clustering"", ""grouped_majority"", ""knn""]",4,4,4,4,0.0,valid,True,"[{""row_index"": 558, ""target_field"": ""permit_type"", ""algorithm"": ""grouped_majority"", ""predicted_value"": ""Building Permit OTC"", ""confidence"": 0.5693950177935944, ""prediction_source"": ""group_majority"", ""passes_threshold"": true, ""candidate_status"": ""Accepted"", ""rejection_reason"": null, ""validation_record_status"": ""valid""}, {""row_index"": 558, ""target_field"": ""permit_type"", ""algorithm"": ""association_rules"", ""predicted_value"": ""Building Permit OTC"", ""confidence"": 0.8, ""prediction_source"": ""matched_rules"", ""passes_threshold"": true, ""candidate_status"": ""Accepted"", ""rejection_reason"": null, ""validation_record_status"": ""valid""}, {""row_index"": 558, ""target_field"": ""permit_type"", ""algorithm"": ""clustering"", ""predicted_value"": ""Building Permit OTC"", ""confidence"": 0.6201550387596899, ""prediction_source"": ""cluster_majority"", ""passes_threshold"": true, ""candidate_status"": ""Accepted"", ""rejection_reason"": null, ""validation_record_status"": ""valid""}, {""row_index"": 558, ""target_field"": ""permit_type"", ""algorithm"": ""knn"", ""predicted_value"": ""Building Permit OTC"", ""confidence"": 0.6, ""prediction_source"": ""nearest_neighbors"", ""passes_threshold"": true, ""candidate_status"": ""Accepted"", ""rejection_reason"": null, ""validation_record_status"": ""valid""}]",
562,permit_type,Building Permit OTC,1,Building Permit OTC,0.9217171717171717,Accepted,unanimous_vote,association_rules,"[""association_rules"", ""clustering"", ""grouped_majority"", ""knn""]",4,4,4,4,0.0,valid,True,"[{""row_index"": 562, ""target_field"": ""permit_type"", ""algorithm"": ""grouped_majority"", ""predicted_value"": ""Building Permit OTC"", ""confidence"": 0.9090909090909091, ""prediction_source"": ""group_majority"", ""passes_threshold"": true, ""candidate_status"": ""Accepted"", ""rejection_reason"": null, ""validation_record_status"": ""valid""}, {""row_index"": 562, ""target_field"": ""permit_type"", ""algorithm"": ""association_rules"", ""predicted_value"": ""Building Permit OTC"", ""confidence"": 1.0, ""prediction_source"": ""matched_rules"", ""passes_threshold"": true, ""candidate_status"": ""Accepted"", ""rejection_reason"": null, ""validation_record_status"": ""valid""}, {""row_index"": 562, ""target_field"": ""permit_type"", ""algorithm"": ""clustering"", ""predicted_value"": ""Building Permit OTC"", ""confidence"": 0.7777777777777778, ""prediction_source"": ""cluster_majority"", ""passes_threshold"": true, ""candidate_status"": ""Accepted"", ""rejection_reason"": null, ""validation_record_status"": ""valid""}, {""row_index"": 562, ""target_field"": ""permit_type"", ""algorithm"": ""knn"", ""predicted_value"": ""Building Permit OTC"", ""confidence"": 1.0, ""prediction_source"": ""nearest_neighbors"", ""passes_threshold"": true, ""candidate_status"": ""Accepted"", ""rejection_reason"": null, ""validation_record_status"": ""valid""}]",
569,permit_type,Building Permit OTC,1,Building Permit OTC,0.7959768723622308,Accepted,unanimous_vote,knn,"[""association_rules"", ""clustering"", ""grouped_majority"", ""knn""]",4,4,4,4,0.0,valid,True,"[{""row_index"": 569, ""target_field"": ""permit_type"", ""algorithm"": ""grouped_majority"", ""predicted_value"": ""Building Permit OTC"", ""confidence"": 0.5693950177935944, ""prediction_source"": ""group_majority"", ""passes_threshold"": true, ""candidate_status"": ""Accepted"", ""rejection_reason"": null, ""validation_record_status"": ""valid""}, {""row_index"": 569, ""target_field"": ""permit_type"", ""algorithm"": ""association_rules"", ""predicted_value"": ""Building Permit OTC"", ""confidence"": 0.8367346938775511, ""prediction_source"": ""matched_rules"", ""passes_threshold"": true, ""candidate_status"": ""Accepted"", ""rejection_reason"": null, ""validation_record_status"": ""valid""}, {""row_index"": 569, ""target_field"": ""permit_type"", ""algorithm"": ""clustering"", ""predicted_value"": ""Building Permit OTC"", ""confidence"": 0.7777777777777778, ""prediction_source"": ""cluster_majority"", ""passes_threshold"": true, ""candidate_status"": ""Accepted"", ""rejection_reason"": null, ""validation_record_status"": ""valid""}, {""row_index"": 569, ""target_field"": ""permit_type"", ""algorithm"": ""knn"", ""predicted_value"": ""Building Permit OTC"", ""confidence"": 1.0, ""prediction_source"": ""nearest_neighbors"", ""passes_threshold"": true, ""candidate_status"": ""Accepted"", ""rejection_reason"": null, ""validation_record_status"": ""valid""}]",
573,permit_type,Building Permit OTC,1,Building Permit OTC,0.836793198892843,Accepted,unanimous_vote,association_rules,"[""association_rules"", ""clustering"", ""grouped_majority"", ""knn""]",4,4,4,4,0.0,valid,True,"[{""row_index"": 573, ""target_field"": ""permit_type"", ""algorithm"": ""grouped_majority"", ""predicted_value"": ""Building Permit OTC"", ""confidence"": 0.5693950177935944, ""prediction_source"": ""group_majority"", ""passes_threshold"": true, ""candidate_status"": ""Accepted"", ""rejection_reason"": null, ""validation_record_status"": ""valid""}, {""row_index"": 573, ""target_field"": ""permit_type"", ""algorithm"": ""association_rules"", ""predicted_value"": ""Building Permit OTC"", ""confidence"": 1.0, ""prediction_source"": ""matched_rules"", ""passes_threshold"": true, ""candidate_status"": ""Accepted"", ""rejection_reason"": null, ""validation_record_status"": ""valid""}, {""row_index"": 573, ""target_field"": ""permit_type"", ""algorithm"": ""clustering"", ""predicted_value"": ""Building Permit OTC"", ""confidence"": 0.7777777777777778, ""prediction_source"": ""cluster_majority"", ""passes_threshold"": true, ""candidate_status"": ""Accepted"", ""rejection_reason"": null, ""validation_record_status"": ""valid""}, {""row_index"": 573, ""target_field"": ""permit_type"", ""algorithm"": ""knn"", ""predicted_value"": ""Building Permit OTC"", ""confidence"": 1.0, ""prediction_source"": ""nearest_neighbors"", ""passes_threshold"": true, ""candidate_status"": ""Accepted"", ""rejection_reason"": null, ""validation_record_status"": ""valid""}]",
576,permit_type,Electrical OTC,1,Electrical OTC,0.8215384615384616,Accepted,unanimous_vote,association_rules,"[""association_rules"", ""clustering"", ""grouped_majority"", ""knn""]",4,4,4,4,0.0,valid,True,"[{""row_index"": 576, ""target_field"": ""permit_type"", ""algorithm"": ""grouped_majority"", ""predicted_value"": ""Electrical OTC"", ""confidence"": 0.9866666666666667, ""prediction_source"": ""group_majority"", ""passes_threshold"": true, ""candidate_status"": ""Accepted"", ""rejection_reason"": null, ""validation_record_status"": ""valid""}, {""row_index"": 576, ""target_field"": ""permit_type"", ""algorithm"": ""association_rules"", ""predicted_value"": ""Electrical OTC"", ""confidence"": 0.9866666666666667, ""prediction_source"": ""matched_rules"", ""passes_threshold"": true, ""candidate_status"": ""Accepted"", ""rejection_reason"": null, ""validation_record_status"": ""valid""}, {""row_index"": 576, ""target_field"": ""permit_type"", ""algorithm"": ""clustering"", ""predicted_value"": ""Electrical OTC"", ""confidence"": 0.5128205128205128, ""prediction_source"": ""cluster_majority"", ""passes_threshold"": true, ""candidate_status"": ""Accepted"", ""rejection_reason"": null, ""validation_record_status"": ""valid""}, {""row_index"": 576, ""target_field"": ""permit_type"", ""algorithm"": ""knn"", ""predicted_value"": ""Electrical OTC"", ""confidence"": 0.8, ""prediction_source"": ""nearest_neighbors"", ""passes_threshold"": true, ""candidate_status"": ""Accepted"", ""rejection_reason"": null, ""validation_record_status"": ""valid""}]",
577,permit_type,Electrical OTC,1,Electrical OTC,0.8215384615384616,Accepted,unanimous_vote,association_rules,"[""association_rules"", ""clustering"", ""grouped_majority"", ""knn""]",4,4,4,4,0.0,valid,True,"[{""row_index"": 577, ""target_field"": ""permit_type"", ""algorithm"": ""grouped_majority"", ""predicted_value"": ""Electrical OTC"", ""confidence"": 0.9866666666666667, ""prediction_source"": ""group_majority"", ""passes_threshold"": true, ""candidate_status"": ""Accepted"", ""rejection_reason"": null, ""validation_record_status"": ""valid""}, {""row_index"": 577, ""target_field"": ""permit_type"", ""algorithm"": ""association_rules"", ""predicted_value"": ""Electrical OTC"", ""confidence"": 0.9866666666666667, ""prediction_source"": ""matched_rules"", ""passes_threshold"": true, ""candidate_status"": ""Accepted"", ""rejection_reason"": null, ""validation_record_status"": ""valid""}, {""row_index"": 577, ""target_field"": ""permit_type"", ""algorithm"": ""clustering"", ""predicted_value"": ""Electrical OTC"", ""confidence"": 0.5128205128205128, ""prediction_source"": ""cluster_majority"", ""passes_threshold"": true, ""candidate_status"": ""Accepted"", ""rejection_reason"": null, ""validation_record_status"": ""valid""}, {""row_index"": 577, ""target_field"": ""permit_type"", ""algorithm"": ""knn"", ""predicted_value"": ""Electrical OTC"", ""confidence"": 0.8, ""prediction_source"": ""nearest_neighbors"", ""passes_threshold"": true, ""candidate_status"": ""Accepted"", ""rejection_reason"": null, ""validation_record_status"": ""valid""}]",
581,permit_type,Electrical OTC,1,Electrical OTC,0.9955555555555556,Accepted,majority_vote,association_rules,"[""association_rules"", ""grouped_majority"", ""knn""]",3,4,4,4,0.0,valid,True,"[{""row_index"": 581, ""target_field"": ""permit_type"", ""algorithm"": ""grouped_majority"", ""predicted_value"": ""Electrical OTC"", ""confidence"": 0.9866666666666667, ""prediction_source"": ""group_majority"", ""passes_threshold"": true, ""candidate_status"": ""Accepted"", ""rejection_reason"": null, ""validation_record_status"": ""valid""}, {""row_index"": 581, ""target_field"": ""permit_type"", ""algorithm"": ""association_rules"", ""predicted_value"": ""Electrical OTC"", ""confidence"": 1.0, ""prediction_source"": ""matched_rules"", ""passes_threshold"": true, ""candidate_status"": ""Accepted"", ""rejection_reason"": null, ""validation_record_status"": ""valid""}, {""row_index"": 581, ""target_field"": ""permit_type"", ""algorithm"": ""clustering"", ""predicted_value"": ""Building - Full Plan Check"", ""confidence"": 0.3333333333333333, ""prediction_source"": ""cluster_majority"", ""passes_threshold"": true, ""candidate_status"": ""Accepted"", ""rejection_reason"": null, ""validation_record_status"": ""valid""}, {""row_index"": 581, ""target_field"": ""permit_type"", ""algorithm"": ""knn"", ""predicted_value"": ""Electrical OTC"", ""confidence"": 1.0, ""prediction_source"": ""nearest_neighbors"", ""passes_threshold"": true, ""candidate_status"": ""Accepted"", ""rejection_reason"": null, ""validation_record_status"": ""valid""}]",
585,permit_type,Electrical OTC,1,,0.8857815126050421,Requires Review,average_confidence_tiebreak,association_rules,"[""association_rules"", ""clustering""]",2,4,4,4,0.0,valid,False,"[{""row_index"": 585, ""target_field"": ""permit_type"", ""algorithm"": ""grouped_majority"", ""predicted_value"": ""Electrical OTC"", ""confidence"": 0.9565217391304348, ""prediction_source"": ""group_majority"", ""passes_threshold"": true, ""candidate_status"": ""Accepted"", ""rejection_reason"": null, ""validation_record_status"": ""valid""}, {""row_index"": 585, ""target_field"": ""permit_type"", ""algorithm"": ""association_rules"", ""predicted_value"": ""Residential Building Report"", ""confidence"": 0.9075630252100841, ""prediction_source"": ""matched_rules"", ""passes_threshold"": true, ""candidate_status"": ""Accepted"", ""rejection_reason"": null, ""validation_record_status"": ""valid""}, {""row_index"": 585, ""target_field"": ""permit_type"", ""algorithm"": ""clustering"", ""predicted_value"": ""Residential Building Report"", ""confidence"": 0.864, ""prediction_source"": ""cluster_majority"", ""passes_threshold"": true, ""candidate_status"": ""Accepted"", ""rejection_reason"": null, ""validation_record_status"": ""valid""}, {""row_index"": 585, ""target_field"": ""permit_type"", ""algorithm"": ""knn"", ""predicted_value"": ""Electrical OTC"", ""confidence"": 0.75, ""prediction_source"": ""nearest_neighbors"", ""passes_threshold"": true, ""candidate_status"": ""Accepted"", ""rejection_reason"": null, ""validation_record_status"": ""valid""}]",
589,permit_type,Electrical OTC,1,Electrical OTC,0.9966666666666667,Accepted,unanimous_vote,association_rules,"[""association_rules"", ""clustering"", ""grouped_majority"", ""knn""]",4,4,4,4,0.0,valid,True,"[{""row_index"": 589, ""target_field"": ""permit_type"", ""algorithm"": ""grouped_majority"", ""predicted_value"": ""Electrical OTC"", ""confidence"": 0.9866666666666667, ""prediction_source"": ""group_majority"", ""passes_threshold"": true, ""candidate_status"": ""Accepted"", ""rejection_reason"": null, ""validation_record_status"": ""valid""}, {""row_index"": 589, ""target_field"": ""permit_type"", ""algorithm"": ""association_rules"", ""predicted_value"": ""Electrical OTC"", ""confidence"": 1.0, ""prediction_source"": ""matched_rules"", ""passes_threshold"": true, ""candidate_status"": ""Accepted"", ""rejection_reason"": null, ""validation_record_status"": ""valid""}, {""row_index"": 589, ""target_field"": ""permit_type"", ""algorithm"": ""clustering"", ""predicted_value"": ""Electrical OTC"", ""confidence"": 1.0, ""prediction_source"": ""cluster_majority"", ""passes_threshold"": true, ""candidate_status"": ""Accepted"", ""rejection_reason"": null, ""validation_record_status"": ""valid""}, {""row_index"": 589, ""target_field"": ""permit_type"", ""algorithm"": ""knn"", ""predicted_value"": ""Electrical OTC"", ""confidence"": 1.0, ""prediction_source"": ""nearest_neighbors"", ""passes_threshold"": true, ""candidate_status"": ""Accepted"", ""rejection_reason"": null, ""validation_record_status"": ""valid""}]",
599,permit_type,Mechanical OTC,1,Mechanical OTC,0.9966996699669967,Accepted,majority_vote,association_rules,"[""association_rules"", ""grouped_majority"", ""knn""]",3,4,4,4,0.0,valid,True,"[{""row_index"": 599, ""target_field"": ""permit_type"", ""algorithm"": ""grouped_majority"", ""predicted_value"": ""Mechanical OTC"", ""confidence"": 0.9900990099009901, ""prediction_source"": ""group_majority"", ""passes_threshold"": true, ""candidate_status"": ""Accepted"", ""rejection_reason"": null, ""validation_record_status"": ""valid""}, {""row_index"": 599, ""target_field"": ""permit_type"", ""algorithm"": ""association_rules"", ""predicted_value"": ""Mechanical OTC"", ""confidence"": 1.0, ""prediction_source"": ""matched_rules"", ""passes_threshold"": true, ""candidate_status"": ""Accepted"", ""rejection_reason"": null, ""validation_record_status"": ""valid""}, {""row_index"": 599, ""target_field"": ""permit_type"", ""algorithm"": ""clustering"", ""predicted_value"": ""Electrical OTC"", ""confidence"": 0.5128205128205128, ""prediction_source"": ""cluster_majority"", ""passes_threshold"": true, ""candidate_status"": ""Accepted"", ""rejection_reason"": null, ""validation_record_status"": ""valid""}, {""row_index"": 599, ""target_field"": ""permit_type"", ""algorithm"": ""knn"", ""predicted_value"": ""Mechanical OTC"", ""confidence"": 1.0, ""prediction_source"": ""nearest_neighbors"", ""passes_threshold"": true, ""candidate_status"": ""Accepted"", ""rejection_reason"": null, ""validation_record_status"": ""valid""}]",
601,permit_type,Mechanical OTC,1,Mechanical OTC,0.9940036257146841,Accepted,unanimous_vote,association_rules,"[""association_rules"", ""clustering"", ""grouped_majority"", ""knn""]",4,4,4,4,0.0,valid,True,"[{""row_index"": 601, ""target_field"": ""permit_type"", ""algorithm"": ""grouped_majority"", ""predicted_value"": ""Mechanical OTC"", ""confidence"": 0.9900990099009901, ""prediction_source"": ""group_majority"", ""passes_threshold"": true, ""candidate_status"": ""Accepted"", ""rejection_reason"": null, ""validation_record_status"": ""valid""}, {""row_index"": 601, ""target_field"": ""permit_type"", ""algorithm"": ""association_rules"", ""predicted_value"": ""Mechanical OTC"", ""confidence"": 1.0, ""prediction_source"": ""matched_rules"", ""passes_threshold"": true, ""candidate_status"": ""Accepted"", ""rejection_reason"": null, ""validation_record_status"": ""valid""}, {""row_index"": 601, ""target_field"": ""permit_type"", ""algorithm"": ""clustering"", ""predicted_value"": ""Mechanical OTC"", ""confidence"": 0.9859154929577465, ""prediction_source"": ""cluster_majority"", ""passes_threshold"": true, ""candidate_status"": ""Accepted"", ""rejection_reason"": null, ""validation_record_status"": ""valid""}, {""row_index"": 601, ""target_field"": ""permit_type"", ""algorithm"": ""knn"", ""predicted_value"": ""Mechanical OTC"", ""confidence"": 1.0, ""prediction_source"": ""nearest_neighbors"", ""passes_threshold"": true, ""candidate_status"": ""Accepted"", ""rejection_reason"": null, ""validation_record_status"": ""valid""}]",
602,permit_type,Mechanical OTC,1,Mechanical OTC,0.9966996699669967,Accepted,majority_vote,association_rules,"[""association_rules"", ""grouped_majority"", ""knn""]",3,4,4,4,0.0,valid,True,"[{""row_index"": 602, ""target_field"": ""permit_type"", ""algorithm"": ""grouped_majority"", ""predicted_value"": ""Mechanical OTC"", ""confidence"": 0.9900990099009901, ""prediction_source"": ""group_majority"", ""passes_threshold"": true, ""candidate_status"": ""Accepted"", ""rejection_reason"": null, ""validation_record_status"": ""valid""}, {""row_index"": 602, ""target_field"": ""permit_type"", ""algorithm"": ""association_rules"", ""predicted_value"": ""Mechanical OTC"", ""confidence"": 1.0, ""prediction_source"": ""matched_rules"", ""passes_threshold"": true, ""candidate_status"": ""Accepted"", ""rejection_reason"": null, ""validation_record_status"": ""valid""}, {""row_index"": 602, ""target_field"": ""permit_type"", ""algorithm"": ""clustering"", ""predicted_value"": ""Electrical OTC"", ""confidence"": 0.5128205128205128, ""prediction_source"": ""cluster_majority"", ""passes_threshold"": true, ""candidate_status"": ""Accepted"", ""rejection_reason"": null, ""validation_record_status"": ""valid""}, {""row_index"": 602, ""target_field"": ""permit_type"", ""algorithm"": ""knn"", ""predicted_value"": ""Mechanical OTC"", ""confidence"": 1.0, ""prediction_source"": ""nearest_neighbors"", ""passes_threshold"": true, ""candidate_status"": ""Accepted"", ""rejection_reason"": null, ""validation_record_status"": ""valid""}]",
604,permit_type,Mechanical OTC,1,Mechanical OTC,0.9940036257146841,Accepted,unanimous_vote,association_rules,"[""association_rules"", ""clustering"", ""grouped_majority"", ""knn""]",4,4,4,4,0.0,valid,True,"[{""row_index"": 604, ""target_field"": ""permit_type"", ""algorithm"": ""grouped_majority"", ""predicted_value"": ""Mechanical OTC"", ""confidence"": 0.9900990099009901, ""prediction_source"": ""group_majority"", ""passes_threshold"": true, ""candidate_status"": ""Accepted"", ""rejection_reason"": null, ""validation_record_status"": ""valid""}, {""row_index"": 604, ""target_field"": ""permit_type"", ""algorithm"": ""association_rules"", ""predicted_value"": ""Mechanical OTC"", ""confidence"": 1.0, ""prediction_source"": ""matched_rules"", ""passes_threshold"": true, ""candidate_status"": ""Accepted"", ""rejection_reason"": null, ""validation_record_status"": ""valid""}, {""row_index"": 604, ""target_field"": ""permit_type"", ""algorithm"": ""clustering"", ""predicted_value"": ""Mechanical OTC"", ""confidence"": 0.9859154929577465, ""prediction_source"": ""cluster_majority"", ""passes_threshold"": true, ""candidate_status"": ""Accepted"", ""rejection_reason"": null, ""validation_record_status"": ""valid""}, {""row_index"": 604, ""target_field"": ""permit_type"", ""algorithm"": ""knn"", ""predicted_value"": ""Mechanical OTC"", ""confidence"": 1.0, ""prediction_source"": ""nearest_neighbors"", ""passes_threshold"": true, ""candidate_status"": ""Accepted"", ""rejection_reason"": null, ""validation_record_status"": ""valid""}]",
607,permit_type,Mechanical OTC,1,Mechanical OTC,0.9916451351486464,Accepted,unanimous_vote,knn,"[""association_rules"", ""clustering"", ""grouped_majority"", ""knn""]",4,4,4,4,0.0,valid,True,"[{""row_index"": 607, ""target_field"": ""permit_type"", ""algorithm"": ""grouped_majority"", ""predicted_value"": ""Mechanical OTC"", ""confidence"": 0.9900990099009901, ""prediction_source"": ""group_majority"", ""passes_threshold"": true, ""candidate_status"": ""Accepted"", ""rejection_reason"": null, ""validation_record_status"": ""valid""}, {""row_index"": 607, ""target_field"": ""permit_type"", ""algorithm"": ""association_rules"", ""predicted_value"": ""Mechanical OTC"", ""confidence"": 0.9905660377358491, ""prediction_source"": ""matched_rules"", ""passes_threshold"": true, ""candidate_status"": ""Accepted"", ""rejection_reason"": null, ""validation_record_status"": ""valid""}, {""row_index"": 607, ""target_field"": ""permit_type"", ""algorithm"": ""clustering"", ""predicted_value"": ""Mechanical OTC"", ""confidence"": 0.9859154929577465, ""prediction_source"": ""cluster_majority"", ""passes_threshold"": true, ""candidate_status"": ""Accepted"", ""rejection_reason"": null, ""validation_record_status"": ""valid""}, {""row_index"": 607, ""target_field"": ""permit_type"", ""algorithm"": ""knn"", ""predicted_value"": ""Mechanical OTC"", ""confidence"": 1.0, ""prediction_source"": ""nearest_neighbors"", ""passes_threshold"": true, ""candidate_status"": ""Accepted"", ""rejection_reason"": null, ""validation_record_status"": ""valid""}]",
610,permit_type,Plumbing OTC,1,Plumbing OTC,1.0,Accepted,unanimous_vote,association_rules,"[""association_rules"", ""clustering"", ""grouped_majority"", ""knn""]",4,4,4,4,0.0,valid,True,"[{""row_index"": 610, ""target_field"": ""permit_type"", ""algorithm"": ""grouped_majority"", ""predicted_value"": ""Plumbing OTC"", ""confidence"": 1.0, ""prediction_source"": ""group_majority"", ""passes_threshold"": true, ""candidate_status"": ""Accepted"", ""rejection_reason"": null, ""validation_record_status"": ""valid""}, {""row_index"": 610, ""target_field"": ""permit_type"", ""algorithm"": ""association_rules"", ""predicted_value"": ""Plumbing OTC"", ""confidence"": 1.0, ""prediction_source"": ""matched_rules"", ""passes_threshold"": true, ""candidate_status"": ""Accepted"", ""rejection_reason"": null, ""validation_record_status"": ""valid""}, {""row_index"": 610, ""target_field"": ""permit_type"", ""algorithm"": ""clustering"", ""predicted_value"": ""Plumbing OTC"", ""confidence"": 1.0, ""prediction_source"": ""cluster_majority"", ""passes_threshold"": true, ""candidate_status"": ""Accepted"", ""rejection_reason"": null, ""validation_record_status"": ""valid""}, {""row_index"": 610, ""target_field"": ""permit_type"", ""algorithm"": ""knn"", ""predicted_value"": ""Plumbing OTC"", ""confidence"": 1.0, ""prediction_source"": ""nearest_neighbors"", ""passes_threshold"": true, ""candidate_status"": ""Accepted"", ""rejection_reason"": null, ""validation_record_status"": ""valid""}]",
611,permit_type,Plumbing OTC,1,Plumbing OTC,0.8044205135373628,Accepted,majority_vote,association_rules,"[""association_rules"", ""grouped_majority"", ""knn""]",3,4,4,4,0.0,valid,True,"[{""row_index"": 611, ""target_field"": ""permit_type"", ""algorithm"": ""grouped_majority"", ""predicted_value"": ""Plumbing OTC"", ""confidence"": 0.9883720930232558, ""prediction_source"": ""group_majority"", ""passes_threshold"": true, ""candidate_status"": ""Accepted"", ""rejection_reason"": null, ""validation_record_status"": ""valid""}, {""row_index"": 611, ""target_field"": ""permit_type"", ""algorithm"": ""association_rules"", ""predicted_value"": ""Plumbing OTC"", ""confidence"": 1.0, ""prediction_source"": ""matched_rules"", ""passes_threshold"": true, ""candidate_status"": ""Accepted"", ""rejection_reason"": null, ""validation_record_status"": ""valid""}, {""row_index"": 611, ""target_field"": ""permit_type"", ""algorithm"": ""clustering"", ""predicted_value"": ""Building - Full Plan Check"", ""confidence"": 0.3333333333333333, ""prediction_source"": ""cluster_majority"", ""passes_threshold"": true, ""candidate_status"": ""Accepted"", ""rejection_reason"": null, ""validation_record_status"": ""valid""}, {""row_index"": 611, ""target_field"": ""permit_type"", ""algorithm"": ""knn"", ""predicted_value"": ""Plumbing OTC"", ""confidence"": 0.42488944758883257, ""prediction_source"": ""nearest_neighbors"", ""passes_threshold"": true, ""candidate_status"": ""Accepted"", ""rejection_reason"": null, ""validation_record_status"": ""valid""}]",
612,permit_type,Plumbing OTC,1,Plumbing OTC,0.9260560037968677,Accepted,majority_vote,association_rules,"[""association_rules"", ""grouped_majority"", ""knn""]",3,4,4,4,0.0,valid,True,"[{""row_index"": 612, ""target_field"": ""permit_type"", ""algorithm"": ""grouped_majority"", ""predicted_value"": ""Plumbing OTC"", ""confidence"": 0.9883720930232558, ""prediction_source"": ""group_majority"", ""passes_threshold"": true, ""candidate_status"": ""Accepted"", ""rejection_reason"": null, ""validation_record_status"": ""valid""}, {""row_index"": 612, ""target_field"": ""permit_type"", ""algorithm"": ""association_rules"", ""predicted_value"": ""Plumbing OTC"", ""confidence"": 0.9897959183673469, ""prediction_source"": ""matched_rules"", ""passes_threshold"": true, ""candidate_status"": ""Accepted"", ""rejection_reason"": null, ""validation_record_status"": ""valid""}, {""row_index"": 612, ""target_field"": ""permit_type"", ""algorithm"": ""clustering"", ""predicted_value"": ""Electrical OTC"", ""confidence"": 0.5128205128205128, ""prediction_source"": ""cluster_majority"", ""passes_threshold"": true, ""candidate_status"": ""Accepted"", ""rejection_reason"": null, ""validation_record_status"": ""valid""}, {""row_index"": 612, ""target_field"": ""permit_type"", ""algorithm"": ""knn"", ""predicted_value"": ""Plumbing OTC"", ""confidence"": 0.8, ""prediction_source"": ""nearest_neighbors"", ""passes_threshold"": true, ""candidate_status"": ""Accepted"", ""rejection_reason"": null, ""validation_record_status"": ""valid""}]",
613,permit_type,Plumbing OTC,1,Plumbing OTC,1.0,Accepted,majority_vote,association_rules,"[""association_rules"", ""grouped_majority"", ""knn""]",3,4,4,4,0.0,valid,True,"[{""row_index"": 613, ""target_field"": ""permit_type"", ""algorithm"": ""grouped_majority"", ""predicted_value"": ""Plumbing OTC"", ""confidence"": 1.0, ""prediction_source"": ""group_majority"", ""passes_threshold"": true, ""candidate_status"": ""Accepted"", ""rejection_reason"": null, ""validation_record_status"": ""valid""}, {""row_index"": 613, ""target_field"": ""permit_type"", ""algorithm"": ""association_rules"", ""predicted_value"": ""Plumbing OTC"", ""confidence"": 1.0, ""prediction_source"": ""matched_rules"", ""passes_threshold"": true, ""candidate_status"": ""Accepted"", ""rejection_reason"": null, ""validation_record_status"": ""valid""}, {""row_index"": 613, ""target_field"": ""permit_type"", ""algorithm"": ""clustering"", ""predicted_value"": ""Residential Building Report"", ""confidence"": 0.864, ""prediction_source"": ""cluster_majority"", ""passes_threshold"": true, ""candidate_status"": ""Accepted"", ""rejection_reason"": null, ""validation_record_status"": ""valid""}, {""row_index"": 613, ""target_field"": ""permit_type"", ""algorithm"": ""knn"", ""predicted_value"": ""Plumbing OTC"", ""confidence"": 1.0, ""prediction_source"": ""nearest_neighbors"", ""passes_threshold"": true, ""candidate_status"": ""Accepted"", ""rejection_reason"": null, ""validation_record_status"": ""valid""}]",
614,permit_type,Plumbing OTC,1,Plumbing OTC,0.997093023255814,Accepted,unanimous_vote,association_rules,"[""association_rules"", ""clustering"", ""grouped_majority"", ""knn""]",4,4,4,4,0.0,valid,True,"[{""row_index"": 614, ""target_field"": ""permit_type"", ""algorithm"": ""grouped_majority"", ""predicted_value"": ""Plumbing OTC"", ""confidence"": 0.9883720930232558, ""prediction_source"": ""group_majority"", ""passes_threshold"": true, ""candidate_status"": ""Accepted"", ""rejection_reason"": null, ""validation_record_status"": ""valid""}, {""row_index"": 614, ""target_field"": ""permit_type"", ""algorithm"": ""association_rules"", ""predicted_value"": ""Plumbing OTC"", ""confidence"": 1.0, ""prediction_source"": ""matched_rules"", ""passes_threshold"": true, ""candidate_status"": ""Accepted"", ""rejection_reason"": null, ""validation_record_status"": ""valid""}, {""row_index"": 614, ""target_field"": ""permit_type"", ""algorithm"": ""clustering"", ""predicted_value"": ""Plumbing OTC"", ""confidence"": 1.0, ""prediction_source"": ""cluster_majority"", ""passes_threshold"": true, ""candidate_status"": ""Accepted"", ""rejection_reason"": null, ""validation_record_status"": ""valid""}, {""row_index"": 614, ""target_field"": ""permit_type"", ""algorithm"": ""knn"", ""predicted_value"": ""Plumbing OTC"", ""confidence"": 1.0, ""prediction_source"": ""nearest_neighbors"", ""passes_threshold"": true, ""candidate_status"": ""Accepted"", ""rejection_reason"": null, ""validation_record_status"": ""valid""}]",
615,permit_type,Plumbing OTC,1,Plumbing OTC,0.8044205135373628,Accepted,majority_vote,association_rules,"[""association_rules"", ""grouped_majority"", ""knn""]",3,4,4,4,0.0,valid,True,"[{""row_index"": 615, ""target_field"": ""permit_type"", ""algorithm"": ""grouped_majority"", ""predicted_value"": ""Plumbing OTC"", ""confidence"": 0.9883720930232558, ""prediction_source"": ""group_majority"", ""passes_threshold"": true, ""candidate_status"": ""Accepted"", ""rejection_reason"": null, ""validation_record_status"": ""valid""}, {""row_index"": 615, ""target_field"": ""permit_type"", ""algorithm"": ""association_rules"", ""predicted_value"": ""Plumbing OTC"", ""confidence"": 1.0, ""prediction_source"": ""matched_rules"", ""passes_threshold"": true, ""candidate_status"": ""Accepted"", ""rejection_reason"": null, ""validation_record_status"": ""valid""}, {""row_index"": 615, ""target_field"": ""permit_type"", ""algorithm"": ""clustering"", ""predicted_value"": ""Building - Full Plan Check"", ""confidence"": 0.3333333333333333, ""prediction_source"": ""cluster_majority"", ""passes_threshold"": true, ""candidate_status"": ""Accepted"", ""rejection_reason"": null, ""validation_record_status"": ""valid""}, {""row_index"": 615, ""target_field"": ""permit_type"", ""algorithm"": ""knn"", ""predicted_value"": ""Plumbing OTC"", ""confidence"": 0.42488944758883257, ""prediction_source"": ""nearest_neighbors"", ""passes_threshold"": true, ""candidate_status"": ""Accepted"", ""rejection_reason"": null, ""validation_record_status"": ""valid""}]",
616,permit_type,Plumbing OTC,1,Plumbing OTC,0.997093023255814,Accepted,unanimous_vote,association_rules,"[""association_rules"", ""clustering"", ""grouped_majority"", ""knn""]",4,4,4,4,0.0,valid,True,"[{""row_index"": 616, ""target_field"": ""permit_type"", ""algorithm"": ""grouped_majority"", ""predicted_value"": ""Plumbing OTC"", ""confidence"": 0.9883720930232558, ""prediction_source"": ""group_majority"", ""passes_threshold"": true, ""candidate_status"": ""Accepted"", ""rejection_reason"": null, ""validation_record_status"": ""valid""}, {""row_index"": 616, ""target_field"": ""permit_type"", ""algorithm"": ""association_rules"", ""predicted_value"": ""Plumbing OTC"", ""confidence"": 1.0, ""prediction_source"": ""matched_rules"", ""passes_threshold"": true, ""candidate_status"": ""Accepted"", ""rejection_reason"": null, ""validation_record_status"": ""valid""}, {""row_index"": 616, ""target_field"": ""permit_type"", ""algorithm"": ""clustering"", ""predicted_value"": ""Plumbing OTC"", ""confidence"": 1.0, ""prediction_source"": ""cluster_majority"", ""passes_threshold"": true, ""candidate_status"": ""Accepted"", ""rejection_reason"": null, ""validation_record_status"": ""valid""}, {""row_index"": 616, ""target_field"": ""permit_type"", ""algorithm"": ""knn"", ""predicted_value"": ""Plumbing OTC"", ""confidence"": 1.0, ""prediction_source"": ""nearest_neighbors"", ""passes_threshold"": true, ""candidate_status"": ""Accepted"", ""rejection_reason"": null, ""validation_record_status"": ""valid""}]",
617,permit_type,Plumbing OTC,1,Plumbing OTC,0.997093023255814,Accepted,unanimous_vote,association_rules,"[""association_rules"", ""clustering"", ""grouped_majority"", ""knn""]",4,4,4,4,0.0,valid,True,"[{""row_index"": 617, ""target_field"": ""permit_type"", ""algorithm"": ""grouped_majority"", ""predicted_value"": ""Plumbing OTC"", ""confidence"": 0.9883720930232558, ""prediction_source"": ""group_majority"", ""passes_threshold"": true, ""candidate_status"": ""Accepted"", ""rejection_reason"": null, ""validation_record_status"": ""valid""}, {""row_index"": 617, ""target_field"": ""permit_type"", ""algorithm"": ""association_rules"", ""predicted_value"": ""Plumbing OTC"", ""confidence"": 1.0, ""prediction_source"": ""matched_rules"", ""passes_threshold"": true, ""candidate_status"": ""Accepted"", ""rejection_reason"": null, ""validation_record_status"": ""valid""}, {""row_index"": 617, ""target_field"": ""permit_type"", ""algorithm"": ""clustering"", ""predicted_value"": ""Plumbing OTC"", ""confidence"": 1.0, ""prediction_source"": ""cluster_majority"", ""passes_threshold"": true, ""candidate_status"": ""Accepted"", ""rejection_reason"": null, ""validation_record_status"": ""valid""}, {""row_index"": 617, ""target_field"": ""permit_type"", ""algorithm"": ""knn"", ""predicted_value"": ""Plumbing OTC"", ""confidence"": 1.0, ""prediction_source"": ""nearest_neighbors"", ""passes_threshold"": true, ""candidate_status"": ""Accepted"", ""rejection_reason"": null, ""validation_record_status"": ""valid""}]",
618,permit_type,Plumbing OTC,1,Plumbing OTC,0.997093023255814,Accepted,unanimous_vote,association_rules,"[""association_rules"", ""clustering"", ""grouped_majority"", ""knn""]",4,4,4,4,0.0,valid,True,"[{""row_index"": 618, ""target_field"": ""permit_type"", ""algorithm"": ""grouped_majority"", ""predicted_value"": ""Plumbing OTC"", ""confidence"": 0.9883720930232558, ""prediction_source"": ""group_majority"", ""passes_threshold"": true, ""candidate_status"": ""Accepted"", ""rejection_reason"": null, ""validation_record_status"": ""valid""}, {""row_index"": 618, ""target_field"": ""permit_type"", ""algorithm"": ""association_rules"", ""predicted_value"": ""Plumbing OTC"", ""confidence"": 1.0, ""prediction_source"": ""matched_rules"", ""passes_threshold"": true, ""candidate_status"": ""Accepted"", ""rejection_reason"": null, ""validation_record_status"": ""valid""}, {""row_index"": 618, ""target_field"": ""permit_type"", ""algorithm"": ""clustering"", ""predicted_value"": ""Plumbing OTC"", ""confidence"": 1.0, ""prediction_source"": ""cluster_majority"", ""passes_threshold"": true, ""candidate_status"": ""Accepted"", ""rejection_reason"": null, ""validation_record_status"": ""valid""}, {""row_index"": 618, ""target_field"": ""permit_type"", ""algorithm"": ""knn"", ""predicted_value"": ""Plumbing OTC"", ""confidence"": 1.0, ""prediction_source"": ""nearest_neighbors"", ""passes_threshold"": true, ""candidate_status"": ""Accepted"", ""rejection_reason"": null, ""validation_record_status"": ""valid""}]",
620,permit_type,Plumbing OTC,1,Plumbing OTC,0.997093023255814,Accepted,unanimous_vote,association_rules,"[""association_rules"", ""clustering"", ""grouped_majority"", ""knn""]",4,4,4,4,0.0,valid,True,"[{""row_index"": 620, ""target_field"": ""permit_type"", ""algorithm"": ""grouped_majority"", ""predicted_value"": ""Plumbing OTC"", ""confidence"": 0.9883720930232558, ""prediction_source"": ""group_majority"", ""passes_threshold"": true, ""candidate_status"": ""Accepted"", ""rejection_reason"": null, ""validation_record_status"": ""valid""}, {""row_index"": 620, ""target_field"": ""permit_type"", ""algorithm"": ""association_rules"", ""predicted_value"": ""Plumbing OTC"", ""confidence"": 1.0, ""prediction_source"": ""matched_rules"", ""passes_threshold"": true, ""candidate_status"": ""Accepted"", ""rejection_reason"": null, ""validation_record_status"": ""valid""}, {""row_index"": 620, ""target_field"": ""permit_type"", ""algorithm"": ""clustering"", ""predicted_value"": ""Plumbing OTC"", ""confidence"": 1.0, ""prediction_source"": ""cluster_majority"", ""passes_threshold"": true, ""candidate_status"": ""Accepted"", ""rejection_reason"": null, ""validation_record_status"": ""valid""}, {""row_index"": 620, ""target_field"": ""permit_type"", ""algorithm"": ""knn"", ""predicted_value"": ""Plumbing OTC"", ""confidence"": 1.0, ""prediction_source"": ""nearest_neighbors"", ""passes_threshold"": true, ""candidate_status"": ""Accepted"", ""rejection_reason"": null, ""validation_record_status"": ""valid""}]",
624,permit_type,Residential Building Report,1,Residential Building Report,0.9637064220183487,Accepted,unanimous_vote,association_rules,"[""association_rules"", ""clustering"", ""grouped_majority"", ""knn""]",4,4,4,4,0.0,valid,True,"[{""row_index"": 624, ""target_field"": ""permit_type"", ""algorithm"": ""grouped_majority"", ""predicted_value"": ""Residential Building Report"", ""confidence"": 0.9908256880733946, ""prediction_source"": ""group_majority"", ""passes_threshold"": true, ""candidate_status"": ""Accepted"", ""rejection_reason"": null, ""validation_record_status"": ""valid""}, {""row_index"": 624, ""target_field"": ""permit_type"", ""algorithm"": ""association_rules"", ""predicted_value"": ""Residential Building Report"", ""confidence"": 1.0, ""prediction_source"": ""matched_rules"", ""passes_threshold"": true, ""candidate_status"": ""Accepted"", ""rejection_reason"": null, ""validation_record_status"": ""valid""}, {""row_index"": 624, ""target_field"": ""permit_type"", ""algorithm"": ""clustering"", ""predicted_value"": ""Residential Building Report"", ""confidence"": 0.864, ""prediction_source"": ""cluster_majority"", ""passes_threshold"": true, ""candidate_status"": ""Accepted"", ""rejection_reason"": null, ""validation_record_status"": ""valid""}, {""row_index"": 624, ""target_field"": ""permit_type"", ""algorithm"": ""knn"", ""predicted_value"": ""Residential Building Report"", ""confidence"": 1.0, ""prediction_source"": ""nearest_neighbors"", ""passes_threshold"": true, ""candidate_status"": ""Accepted"", ""rejection_reason"": null, ""validation_record_status"": ""valid""}]",
626,permit_type,Residential Building Report,1,Residential Building Report,0.9637064220183487,Accepted,unanimous_vote,association_rules,"[""association_rules"", ""clustering"", ""grouped_majority"", ""knn""]",4,4,4,4,0.0,valid,True,"[{""row_index"": 626, ""target_field"": ""permit_type"", ""algorithm"": ""grouped_majority"", ""predicted_value"": ""Residential Building Report"", ""confidence"": 0.9908256880733946, ""prediction_source"": ""group_majority"", ""passes_threshold"": true, ""candidate_status"": ""Accepted"", ""rejection_reason"": null, ""validation_record_status"": ""valid""}, {""row_index"": 626, ""target_field"": ""permit_type"", ""algorithm"": ""association_rules"", ""predicted_value"": ""Residential Building Report"", ""confidence"": 1.0, ""prediction_source"": ""matched_rules"", ""passes_threshold"": true, ""candidate_status"": ""Accepted"", ""rejection_reason"": null, ""validation_record_status"": ""valid""}, {""row_index"": 626, ""target_field"": ""permit_type"", ""algorithm"": ""clustering"", ""predicted_value"": ""Residential Building Report"", ""confidence"": 0.864, ""prediction_source"": ""cluster_majority"", ""passes_threshold"": true, ""candidate_status"": ""Accepted"", ""rejection_reason"": null, ""validation_record_status"": ""valid""}, {""row_index"": 626, ""target_field"": ""permit_type"", ""algorithm"": ""knn"", ""predicted_value"": ""Residential Building Report"", ""confidence"": 1.0, ""prediction_source"": ""nearest_neighbors"", ""passes_threshold"": true, ""candidate_status"": ""Accepted"", ""rejection_reason"": null, ""validation_record_status"": ""valid""}]",
627,permit_type,Residential Building Report,1,Residential Building Report,0.9637064220183487,Accepted,unanimous_vote,association_rules,"[""association_rules"", ""clustering"", ""grouped_majority"", ""knn""]",4,4,4,4,0.0,valid,True,"[{""row_index"": 627, ""target_field"": ""permit_type"", ""algorithm"": ""grouped_majority"", ""predicted_value"": ""Residential Building Report"", ""confidence"": 0.9908256880733946, ""prediction_source"": ""group_majority"", ""passes_threshold"": true, ""candidate_status"": ""Accepted"", ""rejection_reason"": null, ""validation_record_status"": ""valid""}, {""row_index"": 627, ""target_field"": ""permit_type"", ""algorithm"": ""association_rules"", ""predicted_value"": ""Residential Building Report"", ""confidence"": 1.0, ""prediction_source"": ""matched_rules"", ""passes_threshold"": true, ""candidate_status"": ""Accepted"", ""rejection_reason"": null, ""validation_record_status"": ""valid""}, {""row_index"": 627, ""target_field"": ""permit_type"", ""algorithm"": ""clustering"", ""predicted_value"": ""Residential Building Report"", ""confidence"": 0.864, ""prediction_source"": ""cluster_majority"", ""passes_threshold"": true, ""candidate_status"": ""Accepted"", ""rejection_reason"": null, ""validation_record_status"": ""valid""}, {""row_index"": 627, ""target_field"": ""permit_type"", ""algorithm"": ""knn"", ""predicted_value"": ""Residential Building Report"", ""confidence"": 1.0, ""prediction_source"": ""nearest_neighbors"", ""passes_threshold"": true, ""candidate_status"": ""Accepted"", ""rejection_reason"": null, ""validation_record_status"": ""valid""}]",
629,permit_type,Residential Building Report,1,Residential Building Report,0.9637064220183487,Accepted,unanimous_vote,association_rules,"[""association_rules"", ""clustering"", ""grouped_majority"", ""knn""]",4,4,4,4,0.0,valid,True,"[{""row_index"": 629, ""target_field"": ""permit_type"", ""algorithm"": ""grouped_majority"", ""predicted_value"": ""Residential Building Report"", ""confidence"": 0.9908256880733946, ""prediction_source"": ""group_majority"", ""passes_threshold"": true, ""candidate_status"": ""Accepted"", ""rejection_reason"": null, ""validation_record_status"": ""valid""}, {""row_index"": 629, ""target_field"": ""permit_type"", ""algorithm"": ""association_rules"", ""predicted_value"": ""Residential Building Report"", ""confidence"": 1.0, ""prediction_source"": ""matched_rules"", ""passes_threshold"": true, ""candidate_status"": ""Accepted"", ""rejection_reason"": null, ""validation_record_status"": ""valid""}, {""row_index"": 629, ""target_field"": ""permit_type"", ""algorithm"": ""clustering"", ""predicted_value"": ""Residential Building Report"", ""confidence"": 0.864, ""prediction_source"": ""cluster_majority"", ""passes_threshold"": true, ""candidate_status"": ""Accepted"", ""rejection_reason"": null, ""validation_record_status"": ""valid""}, {""row_index"": 629, ""target_field"": ""permit_type"", ""algorithm"": ""knn"", ""predicted_value"": ""Residential Building Report"", ""confidence"": 1.0, ""prediction_source"": ""nearest_neighbors"", ""passes_threshold"": true, ""candidate_status"": ""Accepted"", ""rejection_reason"": null, ""validation_record_status"": ""valid""}]",
631,permit_type,Residential Building Report,1,Residential Building Report,0.9637064220183487,Accepted,unanimous_vote,association_rules,"[""association_rules"", ""clustering"", ""grouped_majority"", ""knn""]",4,4,4,4,0.0,valid,True,"[{""row_index"": 631, ""target_field"": ""permit_type"", ""algorithm"": ""grouped_majority"", ""predicted_value"": ""Residential Building Report"", ""confidence"": 0.9908256880733946, ""prediction_source"": ""group_majority"", ""passes_threshold"": true, ""candidate_status"": ""Accepted"", ""rejection_reason"": null, ""validation_record_status"": ""valid""}, {""row_index"": 631, ""target_field"": ""permit_type"", ""algorithm"": ""association_rules"", ""predicted_value"": ""Residential Building Report"", ""confidence"": 1.0, ""prediction_source"": ""matched_rules"", ""passes_threshold"": true, ""candidate_status"": ""Accepted"", ""rejection_reason"": null, ""validation_record_status"": ""valid""}, {""row_index"": 631, ""target_field"": ""permit_type"", ""algorithm"": ""clustering"", ""predicted_value"": ""Residential Building Report"", ""confidence"": 0.864, ""prediction_source"": ""cluster_majority"", ""passes_threshold"": true, ""candidate_status"": ""Accepted"", ""rejection_reason"": null, ""validation_record_status"": ""valid""}, {""row_index"": 631, ""target_field"": ""permit_type"", ""algorithm"": ""knn"", ""predicted_value"": ""Residential Building Report"", ""confidence"": 1.0, ""prediction_source"": ""nearest_neighbors"", ""passes_threshold"": true, ""candidate_status"": ""Accepted"", ""rejection_reason"": null, ""validation_record_status"": ""valid""}]",
633,permit_type,Residential Building Report,1,Residential Building Report,0.9637064220183487,Accepted,unanimous_vote,association_rules,"[""association_rules"", ""clustering"", ""grouped_majority"", ""knn""]",4,4,4,4,0.0,valid,True,"[{""row_index"": 633, ""target_field"": ""permit_type"", ""algorithm"": ""grouped_majority"", ""predicted_value"": ""Residential Building Report"", ""confidence"": 0.9908256880733946, ""prediction_source"": ""group_majority"", ""passes_threshold"": true, ""candidate_status"": ""Accepted"", ""rejection_reason"": null, ""validation_record_status"": ""valid""}, {""row_index"": 633, ""target_field"": ""permit_type"", ""algorithm"": ""association_rules"", ""predicted_value"": ""Residential Building Report"", ""confidence"": 1.0, ""prediction_source"": ""matched_rules"", ""passes_threshold"": true, ""candidate_status"": ""Accepted"", ""rejection_reason"": null, ""validation_record_status"": ""valid""}, {""row_index"": 633, ""target_field"": ""permit_type"", ""algorithm"": ""clustering"", ""predicted_value"": ""Residential Building Report"", ""confidence"": 0.864, ""prediction_source"": ""cluster_majority"", ""passes_threshold"": true, ""candidate_status"": ""Accepted"", ""rejection_reason"": null, ""validation_record_status"": ""valid""}, {""row_index"": 633, ""target_field"": ""permit_type"", ""algorithm"": ""knn"", ""predicted_value"": ""Residential Building Report"", ""confidence"": 1.0, ""prediction_source"": ""nearest_neighbors"", ""passes_threshold"": true, ""candidate_status"": ""Accepted"", ""rejection_reason"": null, ""validation_record_status"": ""valid""}]",
634,permit_type,Residential Building Report,1,Residential Building Report,0.9637064220183487,Accepted,unanimous_vote,association_rules,"[""association_rules"", ""clustering"", ""grouped_majority"", ""knn""]",4,4,4,4,0.0,valid,True,"[{""row_index"": 634, ""target_field"": ""permit_type"", ""algorithm"": ""grouped_majority"", ""predicted_value"": ""Residential Building Report"", ""confidence"": 0.9908256880733946, ""prediction_source"": ""group_majority"", ""passes_threshold"": true, ""candidate_status"": ""Accepted"", ""rejection_reason"": null, ""validation_record_status"": ""valid""}, {""row_index"": 634, ""target_field"": ""permit_type"", ""algorithm"": ""association_rules"", ""predicted_value"": ""Residential Building Report"", ""confidence"": 1.0, ""prediction_source"": ""matched_rules"", ""passes_threshold"": true, ""candidate_status"": ""Accepted"", ""rejection_reason"": null, ""validation_record_status"": ""valid""}, {""row_index"": 634, ""target_field"": ""permit_type"", ""algorithm"": ""clustering"", ""predicted_value"": ""Residential Building Report"", ""confidence"": 0.864, ""prediction_source"": ""cluster_majority"", ""passes_threshold"": true, ""candidate_status"": ""Accepted"", ""rejection_reason"": null, ""validation_record_status"": ""valid""}, {""row_index"": 634, ""target_field"": ""permit_type"", ""algorithm"": ""knn"", ""predicted_value"": ""Residential Building Report"", ""confidence"": 1.0, ""prediction_source"": ""nearest_neighbors"", ""passes_threshold"": true, ""candidate_status"": ""Accepted"", ""rejection_reason"": null, ""validation_record_status"": ""valid""}]",
635,permit_type,Residential Building Report,1,Residential Building Report,0.9637064220183487,Accepted,unanimous_vote,association_rules,"[""association_rules"", ""clustering"", ""grouped_majority"", ""knn""]",4,4,4,4,0.0,valid,True,"[{""row_index"": 635, ""target_field"": ""permit_type"", ""algorithm"": ""grouped_majority"", ""predicted_value"": ""Residential Building Report"", ""confidence"": 0.9908256880733946, ""prediction_source"": ""group_majority"", ""passes_threshold"": true, ""candidate_status"": ""Accepted"", ""rejection_reason"": null, ""validation_record_status"": ""valid""}, {""row_index"": 635, ""target_field"": ""permit_type"", ""algorithm"": ""association_rules"", ""predicted_value"": ""Residential Building Report"", ""confidence"": 1.0, ""prediction_source"": ""matched_rules"", ""passes_threshold"": true, ""candidate_status"": ""Accepted"", ""rejection_reason"": null, ""validation_record_status"": ""valid""}, {""row_index"": 635, ""target_field"": ""permit_type"", ""algorithm"": ""clustering"", ""predicted_value"": ""Residential Building Report"", ""confidence"": 0.864, ""prediction_source"": ""cluster_majority"", ""passes_threshold"": true, ""candidate_status"": ""Accepted"", ""rejection_reason"": null, ""validation_record_status"": ""valid""}, {""row_index"": 635, ""target_field"": ""permit_type"", ""algorithm"": ""knn"", ""predicted_value"": ""Residential Building Report"", ""confidence"": 1.0, ""prediction_source"": ""nearest_neighbors"", ""passes_threshold"": true, ""candidate_status"": ""Accepted"", ""rejection_reason"": null, ""validation_record_status"": ""valid""}]",
636,permit_type,Residential Building Report,1,Residential Building Report,0.9637064220183487,Accepted,unanimous_vote,association_rules,"[""association_rules"", ""clustering"", ""grouped_majority"", ""knn""]",4,4,4,4,0.0,valid,True,"[{""row_index"": 636, ""target_field"": ""permit_type"", ""algorithm"": ""grouped_majority"", ""predicted_value"": ""Residential Building Report"", ""confidence"": 0.9908256880733946, ""prediction_source"": ""group_majority"", ""passes_threshold"": true, ""candidate_status"": ""Accepted"", ""rejection_reason"": null, ""validation_record_status"": ""valid""}, {""row_index"": 636, ""target_field"": ""permit_type"", ""algorithm"": ""association_rules"", ""predicted_value"": ""Residential Building Report"", ""confidence"": 1.0, ""prediction_source"": ""matched_rules"", ""passes_threshold"": true, ""candidate_status"": ""Accepted"", ""rejection_reason"": null, ""validation_record_status"": ""valid""}, {""row_index"": 636, ""target_field"": ""permit_type"", ""algorithm"": ""clustering"", ""predicted_value"": ""Residential Building Report"", ""confidence"": 0.864, ""prediction_source"": ""cluster_majority"", ""passes_threshold"": true, ""candidate_status"": ""Accepted"", ""rejection_reason"": null, ""validation_record_status"": ""valid""}, {""row_index"": 636, ""target_field"": ""permit_type"", ""algorithm"": ""knn"", ""predicted_value"": ""Residential Building Report"", ""confidence"": 1.0, ""prediction_source"": ""nearest_neighbors"", ""passes_threshold"": true, ""candidate_status"": ""Accepted"", ""rejection_reason"": null, ""validation_record_status"": ""valid""}]",
637,permit_type,Solar Permit,1,Building Permit OTC,0.6678345149751257,Accepted,majority_vote,association_rules,"[""association_rules"", ""clustering"", ""grouped_majority""]",3,4,4,4,0.0,valid,True,"[{""row_index"": 637, ""target_field"": ""permit_type"", ""algorithm"": ""grouped_majority"", ""predicted_value"": ""Building Permit OTC"", ""confidence"": 0.5693950177935944, ""prediction_source"": ""group_majority"", ""passes_threshold"": true, ""candidate_status"": ""Accepted"", ""rejection_reason"": null, ""validation_record_status"": ""valid""}, {""row_index"": 637, ""target_field"": ""permit_type"", ""algorithm"": ""association_rules"", ""predicted_value"": ""Building Permit OTC"", ""confidence"": 0.8139534883720931, ""prediction_source"": ""matched_rules"", ""passes_threshold"": true, ""candidate_status"": ""Accepted"", ""rejection_reason"": null, ""validation_record_status"": ""valid""}, {""row_index"": 637, ""target_field"": ""permit_type"", ""algorithm"": ""clustering"", ""predicted_value"": ""Building Permit OTC"", ""confidence"": 0.6201550387596899, ""prediction_source"": ""cluster_majority"", ""passes_threshold"": true, ""candidate_status"": ""Accepted"", ""rejection_reason"": null, ""validation_record_status"": ""valid""}, {""row_index"": 637, ""target_field"": ""permit_type"", ""algorithm"": ""knn"", ""predicted_value"": ""Building - In House Plan Check"", ""confidence"": 0.8, ""prediction_source"": ""nearest_neighbors"", ""passes_threshold"": true, ""candidate_status"": ""Accepted"", ""rejection_reason"": null, ""validation_record_status"": ""valid""}]",
638,permit_type,Address Change,1,Residential Building Report,0.9485504587155963,Accepted,majority_vote,grouped_majority,"[""association_rules"", ""clustering"", ""grouped_majority""]",3,4,4,4,0.0,valid,True,"[{""row_index"": 638, ""target_field"": ""permit_type"", ""algorithm"": ""grouped_majority"", ""predicted_value"": ""Residential Building Report"", ""confidence"": 0.9908256880733946, ""prediction_source"": ""group_majority"", ""passes_threshold"": true, ""candidate_status"": ""Accepted"", ""rejection_reason"": null, ""validation_record_status"": ""valid""}, {""row_index"": 638, ""target_field"": ""permit_type"", ""algorithm"": ""association_rules"", ""predicted_value"": ""Residential Building Report"", ""confidence"": 0.9908256880733944, ""prediction_source"": ""matched_rules"", ""passes_threshold"": true, ""candidate_status"": ""Accepted"", ""rejection_reason"": null, ""validation_record_status"": ""valid""}, {""row_index"": 638, ""target_field"": ""permit_type"", ""algorithm"": ""clustering"", ""predicted_value"": ""Residential Building Report"", ""confidence"": 0.864, ""prediction_source"": ""cluster_majority"", ""passes_threshold"": true, ""candidate_status"": ""Accepted"", ""rejection_reason"": null, ""validation_record_status"": ""valid""}, {""row_index"": 638, ""target_field"": ""permit_type"", ""algorithm"": ""knn"", ""predicted_value"": ""Address Change"", ""confidence"": 1.0, ""prediction_source"": ""nearest_neighbors"", ""passes_threshold"": true, ""candidate_status"": ""Accepted"", ""rejection_reason"": null, ""validation_record_status"": ""valid""}]",
643,permit_type,Building - Full Plan Check,1,Building Permit OTC,0.6045367356430748,Accepted,majority_vote,association_rules,"[""association_rules"", ""clustering"", ""grouped_majority""]",3,4,4,4,0.0,valid,True,"[{""row_index"": 643, ""target_field"": ""permit_type"", ""algorithm"": ""grouped_majority"", ""predicted_value"": ""Building Permit OTC"", ""confidence"": 0.5693950177935944, ""prediction_source"": ""group_majority"", ""passes_threshold"": true, ""candidate_status"": ""Accepted"", ""rejection_reason"": null, ""validation_record_status"": ""valid""}, {""row_index"": 643, ""target_field"": ""permit_type"", ""algorithm"": ""association_rules"", ""predicted_value"": ""Building Permit OTC"", ""confidence"": 0.6240601503759399, ""prediction_source"": ""matched_rules"", ""passes_threshold"": true, ""candidate_status"": ""Accepted"", ""rejection_reason"": null, ""validation_record_status"": ""valid""}, {""row_index"": 643, ""target_field"": ""permit_type"", ""algorithm"": ""clustering"", ""predicted_value"": ""Building Permit OTC"", ""confidence"": 0.6201550387596899, ""prediction_source"": ""cluster_majority"", ""passes_threshold"": true, ""candidate_status"": ""Accepted"", ""rejection_reason"": null, ""validation_record_status"": ""valid""}, {""row_index"": 643, ""target_field"": ""permit_type"", ""algorithm"": ""knn"", ""predicted_value"": ""Building - Full Plan Check"", ""confidence"": 1.0, ""prediction_source"": ""nearest_neighbors"", ""passes_threshold"": true, ""candidate_status"": ""Accepted"", ""rejection_reason"": null, ""validation_record_status"": ""valid""}]",
644,permit_type,Building - Full Plan Check,1,Building Permit OTC,0.589575557677285,Accepted,majority_vote,association_rules,"[""association_rules"", ""grouped_majority""]",2,4,4,4,0.0,valid,True,"[{""row_index"": 644, ""target_field"": ""permit_type"", ""algorithm"": ""grouped_majority"", ""predicted_value"": ""Building Permit OTC"", ""confidence"": 0.5693950177935944, ""prediction_source"": ""group_majority"", ""passes_threshold"": true, ""candidate_status"": ""Accepted"", ""rejection_reason"": null, ""validation_record_status"": ""valid""}, {""row_index"": 644, ""target_field"": ""permit_type"", ""algorithm"": ""association_rules"", ""predicted_value"": ""Building Permit OTC"", ""confidence"": 0.6097560975609756, ""prediction_source"": ""matched_rules"", ""passes_threshold"": true, ""candidate_status"": ""Accepted"", ""rejection_reason"": null, ""validation_record_status"": ""valid""}, {""row_index"": 644, ""target_field"": ""permit_type"", ""algorithm"": ""clustering"", ""predicted_value"": ""Building - Full Plan Check"", ""confidence"": 0.3333333333333333, ""prediction_source"": ""cluster_majority"", ""passes_threshold"": true, ""candidate_status"": ""Accepted"", ""rejection_reason"": null, ""validation_record_status"": ""valid""}, {""row_index"": 644, ""target_field"": ""permit_type"", ""algorithm"": ""knn"", ""predicted_value"": ""Building - In House Plan Check"", ""confidence"": 0.6, ""prediction_source"": ""nearest_neighbors"", ""passes_threshold"": true, ""candidate_status"": ""Accepted"", ""rejection_reason"": null, ""validation_record_status"": ""valid""}]",
646,permit_type,Building - Full Plan Check,1,Building Permit OTC,0.7849064064400129,Accepted,unanimous_vote,knn,"[""association_rules"", ""clustering"", ""grouped_majority"", ""knn""]",4,4,4,4,0.0,valid,True,"[{""row_index"": 646, ""target_field"": ""permit_type"", ""algorithm"": ""grouped_majority"", ""predicted_value"": ""Building Permit OTC"", ""confidence"": 0.5693950177935944, ""prediction_source"": ""group_majority"", ""passes_threshold"": true, ""candidate_status"": ""Accepted"", ""rejection_reason"": null, ""validation_record_status"": ""valid""}, {""row_index"": 646, ""target_field"": ""permit_type"", ""algorithm"": ""association_rules"", ""predicted_value"": ""Building Permit OTC"", ""confidence"": 0.7924528301886792, ""prediction_source"": ""matched_rules"", ""passes_threshold"": true, ""candidate_status"": ""Accepted"", ""rejection_reason"": null, ""validation_record_status"": ""valid""}, {""row_index"": 646, ""target_field"": ""permit_type"", ""algorithm"": ""clustering"", ""predicted_value"": ""Building Permit OTC"", ""confidence"": 0.7777777777777778, ""prediction_source"": ""cluster_majority"", ""passes_threshold"": true, ""candidate_status"": ""Accepted"", ""rejection_reason"": null, ""validation_record_status"": ""valid""}, {""row_index"": 646, ""target_field"": ""permit_type"", ""algorithm"": ""knn"", ""predicted_value"": ""Building Permit OTC"", ""confidence"": 1.0, ""prediction_source"": ""nearest_neighbors"", ""passes_threshold"": true, ""candidate_status"": ""Accepted"", ""rejection_reason"": null, ""validation_record_status"": ""valid""}]",
652,permit_type,Building - In House Plan Check,1,Building - In House Plan Check,0.55,Accepted,majority_vote,knn,"[""association_rules"", ""knn""]",2,4,4,4,0.0,valid,True,"[{""row_index"": 652, ""target_field"": ""permit_type"", ""algorithm"": ""grouped_majority"", ""predicted_value"": ""Building Permit OTC"", ""confidence"": 0.5693950177935944, ""prediction_source"": ""group_majority"", ""passes_threshold"": true, ""candidate_status"": ""Accepted"", ""rejection_reason"": null, ""validation_record_status"": ""valid""}, {""row_index"": 652, ""target_field"": ""permit_type"", ""algorithm"": ""association_rules"", ""predicted_value"": ""Building - In House Plan Check"", ""confidence"": 0.5, ""prediction_source"": ""matched_rules"", ""passes_threshold"": true, ""candidate_status"": ""Accepted"", ""rejection_reason"": null, ""validation_record_status"": ""valid""}, {""row_index"": 652, ""target_field"": ""permit_type"", ""algorithm"": ""clustering"", ""predicted_value"": ""Building - Full Plan Check"", ""confidence"": 0.3333333333333333, ""prediction_source"": ""cluster_majority"", ""passes_threshold"": true, ""candidate_status"": ""Accepted"", ""rejection_reason"": null, ""validation_record_status"": ""valid""}, {""row_index"": 652, ""target_field"": ""permit_type"", ""algorithm"": ""knn"", ""predicted_value"": ""Building - In House Plan Check"", ""confidence"": 0.6, ""prediction_source"": ""nearest_neighbors"", ""passes_threshold"": true, ""candidate_status"": ""Accepted"", ""rejection_reason"": null, ""validation_record_status"": ""valid""}]",
653,permit_type,Building - In House Plan Check,1,Building Permit OTC,0.6596975088967971,Accepted,majority_vote,association_rules,"[""association_rules"", ""grouped_majority""]",2,4,4,4,0.0,valid,True,"[{""row_index"": 653, ""target_field"": ""permit_type"", ""algorithm"": ""grouped_majority"", ""predicted_value"": ""Building Permit OTC"", ""confidence"": 0.5693950177935944, ""prediction_source"": ""group_majority"", ""passes_threshold"": true, ""candidate_status"": ""Accepted"", ""rejection_reason"": null, ""validation_record_status"": ""valid""}, {""row_index"": 653, ""target_field"": ""permit_type"", ""algorithm"": ""association_rules"", ""predicted_value"": ""Building Permit OTC"", ""confidence"": 0.7499999999999999, ""prediction_source"": ""matched_rules"", ""passes_threshold"": true, ""candidate_status"": ""Accepted"", ""rejection_reason"": null, ""validation_record_status"": ""valid""}, {""row_index"": 653, ""target_field"": ""permit_type"", ""algorithm"": ""clustering"", ""predicted_value"": ""Building - Full Plan Check"", ""confidence"": 0.3333333333333333, ""prediction_source"": ""cluster_majority"", ""passes_threshold"": true, ""candidate_status"": ""Accepted"", ""rejection_reason"": null, ""validation_record_status"": ""valid""}, {""row_index"": 653, ""target_field"": ""permit_type"", ""algorithm"": ""knn"", ""predicted_value"": ""Building - In House Plan Check"", ""confidence"": 0.6, ""prediction_source"": ""nearest_neighbors"", ""passes_threshold"": true, ""candidate_status"": ""Accepted"", ""rejection_reason"": null, ""validation_record_status"": ""valid""}]",
655,permit_type,Building - In House Plan Check,1,Building Permit OTC,0.7300223655595096,Accepted,unanimous_vote,association_rules,"[""association_rules"", ""clustering"", ""grouped_majority"", ""knn""]",4,4,4,4,0.0,valid,True,"[{""row_index"": 655, ""target_field"": ""permit_type"", ""algorithm"": ""grouped_majority"", ""predicted_value"": ""Building Permit OTC"", ""confidence"": 0.5693950177935944, ""prediction_source"": ""group_majority"", ""passes_threshold"": true, ""candidate_status"": ""Accepted"", ""rejection_reason"": null, ""validation_record_status"": ""valid""}, {""row_index"": 655, ""target_field"": ""permit_type"", ""algorithm"": ""association_rules"", ""predicted_value"": ""Building Permit OTC"", ""confidence"": 0.9062499999999999, ""prediction_source"": ""matched_rules"", ""passes_threshold"": true, ""candidate_status"": ""Accepted"", ""rejection_reason"": null, ""validation_record_status"": ""valid""}, {""row_index"": 655, ""target_field"": ""permit_type"", ""algorithm"": ""clustering"", ""predicted_value"": ""Building Permit OTC"", ""confidence"": 0.7777777777777778, ""prediction_source"": ""cluster_majority"", ""passes_threshold"": true, ""candidate_status"": ""Accepted"", ""rejection_reason"": null, ""validation_record_status"": ""valid""}, {""row_index"": 655, ""target_field"": ""permit_type"", ""algorithm"": ""knn"", ""predicted_value"": ""Building Permit OTC"", ""confidence"": 0.6666666666666666, ""prediction_source"": ""nearest_neighbors"", ""passes_threshold"": true, ""candidate_status"": ""Accepted"", ""rejection_reason"": null, ""validation_record_status"": ""valid""}]",
656,permit_type,Building - In House Plan Check,1,Building Permit OTC,0.9108476064997804,Accepted,unanimous_vote,knn,"[""association_rules"", ""clustering"", ""grouped_majority"", ""knn""]",4,4,4,4,0.0,valid,True,"[{""row_index"": 656, ""target_field"": ""permit_type"", ""algorithm"": ""grouped_majority"", ""predicted_value"": ""Building Permit OTC"", ""confidence"": 0.9090909090909091, ""prediction_source"": ""group_majority"", ""passes_threshold"": true, ""candidate_status"": ""Accepted"", ""rejection_reason"": null, ""validation_record_status"": ""valid""}, {""row_index"": 656, ""target_field"": ""permit_type"", ""algorithm"": ""association_rules"", ""predicted_value"": ""Building Permit OTC"", ""confidence"": 0.9565217391304347, ""prediction_source"": ""matched_rules"", ""passes_threshold"": true, ""candidate_status"": ""Accepted"", ""rejection_reason"": null, ""validation_record_status"": ""valid""}, {""row_index"": 656, ""target_field"": ""permit_type"", ""algorithm"": ""clustering"", ""predicted_value"": ""Building Permit OTC"", ""confidence"": 0.7777777777777778, ""prediction_source"": ""cluster_majority"", ""passes_threshold"": true, ""candidate_status"": ""Accepted"", ""rejection_reason"": null, ""validation_record_status"": ""valid""}, {""row_index"": 656, ""target_field"": ""permit_type"", ""algorithm"": ""knn"", ""predicted_value"": ""Building Permit OTC"", ""confidence"": 1.0, ""prediction_source"": ""nearest_neighbors"", ""passes_threshold"": true, ""candidate_status"": ""Accepted"", ""rejection_reason"": null, ""validation_record_status"": ""valid""}]",
657,permit_type,Building - In House Plan Check,1,Building Permit OTC,0.7132085419200171,Accepted,majority_vote,association_rules,"[""association_rules"", ""clustering"", ""grouped_majority""]",3,4,4,4,0.0,valid,True,"[{""row_index"": 657, ""target_field"": ""permit_type"", ""algorithm"": ""grouped_majority"", ""predicted_value"": ""Building Permit OTC"", ""confidence"": 0.5693950177935944, ""prediction_source"": ""group_majority"", ""passes_threshold"": true, ""candidate_status"": ""Accepted"", ""rejection_reason"": null, ""validation_record_status"": ""valid""}, {""row_index"": 657, ""target_field"": ""permit_type"", ""algorithm"": ""association_rules"", ""predicted_value"": ""Building Permit OTC"", ""confidence"": 0.7924528301886792, ""prediction_source"": ""matched_rules"", ""passes_threshold"": true, ""candidate_status"": ""Accepted"", ""rejection_reason"": null, ""validation_record_status"": ""valid""}, {""row_index"": 657, ""target_field"": ""permit_type"", ""algorithm"": ""clustering"", ""predicted_value"": ""Building Permit OTC"", ""confidence"": 0.7777777777777778, ""prediction_source"": ""cluster_majority"", ""passes_threshold"": true, ""candidate_status"": ""Accepted"", ""rejection_reason"": null, ""validation_record_status"": ""valid""}, {""row_index"": 657, ""target_field"": ""permit_type"", ""algorithm"": ""knn"", ""predicted_value"": ""Building - In House Plan Check"", ""confidence"": 0.5, ""prediction_source"": ""nearest_neighbors"", ""passes_threshold"": true, ""candidate_status"": ""Accepted"", ""rejection_reason"": null, ""validation_record_status"": ""valid""}]",
660,permit_type,Building - In House Plan Check,1,Building Permit OTC,0.6678345149751257,Accepted,majority_vote,association_rules,"[""association_rules"", ""clustering"", ""grouped_majority""]",3,4,4,4,0.0,valid,True,"[{""row_index"": 660, ""target_field"": ""permit_type"", ""algorithm"": ""grouped_majority"", ""predicted_value"": ""Building Permit OTC"", ""confidence"": 0.5693950177935944, ""prediction_source"": ""group_majority"", ""passes_threshold"": true, ""candidate_status"": ""Accepted"", ""rejection_reason"": null, ""validation_record_status"": ""valid""}, {""row_index"": 660, ""target_field"": ""permit_type"", ""algorithm"": ""association_rules"", ""predicted_value"": ""Building Permit OTC"", ""confidence"": 0.8139534883720931, ""prediction_source"": ""matched_rules"", ""passes_threshold"": true, ""candidate_status"": ""Accepted"", ""rejection_reason"": null, ""validation_record_status"": ""valid""}, {""row_index"": 660, ""target_field"": ""permit_type"", ""algorithm"": ""clustering"", ""predicted_value"": ""Building Permit OTC"", ""confidence"": 0.6201550387596899, ""prediction_source"": ""cluster_majority"", ""passes_threshold"": true, ""candidate_status"": ""Accepted"", ""rejection_reason"": null, ""validation_record_status"": ""valid""}, {""row_index"": 660, ""target_field"": ""permit_type"", ""algorithm"": ""knn"", ""predicted_value"": ""Building - In House Plan Check"", ""confidence"": 0.8, ""prediction_source"": ""nearest_neighbors"", ""passes_threshold"": true, ""candidate_status"": ""Accepted"", ""rejection_reason"": null, ""validation_record_status"": ""valid""}]",
661,permit_type,Building - In House Plan Check,1,Building Permit OTC,0.7132085419200171,Accepted,majority_vote,association_rules,"[""association_rules"", ""clustering"", ""grouped_majority""]",3,4,4,4,0.0,valid,True,"[{""row_index"": 661, ""target_field"": ""permit_type"", ""algorithm"": ""grouped_majority"", ""predicted_value"": ""Building Permit OTC"", ""confidence"": 0.5693950177935944, ""prediction_source"": ""group_majority"", ""passes_threshold"": true, ""candidate_status"": ""Accepted"", ""rejection_reason"": null, ""validation_record_status"": ""valid""}, {""row_index"": 661, ""target_field"": ""permit_type"", ""algorithm"": ""association_rules"", ""predicted_value"": ""Building Permit OTC"", ""confidence"": 0.7924528301886792, ""prediction_source"": ""matched_rules"", ""passes_threshold"": true, ""candidate_status"": ""Accepted"", ""rejection_reason"": null, ""validation_record_status"": ""valid""}, {""row_index"": 661, ""target_field"": ""permit_type"", ""algorithm"": ""clustering"", ""predicted_value"": ""Building Permit OTC"", ""confidence"": 0.7777777777777778, ""prediction_source"": ""cluster_majority"", ""passes_threshold"": true, ""candidate_status"": ""Accepted"", ""rejection_reason"": null, ""validation_record_status"": ""valid""}, {""row_index"": 661, ""target_field"": ""permit_type"", ""algorithm"": ""knn"", ""predicted_value"": ""Building - In House Plan Check"", ""confidence"": 0.6, ""prediction_source"": ""nearest_neighbors"", ""passes_threshold"": true, ""candidate_status"": ""Accepted"", ""rejection_reason"": null, ""validation_record_status"": ""valid""}]",
664,permit_type,Building Permit OTC,1,,0.9545454545454546,Requires Review,average_confidence_tiebreak,knn,"[""grouped_majority"", ""knn""]",2,4,4,4,0.0,valid,False,"[{""row_index"": 664, ""target_field"": ""permit_type"", ""algorithm"": ""grouped_majority"", ""predicted_value"": ""Building Permit OTC"", ""confidence"": 0.9090909090909091, ""prediction_source"": ""group_majority"", ""passes_threshold"": true, ""candidate_status"": ""Accepted"", ""rejection_reason"": null, ""validation_record_status"": ""valid""}, {""row_index"": 664, ""target_field"": ""permit_type"", ""algorithm"": ""association_rules"", ""predicted_value"": ""Residential Building Report"", ""confidence"": 0.9075630252100841, ""prediction_source"": ""matched_rules"", ""passes_threshold"": true, ""candidate_status"": ""Accepted"", ""rejection_reason"": null, ""validation_record_status"": ""valid""}, {""row_index"": 664, ""target_field"": ""permit_type"", ""algorithm"": ""clustering"", ""predicted_value"": ""Residential Building Report"", ""confidence"": 0.864, ""prediction_source"": ""cluster_majority"", ""passes_threshold"": true, ""candidate_status"": ""Accepted"", ""rejection_reason"": null, ""validation_record_status"": ""valid""}, {""row_index"": 664, ""target_field"": ""permit_type"", ""algorithm"": ""knn"", ""predicted_value"": ""Building Permit OTC"", ""confidence"": 1.0, ""prediction_source"": ""nearest_neighbors"", ""passes_threshold"": true, ""candidate_status"": ""Accepted"", ""rejection_reason"": null, ""validation_record_status"": ""valid""}]",
666,permit_type,Building Permit OTC,1,Building Permit OTC,0.7973875141383211,Accepted,unanimous_vote,association_rules,"[""association_rules"", ""clustering"", ""grouped_majority"", ""knn""]",4,4,4,4,0.0,valid,True,"[{""row_index"": 666, ""target_field"": ""permit_type"", ""algorithm"": ""grouped_majority"", ""predicted_value"": ""Building Permit OTC"", ""confidence"": 0.5693950177935944, ""prediction_source"": ""group_majority"", ""passes_threshold"": true, ""candidate_status"": ""Accepted"", ""rejection_reason"": null, ""validation_record_status"": ""valid""}, {""row_index"": 666, ""target_field"": ""permit_type"", ""algorithm"": ""association_rules"", ""predicted_value"": ""Building Permit OTC"", ""confidence"": 1.0, ""prediction_source"": ""matched_rules"", ""passes_threshold"": true, ""candidate_status"": ""Accepted"", ""rejection_reason"": null, ""validation_record_status"": ""valid""}, {""row_index"": 666, ""target_field"": ""permit_type"", ""algorithm"": ""clustering"", ""predicted_value"": ""Building Permit OTC"", ""confidence"": 0.6201550387596899, ""prediction_source"": ""cluster_majority"", ""passes_threshold"": true, ""candidate_status"": ""Accepted"", ""rejection_reason"": null, ""validation_record_status"": ""valid""}, {""row_index"": 666, ""target_field"": ""permit_type"", ""algorithm"": ""knn"", ""predicted_value"": ""Building Permit OTC"", ""confidence"": 1.0, ""prediction_source"": ""nearest_neighbors"", ""passes_threshold"": true, ""candidate_status"": ""Accepted"", ""rejection_reason"": null, ""validation_record_status"": ""valid""}]",
669,permit_type,Building Permit OTC,1,Building Permit OTC,0.7508758862313443,Accepted,unanimous_vote,knn,"[""association_rules"", ""clustering"", ""grouped_majority"", ""knn""]",4,4,4,4,0.0,valid,True,"[{""row_index"": 669, ""target_field"": ""permit_type"", ""algorithm"": ""grouped_majority"", ""predicted_value"": ""Building Permit OTC"", ""confidence"": 0.5693950177935944, ""prediction_source"": ""group_majority"", ""passes_threshold"": true, ""candidate_status"": ""Accepted"", ""rejection_reason"": null, ""validation_record_status"": ""valid""}, {""row_index"": 669, ""target_field"": ""permit_type"", ""algorithm"": ""association_rules"", ""predicted_value"": ""Building Permit OTC"", ""confidence"": 0.8139534883720931, ""prediction_source"": ""matched_rules"", ""passes_threshold"": true, ""candidate_status"": ""Accepted"", ""rejection_reason"": null, ""validation_record_status"": ""valid""}, {""row_index"": 669, ""target_field"": ""permit_type"", ""algorithm"": ""clustering"", ""predicted_value"": ""Building Permit OTC"", ""confidence"": 0.6201550387596899, ""prediction_source"": ""cluster_majority"", ""passes_threshold"": true, ""candidate_status"": ""Accepted"", ""rejection_reason"": null, ""validation_record_status"": ""valid""}, {""row_index"": 669, ""target_field"": ""permit_type"", ""algorithm"": ""knn"", ""predicted_value"": ""Building Permit OTC"", ""confidence"": 1.0, ""prediction_source"": ""nearest_neighbors"", ""passes_threshold"": true, ""candidate_status"": ""Accepted"", ""rejection_reason"": null, ""validation_record_status"": ""valid""}]",
677,permit_type,Building Permit OTC,1,Building - Full Plan Check,0.45238095238095244,Accepted,majority_vote,association_rules,"[""association_rules"", ""clustering""]",2,4,4,4,0.0,valid,True,"[{""row_index"": 677, ""target_field"": ""permit_type"", ""algorithm"": ""grouped_majority"", ""predicted_value"": ""Building Permit OTC"", ""confidence"": 0.5693950177935944, ""prediction_source"": ""group_majority"", ""passes_threshold"": true, ""candidate_status"": ""Accepted"", ""rejection_reason"": null, ""validation_record_status"": ""valid""}, {""row_index"": 677, ""target_field"": ""permit_type"", ""algorithm"": ""association_rules"", ""predicted_value"": ""Building - Full Plan Check"", ""confidence"": 0.5714285714285715, ""prediction_source"": ""matched_rules"", ""passes_threshold"": true, ""candidate_status"": ""Accepted"", ""rejection_reason"": null, ""validation_record_status"": ""valid""}, {""row_index"": 677, ""target_field"": ""permit_type"", ""algorithm"": ""clustering"", ""predicted_value"": ""Building - Full Plan Check"", ""confidence"": 0.3333333333333333, ""prediction_source"": ""cluster_majority"", ""passes_threshold"": true, ""candidate_status"": ""Accepted"", ""rejection_reason"": null, ""validation_record_status"": ""valid""}, {""row_index"": 677, ""target_field"": ""permit_type"", ""algorithm"": ""knn"", ""predicted_value"": ""Building - In House Plan Check"", ""confidence"": 0.6666666666666666, ""prediction_source"": ""nearest_neighbors"", ""passes_threshold"": true, ""candidate_status"": ""Accepted"", ""rejection_reason"": null, ""validation_record_status"": ""valid""}]",
691,permit_type,Building Permit OTC,1,Building Permit OTC,0.7423875141383209,Accepted,unanimous_vote,association_rules,"[""association_rules"", ""clustering"", ""grouped_majority"", ""knn""]",4,4,4,4,0.0,valid,True,"[{""row_index"": 691, ""target_field"": ""permit_type"", ""algorithm"": ""grouped_majority"", ""predicted_value"": ""Building Permit OTC"", ""confidence"": 0.5693950177935944, ""prediction_source"": ""group_majority"", ""passes_threshold"": true, ""candidate_status"": ""Accepted"", ""rejection_reason"": null, ""validation_record_status"": ""valid""}, {""row_index"": 691, ""target_field"": ""permit_type"", ""algorithm"": ""association_rules"", ""predicted_value"": ""Building Permit OTC"", ""confidence"": 0.98, ""prediction_source"": ""matched_rules"", ""passes_threshold"": true, ""candidate_status"": ""Accepted"", ""rejection_reason"": null, ""validation_record_status"": ""valid""}, {""row_index"": 691, ""target_field"": ""permit_type"", ""algorithm"": ""clustering"", ""predicted_value"": ""Building Permit OTC"", ""confidence"": 0.6201550387596899, ""prediction_source"": ""cluster_majority"", ""passes_threshold"": true, ""candidate_status"": ""Accepted"", ""rejection_reason"": null, ""validation_record_status"": ""valid""}, {""row_index"": 691, ""target_field"": ""permit_type"", ""algorithm"": ""knn"", ""predicted_value"": ""Building Permit OTC"", ""confidence"": 0.8, ""prediction_source"": ""nearest_neighbors"", ""passes_threshold"": true, ""candidate_status"": ""Accepted"", ""rejection_reason"": null, ""validation_record_status"": ""valid""}]",
693,permit_type,Building Permit OTC,1,,0.9545454545454546,Requires Review,average_confidence_tiebreak,knn,"[""grouped_majority"", ""knn""]",2,4,4,4,0.0,valid,False,"[{""row_index"": 693, ""target_field"": ""permit_type"", ""algorithm"": ""grouped_majority"", ""predicted_value"": ""Building Permit OTC"", ""confidence"": 0.9090909090909091, ""prediction_source"": ""group_majority"", ""passes_threshold"": true, ""candidate_status"": ""Accepted"", ""rejection_reason"": null, ""validation_record_status"": ""valid""}, {""row_index"": 693, ""target_field"": ""permit_type"", ""algorithm"": ""association_rules"", ""predicted_value"": ""Residential Building Report"", ""confidence"": 0.9075630252100841, ""prediction_source"": ""matched_rules"", ""passes_threshold"": true, ""candidate_status"": ""Accepted"", ""rejection_reason"": null, ""validation_record_status"": ""valid""}, {""row_index"": 693, ""target_field"": ""permit_type"", ""algorithm"": ""clustering"", ""predicted_value"": ""Residential Building Report"", ""confidence"": 0.864, ""prediction_source"": ""cluster_majority"", ""passes_threshold"": true, ""candidate_status"": ""Accepted"", ""rejection_reason"": null, ""validation_record_status"": ""valid""}, {""row_index"": 693, ""target_field"": ""permit_type"", ""algorithm"": ""knn"", ""predicted_value"": ""Building Permit OTC"", ""confidence"": 1.0, ""prediction_source"": ""nearest_neighbors"", ""passes_threshold"": true, ""candidate_status"": ""Accepted"", ""rejection_reason"": null, ""validation_record_status"": ""valid""}]",
694,permit_type,Building Permit OTC,1,Building Permit OTC,0.8073814341869606,Accepted,unanimous_vote,knn,"[""association_rules"", ""clustering"", ""grouped_majority"", ""knn""]",4,4,4,4,0.0,valid,True,"[{""row_index"": 694, ""target_field"": ""permit_type"", ""algorithm"": ""grouped_majority"", ""predicted_value"": ""Building Permit OTC"", ""confidence"": 0.5693950177935944, ""prediction_source"": ""group_majority"", ""passes_threshold"": true, ""candidate_status"": ""Accepted"", ""rejection_reason"": null, ""validation_record_status"": ""valid""}, {""row_index"": 694, ""target_field"": ""permit_type"", ""algorithm"": ""association_rules"", ""predicted_value"": ""Building Permit OTC"", ""confidence"": 0.8823529411764705, ""prediction_source"": ""matched_rules"", ""passes_threshold"": true, ""candidate_status"": ""Accepted"", ""rejection_reason"": null, ""validation_record_status"": ""valid""}, {""row_index"": 694, ""target_field"": ""permit_type"", ""algorithm"": ""clustering"", ""predicted_value"": ""Building Permit OTC"", ""confidence"": 0.7777777777777778, ""prediction_source"": ""cluster_majority"", ""passes_threshold"": true, ""candidate_status"": ""Accepted"", ""rejection_reason"": null, ""validation_record_status"": ""valid""}, {""row_index"": 694, ""target_field"": ""permit_type"", ""algorithm"": ""knn"", ""predicted_value"": ""Building Permit OTC"", ""confidence"": 1.0, ""prediction_source"": ""nearest_neighbors"", ""passes_threshold"": true, ""candidate_status"": ""Accepted"", ""rejection_reason"": null, ""validation_record_status"": ""valid""}]",
697,permit_type,Building Permit OTC,1,Building Permit OTC,0.8129836750833193,Accepted,unanimous_vote,knn,"[""association_rules"", ""clustering"", ""grouped_majority"", ""knn""]",4,4,4,4,0.0,valid,True,"[{""row_index"": 697, ""target_field"": ""permit_type"", ""algorithm"": ""grouped_majority"", ""predicted_value"": ""Building Permit OTC"", ""confidence"": 0.5693950177935944, ""prediction_source"": ""group_majority"", ""passes_threshold"": true, ""candidate_status"": ""Accepted"", ""rejection_reason"": null, ""validation_record_status"": ""valid""}, {""row_index"": 697, ""target_field"": ""permit_type"", ""algorithm"": ""association_rules"", ""predicted_value"": ""Building Permit OTC"", ""confidence"": 0.9047619047619048, ""prediction_source"": ""matched_rules"", ""passes_threshold"": true, ""candidate_status"": ""Accepted"", ""rejection_reason"": null, ""validation_record_status"": ""valid""}, {""row_index"": 697, ""target_field"": ""permit_type"", ""algorithm"": ""clustering"", ""predicted_value"": ""Building Permit OTC"", ""confidence"": 0.7777777777777778, ""prediction_source"": ""cluster_majority"", ""passes_threshold"": true, ""candidate_status"": ""Accepted"", ""rejection_reason"": null, ""validation_record_status"": ""valid""}, {""row_index"": 697, ""target_field"": ""permit_type"", ""algorithm"": ""knn"", ""predicted_value"": ""Building Permit OTC"", ""confidence"": 1.0, ""prediction_source"": ""nearest_neighbors"", ""passes_threshold"": true, ""candidate_status"": ""Accepted"", ""rejection_reason"": null, ""validation_record_status"": ""valid""}]",
699,permit_type,Building Permit OTC,1,Building Permit OTC,0.836793198892843,Accepted,unanimous_vote,association_rules,"[""association_rules"", ""clustering"", ""grouped_majority"", ""knn""]",4,4,4,4,0.0,valid,True,"[{""row_index"": 699, ""target_field"": ""permit_type"", ""algorithm"": ""grouped_majority"", ""predicted_value"": ""Building Permit OTC"", ""confidence"": 0.5693950177935944, ""prediction_source"": ""group_majority"", ""passes_threshold"": true, ""candidate_status"": ""Accepted"", ""rejection_reason"": null, ""validation_record_status"": ""valid""}, {""row_index"": 699, ""target_field"": ""permit_type"", ""algorithm"": ""association_rules"", ""predicted_value"": ""Building Permit OTC"", ""confidence"": 1.0, ""prediction_source"": ""matched_rules"", ""passes_threshold"": true, ""candidate_status"": ""Accepted"", ""rejection_reason"": null, ""validation_record_status"": ""valid""}, {""row_index"": 699, ""target_field"": ""permit_type"", ""algorithm"": ""clustering"", ""predicted_value"": ""Building Permit OTC"", ""confidence"": 0.7777777777777778, ""prediction_source"": ""cluster_majority"", ""passes_threshold"": true, ""candidate_status"": ""Accepted"", ""rejection_reason"": null, ""validation_record_status"": ""valid""}, {""row_index"": 699, ""target_field"": ""permit_type"", ""algorithm"": ""knn"", ""predicted_value"": ""Building Permit OTC"", ""confidence"": 1.0, ""prediction_source"": ""nearest_neighbors"", ""passes_threshold"": true, ""candidate_status"": ""Accepted"", ""rejection_reason"": null, ""validation_record_status"": ""valid""}]",
701,permit_type,Building Permit OTC,1,Building Permit OTC,0.7881282548790618,Accepted,unanimous_vote,knn,"[""association_rules"", ""clustering"", ""grouped_majority"", ""knn""]",4,4,4,4,0.0,valid,True,"[{""row_index"": 701, ""target_field"": ""permit_type"", ""algorithm"": ""grouped_majority"", ""predicted_value"": ""Building Permit OTC"", ""confidence"": 0.5693950177935944, ""prediction_source"": ""group_majority"", ""passes_threshold"": true, ""candidate_status"": ""Accepted"", ""rejection_reason"": null, ""validation_record_status"": ""valid""}, {""row_index"": 701, ""target_field"": ""permit_type"", ""algorithm"": ""association_rules"", ""predicted_value"": ""Building Permit OTC"", ""confidence"": 0.9629629629629629, ""prediction_source"": ""matched_rules"", ""passes_threshold"": true, ""candidate_status"": ""Accepted"", ""rejection_reason"": null, ""validation_record_status"": ""valid""}, {""row_index"": 701, ""target_field"": ""permit_type"", ""algorithm"": ""clustering"", ""predicted_value"": ""Building Permit OTC"", ""confidence"": 0.6201550387596899, ""prediction_source"": ""cluster_majority"", ""passes_threshold"": true, ""candidate_status"": ""Accepted"", ""rejection_reason"": null, ""validation_record_status"": ""valid""}, {""row_index"": 701, ""target_field"": ""permit_type"", ""algorithm"": ""knn"", ""predicted_value"": ""Building Permit OTC"", ""confidence"": 1.0, ""prediction_source"": ""nearest_neighbors"", ""passes_threshold"": true, ""candidate_status"": ""Accepted"", ""rejection_reason"": null, ""validation_record_status"": ""valid""}]",
702,permit_type,Electrical OTC,1,Electrical OTC,0.9966666666666667,Accepted,unanimous_vote,association_rules,"[""association_rules"", ""clustering"", ""grouped_majority"", ""knn""]",4,4,4,4,0.0,valid,True,"[{""row_index"": 702, ""target_field"": ""permit_type"", ""algorithm"": ""grouped_majority"", ""predicted_value"": ""Electrical OTC"", ""confidence"": 0.9866666666666667, ""prediction_source"": ""group_majority"", ""passes_threshold"": true, ""candidate_status"": ""Accepted"", ""rejection_reason"": null, ""validation_record_status"": ""valid""}, {""row_index"": 702, ""target_field"": ""permit_type"", ""algorithm"": ""association_rules"", ""predicted_value"": ""Electrical OTC"", ""confidence"": 1.0, ""prediction_source"": ""matched_rules"", ""passes_threshold"": true, ""candidate_status"": ""Accepted"", ""rejection_reason"": null, ""validation_record_status"": ""valid""}, {""row_index"": 702, ""target_field"": ""permit_type"", ""algorithm"": ""clustering"", ""predicted_value"": ""Electrical OTC"", ""confidence"": 1.0, ""prediction_source"": ""cluster_majority"", ""passes_threshold"": true, ""candidate_status"": ""Accepted"", ""rejection_reason"": null, ""validation_record_status"": ""valid""}, {""row_index"": 702, ""target_field"": ""permit_type"", ""algorithm"": ""knn"", ""predicted_value"": ""Electrical OTC"", ""confidence"": 1.0, ""prediction_source"": ""nearest_neighbors"", ""passes_threshold"": true, ""candidate_status"": ""Accepted"", ""rejection_reason"": null, ""validation_record_status"": ""valid""}]",
704,permit_type,Electrical OTC,1,Electrical OTC,0.8215384615384616,Accepted,unanimous_vote,association_rules,"[""association_rules"", ""clustering"", ""grouped_majority"", ""knn""]",4,4,4,4,0.0,valid,True,"[{""row_index"": 704, ""target_field"": ""permit_type"", ""algorithm"": ""grouped_majority"", ""predicted_value"": ""Electrical OTC"", ""confidence"": 0.9866666666666667, ""prediction_source"": ""group_majority"", ""passes_threshold"": true, ""candidate_status"": ""Accepted"", ""rejection_reason"": null, ""validation_record_status"": ""valid""}, {""row_index"": 704, ""target_field"": ""permit_type"", ""algorithm"": ""association_rules"", ""predicted_value"": ""Electrical OTC"", ""confidence"": 0.9866666666666667, ""prediction_source"": ""matched_rules"", ""passes_threshold"": true, ""candidate_status"": ""Accepted"", ""rejection_reason"": null, ""validation_record_status"": ""valid""}, {""row_index"": 704, ""target_field"": ""permit_type"", ""algorithm"": ""clustering"", ""predicted_value"": ""Electrical OTC"", ""confidence"": 0.5128205128205128, ""prediction_source"": ""cluster_majority"", ""passes_threshold"": true, ""candidate_status"": ""Accepted"", ""rejection_reason"": null, ""validation_record_status"": ""valid""}, {""row_index"": 704, ""target_field"": ""permit_type"", ""algorithm"": ""knn"", ""predicted_value"": ""Electrical OTC"", ""confidence"": 0.8, ""prediction_source"": ""nearest_neighbors"", ""passes_threshold"": true, ""candidate_status"": ""Accepted"", ""rejection_reason"": null, ""validation_record_status"": ""valid""}]",
708,permit_type,Electrical OTC,1,Electrical OTC,0.8173355629877368,Accepted,unanimous_vote,association_rules,"[""association_rules"", ""clustering"", ""grouped_majority"", ""knn""]",4,4,4,4,0.0,valid,True,"[{""row_index"": 708, ""target_field"": ""permit_type"", ""algorithm"": ""grouped_majority"", ""predicted_value"": ""Electrical OTC"", ""confidence"": 0.9565217391304348, ""prediction_source"": ""group_majority"", ""passes_threshold"": true, ""candidate_status"": ""Accepted"", ""rejection_reason"": null, ""validation_record_status"": ""valid""}, {""row_index"": 708, ""target_field"": ""permit_type"", ""algorithm"": ""association_rules"", ""predicted_value"": ""Electrical OTC"", ""confidence"": 1.0, ""prediction_source"": ""matched_rules"", ""passes_threshold"": true, ""candidate_status"": ""Accepted"", ""rejection_reason"": null, ""validation_record_status"": ""valid""}, {""row_index"": 708, ""target_field"": ""permit_type"", ""algorithm"": ""clustering"", ""predicted_value"": ""Electrical OTC"", ""confidence"": 0.5128205128205128, ""prediction_source"": ""cluster_majority"", ""passes_threshold"": true, ""candidate_status"": ""Accepted"", ""rejection_reason"": null, ""validation_record_status"": ""valid""}, {""row_index"": 708, ""target_field"": ""permit_type"", ""algorithm"": ""knn"", ""predicted_value"": ""Electrical OTC"", ""confidence"": 0.8, ""prediction_source"": ""nearest_neighbors"", ""passes_threshold"": true, ""candidate_status"": ""Accepted"", ""rejection_reason"": null, ""validation_record_status"": ""valid""}]",
709,permit_type,Electrical OTC,1,Electrical OTC,0.9966666666666667,Accepted,unanimous_vote,association_rules,"[""association_rules"", ""clustering"", ""grouped_majority"", ""knn""]",4,4,4,4,0.0,valid,True,"[{""row_index"": 709, ""target_field"": ""permit_type"", ""algorithm"": ""grouped_majority"", ""predicted_value"": ""Electrical OTC"", ""confidence"": 0.9866666666666667, ""prediction_source"": ""group_majority"", ""passes_threshold"": true, ""candidate_status"": ""Accepted"", ""rejection_reason"": null, ""validation_record_status"": ""valid""}, {""row_index"": 709, ""target_field"": ""permit_type"", ""algorithm"": ""association_rules"", ""predicted_value"": ""Electrical OTC"", ""confidence"": 1.0, ""prediction_source"": ""matched_rules"", ""passes_threshold"": true, ""candidate_status"": ""Accepted"", ""rejection_reason"": null, ""validation_record_status"": ""valid""}, {""row_index"": 709, ""target_field"": ""permit_type"", ""algorithm"": ""clustering"", ""predicted_value"": ""Electrical OTC"", ""confidence"": 1.0, ""prediction_source"": ""cluster_majority"", ""passes_threshold"": true, ""candidate_status"": ""Accepted"", ""rejection_reason"": null, ""validation_record_status"": ""valid""}, {""row_index"": 709, ""target_field"": ""permit_type"", ""algorithm"": ""knn"", ""predicted_value"": ""Electrical OTC"", ""confidence"": 1.0, ""prediction_source"": ""nearest_neighbors"", ""passes_threshold"": true, ""candidate_status"": ""Accepted"", ""rejection_reason"": null, ""validation_record_status"": ""valid""}]",
710,permit_type,Electrical OTC,1,Electrical OTC,0.9966666666666667,Accepted,unanimous_vote,association_rules,"[""association_rules"", ""clustering"", ""grouped_majority"", ""knn""]",4,4,4,4,0.0,valid,True,"[{""row_index"": 710, ""target_field"": ""permit_type"", ""algorithm"": ""grouped_majority"", ""predicted_value"": ""Electrical OTC"", ""confidence"": 0.9866666666666667, ""prediction_source"": ""group_majority"", ""passes_threshold"": true, ""candidate_status"": ""Accepted"", ""rejection_reason"": null, ""validation_record_status"": ""valid""}, {""row_index"": 710, ""target_field"": ""permit_type"", ""algorithm"": ""association_rules"", ""predicted_value"": ""Electrical OTC"", ""confidence"": 1.0, ""prediction_source"": ""matched_rules"", ""passes_threshold"": true, ""candidate_status"": ""Accepted"", ""rejection_reason"": null, ""validation_record_status"": ""valid""}, {""row_index"": 710, ""target_field"": ""permit_type"", ""algorithm"": ""clustering"", ""predicted_value"": ""Electrical OTC"", ""confidence"": 1.0, ""prediction_source"": ""cluster_majority"", ""passes_threshold"": true, ""candidate_status"": ""Accepted"", ""rejection_reason"": null, ""validation_record_status"": ""valid""}, {""row_index"": 710, ""target_field"": ""permit_type"", ""algorithm"": ""knn"", ""predicted_value"": ""Electrical OTC"", ""confidence"": 1.0, ""prediction_source"": ""nearest_neighbors"", ""passes_threshold"": true, ""candidate_status"": ""Accepted"", ""rejection_reason"": null, ""validation_record_status"": ""valid""}]",
713,permit_type,Electrical OTC,1,Electrical OTC,0.9966666666666667,Accepted,unanimous_vote,association_rules,"[""association_rules"", ""clustering"", ""grouped_majority"", ""knn""]",4,4,4,4,0.0,valid,True,"[{""row_index"": 713, ""target_field"": ""permit_type"", ""algorithm"": ""grouped_majority"", ""predicted_value"": ""Electrical OTC"", ""confidence"": 0.9866666666666667, ""prediction_source"": ""group_majority"", ""passes_threshold"": true, ""candidate_status"": ""Accepted"", ""rejection_reason"": null, ""validation_record_status"": ""valid""}, {""row_index"": 713, ""target_field"": ""permit_type"", ""algorithm"": ""association_rules"", ""predicted_value"": ""Electrical OTC"", ""confidence"": 1.0, ""prediction_source"": ""matched_rules"", ""passes_threshold"": true, ""candidate_status"": ""Accepted"", ""rejection_reason"": null, ""validation_record_status"": ""valid""}, {""row_index"": 713, ""target_field"": ""permit_type"", ""algorithm"": ""clustering"", ""predicted_value"": ""Electrical OTC"", ""confidence"": 1.0, ""prediction_source"": ""cluster_majority"", ""passes_threshold"": true, ""candidate_status"": ""Accepted"", ""rejection_reason"": null, ""validation_record_status"": ""valid""}, {""row_index"": 713, ""target_field"": ""permit_type"", ""algorithm"": ""knn"", ""predicted_value"": ""Electrical OTC"", ""confidence"": 1.0, ""prediction_source"": ""nearest_neighbors"", ""passes_threshold"": true, ""candidate_status"": ""Accepted"", ""rejection_reason"": null, ""validation_record_status"": ""valid""}]",
714,permit_type,Electrical OTC,1,Electrical OTC,0.9966666666666667,Accepted,unanimous_vote,association_rules,"[""association_rules"", ""clustering"", ""grouped_majority"", ""knn""]",4,4,4,4,0.0,valid,True,"[{""row_index"": 714, ""target_field"": ""permit_type"", ""algorithm"": ""grouped_majority"", ""predicted_value"": ""Electrical OTC"", ""confidence"": 0.9866666666666667, ""prediction_source"": ""group_majority"", ""passes_threshold"": true, ""candidate_status"": ""Accepted"", ""rejection_reason"": null, ""validation_record_status"": ""valid""}, {""row_index"": 714, ""target_field"": ""permit_type"", ""algorithm"": ""association_rules"", ""predicted_value"": ""Electrical OTC"", ""confidence"": 1.0, ""prediction_source"": ""matched_rules"", ""passes_threshold"": true, ""candidate_status"": ""Accepted"", ""rejection_reason"": null, ""validation_record_status"": ""valid""}, {""row_index"": 714, ""target_field"": ""permit_type"", ""algorithm"": ""clustering"", ""predicted_value"": ""Electrical OTC"", ""confidence"": 1.0, ""prediction_source"": ""cluster_majority"", ""passes_threshold"": true, ""candidate_status"": ""Accepted"", ""rejection_reason"": null, ""validation_record_status"": ""valid""}, {""row_index"": 714, ""target_field"": ""permit_type"", ""algorithm"": ""knn"", ""predicted_value"": ""Electrical OTC"", ""confidence"": 1.0, ""prediction_source"": ""nearest_neighbors"", ""passes_threshold"": true, ""candidate_status"": ""Accepted"", ""rejection_reason"": null, ""validation_record_status"": ""valid""}]",
716,permit_type,Electrical OTC,1,Electrical OTC,0.9966666666666667,Accepted,unanimous_vote,association_rules,"[""association_rules"", ""clustering"", ""grouped_majority"", ""knn""]",4,4,4,4,0.0,valid,True,"[{""row_index"": 716, ""target_field"": ""permit_type"", ""algorithm"": ""grouped_majority"", ""predicted_value"": ""Electrical OTC"", ""confidence"": 0.9866666666666667, ""prediction_source"": ""group_majority"", ""passes_threshold"": true, ""candidate_status"": ""Accepted"", ""rejection_reason"": null, ""validation_record_status"": ""valid""}, {""row_index"": 716, ""target_field"": ""permit_type"", ""algorithm"": ""association_rules"", ""predicted_value"": ""Electrical OTC"", ""confidence"": 1.0, ""prediction_source"": ""matched_rules"", ""passes_threshold"": true, ""candidate_status"": ""Accepted"", ""rejection_reason"": null, ""validation_record_status"": ""valid""}, {""row_index"": 716, ""target_field"": ""permit_type"", ""algorithm"": ""clustering"", ""predicted_value"": ""Electrical OTC"", ""confidence"": 1.0, ""prediction_source"": ""cluster_majority"", ""passes_threshold"": true, ""candidate_status"": ""Accepted"", ""rejection_reason"": null, ""validation_record_status"": ""valid""}, {""row_index"": 716, ""target_field"": ""permit_type"", ""algorithm"": ""knn"", ""predicted_value"": ""Electrical OTC"", ""confidence"": 1.0, ""prediction_source"": ""nearest_neighbors"", ""passes_threshold"": true, ""candidate_status"": ""Accepted"", ""rejection_reason"": null, ""validation_record_status"": ""valid""}]",
718,permit_type,Electrical OTC,1,Electrical OTC,0.9966666666666667,Accepted,unanimous_vote,association_rules,"[""association_rules"", ""clustering"", ""grouped_majority"", ""knn""]",4,4,4,4,0.0,valid,True,"[{""row_index"": 718, ""target_field"": ""permit_type"", ""algorithm"": ""grouped_majority"", ""predicted_value"": ""Electrical OTC"", ""confidence"": 0.9866666666666667, ""prediction_source"": ""group_majority"", ""passes_threshold"": true, ""candidate_status"": ""Accepted"", ""rejection_reason"": null, ""validation_record_status"": ""valid""}, {""row_index"": 718, ""target_field"": ""permit_type"", ""algorithm"": ""association_rules"", ""predicted_value"": ""Electrical OTC"", ""confidence"": 1.0, ""prediction_source"": ""matched_rules"", ""passes_threshold"": true, ""candidate_status"": ""Accepted"", ""rejection_reason"": null, ""validation_record_status"": ""valid""}, {""row_index"": 718, ""target_field"": ""permit_type"", ""algorithm"": ""clustering"", ""predicted_value"": ""Electrical OTC"", ""confidence"": 1.0, ""prediction_source"": ""cluster_majority"", ""passes_threshold"": true, ""candidate_status"": ""Accepted"", ""rejection_reason"": null, ""validation_record_status"": ""valid""}, {""row_index"": 718, ""target_field"": ""permit_type"", ""algorithm"": ""knn"", ""predicted_value"": ""Electrical OTC"", ""confidence"": 1.0, ""prediction_source"": ""nearest_neighbors"", ""passes_threshold"": true, ""candidate_status"": ""Accepted"", ""rejection_reason"": null, ""validation_record_status"": ""valid""}]",
722,permit_type,Electrical OTC,1,Electrical OTC,0.9966666666666667,Accepted,unanimous_vote,association_rules,"[""association_rules"", ""clustering"", ""grouped_majority"", ""knn""]",4,4,4,4,0.0,valid,True,"[{""row_index"": 722, ""target_field"": ""permit_type"", ""algorithm"": ""grouped_majority"", ""predicted_value"": ""Electrical OTC"", ""confidence"": 0.9866666666666667, ""prediction_source"": ""group_majority"", ""passes_threshold"": true, ""candidate_status"": ""Accepted"", ""rejection_reason"": null, ""validation_record_status"": ""valid""}, {""row_index"": 722, ""target_field"": ""permit_type"", ""algorithm"": ""association_rules"", ""predicted_value"": ""Electrical OTC"", ""confidence"": 1.0, ""prediction_source"": ""matched_rules"", ""passes_threshold"": true, ""candidate_status"": ""Accepted"", ""rejection_reason"": null, ""validation_record_status"": ""valid""}, {""row_index"": 722, ""target_field"": ""permit_type"", ""algorithm"": ""clustering"", ""predicted_value"": ""Electrical OTC"", ""confidence"": 1.0, ""prediction_source"": ""cluster_majority"", ""passes_threshold"": true, ""candidate_status"": ""Accepted"", ""rejection_reason"": null, ""validation_record_status"": ""valid""}, {""row_index"": 722, ""target_field"": ""permit_type"", ""algorithm"": ""knn"", ""predicted_value"": ""Electrical OTC"", ""confidence"": 1.0, ""prediction_source"": ""nearest_neighbors"", ""passes_threshold"": true, ""candidate_status"": ""Accepted"", ""rejection_reason"": null, ""validation_record_status"": ""valid""}]",
723,permit_type,Electrical OTC,1,Electrical OTC,0.8673355629877368,Accepted,unanimous_vote,association_rules,"[""association_rules"", ""clustering"", ""grouped_majority"", ""knn""]",4,4,4,4,0.0,valid,True,"[{""row_index"": 723, ""target_field"": ""permit_type"", ""algorithm"": ""grouped_majority"", ""predicted_value"": ""Electrical OTC"", ""confidence"": 0.9565217391304348, ""prediction_source"": ""group_majority"", ""passes_threshold"": true, ""candidate_status"": ""Accepted"", ""rejection_reason"": null, ""validation_record_status"": ""valid""}, {""row_index"": 723, ""target_field"": ""permit_type"", ""algorithm"": ""association_rules"", ""predicted_value"": ""Electrical OTC"", ""confidence"": 1.0, ""prediction_source"": ""matched_rules"", ""passes_threshold"": true, ""candidate_status"": ""Accepted"", ""rejection_reason"": null, ""validation_record_status"": ""valid""}, {""row_index"": 723, ""target_field"": ""permit_type"", ""algorithm"": ""clustering"", ""predicted_value"": ""Electrical OTC"", ""confidence"": 0.5128205128205128, ""prediction_source"": ""cluster_majority"", ""passes_threshold"": true, ""candidate_status"": ""Accepted"", ""rejection_reason"": null, ""validation_record_status"": ""valid""}, {""row_index"": 723, ""target_field"": ""permit_type"", ""algorithm"": ""knn"", ""predicted_value"": ""Electrical OTC"", ""confidence"": 1.0, ""prediction_source"": ""nearest_neighbors"", ""passes_threshold"": true, ""candidate_status"": ""Accepted"", ""rejection_reason"": null, ""validation_record_status"": ""valid""}]",
725,permit_type,Electrical OTC,1,Electrical OTC,0.9966666666666667,Accepted,unanimous_vote,association_rules,"[""association_rules"", ""clustering"", ""grouped_majority"", ""knn""]",4,4,4,4,0.0,valid,True,"[{""row_index"": 725, ""target_field"": ""permit_type"", ""algorithm"": ""grouped_majority"", ""predicted_value"": ""Electrical OTC"", ""confidence"": 0.9866666666666667, ""prediction_source"": ""group_majority"", ""passes_threshold"": true, ""candidate_status"": ""Accepted"", ""rejection_reason"": null, ""validation_record_status"": ""valid""}, {""row_index"": 725, ""target_field"": ""permit_type"", ""algorithm"": ""association_rules"", ""predicted_value"": ""Electrical OTC"", ""confidence"": 1.0, ""prediction_source"": ""matched_rules"", ""passes_threshold"": true, ""candidate_status"": ""Accepted"", ""rejection_reason"": null, ""validation_record_status"": ""valid""}, {""row_index"": 725, ""target_field"": ""permit_type"", ""algorithm"": ""clustering"", ""predicted_value"": ""Electrical OTC"", ""confidence"": 1.0, ""prediction_source"": ""cluster_majority"", ""passes_threshold"": true, ""candidate_status"": ""Accepted"", ""rejection_reason"": null, ""validation_record_status"": ""valid""}, {""row_index"": 725, ""target_field"": ""permit_type"", ""algorithm"": ""knn"", ""predicted_value"": ""Electrical OTC"", ""confidence"": 1.0, ""prediction_source"": ""nearest_neighbors"", ""passes_threshold"": true, ""candidate_status"": ""Accepted"", ""rejection_reason"": null, ""validation_record_status"": ""valid""}]",
727,permit_type,Electrical OTC,1,Electrical OTC,0.8748717948717949,Accepted,unanimous_vote,association_rules,"[""association_rules"", ""clustering"", ""grouped_majority"", ""knn""]",4,4,4,4,0.0,valid,True,"[{""row_index"": 727, ""target_field"": ""permit_type"", ""algorithm"": ""grouped_majority"", ""predicted_value"": ""Electrical OTC"", ""confidence"": 0.9866666666666667, ""prediction_source"": ""group_majority"", ""passes_threshold"": true, ""candidate_status"": ""Accepted"", ""rejection_reason"": null, ""validation_record_status"": ""valid""}, {""row_index"": 727, ""target_field"": ""permit_type"", ""algorithm"": ""association_rules"", ""predicted_value"": ""Electrical OTC"", ""confidence"": 1.0, ""prediction_source"": ""matched_rules"", ""passes_threshold"": true, ""candidate_status"": ""Accepted"", ""rejection_reason"": null, ""validation_record_status"": ""valid""}, {""row_index"": 727, ""target_field"": ""permit_type"", ""algorithm"": ""clustering"", ""predicted_value"": ""Electrical OTC"", ""confidence"": 0.5128205128205128, ""prediction_source"": ""cluster_majority"", ""passes_threshold"": true, ""candidate_status"": ""Accepted"", ""rejection_reason"": null, ""validation_record_status"": ""valid""}, {""row_index"": 727, ""target_field"": ""permit_type"", ""algorithm"": ""knn"", ""predicted_value"": ""Electrical OTC"", ""confidence"": 1.0, ""prediction_source"": ""nearest_neighbors"", ""passes_threshold"": true, ""candidate_status"": ""Accepted"", ""rejection_reason"": null, ""validation_record_status"": ""valid""}]",
728,permit_type,Electrical OTC,1,Electrical OTC,0.9966666666666667,Accepted,unanimous_vote,association_rules,"[""association_rules"", ""clustering"", ""grouped_majority"", ""knn""]",4,4,4,4,0.0,valid,True,"[{""row_index"": 728, ""target_field"": ""permit_type"", ""algorithm"": ""grouped_majority"", ""predicted_value"": ""Electrical OTC"", ""confidence"": 0.9866666666666667, ""prediction_source"": ""group_majority"", ""passes_threshold"": true, ""candidate_status"": ""Accepted"", ""rejection_reason"": null, ""validation_record_status"": ""valid""}, {""row_index"": 728, ""target_field"": ""permit_type"", ""algorithm"": ""association_rules"", ""predicted_value"": ""Electrical OTC"", ""confidence"": 1.0, ""prediction_source"": ""matched_rules"", ""passes_threshold"": true, ""candidate_status"": ""Accepted"", ""rejection_reason"": null, ""validation_record_status"": ""valid""}, {""row_index"": 728, ""target_field"": ""permit_type"", ""algorithm"": ""clustering"", ""predicted_value"": ""Electrical OTC"", ""confidence"": 1.0, ""prediction_source"": ""cluster_majority"", ""passes_threshold"": true, ""candidate_status"": ""Accepted"", ""rejection_reason"": null, ""validation_record_status"": ""valid""}, {""row_index"": 728, ""target_field"": ""permit_type"", ""algorithm"": ""knn"", ""predicted_value"": ""Electrical OTC"", ""confidence"": 1.0, ""prediction_source"": ""nearest_neighbors"", ""passes_threshold"": true, ""candidate_status"": ""Accepted"", ""rejection_reason"": null, ""validation_record_status"": ""valid""}]",
729,permit_type,Electrical OTC,1,Electrical OTC,0.8748717948717949,Accepted,unanimous_vote,association_rules,"[""association_rules"", ""clustering"", ""grouped_majority"", ""knn""]",4,4,4,4,0.0,valid,True,"[{""row_index"": 729, ""target_field"": ""permit_type"", ""algorithm"": ""grouped_majority"", ""predicted_value"": ""Electrical OTC"", ""confidence"": 0.9866666666666667, ""prediction_source"": ""group_majority"", ""passes_threshold"": true, ""candidate_status"": ""Accepted"", ""rejection_reason"": null, ""validation_record_status"": ""valid""}, {""row_index"": 729, ""target_field"": ""permit_type"", ""algorithm"": ""association_rules"", ""predicted_value"": ""Electrical OTC"", ""confidence"": 1.0, ""prediction_source"": ""matched_rules"", ""passes_threshold"": true, ""candidate_status"": ""Accepted"", ""rejection_reason"": null, ""validation_record_status"": ""valid""}, {""row_index"": 729, ""target_field"": ""permit_type"", ""algorithm"": ""clustering"", ""predicted_value"": ""Electrical OTC"", ""confidence"": 0.5128205128205128, ""prediction_source"": ""cluster_majority"", ""passes_threshold"": true, ""candidate_status"": ""Accepted"", ""rejection_reason"": null, ""validation_record_status"": ""valid""}, {""row_index"": 729, ""target_field"": ""permit_type"", ""algorithm"": ""knn"", ""predicted_value"": ""Electrical OTC"", ""confidence"": 1.0, ""prediction_source"": ""nearest_neighbors"", ""passes_threshold"": true, ""candidate_status"": ""Accepted"", ""rejection_reason"": null, ""validation_record_status"": ""valid""}]",
733,permit_type,Electrical OTC,1,Electrical OTC,0.8215384615384616,Accepted,unanimous_vote,association_rules,"[""association_rules"", ""clustering"", ""grouped_majority"", ""knn""]",4,4,4,4,0.0,valid,True,"[{""row_index"": 733, ""target_field"": ""permit_type"", ""algorithm"": ""grouped_majority"", ""predicted_value"": ""Electrical OTC"", ""confidence"": 0.9866666666666667, ""prediction_source"": ""group_majority"", ""passes_threshold"": true, ""candidate_status"": ""Accepted"", ""rejection_reason"": null, ""validation_record_status"": ""valid""}, {""row_index"": 733, ""target_field"": ""permit_type"", ""algorithm"": ""association_rules"", ""predicted_value"": ""Electrical OTC"", ""confidence"": 0.9866666666666667, ""prediction_source"": ""matched_rules"", ""passes_threshold"": true, ""candidate_status"": ""Accepted"", ""rejection_reason"": null, ""validation_record_status"": ""valid""}, {""row_index"": 733, ""target_field"": ""permit_type"", ""algorithm"": ""clustering"", ""predicted_value"": ""Electrical OTC"", ""confidence"": 0.5128205128205128, ""prediction_source"": ""cluster_majority"", ""passes_threshold"": true, ""candidate_status"": ""Accepted"", ""rejection_reason"": null, ""validation_record_status"": ""valid""}, {""row_index"": 733, ""target_field"": ""permit_type"", ""algorithm"": ""knn"", ""predicted_value"": ""Electrical OTC"", ""confidence"": 0.8, ""prediction_source"": ""nearest_neighbors"", ""passes_threshold"": true, ""candidate_status"": ""Accepted"", ""rejection_reason"": null, ""validation_record_status"": ""valid""}]",
734,permit_type,Electrical OTC,1,Electrical OTC,0.9966666666666667,Accepted,unanimous_vote,association_rules,"[""association_rules"", ""clustering"", ""grouped_majority"", ""knn""]",4,4,4,4,0.0,valid,True,"[{""row_index"": 734, ""target_field"": ""permit_type"", ""algorithm"": ""grouped_majority"", ""predicted_value"": ""Electrical OTC"", ""confidence"": 0.9866666666666667, ""prediction_source"": ""group_majority"", ""passes_threshold"": true, ""candidate_status"": ""Accepted"", ""rejection_reason"": null, ""validation_record_status"": ""valid""}, {""row_index"": 734, ""target_field"": ""permit_type"", ""algorithm"": ""association_rules"", ""predicted_value"": ""Electrical OTC"", ""confidence"": 1.0, ""prediction_source"": ""matched_rules"", ""passes_threshold"": true, ""candidate_status"": ""Accepted"", ""rejection_reason"": null, ""validation_record_status"": ""valid""}, {""row_index"": 734, ""target_field"": ""permit_type"", ""algorithm"": ""clustering"", ""predicted_value"": ""Electrical OTC"", ""confidence"": 1.0, ""prediction_source"": ""cluster_majority"", ""passes_threshold"": true, ""candidate_status"": ""Accepted"", ""rejection_reason"": null, ""validation_record_status"": ""valid""}, {""row_index"": 734, ""target_field"": ""permit_type"", ""algorithm"": ""knn"", ""predicted_value"": ""Electrical OTC"", ""confidence"": 1.0, ""prediction_source"": ""nearest_neighbors"", ""passes_threshold"": true, ""candidate_status"": ""Accepted"", ""rejection_reason"": null, ""validation_record_status"": ""valid""}]",
735,permit_type,Historical Building Record,1,Residential Building Report,0.8746229508196721,Accepted,majority_vote,association_rules,"[""association_rules"", ""clustering""]",2,4,4,4,0.0,valid,True,"[{""row_index"": 735, ""target_field"": ""permit_type"", ""algorithm"": ""grouped_majority"", ""predicted_value"": ""Building Permit OTC"", ""confidence"": 0.9090909090909091, ""prediction_source"": ""group_majority"", ""passes_threshold"": true, ""candidate_status"": ""Accepted"", ""rejection_reason"": null, ""validation_record_status"": ""valid""}, {""row_index"": 735, ""target_field"": ""permit_type"", ""algorithm"": ""association_rules"", ""predicted_value"": ""Residential Building Report"", ""confidence"": 0.8852459016393444, ""prediction_source"": ""matched_rules"", ""passes_threshold"": true, ""candidate_status"": ""Accepted"", ""rejection_reason"": null, ""validation_record_status"": ""valid""}, {""row_index"": 735, ""target_field"": ""permit_type"", ""algorithm"": ""clustering"", ""predicted_value"": ""Residential Building Report"", ""confidence"": 0.864, ""prediction_source"": ""cluster_majority"", ""passes_threshold"": true, ""candidate_status"": ""Accepted"", ""rejection_reason"": null, ""validation_record_status"": ""valid""}, {""row_index"": 735, ""target_field"": ""permit_type"", ""algorithm"": ""knn"", ""predicted_value"": ""Historical Building Record"", ""confidence"": 0.6666666666666666, ""prediction_source"": ""nearest_neighbors"", ""passes_threshold"": true, ""candidate_status"": ""Accepted"", ""rejection_reason"": null, ""validation_record_status"": ""valid""}]",
737,permit_type,Mechanical OTC,1,Mechanical OTC,0.9966996699669967,Accepted,majority_vote,association_rules,"[""association_rules"", ""grouped_majority"", ""knn""]",3,4,4,4,0.0,valid,True,"[{""row_index"": 737, ""target_field"": ""permit_type"", ""algorithm"": ""grouped_majority"", ""predicted_value"": ""Mechanical OTC"", ""confidence"": 0.9900990099009901, ""prediction_source"": ""group_majority"", ""passes_threshold"": true, ""candidate_status"": ""Accepted"", ""rejection_reason"": null, ""validation_record_status"": ""valid""}, {""row_index"": 737, ""target_field"": ""permit_type"", ""algorithm"": ""association_rules"", ""predicted_value"": ""Mechanical OTC"", ""confidence"": 1.0, ""prediction_source"": ""matched_rules"", ""passes_threshold"": true, ""candidate_status"": ""Accepted"", ""rejection_reason"": null, ""validation_record_status"": ""valid""}, {""row_index"": 737, ""target_field"": ""permit_type"", ""algorithm"": ""clustering"", ""predicted_value"": ""Electrical OTC"", ""confidence"": 0.5128205128205128, ""prediction_source"": ""cluster_majority"", ""passes_threshold"": true, ""candidate_status"": ""Accepted"", ""rejection_reason"": null, ""validation_record_status"": ""valid""}, {""row_index"": 737, ""target_field"": ""permit_type"", ""algorithm"": ""knn"", ""predicted_value"": ""Mechanical OTC"", ""confidence"": 1.0, ""prediction_source"": ""nearest_neighbors"", ""passes_threshold"": true, ""candidate_status"": ""Accepted"", ""rejection_reason"": null, ""validation_record_status"": ""valid""}]",
739,permit_type,Mechanical OTC,1,Mechanical OTC,0.9940036257146841,Accepted,unanimous_vote,association_rules,"[""association_rules"", ""clustering"", ""grouped_majority"", ""knn""]",4,4,4,4,0.0,valid,True,"[{""row_index"": 739, ""target_field"": ""permit_type"", ""algorithm"": ""grouped_majority"", ""predicted_value"": ""Mechanical OTC"", ""confidence"": 0.9900990099009901, ""prediction_source"": ""group_majority"", ""passes_threshold"": true, ""candidate_status"": ""Accepted"", ""rejection_reason"": null, ""validation_record_status"": ""valid""}, {""row_index"": 739, ""target_field"": ""permit_type"", ""algorithm"": ""association_rules"", ""predicted_value"": ""Mechanical OTC"", ""confidence"": 1.0, ""prediction_source"": ""matched_rules"", ""passes_threshold"": true, ""candidate_status"": ""Accepted"", ""rejection_reason"": null, ""validation_record_status"": ""valid""}, {""row_index"": 739, ""target_field"": ""permit_type"", ""algorithm"": ""clustering"", ""predicted_value"": ""Mechanical OTC"", ""confidence"": 0.9859154929577465, ""prediction_source"": ""cluster_majority"", ""passes_threshold"": true, ""candidate_status"": ""Accepted"", ""rejection_reason"": null, ""validation_record_status"": ""valid""}, {""row_index"": 739, ""target_field"": ""permit_type"", ""algorithm"": ""knn"", ""predicted_value"": ""Mechanical OTC"", ""confidence"": 1.0, ""prediction_source"": ""nearest_neighbors"", ""passes_threshold"": true, ""candidate_status"": ""Accepted"", ""rejection_reason"": null, ""validation_record_status"": ""valid""}]",
740,permit_type,Mechanical OTC,1,Mechanical OTC,0.9966996699669967,Accepted,majority_vote,association_rules,"[""association_rules"", ""grouped_majority"", ""knn""]",3,4,4,4,0.0,valid,True,"[{""row_index"": 740, ""target_field"": ""permit_type"", ""algorithm"": ""grouped_majority"", ""predicted_value"": ""Mechanical OTC"", ""confidence"": 0.9900990099009901, ""prediction_source"": ""group_majority"", ""passes_threshold"": true, ""candidate_status"": ""Accepted"", ""rejection_reason"": null, ""validation_record_status"": ""valid""}, {""row_index"": 740, ""target_field"": ""permit_type"", ""algorithm"": ""association_rules"", ""predicted_value"": ""Mechanical OTC"", ""confidence"": 1.0, ""prediction_source"": ""matched_rules"", ""passes_threshold"": true, ""candidate_status"": ""Accepted"", ""rejection_reason"": null, ""validation_record_status"": ""valid""}, {""row_index"": 740, ""target_field"": ""permit_type"", ""algorithm"": ""clustering"", ""predicted_value"": ""Electrical OTC"", ""confidence"": 0.5128205128205128, ""prediction_source"": ""cluster_majority"", ""passes_threshold"": true, ""candidate_status"": ""Accepted"", ""rejection_reason"": null, ""validation_record_status"": ""valid""}, {""row_index"": 740, ""target_field"": ""permit_type"", ""algorithm"": ""knn"", ""predicted_value"": ""Mechanical OTC"", ""confidence"": 1.0, ""prediction_source"": ""nearest_neighbors"", ""passes_threshold"": true, ""candidate_status"": ""Accepted"", ""rejection_reason"": null, ""validation_record_status"": ""valid""}]",
742,permit_type,Mechanical OTC,1,Mechanical OTC,0.9416451351486463,Accepted,unanimous_vote,association_rules,"[""association_rules"", ""clustering"", ""grouped_majority"", ""knn""]",4,4,4,4,0.0,valid,True,"[{""row_index"": 742, ""target_field"": ""permit_type"", ""algorithm"": ""grouped_majority"", ""predicted_value"": ""Mechanical OTC"", ""confidence"": 0.9900990099009901, ""prediction_source"": ""group_majority"", ""passes_threshold"": true, ""candidate_status"": ""Accepted"", ""rejection_reason"": null, ""validation_record_status"": ""valid""}, {""row_index"": 742, ""target_field"": ""permit_type"", ""algorithm"": ""association_rules"", ""predicted_value"": ""Mechanical OTC"", ""confidence"": 0.9905660377358491, ""prediction_source"": ""matched_rules"", ""passes_threshold"": true, ""candidate_status"": ""Accepted"", ""rejection_reason"": null, ""validation_record_status"": ""valid""}, {""row_index"": 742, ""target_field"": ""permit_type"", ""algorithm"": ""clustering"", ""predicted_value"": ""Mechanical OTC"", ""confidence"": 0.9859154929577465, ""prediction_source"": ""cluster_majority"", ""passes_threshold"": true, ""candidate_status"": ""Accepted"", ""rejection_reason"": null, ""validation_record_status"": ""valid""}, {""row_index"": 742, ""target_field"": ""permit_type"", ""algorithm"": ""knn"", ""predicted_value"": ""Mechanical OTC"", ""confidence"": 0.8, ""prediction_source"": ""nearest_neighbors"", ""passes_threshold"": true, ""candidate_status"": ""Accepted"", ""rejection_reason"": null, ""validation_record_status"": ""valid""}]",
749,permit_type,Mechanical OTC,1,Mechanical OTC,0.9940036257146841,Accepted,unanimous_vote,association_rules,"[""association_rules"", ""clustering"", ""grouped_majority"", ""knn""]",4,4,4,4,0.0,valid,True,"[{""row_index"": 749, ""target_field"": ""permit_type"", ""algorithm"": ""grouped_majority"", ""predicted_value"": ""Mechanical OTC"", ""confidence"": 0.9900990099009901, ""prediction_source"": ""group_majority"", ""passes_threshold"": true, ""candidate_status"": ""Accepted"", ""rejection_reason"": null, ""validation_record_status"": ""valid""}, {""row_index"": 749, ""target_field"": ""permit_type"", ""algorithm"": ""association_rules"", ""predicted_value"": ""Mechanical OTC"", ""confidence"": 1.0, ""prediction_source"": ""matched_rules"", ""passes_threshold"": true, ""candidate_status"": ""Accepted"", ""rejection_reason"": null, ""validation_record_status"": ""valid""}, {""row_index"": 749, ""target_field"": ""permit_type"", ""algorithm"": ""clustering"", ""predicted_value"": ""Mechanical OTC"", ""confidence"": 0.9859154929577465, ""prediction_source"": ""cluster_majority"", ""passes_threshold"": true, ""candidate_status"": ""Accepted"", ""rejection_reason"": null, ""validation_record_status"": ""valid""}, {""row_index"": 749, ""target_field"": ""permit_type"", ""algorithm"": ""knn"", ""predicted_value"": ""Mechanical OTC"", ""confidence"": 1.0, ""prediction_source"": ""nearest_neighbors"", ""passes_threshold"": true, ""candidate_status"": ""Accepted"", ""rejection_reason"": null, ""validation_record_status"": ""valid""}]",
752,permit_type,Mechanical OTC,1,Mechanical OTC,0.9416451351486463,Accepted,unanimous_vote,association_rules,"[""association_rules"", ""clustering"", ""grouped_majority"", ""knn""]",4,4,4,4,0.0,valid,True,"[{""row_index"": 752, ""target_field"": ""permit_type"", ""algorithm"": ""grouped_majority"", ""predicted_value"": ""Mechanical OTC"", ""confidence"": 0.9900990099009901, ""prediction_source"": ""group_majority"", ""passes_threshold"": true, ""candidate_status"": ""Accepted"", ""rejection_reason"": null, ""validation_record_status"": ""valid""}, {""row_index"": 752, ""target_field"": ""permit_type"", ""algorithm"": ""association_rules"", ""predicted_value"": ""Mechanical OTC"", ""confidence"": 0.9905660377358491, ""prediction_source"": ""matched_rules"", ""passes_threshold"": true, ""candidate_status"": ""Accepted"", ""rejection_reason"": null, ""validation_record_status"": ""valid""}, {""row_index"": 752, ""target_field"": ""permit_type"", ""algorithm"": ""clustering"", ""predicted_value"": ""Mechanical OTC"", ""confidence"": 0.9859154929577465, ""prediction_source"": ""cluster_majority"", ""passes_threshold"": true, ""candidate_status"": ""Accepted"", ""rejection_reason"": null, ""validation_record_status"": ""valid""}, {""row_index"": 752, ""target_field"": ""permit_type"", ""algorithm"": ""knn"", ""predicted_value"": ""Mechanical OTC"", ""confidence"": 0.8, ""prediction_source"": ""nearest_neighbors"", ""passes_threshold"": true, ""candidate_status"": ""Accepted"", ""rejection_reason"": null, ""validation_record_status"": ""valid""}]",
753,permit_type,Plumbing OTC,1,Plumbing OTC,0.997093023255814,Accepted,unanimous_vote,association_rules,"[""association_rules"", ""clustering"", ""grouped_majority"", ""knn""]",4,4,4,4,0.0,valid,True,"[{""row_index"": 753, ""target_field"": ""permit_type"", ""algorithm"": ""grouped_majority"", ""predicted_value"": ""Plumbing OTC"", ""confidence"": 0.9883720930232558, ""prediction_source"": ""group_majority"", ""passes_threshold"": true, ""candidate_status"": ""Accepted"", ""rejection_reason"": null, ""validation_record_status"": ""valid""}, {""row_index"": 753, ""target_field"": ""permit_type"", ""algorithm"": ""association_rules"", ""predicted_value"": ""Plumbing OTC"", ""confidence"": 1.0, ""prediction_source"": ""matched_rules"", ""passes_threshold"": true, ""candidate_status"": ""Accepted"", ""rejection_reason"": null, ""validation_record_status"": ""valid""}, {""row_index"": 753, ""target_field"": ""permit_type"", ""algorithm"": ""clustering"", ""predicted_value"": ""Plumbing OTC"", ""confidence"": 1.0, ""prediction_source"": ""cluster_majority"", ""passes_threshold"": true, ""candidate_status"": ""Accepted"", ""rejection_reason"": null, ""validation_record_status"": ""valid""}, {""row_index"": 753, ""target_field"": ""permit_type"", ""algorithm"": ""knn"", ""predicted_value"": ""Plumbing OTC"", ""confidence"": 1.0, ""prediction_source"": ""nearest_neighbors"", ""passes_threshold"": true, ""candidate_status"": ""Accepted"", ""rejection_reason"": null, ""validation_record_status"": ""valid""}]",
754,permit_type,Plumbing OTC,1,Plumbing OTC,0.997093023255814,Accepted,unanimous_vote,association_rules,"[""association_rules"", ""clustering"", ""grouped_majority"", ""knn""]",4,4,4,4,0.0,valid,True,"[{""row_index"": 754, ""target_field"": ""permit_type"", ""algorithm"": ""grouped_majority"", ""predicted_value"": ""Plumbing OTC"", ""confidence"": 0.9883720930232558, ""prediction_source"": ""group_majority"", ""passes_threshold"": true, ""candidate_status"": ""Accepted"", ""rejection_reason"": null, ""validation_record_status"": ""valid""}, {""row_index"": 754, ""target_field"": ""permit_type"", ""algorithm"": ""association_rules"", ""predicted_value"": ""Plumbing OTC"", ""confidence"": 1.0, ""prediction_source"": ""matched_rules"", ""passes_threshold"": true, ""candidate_status"": ""Accepted"", ""rejection_reason"": null, ""validation_record_status"": ""valid""}, {""row_index"": 754, ""target_field"": ""permit_type"", ""algorithm"": ""clustering"", ""predicted_value"": ""Plumbing OTC"", ""confidence"": 1.0, ""prediction_source"": ""cluster_majority"", ""passes_threshold"": true, ""candidate_status"": ""Accepted"", ""rejection_reason"": null, ""validation_record_status"": ""valid""}, {""row_index"": 754, ""target_field"": ""permit_type"", ""algorithm"": ""knn"", ""predicted_value"": ""Plumbing OTC"", ""confidence"": 1.0, ""prediction_source"": ""nearest_neighbors"", ""passes_threshold"": true, ""candidate_status"": ""Accepted"", ""rejection_reason"": null, ""validation_record_status"": ""valid""}]",
757,permit_type,Plumbing OTC,1,Plumbing OTC,0.997093023255814,Accepted,unanimous_vote,association_rules,"[""association_rules"", ""clustering"", ""grouped_majority"", ""knn""]",4,4,4,4,0.0,valid,True,"[{""row_index"": 757, ""target_field"": ""permit_type"", ""algorithm"": ""grouped_majority"", ""predicted_value"": ""Plumbing OTC"", ""confidence"": 0.9883720930232558, ""prediction_source"": ""group_majority"", ""passes_threshold"": true, ""candidate_status"": ""Accepted"", ""rejection_reason"": null, ""validation_record_status"": ""valid""}, {""row_index"": 757, ""target_field"": ""permit_type"", ""algorithm"": ""association_rules"", ""predicted_value"": ""Plumbing OTC"", ""confidence"": 1.0, ""prediction_source"": ""matched_rules"", ""passes_threshold"": true, ""candidate_status"": ""Accepted"", ""rejection_reason"": null, ""validation_record_status"": ""valid""}, {""row_index"": 757, ""target_field"": ""permit_type"", ""algorithm"": ""clustering"", ""predicted_value"": ""Plumbing OTC"", ""confidence"": 1.0, ""prediction_source"": ""cluster_majority"", ""passes_threshold"": true, ""candidate_status"": ""Accepted"", ""rejection_reason"": null, ""validation_record_status"": ""valid""}, {""row_index"": 757, ""target_field"": ""permit_type"", ""algorithm"": ""knn"", ""predicted_value"": ""Plumbing OTC"", ""confidence"": 1.0, ""prediction_source"": ""nearest_neighbors"", ""passes_threshold"": true, ""candidate_status"": ""Accepted"", ""rejection_reason"": null, ""validation_record_status"": ""valid""}]",
759,permit_type,Plumbing OTC,1,Plumbing OTC,0.997093023255814,Accepted,unanimous_vote,association_rules,"[""association_rules"", ""clustering"", ""grouped_majority"", ""knn""]",4,4,4,4,0.0,valid,True,"[{""row_index"": 759, ""target_field"": ""permit_type"", ""algorithm"": ""grouped_majority"", ""predicted_value"": ""Plumbing OTC"", ""confidence"": 0.9883720930232558, ""prediction_source"": ""group_majority"", ""passes_threshold"": true, ""candidate_status"": ""Accepted"", ""rejection_reason"": null, ""validation_record_status"": ""valid""}, {""row_index"": 759, ""target_field"": ""permit_type"", ""algorithm"": ""association_rules"", ""predicted_value"": ""Plumbing OTC"", ""confidence"": 1.0, ""prediction_source"": ""matched_rules"", ""passes_threshold"": true, ""candidate_status"": ""Accepted"", ""rejection_reason"": null, ""validation_record_status"": ""valid""}, {""row_index"": 759, ""target_field"": ""permit_type"", ""algorithm"": ""clustering"", ""predicted_value"": ""Plumbing OTC"", ""confidence"": 1.0, ""prediction_source"": ""cluster_majority"", ""passes_threshold"": true, ""candidate_status"": ""Accepted"", ""rejection_reason"": null, ""validation_record_status"": ""valid""}, {""row_index"": 759, ""target_field"": ""permit_type"", ""algorithm"": ""knn"", ""predicted_value"": ""Plumbing OTC"", ""confidence"": 1.0, ""prediction_source"": ""nearest_neighbors"", ""passes_threshold"": true, ""candidate_status"": ""Accepted"", ""rejection_reason"": null, ""validation_record_status"": ""valid""}]",
760,permit_type,Plumbing OTC,1,Plumbing OTC,0.997093023255814,Accepted,unanimous_vote,association_rules,"[""association_rules"", ""clustering"", ""grouped_majority"", ""knn""]",4,4,4,4,0.0,valid,True,"[{""row_index"": 760, ""target_field"": ""permit_type"", ""algorithm"": ""grouped_majority"", ""predicted_value"": ""Plumbing OTC"", ""confidence"": 0.9883720930232558, ""prediction_source"": ""group_majority"", ""passes_threshold"": true, ""candidate_status"": ""Accepted"", ""rejection_reason"": null, ""validation_record_status"": ""valid""}, {""row_index"": 760, ""target_field"": ""permit_type"", ""algorithm"": ""association_rules"", ""predicted_value"": ""Plumbing OTC"", ""confidence"": 1.0, ""prediction_source"": ""matched_rules"", ""passes_threshold"": true, ""candidate_status"": ""Accepted"", ""rejection_reason"": null, ""validation_record_status"": ""valid""}, {""row_index"": 760, ""target_field"": ""permit_type"", ""algorithm"": ""clustering"", ""predicted_value"": ""Plumbing OTC"", ""confidence"": 1.0, ""prediction_source"": ""cluster_majority"", ""passes_threshold"": true, ""candidate_status"": ""Accepted"", ""rejection_reason"": null, ""validation_record_status"": ""valid""}, {""row_index"": 760, ""target_field"": ""permit_type"", ""algorithm"": ""knn"", ""predicted_value"": ""Plumbing OTC"", ""confidence"": 1.0, ""prediction_source"": ""nearest_neighbors"", ""passes_threshold"": true, ""candidate_status"": ""Accepted"", ""rejection_reason"": null, ""validation_record_status"": ""valid""}]",
761,permit_type,Plumbing OTC,1,Plumbing OTC,0.997093023255814,Accepted,unanimous_vote,association_rules,"[""association_rules"", ""clustering"", ""grouped_majority"", ""knn""]",4,4,4,4,0.0,valid,True,"[{""row_index"": 761, ""target_field"": ""permit_type"", ""algorithm"": ""grouped_majority"", ""predicted_value"": ""Plumbing OTC"", ""confidence"": 0.9883720930232558, ""prediction_source"": ""group_majority"", ""passes_threshold"": true, ""candidate_status"": ""Accepted"", ""rejection_reason"": null, ""validation_record_status"": ""valid""}, {""row_index"": 761, ""target_field"": ""permit_type"", ""algorithm"": ""association_rules"", ""predicted_value"": ""Plumbing OTC"", ""confidence"": 1.0, ""prediction_source"": ""matched_rules"", ""passes_threshold"": true, ""candidate_status"": ""Accepted"", ""rejection_reason"": null, ""validation_record_status"": ""valid""}, {""row_index"": 761, ""target_field"": ""permit_type"", ""algorithm"": ""clustering"", ""predicted_value"": ""Plumbing OTC"", ""confidence"": 1.0, ""prediction_source"": ""cluster_majority"", ""passes_threshold"": true, ""candidate_status"": ""Accepted"", ""rejection_reason"": null, ""validation_record_status"": ""valid""}, {""row_index"": 761, ""target_field"": ""permit_type"", ""algorithm"": ""knn"", ""predicted_value"": ""Plumbing OTC"", ""confidence"": 1.0, ""prediction_source"": ""nearest_neighbors"", ""passes_threshold"": true, ""candidate_status"": ""Accepted"", ""rejection_reason"": null, ""validation_record_status"": ""valid""}]",
762,permit_type,Plumbing OTC,1,Plumbing OTC,0.997093023255814,Accepted,unanimous_vote,association_rules,"[""association_rules"", ""clustering"", ""grouped_majority"", ""knn""]",4,4,4,4,0.0,valid,True,"[{""row_index"": 762, ""target_field"": ""permit_type"", ""algorithm"": ""grouped_majority"", ""predicted_value"": ""Plumbing OTC"", ""confidence"": 0.9883720930232558, ""prediction_source"": ""group_majority"", ""passes_threshold"": true, ""candidate_status"": ""Accepted"", ""rejection_reason"": null, ""validation_record_status"": ""valid""}, {""row_index"": 762, ""target_field"": ""permit_type"", ""algorithm"": ""association_rules"", ""predicted_value"": ""Plumbing OTC"", ""confidence"": 1.0, ""prediction_source"": ""matched_rules"", ""passes_threshold"": true, ""candidate_status"": ""Accepted"", ""rejection_reason"": null, ""validation_record_status"": ""valid""}, {""row_index"": 762, ""target_field"": ""permit_type"", ""algorithm"": ""clustering"", ""predicted_value"": ""Plumbing OTC"", ""confidence"": 1.0, ""prediction_source"": ""cluster_majority"", ""passes_threshold"": true, ""candidate_status"": ""Accepted"", ""rejection_reason"": null, ""validation_record_status"": ""valid""}, {""row_index"": 762, ""target_field"": ""permit_type"", ""algorithm"": ""knn"", ""predicted_value"": ""Plumbing OTC"", ""confidence"": 1.0, ""prediction_source"": ""nearest_neighbors"", ""passes_threshold"": true, ""candidate_status"": ""Accepted"", ""rejection_reason"": null, ""validation_record_status"": ""valid""}]",
766,permit_type,Plumbing OTC,1,Plumbing OTC,0.997093023255814,Accepted,unanimous_vote,association_rules,"[""association_rules"", ""clustering"", ""grouped_majority"", ""knn""]",4,4,4,4,0.0,valid,True,"[{""row_index"": 766, ""target_field"": ""permit_type"", ""algorithm"": ""grouped_majority"", ""predicted_value"": ""Plumbing OTC"", ""confidence"": 0.9883720930232558, ""prediction_source"": ""group_majority"", ""passes_threshold"": true, ""candidate_status"": ""Accepted"", ""rejection_reason"": null, ""validation_record_status"": ""valid""}, {""row_index"": 766, ""target_field"": ""permit_type"", ""algorithm"": ""association_rules"", ""predicted_value"": ""Plumbing OTC"", ""confidence"": 1.0, ""prediction_source"": ""matched_rules"", ""passes_threshold"": true, ""candidate_status"": ""Accepted"", ""rejection_reason"": null, ""validation_record_status"": ""valid""}, {""row_index"": 766, ""target_field"": ""permit_type"", ""algorithm"": ""clustering"", ""predicted_value"": ""Plumbing OTC"", ""confidence"": 1.0, ""prediction_source"": ""cluster_majority"", ""passes_threshold"": true, ""candidate_status"": ""Accepted"", ""rejection_reason"": null, ""validation_record_status"": ""valid""}, {""row_index"": 766, ""target_field"": ""permit_type"", ""algorithm"": ""knn"", ""predicted_value"": ""Plumbing OTC"", ""confidence"": 1.0, ""prediction_source"": ""nearest_neighbors"", ""passes_threshold"": true, ""candidate_status"": ""Accepted"", ""rejection_reason"": null, ""validation_record_status"": ""valid""}]",
767,permit_type,Plumbing OTC,1,Plumbing OTC,0.997093023255814,Accepted,unanimous_vote,association_rules,"[""association_rules"", ""clustering"", ""grouped_majority"", ""knn""]",4,4,4,4,0.0,valid,True,"[{""row_index"": 767, ""target_field"": ""permit_type"", ""algorithm"": ""grouped_majority"", ""predicted_value"": ""Plumbing OTC"", ""confidence"": 0.9883720930232558, ""prediction_source"": ""group_majority"", ""passes_threshold"": true, ""candidate_status"": ""Accepted"", ""rejection_reason"": null, ""validation_record_status"": ""valid""}, {""row_index"": 767, ""target_field"": ""permit_type"", ""algorithm"": ""association_rules"", ""predicted_value"": ""Plumbing OTC"", ""confidence"": 1.0, ""prediction_source"": ""matched_rules"", ""passes_threshold"": true, ""candidate_status"": ""Accepted"", ""rejection_reason"": null, ""validation_record_status"": ""valid""}, {""row_index"": 767, ""target_field"": ""permit_type"", ""algorithm"": ""clustering"", ""predicted_value"": ""Plumbing OTC"", ""confidence"": 1.0, ""prediction_source"": ""cluster_majority"", ""passes_threshold"": true, ""candidate_status"": ""Accepted"", ""rejection_reason"": null, ""validation_record_status"": ""valid""}, {""row_index"": 767, ""target_field"": ""permit_type"", ""algorithm"": ""knn"", ""predicted_value"": ""Plumbing OTC"", ""confidence"": 1.0, ""prediction_source"": ""nearest_neighbors"", ""passes_threshold"": true, ""candidate_status"": ""Accepted"", ""rejection_reason"": null, ""validation_record_status"": ""valid""}]",
768,permit_type,Plumbing OTC,1,Plumbing OTC,0.997093023255814,Accepted,unanimous_vote,association_rules,"[""association_rules"", ""clustering"", ""grouped_majority"", ""knn""]",4,4,4,4,0.0,valid,True,"[{""row_index"": 768, ""target_field"": ""permit_type"", ""algorithm"": ""grouped_majority"", ""predicted_value"": ""Plumbing OTC"", ""confidence"": 0.9883720930232558, ""prediction_source"": ""group_majority"", ""passes_threshold"": true, ""candidate_status"": ""Accepted"", ""rejection_reason"": null, ""validation_record_status"": ""valid""}, {""row_index"": 768, ""target_field"": ""permit_type"", ""algorithm"": ""association_rules"", ""predicted_value"": ""Plumbing OTC"", ""confidence"": 1.0, ""prediction_source"": ""matched_rules"", ""passes_threshold"": true, ""candidate_status"": ""Accepted"", ""rejection_reason"": null, ""validation_record_status"": ""valid""}, {""row_index"": 768, ""target_field"": ""permit_type"", ""algorithm"": ""clustering"", ""predicted_value"": ""Plumbing OTC"", ""confidence"": 1.0, ""prediction_source"": ""cluster_majority"", ""passes_threshold"": true, ""candidate_status"": ""Accepted"", ""rejection_reason"": null, ""validation_record_status"": ""valid""}, {""row_index"": 768, ""target_field"": ""permit_type"", ""algorithm"": ""knn"", ""predicted_value"": ""Plumbing OTC"", ""confidence"": 1.0, ""prediction_source"": ""nearest_neighbors"", ""passes_threshold"": true, ""candidate_status"": ""Accepted"", ""rejection_reason"": null, ""validation_record_status"": ""valid""}]",
775,permit_type,Residential Building Report,1,Residential Building Report,0.9637064220183487,Accepted,unanimous_vote,association_rules,"[""association_rules"", ""clustering"", ""grouped_majority"", ""knn""]",4,4,4,4,0.0,valid,True,"[{""row_index"": 775, ""target_field"": ""permit_type"", ""algorithm"": ""grouped_majority"", ""predicted_value"": ""Residential Building Report"", ""confidence"": 0.9908256880733946, ""prediction_source"": ""group_majority"", ""passes_threshold"": true, ""candidate_status"": ""Accepted"", ""rejection_reason"": null, ""validation_record_status"": ""valid""}, {""row_index"": 775, ""target_field"": ""permit_type"", ""algorithm"": ""association_rules"", ""predicted_value"": ""Residential Building Report"", ""confidence"": 1.0, ""prediction_source"": ""matched_rules"", ""passes_threshold"": true, ""candidate_status"": ""Accepted"", ""rejection_reason"": null, ""validation_record_status"": ""valid""}, {""row_index"": 775, ""target_field"": ""permit_type"", ""algorithm"": ""clustering"", ""predicted_value"": ""Residential Building Report"", ""confidence"": 0.864, ""prediction_source"": ""cluster_majority"", ""passes_threshold"": true, ""candidate_status"": ""Accepted"", ""rejection_reason"": null, ""validation_record_status"": ""valid""}, {""row_index"": 775, ""target_field"": ""permit_type"", ""algorithm"": ""knn"", ""predicted_value"": ""Residential Building Report"", ""confidence"": 1.0, ""prediction_source"": ""nearest_neighbors"", ""passes_threshold"": true, ""candidate_status"": ""Accepted"", ""rejection_reason"": null, ""validation_record_status"": ""valid""}]",
782,permit_type,Residential Building Report,1,Residential Building Report,0.9637064220183487,Accepted,unanimous_vote,association_rules,"[""association_rules"", ""clustering"", ""grouped_majority"", ""knn""]",4,4,4,4,0.0,valid,True,"[{""row_index"": 782, ""target_field"": ""permit_type"", ""algorithm"": ""grouped_majority"", ""predicted_value"": ""Residential Building Report"", ""confidence"": 0.9908256880733946, ""prediction_source"": ""group_majority"", ""passes_threshold"": true, ""candidate_status"": ""Accepted"", ""rejection_reason"": null, ""validation_record_status"": ""valid""}, {""row_index"": 782, ""target_field"": ""permit_type"", ""algorithm"": ""association_rules"", ""predicted_value"": ""Residential Building Report"", ""confidence"": 1.0, ""prediction_source"": ""matched_rules"", ""passes_threshold"": true, ""candidate_status"": ""Accepted"", ""rejection_reason"": null, ""validation_record_status"": ""valid""}, {""row_index"": 782, ""target_field"": ""permit_type"", ""algorithm"": ""clustering"", ""predicted_value"": ""Residential Building Report"", ""confidence"": 0.864, ""prediction_source"": ""cluster_majority"", ""passes_threshold"": true, ""candidate_status"": ""Accepted"", ""rejection_reason"": null, ""validation_record_status"": ""valid""}, {""row_index"": 782, ""target_field"": ""permit_type"", ""algorithm"": ""knn"", ""predicted_value"": ""Residential Building Report"", ""confidence"": 1.0, ""prediction_source"": ""nearest_neighbors"", ""passes_threshold"": true, ""candidate_status"": ""Accepted"", ""rejection_reason"": null, ""validation_record_status"": ""valid""}]",
784,permit_type,Residential Building Report,1,Residential Building Report,0.9637064220183487,Accepted,unanimous_vote,association_rules,"[""association_rules"", ""clustering"", ""grouped_majority"", ""knn""]",4,4,4,4,0.0,valid,True,"[{""row_index"": 784, ""target_field"": ""permit_type"", ""algorithm"": ""grouped_majority"", ""predicted_value"": ""Residential Building Report"", ""confidence"": 0.9908256880733946, ""prediction_source"": ""group_majority"", ""passes_threshold"": true, ""candidate_status"": ""Accepted"", ""rejection_reason"": null, ""validation_record_status"": ""valid""}, {""row_index"": 784, ""target_field"": ""permit_type"", ""algorithm"": ""association_rules"", ""predicted_value"": ""Residential Building Report"", ""confidence"": 1.0, ""prediction_source"": ""matched_rules"", ""passes_threshold"": true, ""candidate_status"": ""Accepted"", ""rejection_reason"": null, ""validation_record_status"": ""valid""}, {""row_index"": 784, ""target_field"": ""permit_type"", ""algorithm"": ""clustering"", ""predicted_value"": ""Residential Building Report"", ""confidence"": 0.864, ""prediction_source"": ""cluster_majority"", ""passes_threshold"": true, ""candidate_status"": ""Accepted"", ""rejection_reason"": null, ""validation_record_status"": ""valid""}, {""row_index"": 784, ""target_field"": ""permit_type"", ""algorithm"": ""knn"", ""predicted_value"": ""Residential Building Report"", ""confidence"": 1.0, ""prediction_source"": ""nearest_neighbors"", ""passes_threshold"": true, ""candidate_status"": ""Accepted"", ""rejection_reason"": null, ""validation_record_status"": ""valid""}]",
788,permit_type,Temp C of O,1,Residential Building Report,0.7970501474926254,Accepted,majority_vote,association_rules,"[""association_rules"", ""grouped_majority"", ""knn""]",3,4,4,4,0.0,valid,True,"[{""row_index"": 788, ""target_field"": ""permit_type"", ""algorithm"": ""grouped_majority"", ""predicted_value"": ""Residential Building Report"", ""confidence"": 0.8, ""prediction_source"": ""group_majority"", ""passes_threshold"": true, ""candidate_status"": ""Accepted"", ""rejection_reason"": null, ""validation_record_status"": ""valid""}, {""row_index"": 788, ""target_field"": ""permit_type"", ""algorithm"": ""association_rules"", ""predicted_value"": ""Residential Building Report"", ""confidence"": 0.9911504424778761, ""prediction_source"": ""matched_rules"", ""passes_threshold"": true, ""candidate_status"": ""Accepted"", ""rejection_reason"": null, ""validation_record_status"": ""valid""}, {""row_index"": 788, ""target_field"": ""permit_type"", ""algorithm"": ""clustering"", ""predicted_value"": ""Electrical OTC"", ""confidence"": 0.5128205128205128, ""prediction_source"": ""cluster_majority"", ""passes_threshold"": true, ""candidate_status"": ""Accepted"", ""rejection_reason"": null, ""validation_record_status"": ""valid""}, {""row_index"": 788, ""target_field"": ""permit_type"", ""algorithm"": ""knn"", ""predicted_value"": ""Residential Building Report"", ""confidence"": 0.6, ""prediction_source"": ""nearest_neighbors"", ""passes_threshold"": true, ""candidate_status"": ""Accepted"", ""rejection_reason"": null, ""validation_record_status"": ""valid""}]",
792,permit_type,Building - Full Plan Check,1,Building - Full Plan Check,0.6598290598290598,Accepted,majority_vote,association_rules,"[""association_rules"", ""clustering"", ""knn""]",3,4,4,4,0.0,valid,True,"[{""row_index"": 792, ""target_field"": ""permit_type"", ""algorithm"": ""grouped_majority"", ""predicted_value"": ""Building Permit OTC"", ""confidence"": 0.5693950177935944, ""prediction_source"": ""group_majority"", ""passes_threshold"": true, ""candidate_status"": ""Accepted"", ""rejection_reason"": null, ""validation_record_status"": ""valid""}, {""row_index"": 792, ""target_field"": ""permit_type"", ""algorithm"": ""association_rules"", ""predicted_value"": ""Building - Full Plan Check"", ""confidence"": 0.8461538461538461, ""prediction_source"": ""matched_rules"", ""passes_threshold"": true, ""candidate_status"": ""Accepted"", ""rejection_reason"": null, ""validation_record_status"": ""valid""}, {""row_index"": 792, ""target_field"": ""permit_type"", ""algorithm"": ""clustering"", ""predicted_value"": ""Building - Full Plan Check"", ""confidence"": 0.3333333333333333, ""prediction_source"": ""cluster_majority"", ""passes_threshold"": true, ""candidate_status"": ""Accepted"", ""rejection_reason"": null, ""validation_record_status"": ""valid""}, {""row_index"": 792, ""target_field"": ""permit_type"", ""algorithm"": ""knn"", ""predicted_value"": ""Building - Full Plan Check"", ""confidence"": 0.8, ""prediction_source"": ""nearest_neighbors"", ""passes_threshold"": true, ""candidate_status"": ""Accepted"", ""rejection_reason"": null, ""validation_record_status"": ""valid""}]",
793,permit_type,Building - Full Plan Check,1,,0.6666666666666666,Requires Review,average_confidence_tiebreak,knn,"[""clustering"", ""knn""]",2,4,4,4,0.0,valid,False,"[{""row_index"": 793, ""target_field"": ""permit_type"", ""algorithm"": ""grouped_majority"", ""predicted_value"": ""Building Permit OTC"", ""confidence"": 0.5693950177935944, ""prediction_source"": ""group_majority"", ""passes_threshold"": true, ""candidate_status"": ""Accepted"", ""rejection_reason"": null, ""validation_record_status"": ""valid""}, {""row_index"": 793, ""target_field"": ""permit_type"", ""algorithm"": ""association_rules"", ""predicted_value"": ""Building Permit OTC"", ""confidence"": 0.6097560975609756, ""prediction_source"": ""matched_rules"", ""passes_threshold"": true, ""candidate_status"": ""Accepted"", ""rejection_reason"": null, ""validation_record_status"": ""valid""}, {""row_index"": 793, ""target_field"": ""permit_type"", ""algorithm"": ""clustering"", ""predicted_value"": ""Building - Full Plan Check"", ""confidence"": 0.3333333333333333, ""prediction_source"": ""cluster_majority"", ""passes_threshold"": true, ""candidate_status"": ""Accepted"", ""rejection_reason"": null, ""validation_record_status"": ""valid""}, {""row_index"": 793, ""target_field"": ""permit_type"", ""algorithm"": ""knn"", ""predicted_value"": ""Building - Full Plan Check"", ""confidence"": 1.0, ""prediction_source"": ""nearest_neighbors"", ""passes_threshold"": true, ""candidate_status"": ""Accepted"", ""rejection_reason"": null, ""validation_record_status"": ""valid""}]",
796,permit_type,Building - Full Plan Check,1,Building - Full Plan Check,0.7264957264957266,Accepted,majority_vote,knn,"[""association_rules"", ""clustering"", ""knn""]",3,4,4,4,0.0,valid,True,"[{""row_index"": 796, ""target_field"": ""permit_type"", ""algorithm"": ""grouped_majority"", ""predicted_value"": ""Building Permit OTC"", ""confidence"": 0.5693950177935944, ""prediction_source"": ""group_majority"", ""passes_threshold"": true, ""candidate_status"": ""Accepted"", ""rejection_reason"": null, ""validation_record_status"": ""valid""}, {""row_index"": 796, ""target_field"": ""permit_type"", ""algorithm"": ""association_rules"", ""predicted_value"": ""Building - Full Plan Check"", ""confidence"": 0.8461538461538461, ""prediction_source"": ""matched_rules"", ""passes_threshold"": true, ""candidate_status"": ""Accepted"", ""rejection_reason"": null, ""validation_record_status"": ""valid""}, {""row_index"": 796, ""target_field"": ""permit_type"", ""algorithm"": ""clustering"", ""predicted_value"": ""Building - Full Plan Check"", ""confidence"": 0.3333333333333333, ""prediction_source"": ""cluster_majority"", ""passes_threshold"": true, ""candidate_status"": ""Accepted"", ""rejection_reason"": null, ""validation_record_status"": ""valid""}, {""row_index"": 796, ""target_field"": ""permit_type"", ""algorithm"": ""knn"", ""predicted_value"": ""Building - Full Plan Check"", ""confidence"": 1.0, ""prediction_source"": ""nearest_neighbors"", ""passes_threshold"": true, ""candidate_status"": ""Accepted"", ""rejection_reason"": null, ""validation_record_status"": ""valid""}]",
799,permit_type,Building - In House Plan Check,1,Building Permit OTC,0.7973875141383211,Accepted,unanimous_vote,association_rules,"[""association_rules"", ""clustering"", ""grouped_majority"", ""knn""]",4,4,4,4,0.0,valid,True,"[{""row_index"": 799, ""target_field"": ""permit_type"", ""algorithm"": ""grouped_majority"", ""predicted_value"": ""Building Permit OTC"", ""confidence"": 0.5693950177935944, ""prediction_source"": ""group_majority"", ""passes_threshold"": true, ""candidate_status"": ""Accepted"", ""rejection_reason"": null, ""validation_record_status"": ""valid""}, {""row_index"": 799, ""target_field"": ""permit_type"", ""algorithm"": ""association_rules"", ""predicted_value"": ""Building Permit OTC"", ""confidence"": 1.0, ""prediction_source"": ""matched_rules"", ""passes_threshold"": true, ""candidate_status"": ""Accepted"", ""rejection_reason"": null, ""validation_record_status"": ""valid""}, {""row_index"": 799, ""target_field"": ""permit_type"", ""algorithm"": ""clustering"", ""predicted_value"": ""Building Permit OTC"", ""confidence"": 0.6201550387596899, ""prediction_source"": ""cluster_majority"", ""passes_threshold"": true, ""candidate_status"": ""Accepted"", ""rejection_reason"": null, ""validation_record_status"": ""valid""}, {""row_index"": 799, ""target_field"": ""permit_type"", ""algorithm"": ""knn"", ""predicted_value"": ""Building Permit OTC"", ""confidence"": 1.0, ""prediction_source"": ""nearest_neighbors"", ""passes_threshold"": true, ""candidate_status"": ""Accepted"", ""rejection_reason"": null, ""validation_record_status"": ""valid""}]",
802,permit_type,Building - In House Plan Check,1,Building Permit OTC,0.7300223655595096,Accepted,unanimous_vote,association_rules,"[""association_rules"", ""clustering"", ""grouped_majority"", ""knn""]",4,4,4,4,0.0,valid,True,"[{""row_index"": 802, ""target_field"": ""permit_type"", ""algorithm"": ""grouped_majority"", ""predicted_value"": ""Building Permit OTC"", ""confidence"": 0.5693950177935944, ""prediction_source"": ""group_majority"", ""passes_threshold"": true, ""candidate_status"": ""Accepted"", ""rejection_reason"": null, ""validation_record_status"": ""valid""}, {""row_index"": 802, ""target_field"": ""permit_type"", ""algorithm"": ""association_rules"", ""predicted_value"": ""Building Permit OTC"", ""confidence"": 0.9062499999999999, ""prediction_source"": ""matched_rules"", ""passes_threshold"": true, ""candidate_status"": ""Accepted"", ""rejection_reason"": null, ""validation_record_status"": ""valid""}, {""row_index"": 802, ""target_field"": ""permit_type"", ""algorithm"": ""clustering"", ""predicted_value"": ""Building Permit OTC"", ""confidence"": 0.7777777777777778, ""prediction_source"": ""cluster_majority"", ""passes_threshold"": true, ""candidate_status"": ""Accepted"", ""rejection_reason"": null, ""validation_record_status"": ""valid""}, {""row_index"": 802, ""target_field"": ""permit_type"", ""algorithm"": ""knn"", ""predicted_value"": ""Building Permit OTC"", ""confidence"": 0.6666666666666666, ""prediction_source"": ""nearest_neighbors"", ""passes_threshold"": true, ""candidate_status"": ""Accepted"", ""rejection_reason"": null, ""validation_record_status"": ""valid""}]",
803,permit_type,Building - In House Plan Check,1,Building Permit OTC,0.7132085419200171,Accepted,majority_vote,association_rules,"[""association_rules"", ""clustering"", ""grouped_majority""]",3,4,4,4,0.0,valid,True,"[{""row_index"": 803, ""target_field"": ""permit_type"", ""algorithm"": ""grouped_majority"", ""predicted_value"": ""Building Permit OTC"", ""confidence"": 0.5693950177935944, ""prediction_source"": ""group_majority"", ""passes_threshold"": true, ""candidate_status"": ""Accepted"", ""rejection_reason"": null, ""validation_record_status"": ""valid""}, {""row_index"": 803, ""target_field"": ""permit_type"", ""algorithm"": ""association_rules"", ""predicted_value"": ""Building Permit OTC"", ""confidence"": 0.7924528301886792, ""prediction_source"": ""matched_rules"", ""passes_threshold"": true, ""candidate_status"": ""Accepted"", ""rejection_reason"": null, ""validation_record_status"": ""valid""}, {""row_index"": 803, ""target_field"": ""permit_type"", ""algorithm"": ""clustering"", ""predicted_value"": ""Building Permit OTC"", ""confidence"": 0.7777777777777778, ""prediction_source"": ""cluster_majority"", ""passes_threshold"": true, ""candidate_status"": ""Accepted"", ""rejection_reason"": null, ""validation_record_status"": ""valid""}, {""row_index"": 803, ""target_field"": ""permit_type"", ""algorithm"": ""knn"", ""predicted_value"": ""Solar Permit"", ""confidence"": 1.0, ""prediction_source"": ""nearest_neighbors"", ""passes_threshold"": true, ""candidate_status"": ""Accepted"", ""rejection_reason"": null, ""validation_record_status"": ""valid""}]",
808,permit_type,Building Permit OTC,1,,0.65,Requires Review,average_confidence_tiebreak,knn,"[""association_rules"", ""knn""]",2,4,4,4,0.0,valid,False,"[{""row_index"": 808, ""target_field"": ""permit_type"", ""algorithm"": ""grouped_majority"", ""predicted_value"": ""Building Permit OTC"", ""confidence"": 0.5693950177935944, ""prediction_source"": ""group_majority"", ""passes_threshold"": true, ""candidate_status"": ""Accepted"", ""rejection_reason"": null, ""validation_record_status"": ""valid""}, {""row_index"": 808, ""target_field"": ""permit_type"", ""algorithm"": ""association_rules"", ""predicted_value"": ""Building - In House Plan Check"", ""confidence"": 0.5, ""prediction_source"": ""matched_rules"", ""passes_threshold"": true, ""candidate_status"": ""Accepted"", ""rejection_reason"": null, ""validation_record_status"": ""valid""}, {""row_index"": 808, ""target_field"": ""permit_type"", ""algorithm"": ""clustering"", ""predicted_value"": ""Building Permit OTC"", ""confidence"": 0.6201550387596899, ""prediction_source"": ""cluster_majority"", ""passes_threshold"": true, ""candidate_status"": ""Accepted"", ""rejection_reason"": null, ""validation_record_status"": ""valid""}, {""row_index"": 808, ""target_field"": ""permit_type"", ""algorithm"": ""knn"", ""predicted_value"": ""Building - In House Plan Check"", ""confidence"": 0.8, ""prediction_source"": ""nearest_neighbors"", ""passes_threshold"": true, ""candidate_status"": ""Accepted"", ""rejection_reason"": null, ""validation_record_status"": ""valid""}]",
810,permit_type,Building Permit OTC,1,Building Permit OTC,0.8129836750833193,Accepted,unanimous_vote,knn,"[""association_rules"", ""clustering"", ""grouped_majority"", ""knn""]",4,4,4,4,0.0,valid,True,"[{""row_index"": 810, ""target_field"": ""permit_type"", ""algorithm"": ""grouped_majority"", ""predicted_value"": ""Building Permit OTC"", ""confidence"": 0.5693950177935944, ""prediction_source"": ""group_majority"", ""passes_threshold"": true, ""candidate_status"": ""Accepted"", ""rejection_reason"": null, ""validation_record_status"": ""valid""}, {""row_index"": 810, ""target_field"": ""permit_type"", ""algorithm"": ""association_rules"", ""predicted_value"": ""Building Permit OTC"", ""confidence"": 0.9047619047619048, ""prediction_source"": ""matched_rules"", ""passes_threshold"": true, ""candidate_status"": ""Accepted"", ""rejection_reason"": null, ""validation_record_status"": ""valid""}, {""row_index"": 810, ""target_field"": ""permit_type"", ""algorithm"": ""clustering"", ""predicted_value"": ""Building Permit OTC"", ""confidence"": 0.7777777777777778, ""prediction_source"": ""cluster_majority"", ""passes_threshold"": true, ""candidate_status"": ""Accepted"", ""rejection_reason"": null, ""validation_record_status"": ""valid""}, {""row_index"": 810, ""target_field"": ""permit_type"", ""algorithm"": ""knn"", ""predicted_value"": ""Building Permit OTC"", ""confidence"": 1.0, ""prediction_source"": ""nearest_neighbors"", ""passes_threshold"": true, ""candidate_status"": ""Accepted"", ""rejection_reason"": null, ""validation_record_status"": ""valid""}]",
811,permit_type,Building Permit OTC,1,Building Permit OTC,0.8129836750833193,Accepted,unanimous_vote,knn,"[""association_rules"", ""clustering"", ""grouped_majority"", ""knn""]",4,4,4,4,0.0,valid,True,"[{""row_index"": 811, ""target_field"": ""permit_type"", ""algorithm"": ""grouped_majority"", ""predicted_value"": ""Building Permit OTC"", ""confidence"": 0.5693950177935944, ""prediction_source"": ""group_majority"", ""passes_threshold"": true, ""candidate_status"": ""Accepted"", ""rejection_reason"": null, ""validation_record_status"": ""valid""}, {""row_index"": 811, ""target_field"": ""permit_type"", ""algorithm"": ""association_rules"", ""predicted_value"": ""Building Permit OTC"", ""confidence"": 0.9047619047619048, ""prediction_source"": ""matched_rules"", ""passes_threshold"": true, ""candidate_status"": ""Accepted"", ""rejection_reason"": null, ""validation_record_status"": ""valid""}, {""row_index"": 811, ""target_field"": ""permit_type"", ""algorithm"": ""clustering"", ""predicted_value"": ""Building Permit OTC"", ""confidence"": 0.7777777777777778, ""prediction_source"": ""cluster_majority"", ""passes_threshold"": true, ""candidate_status"": ""Accepted"", ""rejection_reason"": null, ""validation_record_status"": ""valid""}, {""row_index"": 811, ""target_field"": ""permit_type"", ""algorithm"": ""knn"", ""predicted_value"": ""Building Permit OTC"", ""confidence"": 1.0, ""prediction_source"": ""nearest_neighbors"", ""passes_threshold"": true, ""candidate_status"": ""Accepted"", ""rejection_reason"": null, ""validation_record_status"": ""valid""}]",
812,permit_type,Building Permit OTC,1,Building Permit OTC,0.8129836750833193,Accepted,unanimous_vote,knn,"[""association_rules"", ""clustering"", ""grouped_majority"", ""knn""]",4,4,4,4,0.0,valid,True,"[{""row_index"": 812, ""target_field"": ""permit_type"", ""algorithm"": ""grouped_majority"", ""predicted_value"": ""Building Permit OTC"", ""confidence"": 0.5693950177935944, ""prediction_source"": ""group_majority"", ""passes_threshold"": true, ""candidate_status"": ""Accepted"", ""rejection_reason"": null, ""validation_record_status"": ""valid""}, {""row_index"": 812, ""target_field"": ""permit_type"", ""algorithm"": ""association_rules"", ""predicted_value"": ""Building Permit OTC"", ""confidence"": 0.9047619047619048, ""prediction_source"": ""matched_rules"", ""passes_threshold"": true, ""candidate_status"": ""Accepted"", ""rejection_reason"": null, ""validation_record_status"": ""valid""}, {""row_index"": 812, ""target_field"": ""permit_type"", ""algorithm"": ""clustering"", ""predicted_value"": ""Building Permit OTC"", ""confidence"": 0.7777777777777778, ""prediction_source"": ""cluster_majority"", ""passes_threshold"": true, ""candidate_status"": ""Accepted"", ""rejection_reason"": null, ""validation_record_status"": ""valid""}, {""row_index"": 812, ""target_field"": ""permit_type"", ""algorithm"": ""knn"", ""predicted_value"": ""Building Permit OTC"", ""confidence"": 1.0, ""prediction_source"": ""nearest_neighbors"", ""passes_threshold"": true, ""candidate_status"": ""Accepted"", ""rejection_reason"": null, ""validation_record_status"": ""valid""}]",
815,permit_type,Building Permit OTC,1,Building Permit OTC,0.7508758862313443,Accepted,unanimous_vote,knn,"[""association_rules"", ""clustering"", ""grouped_majority"", ""knn""]",4,4,4,4,0.0,valid,True,"[{""row_index"": 815, ""target_field"": ""permit_type"", ""algorithm"": ""grouped_majority"", ""predicted_value"": ""Building Permit OTC"", ""confidence"": 0.5693950177935944, ""prediction_source"": ""group_majority"", ""passes_threshold"": true, ""candidate_status"": ""Accepted"", ""rejection_reason"": null, ""validation_record_status"": ""valid""}, {""row_index"": 815, ""target_field"": ""permit_type"", ""algorithm"": ""association_rules"", ""predicted_value"": ""Building Permit OTC"", ""confidence"": 0.8139534883720931, ""prediction_source"": ""matched_rules"", ""passes_threshold"": true, ""candidate_status"": ""Accepted"", ""rejection_reason"": null, ""validation_record_status"": ""valid""}, {""row_index"": 815, ""target_field"": ""permit_type"", ""algorithm"": ""clustering"", ""predicted_value"": ""Building Permit OTC"", ""confidence"": 0.6201550387596899, ""prediction_source"": ""cluster_majority"", ""passes_threshold"": true, ""candidate_status"": ""Accepted"", ""rejection_reason"": null, ""validation_record_status"": ""valid""}, {""row_index"": 815, ""target_field"": ""permit_type"", ""algorithm"": ""knn"", ""predicted_value"": ""Building Permit OTC"", ""confidence"": 1.0, ""prediction_source"": ""nearest_neighbors"", ""passes_threshold"": true, ""candidate_status"": ""Accepted"", ""rejection_reason"": null, ""validation_record_status"": ""valid""}]",
821,permit_type,Building Permit OTC,1,Building Permit OTC,0.7423875141383209,Accepted,unanimous_vote,association_rules,"[""association_rules"", ""clustering"", ""grouped_majority"", ""knn""]",4,4,4,4,0.0,valid,True,"[{""row_index"": 821, ""target_field"": ""permit_type"", ""algorithm"": ""grouped_majority"", ""predicted_value"": ""Building Permit OTC"", ""confidence"": 0.5693950177935944, ""prediction_source"": ""group_majority"", ""passes_threshold"": true, ""candidate_status"": ""Accepted"", ""rejection_reason"": null, ""validation_record_status"": ""valid""}, {""row_index"": 821, ""target_field"": ""permit_type"", ""algorithm"": ""association_rules"", ""predicted_value"": ""Building Permit OTC"", ""confidence"": 0.98, ""prediction_source"": ""matched_rules"", ""passes_threshold"": true, ""candidate_status"": ""Accepted"", ""rejection_reason"": null, ""validation_record_status"": ""valid""}, {""row_index"": 821, ""target_field"": ""permit_type"", ""algorithm"": ""clustering"", ""predicted_value"": ""Building Permit OTC"", ""confidence"": 0.6201550387596899, ""prediction_source"": ""cluster_majority"", ""passes_threshold"": true, ""candidate_status"": ""Accepted"", ""rejection_reason"": null, ""validation_record_status"": ""valid""}, {""row_index"": 821, ""target_field"": ""permit_type"", ""algorithm"": ""knn"", ""predicted_value"": ""Building Permit OTC"", ""confidence"": 0.8, ""prediction_source"": ""nearest_neighbors"", ""passes_threshold"": true, ""candidate_status"": ""Accepted"", ""rejection_reason"": null, ""validation_record_status"": ""valid""}]",
824,permit_type,Building Permit OTC,1,Building Permit OTC,0.7973875141383211,Accepted,unanimous_vote,association_rules,"[""association_rules"", ""clustering"", ""grouped_majority"", ""knn""]",4,4,4,4,0.0,valid,True,"[{""row_index"": 824, ""target_field"": ""permit_type"", ""algorithm"": ""grouped_majority"", ""predicted_value"": ""Building Permit OTC"", ""confidence"": 0.5693950177935944, ""prediction_source"": ""group_majority"", ""passes_threshold"": true, ""candidate_status"": ""Accepted"", ""rejection_reason"": null, ""validation_record_status"": ""valid""}, {""row_index"": 824, ""target_field"": ""permit_type"", ""algorithm"": ""association_rules"", ""predicted_value"": ""Building Permit OTC"", ""confidence"": 1.0, ""prediction_source"": ""matched_rules"", ""passes_threshold"": true, ""candidate_status"": ""Accepted"", ""rejection_reason"": null, ""validation_record_status"": ""valid""}, {""row_index"": 824, ""target_field"": ""permit_type"", ""algorithm"": ""clustering"", ""predicted_value"": ""Building Permit OTC"", ""confidence"": 0.6201550387596899, ""prediction_source"": ""cluster_majority"", ""passes_threshold"": true, ""candidate_status"": ""Accepted"", ""rejection_reason"": null, ""validation_record_status"": ""valid""}, {""row_index"": 824, ""target_field"": ""permit_type"", ""algorithm"": ""knn"", ""predicted_value"": ""Building Permit OTC"", ""confidence"": 1.0, ""prediction_source"": ""nearest_neighbors"", ""passes_threshold"": true, ""candidate_status"": ""Accepted"", ""rejection_reason"": null, ""validation_record_status"": ""valid""}]",
827,permit_type,Building Permit OTC,1,Building Permit OTC,0.7973875141383211,Accepted,unanimous_vote,association_rules,"[""association_rules"", ""clustering"", ""grouped_majority"", ""knn""]",4,4,4,4,0.0,valid,True,"[{""row_index"": 827, ""target_field"": ""permit_type"", ""algorithm"": ""grouped_majority"", ""predicted_value"": ""Building Permit OTC"", ""confidence"": 0.5693950177935944, ""prediction_source"": ""group_majority"", ""passes_threshold"": true, ""candidate_status"": ""Accepted"", ""rejection_reason"": null, ""validation_record_status"": ""valid""}, {""row_index"": 827, ""target_field"": ""permit_type"", ""algorithm"": ""association_rules"", ""predicted_value"": ""Building Permit OTC"", ""confidence"": 1.0, ""prediction_source"": ""matched_rules"", ""passes_threshold"": true, ""candidate_status"": ""Accepted"", ""rejection_reason"": null, ""validation_record_status"": ""valid""}, {""row_index"": 827, ""target_field"": ""permit_type"", ""algorithm"": ""clustering"", ""predicted_value"": ""Building Permit OTC"", ""confidence"": 0.6201550387596899, ""prediction_source"": ""cluster_majority"", ""passes_threshold"": true, ""candidate_status"": ""Accepted"", ""rejection_reason"": null, ""validation_record_status"": ""valid""}, {""row_index"": 827, ""target_field"": ""permit_type"", ""algorithm"": ""knn"", ""predicted_value"": ""Building Permit OTC"", ""confidence"": 1.0, ""prediction_source"": ""nearest_neighbors"", ""passes_threshold"": true, ""candidate_status"": ""Accepted"", ""rejection_reason"": null, ""validation_record_status"": ""valid""}]",
830,permit_type,Building Permit OTC,1,Building Permit OTC,0.7132085419200171,Accepted,majority_vote,association_rules,"[""association_rules"", ""clustering"", ""grouped_majority""]",3,4,4,4,0.0,valid,True,"[{""row_index"": 830, ""target_field"": ""permit_type"", ""algorithm"": ""grouped_majority"", ""predicted_value"": ""Building Permit OTC"", ""confidence"": 0.5693950177935944, ""prediction_source"": ""group_majority"", ""passes_threshold"": true, ""candidate_status"": ""Accepted"", ""rejection_reason"": null, ""validation_record_status"": ""valid""}, {""row_index"": 830, ""target_field"": ""permit_type"", ""algorithm"": ""association_rules"", ""predicted_value"": ""Building Permit OTC"", ""confidence"": 0.7924528301886792, ""prediction_source"": ""matched_rules"", ""passes_threshold"": true, ""candidate_status"": ""Accepted"", ""rejection_reason"": null, ""validation_record_status"": ""valid""}, {""row_index"": 830, ""target_field"": ""permit_type"", ""algorithm"": ""clustering"", ""predicted_value"": ""Building Permit OTC"", ""confidence"": 0.7777777777777778, ""prediction_source"": ""cluster_majority"", ""passes_threshold"": true, ""candidate_status"": ""Accepted"", ""rejection_reason"": null, ""validation_record_status"": ""valid""}, {""row_index"": 830, ""target_field"": ""permit_type"", ""algorithm"": ""knn"", ""predicted_value"": ""Building - In House Plan Check"", ""confidence"": 0.6, ""prediction_source"": ""nearest_neighbors"", ""passes_threshold"": true, ""candidate_status"": ""Accepted"", ""rejection_reason"": null, ""validation_record_status"": ""valid""}]",
837,permit_type,Electrical OTC,1,Electrical OTC,0.9955555555555556,Accepted,majority_vote,association_rules,"[""association_rules"", ""grouped_majority"", ""knn""]",3,4,4,4,0.0,valid,True,"[{""row_index"": 837, ""target_field"": ""permit_type"", ""algorithm"": ""grouped_majority"", ""predicted_value"": ""Electrical OTC"", ""confidence"": 0.9866666666666667, ""prediction_source"": ""group_majority"", ""passes_threshold"": true, ""candidate_status"": ""Accepted"", ""rejection_reason"": null, ""validation_record_status"": ""valid""}, {""row_index"": 837, ""target_field"": ""permit_type"", ""algorithm"": ""association_rules"", ""predicted_value"": ""Electrical OTC"", ""confidence"": 1.0, ""prediction_source"": ""matched_rules"", ""passes_threshold"": true, ""candidate_status"": ""Accepted"", ""rejection_reason"": null, ""validation_record_status"": ""valid""}, {""row_index"": 837, ""target_field"": ""permit_type"", ""algorithm"": ""clustering"", ""predicted_value"": ""Building - Full Plan Check"", ""confidence"": 0.3333333333333333, ""prediction_source"": ""cluster_majority"", ""passes_threshold"": true, ""candidate_status"": ""Accepted"", ""rejection_reason"": null, ""validation_record_status"": ""valid""}, {""row_index"": 837, ""target_field"": ""permit_type"", ""algorithm"": ""knn"", ""predicted_value"": ""Electrical OTC"", ""confidence"": 1.0, ""prediction_source"": ""nearest_neighbors"", ""passes_threshold"": true, ""candidate_status"": ""Accepted"", ""rejection_reason"": null, ""validation_record_status"": ""valid""}]",
839,permit_type,Electrical OTC,1,Electrical OTC,0.824871794871795,Accepted,unanimous_vote,association_rules,"[""association_rules"", ""clustering"", ""grouped_majority"", ""knn""]",4,4,4,4,0.0,valid,True,"[{""row_index"": 839, ""target_field"": ""permit_type"", ""algorithm"": ""grouped_majority"", ""predicted_value"": ""Electrical OTC"", ""confidence"": 0.9866666666666667, ""prediction_source"": ""group_majority"", ""passes_threshold"": true, ""candidate_status"": ""Accepted"", ""rejection_reason"": null, ""validation_record_status"": ""valid""}, {""row_index"": 839, ""target_field"": ""permit_type"", ""algorithm"": ""association_rules"", ""predicted_value"": ""Electrical OTC"", ""confidence"": 1.0, ""prediction_source"": ""matched_rules"", ""passes_threshold"": true, ""candidate_status"": ""Accepted"", ""rejection_reason"": null, ""validation_record_status"": ""valid""}, {""row_index"": 839, ""target_field"": ""permit_type"", ""algorithm"": ""clustering"", ""predicted_value"": ""Electrical OTC"", ""confidence"": 0.5128205128205128, ""prediction_source"": ""cluster_majority"", ""passes_threshold"": true, ""candidate_status"": ""Accepted"", ""rejection_reason"": null, ""validation_record_status"": ""valid""}, {""row_index"": 839, ""target_field"": ""permit_type"", ""algorithm"": ""knn"", ""predicted_value"": ""Electrical OTC"", ""confidence"": 0.8, ""prediction_source"": ""nearest_neighbors"", ""passes_threshold"": true, ""candidate_status"": ""Accepted"", ""rejection_reason"": null, ""validation_record_status"": ""valid""}]",
840,permit_type,Electrical OTC,1,Electrical OTC,0.8748717948717949,Accepted,unanimous_vote,association_rules,"[""association_rules"", ""clustering"", ""grouped_majority"", ""knn""]",4,4,4,4,0.0,valid,True,"[{""row_index"": 840, ""target_field"": ""permit_type"", ""algorithm"": ""grouped_majority"", ""predicted_value"": ""Electrical OTC"", ""confidence"": 0.9866666666666667, ""prediction_source"": ""group_majority"", ""passes_threshold"": true, ""candidate_status"": ""Accepted"", ""rejection_reason"": null, ""validation_record_status"": ""valid""}, {""row_index"": 840, ""target_field"": ""permit_type"", ""algorithm"": ""association_rules"", ""predicted_value"": ""Electrical OTC"", ""confidence"": 1.0, ""prediction_source"": ""matched_rules"", ""passes_threshold"": true, ""candidate_status"": ""Accepted"", ""rejection_reason"": null, ""validation_record_status"": ""valid""}, {""row_index"": 840, ""target_field"": ""permit_type"", ""algorithm"": ""clustering"", ""predicted_value"": ""Electrical OTC"", ""confidence"": 0.5128205128205128, ""prediction_source"": ""cluster_majority"", ""passes_threshold"": true, ""candidate_status"": ""Accepted"", ""rejection_reason"": null, ""validation_record_status"": ""valid""}, {""row_index"": 840, ""target_field"": ""permit_type"", ""algorithm"": ""knn"", ""predicted_value"": ""Electrical OTC"", ""confidence"": 1.0, ""prediction_source"": ""nearest_neighbors"", ""passes_threshold"": true, ""candidate_status"": ""Accepted"", ""rejection_reason"": null, ""validation_record_status"": ""valid""}]",
841,permit_type,Electrical OTC,1,Electrical OTC,0.8673355629877368,Accepted,unanimous_vote,association_rules,"[""association_rules"", ""clustering"", ""grouped_majority"", ""knn""]",4,4,4,4,0.0,valid,True,"[{""row_index"": 841, ""target_field"": ""permit_type"", ""algorithm"": ""grouped_majority"", ""predicted_value"": ""Electrical OTC"", ""confidence"": 0.9565217391304348, ""prediction_source"": ""group_majority"", ""passes_threshold"": true, ""candidate_status"": ""Accepted"", ""rejection_reason"": null, ""validation_record_status"": ""valid""}, {""row_index"": 841, ""target_field"": ""permit_type"", ""algorithm"": ""association_rules"", ""predicted_value"": ""Electrical OTC"", ""confidence"": 1.0, ""prediction_source"": ""matched_rules"", ""passes_threshold"": true, ""candidate_status"": ""Accepted"", ""rejection_reason"": null, ""validation_record_status"": ""valid""}, {""row_index"": 841, ""target_field"": ""permit_type"", ""algorithm"": ""clustering"", ""predicted_value"": ""Electrical OTC"", ""confidence"": 0.5128205128205128, ""prediction_source"": ""cluster_majority"", ""passes_threshold"": true, ""candidate_status"": ""Accepted"", ""rejection_reason"": null, ""validation_record_status"": ""valid""}, {""row_index"": 841, ""target_field"": ""permit_type"", ""algorithm"": ""knn"", ""predicted_value"": ""Electrical OTC"", ""confidence"": 1.0, ""prediction_source"": ""nearest_neighbors"", ""passes_threshold"": true, ""candidate_status"": ""Accepted"", ""rejection_reason"": null, ""validation_record_status"": ""valid""}]",
846,permit_type,Electrical OTC,1,Electrical OTC,0.8748717948717949,Accepted,unanimous_vote,association_rules,"[""association_rules"", ""clustering"", ""grouped_majority"", ""knn""]",4,4,4,4,0.0,valid,True,"[{""row_index"": 846, ""target_field"": ""permit_type"", ""algorithm"": ""grouped_majority"", ""predicted_value"": ""Electrical OTC"", ""confidence"": 0.9866666666666667, ""prediction_source"": ""group_majority"", ""passes_threshold"": true, ""candidate_status"": ""Accepted"", ""rejection_reason"": null, ""validation_record_status"": ""valid""}, {""row_index"": 846, ""target_field"": ""permit_type"", ""algorithm"": ""association_rules"", ""predicted_value"": ""Electrical OTC"", ""confidence"": 1.0, ""prediction_source"": ""matched_rules"", ""passes_threshold"": true, ""candidate_status"": ""Accepted"", ""rejection_reason"": null, ""validation_record_status"": ""valid""}, {""row_index"": 846, ""target_field"": ""permit_type"", ""algorithm"": ""clustering"", ""predicted_value"": ""Electrical OTC"", ""confidence"": 0.5128205128205128, ""prediction_source"": ""cluster_majority"", ""passes_threshold"": true, ""candidate_status"": ""Accepted"", ""rejection_reason"": null, ""validation_record_status"": ""valid""}, {""row_index"": 846, ""target_field"": ""permit_type"", ""algorithm"": ""knn"", ""predicted_value"": ""Electrical OTC"", ""confidence"": 1.0, ""prediction_source"": ""nearest_neighbors"", ""passes_threshold"": true, ""candidate_status"": ""Accepted"", ""rejection_reason"": null, ""validation_record_status"": ""valid""}]",
847,permit_type,Electrical OTC,1,Electrical OTC,0.9966666666666667,Accepted,unanimous_vote,association_rules,"[""association_rules"", ""clustering"", ""grouped_majority"", ""knn""]",4,4,4,4,0.0,valid,True,"[{""row_index"": 847, ""target_field"": ""permit_type"", ""algorithm"": ""grouped_majority"", ""predicted_value"": ""Electrical OTC"", ""confidence"": 0.9866666666666667, ""prediction_source"": ""group_majority"", ""passes_threshold"": true, ""candidate_status"": ""Accepted"", ""rejection_reason"": null, ""validation_record_status"": ""valid""}, {""row_index"": 847, ""target_field"": ""permit_type"", ""algorithm"": ""association_rules"", ""predicted_value"": ""Electrical OTC"", ""confidence"": 1.0, ""prediction_source"": ""matched_rules"", ""passes_threshold"": true, ""candidate_status"": ""Accepted"", ""rejection_reason"": null, ""validation_record_status"": ""valid""}, {""row_index"": 847, ""target_field"": ""permit_type"", ""algorithm"": ""clustering"", ""predicted_value"": ""Electrical OTC"", ""confidence"": 1.0, ""prediction_source"": ""cluster_majority"", ""passes_threshold"": true, ""candidate_status"": ""Accepted"", ""rejection_reason"": null, ""validation_record_status"": ""valid""}, {""row_index"": 847, ""target_field"": ""permit_type"", ""algorithm"": ""knn"", ""predicted_value"": ""Electrical OTC"", ""confidence"": 1.0, ""prediction_source"": ""nearest_neighbors"", ""passes_threshold"": true, ""candidate_status"": ""Accepted"", ""rejection_reason"": null, ""validation_record_status"": ""valid""}]",
852,permit_type,Electrical OTC,1,Electrical OTC,0.8673355629877368,Accepted,unanimous_vote,association_rules,"[""association_rules"", ""clustering"", ""grouped_majority"", ""knn""]",4,4,4,4,0.0,valid,True,"[{""row_index"": 852, ""target_field"": ""permit_type"", ""algorithm"": ""grouped_majority"", ""predicted_value"": ""Electrical OTC"", ""confidence"": 0.9565217391304348, ""prediction_source"": ""group_majority"", ""passes_threshold"": true, ""candidate_status"": ""Accepted"", ""rejection_reason"": null, ""validation_record_status"": ""valid""}, {""row_index"": 852, ""target_field"": ""permit_type"", ""algorithm"": ""association_rules"", ""predicted_value"": ""Electrical OTC"", ""confidence"": 1.0, ""prediction_source"": ""matched_rules"", ""passes_threshold"": true, ""candidate_status"": ""Accepted"", ""rejection_reason"": null, ""validation_record_status"": ""valid""}, {""row_index"": 852, ""target_field"": ""permit_type"", ""algorithm"": ""clustering"", ""predicted_value"": ""Electrical OTC"", ""confidence"": 0.5128205128205128, ""prediction_source"": ""cluster_majority"", ""passes_threshold"": true, ""candidate_status"": ""Accepted"", ""rejection_reason"": null, ""validation_record_status"": ""valid""}, {""row_index"": 852, ""target_field"": ""permit_type"", ""algorithm"": ""knn"", ""predicted_value"": ""Electrical OTC"", ""confidence"": 1.0, ""prediction_source"": ""nearest_neighbors"", ""passes_threshold"": true, ""candidate_status"": ""Accepted"", ""rejection_reason"": null, ""validation_record_status"": ""valid""}]",
855,permit_type,Electrical OTC,1,Electrical OTC,0.8748717948717949,Accepted,unanimous_vote,association_rules,"[""association_rules"", ""clustering"", ""grouped_majority"", ""knn""]",4,4,4,4,0.0,valid,True,"[{""row_index"": 855, ""target_field"": ""permit_type"", ""algorithm"": ""grouped_majority"", ""predicted_value"": ""Electrical OTC"", ""confidence"": 0.9866666666666667, ""prediction_source"": ""group_majority"", ""passes_threshold"": true, ""candidate_status"": ""Accepted"", ""rejection_reason"": null, ""validation_record_status"": ""valid""}, {""row_index"": 855, ""target_field"": ""permit_type"", ""algorithm"": ""association_rules"", ""predicted_value"": ""Electrical OTC"", ""confidence"": 1.0, ""prediction_source"": ""matched_rules"", ""passes_threshold"": true, ""candidate_status"": ""Accepted"", ""rejection_reason"": null, ""validation_record_status"": ""valid""}, {""row_index"": 855, ""target_field"": ""permit_type"", ""algorithm"": ""clustering"", ""predicted_value"": ""Electrical OTC"", ""confidence"": 0.5128205128205128, ""prediction_source"": ""cluster_majority"", ""passes_threshold"": true, ""candidate_status"": ""Accepted"", ""rejection_reason"": null, ""validation_record_status"": ""valid""}, {""row_index"": 855, ""target_field"": ""permit_type"", ""algorithm"": ""knn"", ""predicted_value"": ""Electrical OTC"", ""confidence"": 1.0, ""prediction_source"": ""nearest_neighbors"", ""passes_threshold"": true, ""candidate_status"": ""Accepted"", ""rejection_reason"": null, ""validation_record_status"": ""valid""}]",
857,permit_type,Electrical OTC,1,,0.8857815126050421,Requires Review,average_confidence_tiebreak,association_rules,"[""association_rules"", ""clustering""]",2,4,4,4,0.0,valid,False,"[{""row_index"": 857, ""target_field"": ""permit_type"", ""algorithm"": ""grouped_majority"", ""predicted_value"": ""Electrical OTC"", ""confidence"": 0.9565217391304348, ""prediction_source"": ""group_majority"", ""passes_threshold"": true, ""candidate_status"": ""Accepted"", ""rejection_reason"": null, ""validation_record_status"": ""valid""}, {""row_index"": 857, ""target_field"": ""permit_type"", ""algorithm"": ""association_rules"", ""predicted_value"": ""Residential Building Report"", ""confidence"": 0.9075630252100841, ""prediction_source"": ""matched_rules"", ""passes_threshold"": true, ""candidate_status"": ""Accepted"", ""rejection_reason"": null, ""validation_record_status"": ""valid""}, {""row_index"": 857, ""target_field"": ""permit_type"", ""algorithm"": ""clustering"", ""predicted_value"": ""Residential Building Report"", ""confidence"": 0.864, ""prediction_source"": ""cluster_majority"", ""passes_threshold"": true, ""candidate_status"": ""Accepted"", ""rejection_reason"": null, ""validation_record_status"": ""valid""}, {""row_index"": 857, ""target_field"": ""permit_type"", ""algorithm"": ""knn"", ""predicted_value"": ""Electrical OTC"", ""confidence"": 0.75, ""prediction_source"": ""nearest_neighbors"", ""passes_threshold"": true, ""candidate_status"": ""Accepted"", ""rejection_reason"": null, ""validation_record_status"": ""valid""}]",
859,permit_type,Electrical OTC,1,Electrical OTC,0.9891304347826086,Accepted,unanimous_vote,association_rules,"[""association_rules"", ""clustering"", ""grouped_majority"", ""knn""]",4,4,4,4,0.0,valid,True,"[{""row_index"": 859, ""target_field"": ""permit_type"", ""algorithm"": ""grouped_majority"", ""predicted_value"": ""Electrical OTC"", ""confidence"": 0.9565217391304348, ""prediction_source"": ""group_majority"", ""passes_threshold"": true, ""candidate_status"": ""Accepted"", ""rejection_reason"": null, ""validation_record_status"": ""valid""}, {""row_index"": 859, ""target_field"": ""permit_type"", ""algorithm"": ""association_rules"", ""predicted_value"": ""Electrical OTC"", ""confidence"": 1.0, ""prediction_source"": ""matched_rules"", ""passes_threshold"": true, ""candidate_status"": ""Accepted"", ""rejection_reason"": null, ""validation_record_status"": ""valid""}, {""row_index"": 859, ""target_field"": ""permit_type"", ""algorithm"": ""clustering"", ""predicted_value"": ""Electrical OTC"", ""confidence"": 1.0, ""prediction_source"": ""cluster_majority"", ""passes_threshold"": true, ""candidate_status"": ""Accepted"", ""rejection_reason"": null, ""validation_record_status"": ""valid""}, {""row_index"": 859, ""target_field"": ""permit_type"", ""algorithm"": ""knn"", ""predicted_value"": ""Electrical OTC"", ""confidence"": 1.0, ""prediction_source"": ""nearest_neighbors"", ""passes_threshold"": true, ""candidate_status"": ""Accepted"", ""rejection_reason"": null, ""validation_record_status"": ""valid""}]",
861,permit_type,Electrical OTC,1,Electrical OTC,0.9966666666666667,Accepted,unanimous_vote,association_rules,"[""association_rules"", ""clustering"", ""grouped_majority"", ""knn""]",4,4,4,4,0.0,valid,True,"[{""row_index"": 861, ""target_field"": ""permit_type"", ""algorithm"": ""grouped_majority"", ""predicted_value"": ""Electrical OTC"", ""confidence"": 0.9866666666666667, ""prediction_source"": ""group_majority"", ""passes_threshold"": true, ""candidate_status"": ""Accepted"", ""rejection_reason"": null, ""validation_record_status"": ""valid""}, {""row_index"": 861, ""target_field"": ""permit_type"", ""algorithm"": ""association_rules"", ""predicted_value"": ""Electrical OTC"", ""confidence"": 1.0, ""prediction_source"": ""matched_rules"", ""passes_threshold"": true, ""candidate_status"": ""Accepted"", ""rejection_reason"": null, ""validation_record_status"": ""valid""}, {""row_index"": 861, ""target_field"": ""permit_type"", ""algorithm"": ""clustering"", ""predicted_value"": ""Electrical OTC"", ""confidence"": 1.0, ""prediction_source"": ""cluster_majority"", ""passes_threshold"": true, ""candidate_status"": ""Accepted"", ""rejection_reason"": null, ""validation_record_status"": ""valid""}, {""row_index"": 861, ""target_field"": ""permit_type"", ""algorithm"": ""knn"", ""predicted_value"": ""Electrical OTC"", ""confidence"": 1.0, ""prediction_source"": ""nearest_neighbors"", ""passes_threshold"": true, ""candidate_status"": ""Accepted"", ""rejection_reason"": null, ""validation_record_status"": ""valid""}]",
862,permit_type,Electrical OTC,1,Electrical OTC,0.8748717948717949,Accepted,unanimous_vote,association_rules,"[""association_rules"", ""clustering"", ""grouped_majority"", ""knn""]",4,4,4,4,0.0,valid,True,"[{""row_index"": 862, ""target_field"": ""permit_type"", ""algorithm"": ""grouped_majority"", ""predicted_value"": ""Electrical OTC"", ""confidence"": 0.9866666666666667, ""prediction_source"": ""group_majority"", ""passes_threshold"": true, ""candidate_status"": ""Accepted"", ""rejection_reason"": null, ""validation_record_status"": ""valid""}, {""row_index"": 862, ""target_field"": ""permit_type"", ""algorithm"": ""association_rules"", ""predicted_value"": ""Electrical OTC"", ""confidence"": 1.0, ""prediction_source"": ""matched_rules"", ""passes_threshold"": true, ""candidate_status"": ""Accepted"", ""rejection_reason"": null, ""validation_record_status"": ""valid""}, {""row_index"": 862, ""target_field"": ""permit_type"", ""algorithm"": ""clustering"", ""predicted_value"": ""Electrical OTC"", ""confidence"": 0.5128205128205128, ""prediction_source"": ""cluster_majority"", ""passes_threshold"": true, ""candidate_status"": ""Accepted"", ""rejection_reason"": null, ""validation_record_status"": ""valid""}, {""row_index"": 862, ""target_field"": ""permit_type"", ""algorithm"": ""knn"", ""predicted_value"": ""Electrical OTC"", ""confidence"": 1.0, ""prediction_source"": ""nearest_neighbors"", ""passes_threshold"": true, ""candidate_status"": ""Accepted"", ""rejection_reason"": null, ""validation_record_status"": ""valid""}]",
874,permit_type,Plumbing OTC,1,Plumbing OTC,0.997093023255814,Accepted,unanimous_vote,association_rules,"[""association_rules"", ""clustering"", ""grouped_majority"", ""knn""]",4,4,4,4,0.0,valid,True,"[{""row_index"": 874, ""target_field"": ""permit_type"", ""algorithm"": ""grouped_majority"", ""predicted_value"": ""Plumbing OTC"", ""confidence"": 0.9883720930232558, ""prediction_source"": ""group_majority"", ""passes_threshold"": true, ""candidate_status"": ""Accepted"", ""rejection_reason"": null, ""validation_record_status"": ""valid""}, {""row_index"": 874, ""target_field"": ""permit_type"", ""algorithm"": ""association_rules"", ""predicted_value"": ""Plumbing OTC"", ""confidence"": 1.0, ""prediction_source"": ""matched_rules"", ""passes_threshold"": true, ""candidate_status"": ""Accepted"", ""rejection_reason"": null, ""validation_record_status"": ""valid""}, {""row_index"": 874, ""target_field"": ""permit_type"", ""algorithm"": ""clustering"", ""predicted_value"": ""Plumbing OTC"", ""confidence"": 1.0, ""prediction_source"": ""cluster_majority"", ""passes_threshold"": true, ""candidate_status"": ""Accepted"", ""rejection_reason"": null, ""validation_record_status"": ""valid""}, {""row_index"": 874, ""target_field"": ""permit_type"", ""algorithm"": ""knn"", ""predicted_value"": ""Plumbing OTC"", ""confidence"": 1.0, ""prediction_source"": ""nearest_neighbors"", ""passes_threshold"": true, ""candidate_status"": ""Accepted"", ""rejection_reason"": null, ""validation_record_status"": ""valid""}]",
876,permit_type,Plumbing OTC,1,Plumbing OTC,0.997093023255814,Accepted,unanimous_vote,association_rules,"[""association_rules"", ""clustering"", ""grouped_majority"", ""knn""]",4,4,4,4,0.0,valid,True,"[{""row_index"": 876, ""target_field"": ""permit_type"", ""algorithm"": ""grouped_majority"", ""predicted_value"": ""Plumbing OTC"", ""confidence"": 0.9883720930232558, ""prediction_source"": ""group_majority"", ""passes_threshold"": true, ""candidate_status"": ""Accepted"", ""rejection_reason"": null, ""validation_record_status"": ""valid""}, {""row_index"": 876, ""target_field"": ""permit_type"", ""algorithm"": ""association_rules"", ""predicted_value"": ""Plumbing OTC"", ""confidence"": 1.0, ""prediction_source"": ""matched_rules"", ""passes_threshold"": true, ""candidate_status"": ""Accepted"", ""rejection_reason"": null, ""validation_record_status"": ""valid""}, {""row_index"": 876, ""target_field"": ""permit_type"", ""algorithm"": ""clustering"", ""predicted_value"": ""Plumbing OTC"", ""confidence"": 1.0, ""prediction_source"": ""cluster_majority"", ""passes_threshold"": true, ""candidate_status"": ""Accepted"", ""rejection_reason"": null, ""validation_record_status"": ""valid""}, {""row_index"": 876, ""target_field"": ""permit_type"", ""algorithm"": ""knn"", ""predicted_value"": ""Plumbing OTC"", ""confidence"": 1.0, ""prediction_source"": ""nearest_neighbors"", ""passes_threshold"": true, ""candidate_status"": ""Accepted"", ""rejection_reason"": null, ""validation_record_status"": ""valid""}]",
878,permit_type,Plumbing OTC,1,Plumbing OTC,0.997093023255814,Accepted,unanimous_vote,association_rules,"[""association_rules"", ""clustering"", ""grouped_majority"", ""knn""]",4,4,4,4,0.0,valid,True,"[{""row_index"": 878, ""target_field"": ""permit_type"", ""algorithm"": ""grouped_majority"", ""predicted_value"": ""Plumbing OTC"", ""confidence"": 0.9883720930232558, ""prediction_source"": ""group_majority"", ""passes_threshold"": true, ""candidate_status"": ""Accepted"", ""rejection_reason"": null, ""validation_record_status"": ""valid""}, {""row_index"": 878, ""target_field"": ""permit_type"", ""algorithm"": ""association_rules"", ""predicted_value"": ""Plumbing OTC"", ""confidence"": 1.0, ""prediction_source"": ""matched_rules"", ""passes_threshold"": true, ""candidate_status"": ""Accepted"", ""rejection_reason"": null, ""validation_record_status"": ""valid""}, {""row_index"": 878, ""target_field"": ""permit_type"", ""algorithm"": ""clustering"", ""predicted_value"": ""Plumbing OTC"", ""confidence"": 1.0, ""prediction_source"": ""cluster_majority"", ""passes_threshold"": true, ""candidate_status"": ""Accepted"", ""rejection_reason"": null, ""validation_record_status"": ""valid""}, {""row_index"": 878, ""target_field"": ""permit_type"", ""algorithm"": ""knn"", ""predicted_value"": ""Plumbing OTC"", ""confidence"": 1.0, ""prediction_source"": ""nearest_neighbors"", ""passes_threshold"": true, ""candidate_status"": ""Accepted"", ""rejection_reason"": null, ""validation_record_status"": ""valid""}]",
881,permit_type,Plumbing OTC,1,Plumbing OTC,0.9890840056953014,Accepted,majority_vote,association_rules,"[""association_rules"", ""grouped_majority""]",2,4,4,4,0.0,valid,True,"[{""row_index"": 881, ""target_field"": ""permit_type"", ""algorithm"": ""grouped_majority"", ""predicted_value"": ""Plumbing OTC"", ""confidence"": 0.9883720930232558, ""prediction_source"": ""group_majority"", ""passes_threshold"": true, ""candidate_status"": ""Accepted"", ""rejection_reason"": null, ""validation_record_status"": ""valid""}, {""row_index"": 881, ""target_field"": ""permit_type"", ""algorithm"": ""association_rules"", ""predicted_value"": ""Plumbing OTC"", ""confidence"": 0.9897959183673469, ""prediction_source"": ""matched_rules"", ""passes_threshold"": true, ""candidate_status"": ""Accepted"", ""rejection_reason"": null, ""validation_record_status"": ""valid""}, {""row_index"": 881, ""target_field"": ""permit_type"", ""algorithm"": ""clustering"", ""predicted_value"": ""Electrical OTC"", ""confidence"": 0.5128205128205128, ""prediction_source"": ""cluster_majority"", ""passes_threshold"": true, ""candidate_status"": ""Accepted"", ""rejection_reason"": null, ""validation_record_status"": ""valid""}, {""row_index"": 881, ""target_field"": ""permit_type"", ""algorithm"": ""knn"", ""predicted_value"": ""Building Permit OTC"", ""confidence"": 0.6, ""prediction_source"": ""nearest_neighbors"", ""passes_threshold"": true, ""candidate_status"": ""Accepted"", ""rejection_reason"": null, ""validation_record_status"": ""valid""}]",
883,permit_type,Plumbing OTC,1,Plumbing OTC,0.997093023255814,Accepted,unanimous_vote,association_rules,"[""association_rules"", ""clustering"", ""grouped_majority"", ""knn""]",4,4,4,4,0.0,valid,True,"[{""row_index"": 883, ""target_field"": ""permit_type"", ""algorithm"": ""grouped_majority"", ""predicted_value"": ""Plumbing OTC"", ""confidence"": 0.9883720930232558, ""prediction_source"": ""group_majority"", ""passes_threshold"": true, ""candidate_status"": ""Accepted"", ""rejection_reason"": null, ""validation_record_status"": ""valid""}, {""row_index"": 883, ""target_field"": ""permit_type"", ""algorithm"": ""association_rules"", ""predicted_value"": ""Plumbing OTC"", ""confidence"": 1.0, ""prediction_source"": ""matched_rules"", ""passes_threshold"": true, ""candidate_status"": ""Accepted"", ""rejection_reason"": null, ""validation_record_status"": ""valid""}, {""row_index"": 883, ""target_field"": ""permit_type"", ""algorithm"": ""clustering"", ""predicted_value"": ""Plumbing OTC"", ""confidence"": 1.0, ""prediction_source"": ""cluster_majority"", ""passes_threshold"": true, ""candidate_status"": ""Accepted"", ""rejection_reason"": null, ""validation_record_status"": ""valid""}, {""row_index"": 883, ""target_field"": ""permit_type"", ""algorithm"": ""knn"", ""predicted_value"": ""Plumbing OTC"", ""confidence"": 1.0, ""prediction_source"": ""nearest_neighbors"", ""passes_threshold"": true, ""candidate_status"": ""Accepted"", ""rejection_reason"": null, ""validation_record_status"": ""valid""}]",
891,permit_type,Residential Building Report,1,Residential Building Report,0.9637064220183487,Accepted,unanimous_vote,association_rules,"[""association_rules"", ""clustering"", ""grouped_majority"", ""knn""]",4,4,4,4,0.0,valid,True,"[{""row_index"": 891, ""target_field"": ""permit_type"", ""algorithm"": ""grouped_majority"", ""predicted_value"": ""Residential Building Report"", ""confidence"": 0.9908256880733946, ""prediction_source"": ""group_majority"", ""passes_threshold"": true, ""candidate_status"": ""Accepted"", ""rejection_reason"": null, ""validation_record_status"": ""valid""}, {""row_index"": 891, ""target_field"": ""permit_type"", ""algorithm"": ""association_rules"", ""predicted_value"": ""Residential Building Report"", ""confidence"": 1.0, ""prediction_source"": ""matched_rules"", ""passes_threshold"": true, ""candidate_status"": ""Accepted"", ""rejection_reason"": null, ""validation_record_status"": ""valid""}, {""row_index"": 891, ""target_field"": ""permit_type"", ""algorithm"": ""clustering"", ""predicted_value"": ""Residential Building Report"", ""confidence"": 0.864, ""prediction_source"": ""cluster_majority"", ""passes_threshold"": true, ""candidate_status"": ""Accepted"", ""rejection_reason"": null, ""validation_record_status"": ""valid""}, {""row_index"": 891, ""target_field"": ""permit_type"", ""algorithm"": ""knn"", ""predicted_value"": ""Residential Building Report"", ""confidence"": 1.0, ""prediction_source"": ""nearest_neighbors"", ""passes_threshold"": true, ""candidate_status"": ""Accepted"", ""rejection_reason"": null, ""validation_record_status"": ""valid""}]",
892,permit_type,Residential Building Report,1,Residential Building Report,0.9637064220183487,Accepted,unanimous_vote,association_rules,"[""association_rules"", ""clustering"", ""grouped_majority"", ""knn""]",4,4,4,4,0.0,valid,True,"[{""row_index"": 892, ""target_field"": ""permit_type"", ""algorithm"": ""grouped_majority"", ""predicted_value"": ""Residential Building Report"", ""confidence"": 0.9908256880733946, ""prediction_source"": ""group_majority"", ""passes_threshold"": true, ""candidate_status"": ""Accepted"", ""rejection_reason"": null, ""validation_record_status"": ""valid""}, {""row_index"": 892, ""target_field"": ""permit_type"", ""algorithm"": ""association_rules"", ""predicted_value"": ""Residential Building Report"", ""confidence"": 1.0, ""prediction_source"": ""matched_rules"", ""passes_threshold"": true, ""candidate_status"": ""Accepted"", ""rejection_reason"": null, ""validation_record_status"": ""valid""}, {""row_index"": 892, ""target_field"": ""permit_type"", ""algorithm"": ""clustering"", ""predicted_value"": ""Residential Building Report"", ""confidence"": 0.864, ""prediction_source"": ""cluster_majority"", ""passes_threshold"": true, ""candidate_status"": ""Accepted"", ""rejection_reason"": null, ""validation_record_status"": ""valid""}, {""row_index"": 892, ""target_field"": ""permit_type"", ""algorithm"": ""knn"", ""predicted_value"": ""Residential Building Report"", ""confidence"": 1.0, ""prediction_source"": ""nearest_neighbors"", ""passes_threshold"": true, ""candidate_status"": ""Accepted"", ""rejection_reason"": null, ""validation_record_status"": ""valid""}]",
894,permit_type,Residential Building Report,1,Residential Building Report,0.9637064220183487,Accepted,unanimous_vote,association_rules,"[""association_rules"", ""clustering"", ""grouped_majority"", ""knn""]",4,4,4,4,0.0,valid,True,"[{""row_index"": 894, ""target_field"": ""permit_type"", ""algorithm"": ""grouped_majority"", ""predicted_value"": ""Residential Building Report"", ""confidence"": 0.9908256880733946, ""prediction_source"": ""group_majority"", ""passes_threshold"": true, ""candidate_status"": ""Accepted"", ""rejection_reason"": null, ""validation_record_status"": ""valid""}, {""row_index"": 894, ""target_field"": ""permit_type"", ""algorithm"": ""association_rules"", ""predicted_value"": ""Residential Building Report"", ""confidence"": 1.0, ""prediction_source"": ""matched_rules"", ""passes_threshold"": true, ""candidate_status"": ""Accepted"", ""rejection_reason"": null, ""validation_record_status"": ""valid""}, {""row_index"": 894, ""target_field"": ""permit_type"", ""algorithm"": ""clustering"", ""predicted_value"": ""Residential Building Report"", ""confidence"": 0.864, ""prediction_source"": ""cluster_majority"", ""passes_threshold"": true, ""candidate_status"": ""Accepted"", ""rejection_reason"": null, ""validation_record_status"": ""valid""}, {""row_index"": 894, ""target_field"": ""permit_type"", ""algorithm"": ""knn"", ""predicted_value"": ""Residential Building Report"", ""confidence"": 1.0, ""prediction_source"": ""nearest_neighbors"", ""passes_threshold"": true, ""candidate_status"": ""Accepted"", ""rejection_reason"": null, ""validation_record_status"": ""valid""}]",
897,permit_type,Residential Building Report,1,Residential Building Report,0.9637064220183487,Accepted,unanimous_vote,association_rules,"[""association_rules"", ""clustering"", ""grouped_majority"", ""knn""]",4,4,4,4,0.0,valid,True,"[{""row_index"": 897, ""target_field"": ""permit_type"", ""algorithm"": ""grouped_majority"", ""predicted_value"": ""Residential Building Report"", ""confidence"": 0.9908256880733946, ""prediction_source"": ""group_majority"", ""passes_threshold"": true, ""candidate_status"": ""Accepted"", ""rejection_reason"": null, ""validation_record_status"": ""valid""}, {""row_index"": 897, ""target_field"": ""permit_type"", ""algorithm"": ""association_rules"", ""predicted_value"": ""Residential Building Report"", ""confidence"": 1.0, ""prediction_source"": ""matched_rules"", ""passes_threshold"": true, ""candidate_status"": ""Accepted"", ""rejection_reason"": null, ""validation_record_status"": ""valid""}, {""row_index"": 897, ""target_field"": ""permit_type"", ""algorithm"": ""clustering"", ""predicted_value"": ""Residential Building Report"", ""confidence"": 0.864, ""prediction_source"": ""cluster_majority"", ""passes_threshold"": true, ""candidate_status"": ""Accepted"", ""rejection_reason"": null, ""validation_record_status"": ""valid""}, {""row_index"": 897, ""target_field"": ""permit_type"", ""algorithm"": ""knn"", ""predicted_value"": ""Residential Building Report"", ""confidence"": 1.0, ""prediction_source"": ""nearest_neighbors"", ""passes_threshold"": true, ""candidate_status"": ""Accepted"", ""rejection_reason"": null, ""validation_record_status"": ""valid""}]",
899,permit_type,Residential Building Report,1,Residential Building Report,0.9637064220183487,Accepted,unanimous_vote,association_rules,"[""association_rules"", ""clustering"", ""grouped_majority"", ""knn""]",4,4,4,4,0.0,valid,True,"[{""row_index"": 899, ""target_field"": ""permit_type"", ""algorithm"": ""grouped_majority"", ""predicted_value"": ""Residential Building Report"", ""confidence"": 0.9908256880733946, ""prediction_source"": ""group_majority"", ""passes_threshold"": true, ""candidate_status"": ""Accepted"", ""rejection_reason"": null, ""validation_record_status"": ""valid""}, {""row_index"": 899, ""target_field"": ""permit_type"", ""algorithm"": ""association_rules"", ""predicted_value"": ""Residential Building Report"", ""confidence"": 1.0, ""prediction_source"": ""matched_rules"", ""passes_threshold"": true, ""candidate_status"": ""Accepted"", ""rejection_reason"": null, ""validation_record_status"": ""valid""}, {""row_index"": 899, ""target_field"": ""permit_type"", ""algorithm"": ""clustering"", ""predicted_value"": ""Residential Building Report"", ""confidence"": 0.864, ""prediction_source"": ""cluster_majority"", ""passes_threshold"": true, ""candidate_status"": ""Accepted"", ""rejection_reason"": null, ""validation_record_status"": ""valid""}, {""row_index"": 899, ""target_field"": ""permit_type"", ""algorithm"": ""knn"", ""predicted_value"": ""Residential Building Report"", ""confidence"": 1.0, ""prediction_source"": ""nearest_neighbors"", ""passes_threshold"": true, ""candidate_status"": ""Accepted"", ""rejection_reason"": null, ""validation_record_status"": ""valid""}]",
901,permit_type,Building - Full Plan Check,1,,0.9230769230769231,Requires Review,average_confidence_tiebreak,knn,"[""association_rules"", ""knn""]",2,4,4,4,0.0,valid,False,"[{""row_index"": 901, ""target_field"": ""permit_type"", ""algorithm"": ""grouped_majority"", ""predicted_value"": ""Building Permit OTC"", ""confidence"": 0.5693950177935944, ""prediction_source"": ""group_majority"", ""passes_threshold"": true, ""candidate_status"": ""Accepted"", ""rejection_reason"": null, ""validation_record_status"": ""valid""}, {""row_index"": 901, ""target_field"": ""permit_type"", ""algorithm"": ""association_rules"", ""predicted_value"": ""Building - Full Plan Check"", ""confidence"": 0.8461538461538461, ""prediction_source"": ""matched_rules"", ""passes_threshold"": true, ""candidate_status"": ""Accepted"", ""rejection_reason"": null, ""validation_record_status"": ""valid""}, {""row_index"": 901, ""target_field"": ""permit_type"", ""algorithm"": ""clustering"", ""predicted_value"": ""Building Permit OTC"", ""confidence"": 0.6201550387596899, ""prediction_source"": ""cluster_majority"", ""passes_threshold"": true, ""candidate_status"": ""Accepted"", ""rejection_reason"": null, ""validation_record_status"": ""valid""}, {""row_index"": 901, ""target_field"": ""permit_type"", ""algorithm"": ""knn"", ""predicted_value"": ""Building - Full Plan Check"", ""confidence"": 1.0, ""prediction_source"": ""nearest_neighbors"", ""passes_threshold"": true, ""candidate_status"": ""Accepted"", ""rejection_reason"": null, ""validation_record_status"": ""valid""}]",
904,permit_type,Building - Full Plan Check,1,Building Permit OTC,0.589575557677285,Accepted,majority_vote,association_rules,"[""association_rules"", ""grouped_majority""]",2,4,4,4,0.0,valid,True,"[{""row_index"": 904, ""target_field"": ""permit_type"", ""algorithm"": ""grouped_majority"", ""predicted_value"": ""Building Permit OTC"", ""confidence"": 0.5693950177935944, ""prediction_source"": ""group_majority"", ""passes_threshold"": true, ""candidate_status"": ""Accepted"", ""rejection_reason"": null, ""validation_record_status"": ""valid""}, {""row_index"": 904, ""target_field"": ""permit_type"", ""algorithm"": ""association_rules"", ""predicted_value"": ""Building Permit OTC"", ""confidence"": 0.6097560975609756, ""prediction_source"": ""matched_rules"", ""passes_threshold"": true, ""candidate_status"": ""Accepted"", ""rejection_reason"": null, ""validation_record_status"": ""valid""}, {""row_index"": 904, ""target_field"": ""permit_type"", ""algorithm"": ""clustering"", ""predicted_value"": ""Building - Full Plan Check"", ""confidence"": 0.3333333333333333, ""prediction_source"": ""cluster_majority"", ""passes_threshold"": true, ""candidate_status"": ""Accepted"", ""rejection_reason"": null, ""validation_record_status"": ""valid""}, {""row_index"": 904, ""target_field"": ""permit_type"", ""algorithm"": ""knn"", ""predicted_value"": ""Building - In House Plan Check"", ""confidence"": 0.6, ""prediction_source"": ""nearest_neighbors"", ""passes_threshold"": true, ""candidate_status"": ""Accepted"", ""rejection_reason"": null, ""validation_record_status"": ""valid""}]",
905,permit_type,Building - Full Plan Check,1,Building - Full Plan Check,0.7264957264957266,Accepted,majority_vote,knn,"[""association_rules"", ""clustering"", ""knn""]",3,4,4,4,0.0,valid,True,"[{""row_index"": 905, ""target_field"": ""permit_type"", ""algorithm"": ""grouped_majority"", ""predicted_value"": ""Building Permit OTC"", ""confidence"": 0.5693950177935944, ""prediction_source"": ""group_majority"", ""passes_threshold"": true, ""candidate_status"": ""Accepted"", ""rejection_reason"": null, ""validation_record_status"": ""valid""}, {""row_index"": 905, ""target_field"": ""permit_type"", ""algorithm"": ""association_rules"", ""predicted_value"": ""Building - Full Plan Check"", ""confidence"": 0.8461538461538461, ""prediction_source"": ""matched_rules"", ""passes_threshold"": true, ""candidate_status"": ""Accepted"", ""rejection_reason"": null, ""validation_record_status"": ""valid""}, {""row_index"": 905, ""target_field"": ""permit_type"", ""algorithm"": ""clustering"", ""predicted_value"": ""Building - Full Plan Check"", ""confidence"": 0.3333333333333333, ""prediction_source"": ""cluster_majority"", ""passes_threshold"": true, ""candidate_status"": ""Accepted"", ""rejection_reason"": null, ""validation_record_status"": ""valid""}, {""row_index"": 905, ""target_field"": ""permit_type"", ""algorithm"": ""knn"", ""predicted_value"": ""Building - Full Plan Check"", ""confidence"": 1.0, ""prediction_source"": ""nearest_neighbors"", ""passes_threshold"": true, ""candidate_status"": ""Accepted"", ""rejection_reason"": null, ""validation_record_status"": ""valid""}]",
908,permit_type,Building - Full Plan Check,1,Building Permit OTC,0.589575557677285,Accepted,majority_vote,association_rules,"[""association_rules"", ""grouped_majority""]",2,4,4,4,0.0,valid,True,"[{""row_index"": 908, ""target_field"": ""permit_type"", ""algorithm"": ""grouped_majority"", ""predicted_value"": ""Building Permit OTC"", ""confidence"": 0.5693950177935944, ""prediction_source"": ""group_majority"", ""passes_threshold"": true, ""candidate_status"": ""Accepted"", ""rejection_reason"": null, ""validation_record_status"": ""valid""}, {""row_index"": 908, ""target_field"": ""permit_type"", ""algorithm"": ""association_rules"", ""predicted_value"": ""Building Permit OTC"", ""confidence"": 0.6097560975609756, ""prediction_source"": ""matched_rules"", ""passes_threshold"": true, ""candidate_status"": ""Accepted"", ""rejection_reason"": null, ""validation_record_status"": ""valid""}, {""row_index"": 908, ""target_field"": ""permit_type"", ""algorithm"": ""clustering"", ""predicted_value"": ""Building - Full Plan Check"", ""confidence"": 0.3333333333333333, ""prediction_source"": ""cluster_majority"", ""passes_threshold"": true, ""candidate_status"": ""Accepted"", ""rejection_reason"": null, ""validation_record_status"": ""valid""}, {""row_index"": 908, ""target_field"": ""permit_type"", ""algorithm"": ""knn"", ""predicted_value"": ""Building - In House Plan Check"", ""confidence"": 0.6, ""prediction_source"": ""nearest_neighbors"", ""passes_threshold"": true, ""candidate_status"": ""Accepted"", ""rejection_reason"": null, ""validation_record_status"": ""valid""}]",
918,permit_type,Building - In House Plan Check,1,Building Permit OTC,0.8956228956228957,Accepted,majority_vote,knn,"[""clustering"", ""grouped_majority"", ""knn""]",3,4,4,4,0.0,valid,True,"[{""row_index"": 918, ""target_field"": ""permit_type"", ""algorithm"": ""grouped_majority"", ""predicted_value"": ""Building Permit OTC"", ""confidence"": 0.9090909090909091, ""prediction_source"": ""group_majority"", ""passes_threshold"": true, ""candidate_status"": ""Accepted"", ""rejection_reason"": null, ""validation_record_status"": ""valid""}, {""row_index"": 918, ""target_field"": ""permit_type"", ""algorithm"": ""association_rules"", ""predicted_value"": ""Residential Building Report"", ""confidence"": 0.8372093023255814, ""prediction_source"": ""matched_rules"", ""passes_threshold"": true, ""candidate_status"": ""Accepted"", ""rejection_reason"": null, ""validation_record_status"": ""valid""}, {""row_index"": 918, ""target_field"": ""permit_type"", ""algorithm"": ""clustering"", ""predicted_value"": ""Building Permit OTC"", ""confidence"": 0.7777777777777778, ""prediction_source"": ""cluster_majority"", ""passes_threshold"": true, ""candidate_status"": ""Accepted"", ""rejection_reason"": null, ""validation_record_status"": ""valid""}, {""row_index"": 918, ""target_field"": ""permit_type"", ""algorithm"": ""knn"", ""predicted_value"": ""Building Permit OTC"", ""confidence"": 1.0, ""prediction_source"": ""nearest_neighbors"", ""passes_threshold"": true, ""candidate_status"": ""Accepted"", ""rejection_reason"": null, ""validation_record_status"": ""valid""}]",
925,permit_type,Building Permit OTC,1,Building Permit OTC,0.7348875141383211,Accepted,unanimous_vote,knn,"[""association_rules"", ""clustering"", ""grouped_majority"", ""knn""]",4,4,4,4,0.0,valid,True,"[{""row_index"": 925, ""target_field"": ""permit_type"", ""algorithm"": ""grouped_majority"", ""predicted_value"": ""Building Permit OTC"", ""confidence"": 0.5693950177935944, ""prediction_source"": ""group_majority"", ""passes_threshold"": true, ""candidate_status"": ""Accepted"", ""rejection_reason"": null, ""validation_record_status"": ""valid""}, {""row_index"": 925, ""target_field"": ""permit_type"", ""algorithm"": ""association_rules"", ""predicted_value"": ""Building Permit OTC"", ""confidence"": 0.7499999999999999, ""prediction_source"": ""matched_rules"", ""passes_threshold"": true, ""candidate_status"": ""Accepted"", ""rejection_reason"": null, ""validation_record_status"": ""valid""}, {""row_index"": 925, ""target_field"": ""permit_type"", ""algorithm"": ""clustering"", ""predicted_value"": ""Building Permit OTC"", ""confidence"": 0.6201550387596899, ""prediction_source"": ""cluster_majority"", ""passes_threshold"": true, ""candidate_status"": ""Accepted"", ""rejection_reason"": null, ""validation_record_status"": ""valid""}, {""row_index"": 925, ""target_field"": ""permit_type"", ""algorithm"": ""knn"", ""predicted_value"": ""Building Permit OTC"", ""confidence"": 1.0, ""prediction_source"": ""nearest_neighbors"", ""passes_threshold"": true, ""candidate_status"": ""Accepted"", ""rejection_reason"": null, ""validation_record_status"": ""valid""}]",
926,permit_type,Building Permit OTC,1,Building Permit OTC,0.6678345149751257,Accepted,majority_vote,association_rules,"[""association_rules"", ""clustering"", ""grouped_majority""]",3,4,4,4,0.0,valid,True,"[{""row_index"": 926, ""target_field"": ""permit_type"", ""algorithm"": ""grouped_majority"", ""predicted_value"": ""Building Permit OTC"", ""confidence"": 0.5693950177935944, ""prediction_source"": ""group_majority"", ""passes_threshold"": true, ""candidate_status"": ""Accepted"", ""rejection_reason"": null, ""validation_record_status"": ""valid""}, {""row_index"": 926, ""target_field"": ""permit_type"", ""algorithm"": ""association_rules"", ""predicted_value"": ""Building Permit OTC"", ""confidence"": 0.8139534883720931, ""prediction_source"": ""matched_rules"", ""passes_threshold"": true, ""candidate_status"": ""Accepted"", ""rejection_reason"": null, ""validation_record_status"": ""valid""}, {""row_index"": 926, ""target_field"": ""permit_type"", ""algorithm"": ""clustering"", ""predicted_value"": ""Building Permit OTC"", ""confidence"": 0.6201550387596899, ""prediction_source"": ""cluster_majority"", ""passes_threshold"": true, ""candidate_status"": ""Accepted"", ""rejection_reason"": null, ""validation_record_status"": ""valid""}, {""row_index"": 926, ""target_field"": ""permit_type"", ""algorithm"": ""knn"", ""predicted_value"": ""Solar Permit"", ""confidence"": 1.0, ""prediction_source"": ""nearest_neighbors"", ""passes_threshold"": true, ""candidate_status"": ""Accepted"", ""rejection_reason"": null, ""validation_record_status"": ""valid""}]",
927,permit_type,Building Permit OTC,1,Building - In House Plan Check,0.55,Accepted,majority_vote,knn,"[""association_rules"", ""knn""]",2,4,4,4,0.0,valid,True,"[{""row_index"": 927, ""target_field"": ""permit_type"", ""algorithm"": ""grouped_majority"", ""predicted_value"": ""Building Permit OTC"", ""confidence"": 0.5693950177935944, ""prediction_source"": ""group_majority"", ""passes_threshold"": true, ""candidate_status"": ""Accepted"", ""rejection_reason"": null, ""validation_record_status"": ""valid""}, {""row_index"": 927, ""target_field"": ""permit_type"", ""algorithm"": ""association_rules"", ""predicted_value"": ""Building - In House Plan Check"", ""confidence"": 0.5, ""prediction_source"": ""matched_rules"", ""passes_threshold"": true, ""candidate_status"": ""Accepted"", ""rejection_reason"": null, ""validation_record_status"": ""valid""}, {""row_index"": 927, ""target_field"": ""permit_type"", ""algorithm"": ""clustering"", ""predicted_value"": ""Building - Full Plan Check"", ""confidence"": 0.3333333333333333, ""prediction_source"": ""cluster_majority"", ""passes_threshold"": true, ""candidate_status"": ""Accepted"", ""rejection_reason"": null, ""validation_record_status"": ""valid""}, {""row_index"": 927, ""target_field"": ""permit_type"", ""algorithm"": ""knn"", ""predicted_value"": ""Building - In House Plan Check"", ""confidence"": 0.6, ""prediction_source"": ""nearest_neighbors"", ""passes_threshold"": true, ""candidate_status"": ""Accepted"", ""rejection_reason"": null, ""validation_record_status"": ""valid""}]",
928,permit_type,Building Permit OTC,1,Building Permit OTC,0.7431752455826142,Accepted,majority_vote,association_rules,"[""association_rules"", ""clustering"", ""grouped_majority""]",3,4,4,4,0.0,valid,True,"[{""row_index"": 928, ""target_field"": ""permit_type"", ""algorithm"": ""grouped_majority"", ""predicted_value"": ""Building Permit OTC"", ""confidence"": 0.5693950177935944, ""prediction_source"": ""group_majority"", ""passes_threshold"": true, ""candidate_status"": ""Accepted"", ""rejection_reason"": null, ""validation_record_status"": ""valid""}, {""row_index"": 928, ""target_field"": ""permit_type"", ""algorithm"": ""association_rules"", ""predicted_value"": ""Building Permit OTC"", ""confidence"": 0.8823529411764705, ""prediction_source"": ""matched_rules"", ""passes_threshold"": true, ""candidate_status"": ""Accepted"", ""rejection_reason"": null, ""validation_record_status"": ""valid""}, {""row_index"": 928, ""target_field"": ""permit_type"", ""algorithm"": ""clustering"", ""predicted_value"": ""Building Permit OTC"", ""confidence"": 0.7777777777777778, ""prediction_source"": ""cluster_majority"", ""passes_threshold"": true, ""candidate_status"": ""Accepted"", ""rejection_reason"": null, ""validation_record_status"": ""valid""}, {""row_index"": 928, ""target_field"": ""permit_type"", ""algorithm"": ""knn"", ""predicted_value"": ""Building - Full Plan Check"", ""confidence"": 0.5, ""prediction_source"": ""nearest_neighbors"", ""passes_threshold"": true, ""candidate_status"": ""Accepted"", ""rejection_reason"": null, ""validation_record_status"": ""valid""}]",
934,permit_type,Building Permit OTC,1,Building Permit OTC,0.589575557677285,Accepted,majority_vote,association_rules,"[""association_rules"", ""grouped_majority""]",2,4,4,4,0.0,valid,True,"[{""row_index"": 934, ""target_field"": ""permit_type"", ""algorithm"": ""grouped_majority"", ""predicted_value"": ""Building Permit OTC"", ""confidence"": 0.5693950177935944, ""prediction_source"": ""group_majority"", ""passes_threshold"": true, ""candidate_status"": ""Accepted"", ""rejection_reason"": null, ""validation_record_status"": ""valid""}, {""row_index"": 934, ""target_field"": ""permit_type"", ""algorithm"": ""association_rules"", ""predicted_value"": ""Building Permit OTC"", ""confidence"": 0.6097560975609756, ""prediction_source"": ""matched_rules"", ""passes_threshold"": true, ""candidate_status"": ""Accepted"", ""rejection_reason"": null, ""validation_record_status"": ""valid""}, {""row_index"": 934, ""target_field"": ""permit_type"", ""algorithm"": ""clustering"", ""predicted_value"": ""Building - Full Plan Check"", ""confidence"": 0.3333333333333333, ""prediction_source"": ""cluster_majority"", ""passes_threshold"": true, ""candidate_status"": ""Accepted"", ""rejection_reason"": null, ""validation_record_status"": ""valid""}, {""row_index"": 934, ""target_field"": ""permit_type"", ""algorithm"": ""knn"", ""predicted_value"": ""Building - In House Plan Check"", ""confidence"": 0.6, ""prediction_source"": ""nearest_neighbors"", ""passes_threshold"": true, ""candidate_status"": ""Accepted"", ""rejection_reason"": null, ""validation_record_status"": ""valid""}]",
938,permit_type,Building Permit OTC,1,Building Permit OTC,0.7881282548790618,Accepted,unanimous_vote,knn,"[""association_rules"", ""clustering"", ""grouped_majority"", ""knn""]",4,4,4,4,0.0,valid,True,"[{""row_index"": 938, ""target_field"": ""permit_type"", ""algorithm"": ""grouped_majority"", ""predicted_value"": ""Building Permit OTC"", ""confidence"": 0.5693950177935944, ""prediction_source"": ""group_majority"", ""passes_threshold"": true, ""candidate_status"": ""Accepted"", ""rejection_reason"": null, ""validation_record_status"": ""valid""}, {""row_index"": 938, ""target_field"": ""permit_type"", ""algorithm"": ""association_rules"", ""predicted_value"": ""Building Permit OTC"", ""confidence"": 0.9629629629629629, ""prediction_source"": ""matched_rules"", ""passes_threshold"": true, ""candidate_status"": ""Accepted"", ""rejection_reason"": null, ""validation_record_status"": ""valid""}, {""row_index"": 938, ""target_field"": ""permit_type"", ""algorithm"": ""clustering"", ""predicted_value"": ""Building Permit OTC"", ""confidence"": 0.6201550387596899, ""prediction_source"": ""cluster_majority"", ""passes_threshold"": true, ""candidate_status"": ""Accepted"", ""rejection_reason"": null, ""validation_record_status"": ""valid""}, {""row_index"": 938, ""target_field"": ""permit_type"", ""algorithm"": ""knn"", ""predicted_value"": ""Building Permit OTC"", ""confidence"": 1.0, ""prediction_source"": ""nearest_neighbors"", ""passes_threshold"": true, ""candidate_status"": ""Accepted"", ""rejection_reason"": null, ""validation_record_status"": ""valid""}]",
939,permit_type,Building Permit OTC,1,Building Permit OTC,0.7881282548790618,Accepted,unanimous_vote,knn,"[""association_rules"", ""clustering"", ""grouped_majority"", ""knn""]",4,4,4,4,0.0,valid,True,"[{""row_index"": 939, ""target_field"": ""permit_type"", ""algorithm"": ""grouped_majority"", ""predicted_value"": ""Building Permit OTC"", ""confidence"": 0.5693950177935944, ""prediction_source"": ""group_majority"", ""passes_threshold"": true, ""candidate_status"": ""Accepted"", ""rejection_reason"": null, ""validation_record_status"": ""valid""}, {""row_index"": 939, ""target_field"": ""permit_type"", ""algorithm"": ""association_rules"", ""predicted_value"": ""Building Permit OTC"", ""confidence"": 0.9629629629629629, ""prediction_source"": ""matched_rules"", ""passes_threshold"": true, ""candidate_status"": ""Accepted"", ""rejection_reason"": null, ""validation_record_status"": ""valid""}, {""row_index"": 939, ""target_field"": ""permit_type"", ""algorithm"": ""clustering"", ""predicted_value"": ""Building Permit OTC"", ""confidence"": 0.6201550387596899, ""prediction_source"": ""cluster_majority"", ""passes_threshold"": true, ""candidate_status"": ""Accepted"", ""rejection_reason"": null, ""validation_record_status"": ""valid""}, {""row_index"": 939, ""target_field"": ""permit_type"", ""algorithm"": ""knn"", ""predicted_value"": ""Building Permit OTC"", ""confidence"": 1.0, ""prediction_source"": ""nearest_neighbors"", ""passes_threshold"": true, ""candidate_status"": ""Accepted"", ""rejection_reason"": null, ""validation_record_status"": ""valid""}]",
940,permit_type,Building Permit OTC,1,Building Permit OTC,0.7881282548790618,Accepted,unanimous_vote,knn,"[""association_rules"", ""clustering"", ""grouped_majority"", ""knn""]",4,4,4,4,0.0,valid,True,"[{""row_index"": 940, ""target_field"": ""permit_type"", ""algorithm"": ""grouped_majority"", ""predicted_value"": ""Building Permit OTC"", ""confidence"": 0.5693950177935944, ""prediction_source"": ""group_majority"", ""passes_threshold"": true, ""candidate_status"": ""Accepted"", ""rejection_reason"": null, ""validation_record_status"": ""valid""}, {""row_index"": 940, ""target_field"": ""permit_type"", ""algorithm"": ""association_rules"", ""predicted_value"": ""Building Permit OTC"", ""confidence"": 0.9629629629629629, ""prediction_source"": ""matched_rules"", ""passes_threshold"": true, ""candidate_status"": ""Accepted"", ""rejection_reason"": null, ""validation_record_status"": ""valid""}, {""row_index"": 940, ""target_field"": ""permit_type"", ""algorithm"": ""clustering"", ""predicted_value"": ""Building Permit OTC"", ""confidence"": 0.6201550387596899, ""prediction_source"": ""cluster_majority"", ""passes_threshold"": true, ""candidate_status"": ""Accepted"", ""rejection_reason"": null, ""validation_record_status"": ""valid""}, {""row_index"": 940, ""target_field"": ""permit_type"", ""algorithm"": ""knn"", ""predicted_value"": ""Building Permit OTC"", ""confidence"": 1.0, ""prediction_source"": ""nearest_neighbors"", ""passes_threshold"": true, ""candidate_status"": ""Accepted"", ""rejection_reason"": null, ""validation_record_status"": ""valid""}]",
944,permit_type,Building Permit OTC,1,Building Permit OTC,0.5965166855177615,Accepted,majority_vote,clustering,"[""clustering"", ""grouped_majority"", ""knn""]",3,4,4,4,0.0,valid,True,"[{""row_index"": 944, ""target_field"": ""permit_type"", ""algorithm"": ""grouped_majority"", ""predicted_value"": ""Building Permit OTC"", ""confidence"": 0.5693950177935944, ""prediction_source"": ""group_majority"", ""passes_threshold"": true, ""candidate_status"": ""Accepted"", ""rejection_reason"": null, ""validation_record_status"": ""valid""}, {""row_index"": 944, ""target_field"": ""permit_type"", ""algorithm"": ""association_rules"", ""predicted_value"": ""Residential Building Report"", ""confidence"": 0.6292134831460675, ""prediction_source"": ""matched_rules"", ""passes_threshold"": true, ""candidate_status"": ""Accepted"", ""rejection_reason"": null, ""validation_record_status"": ""valid""}, {""row_index"": 944, ""target_field"": ""permit_type"", ""algorithm"": ""clustering"", ""predicted_value"": ""Building Permit OTC"", ""confidence"": 0.6201550387596899, ""prediction_source"": ""cluster_majority"", ""passes_threshold"": true, ""candidate_status"": ""Accepted"", ""rejection_reason"": null, ""validation_record_status"": ""valid""}, {""row_index"": 944, ""target_field"": ""permit_type"", ""algorithm"": ""knn"", ""predicted_value"": ""Building Permit OTC"", ""confidence"": 0.6, ""prediction_source"": ""nearest_neighbors"", ""passes_threshold"": true, ""candidate_status"": ""Accepted"", ""rejection_reason"": null, ""validation_record_status"": ""valid""}]",
949,permit_type,Electrical OTC,1,Electrical OTC,0.8748717948717949,Accepted,unanimous_vote,association_rules,"[""association_rules"", ""clustering"", ""grouped_majority"", ""knn""]",4,4,4,4,0.0,valid,True,"[{""row_index"": 949, ""target_field"": ""permit_type"", ""algorithm"": ""grouped_majority"", ""predicted_value"": ""Electrical OTC"", ""confidence"": 0.9866666666666667, ""prediction_source"": ""group_majority"", ""passes_threshold"": true, ""candidate_status"": ""Accepted"", ""rejection_reason"": null, ""validation_record_status"": ""valid""}, {""row_index"": 949, ""target_field"": ""permit_type"", ""algorithm"": ""association_rules"", ""predicted_value"": ""Electrical OTC"", ""confidence"": 1.0, ""prediction_source"": ""matched_rules"", ""passes_threshold"": true, ""candidate_status"": ""Accepted"", ""rejection_reason"": null, ""validation_record_status"": ""valid""}, {""row_index"": 949, ""target_field"": ""permit_type"", ""algorithm"": ""clustering"", ""predicted_value"": ""Electrical OTC"", ""confidence"": 0.5128205128205128, ""prediction_source"": ""cluster_majority"", ""passes_threshold"": true, ""candidate_status"": ""Accepted"", ""rejection_reason"": null, ""validation_record_status"": ""valid""}, {""row_index"": 949, ""target_field"": ""permit_type"", ""algorithm"": ""knn"", ""predicted_value"": ""Electrical OTC"", ""confidence"": 1.0, ""prediction_source"": ""nearest_neighbors"", ""passes_threshold"": true, ""candidate_status"": ""Accepted"", ""rejection_reason"": null, ""validation_record_status"": ""valid""}]",
952,permit_type,Electrical OTC,1,Electrical OTC,0.9955555555555556,Accepted,majority_vote,association_rules,"[""association_rules"", ""grouped_majority"", ""knn""]",3,4,4,4,0.0,valid,True,"[{""row_index"": 952, ""target_field"": ""permit_type"", ""algorithm"": ""grouped_majority"", ""predicted_value"": ""Electrical OTC"", ""confidence"": 0.9866666666666667, ""prediction_source"": ""group_majority"", ""passes_threshold"": true, ""candidate_status"": ""Accepted"", ""rejection_reason"": null, ""validation_record_status"": ""valid""}, {""row_index"": 952, ""target_field"": ""permit_type"", ""algorithm"": ""association_rules"", ""predicted_value"": ""Electrical OTC"", ""confidence"": 1.0, ""prediction_source"": ""matched_rules"", ""passes_threshold"": true, ""candidate_status"": ""Accepted"", ""rejection_reason"": null, ""validation_record_status"": ""valid""}, {""row_index"": 952, ""target_field"": ""permit_type"", ""algorithm"": ""clustering"", ""predicted_value"": ""Building - Full Plan Check"", ""confidence"": 0.3333333333333333, ""prediction_source"": ""cluster_majority"", ""passes_threshold"": true, ""candidate_status"": ""Accepted"", ""rejection_reason"": null, ""validation_record_status"": ""valid""}, {""row_index"": 952, ""target_field"": ""permit_type"", ""algorithm"": ""knn"", ""predicted_value"": ""Electrical OTC"", ""confidence"": 1.0, ""prediction_source"": ""nearest_neighbors"", ""passes_threshold"": true, ""candidate_status"": ""Accepted"", ""rejection_reason"": null, ""validation_record_status"": ""valid""}]",
953,permit_type,Electrical OTC,1,Electrical OTC,0.9966666666666667,Accepted,unanimous_vote,association_rules,"[""association_rules"", ""clustering"", ""grouped_majority"", ""knn""]",4,4,4,4,0.0,valid,True,"[{""row_index"": 953, ""target_field"": ""permit_type"", ""algorithm"": ""grouped_majority"", ""predicted_value"": ""Electrical OTC"", ""confidence"": 0.9866666666666667, ""prediction_source"": ""group_majority"", ""passes_threshold"": true, ""candidate_status"": ""Accepted"", ""rejection_reason"": null, ""validation_record_status"": ""valid""}, {""row_index"": 953, ""target_field"": ""permit_type"", ""algorithm"": ""association_rules"", ""predicted_value"": ""Electrical OTC"", ""confidence"": 1.0, ""prediction_source"": ""matched_rules"", ""passes_threshold"": true, ""candidate_status"": ""Accepted"", ""rejection_reason"": null, ""validation_record_status"": ""valid""}, {""row_index"": 953, ""target_field"": ""permit_type"", ""algorithm"": ""clustering"", ""predicted_value"": ""Electrical OTC"", ""confidence"": 1.0, ""prediction_source"": ""cluster_majority"", ""passes_threshold"": true, ""candidate_status"": ""Accepted"", ""rejection_reason"": null, ""validation_record_status"": ""valid""}, {""row_index"": 953, ""target_field"": ""permit_type"", ""algorithm"": ""knn"", ""predicted_value"": ""Electrical OTC"", ""confidence"": 1.0, ""prediction_source"": ""nearest_neighbors"", ""passes_threshold"": true, ""candidate_status"": ""Accepted"", ""rejection_reason"": null, ""validation_record_status"": ""valid""}]",
954,permit_type,Electrical OTC,1,Electrical OTC,0.8748717948717949,Accepted,unanimous_vote,association_rules,"[""association_rules"", ""clustering"", ""grouped_majority"", ""knn""]",4,4,4,4,0.0,valid,True,"[{""row_index"": 954, ""target_field"": ""permit_type"", ""algorithm"": ""grouped_majority"", ""predicted_value"": ""Electrical OTC"", ""confidence"": 0.9866666666666667, ""prediction_source"": ""group_majority"", ""passes_threshold"": true, ""candidate_status"": ""Accepted"", ""rejection_reason"": null, ""validation_record_status"": ""valid""}, {""row_index"": 954, ""target_field"": ""permit_type"", ""algorithm"": ""association_rules"", ""predicted_value"": ""Electrical OTC"", ""confidence"": 1.0, ""prediction_source"": ""matched_rules"", ""passes_threshold"": true, ""candidate_status"": ""Accepted"", ""rejection_reason"": null, ""validation_record_status"": ""valid""}, {""row_index"": 954, ""target_field"": ""permit_type"", ""algorithm"": ""clustering"", ""predicted_value"": ""Electrical OTC"", ""confidence"": 0.5128205128205128, ""prediction_source"": ""cluster_majority"", ""passes_threshold"": true, ""candidate_status"": ""Accepted"", ""rejection_reason"": null, ""validation_record_status"": ""valid""}, {""row_index"": 954, ""target_field"": ""permit_type"", ""algorithm"": ""knn"", ""predicted_value"": ""Electrical OTC"", ""confidence"": 1.0, ""prediction_source"": ""nearest_neighbors"", ""passes_threshold"": true, ""candidate_status"": ""Accepted"", ""rejection_reason"": null, ""validation_record_status"": ""valid""}]",
957,permit_type,Electrical OTC,1,Electrical OTC,0.9966666666666667,Accepted,unanimous_vote,association_rules,"[""association_rules"", ""clustering"", ""grouped_majority"", ""knn""]",4,4,4,4,0.0,valid,True,"[{""row_index"": 957, ""target_field"": ""permit_type"", ""algorithm"": ""grouped_majority"", ""predicted_value"": ""Electrical OTC"", ""confidence"": 0.9866666666666667, ""prediction_source"": ""group_majority"", ""passes_threshold"": true, ""candidate_status"": ""Accepted"", ""rejection_reason"": null, ""validation_record_status"": ""valid""}, {""row_index"": 957, ""target_field"": ""permit_type"", ""algorithm"": ""association_rules"", ""predicted_value"": ""Electrical OTC"", ""confidence"": 1.0, ""prediction_source"": ""matched_rules"", ""passes_threshold"": true, ""candidate_status"": ""Accepted"", ""rejection_reason"": null, ""validation_record_status"": ""valid""}, {""row_index"": 957, ""target_field"": ""permit_type"", ""algorithm"": ""clustering"", ""predicted_value"": ""Electrical OTC"", ""confidence"": 1.0, ""prediction_source"": ""cluster_majority"", ""passes_threshold"": true, ""candidate_status"": ""Accepted"", ""rejection_reason"": null, ""validation_record_status"": ""valid""}, {""row_index"": 957, ""target_field"": ""permit_type"", ""algorithm"": ""knn"", ""predicted_value"": ""Electrical OTC"", ""confidence"": 1.0, ""prediction_source"": ""nearest_neighbors"", ""passes_threshold"": true, ""candidate_status"": ""Accepted"", ""rejection_reason"": null, ""validation_record_status"": ""valid""}]",
960,permit_type,Electrical OTC,1,Electrical OTC,0.9966666666666667,Accepted,unanimous_vote,association_rules,"[""association_rules"", ""clustering"", ""grouped_majority"", ""knn""]",4,4,4,4,0.0,valid,True,"[{""row_index"": 960, ""target_field"": ""permit_type"", ""algorithm"": ""grouped_majority"", ""predicted_value"": ""Electrical OTC"", ""confidence"": 0.9866666666666667, ""prediction_source"": ""group_majority"", ""passes_threshold"": true, ""candidate_status"": ""Accepted"", ""rejection_reason"": null, ""validation_record_status"": ""valid""}, {""row_index"": 960, ""target_field"": ""permit_type"", ""algorithm"": ""association_rules"", ""predicted_value"": ""Electrical OTC"", ""confidence"": 1.0, ""prediction_source"": ""matched_rules"", ""passes_threshold"": true, ""candidate_status"": ""Accepted"", ""rejection_reason"": null, ""validation_record_status"": ""valid""}, {""row_index"": 960, ""target_field"": ""permit_type"", ""algorithm"": ""clustering"", ""predicted_value"": ""Electrical OTC"", ""confidence"": 1.0, ""prediction_source"": ""cluster_majority"", ""passes_threshold"": true, ""candidate_status"": ""Accepted"", ""rejection_reason"": null, ""validation_record_status"": ""valid""}, {""row_index"": 960, ""target_field"": ""permit_type"", ""algorithm"": ""knn"", ""predicted_value"": ""Electrical OTC"", ""confidence"": 1.0, ""prediction_source"": ""nearest_neighbors"", ""passes_threshold"": true, ""candidate_status"": ""Accepted"", ""rejection_reason"": null, ""validation_record_status"": ""valid""}]",
964,permit_type,Electrical OTC,1,Electrical OTC,0.9966666666666667,Accepted,unanimous_vote,association_rules,"[""association_rules"", ""clustering"", ""grouped_majority"", ""knn""]",4,4,4,4,0.0,valid,True,"[{""row_index"": 964, ""target_field"": ""permit_type"", ""algorithm"": ""grouped_majority"", ""predicted_value"": ""Electrical OTC"", ""confidence"": 0.9866666666666667, ""prediction_source"": ""group_majority"", ""passes_threshold"": true, ""candidate_status"": ""Accepted"", ""rejection_reason"": null, ""validation_record_status"": ""valid""}, {""row_index"": 964, ""target_field"": ""permit_type"", ""algorithm"": ""association_rules"", ""predicted_value"": ""Electrical OTC"", ""confidence"": 1.0, ""prediction_source"": ""matched_rules"", ""passes_threshold"": true, ""candidate_status"": ""Accepted"", ""rejection_reason"": null, ""validation_record_status"": ""valid""}, {""row_index"": 964, ""target_field"": ""permit_type"", ""algorithm"": ""clustering"", ""predicted_value"": ""Electrical OTC"", ""confidence"": 1.0, ""prediction_source"": ""cluster_majority"", ""passes_threshold"": true, ""candidate_status"": ""Accepted"", ""rejection_reason"": null, ""validation_record_status"": ""valid""}, {""row_index"": 964, ""target_field"": ""permit_type"", ""algorithm"": ""knn"", ""predicted_value"": ""Electrical OTC"", ""confidence"": 1.0, ""prediction_source"": ""nearest_neighbors"", ""passes_threshold"": true, ""candidate_status"": ""Accepted"", ""rejection_reason"": null, ""validation_record_status"": ""valid""}]",
974,permit_type,Mechanical OTC,1,Mechanical OTC,0.9940036257146841,Accepted,unanimous_vote,association_rules,"[""association_rules"", ""clustering"", ""grouped_majority"", ""knn""]",4,4,4,4,0.0,valid,True,"[{""row_index"": 974, ""target_field"": ""permit_type"", ""algorithm"": ""grouped_majority"", ""predicted_value"": ""Mechanical OTC"", ""confidence"": 0.9900990099009901, ""prediction_source"": ""group_majority"", ""passes_threshold"": true, ""candidate_status"": ""Accepted"", ""rejection_reason"": null, ""validation_record_status"": ""valid""}, {""row_index"": 974, ""target_field"": ""permit_type"", ""algorithm"": ""association_rules"", ""predicted_value"": ""Mechanical OTC"", ""confidence"": 1.0, ""prediction_source"": ""matched_rules"", ""passes_threshold"": true, ""candidate_status"": ""Accepted"", ""rejection_reason"": null, ""validation_record_status"": ""valid""}, {""row_index"": 974, ""target_field"": ""permit_type"", ""algorithm"": ""clustering"", ""predicted_value"": ""Mechanical OTC"", ""confidence"": 0.9859154929577465, ""prediction_source"": ""cluster_majority"", ""passes_threshold"": true, ""candidate_status"": ""Accepted"", ""rejection_reason"": null, ""validation_record_status"": ""valid""}, {""row_index"": 974, ""target_field"": ""permit_type"", ""algorithm"": ""knn"", ""predicted_value"": ""Mechanical OTC"", ""confidence"": 1.0, ""prediction_source"": ""nearest_neighbors"", ""passes_threshold"": true, ""candidate_status"": ""Accepted"", ""rejection_reason"": null, ""validation_record_status"": ""valid""}]",
977,permit_type,Mechanical OTC,1,Mechanical OTC,0.9416451351486463,Accepted,unanimous_vote,association_rules,"[""association_rules"", ""clustering"", ""grouped_majority"", ""knn""]",4,4,4,4,0.0,valid,True,"[{""row_index"": 977, ""target_field"": ""permit_type"", ""algorithm"": ""grouped_majority"", ""predicted_value"": ""Mechanical OTC"", ""confidence"": 0.9900990099009901, ""prediction_source"": ""group_majority"", ""passes_threshold"": true, ""candidate_status"": ""Accepted"", ""rejection_reason"": null, ""validation_record_status"": ""valid""}, {""row_index"": 977, ""target_field"": ""permit_type"", ""algorithm"": ""association_rules"", ""predicted_value"": ""Mechanical OTC"", ""confidence"": 0.9905660377358491, ""prediction_source"": ""matched_rules"", ""passes_threshold"": true, ""candidate_status"": ""Accepted"", ""rejection_reason"": null, ""validation_record_status"": ""valid""}, {""row_index"": 977, ""target_field"": ""permit_type"", ""algorithm"": ""clustering"", ""predicted_value"": ""Mechanical OTC"", ""confidence"": 0.9859154929577465, ""prediction_source"": ""cluster_majority"", ""passes_threshold"": true, ""candidate_status"": ""Accepted"", ""rejection_reason"": null, ""validation_record_status"": ""valid""}, {""row_index"": 977, ""target_field"": ""permit_type"", ""algorithm"": ""knn"", ""predicted_value"": ""Mechanical OTC"", ""confidence"": 0.8, ""prediction_source"": ""nearest_neighbors"", ""passes_threshold"": true, ""candidate_status"": ""Accepted"", ""rejection_reason"": null, ""validation_record_status"": ""valid""}]",
979,permit_type,Mechanical OTC,1,Mechanical OTC,0.9940036257146841,Accepted,unanimous_vote,association_rules,"[""association_rules"", ""clustering"", ""grouped_majority"", ""knn""]",4,4,4,4,0.0,valid,True,"[{""row_index"": 979, ""target_field"": ""permit_type"", ""algorithm"": ""grouped_majority"", ""predicted_value"": ""Mechanical OTC"", ""confidence"": 0.9900990099009901, ""prediction_source"": ""group_majority"", ""passes_threshold"": true, ""candidate_status"": ""Accepted"", ""rejection_reason"": null, ""validation_record_status"": ""valid""}, {""row_index"": 979, ""target_field"": ""permit_type"", ""algorithm"": ""association_rules"", ""predicted_value"": ""Mechanical OTC"", ""confidence"": 1.0, ""prediction_source"": ""matched_rules"", ""passes_threshold"": true, ""candidate_status"": ""Accepted"", ""rejection_reason"": null, ""validation_record_status"": ""valid""}, {""row_index"": 979, ""target_field"": ""permit_type"", ""algorithm"": ""clustering"", ""predicted_value"": ""Mechanical OTC"", ""confidence"": 0.9859154929577465, ""prediction_source"": ""cluster_majority"", ""passes_threshold"": true, ""candidate_status"": ""Accepted"", ""rejection_reason"": null, ""validation_record_status"": ""valid""}, {""row_index"": 979, ""target_field"": ""permit_type"", ""algorithm"": ""knn"", ""predicted_value"": ""Mechanical OTC"", ""confidence"": 1.0, ""prediction_source"": ""nearest_neighbors"", ""passes_threshold"": true, ""candidate_status"": ""Accepted"", ""rejection_reason"": null, ""validation_record_status"": ""valid""}]",
980,permit_type,Mechanical OTC,1,Mechanical OTC,0.9940036257146841,Accepted,unanimous_vote,association_rules,"[""association_rules"", ""clustering"", ""grouped_majority"", ""knn""]",4,4,4,4,0.0,valid,True,"[{""row_index"": 980, ""target_field"": ""permit_type"", ""algorithm"": ""grouped_majority"", ""predicted_value"": ""Mechanical OTC"", ""confidence"": 0.9900990099009901, ""prediction_source"": ""group_majority"", ""passes_threshold"": true, ""candidate_status"": ""Accepted"", ""rejection_reason"": null, ""validation_record_status"": ""valid""}, {""row_index"": 980, ""target_field"": ""permit_type"", ""algorithm"": ""association_rules"", ""predicted_value"": ""Mechanical OTC"", ""confidence"": 1.0, ""prediction_source"": ""matched_rules"", ""passes_threshold"": true, ""candidate_status"": ""Accepted"", ""rejection_reason"": null, ""validation_record_status"": ""valid""}, {""row_index"": 980, ""target_field"": ""permit_type"", ""algorithm"": ""clustering"", ""predicted_value"": ""Mechanical OTC"", ""confidence"": 0.9859154929577465, ""prediction_source"": ""cluster_majority"", ""passes_threshold"": true, ""candidate_status"": ""Accepted"", ""rejection_reason"": null, ""validation_record_status"": ""valid""}, {""row_index"": 980, ""target_field"": ""permit_type"", ""algorithm"": ""knn"", ""predicted_value"": ""Mechanical OTC"", ""confidence"": 1.0, ""prediction_source"": ""nearest_neighbors"", ""passes_threshold"": true, ""candidate_status"": ""Accepted"", ""rejection_reason"": null, ""validation_record_status"": ""valid""}]",
981,permit_type,Mechanical OTC,1,Mechanical OTC,0.9966996699669967,Accepted,majority_vote,association_rules,"[""association_rules"", ""grouped_majority"", ""knn""]",3,4,4,4,0.0,valid,True,"[{""row_index"": 981, ""target_field"": ""permit_type"", ""algorithm"": ""grouped_majority"", ""predicted_value"": ""Mechanical OTC"", ""confidence"": 0.9900990099009901, ""prediction_source"": ""group_majority"", ""passes_threshold"": true, ""candidate_status"": ""Accepted"", ""rejection_reason"": null, ""validation_record_status"": ""valid""}, {""row_index"": 981, ""target_field"": ""permit_type"", ""algorithm"": ""association_rules"", ""predicted_value"": ""Mechanical OTC"", ""confidence"": 1.0, ""prediction_source"": ""matched_rules"", ""passes_threshold"": true, ""candidate_status"": ""Accepted"", ""rejection_reason"": null, ""validation_record_status"": ""valid""}, {""row_index"": 981, ""target_field"": ""permit_type"", ""algorithm"": ""clustering"", ""predicted_value"": ""Electrical OTC"", ""confidence"": 0.5128205128205128, ""prediction_source"": ""cluster_majority"", ""passes_threshold"": true, ""candidate_status"": ""Accepted"", ""rejection_reason"": null, ""validation_record_status"": ""valid""}, {""row_index"": 981, ""target_field"": ""permit_type"", ""algorithm"": ""knn"", ""predicted_value"": ""Mechanical OTC"", ""confidence"": 1.0, ""prediction_source"": ""nearest_neighbors"", ""passes_threshold"": true, ""candidate_status"": ""Accepted"", ""rejection_reason"": null, ""validation_record_status"": ""valid""}]",
986,permit_type,Mechanical OTC,1,Mechanical OTC,0.9966996699669967,Accepted,majority_vote,association_rules,"[""association_rules"", ""grouped_majority"", ""knn""]",3,4,4,4,0.0,valid,True,"[{""row_index"": 986, ""target_field"": ""permit_type"", ""algorithm"": ""grouped_majority"", ""predicted_value"": ""Mechanical OTC"", ""confidence"": 0.9900990099009901, ""prediction_source"": ""group_majority"", ""passes_threshold"": true, ""candidate_status"": ""Accepted"", ""rejection_reason"": null, ""validation_record_status"": ""valid""}, {""row_index"": 986, ""target_field"": ""permit_type"", ""algorithm"": ""association_rules"", ""predicted_value"": ""Mechanical OTC"", ""confidence"": 1.0, ""prediction_source"": ""matched_rules"", ""passes_threshold"": true, ""candidate_status"": ""Accepted"", ""rejection_reason"": null, ""validation_record_status"": ""valid""}, {""row_index"": 986, ""target_field"": ""permit_type"", ""algorithm"": ""clustering"", ""predicted_value"": ""Electrical OTC"", ""confidence"": 0.5128205128205128, ""prediction_source"": ""cluster_majority"", ""passes_threshold"": true, ""candidate_status"": ""Accepted"", ""rejection_reason"": null, ""validation_record_status"": ""valid""}, {""row_index"": 986, ""target_field"": ""permit_type"", ""algorithm"": ""knn"", ""predicted_value"": ""Mechanical OTC"", ""confidence"": 1.0, ""prediction_source"": ""nearest_neighbors"", ""passes_threshold"": true, ""candidate_status"": ""Accepted"", ""rejection_reason"": null, ""validation_record_status"": ""valid""}]",
989,permit_type,Plumbing OTC,1,Plumbing OTC,0.8010191529931451,Accepted,majority_vote,association_rules,"[""association_rules"", ""grouped_majority"", ""knn""]",3,4,4,4,0.0,valid,True,"[{""row_index"": 989, ""target_field"": ""permit_type"", ""algorithm"": ""grouped_majority"", ""predicted_value"": ""Plumbing OTC"", ""confidence"": 0.9883720930232558, ""prediction_source"": ""group_majority"", ""passes_threshold"": true, ""candidate_status"": ""Accepted"", ""rejection_reason"": null, ""validation_record_status"": ""valid""}, {""row_index"": 989, ""target_field"": ""permit_type"", ""algorithm"": ""association_rules"", ""predicted_value"": ""Plumbing OTC"", ""confidence"": 0.9897959183673469, ""prediction_source"": ""matched_rules"", ""passes_threshold"": true, ""candidate_status"": ""Accepted"", ""rejection_reason"": null, ""validation_record_status"": ""valid""}, {""row_index"": 989, ""target_field"": ""permit_type"", ""algorithm"": ""clustering"", ""predicted_value"": ""Building - Full Plan Check"", ""confidence"": 0.3333333333333333, ""prediction_source"": ""cluster_majority"", ""passes_threshold"": true, ""candidate_status"": ""Accepted"", ""rejection_reason"": null, ""validation_record_status"": ""valid""}, {""row_index"": 989, ""target_field"": ""permit_type"", ""algorithm"": ""knn"", ""predicted_value"": ""Plumbing OTC"", ""confidence"": 0.42488944758883257, ""prediction_source"": ""nearest_neighbors"", ""passes_threshold"": true, ""candidate_status"": ""Accepted"", ""rejection_reason"": null, ""validation_record_status"": ""valid""}]",
992,permit_type,Plumbing OTC,1,Plumbing OTC,0.997093023255814,Accepted,unanimous_vote,association_rules,"[""association_rules"", ""clustering"", ""grouped_majority"", ""knn""]",4,4,4,4,0.0,valid,True,"[{""row_index"": 992, ""target_field"": ""permit_type"", ""algorithm"": ""grouped_majority"", ""predicted_value"": ""Plumbing OTC"", ""confidence"": 0.9883720930232558, ""prediction_source"": ""group_majority"", ""passes_threshold"": true, ""candidate_status"": ""Accepted"", ""rejection_reason"": null, ""validation_record_status"": ""valid""}, {""row_index"": 992, ""target_field"": ""permit_type"", ""algorithm"": ""association_rules"", ""predicted_value"": ""Plumbing OTC"", ""confidence"": 1.0, ""prediction_source"": ""matched_rules"", ""passes_threshold"": true, ""candidate_status"": ""Accepted"", ""rejection_reason"": null, ""validation_record_status"": ""valid""}, {""row_index"": 992, ""target_field"": ""permit_type"", ""algorithm"": ""clustering"", ""predicted_value"": ""Plumbing OTC"", ""confidence"": 1.0, ""prediction_source"": ""cluster_majority"", ""passes_threshold"": true, ""candidate_status"": ""Accepted"", ""rejection_reason"": null, ""validation_record_status"": ""valid""}, {""row_index"": 992, ""target_field"": ""permit_type"", ""algorithm"": ""knn"", ""predicted_value"": ""Plumbing OTC"", ""confidence"": 1.0, ""prediction_source"": ""nearest_neighbors"", ""passes_threshold"": true, ""candidate_status"": ""Accepted"", ""rejection_reason"": null, ""validation_record_status"": ""valid""}]",
993,permit_type,Plumbing OTC,1,Plumbing OTC,0.997093023255814,Accepted,unanimous_vote,association_rules,"[""association_rules"", ""clustering"", ""grouped_majority"", ""knn""]",4,4,4,4,0.0,valid,True,"[{""row_index"": 993, ""target_field"": ""permit_type"", ""algorithm"": ""grouped_majority"", ""predicted_value"": ""Plumbing OTC"", ""confidence"": 0.9883720930232558, ""prediction_source"": ""group_majority"", ""passes_threshold"": true, ""candidate_status"": ""Accepted"", ""rejection_reason"": null, ""validation_record_status"": ""valid""}, {""row_index"": 993, ""target_field"": ""permit_type"", ""algorithm"": ""association_rules"", ""predicted_value"": ""Plumbing OTC"", ""confidence"": 1.0, ""prediction_source"": ""matched_rules"", ""passes_threshold"": true, ""candidate_status"": ""Accepted"", ""rejection_reason"": null, ""validation_record_status"": ""valid""}, {""row_index"": 993, ""target_field"": ""permit_type"", ""algorithm"": ""clustering"", ""predicted_value"": ""Plumbing OTC"", ""confidence"": 1.0, ""prediction_source"": ""cluster_majority"", ""passes_threshold"": true, ""candidate_status"": ""Accepted"", ""rejection_reason"": null, ""validation_record_status"": ""valid""}, {""row_index"": 993, ""target_field"": ""permit_type"", ""algorithm"": ""knn"", ""predicted_value"": ""Plumbing OTC"", ""confidence"": 1.0, ""prediction_source"": ""nearest_neighbors"", ""passes_threshold"": true, ""candidate_status"": ""Accepted"", ""rejection_reason"": null, ""validation_record_status"": ""valid""}]",
996,permit_type,Plumbing OTC,1,Plumbing OTC,0.997093023255814,Accepted,unanimous_vote,association_rules,"[""association_rules"", ""clustering"", ""grouped_majority"", ""knn""]",4,4,4,4,0.0,valid,True,"[{""row_index"": 996, ""target_field"": ""permit_type"", ""algorithm"": ""grouped_majority"", ""predicted_value"": ""Plumbing OTC"", ""confidence"": 0.9883720930232558, ""prediction_source"": ""group_majority"", ""passes_threshold"": true, ""candidate_status"": ""Accepted"", ""rejection_reason"": null, ""validation_record_status"": ""valid""}, {""row_index"": 996, ""target_field"": ""permit_type"", ""algorithm"": ""association_rules"", ""predicted_value"": ""Plumbing OTC"", ""confidence"": 1.0, ""prediction_source"": ""matched_rules"", ""passes_threshold"": true, ""candidate_status"": ""Accepted"", ""rejection_reason"": null, ""validation_record_status"": ""valid""}, {""row_index"": 996, ""target_field"": ""permit_type"", ""algorithm"": ""clustering"", ""predicted_value"": ""Plumbing OTC"", ""confidence"": 1.0, ""prediction_source"": ""cluster_majority"", ""passes_threshold"": true, ""candidate_status"": ""Accepted"", ""rejection_reason"": null, ""validation_record_status"": ""valid""}, {""row_index"": 996, ""target_field"": ""permit_type"", ""algorithm"": ""knn"", ""predicted_value"": ""Plumbing OTC"", ""confidence"": 1.0, ""prediction_source"": ""nearest_neighbors"", ""passes_threshold"": true, ""candidate_status"": ""Accepted"", ""rejection_reason"": null, ""validation_record_status"": ""valid""}]",
998,permit_type,Plumbing OTC,1,Plumbing OTC,0.997093023255814,Accepted,unanimous_vote,association_rules,"[""association_rules"", ""clustering"", ""grouped_majority"", ""knn""]",4,4,4,4,0.0,valid,True,"[{""row_index"": 998, ""target_field"": ""permit_type"", ""algorithm"": ""grouped_majority"", ""predicted_value"": ""Plumbing OTC"", ""confidence"": 0.9883720930232558, ""prediction_source"": ""group_majority"", ""passes_threshold"": true, ""candidate_status"": ""Accepted"", ""rejection_reason"": null, ""validation_record_status"": ""valid""}, {""row_index"": 998, ""target_field"": ""permit_type"", ""algorithm"": ""association_rules"", ""predicted_value"": ""Plumbing OTC"", ""confidence"": 1.0, ""prediction_source"": ""matched_rules"", ""passes_threshold"": true, ""candidate_status"": ""Accepted"", ""rejection_reason"": null, ""validation_record_status"": ""valid""}, {""row_index"": 998, ""target_field"": ""permit_type"", ""algorithm"": ""clustering"", ""predicted_value"": ""Plumbing OTC"", ""confidence"": 1.0, ""prediction_source"": ""cluster_majority"", ""passes_threshold"": true, ""candidate_status"": ""Accepted"", ""rejection_reason"": null, ""validation_record_status"": ""valid""}, {""row_index"": 998, ""target_field"": ""permit_type"", ""algorithm"": ""knn"", ""predicted_value"": ""Plumbing OTC"", ""confidence"": 1.0, ""prediction_source"": ""nearest_neighbors"", ""passes_threshold"": true, ""candidate_status"": ""Accepted"", ""rejection_reason"": null, ""validation_record_status"": ""valid""}]",
1001,permit_type,Plumbing OTC,1,Plumbing OTC,1.0,Accepted,unanimous_vote,association_rules,"[""association_rules"", ""clustering"", ""grouped_majority"", ""knn""]",4,4,4,4,0.0,valid,True,"[{""row_index"": 1001, ""target_field"": ""permit_type"", ""algorithm"": ""grouped_majority"", ""predicted_value"": ""Plumbing OTC"", ""confidence"": 1.0, ""prediction_source"": ""group_majority"", ""passes_threshold"": true, ""candidate_status"": ""Accepted"", ""rejection_reason"": null, ""validation_record_status"": ""valid""}, {""row_index"": 1001, ""target_field"": ""permit_type"", ""algorithm"": ""association_rules"", ""predicted_value"": ""Plumbing OTC"", ""confidence"": 1.0, ""prediction_source"": ""matched_rules"", ""passes_threshold"": true, ""candidate_status"": ""Accepted"", ""rejection_reason"": null, ""validation_record_status"": ""valid""}, {""row_index"": 1001, ""target_field"": ""permit_type"", ""algorithm"": ""clustering"", ""predicted_value"": ""Plumbing OTC"", ""confidence"": 1.0, ""prediction_source"": ""cluster_majority"", ""passes_threshold"": true, ""candidate_status"": ""Accepted"", ""rejection_reason"": null, ""validation_record_status"": ""valid""}, {""row_index"": 1001, ""target_field"": ""permit_type"", ""algorithm"": ""knn"", ""predicted_value"": ""Plumbing OTC"", ""confidence"": 1.0, ""prediction_source"": ""nearest_neighbors"", ""passes_threshold"": true, ""candidate_status"": ""Accepted"", ""rejection_reason"": null, ""validation_record_status"": ""valid""}]",
1002,permit_type,Plumbing OTC,1,Plumbing OTC,0.997093023255814,Accepted,unanimous_vote,association_rules,"[""association_rules"", ""clustering"", ""grouped_majority"", ""knn""]",4,4,4,4,0.0,valid,True,"[{""row_index"": 1002, ""target_field"": ""permit_type"", ""algorithm"": ""grouped_majority"", ""predicted_value"": ""Plumbing OTC"", ""confidence"": 0.9883720930232558, ""prediction_source"": ""group_majority"", ""passes_threshold"": true, ""candidate_status"": ""Accepted"", ""rejection_reason"": null, ""validation_record_status"": ""valid""}, {""row_index"": 1002, ""target_field"": ""permit_type"", ""algorithm"": ""association_rules"", ""predicted_value"": ""Plumbing OTC"", ""confidence"": 1.0, ""prediction_source"": ""matched_rules"", ""passes_threshold"": true, ""candidate_status"": ""Accepted"", ""rejection_reason"": null, ""validation_record_status"": ""valid""}, {""row_index"": 1002, ""target_field"": ""permit_type"", ""algorithm"": ""clustering"", ""predicted_value"": ""Plumbing OTC"", ""confidence"": 1.0, ""prediction_source"": ""cluster_majority"", ""passes_threshold"": true, ""candidate_status"": ""Accepted"", ""rejection_reason"": null, ""validation_record_status"": ""valid""}, {""row_index"": 1002, ""target_field"": ""permit_type"", ""algorithm"": ""knn"", ""predicted_value"": ""Plumbing OTC"", ""confidence"": 1.0, ""prediction_source"": ""nearest_neighbors"", ""passes_threshold"": true, ""candidate_status"": ""Accepted"", ""rejection_reason"": null, ""validation_record_status"": ""valid""}]",
1003,permit_type,Plumbing OTC,1,Plumbing OTC,0.997093023255814,Accepted,unanimous_vote,association_rules,"[""association_rules"", ""clustering"", ""grouped_majority"", ""knn""]",4,4,4,4,0.0,valid,True,"[{""row_index"": 1003, ""target_field"": ""permit_type"", ""algorithm"": ""grouped_majority"", ""predicted_value"": ""Plumbing OTC"", ""confidence"": 0.9883720930232558, ""prediction_source"": ""group_majority"", ""passes_threshold"": true, ""candidate_status"": ""Accepted"", ""rejection_reason"": null, ""validation_record_status"": ""valid""}, {""row_index"": 1003, ""target_field"": ""permit_type"", ""algorithm"": ""association_rules"", ""predicted_value"": ""Plumbing OTC"", ""confidence"": 1.0, ""prediction_source"": ""matched_rules"", ""passes_threshold"": true, ""candidate_status"": ""Accepted"", ""rejection_reason"": null, ""validation_record_status"": ""valid""}, {""row_index"": 1003, ""target_field"": ""permit_type"", ""algorithm"": ""clustering"", ""predicted_value"": ""Plumbing OTC"", ""confidence"": 1.0, ""prediction_source"": ""cluster_majority"", ""passes_threshold"": true, ""candidate_status"": ""Accepted"", ""rejection_reason"": null, ""validation_record_status"": ""valid""}, {""row_index"": 1003, ""target_field"": ""permit_type"", ""algorithm"": ""knn"", ""predicted_value"": ""Plumbing OTC"", ""confidence"": 1.0, ""prediction_source"": ""nearest_neighbors"", ""passes_threshold"": true, ""candidate_status"": ""Accepted"", ""rejection_reason"": null, ""validation_record_status"": ""valid""}]",
1004,permit_type,Plumbing OTC,1,Plumbing OTC,0.8593893371302009,Accepted,majority_vote,association_rules,"[""association_rules"", ""grouped_majority"", ""knn""]",3,4,4,4,0.0,valid,True,"[{""row_index"": 1004, ""target_field"": ""permit_type"", ""algorithm"": ""grouped_majority"", ""predicted_value"": ""Plumbing OTC"", ""confidence"": 0.9883720930232558, ""prediction_source"": ""group_majority"", ""passes_threshold"": true, ""candidate_status"": ""Accepted"", ""rejection_reason"": null, ""validation_record_status"": ""valid""}, {""row_index"": 1004, ""target_field"": ""permit_type"", ""algorithm"": ""association_rules"", ""predicted_value"": ""Plumbing OTC"", ""confidence"": 0.9897959183673469, ""prediction_source"": ""matched_rules"", ""passes_threshold"": true, ""candidate_status"": ""Accepted"", ""rejection_reason"": null, ""validation_record_status"": ""valid""}, {""row_index"": 1004, ""target_field"": ""permit_type"", ""algorithm"": ""clustering"", ""predicted_value"": ""Electrical OTC"", ""confidence"": 0.5128205128205128, ""prediction_source"": ""cluster_majority"", ""passes_threshold"": true, ""candidate_status"": ""Accepted"", ""rejection_reason"": null, ""validation_record_status"": ""valid""}, {""row_index"": 1004, ""target_field"": ""permit_type"", ""algorithm"": ""knn"", ""predicted_value"": ""Plumbing OTC"", ""confidence"": 0.6, ""prediction_source"": ""nearest_neighbors"", ""passes_threshold"": true, ""candidate_status"": ""Accepted"", ""rejection_reason"": null, ""validation_record_status"": ""valid""}]",
1006,permit_type,Plumbing OTC,1,Plumbing OTC,0.9927226704635342,Accepted,majority_vote,knn,"[""association_rules"", ""grouped_majority"", ""knn""]",3,4,4,4,0.0,valid,True,"[{""row_index"": 1006, ""target_field"": ""permit_type"", ""algorithm"": ""grouped_majority"", ""predicted_value"": ""Plumbing OTC"", ""confidence"": 0.9883720930232558, ""prediction_source"": ""group_majority"", ""passes_threshold"": true, ""candidate_status"": ""Accepted"", ""rejection_reason"": null, ""validation_record_status"": ""valid""}, {""row_index"": 1006, ""target_field"": ""permit_type"", ""algorithm"": ""association_rules"", ""predicted_value"": ""Plumbing OTC"", ""confidence"": 0.9897959183673469, ""prediction_source"": ""matched_rules"", ""passes_threshold"": true, ""candidate_status"": ""Accepted"", ""rejection_reason"": null, ""validation_record_status"": ""valid""}, {""row_index"": 1006, ""target_field"": ""permit_type"", ""algorithm"": ""clustering"", ""predicted_value"": ""Electrical OTC"", ""confidence"": 0.5128205128205128, ""prediction_source"": ""cluster_majority"", ""passes_threshold"": true, ""candidate_status"": ""Accepted"", ""rejection_reason"": null, ""validation_record_status"": ""valid""}, {""row_index"": 1006, ""target_field"": ""permit_type"", ""algorithm"": ""knn"", ""predicted_value"": ""Plumbing OTC"", ""confidence"": 1.0, ""prediction_source"": ""nearest_neighbors"", ""passes_threshold"": true, ""candidate_status"": ""Accepted"", ""rejection_reason"": null, ""validation_record_status"": ""valid""}]",
1007,permit_type,Plumbing OTC,1,Plumbing OTC,0.997093023255814,Accepted,unanimous_vote,association_rules,"[""association_rules"", ""clustering"", ""grouped_majority"", ""knn""]",4,4,4,4,0.0,valid,True,"[{""row_index"": 1007, ""target_field"": ""permit_type"", ""algorithm"": ""grouped_majority"", ""predicted_value"": ""Plumbing OTC"", ""confidence"": 0.9883720930232558, ""prediction_source"": ""group_majority"", ""passes_threshold"": true, ""candidate_status"": ""Accepted"", ""rejection_reason"": null, ""validation_record_status"": ""valid""}, {""row_index"": 1007, ""target_field"": ""permit_type"", ""algorithm"": ""association_rules"", ""predicted_value"": ""Plumbing OTC"", ""confidence"": 1.0, ""prediction_source"": ""matched_rules"", ""passes_threshold"": true, ""candidate_status"": ""Accepted"", ""rejection_reason"": null, ""validation_record_status"": ""valid""}, {""row_index"": 1007, ""target_field"": ""permit_type"", ""algorithm"": ""clustering"", ""predicted_value"": ""Plumbing OTC"", ""confidence"": 1.0, ""prediction_source"": ""cluster_majority"", ""passes_threshold"": true, ""candidate_status"": ""Accepted"", ""rejection_reason"": null, ""validation_record_status"": ""valid""}, {""row_index"": 1007, ""target_field"": ""permit_type"", ""algorithm"": ""knn"", ""predicted_value"": ""Plumbing OTC"", ""confidence"": 1.0, ""prediction_source"": ""nearest_neighbors"", ""passes_threshold"": true, ""candidate_status"": ""Accepted"", ""rejection_reason"": null, ""validation_record_status"": ""valid""}]",
1015,permit_type,Residential Building Report,1,Residential Building Report,0.9637064220183487,Accepted,unanimous_vote,association_rules,"[""association_rules"", ""clustering"", ""grouped_majority"", ""knn""]",4,4,4,4,0.0,valid,True,"[{""row_index"": 1015, ""target_field"": ""permit_type"", ""algorithm"": ""grouped_majority"", ""predicted_value"": ""Residential Building Report"", ""confidence"": 0.9908256880733946, ""prediction_source"": ""group_majority"", ""passes_threshold"": true, ""candidate_status"": ""Accepted"", ""rejection_reason"": null, ""validation_record_status"": ""valid""}, {""row_index"": 1015, ""target_field"": ""permit_type"", ""algorithm"": ""association_rules"", ""predicted_value"": ""Residential Building Report"", ""confidence"": 1.0, ""prediction_source"": ""matched_rules"", ""passes_threshold"": true, ""candidate_status"": ""Accepted"", ""rejection_reason"": null, ""validation_record_status"": ""valid""}, {""row_index"": 1015, ""target_field"": ""permit_type"", ""algorithm"": ""clustering"", ""predicted_value"": ""Residential Building Report"", ""confidence"": 0.864, ""prediction_source"": ""cluster_majority"", ""passes_threshold"": true, ""candidate_status"": ""Accepted"", ""rejection_reason"": null, ""validation_record_status"": ""valid""}, {""row_index"": 1015, ""target_field"": ""permit_type"", ""algorithm"": ""knn"", ""predicted_value"": ""Residential Building Report"", ""confidence"": 1.0, ""prediction_source"": ""nearest_neighbors"", ""passes_threshold"": true, ""candidate_status"": ""Accepted"", ""rejection_reason"": null, ""validation_record_status"": ""valid""}]",
1017,permit_type,Residential Building Report,1,Residential Building Report,0.9637064220183487,Accepted,unanimous_vote,association_rules,"[""association_rules"", ""clustering"", ""grouped_majority"", ""knn""]",4,4,4,4,0.0,valid,True,"[{""row_index"": 1017, ""target_field"": ""permit_type"", ""algorithm"": ""grouped_majority"", ""predicted_value"": ""Residential Building Report"", ""confidence"": 0.9908256880733946, ""prediction_source"": ""group_majority"", ""passes_threshold"": true, ""candidate_status"": ""Accepted"", ""rejection_reason"": null, ""validation_record_status"": ""valid""}, {""row_index"": 1017, ""target_field"": ""permit_type"", ""algorithm"": ""association_rules"", ""predicted_value"": ""Residential Building Report"", ""confidence"": 1.0, ""prediction_source"": ""matched_rules"", ""passes_threshold"": true, ""candidate_status"": ""Accepted"", ""rejection_reason"": null, ""validation_record_status"": ""valid""}, {""row_index"": 1017, ""target_field"": ""permit_type"", ""algorithm"": ""clustering"", ""predicted_value"": ""Residential Building Report"", ""confidence"": 0.864, ""prediction_source"": ""cluster_majority"", ""passes_threshold"": true, ""candidate_status"": ""Accepted"", ""rejection_reason"": null, ""validation_record_status"": ""valid""}, {""row_index"": 1017, ""target_field"": ""permit_type"", ""algorithm"": ""knn"", ""predicted_value"": ""Residential Building Report"", ""confidence"": 1.0, ""prediction_source"": ""nearest_neighbors"", ""passes_threshold"": true, ""candidate_status"": ""Accepted"", ""rejection_reason"": null, ""validation_record_status"": ""valid""}]",
1029,permit_type,Building - In House Plan Check,1,Building - Full Plan Check,0.6598290598290598,Accepted,majority_vote,association_rules,"[""association_rules"", ""clustering"", ""knn""]",3,4,4,4,0.0,valid,True,"[{""row_index"": 1029, ""target_field"": ""permit_type"", ""algorithm"": ""grouped_majority"", ""predicted_value"": ""Building Permit OTC"", ""confidence"": 0.5693950177935944, ""prediction_source"": ""group_majority"", ""passes_threshold"": true, ""candidate_status"": ""Accepted"", ""rejection_reason"": null, ""validation_record_status"": ""valid""}, {""row_index"": 1029, ""target_field"": ""permit_type"", ""algorithm"": ""association_rules"", ""predicted_value"": ""Building - Full Plan Check"", ""confidence"": 0.8461538461538461, ""prediction_source"": ""matched_rules"", ""passes_threshold"": true, ""candidate_status"": ""Accepted"", ""rejection_reason"": null, ""validation_record_status"": ""valid""}, {""row_index"": 1029, ""target_field"": ""permit_type"", ""algorithm"": ""clustering"", ""predicted_value"": ""Building - Full Plan Check"", ""confidence"": 0.3333333333333333, ""prediction_source"": ""cluster_majority"", ""passes_threshold"": true, ""candidate_status"": ""Accepted"", ""rejection_reason"": null, ""validation_record_status"": ""valid""}, {""row_index"": 1029, ""target_field"": ""permit_type"", ""algorithm"": ""knn"", ""predicted_value"": ""Building - Full Plan Check"", ""confidence"": 0.8, ""prediction_source"": ""nearest_neighbors"", ""passes_threshold"": true, ""candidate_status"": ""Accepted"", ""rejection_reason"": null, ""validation_record_status"": ""valid""}]",
1034,permit_type,Building - In House Plan Check,1,Building Permit OTC,0.7679757494324386,Accepted,unanimous_vote,knn,"[""association_rules"", ""clustering"", ""grouped_majority"", ""knn""]",4,4,4,4,0.0,valid,True,"[{""row_index"": 1034, ""target_field"": ""permit_type"", ""algorithm"": ""grouped_majority"", ""predicted_value"": ""Building Permit OTC"", ""confidence"": 0.5693950177935944, ""prediction_source"": ""group_majority"", ""passes_threshold"": true, ""candidate_status"": ""Accepted"", ""rejection_reason"": null, ""validation_record_status"": ""valid""}, {""row_index"": 1034, ""target_field"": ""permit_type"", ""algorithm"": ""association_rules"", ""predicted_value"": ""Building Permit OTC"", ""confidence"": 0.8823529411764705, ""prediction_source"": ""matched_rules"", ""passes_threshold"": true, ""candidate_status"": ""Accepted"", ""rejection_reason"": null, ""validation_record_status"": ""valid""}, {""row_index"": 1034, ""target_field"": ""permit_type"", ""algorithm"": ""clustering"", ""predicted_value"": ""Building Permit OTC"", ""confidence"": 0.6201550387596899, ""prediction_source"": ""cluster_majority"", ""passes_threshold"": true, ""candidate_status"": ""Accepted"", ""rejection_reason"": null, ""validation_record_status"": ""valid""}, {""row_index"": 1034, ""target_field"": ""permit_type"", ""algorithm"": ""knn"", ""predicted_value"": ""Building Permit OTC"", ""confidence"": 1.0, ""prediction_source"": ""nearest_neighbors"", ""passes_threshold"": true, ""candidate_status"": ""Accepted"", ""rejection_reason"": null, ""validation_record_status"": ""valid""}]",
1037,permit_type,Building Permit OTC,1,Building Permit OTC,0.8430819826168663,Accepted,majority_vote,knn,"[""clustering"", ""grouped_majority"", ""knn""]",3,4,4,4,0.0,valid,True,"[{""row_index"": 1037, ""target_field"": ""permit_type"", ""algorithm"": ""grouped_majority"", ""predicted_value"": ""Building Permit OTC"", ""confidence"": 0.9090909090909091, ""prediction_source"": ""group_majority"", ""passes_threshold"": true, ""candidate_status"": ""Accepted"", ""rejection_reason"": null, ""validation_record_status"": ""valid""}, {""row_index"": 1037, ""target_field"": ""permit_type"", ""algorithm"": ""association_rules"", ""predicted_value"": ""Residential Building Report"", ""confidence"": 0.7500000000000001, ""prediction_source"": ""matched_rules"", ""passes_threshold"": true, ""candidate_status"": ""Accepted"", ""rejection_reason"": null, ""validation_record_status"": ""valid""}, {""row_index"": 1037, ""target_field"": ""permit_type"", ""algorithm"": ""clustering"", ""predicted_value"": ""Building Permit OTC"", ""confidence"": 0.6201550387596899, ""prediction_source"": ""cluster_majority"", ""passes_threshold"": true, ""candidate_status"": ""Accepted"", ""rejection_reason"": null, ""validation_record_status"": ""valid""}, {""row_index"": 1037, ""target_field"": ""permit_type"", ""algorithm"": ""knn"", ""predicted_value"": ""Building Permit OTC"", ""confidence"": 1.0, ""prediction_source"": ""nearest_neighbors"", ""passes_threshold"": true, ""candidate_status"": ""Accepted"", ""rejection_reason"": null, ""validation_record_status"": ""valid""}]",
1038,permit_type,Building Permit OTC,1,Building Permit OTC,0.8430819826168663,Accepted,majority_vote,knn,"[""clustering"", ""grouped_majority"", ""knn""]",3,4,4,4,0.0,valid,True,"[{""row_index"": 1038, ""target_field"": ""permit_type"", ""algorithm"": ""grouped_majority"", ""predicted_value"": ""Building Permit OTC"", ""confidence"": 0.9090909090909091, ""prediction_source"": ""group_majority"", ""passes_threshold"": true, ""candidate_status"": ""Accepted"", ""rejection_reason"": null, ""validation_record_status"": ""valid""}, {""row_index"": 1038, ""target_field"": ""permit_type"", ""algorithm"": ""association_rules"", ""predicted_value"": ""Residential Building Report"", ""confidence"": 0.7500000000000001, ""prediction_source"": ""matched_rules"", ""passes_threshold"": true, ""candidate_status"": ""Accepted"", ""rejection_reason"": null, ""validation_record_status"": ""valid""}, {""row_index"": 1038, ""target_field"": ""permit_type"", ""algorithm"": ""clustering"", ""predicted_value"": ""Building Permit OTC"", ""confidence"": 0.6201550387596899, ""prediction_source"": ""cluster_majority"", ""passes_threshold"": true, ""candidate_status"": ""Accepted"", ""rejection_reason"": null, ""validation_record_status"": ""valid""}, {""row_index"": 1038, ""target_field"": ""permit_type"", ""algorithm"": ""knn"", ""predicted_value"": ""Building Permit OTC"", ""confidence"": 1.0, ""prediction_source"": ""nearest_neighbors"", ""passes_threshold"": true, ""candidate_status"": ""Accepted"", ""rejection_reason"": null, ""validation_record_status"": ""valid""}]",
1039,permit_type,Building Permit OTC,1,Building Permit OTC,0.8430819826168663,Accepted,majority_vote,knn,"[""clustering"", ""grouped_majority"", ""knn""]",3,4,4,4,0.0,valid,True,"[{""row_index"": 1039, ""target_field"": ""permit_type"", ""algorithm"": ""grouped_majority"", ""predicted_value"": ""Building Permit OTC"", ""confidence"": 0.9090909090909091, ""prediction_source"": ""group_majority"", ""passes_threshold"": true, ""candidate_status"": ""Accepted"", ""rejection_reason"": null, ""validation_record_status"": ""valid""}, {""row_index"": 1039, ""target_field"": ""permit_type"", ""algorithm"": ""association_rules"", ""predicted_value"": ""Residential Building Report"", ""confidence"": 0.7500000000000001, ""prediction_source"": ""matched_rules"", ""passes_threshold"": true, ""candidate_status"": ""Accepted"", ""rejection_reason"": null, ""validation_record_status"": ""valid""}, {""row_index"": 1039, ""target_field"": ""permit_type"", ""algorithm"": ""clustering"", ""predicted_value"": ""Building Permit OTC"", ""confidence"": 0.6201550387596899, ""prediction_source"": ""cluster_majority"", ""passes_threshold"": true, ""candidate_status"": ""Accepted"", ""rejection_reason"": null, ""validation_record_status"": ""valid""}, {""row_index"": 1039, ""target_field"": ""permit_type"", ""algorithm"": ""knn"", ""predicted_value"": ""Building Permit OTC"", ""confidence"": 1.0, ""prediction_source"": ""nearest_neighbors"", ""passes_threshold"": true, ""candidate_status"": ""Accepted"", ""rejection_reason"": null, ""validation_record_status"": ""valid""}]",
1047,permit_type,Building Permit OTC,1,Building Permit OTC,0.5965166855177615,Accepted,majority_vote,clustering,"[""clustering"", ""grouped_majority"", ""knn""]",3,4,4,4,0.0,valid,True,"[{""row_index"": 1047, ""target_field"": ""permit_type"", ""algorithm"": ""grouped_majority"", ""predicted_value"": ""Building Permit OTC"", ""confidence"": 0.5693950177935944, ""prediction_source"": ""group_majority"", ""passes_threshold"": true, ""candidate_status"": ""Accepted"", ""rejection_reason"": null, ""validation_record_status"": ""valid""}, {""row_index"": 1047, ""target_field"": ""permit_type"", ""algorithm"": ""association_rules"", ""predicted_value"": ""Residential Building Report"", ""confidence"": 0.6292134831460675, ""prediction_source"": ""matched_rules"", ""passes_threshold"": true, ""candidate_status"": ""Accepted"", ""rejection_reason"": null, ""validation_record_status"": ""valid""}, {""row_index"": 1047, ""target_field"": ""permit_type"", ""algorithm"": ""clustering"", ""predicted_value"": ""Building Permit OTC"", ""confidence"": 0.6201550387596899, ""prediction_source"": ""cluster_majority"", ""passes_threshold"": true, ""candidate_status"": ""Accepted"", ""rejection_reason"": null, ""validation_record_status"": ""valid""}, {""row_index"": 1047, ""target_field"": ""permit_type"", ""algorithm"": ""knn"", ""predicted_value"": ""Building Permit OTC"", ""confidence"": 0.6, ""prediction_source"": ""nearest_neighbors"", ""passes_threshold"": true, ""candidate_status"": ""Accepted"", ""rejection_reason"": null, ""validation_record_status"": ""valid""}]",
1048,permit_type,Building Permit OTC,1,Building Permit OTC,0.5965166855177615,Accepted,majority_vote,clustering,"[""clustering"", ""grouped_majority"", ""knn""]",3,4,4,4,0.0,valid,True,"[{""row_index"": 1048, ""target_field"": ""permit_type"", ""algorithm"": ""grouped_majority"", ""predicted_value"": ""Building Permit OTC"", ""confidence"": 0.5693950177935944, ""prediction_source"": ""group_majority"", ""passes_threshold"": true, ""candidate_status"": ""Accepted"", ""rejection_reason"": null, ""validation_record_status"": ""valid""}, {""row_index"": 1048, ""target_field"": ""permit_type"", ""algorithm"": ""association_rules"", ""predicted_value"": ""Residential Building Report"", ""confidence"": 0.6292134831460675, ""prediction_source"": ""matched_rules"", ""passes_threshold"": true, ""candidate_status"": ""Accepted"", ""rejection_reason"": null, ""validation_record_status"": ""valid""}, {""row_index"": 1048, ""target_field"": ""permit_type"", ""algorithm"": ""clustering"", ""predicted_value"": ""Building Permit OTC"", ""confidence"": 0.6201550387596899, ""prediction_source"": ""cluster_majority"", ""passes_threshold"": true, ""candidate_status"": ""Accepted"", ""rejection_reason"": null, ""validation_record_status"": ""valid""}, {""row_index"": 1048, ""target_field"": ""permit_type"", ""algorithm"": ""knn"", ""predicted_value"": ""Building Permit OTC"", ""confidence"": 0.6, ""prediction_source"": ""nearest_neighbors"", ""passes_threshold"": true, ""candidate_status"": ""Accepted"", ""rejection_reason"": null, ""validation_record_status"": ""valid""}]",
1050,permit_type,Building Permit OTC,1,Building Permit OTC,0.836793198892843,Accepted,unanimous_vote,association_rules,"[""association_rules"", ""clustering"", ""grouped_majority"", ""knn""]",4,4,4,4,0.0,valid,True,"[{""row_index"": 1050, ""target_field"": ""permit_type"", ""algorithm"": ""grouped_majority"", ""predicted_value"": ""Building Permit OTC"", ""confidence"": 0.5693950177935944, ""prediction_source"": ""group_majority"", ""passes_threshold"": true, ""candidate_status"": ""Accepted"", ""rejection_reason"": null, ""validation_record_status"": ""valid""}, {""row_index"": 1050, ""target_field"": ""permit_type"", ""algorithm"": ""association_rules"", ""predicted_value"": ""Building Permit OTC"", ""confidence"": 1.0, ""prediction_source"": ""matched_rules"", ""passes_threshold"": true, ""candidate_status"": ""Accepted"", ""rejection_reason"": null, ""validation_record_status"": ""valid""}, {""row_index"": 1050, ""target_field"": ""permit_type"", ""algorithm"": ""clustering"", ""predicted_value"": ""Building Permit OTC"", ""confidence"": 0.7777777777777778, ""prediction_source"": ""cluster_majority"", ""passes_threshold"": true, ""candidate_status"": ""Accepted"", ""rejection_reason"": null, ""validation_record_status"": ""valid""}, {""row_index"": 1050, ""target_field"": ""permit_type"", ""algorithm"": ""knn"", ""predicted_value"": ""Building Permit OTC"", ""confidence"": 1.0, ""prediction_source"": ""nearest_neighbors"", ""passes_threshold"": true, ""candidate_status"": ""Accepted"", ""rejection_reason"": null, ""validation_record_status"": ""valid""}]",
1052,permit_type,Building Permit OTC,1,Building Permit OTC,0.7973875141383211,Accepted,unanimous_vote,association_rules,"[""association_rules"", ""clustering"", ""grouped_majority"", ""knn""]",4,4,4,4,0.0,valid,True,"[{""row_index"": 1052, ""target_field"": ""permit_type"", ""algorithm"": ""grouped_majority"", ""predicted_value"": ""Building Permit OTC"", ""confidence"": 0.5693950177935944, ""prediction_source"": ""group_majority"", ""passes_threshold"": true, ""candidate_status"": ""Accepted"", ""rejection_reason"": null, ""validation_record_status"": ""valid""}, {""row_index"": 1052, ""target_field"": ""permit_type"", ""algorithm"": ""association_rules"", ""predicted_value"": ""Building Permit OTC"", ""confidence"": 1.0, ""prediction_source"": ""matched_rules"", ""passes_threshold"": true, ""candidate_status"": ""Accepted"", ""rejection_reason"": null, ""validation_record_status"": ""valid""}, {""row_index"": 1052, ""target_field"": ""permit_type"", ""algorithm"": ""clustering"", ""predicted_value"": ""Building Permit OTC"", ""confidence"": 0.6201550387596899, ""prediction_source"": ""cluster_majority"", ""passes_threshold"": true, ""candidate_status"": ""Accepted"", ""rejection_reason"": null, ""validation_record_status"": ""valid""}, {""row_index"": 1052, ""target_field"": ""permit_type"", ""algorithm"": ""knn"", ""predicted_value"": ""Building Permit OTC"", ""confidence"": 1.0, ""prediction_source"": ""nearest_neighbors"", ""passes_threshold"": true, ""candidate_status"": ""Accepted"", ""rejection_reason"": null, ""validation_record_status"": ""valid""}]",
1054,permit_type,Building Permit OTC,1,Building Permit OTC,0.7423875141383209,Accepted,unanimous_vote,association_rules,"[""association_rules"", ""clustering"", ""grouped_majority"", ""knn""]",4,4,4,4,0.0,valid,True,"[{""row_index"": 1054, ""target_field"": ""permit_type"", ""algorithm"": ""grouped_majority"", ""predicted_value"": ""Building Permit OTC"", ""confidence"": 0.5693950177935944, ""prediction_source"": ""group_majority"", ""passes_threshold"": true, ""candidate_status"": ""Accepted"", ""rejection_reason"": null, ""validation_record_status"": ""valid""}, {""row_index"": 1054, ""target_field"": ""permit_type"", ""algorithm"": ""association_rules"", ""predicted_value"": ""Building Permit OTC"", ""confidence"": 0.98, ""prediction_source"": ""matched_rules"", ""passes_threshold"": true, ""candidate_status"": ""Accepted"", ""rejection_reason"": null, ""validation_record_status"": ""valid""}, {""row_index"": 1054, ""target_field"": ""permit_type"", ""algorithm"": ""clustering"", ""predicted_value"": ""Building Permit OTC"", ""confidence"": 0.6201550387596899, ""prediction_source"": ""cluster_majority"", ""passes_threshold"": true, ""candidate_status"": ""Accepted"", ""rejection_reason"": null, ""validation_record_status"": ""valid""}, {""row_index"": 1054, ""target_field"": ""permit_type"", ""algorithm"": ""knn"", ""predicted_value"": ""Building Permit OTC"", ""confidence"": 0.8, ""prediction_source"": ""nearest_neighbors"", ""passes_threshold"": true, ""candidate_status"": ""Accepted"", ""rejection_reason"": null, ""validation_record_status"": ""valid""}]",
1055,permit_type,Building Permit OTC,1,Building Permit OTC,0.6045367356430748,Accepted,majority_vote,association_rules,"[""association_rules"", ""clustering"", ""grouped_majority""]",3,4,4,4,0.0,valid,True,"[{""row_index"": 1055, ""target_field"": ""permit_type"", ""algorithm"": ""grouped_majority"", ""predicted_value"": ""Building Permit OTC"", ""confidence"": 0.5693950177935944, ""prediction_source"": ""group_majority"", ""passes_threshold"": true, ""candidate_status"": ""Accepted"", ""rejection_reason"": null, ""validation_record_status"": ""valid""}, {""row_index"": 1055, ""target_field"": ""permit_type"", ""algorithm"": ""association_rules"", ""predicted_value"": ""Building Permit OTC"", ""confidence"": 0.6240601503759399, ""prediction_source"": ""matched_rules"", ""passes_threshold"": true, ""candidate_status"": ""Accepted"", ""rejection_reason"": null, ""validation_record_status"": ""valid""}, {""row_index"": 1055, ""target_field"": ""permit_type"", ""algorithm"": ""clustering"", ""predicted_value"": ""Building Permit OTC"", ""confidence"": 0.6201550387596899, ""prediction_source"": ""cluster_majority"", ""passes_threshold"": true, ""candidate_status"": ""Accepted"", ""rejection_reason"": null, ""validation_record_status"": ""valid""}, {""row_index"": 1055, ""target_field"": ""permit_type"", ""algorithm"": ""knn"", ""predicted_value"": ""Building - In House Plan Check"", ""confidence"": 0.6, ""prediction_source"": ""nearest_neighbors"", ""passes_threshold"": true, ""candidate_status"": ""Accepted"", ""rejection_reason"": null, ""validation_record_status"": ""valid""}]",
1057,permit_type,Building Permit OTC,1,Building Permit OTC,0.7300223655595096,Accepted,unanimous_vote,association_rules,"[""association_rules"", ""clustering"", ""grouped_majority"", ""knn""]",4,4,4,4,0.0,valid,True,"[{""row_index"": 1057, ""target_field"": ""permit_type"", ""algorithm"": ""grouped_majority"", ""predicted_value"": ""Building Permit OTC"", ""confidence"": 0.5693950177935944, ""prediction_source"": ""group_majority"", ""passes_threshold"": true, ""candidate_status"": ""Accepted"", ""rejection_reason"": null, ""validation_record_status"": ""valid""}, {""row_index"": 1057, ""target_field"": ""permit_type"", ""algorithm"": ""association_rules"", ""predicted_value"": ""Building Permit OTC"", ""confidence"": 0.9062499999999999, ""prediction_source"": ""matched_rules"", ""passes_threshold"": true, ""candidate_status"": ""Accepted"", ""rejection_reason"": null, ""validation_record_status"": ""valid""}, {""row_index"": 1057, ""target_field"": ""permit_type"", ""algorithm"": ""clustering"", ""predicted_value"": ""Building Permit OTC"", ""confidence"": 0.7777777777777778, ""prediction_source"": ""cluster_majority"", ""passes_threshold"": true, ""candidate_status"": ""Accepted"", ""rejection_reason"": null, ""validation_record_status"": ""valid""}, {""row_index"": 1057, ""target_field"": ""permit_type"", ""algorithm"": ""knn"", ""predicted_value"": ""Building Permit OTC"", ""confidence"": 0.6666666666666666, ""prediction_source"": ""nearest_neighbors"", ""passes_threshold"": true, ""candidate_status"": ""Accepted"", ""rejection_reason"": null, ""validation_record_status"": ""valid""}]",
1059,permit_type,Building Permit OTC,1,Building Permit OTC,0.8129836750833193,Accepted,unanimous_vote,knn,"[""association_rules"", ""clustering"", ""grouped_majority"", ""knn""]",4,4,4,4,0.0,valid,True,"[{""row_index"": 1059, ""target_field"": ""permit_type"", ""algorithm"": ""grouped_majority"", ""predicted_value"": ""Building Permit OTC"", ""confidence"": 0.5693950177935944, ""prediction_source"": ""group_majority"", ""passes_threshold"": true, ""candidate_status"": ""Accepted"", ""rejection_reason"": null, ""validation_record_status"": ""valid""}, {""row_index"": 1059, ""target_field"": ""permit_type"", ""algorithm"": ""association_rules"", ""predicted_value"": ""Building Permit OTC"", ""confidence"": 0.9047619047619048, ""prediction_source"": ""matched_rules"", ""passes_threshold"": true, ""candidate_status"": ""Accepted"", ""rejection_reason"": null, ""validation_record_status"": ""valid""}, {""row_index"": 1059, ""target_field"": ""permit_type"", ""algorithm"": ""clustering"", ""predicted_value"": ""Building Permit OTC"", ""confidence"": 0.7777777777777778, ""prediction_source"": ""cluster_majority"", ""passes_threshold"": true, ""candidate_status"": ""Accepted"", ""rejection_reason"": null, ""validation_record_status"": ""valid""}, {""row_index"": 1059, ""target_field"": ""permit_type"", ""algorithm"": ""knn"", ""predicted_value"": ""Building Permit OTC"", ""confidence"": 1.0, ""prediction_source"": ""nearest_neighbors"", ""passes_threshold"": true, ""candidate_status"": ""Accepted"", ""rejection_reason"": null, ""validation_record_status"": ""valid""}]",
1061,permit_type,Building Permit OTC,1,Building Permit OTC,0.7423875141383209,Accepted,unanimous_vote,association_rules,"[""association_rules"", ""clustering"", ""grouped_majority"", ""knn""]",4,4,4,4,0.0,valid,True,"[{""row_index"": 1061, ""target_field"": ""permit_type"", ""algorithm"": ""grouped_majority"", ""predicted_value"": ""Building Permit OTC"", ""confidence"": 0.5693950177935944, ""prediction_source"": ""group_majority"", ""passes_threshold"": true, ""candidate_status"": ""Accepted"", ""rejection_reason"": null, ""validation_record_status"": ""valid""}, {""row_index"": 1061, ""target_field"": ""permit_type"", ""algorithm"": ""association_rules"", ""predicted_value"": ""Building Permit OTC"", ""confidence"": 0.98, ""prediction_source"": ""matched_rules"", ""passes_threshold"": true, ""candidate_status"": ""Accepted"", ""rejection_reason"": null, ""validation_record_status"": ""valid""}, {""row_index"": 1061, ""target_field"": ""permit_type"", ""algorithm"": ""clustering"", ""predicted_value"": ""Building Permit OTC"", ""confidence"": 0.6201550387596899, ""prediction_source"": ""cluster_majority"", ""passes_threshold"": true, ""candidate_status"": ""Accepted"", ""rejection_reason"": null, ""validation_record_status"": ""valid""}, {""row_index"": 1061, ""target_field"": ""permit_type"", ""algorithm"": ""knn"", ""predicted_value"": ""Building Permit OTC"", ""confidence"": 0.8, ""prediction_source"": ""nearest_neighbors"", ""passes_threshold"": true, ""candidate_status"": ""Accepted"", ""rejection_reason"": null, ""validation_record_status"": ""valid""}]",
1062,permit_type,Building Permit OTC,1,Building Permit OTC,0.836793198892843,Accepted,unanimous_vote,association_rules,"[""association_rules"", ""clustering"", ""grouped_majority"", ""knn""]",4,4,4,4,0.0,valid,True,"[{""row_index"": 1062, ""target_field"": ""permit_type"", ""algorithm"": ""grouped_majority"", ""predicted_value"": ""Building Permit OTC"", ""confidence"": 0.5693950177935944, ""prediction_source"": ""group_majority"", ""passes_threshold"": true, ""candidate_status"": ""Accepted"", ""rejection_reason"": null, ""validation_record_status"": ""valid""}, {""row_index"": 1062, ""target_field"": ""permit_type"", ""algorithm"": ""association_rules"", ""predicted_value"": ""Building Permit OTC"", ""confidence"": 1.0, ""prediction_source"": ""matched_rules"", ""passes_threshold"": true, ""candidate_status"": ""Accepted"", ""rejection_reason"": null, ""validation_record_status"": ""valid""}, {""row_index"": 1062, ""target_field"": ""permit_type"", ""algorithm"": ""clustering"", ""predicted_value"": ""Building Permit OTC"", ""confidence"": 0.7777777777777778, ""prediction_source"": ""cluster_majority"", ""passes_threshold"": true, ""candidate_status"": ""Accepted"", ""rejection_reason"": null, ""validation_record_status"": ""valid""}, {""row_index"": 1062, ""target_field"": ""permit_type"", ""algorithm"": ""knn"", ""predicted_value"": ""Building Permit OTC"", ""confidence"": 1.0, ""prediction_source"": ""nearest_neighbors"", ""passes_threshold"": true, ""candidate_status"": ""Accepted"", ""rejection_reason"": null, ""validation_record_status"": ""valid""}]",
1063,permit_type,Building Permit OTC,1,Building Permit OTC,0.7300223655595096,Accepted,unanimous_vote,association_rules,"[""association_rules"", ""clustering"", ""grouped_majority"", ""knn""]",4,4,4,4,0.0,valid,True,"[{""row_index"": 1063, ""target_field"": ""permit_type"", ""algorithm"": ""grouped_majority"", ""predicted_value"": ""Building Permit OTC"", ""confidence"": 0.5693950177935944, ""prediction_source"": ""group_majority"", ""passes_threshold"": true, ""candidate_status"": ""Accepted"", ""rejection_reason"": null, ""validation_record_status"": ""valid""}, {""row_index"": 1063, ""target_field"": ""permit_type"", ""algorithm"": ""association_rules"", ""predicted_value"": ""Building Permit OTC"", ""confidence"": 0.9062499999999999, ""prediction_source"": ""matched_rules"", ""passes_threshold"": true, ""candidate_status"": ""Accepted"", ""rejection_reason"": null, ""validation_record_status"": ""valid""}, {""row_index"": 1063, ""target_field"": ""permit_type"", ""algorithm"": ""clustering"", ""predicted_value"": ""Building Permit OTC"", ""confidence"": 0.7777777777777778, ""prediction_source"": ""cluster_majority"", ""passes_threshold"": true, ""candidate_status"": ""Accepted"", ""rejection_reason"": null, ""validation_record_status"": ""valid""}, {""row_index"": 1063, ""target_field"": ""permit_type"", ""algorithm"": ""knn"", ""predicted_value"": ""Building Permit OTC"", ""confidence"": 0.6666666666666666, ""prediction_source"": ""nearest_neighbors"", ""passes_threshold"": true, ""candidate_status"": ""Accepted"", ""rejection_reason"": null, ""validation_record_status"": ""valid""}]",
1066,permit_type,Electrical OTC,1,Electrical OTC,0.9891304347826086,Accepted,unanimous_vote,association_rules,"[""association_rules"", ""clustering"", ""grouped_majority"", ""knn""]",4,4,4,4,0.0,valid,True,"[{""row_index"": 1066, ""target_field"": ""permit_type"", ""algorithm"": ""grouped_majority"", ""predicted_value"": ""Electrical OTC"", ""confidence"": 0.9565217391304348, ""prediction_source"": ""group_majority"", ""passes_threshold"": true, ""candidate_status"": ""Accepted"", ""rejection_reason"": null, ""validation_record_status"": ""valid""}, {""row_index"": 1066, ""target_field"": ""permit_type"", ""algorithm"": ""association_rules"", ""predicted_value"": ""Electrical OTC"", ""confidence"": 1.0, ""prediction_source"": ""matched_rules"", ""passes_threshold"": true, ""candidate_status"": ""Accepted"", ""rejection_reason"": null, ""validation_record_status"": ""valid""}, {""row_index"": 1066, ""target_field"": ""permit_type"", ""algorithm"": ""clustering"", ""predicted_value"": ""Electrical OTC"", ""confidence"": 1.0, ""prediction_source"": ""cluster_majority"", ""passes_threshold"": true, ""candidate_status"": ""Accepted"", ""rejection_reason"": null, ""validation_record_status"": ""valid""}, {""row_index"": 1066, ""target_field"": ""permit_type"", ""algorithm"": ""knn"", ""predicted_value"": ""Electrical OTC"", ""confidence"": 1.0, ""prediction_source"": ""nearest_neighbors"", ""passes_threshold"": true, ""candidate_status"": ""Accepted"", ""rejection_reason"": null, ""validation_record_status"": ""valid""}]",
1067,permit_type,Electrical OTC,1,Electrical OTC,0.9966666666666667,Accepted,unanimous_vote,association_rules,"[""association_rules"", ""clustering"", ""grouped_majority"", ""knn""]",4,4,4,4,0.0,valid,True,"[{""row_index"": 1067, ""target_field"": ""permit_type"", ""algorithm"": ""grouped_majority"", ""predicted_value"": ""Electrical OTC"", ""confidence"": 0.9866666666666667, ""prediction_source"": ""group_majority"", ""passes_threshold"": true, ""candidate_status"": ""Accepted"", ""rejection_reason"": null, ""validation_record_status"": ""valid""}, {""row_index"": 1067, ""target_field"": ""permit_type"", ""algorithm"": ""association_rules"", ""predicted_value"": ""Electrical OTC"", ""confidence"": 1.0, ""prediction_source"": ""matched_rules"", ""passes_threshold"": true, ""candidate_status"": ""Accepted"", ""rejection_reason"": null, ""validation_record_status"": ""valid""}, {""row_index"": 1067, ""target_field"": ""permit_type"", ""algorithm"": ""clustering"", ""predicted_value"": ""Electrical OTC"", ""confidence"": 1.0, ""prediction_source"": ""cluster_majority"", ""passes_threshold"": true, ""candidate_status"": ""Accepted"", ""rejection_reason"": null, ""validation_record_status"": ""valid""}, {""row_index"": 1067, ""target_field"": ""permit_type"", ""algorithm"": ""knn"", ""predicted_value"": ""Electrical OTC"", ""confidence"": 1.0, ""prediction_source"": ""nearest_neighbors"", ""passes_threshold"": true, ""candidate_status"": ""Accepted"", ""rejection_reason"": null, ""validation_record_status"": ""valid""}]",
1069,permit_type,Electrical OTC,1,Electrical OTC,0.9966666666666667,Accepted,unanimous_vote,association_rules,"[""association_rules"", ""clustering"", ""grouped_majority"", ""knn""]",4,4,4,4,0.0,valid,True,"[{""row_index"": 1069, ""target_field"": ""permit_type"", ""algorithm"": ""grouped_majority"", ""predicted_value"": ""Electrical OTC"", ""confidence"": 0.9866666666666667, ""prediction_source"": ""group_majority"", ""passes_threshold"": true, ""candidate_status"": ""Accepted"", ""rejection_reason"": null, ""validation_record_status"": ""valid""}, {""row_index"": 1069, ""target_field"": ""permit_type"", ""algorithm"": ""association_rules"", ""predicted_value"": ""Electrical OTC"", ""confidence"": 1.0, ""prediction_source"": ""matched_rules"", ""passes_threshold"": true, ""candidate_status"": ""Accepted"", ""rejection_reason"": null, ""validation_record_status"": ""valid""}, {""row_index"": 1069, ""target_field"": ""permit_type"", ""algorithm"": ""clustering"", ""predicted_value"": ""Electrical OTC"", ""confidence"": 1.0, ""prediction_source"": ""cluster_majority"", ""passes_threshold"": true, ""candidate_status"": ""Accepted"", ""rejection_reason"": null, ""validation_record_status"": ""valid""}, {""row_index"": 1069, ""target_field"": ""permit_type"", ""algorithm"": ""knn"", ""predicted_value"": ""Electrical OTC"", ""confidence"": 1.0, ""prediction_source"": ""nearest_neighbors"", ""passes_threshold"": true, ""candidate_status"": ""Accepted"", ""rejection_reason"": null, ""validation_record_status"": ""valid""}]",
1073,permit_type,Electrical OTC,1,Electrical OTC,0.9966666666666667,Accepted,unanimous_vote,association_rules,"[""association_rules"", ""clustering"", ""grouped_majority"", ""knn""]",4,4,4,4,0.0,valid,True,"[{""row_index"": 1073, ""target_field"": ""permit_type"", ""algorithm"": ""grouped_majority"", ""predicted_value"": ""Electrical OTC"", ""confidence"": 0.9866666666666667, ""prediction_source"": ""group_majority"", ""passes_threshold"": true, ""candidate_status"": ""Accepted"", ""rejection_reason"": null, ""validation_record_status"": ""valid""}, {""row_index"": 1073, ""target_field"": ""permit_type"", ""algorithm"": ""association_rules"", ""predicted_value"": ""Electrical OTC"", ""confidence"": 1.0, ""prediction_source"": ""matched_rules"", ""passes_threshold"": true, ""candidate_status"": ""Accepted"", ""rejection_reason"": null, ""validation_record_status"": ""valid""}, {""row_index"": 1073, ""target_field"": ""permit_type"", ""algorithm"": ""clustering"", ""predicted_value"": ""Electrical OTC"", ""confidence"": 1.0, ""prediction_source"": ""cluster_majority"", ""passes_threshold"": true, ""candidate_status"": ""Accepted"", ""rejection_reason"": null, ""validation_record_status"": ""valid""}, {""row_index"": 1073, ""target_field"": ""permit_type"", ""algorithm"": ""knn"", ""predicted_value"": ""Electrical OTC"", ""confidence"": 1.0, ""prediction_source"": ""nearest_neighbors"", ""passes_threshold"": true, ""candidate_status"": ""Accepted"", ""rejection_reason"": null, ""validation_record_status"": ""valid""}]",
1074,permit_type,Electrical OTC,1,Electrical OTC,0.9891304347826086,Accepted,unanimous_vote,association_rules,"[""association_rules"", ""clustering"", ""grouped_majority"", ""knn""]",4,4,4,4,0.0,valid,True,"[{""row_index"": 1074, ""target_field"": ""permit_type"", ""algorithm"": ""grouped_majority"", ""predicted_value"": ""Electrical OTC"", ""confidence"": 0.9565217391304348, ""prediction_source"": ""group_majority"", ""passes_threshold"": true, ""candidate_status"": ""Accepted"", ""rejection_reason"": null, ""validation_record_status"": ""valid""}, {""row_index"": 1074, ""target_field"": ""permit_type"", ""algorithm"": ""association_rules"", ""predicted_value"": ""Electrical OTC"", ""confidence"": 1.0, ""prediction_source"": ""matched_rules"", ""passes_threshold"": true, ""candidate_status"": ""Accepted"", ""rejection_reason"": null, ""validation_record_status"": ""valid""}, {""row_index"": 1074, ""target_field"": ""permit_type"", ""algorithm"": ""clustering"", ""predicted_value"": ""Electrical OTC"", ""confidence"": 1.0, ""prediction_source"": ""cluster_majority"", ""passes_threshold"": true, ""candidate_status"": ""Accepted"", ""rejection_reason"": null, ""validation_record_status"": ""valid""}, {""row_index"": 1074, ""target_field"": ""permit_type"", ""algorithm"": ""knn"", ""predicted_value"": ""Electrical OTC"", ""confidence"": 1.0, ""prediction_source"": ""nearest_neighbors"", ""passes_threshold"": true, ""candidate_status"": ""Accepted"", ""rejection_reason"": null, ""validation_record_status"": ""valid""}]",
1075,permit_type,Electrical OTC,1,,0.8857815126050421,Requires Review,average_confidence_tiebreak,association_rules,"[""association_rules"", ""clustering""]",2,4,4,4,0.0,valid,False,"[{""row_index"": 1075, ""target_field"": ""permit_type"", ""algorithm"": ""grouped_majority"", ""predicted_value"": ""Electrical OTC"", ""confidence"": 0.9565217391304348, ""prediction_source"": ""group_majority"", ""passes_threshold"": true, ""candidate_status"": ""Accepted"", ""rejection_reason"": null, ""validation_record_status"": ""valid""}, {""row_index"": 1075, ""target_field"": ""permit_type"", ""algorithm"": ""association_rules"", ""predicted_value"": ""Residential Building Report"", ""confidence"": 0.9075630252100841, ""prediction_source"": ""matched_rules"", ""passes_threshold"": true, ""candidate_status"": ""Accepted"", ""rejection_reason"": null, ""validation_record_status"": ""valid""}, {""row_index"": 1075, ""target_field"": ""permit_type"", ""algorithm"": ""clustering"", ""predicted_value"": ""Residential Building Report"", ""confidence"": 0.864, ""prediction_source"": ""cluster_majority"", ""passes_threshold"": true, ""candidate_status"": ""Accepted"", ""rejection_reason"": null, ""validation_record_status"": ""valid""}, {""row_index"": 1075, ""target_field"": ""permit_type"", ""algorithm"": ""knn"", ""predicted_value"": ""Electrical OTC"", ""confidence"": 0.75, ""prediction_source"": ""nearest_neighbors"", ""passes_threshold"": true, ""candidate_status"": ""Accepted"", ""rejection_reason"": null, ""validation_record_status"": ""valid""}]",
1077,permit_type,Electrical OTC,1,Electrical OTC,0.9966666666666667,Accepted,unanimous_vote,association_rules,"[""association_rules"", ""clustering"", ""grouped_majority"", ""knn""]",4,4,4,4,0.0,valid,True,"[{""row_index"": 1077, ""target_field"": ""permit_type"", ""algorithm"": ""grouped_majority"", ""predicted_value"": ""Electrical OTC"", ""confidence"": 0.9866666666666667, ""prediction_source"": ""group_majority"", ""passes_threshold"": true, ""candidate_status"": ""Accepted"", ""rejection_reason"": null, ""validation_record_status"": ""valid""}, {""row_index"": 1077, ""target_field"": ""permit_type"", ""algorithm"": ""association_rules"", ""predicted_value"": ""Electrical OTC"", ""confidence"": 1.0, ""prediction_source"": ""matched_rules"", ""passes_threshold"": true, ""candidate_status"": ""Accepted"", ""rejection_reason"": null, ""validation_record_status"": ""valid""}, {""row_index"": 1077, ""target_field"": ""permit_type"", ""algorithm"": ""clustering"", ""predicted_value"": ""Electrical OTC"", ""confidence"": 1.0, ""prediction_source"": ""cluster_majority"", ""passes_threshold"": true, ""candidate_status"": ""Accepted"", ""rejection_reason"": null, ""validation_record_status"": ""valid""}, {""row_index"": 1077, ""target_field"": ""permit_type"", ""algorithm"": ""knn"", ""predicted_value"": ""Electrical OTC"", ""confidence"": 1.0, ""prediction_source"": ""nearest_neighbors"", ""passes_threshold"": true, ""candidate_status"": ""Accepted"", ""rejection_reason"": null, ""validation_record_status"": ""valid""}]",
1078,permit_type,Electrical OTC,1,Electrical OTC,0.8748717948717949,Accepted,unanimous_vote,association_rules,"[""association_rules"", ""clustering"", ""grouped_majority"", ""knn""]",4,4,4,4,0.0,valid,True,"[{""row_index"": 1078, ""target_field"": ""permit_type"", ""algorithm"": ""grouped_majority"", ""predicted_value"": ""Electrical OTC"", ""confidence"": 0.9866666666666667, ""prediction_source"": ""group_majority"", ""passes_threshold"": true, ""candidate_status"": ""Accepted"", ""rejection_reason"": null, ""validation_record_status"": ""valid""}, {""row_index"": 1078, ""target_field"": ""permit_type"", ""algorithm"": ""association_rules"", ""predicted_value"": ""Electrical OTC"", ""confidence"": 1.0, ""prediction_source"": ""matched_rules"", ""passes_threshold"": true, ""candidate_status"": ""Accepted"", ""rejection_reason"": null, ""validation_record_status"": ""valid""}, {""row_index"": 1078, ""target_field"": ""permit_type"", ""algorithm"": ""clustering"", ""predicted_value"": ""Electrical OTC"", ""confidence"": 0.5128205128205128, ""prediction_source"": ""cluster_majority"", ""passes_threshold"": true, ""candidate_status"": ""Accepted"", ""rejection_reason"": null, ""validation_record_status"": ""valid""}, {""row_index"": 1078, ""target_field"": ""permit_type"", ""algorithm"": ""knn"", ""predicted_value"": ""Electrical OTC"", ""confidence"": 1.0, ""prediction_source"": ""nearest_neighbors"", ""passes_threshold"": true, ""candidate_status"": ""Accepted"", ""rejection_reason"": null, ""validation_record_status"": ""valid""}]",
1079,permit_type,Mechanical OTC,1,Mechanical OTC,0.9916451351486464,Accepted,unanimous_vote,knn,"[""association_rules"", ""clustering"", ""grouped_majority"", ""knn""]",4,4,4,4,0.0,valid,True,"[{""row_index"": 1079, ""target_field"": ""permit_type"", ""algorithm"": ""grouped_majority"", ""predicted_value"": ""Mechanical OTC"", ""confidence"": 0.9900990099009901, ""prediction_source"": ""group_majority"", ""passes_threshold"": true, ""candidate_status"": ""Accepted"", ""rejection_reason"": null, ""validation_record_status"": ""valid""}, {""row_index"": 1079, ""target_field"": ""permit_type"", ""algorithm"": ""association_rules"", ""predicted_value"": ""Mechanical OTC"", ""confidence"": 0.9905660377358491, ""prediction_source"": ""matched_rules"", ""passes_threshold"": true, ""candidate_status"": ""Accepted"", ""rejection_reason"": null, ""validation_record_status"": ""valid""}, {""row_index"": 1079, ""target_field"": ""permit_type"", ""algorithm"": ""clustering"", ""predicted_value"": ""Mechanical OTC"", ""confidence"": 0.9859154929577465, ""prediction_source"": ""cluster_majority"", ""passes_threshold"": true, ""candidate_status"": ""Accepted"", ""rejection_reason"": null, ""validation_record_status"": ""valid""}, {""row_index"": 1079, ""target_field"": ""permit_type"", ""algorithm"": ""knn"", ""predicted_value"": ""Mechanical OTC"", ""confidence"": 1.0, ""prediction_source"": ""nearest_neighbors"", ""passes_threshold"": true, ""candidate_status"": ""Accepted"", ""rejection_reason"": null, ""validation_record_status"": ""valid""}]",
1081,permit_type,Mechanical OTC,1,Mechanical OTC,0.9940036257146841,Accepted,unanimous_vote,association_rules,"[""association_rules"", ""clustering"", ""grouped_majority"", ""knn""]",4,4,4,4,0.0,valid,True,"[{""row_index"": 1081, ""target_field"": ""permit_type"", ""algorithm"": ""grouped_majority"", ""predicted_value"": ""Mechanical OTC"", ""confidence"": 0.9900990099009901, ""prediction_source"": ""group_majority"", ""passes_threshold"": true, ""candidate_status"": ""Accepted"", ""rejection_reason"": null, ""validation_record_status"": ""valid""}, {""row_index"": 1081, ""target_field"": ""permit_type"", ""algorithm"": ""association_rules"", ""predicted_value"": ""Mechanical OTC"", ""confidence"": 1.0, ""prediction_source"": ""matched_rules"", ""passes_threshold"": true, ""candidate_status"": ""Accepted"", ""rejection_reason"": null, ""validation_record_status"": ""valid""}, {""row_index"": 1081, ""target_field"": ""permit_type"", ""algorithm"": ""clustering"", ""predicted_value"": ""Mechanical OTC"", ""confidence"": 0.9859154929577465, ""prediction_source"": ""cluster_majority"", ""passes_threshold"": true, ""candidate_status"": ""Accepted"", ""rejection_reason"": null, ""validation_record_status"": ""valid""}, {""row_index"": 1081, ""target_field"": ""permit_type"", ""algorithm"": ""knn"", ""predicted_value"": ""Mechanical OTC"", ""confidence"": 1.0, ""prediction_source"": ""nearest_neighbors"", ""passes_threshold"": true, ""candidate_status"": ""Accepted"", ""rejection_reason"": null, ""validation_record_status"": ""valid""}]",
1084,permit_type,Mechanical OTC,1,Mechanical OTC,0.9964788732394366,Accepted,unanimous_vote,association_rules,"[""association_rules"", ""clustering"", ""grouped_majority"", ""knn""]",4,4,4,4,0.0,valid,True,"[{""row_index"": 1084, ""target_field"": ""permit_type"", ""algorithm"": ""grouped_majority"", ""predicted_value"": ""Mechanical OTC"", ""confidence"": 1.0, ""prediction_source"": ""group_majority"", ""passes_threshold"": true, ""candidate_status"": ""Accepted"", ""rejection_reason"": null, ""validation_record_status"": ""valid""}, {""row_index"": 1084, ""target_field"": ""permit_type"", ""algorithm"": ""association_rules"", ""predicted_value"": ""Mechanical OTC"", ""confidence"": 1.0, ""prediction_source"": ""matched_rules"", ""passes_threshold"": true, ""candidate_status"": ""Accepted"", ""rejection_reason"": null, ""validation_record_status"": ""valid""}, {""row_index"": 1084, ""target_field"": ""permit_type"", ""algorithm"": ""clustering"", ""predicted_value"": ""Mechanical OTC"", ""confidence"": 0.9859154929577465, ""prediction_source"": ""cluster_majority"", ""passes_threshold"": true, ""candidate_status"": ""Accepted"", ""rejection_reason"": null, ""validation_record_status"": ""valid""}, {""row_index"": 1084, ""target_field"": ""permit_type"", ""algorithm"": ""knn"", ""predicted_value"": ""Mechanical OTC"", ""confidence"": 1.0, ""prediction_source"": ""nearest_neighbors"", ""passes_threshold"": true, ""candidate_status"": ""Accepted"", ""rejection_reason"": null, ""validation_record_status"": ""valid""}]",
1089,permit_type,Plumbing OTC,1,Plumbing OTC,0.997093023255814,Accepted,unanimous_vote,association_rules,"[""association_rules"", ""clustering"", ""grouped_majority"", ""knn""]",4,4,4,4,0.0,valid,True,"[{""row_index"": 1089, ""target_field"": ""permit_type"", ""algorithm"": ""grouped_majority"", ""predicted_value"": ""Plumbing OTC"", ""confidence"": 0.9883720930232558, ""prediction_source"": ""group_majority"", ""passes_threshold"": true, ""candidate_status"": ""Accepted"", ""rejection_reason"": null, ""validation_record_status"": ""valid""}, {""row_index"": 1089, ""target_field"": ""permit_type"", ""algorithm"": ""association_rules"", ""predicted_value"": ""Plumbing OTC"", ""confidence"": 1.0, ""prediction_source"": ""matched_rules"", ""passes_threshold"": true, ""candidate_status"": ""Accepted"", ""rejection_reason"": null, ""validation_record_status"": ""valid""}, {""row_index"": 1089, ""target_field"": ""permit_type"", ""algorithm"": ""clustering"", ""predicted_value"": ""Plumbing OTC"", ""confidence"": 1.0, ""prediction_source"": ""cluster_majority"", ""passes_threshold"": true, ""candidate_status"": ""Accepted"", ""rejection_reason"": null, ""validation_record_status"": ""valid""}, {""row_index"": 1089, ""target_field"": ""permit_type"", ""algorithm"": ""knn"", ""predicted_value"": ""Plumbing OTC"", ""confidence"": 1.0, ""prediction_source"": ""nearest_neighbors"", ""passes_threshold"": true, ""candidate_status"": ""Accepted"", ""rejection_reason"": null, ""validation_record_status"": ""valid""}]",
1093,permit_type,Plumbing OTC,1,Plumbing OTC,0.997093023255814,Accepted,unanimous_vote,association_rules,"[""association_rules"", ""clustering"", ""grouped_majority"", ""knn""]",4,4,4,4,0.0,valid,True,"[{""row_index"": 1093, ""target_field"": ""permit_type"", ""algorithm"": ""grouped_majority"", ""predicted_value"": ""Plumbing OTC"", ""confidence"": 0.9883720930232558, ""prediction_source"": ""group_majority"", ""passes_threshold"": true, ""candidate_status"": ""Accepted"", ""rejection_reason"": null, ""validation_record_status"": ""valid""}, {""row_index"": 1093, ""target_field"": ""permit_type"", ""algorithm"": ""association_rules"", ""predicted_value"": ""Plumbing OTC"", ""confidence"": 1.0, ""prediction_source"": ""matched_rules"", ""passes_threshold"": true, ""candidate_status"": ""Accepted"", ""rejection_reason"": null, ""validation_record_status"": ""valid""}, {""row_index"": 1093, ""target_field"": ""permit_type"", ""algorithm"": ""clustering"", ""predicted_value"": ""Plumbing OTC"", ""confidence"": 1.0, ""prediction_source"": ""cluster_majority"", ""passes_threshold"": true, ""candidate_status"": ""Accepted"", ""rejection_reason"": null, ""validation_record_status"": ""valid""}, {""row_index"": 1093, ""target_field"": ""permit_type"", ""algorithm"": ""knn"", ""predicted_value"": ""Plumbing OTC"", ""confidence"": 1.0, ""prediction_source"": ""nearest_neighbors"", ""passes_threshold"": true, ""candidate_status"": ""Accepted"", ""rejection_reason"": null, ""validation_record_status"": ""valid""}]",
1094,permit_type,Plumbing OTC,1,Plumbing OTC,0.997093023255814,Accepted,unanimous_vote,association_rules,"[""association_rules"", ""clustering"", ""grouped_majority"", ""knn""]",4,4,4,4,0.0,valid,True,"[{""row_index"": 1094, ""target_field"": ""permit_type"", ""algorithm"": ""grouped_majority"", ""predicted_value"": ""Plumbing OTC"", ""confidence"": 0.9883720930232558, ""prediction_source"": ""group_majority"", ""passes_threshold"": true, ""candidate_status"": ""Accepted"", ""rejection_reason"": null, ""validation_record_status"": ""valid""}, {""row_index"": 1094, ""target_field"": ""permit_type"", ""algorithm"": ""association_rules"", ""predicted_value"": ""Plumbing OTC"", ""confidence"": 1.0, ""prediction_source"": ""matched_rules"", ""passes_threshold"": true, ""candidate_status"": ""Accepted"", ""rejection_reason"": null, ""validation_record_status"": ""valid""}, {""row_index"": 1094, ""target_field"": ""permit_type"", ""algorithm"": ""clustering"", ""predicted_value"": ""Plumbing OTC"", ""confidence"": 1.0, ""prediction_source"": ""cluster_majority"", ""passes_threshold"": true, ""candidate_status"": ""Accepted"", ""rejection_reason"": null, ""validation_record_status"": ""valid""}, {""row_index"": 1094, ""target_field"": ""permit_type"", ""algorithm"": ""knn"", ""predicted_value"": ""Plumbing OTC"", ""confidence"": 1.0, ""prediction_source"": ""nearest_neighbors"", ""passes_threshold"": true, ""candidate_status"": ""Accepted"", ""rejection_reason"": null, ""validation_record_status"": ""valid""}]",
1098,permit_type,Plumbing OTC,1,Plumbing OTC,0.9260560037968677,Accepted,majority_vote,association_rules,"[""association_rules"", ""grouped_majority"", ""knn""]",3,4,4,4,0.0,valid,True,"[{""row_index"": 1098, ""target_field"": ""permit_type"", ""algorithm"": ""grouped_majority"", ""predicted_value"": ""Plumbing OTC"", ""confidence"": 0.9883720930232558, ""prediction_source"": ""group_majority"", ""passes_threshold"": true, ""candidate_status"": ""Accepted"", ""rejection_reason"": null, ""validation_record_status"": ""valid""}, {""row_index"": 1098, ""target_field"": ""permit_type"", ""algorithm"": ""association_rules"", ""predicted_value"": ""Plumbing OTC"", ""confidence"": 0.9897959183673469, ""prediction_source"": ""matched_rules"", ""passes_threshold"": true, ""candidate_status"": ""Accepted"", ""rejection_reason"": null, ""validation_record_status"": ""valid""}, {""row_index"": 1098, ""target_field"": ""permit_type"", ""algorithm"": ""clustering"", ""predicted_value"": ""Electrical OTC"", ""confidence"": 0.5128205128205128, ""prediction_source"": ""cluster_majority"", ""passes_threshold"": true, ""candidate_status"": ""Accepted"", ""rejection_reason"": null, ""validation_record_status"": ""valid""}, {""row_index"": 1098, ""target_field"": ""permit_type"", ""algorithm"": ""knn"", ""predicted_value"": ""Plumbing OTC"", ""confidence"": 0.8, ""prediction_source"": ""nearest_neighbors"", ""passes_threshold"": true, ""candidate_status"": ""Accepted"", ""rejection_reason"": null, ""validation_record_status"": ""valid""}]",
1105,permit_type,Residential Building Report,1,Residential Building Report,0.9637064220183487,Accepted,unanimous_vote,association_rules,"[""association_rules"", ""clustering"", ""grouped_majority"", ""knn""]",4,4,4,4,0.0,valid,True,"[{""row_index"": 1105, ""target_field"": ""permit_type"", ""algorithm"": ""grouped_majority"", ""predicted_value"": ""Residential Building Report"", ""confidence"": 0.9908256880733946, ""prediction_source"": ""group_majority"", ""passes_threshold"": true, ""candidate_status"": ""Accepted"", ""rejection_reason"": null, ""validation_record_status"": ""valid""}, {""row_index"": 1105, ""target_field"": ""permit_type"", ""algorithm"": ""association_rules"", ""predicted_value"": ""Residential Building Report"", ""confidence"": 1.0, ""prediction_source"": ""matched_rules"", ""passes_threshold"": true, ""candidate_status"": ""Accepted"", ""rejection_reason"": null, ""validation_record_status"": ""valid""}, {""row_index"": 1105, ""target_field"": ""permit_type"", ""algorithm"": ""clustering"", ""predicted_value"": ""Residential Building Report"", ""confidence"": 0.864, ""prediction_source"": ""cluster_majority"", ""passes_threshold"": true, ""candidate_status"": ""Accepted"", ""rejection_reason"": null, ""validation_record_status"": ""valid""}, {""row_index"": 1105, ""target_field"": ""permit_type"", ""algorithm"": ""knn"", ""predicted_value"": ""Residential Building Report"", ""confidence"": 1.0, ""prediction_source"": ""nearest_neighbors"", ""passes_threshold"": true, ""candidate_status"": ""Accepted"", ""rejection_reason"": null, ""validation_record_status"": ""valid""}]",
1108,permit_type,Residential Building Report,1,Residential Building Report,0.9637064220183487,Accepted,unanimous_vote,association_rules,"[""association_rules"", ""clustering"", ""grouped_majority"", ""knn""]",4,4,4,4,0.0,valid,True,"[{""row_index"": 1108, ""target_field"": ""permit_type"", ""algorithm"": ""grouped_majority"", ""predicted_value"": ""Residential Building Report"", ""confidence"": 0.9908256880733946, ""prediction_source"": ""group_majority"", ""passes_threshold"": true, ""candidate_status"": ""Accepted"", ""rejection_reason"": null, ""validation_record_status"": ""valid""}, {""row_index"": 1108, ""target_field"": ""permit_type"", ""algorithm"": ""association_rules"", ""predicted_value"": ""Residential Building Report"", ""confidence"": 1.0, ""prediction_source"": ""matched_rules"", ""passes_threshold"": true, ""candidate_status"": ""Accepted"", ""rejection_reason"": null, ""validation_record_status"": ""valid""}, {""row_index"": 1108, ""target_field"": ""permit_type"", ""algorithm"": ""clustering"", ""predicted_value"": ""Residential Building Report"", ""confidence"": 0.864, ""prediction_source"": ""cluster_majority"", ""passes_threshold"": true, ""candidate_status"": ""Accepted"", ""rejection_reason"": null, ""validation_record_status"": ""valid""}, {""row_index"": 1108, ""target_field"": ""permit_type"", ""algorithm"": ""knn"", ""predicted_value"": ""Residential Building Report"", ""confidence"": 1.0, ""prediction_source"": ""nearest_neighbors"", ""passes_threshold"": true, ""candidate_status"": ""Accepted"", ""rejection_reason"": null, ""validation_record_status"": ""valid""}]",
1111,permit_type,Residential Building Report,1,Residential Building Report,0.9637064220183487,Accepted,unanimous_vote,association_rules,"[""association_rules"", ""clustering"", ""grouped_majority"", ""knn""]",4,4,4,4,0.0,valid,True,"[{""row_index"": 1111, ""target_field"": ""permit_type"", ""algorithm"": ""grouped_majority"", ""predicted_value"": ""Residential Building Report"", ""confidence"": 0.9908256880733946, ""prediction_source"": ""group_majority"", ""passes_threshold"": true, ""candidate_status"": ""Accepted"", ""rejection_reason"": null, ""validation_record_status"": ""valid""}, {""row_index"": 1111, ""target_field"": ""permit_type"", ""algorithm"": ""association_rules"", ""predicted_value"": ""Residential Building Report"", ""confidence"": 1.0, ""prediction_source"": ""matched_rules"", ""passes_threshold"": true, ""candidate_status"": ""Accepted"", ""rejection_reason"": null, ""validation_record_status"": ""valid""}, {""row_index"": 1111, ""target_field"": ""permit_type"", ""algorithm"": ""clustering"", ""predicted_value"": ""Residential Building Report"", ""confidence"": 0.864, ""prediction_source"": ""cluster_majority"", ""passes_threshold"": true, ""candidate_status"": ""Accepted"", ""rejection_reason"": null, ""validation_record_status"": ""valid""}, {""row_index"": 1111, ""target_field"": ""permit_type"", ""algorithm"": ""knn"", ""predicted_value"": ""Residential Building Report"", ""confidence"": 1.0, ""prediction_source"": ""nearest_neighbors"", ""passes_threshold"": true, ""candidate_status"": ""Accepted"", ""rejection_reason"": null, ""validation_record_status"": ""valid""}]",
1114,permit_type,Solar Permit,1,Building Permit OTC,0.7508758862313443,Accepted,unanimous_vote,knn,"[""association_rules"", ""clustering"", ""grouped_majority"", ""knn""]",4,4,4,4,0.0,valid,True,"[{""row_index"": 1114, ""target_field"": ""permit_type"", ""algorithm"": ""grouped_majority"", ""predicted_value"": ""Building Permit OTC"", ""confidence"": 0.5693950177935944, ""prediction_source"": ""group_majority"", ""passes_threshold"": true, ""candidate_status"": ""Accepted"", ""rejection_reason"": null, ""validation_record_status"": ""valid""}, {""row_index"": 1114, ""target_field"": ""permit_type"", ""algorithm"": ""association_rules"", ""predicted_value"": ""Building Permit OTC"", ""confidence"": 0.8139534883720931, ""prediction_source"": ""matched_rules"", ""passes_threshold"": true, ""candidate_status"": ""Accepted"", ""rejection_reason"": null, ""validation_record_status"": ""valid""}, {""row_index"": 1114, ""target_field"": ""permit_type"", ""algorithm"": ""clustering"", ""predicted_value"": ""Building Permit OTC"", ""confidence"": 0.6201550387596899, ""prediction_source"": ""cluster_majority"", ""passes_threshold"": true, ""candidate_status"": ""Accepted"", ""rejection_reason"": null, ""validation_record_status"": ""valid""}, {""row_index"": 1114, ""target_field"": ""permit_type"", ""algorithm"": ""knn"", ""predicted_value"": ""Building Permit OTC"", ""confidence"": 1.0, ""prediction_source"": ""nearest_neighbors"", ""passes_threshold"": true, ""candidate_status"": ""Accepted"", ""rejection_reason"": null, ""validation_record_status"": ""valid""}]",
1116,permit_type,Solar Permit,1,Building Permit OTC,0.7508758862313443,Accepted,unanimous_vote,knn,"[""association_rules"", ""clustering"", ""grouped_majority"", ""knn""]",4,4,4,4,0.0,valid,True,"[{""row_index"": 1116, ""target_field"": ""permit_type"", ""algorithm"": ""grouped_majority"", ""predicted_value"": ""Building Permit OTC"", ""confidence"": 0.5693950177935944, ""prediction_source"": ""group_majority"", ""passes_threshold"": true, ""candidate_status"": ""Accepted"", ""rejection_reason"": null, ""validation_record_status"": ""valid""}, {""row_index"": 1116, ""target_field"": ""permit_type"", ""algorithm"": ""association_rules"", ""predicted_value"": ""Building Permit OTC"", ""confidence"": 0.8139534883720931, ""prediction_source"": ""matched_rules"", ""passes_threshold"": true, ""candidate_status"": ""Accepted"", ""rejection_reason"": null, ""validation_record_status"": ""valid""}, {""row_index"": 1116, ""target_field"": ""permit_type"", ""algorithm"": ""clustering"", ""predicted_value"": ""Building Permit OTC"", ""confidence"": 0.6201550387596899, ""prediction_source"": ""cluster_majority"", ""passes_threshold"": true, ""candidate_status"": ""Accepted"", ""rejection_reason"": null, ""validation_record_status"": ""valid""}, {""row_index"": 1116, ""target_field"": ""permit_type"", ""algorithm"": ""knn"", ""predicted_value"": ""Building Permit OTC"", ""confidence"": 1.0, ""prediction_source"": ""nearest_neighbors"", ""passes_threshold"": true, ""candidate_status"": ""Accepted"", ""rejection_reason"": null, ""validation_record_status"": ""valid""}]",
1119,permit_type,Building - In House Plan Check,1,Building Permit OTC,0.7132085419200171,Accepted,majority_vote,association_rules,"[""association_rules"", ""clustering"", ""grouped_majority""]",3,4,4,4,0.0,valid,True,"[{""row_index"": 1119, ""target_field"": ""permit_type"", ""algorithm"": ""grouped_majority"", ""predicted_value"": ""Building Permit OTC"", ""confidence"": 0.5693950177935944, ""prediction_source"": ""group_majority"", ""passes_threshold"": true, ""candidate_status"": ""Accepted"", ""rejection_reason"": null, ""validation_record_status"": ""valid""}, {""row_index"": 1119, ""target_field"": ""permit_type"", ""algorithm"": ""association_rules"", ""predicted_value"": ""Building Permit OTC"", ""confidence"": 0.7924528301886792, ""prediction_source"": ""matched_rules"", ""passes_threshold"": true, ""candidate_status"": ""Accepted"", ""rejection_reason"": null, ""validation_record_status"": ""valid""}, {""row_index"": 1119, ""target_field"": ""permit_type"", ""algorithm"": ""clustering"", ""predicted_value"": ""Building Permit OTC"", ""confidence"": 0.7777777777777778, ""prediction_source"": ""cluster_majority"", ""passes_threshold"": true, ""candidate_status"": ""Accepted"", ""rejection_reason"": null, ""validation_record_status"": ""valid""}, {""row_index"": 1119, ""target_field"": ""permit_type"", ""algorithm"": ""knn"", ""predicted_value"": ""Building - In House Plan Check"", ""confidence"": 0.6, ""prediction_source"": ""nearest_neighbors"", ""passes_threshold"": true, ""candidate_status"": ""Accepted"", ""rejection_reason"": null, ""validation_record_status"": ""valid""}]",
1120,permit_type,Building - In House Plan Check,1,Building Permit OTC,0.5965166855177615,Accepted,majority_vote,clustering,"[""clustering"", ""grouped_majority"", ""knn""]",3,4,4,4,0.0,valid,True,"[{""row_index"": 1120, ""target_field"": ""permit_type"", ""algorithm"": ""grouped_majority"", ""predicted_value"": ""Building Permit OTC"", ""confidence"": 0.5693950177935944, ""prediction_source"": ""group_majority"", ""passes_threshold"": true, ""candidate_status"": ""Accepted"", ""rejection_reason"": null, ""validation_record_status"": ""valid""}, {""row_index"": 1120, ""target_field"": ""permit_type"", ""algorithm"": ""association_rules"", ""predicted_value"": ""Residential Building Report"", ""confidence"": 0.6292134831460675, ""prediction_source"": ""matched_rules"", ""passes_threshold"": true, ""candidate_status"": ""Accepted"", ""rejection_reason"": null, ""validation_record_status"": ""valid""}, {""row_index"": 1120, ""target_field"": ""permit_type"", ""algorithm"": ""clustering"", ""predicted_value"": ""Building Permit OTC"", ""confidence"": 0.6201550387596899, ""prediction_source"": ""cluster_majority"", ""passes_threshold"": true, ""candidate_status"": ""Accepted"", ""rejection_reason"": null, ""validation_record_status"": ""valid""}, {""row_index"": 1120, ""target_field"": ""permit_type"", ""algorithm"": ""knn"", ""predicted_value"": ""Building Permit OTC"", ""confidence"": 0.6, ""prediction_source"": ""nearest_neighbors"", ""passes_threshold"": true, ""candidate_status"": ""Accepted"", ""rejection_reason"": null, ""validation_record_status"": ""valid""}]",
1126,permit_type,Building - In House Plan Check,1,Building Permit OTC,0.8430819826168663,Accepted,majority_vote,knn,"[""clustering"", ""grouped_majority"", ""knn""]",3,4,4,4,0.0,valid,True,"[{""row_index"": 1126, ""target_field"": ""permit_type"", ""algorithm"": ""grouped_majority"", ""predicted_value"": ""Building Permit OTC"", ""confidence"": 0.9090909090909091, ""prediction_source"": ""group_majority"", ""passes_threshold"": true, ""candidate_status"": ""Accepted"", ""rejection_reason"": null, ""validation_record_status"": ""valid""}, {""row_index"": 1126, ""target_field"": ""permit_type"", ""algorithm"": ""association_rules"", ""predicted_value"": ""Residential Building Report"", ""confidence"": 0.7500000000000001, ""prediction_source"": ""matched_rules"", ""passes_threshold"": true, ""candidate_status"": ""Accepted"", ""rejection_reason"": null, ""validation_record_status"": ""valid""}, {""row_index"": 1126, ""target_field"": ""permit_type"", ""algorithm"": ""clustering"", ""predicted_value"": ""Building Permit OTC"", ""confidence"": 0.6201550387596899, ""prediction_source"": ""cluster_majority"", ""passes_threshold"": true, ""candidate_status"": ""Accepted"", ""rejection_reason"": null, ""validation_record_status"": ""valid""}, {""row_index"": 1126, ""target_field"": ""permit_type"", ""algorithm"": ""knn"", ""predicted_value"": ""Building Permit OTC"", ""confidence"": 1.0, ""prediction_source"": ""nearest_neighbors"", ""passes_threshold"": true, ""candidate_status"": ""Accepted"", ""rejection_reason"": null, ""validation_record_status"": ""valid""}]",
1133,permit_type,Building Permit OTC,1,Building Permit OTC,0.7008758862313442,Accepted,unanimous_vote,association_rules,"[""association_rules"", ""clustering"", ""grouped_majority"", ""knn""]",4,4,4,4,0.0,valid,True,"[{""row_index"": 1133, ""target_field"": ""permit_type"", ""algorithm"": ""grouped_majority"", ""predicted_value"": ""Building Permit OTC"", ""confidence"": 0.5693950177935944, ""prediction_source"": ""group_majority"", ""passes_threshold"": true, ""candidate_status"": ""Accepted"", ""rejection_reason"": null, ""validation_record_status"": ""valid""}, {""row_index"": 1133, ""target_field"": ""permit_type"", ""algorithm"": ""association_rules"", ""predicted_value"": ""Building Permit OTC"", ""confidence"": 0.8139534883720931, ""prediction_source"": ""matched_rules"", ""passes_threshold"": true, ""candidate_status"": ""Accepted"", ""rejection_reason"": null, ""validation_record_status"": ""valid""}, {""row_index"": 1133, ""target_field"": ""permit_type"", ""algorithm"": ""clustering"", ""predicted_value"": ""Building Permit OTC"", ""confidence"": 0.6201550387596899, ""prediction_source"": ""cluster_majority"", ""passes_threshold"": true, ""candidate_status"": ""Accepted"", ""rejection_reason"": null, ""validation_record_status"": ""valid""}, {""row_index"": 1133, ""target_field"": ""permit_type"", ""algorithm"": ""knn"", ""predicted_value"": ""Building Permit OTC"", ""confidence"": 0.8, ""prediction_source"": ""nearest_neighbors"", ""passes_threshold"": true, ""candidate_status"": ""Accepted"", ""rejection_reason"": null, ""validation_record_status"": ""valid""}]",
1134,permit_type,Building Permit OTC,1,,0.9545454545454546,Requires Review,average_confidence_tiebreak,knn,"[""grouped_majority"", ""knn""]",2,4,4,4,0.0,valid,False,"[{""row_index"": 1134, ""target_field"": ""permit_type"", ""algorithm"": ""grouped_majority"", ""predicted_value"": ""Building Permit OTC"", ""confidence"": 0.9090909090909091, ""prediction_source"": ""group_majority"", ""passes_threshold"": true, ""candidate_status"": ""Accepted"", ""rejection_reason"": null, ""validation_record_status"": ""valid""}, {""row_index"": 1134, ""target_field"": ""permit_type"", ""algorithm"": ""association_rules"", ""predicted_value"": ""Residential Building Report"", ""confidence"": 0.9075630252100841, ""prediction_source"": ""matched_rules"", ""passes_threshold"": true, ""candidate_status"": ""Accepted"", ""rejection_reason"": null, ""validation_record_status"": ""valid""}, {""row_index"": 1134, ""target_field"": ""permit_type"", ""algorithm"": ""clustering"", ""predicted_value"": ""Residential Building Report"", ""confidence"": 0.864, ""prediction_source"": ""cluster_majority"", ""passes_threshold"": true, ""candidate_status"": ""Accepted"", ""rejection_reason"": null, ""validation_record_status"": ""valid""}, {""row_index"": 1134, ""target_field"": ""permit_type"", ""algorithm"": ""knn"", ""predicted_value"": ""Building Permit OTC"", ""confidence"": 1.0, ""prediction_source"": ""nearest_neighbors"", ""passes_threshold"": true, ""candidate_status"": ""Accepted"", ""rejection_reason"": null, ""validation_record_status"": ""valid""}]",
1136,permit_type,Building Permit OTC,1,Building Permit OTC,0.8430819826168663,Accepted,majority_vote,knn,"[""clustering"", ""grouped_majority"", ""knn""]",3,4,4,4,0.0,valid,True,"[{""row_index"": 1136, ""target_field"": ""permit_type"", ""algorithm"": ""grouped_majority"", ""predicted_value"": ""Building Permit OTC"", ""confidence"": 0.9090909090909091, ""prediction_source"": ""group_majority"", ""passes_threshold"": true, ""candidate_status"": ""Accepted"", ""rejection_reason"": null, ""validation_record_status"": ""valid""}, {""row_index"": 1136, ""target_field"": ""permit_type"", ""algorithm"": ""association_rules"", ""predicted_value"": ""Residential Building Report"", ""confidence"": 0.7500000000000001, ""prediction_source"": ""matched_rules"", ""passes_threshold"": true, ""candidate_status"": ""Accepted"", ""rejection_reason"": null, ""validation_record_status"": ""valid""}, {""row_index"": 1136, ""target_field"": ""permit_type"", ""algorithm"": ""clustering"", ""predicted_value"": ""Building Permit OTC"", ""confidence"": 0.6201550387596899, ""prediction_source"": ""cluster_majority"", ""passes_threshold"": true, ""candidate_status"": ""Accepted"", ""rejection_reason"": null, ""validation_record_status"": ""valid""}, {""row_index"": 1136, ""target_field"": ""permit_type"", ""algorithm"": ""knn"", ""predicted_value"": ""Building Permit OTC"", ""confidence"": 1.0, ""prediction_source"": ""nearest_neighbors"", ""passes_threshold"": true, ""candidate_status"": ""Accepted"", ""rejection_reason"": null, ""validation_record_status"": ""valid""}]",
1138,permit_type,Building Permit OTC,1,Building Permit OTC,0.836793198892843,Accepted,unanimous_vote,association_rules,"[""association_rules"", ""clustering"", ""grouped_majority"", ""knn""]",4,4,4,4,0.0,valid,True,"[{""row_index"": 1138, ""target_field"": ""permit_type"", ""algorithm"": ""grouped_majority"", ""predicted_value"": ""Building Permit OTC"", ""confidence"": 0.5693950177935944, ""prediction_source"": ""group_majority"", ""passes_threshold"": true, ""candidate_status"": ""Accepted"", ""rejection_reason"": null, ""validation_record_status"": ""valid""}, {""row_index"": 1138, ""target_field"": ""permit_type"", ""algorithm"": ""association_rules"", ""predicted_value"": ""Building Permit OTC"", ""confidence"": 1.0, ""prediction_source"": ""matched_rules"", ""passes_threshold"": true, ""candidate_status"": ""Accepted"", ""rejection_reason"": null, ""validation_record_status"": ""valid""}, {""row_index"": 1138, ""target_field"": ""permit_type"", ""algorithm"": ""clustering"", ""predicted_value"": ""Building Permit OTC"", ""confidence"": 0.7777777777777778, ""prediction_source"": ""cluster_majority"", ""passes_threshold"": true, ""candidate_status"": ""Accepted"", ""rejection_reason"": null, ""validation_record_status"": ""valid""}, {""row_index"": 1138, ""target_field"": ""permit_type"", ""algorithm"": ""knn"", ""predicted_value"": ""Building Permit OTC"", ""confidence"": 1.0, ""prediction_source"": ""nearest_neighbors"", ""passes_threshold"": true, ""candidate_status"": ""Accepted"", ""rejection_reason"": null, ""validation_record_status"": ""valid""}]",
1139,permit_type,Building Permit OTC,1,Building Permit OTC,0.8430819826168663,Accepted,majority_vote,knn,"[""clustering"", ""grouped_majority"", ""knn""]",3,4,4,4,0.0,valid,True,"[{""row_index"": 1139, ""target_field"": ""permit_type"", ""algorithm"": ""grouped_majority"", ""predicted_value"": ""Building Permit OTC"", ""confidence"": 0.9090909090909091, ""prediction_source"": ""group_majority"", ""passes_threshold"": true, ""candidate_status"": ""Accepted"", ""rejection_reason"": null, ""validation_record_status"": ""valid""}, {""row_index"": 1139, ""target_field"": ""permit_type"", ""algorithm"": ""association_rules"", ""predicted_value"": ""Residential Building Report"", ""confidence"": 0.7500000000000001, ""prediction_source"": ""matched_rules"", ""passes_threshold"": true, ""candidate_status"": ""Accepted"", ""rejection_reason"": null, ""validation_record_status"": ""valid""}, {""row_index"": 1139, ""target_field"": ""permit_type"", ""algorithm"": ""clustering"", ""predicted_value"": ""Building Permit OTC"", ""confidence"": 0.6201550387596899, ""prediction_source"": ""cluster_majority"", ""passes_threshold"": true, ""candidate_status"": ""Accepted"", ""rejection_reason"": null, ""validation_record_status"": ""valid""}, {""row_index"": 1139, ""target_field"": ""permit_type"", ""algorithm"": ""knn"", ""predicted_value"": ""Building Permit OTC"", ""confidence"": 1.0, ""prediction_source"": ""nearest_neighbors"", ""passes_threshold"": true, ""candidate_status"": ""Accepted"", ""rejection_reason"": null, ""validation_record_status"": ""valid""}]",
1140,permit_type,Building Permit OTC,1,Building Permit OTC,0.7459768723622309,Accepted,unanimous_vote,association_rules,"[""association_rules"", ""clustering"", ""grouped_majority"", ""knn""]",4,4,4,4,0.0,valid,True,"[{""row_index"": 1140, ""target_field"": ""permit_type"", ""algorithm"": ""grouped_majority"", ""predicted_value"": ""Building Permit OTC"", ""confidence"": 0.5693950177935944, ""prediction_source"": ""group_majority"", ""passes_threshold"": true, ""candidate_status"": ""Accepted"", ""rejection_reason"": null, ""validation_record_status"": ""valid""}, {""row_index"": 1140, ""target_field"": ""permit_type"", ""algorithm"": ""association_rules"", ""predicted_value"": ""Building Permit OTC"", ""confidence"": 0.8367346938775511, ""prediction_source"": ""matched_rules"", ""passes_threshold"": true, ""candidate_status"": ""Accepted"", ""rejection_reason"": null, ""validation_record_status"": ""valid""}, {""row_index"": 1140, ""target_field"": ""permit_type"", ""algorithm"": ""clustering"", ""predicted_value"": ""Building Permit OTC"", ""confidence"": 0.7777777777777778, ""prediction_source"": ""cluster_majority"", ""passes_threshold"": true, ""candidate_status"": ""Accepted"", ""rejection_reason"": null, ""validation_record_status"": ""valid""}, {""row_index"": 1140, ""target_field"": ""permit_type"", ""algorithm"": ""knn"", ""predicted_value"": ""Building Permit OTC"", ""confidence"": 0.8, ""prediction_source"": ""nearest_neighbors"", ""passes_threshold"": true, ""candidate_status"": ""Accepted"", ""rejection_reason"": null, ""validation_record_status"": ""valid""}]",
1141,permit_type,Building Permit OTC,1,Building Permit OTC,0.7157242651904574,Accepted,majority_vote,knn,"[""clustering"", ""grouped_majority"", ""knn""]",3,4,4,4,0.0,valid,True,"[{""row_index"": 1141, ""target_field"": ""permit_type"", ""algorithm"": ""grouped_majority"", ""predicted_value"": ""Building Permit OTC"", ""confidence"": 0.5693950177935944, ""prediction_source"": ""group_majority"", ""passes_threshold"": true, ""candidate_status"": ""Accepted"", ""rejection_reason"": null, ""validation_record_status"": ""valid""}, {""row_index"": 1141, ""target_field"": ""permit_type"", ""algorithm"": ""association_rules"", ""predicted_value"": ""Electrical OTC"", ""confidence"": 0.95, ""prediction_source"": ""matched_rules"", ""passes_threshold"": true, ""candidate_status"": ""Accepted"", ""rejection_reason"": null, ""validation_record_status"": ""valid""}, {""row_index"": 1141, ""target_field"": ""permit_type"", ""algorithm"": ""clustering"", ""predicted_value"": ""Building Permit OTC"", ""confidence"": 0.7777777777777778, ""prediction_source"": ""cluster_majority"", ""passes_threshold"": true, ""candidate_status"": ""Accepted"", ""rejection_reason"": null, ""validation_record_status"": ""valid""}, {""row_index"": 1141, ""target_field"": ""permit_type"", ""algorithm"": ""knn"", ""predicted_value"": ""Building Permit OTC"", ""confidence"": 0.8, ""prediction_source"": ""nearest_neighbors"", ""passes_threshold"": true, ""candidate_status"": ""Accepted"", ""rejection_reason"": null, ""validation_record_status"": ""valid""}]",
1144,permit_type,Building Permit OTC,1,Building Permit OTC,0.8430819826168663,Accepted,majority_vote,knn,"[""clustering"", ""grouped_majority"", ""knn""]",3,4,4,4,0.0,valid,True,"[{""row_index"": 1144, ""target_field"": ""permit_type"", ""algorithm"": ""grouped_majority"", ""predicted_value"": ""Building Permit OTC"", ""confidence"": 0.9090909090909091, ""prediction_source"": ""group_majority"", ""passes_threshold"": true, ""candidate_status"": ""Accepted"", ""rejection_reason"": null, ""validation_record_status"": ""valid""}, {""row_index"": 1144, ""target_field"": ""permit_type"", ""algorithm"": ""association_rules"", ""predicted_value"": ""Residential Building Report"", ""confidence"": 0.7500000000000001, ""prediction_source"": ""matched_rules"", ""passes_threshold"": true, ""candidate_status"": ""Accepted"", ""rejection_reason"": null, ""validation_record_status"": ""valid""}, {""row_index"": 1144, ""target_field"": ""permit_type"", ""algorithm"": ""clustering"", ""predicted_value"": ""Building Permit OTC"", ""confidence"": 0.6201550387596899, ""prediction_source"": ""cluster_majority"", ""passes_threshold"": true, ""candidate_status"": ""Accepted"", ""rejection_reason"": null, ""validation_record_status"": ""valid""}, {""row_index"": 1144, ""target_field"": ""permit_type"", ""algorithm"": ""knn"", ""predicted_value"": ""Building Permit OTC"", ""confidence"": 1.0, ""prediction_source"": ""nearest_neighbors"", ""passes_threshold"": true, ""candidate_status"": ""Accepted"", ""rejection_reason"": null, ""validation_record_status"": ""valid""}]",
1146,permit_type,Building Permit OTC,1,Building Permit OTC,0.9217171717171717,Accepted,unanimous_vote,association_rules,"[""association_rules"", ""clustering"", ""grouped_majority"", ""knn""]",4,4,4,4,0.0,valid,True,"[{""row_index"": 1146, ""target_field"": ""permit_type"", ""algorithm"": ""grouped_majority"", ""predicted_value"": ""Building Permit OTC"", ""confidence"": 0.9090909090909091, ""prediction_source"": ""group_majority"", ""passes_threshold"": true, ""candidate_status"": ""Accepted"", ""rejection_reason"": null, ""validation_record_status"": ""valid""}, {""row_index"": 1146, ""target_field"": ""permit_type"", ""algorithm"": ""association_rules"", ""predicted_value"": ""Building Permit OTC"", ""confidence"": 1.0, ""prediction_source"": ""matched_rules"", ""passes_threshold"": true, ""candidate_status"": ""Accepted"", ""rejection_reason"": null, ""validation_record_status"": ""valid""}, {""row_index"": 1146, ""target_field"": ""permit_type"", ""algorithm"": ""clustering"", ""predicted_value"": ""Building Permit OTC"", ""confidence"": 0.7777777777777778, ""prediction_source"": ""cluster_majority"", ""passes_threshold"": true, ""candidate_status"": ""Accepted"", ""rejection_reason"": null, ""validation_record_status"": ""valid""}, {""row_index"": 1146, ""target_field"": ""permit_type"", ""algorithm"": ""knn"", ""predicted_value"": ""Building Permit OTC"", ""confidence"": 1.0, ""prediction_source"": ""nearest_neighbors"", ""passes_threshold"": true, ""candidate_status"": ""Accepted"", ""rejection_reason"": null, ""validation_record_status"": ""valid""}]",
1148,permit_type,Building Permit OTC,1,Building Permit OTC,0.836793198892843,Accepted,unanimous_vote,association_rules,"[""association_rules"", ""clustering"", ""grouped_majority"", ""knn""]",4,4,4,4,0.0,valid,True,"[{""row_index"": 1148, ""target_field"": ""permit_type"", ""algorithm"": ""grouped_majority"", ""predicted_value"": ""Building Permit OTC"", ""confidence"": 0.5693950177935944, ""prediction_source"": ""group_majority"", ""passes_threshold"": true, ""candidate_status"": ""Accepted"", ""rejection_reason"": null, ""validation_record_status"": ""valid""}, {""row_index"": 1148, ""target_field"": ""permit_type"", ""algorithm"": ""association_rules"", ""predicted_value"": ""Building Permit OTC"", ""confidence"": 1.0, ""prediction_source"": ""matched_rules"", ""passes_threshold"": true, ""candidate_status"": ""Accepted"", ""rejection_reason"": null, ""validation_record_status"": ""valid""}, {""row_index"": 1148, ""target_field"": ""permit_type"", ""algorithm"": ""clustering"", ""predicted_value"": ""Building Permit OTC"", ""confidence"": 0.7777777777777778, ""prediction_source"": ""cluster_majority"", ""passes_threshold"": true, ""candidate_status"": ""Accepted"", ""rejection_reason"": null, ""validation_record_status"": ""valid""}, {""row_index"": 1148, ""target_field"": ""permit_type"", ""algorithm"": ""knn"", ""predicted_value"": ""Building Permit OTC"", ""confidence"": 1.0, ""prediction_source"": ""nearest_neighbors"", ""passes_threshold"": true, ""candidate_status"": ""Accepted"", ""rejection_reason"": null, ""validation_record_status"": ""valid""}]",
1150,permit_type,Building Permit OTC,1,,0.9545454545454546,Requires Review,average_confidence_tiebreak,knn,"[""grouped_majority"", ""knn""]",2,4,4,4,0.0,valid,False,"[{""row_index"": 1150, ""target_field"": ""permit_type"", ""algorithm"": ""grouped_majority"", ""predicted_value"": ""Building Permit OTC"", ""confidence"": 0.9090909090909091, ""prediction_source"": ""group_majority"", ""passes_threshold"": true, ""candidate_status"": ""Accepted"", ""rejection_reason"": null, ""validation_record_status"": ""valid""}, {""row_index"": 1150, ""target_field"": ""permit_type"", ""algorithm"": ""association_rules"", ""predicted_value"": ""Residential Building Report"", ""confidence"": 0.9075630252100841, ""prediction_source"": ""matched_rules"", ""passes_threshold"": true, ""candidate_status"": ""Accepted"", ""rejection_reason"": null, ""validation_record_status"": ""valid""}, {""row_index"": 1150, ""target_field"": ""permit_type"", ""algorithm"": ""clustering"", ""predicted_value"": ""Residential Building Report"", ""confidence"": 0.864, ""prediction_source"": ""cluster_majority"", ""passes_threshold"": true, ""candidate_status"": ""Accepted"", ""rejection_reason"": null, ""validation_record_status"": ""valid""}, {""row_index"": 1150, ""target_field"": ""permit_type"", ""algorithm"": ""knn"", ""predicted_value"": ""Building Permit OTC"", ""confidence"": 1.0, ""prediction_source"": ""nearest_neighbors"", ""passes_threshold"": true, ""candidate_status"": ""Accepted"", ""rejection_reason"": null, ""validation_record_status"": ""valid""}]",
1151,permit_type,Building Permit OTC,1,Building Permit OTC,0.7913386534382976,Accepted,unanimous_vote,knn,"[""association_rules"", ""clustering"", ""grouped_majority"", ""knn""]",4,4,4,4,0.0,valid,True,"[{""row_index"": 1151, ""target_field"": ""permit_type"", ""algorithm"": ""grouped_majority"", ""predicted_value"": ""Building Permit OTC"", ""confidence"": 0.5693950177935944, ""prediction_source"": ""group_majority"", ""passes_threshold"": true, ""candidate_status"": ""Accepted"", ""rejection_reason"": null, ""validation_record_status"": ""valid""}, {""row_index"": 1151, ""target_field"": ""permit_type"", ""algorithm"": ""association_rules"", ""predicted_value"": ""Building Permit OTC"", ""confidence"": 0.8181818181818181, ""prediction_source"": ""matched_rules"", ""passes_threshold"": true, ""candidate_status"": ""Accepted"", ""rejection_reason"": null, ""validation_record_status"": ""valid""}, {""row_index"": 1151, ""target_field"": ""permit_type"", ""algorithm"": ""clustering"", ""predicted_value"": ""Building Permit OTC"", ""confidence"": 0.7777777777777778, ""prediction_source"": ""cluster_majority"", ""passes_threshold"": true, ""candidate_status"": ""Accepted"", ""rejection_reason"": null, ""validation_record_status"": ""valid""}, {""row_index"": 1151, ""target_field"": ""permit_type"", ""algorithm"": ""knn"", ""predicted_value"": ""Building Permit OTC"", ""confidence"": 1.0, ""prediction_source"": ""nearest_neighbors"", ""passes_threshold"": true, ""candidate_status"": ""Accepted"", ""rejection_reason"": null, ""validation_record_status"": ""valid""}]",
1152,permit_type,Building Permit OTC,1,Building Permit OTC,0.8430819826168663,Accepted,majority_vote,knn,"[""clustering"", ""grouped_majority"", ""knn""]",3,4,4,4,0.0,valid,True,"[{""row_index"": 1152, ""target_field"": ""permit_type"", ""algorithm"": ""grouped_majority"", ""predicted_value"": ""Building Permit OTC"", ""confidence"": 0.9090909090909091, ""prediction_source"": ""group_majority"", ""passes_threshold"": true, ""candidate_status"": ""Accepted"", ""rejection_reason"": null, ""validation_record_status"": ""valid""}, {""row_index"": 1152, ""target_field"": ""permit_type"", ""algorithm"": ""association_rules"", ""predicted_value"": ""Residential Building Report"", ""confidence"": 0.7500000000000001, ""prediction_source"": ""matched_rules"", ""passes_threshold"": true, ""candidate_status"": ""Accepted"", ""rejection_reason"": null, ""validation_record_status"": ""valid""}, {""row_index"": 1152, ""target_field"": ""permit_type"", ""algorithm"": ""clustering"", ""predicted_value"": ""Building Permit OTC"", ""confidence"": 0.6201550387596899, ""prediction_source"": ""cluster_majority"", ""passes_threshold"": true, ""candidate_status"": ""Accepted"", ""rejection_reason"": null, ""validation_record_status"": ""valid""}, {""row_index"": 1152, ""target_field"": ""permit_type"", ""algorithm"": ""knn"", ""predicted_value"": ""Building Permit OTC"", ""confidence"": 1.0, ""prediction_source"": ""nearest_neighbors"", ""passes_threshold"": true, ""candidate_status"": ""Accepted"", ""rejection_reason"": null, ""validation_record_status"": ""valid""}]",
1153,permit_type,Building Permit OTC,1,Building Permit OTC,0.7973875141383211,Accepted,unanimous_vote,association_rules,"[""association_rules"", ""clustering"", ""grouped_majority"", ""knn""]",4,4,4,4,0.0,valid,True,"[{""row_index"": 1153, ""target_field"": ""permit_type"", ""algorithm"": ""grouped_majority"", ""predicted_value"": ""Building Permit OTC"", ""confidence"": 0.5693950177935944, ""prediction_source"": ""group_majority"", ""passes_threshold"": true, ""candidate_status"": ""Accepted"", ""rejection_reason"": null, ""validation_record_status"": ""valid""}, {""row_index"": 1153, ""target_field"": ""permit_type"", ""algorithm"": ""association_rules"", ""predicted_value"": ""Building Permit OTC"", ""confidence"": 1.0, ""prediction_source"": ""matched_rules"", ""passes_threshold"": true, ""candidate_status"": ""Accepted"", ""rejection_reason"": null, ""validation_record_status"": ""valid""}, {""row_index"": 1153, ""target_field"": ""permit_type"", ""algorithm"": ""clustering"", ""predicted_value"": ""Building Permit OTC"", ""confidence"": 0.6201550387596899, ""prediction_source"": ""cluster_majority"", ""passes_threshold"": true, ""candidate_status"": ""Accepted"", ""rejection_reason"": null, ""validation_record_status"": ""valid""}, {""row_index"": 1153, ""target_field"": ""permit_type"", ""algorithm"": ""knn"", ""predicted_value"": ""Building Permit OTC"", ""confidence"": 1.0, ""prediction_source"": ""nearest_neighbors"", ""passes_threshold"": true, ""candidate_status"": ""Accepted"", ""rejection_reason"": null, ""validation_record_status"": ""valid""}]",
1156,permit_type,Building Permit OTC,1,Building Permit OTC,0.6766370454402217,Accepted,majority_vote,knn,"[""clustering"", ""grouped_majority"", ""knn""]",3,4,4,4,0.0,valid,True,"[{""row_index"": 1156, ""target_field"": ""permit_type"", ""algorithm"": ""grouped_majority"", ""predicted_value"": ""Building Permit OTC"", ""confidence"": 0.6097560975609756, ""prediction_source"": ""group_majority"", ""passes_threshold"": true, ""candidate_status"": ""Accepted"", ""rejection_reason"": null, ""validation_record_status"": ""valid""}, {""row_index"": 1156, ""target_field"": ""permit_type"", ""algorithm"": ""association_rules"", ""predicted_value"": ""Residential Building Report"", ""confidence"": 0.6292134831460675, ""prediction_source"": ""matched_rules"", ""passes_threshold"": true, ""candidate_status"": ""Accepted"", ""rejection_reason"": null, ""validation_record_status"": ""valid""}, {""row_index"": 1156, ""target_field"": ""permit_type"", ""algorithm"": ""clustering"", ""predicted_value"": ""Building Permit OTC"", ""confidence"": 0.6201550387596899, ""prediction_source"": ""cluster_majority"", ""passes_threshold"": true, ""candidate_status"": ""Accepted"", ""rejection_reason"": null, ""validation_record_status"": ""valid""}, {""row_index"": 1156, ""target_field"": ""permit_type"", ""algorithm"": ""knn"", ""predicted_value"": ""Building Permit OTC"", ""confidence"": 0.8, ""prediction_source"": ""nearest_neighbors"", ""passes_threshold"": true, ""candidate_status"": ""Accepted"", ""rejection_reason"": null, ""validation_record_status"": ""valid""}]",
1160,permit_type,Building Permit OTC,1,,0.9545454545454546,Requires Review,average_confidence_tiebreak,knn,"[""grouped_majority"", ""knn""]",2,4,4,4,0.0,valid,False,"[{""row_index"": 1160, ""target_field"": ""permit_type"", ""algorithm"": ""grouped_majority"", ""predicted_value"": ""Building Permit OTC"", ""confidence"": 0.9090909090909091, ""prediction_source"": ""group_majority"", ""passes_threshold"": true, ""candidate_status"": ""Accepted"", ""rejection_reason"": null, ""validation_record_status"": ""valid""}, {""row_index"": 1160, ""target_field"": ""permit_type"", ""algorithm"": ""association_rules"", ""predicted_value"": ""Residential Building Report"", ""confidence"": 0.9075630252100841, ""prediction_source"": ""matched_rules"", ""passes_threshold"": true, ""candidate_status"": ""Accepted"", ""rejection_reason"": null, ""validation_record_status"": ""valid""}, {""row_index"": 1160, ""target_field"": ""permit_type"", ""algorithm"": ""clustering"", ""predicted_value"": ""Residential Building Report"", ""confidence"": 0.864, ""prediction_source"": ""cluster_majority"", ""passes_threshold"": true, ""candidate_status"": ""Accepted"", ""rejection_reason"": null, ""validation_record_status"": ""valid""}, {""row_index"": 1160, ""target_field"": ""permit_type"", ""algorithm"": ""knn"", ""predicted_value"": ""Building Permit OTC"", ""confidence"": 1.0, ""prediction_source"": ""nearest_neighbors"", ""passes_threshold"": true, ""candidate_status"": ""Accepted"", ""rejection_reason"": null, ""validation_record_status"": ""valid""}]",
1162,permit_type,Building Permit OTC,1,Building Permit OTC,0.7423875141383209,Accepted,unanimous_vote,association_rules,"[""association_rules"", ""clustering"", ""grouped_majority"", ""knn""]",4,4,4,4,0.0,valid,True,"[{""row_index"": 1162, ""target_field"": ""permit_type"", ""algorithm"": ""grouped_majority"", ""predicted_value"": ""Building Permit OTC"", ""confidence"": 0.5693950177935944, ""prediction_source"": ""group_majority"", ""passes_threshold"": true, ""candidate_status"": ""Accepted"", ""rejection_reason"": null, ""validation_record_status"": ""valid""}, {""row_index"": 1162, ""target_field"": ""permit_type"", ""algorithm"": ""association_rules"", ""predicted_value"": ""Building Permit OTC"", ""confidence"": 0.98, ""prediction_source"": ""matched_rules"", ""passes_threshold"": true, ""candidate_status"": ""Accepted"", ""rejection_reason"": null, ""validation_record_status"": ""valid""}, {""row_index"": 1162, ""target_field"": ""permit_type"", ""algorithm"": ""clustering"", ""predicted_value"": ""Building Permit OTC"", ""confidence"": 0.6201550387596899, ""prediction_source"": ""cluster_majority"", ""passes_threshold"": true, ""candidate_status"": ""Accepted"", ""rejection_reason"": null, ""validation_record_status"": ""valid""}, {""row_index"": 1162, ""target_field"": ""permit_type"", ""algorithm"": ""knn"", ""predicted_value"": ""Building Permit OTC"", ""confidence"": 0.8, ""prediction_source"": ""nearest_neighbors"", ""passes_threshold"": true, ""candidate_status"": ""Accepted"", ""rejection_reason"": null, ""validation_record_status"": ""valid""}]",
1163,permit_type,Building Permit OTC,1,Building Permit OTC,0.8129836750833193,Accepted,unanimous_vote,knn,"[""association_rules"", ""clustering"", ""grouped_majority"", ""knn""]",4,4,4,4,0.0,valid,True,"[{""row_index"": 1163, ""target_field"": ""permit_type"", ""algorithm"": ""grouped_majority"", ""predicted_value"": ""Building Permit OTC"", ""confidence"": 0.5693950177935944, ""prediction_source"": ""group_majority"", ""passes_threshold"": true, ""candidate_status"": ""Accepted"", ""rejection_reason"": null, ""validation_record_status"": ""valid""}, {""row_index"": 1163, ""target_field"": ""permit_type"", ""algorithm"": ""association_rules"", ""predicted_value"": ""Building Permit OTC"", ""confidence"": 0.9047619047619048, ""prediction_source"": ""matched_rules"", ""passes_threshold"": true, ""candidate_status"": ""Accepted"", ""rejection_reason"": null, ""validation_record_status"": ""valid""}, {""row_index"": 1163, ""target_field"": ""permit_type"", ""algorithm"": ""clustering"", ""predicted_value"": ""Building Permit OTC"", ""confidence"": 0.7777777777777778, ""prediction_source"": ""cluster_majority"", ""passes_threshold"": true, ""candidate_status"": ""Accepted"", ""rejection_reason"": null, ""validation_record_status"": ""valid""}, {""row_index"": 1163, ""target_field"": ""permit_type"", ""algorithm"": ""knn"", ""predicted_value"": ""Building Permit OTC"", ""confidence"": 1.0, ""prediction_source"": ""nearest_neighbors"", ""passes_threshold"": true, ""candidate_status"": ""Accepted"", ""rejection_reason"": null, ""validation_record_status"": ""valid""}]",
1166,permit_type,Electrical - In House Plan Check,1,Electrical OTC,0.9966666666666667,Accepted,unanimous_vote,association_rules,"[""association_rules"", ""clustering"", ""grouped_majority"", ""knn""]",4,4,4,4,0.0,valid,True,"[{""row_index"": 1166, ""target_field"": ""permit_type"", ""algorithm"": ""grouped_majority"", ""predicted_value"": ""Electrical OTC"", ""confidence"": 0.9866666666666667, ""prediction_source"": ""group_majority"", ""passes_threshold"": true, ""candidate_status"": ""Accepted"", ""rejection_reason"": null, ""validation_record_status"": ""valid""}, {""row_index"": 1166, ""target_field"": ""permit_type"", ""algorithm"": ""association_rules"", ""predicted_value"": ""Electrical OTC"", ""confidence"": 1.0, ""prediction_source"": ""matched_rules"", ""passes_threshold"": true, ""candidate_status"": ""Accepted"", ""rejection_reason"": null, ""validation_record_status"": ""valid""}, {""row_index"": 1166, ""target_field"": ""permit_type"", ""algorithm"": ""clustering"", ""predicted_value"": ""Electrical OTC"", ""confidence"": 1.0, ""prediction_source"": ""cluster_majority"", ""passes_threshold"": true, ""candidate_status"": ""Accepted"", ""rejection_reason"": null, ""validation_record_status"": ""valid""}, {""row_index"": 1166, ""target_field"": ""permit_type"", ""algorithm"": ""knn"", ""predicted_value"": ""Electrical OTC"", ""confidence"": 1.0, ""prediction_source"": ""nearest_neighbors"", ""passes_threshold"": true, ""candidate_status"": ""Accepted"", ""rejection_reason"": null, ""validation_record_status"": ""valid""}]",
1167,permit_type,Electrical OTC,1,,0.8857815126050421,Requires Review,average_confidence_tiebreak,association_rules,"[""association_rules"", ""clustering""]",2,4,4,4,0.0,valid,False,"[{""row_index"": 1167, ""target_field"": ""permit_type"", ""algorithm"": ""grouped_majority"", ""predicted_value"": ""Electrical OTC"", ""confidence"": 0.9565217391304348, ""prediction_source"": ""group_majority"", ""passes_threshold"": true, ""candidate_status"": ""Accepted"", ""rejection_reason"": null, ""validation_record_status"": ""valid""}, {""row_index"": 1167, ""target_field"": ""permit_type"", ""algorithm"": ""association_rules"", ""predicted_value"": ""Residential Building Report"", ""confidence"": 0.9075630252100841, ""prediction_source"": ""matched_rules"", ""passes_threshold"": true, ""candidate_status"": ""Accepted"", ""rejection_reason"": null, ""validation_record_status"": ""valid""}, {""row_index"": 1167, ""target_field"": ""permit_type"", ""algorithm"": ""clustering"", ""predicted_value"": ""Residential Building Report"", ""confidence"": 0.864, ""prediction_source"": ""cluster_majority"", ""passes_threshold"": true, ""candidate_status"": ""Accepted"", ""rejection_reason"": null, ""validation_record_status"": ""valid""}, {""row_index"": 1167, ""target_field"": ""permit_type"", ""algorithm"": ""knn"", ""predicted_value"": ""Electrical OTC"", ""confidence"": 0.75, ""prediction_source"": ""nearest_neighbors"", ""passes_threshold"": true, ""candidate_status"": ""Accepted"", ""rejection_reason"": null, ""validation_record_status"": ""valid""}]",
1168,permit_type,Electrical OTC,1,Electrical OTC,0.9955555555555556,Accepted,majority_vote,association_rules,"[""association_rules"", ""grouped_majority"", ""knn""]",3,4,4,4,0.0,valid,True,"[{""row_index"": 1168, ""target_field"": ""permit_type"", ""algorithm"": ""grouped_majority"", ""predicted_value"": ""Electrical OTC"", ""confidence"": 0.9866666666666667, ""prediction_source"": ""group_majority"", ""passes_threshold"": true, ""candidate_status"": ""Accepted"", ""rejection_reason"": null, ""validation_record_status"": ""valid""}, {""row_index"": 1168, ""target_field"": ""permit_type"", ""algorithm"": ""association_rules"", ""predicted_value"": ""Electrical OTC"", ""confidence"": 1.0, ""prediction_source"": ""matched_rules"", ""passes_threshold"": true, ""candidate_status"": ""Accepted"", ""rejection_reason"": null, ""validation_record_status"": ""valid""}, {""row_index"": 1168, ""target_field"": ""permit_type"", ""algorithm"": ""clustering"", ""predicted_value"": ""Building - Full Plan Check"", ""confidence"": 0.3333333333333333, ""prediction_source"": ""cluster_majority"", ""passes_threshold"": true, ""candidate_status"": ""Accepted"", ""rejection_reason"": null, ""validation_record_status"": ""valid""}, {""row_index"": 1168, ""target_field"": ""permit_type"", ""algorithm"": ""knn"", ""predicted_value"": ""Electrical OTC"", ""confidence"": 1.0, ""prediction_source"": ""nearest_neighbors"", ""passes_threshold"": true, ""candidate_status"": ""Accepted"", ""rejection_reason"": null, ""validation_record_status"": ""valid""}]",
1169,permit_type,Electrical OTC,1,Electrical OTC,0.8215384615384616,Accepted,unanimous_vote,association_rules,"[""association_rules"", ""clustering"", ""grouped_majority"", ""knn""]",4,4,4,4,0.0,valid,True,"[{""row_index"": 1169, ""target_field"": ""permit_type"", ""algorithm"": ""grouped_majority"", ""predicted_value"": ""Electrical OTC"", ""confidence"": 0.9866666666666667, ""prediction_source"": ""group_majority"", ""passes_threshold"": true, ""candidate_status"": ""Accepted"", ""rejection_reason"": null, ""validation_record_status"": ""valid""}, {""row_index"": 1169, ""target_field"": ""permit_type"", ""algorithm"": ""association_rules"", ""predicted_value"": ""Electrical OTC"", ""confidence"": 0.9866666666666667, ""prediction_source"": ""matched_rules"", ""passes_threshold"": true, ""candidate_status"": ""Accepted"", ""rejection_reason"": null, ""validation_record_status"": ""valid""}, {""row_index"": 1169, ""target_field"": ""permit_type"", ""algorithm"": ""clustering"", ""predicted_value"": ""Electrical OTC"", ""confidence"": 0.5128205128205128, ""prediction_source"": ""cluster_majority"", ""passes_threshold"": true, ""candidate_status"": ""Accepted"", ""rejection_reason"": null, ""validation_record_status"": ""valid""}, {""row_index"": 1169, ""target_field"": ""permit_type"", ""algorithm"": ""knn"", ""predicted_value"": ""Electrical OTC"", ""confidence"": 0.8, ""prediction_source"": ""nearest_neighbors"", ""passes_threshold"": true, ""candidate_status"": ""Accepted"", ""rejection_reason"": null, ""validation_record_status"": ""valid""}]",
1170,permit_type,Electrical OTC,1,Electrical OTC,0.9966666666666667,Accepted,unanimous_vote,association_rules,"[""association_rules"", ""clustering"", ""grouped_majority"", ""knn""]",4,4,4,4,0.0,valid,True,"[{""row_index"": 1170, ""target_field"": ""permit_type"", ""algorithm"": ""grouped_majority"", ""predicted_value"": ""Electrical OTC"", ""confidence"": 0.9866666666666667, ""prediction_source"": ""group_majority"", ""passes_threshold"": true, ""candidate_status"": ""Accepted"", ""rejection_reason"": null, ""validation_record_status"": ""valid""}, {""row_index"": 1170, ""target_field"": ""permit_type"", ""algorithm"": ""association_rules"", ""predicted_value"": ""Electrical OTC"", ""confidence"": 1.0, ""prediction_source"": ""matched_rules"", ""passes_threshold"": true, ""candidate_status"": ""Accepted"", ""rejection_reason"": null, ""validation_record_status"": ""valid""}, {""row_index"": 1170, ""target_field"": ""permit_type"", ""algorithm"": ""clustering"", ""predicted_value"": ""Electrical OTC"", ""confidence"": 1.0, ""prediction_source"": ""cluster_majority"", ""passes_threshold"": true, ""candidate_status"": ""Accepted"", ""rejection_reason"": null, ""validation_record_status"": ""valid""}, {""row_index"": 1170, ""target_field"": ""permit_type"", ""algorithm"": ""knn"", ""predicted_value"": ""Electrical OTC"", ""confidence"": 1.0, ""prediction_source"": ""nearest_neighbors"", ""passes_threshold"": true, ""candidate_status"": ""Accepted"", ""rejection_reason"": null, ""validation_record_status"": ""valid""}]",
1176,permit_type,Electrical OTC,1,Electrical OTC,0.8215384615384616,Accepted,unanimous_vote,association_rules,"[""association_rules"", ""clustering"", ""grouped_majority"", ""knn""]",4,4,4,4,0.0,valid,True,"[{""row_index"": 1176, ""target_field"": ""permit_type"", ""algorithm"": ""grouped_majority"", ""predicted_value"": ""Electrical OTC"", ""confidence"": 0.9866666666666667, ""prediction_source"": ""group_majority"", ""passes_threshold"": true, ""candidate_status"": ""Accepted"", ""rejection_reason"": null, ""validation_record_status"": ""valid""}, {""row_index"": 1176, ""target_field"": ""permit_type"", ""algorithm"": ""association_rules"", ""predicted_value"": ""Electrical OTC"", ""confidence"": 0.9866666666666667, ""prediction_source"": ""matched_rules"", ""passes_threshold"": true, ""candidate_status"": ""Accepted"", ""rejection_reason"": null, ""validation_record_status"": ""valid""}, {""row_index"": 1176, ""target_field"": ""permit_type"", ""algorithm"": ""clustering"", ""predicted_value"": ""Electrical OTC"", ""confidence"": 0.5128205128205128, ""prediction_source"": ""cluster_majority"", ""passes_threshold"": true, ""candidate_status"": ""Accepted"", ""rejection_reason"": null, ""validation_record_status"": ""valid""}, {""row_index"": 1176, ""target_field"": ""permit_type"", ""algorithm"": ""knn"", ""predicted_value"": ""Electrical OTC"", ""confidence"": 0.8, ""prediction_source"": ""nearest_neighbors"", ""passes_threshold"": true, ""candidate_status"": ""Accepted"", ""rejection_reason"": null, ""validation_record_status"": ""valid""}]",
1178,permit_type,Electrical OTC,1,Electrical OTC,0.9966666666666667,Accepted,unanimous_vote,association_rules,"[""association_rules"", ""clustering"", ""grouped_majority"", ""knn""]",4,4,4,4,0.0,valid,True,"[{""row_index"": 1178, ""target_field"": ""permit_type"", ""algorithm"": ""grouped_majority"", ""predicted_value"": ""Electrical OTC"", ""confidence"": 0.9866666666666667, ""prediction_source"": ""group_majority"", ""passes_threshold"": true, ""candidate_status"": ""Accepted"", ""rejection_reason"": null, ""validation_record_status"": ""valid""}, {""row_index"": 1178, ""target_field"": ""permit_type"", ""algorithm"": ""association_rules"", ""predicted_value"": ""Electrical OTC"", ""confidence"": 1.0, ""prediction_source"": ""matched_rules"", ""passes_threshold"": true, ""candidate_status"": ""Accepted"", ""rejection_reason"": null, ""validation_record_status"": ""valid""}, {""row_index"": 1178, ""target_field"": ""permit_type"", ""algorithm"": ""clustering"", ""predicted_value"": ""Electrical OTC"", ""confidence"": 1.0, ""prediction_source"": ""cluster_majority"", ""passes_threshold"": true, ""candidate_status"": ""Accepted"", ""rejection_reason"": null, ""validation_record_status"": ""valid""}, {""row_index"": 1178, ""target_field"": ""permit_type"", ""algorithm"": ""knn"", ""predicted_value"": ""Electrical OTC"", ""confidence"": 1.0, ""prediction_source"": ""nearest_neighbors"", ""passes_threshold"": true, ""candidate_status"": ""Accepted"", ""rejection_reason"": null, ""validation_record_status"": ""valid""}]",
1182,permit_type,Electrical OTC,1,Electrical OTC,0.8673355629877368,Accepted,unanimous_vote,association_rules,"[""association_rules"", ""clustering"", ""grouped_majority"", ""knn""]",4,4,4,4,0.0,valid,True,"[{""row_index"": 1182, ""target_field"": ""permit_type"", ""algorithm"": ""grouped_majority"", ""predicted_value"": ""Electrical OTC"", ""confidence"": 0.9565217391304348, ""prediction_source"": ""group_majority"", ""passes_threshold"": true, ""candidate_status"": ""Accepted"", ""rejection_reason"": null, ""validation_record_status"": ""valid""}, {""row_index"": 1182, ""target_field"": ""permit_type"", ""algorithm"": ""association_rules"", ""predicted_value"": ""Electrical OTC"", ""confidence"": 1.0, ""prediction_source"": ""matched_rules"", ""passes_threshold"": true, ""candidate_status"": ""Accepted"", ""rejection_reason"": null, ""validation_record_status"": ""valid""}, {""row_index"": 1182, ""target_field"": ""permit_type"", ""algorithm"": ""clustering"", ""predicted_value"": ""Electrical OTC"", ""confidence"": 0.5128205128205128, ""prediction_source"": ""cluster_majority"", ""passes_threshold"": true, ""candidate_status"": ""Accepted"", ""rejection_reason"": null, ""validation_record_status"": ""valid""}, {""row_index"": 1182, ""target_field"": ""permit_type"", ""algorithm"": ""knn"", ""predicted_value"": ""Electrical OTC"", ""confidence"": 1.0, ""prediction_source"": ""nearest_neighbors"", ""passes_threshold"": true, ""candidate_status"": ""Accepted"", ""rejection_reason"": null, ""validation_record_status"": ""valid""}]",
1185,permit_type,Electrical OTC,1,Electrical OTC,0.9966666666666667,Accepted,unanimous_vote,association_rules,"[""association_rules"", ""clustering"", ""grouped_majority"", ""knn""]",4,4,4,4,0.0,valid,True,"[{""row_index"": 1185, ""target_field"": ""permit_type"", ""algorithm"": ""grouped_majority"", ""predicted_value"": ""Electrical OTC"", ""confidence"": 0.9866666666666667, ""prediction_source"": ""group_majority"", ""passes_threshold"": true, ""candidate_status"": ""Accepted"", ""rejection_reason"": null, ""validation_record_status"": ""valid""}, {""row_index"": 1185, ""target_field"": ""permit_type"", ""algorithm"": ""association_rules"", ""predicted_value"": ""Electrical OTC"", ""confidence"": 1.0, ""prediction_source"": ""matched_rules"", ""passes_threshold"": true, ""candidate_status"": ""Accepted"", ""rejection_reason"": null, ""validation_record_status"": ""valid""}, {""row_index"": 1185, ""target_field"": ""permit_type"", ""algorithm"": ""clustering"", ""predicted_value"": ""Electrical OTC"", ""confidence"": 1.0, ""prediction_source"": ""cluster_majority"", ""passes_threshold"": true, ""candidate_status"": ""Accepted"", ""rejection_reason"": null, ""validation_record_status"": ""valid""}, {""row_index"": 1185, ""target_field"": ""permit_type"", ""algorithm"": ""knn"", ""predicted_value"": ""Electrical OTC"", ""confidence"": 1.0, ""prediction_source"": ""nearest_neighbors"", ""passes_threshold"": true, ""candidate_status"": ""Accepted"", ""rejection_reason"": null, ""validation_record_status"": ""valid""}]",
1189,permit_type,Mechanical OTC,1,Mechanical OTC,0.9940036257146841,Accepted,unanimous_vote,association_rules,"[""association_rules"", ""clustering"", ""grouped_majority"", ""knn""]",4,4,4,4,0.0,valid,True,"[{""row_index"": 1189, ""target_field"": ""permit_type"", ""algorithm"": ""grouped_majority"", ""predicted_value"": ""Mechanical OTC"", ""confidence"": 0.9900990099009901, ""prediction_source"": ""group_majority"", ""passes_threshold"": true, ""candidate_status"": ""Accepted"", ""rejection_reason"": null, ""validation_record_status"": ""valid""}, {""row_index"": 1189, ""target_field"": ""permit_type"", ""algorithm"": ""association_rules"", ""predicted_value"": ""Mechanical OTC"", ""confidence"": 1.0, ""prediction_source"": ""matched_rules"", ""passes_threshold"": true, ""candidate_status"": ""Accepted"", ""rejection_reason"": null, ""validation_record_status"": ""valid""}, {""row_index"": 1189, ""target_field"": ""permit_type"", ""algorithm"": ""clustering"", ""predicted_value"": ""Mechanical OTC"", ""confidence"": 0.9859154929577465, ""prediction_source"": ""cluster_majority"", ""passes_threshold"": true, ""candidate_status"": ""Accepted"", ""rejection_reason"": null, ""validation_record_status"": ""valid""}, {""row_index"": 1189, ""target_field"": ""permit_type"", ""algorithm"": ""knn"", ""predicted_value"": ""Mechanical OTC"", ""confidence"": 1.0, ""prediction_source"": ""nearest_neighbors"", ""passes_threshold"": true, ""candidate_status"": ""Accepted"", ""rejection_reason"": null, ""validation_record_status"": ""valid""}]",
1190,permit_type,Mechanical OTC,1,Mechanical OTC,0.9416451351486463,Accepted,unanimous_vote,association_rules,"[""association_rules"", ""clustering"", ""grouped_majority"", ""knn""]",4,4,4,4,0.0,valid,True,"[{""row_index"": 1190, ""target_field"": ""permit_type"", ""algorithm"": ""grouped_majority"", ""predicted_value"": ""Mechanical OTC"", ""confidence"": 0.9900990099009901, ""prediction_source"": ""group_majority"", ""passes_threshold"": true, ""candidate_status"": ""Accepted"", ""rejection_reason"": null, ""validation_record_status"": ""valid""}, {""row_index"": 1190, ""target_field"": ""permit_type"", ""algorithm"": ""association_rules"", ""predicted_value"": ""Mechanical OTC"", ""confidence"": 0.9905660377358491, ""prediction_source"": ""matched_rules"", ""passes_threshold"": true, ""candidate_status"": ""Accepted"", ""rejection_reason"": null, ""validation_record_status"": ""valid""}, {""row_index"": 1190, ""target_field"": ""permit_type"", ""algorithm"": ""clustering"", ""predicted_value"": ""Mechanical OTC"", ""confidence"": 0.9859154929577465, ""prediction_source"": ""cluster_majority"", ""passes_threshold"": true, ""candidate_status"": ""Accepted"", ""rejection_reason"": null, ""validation_record_status"": ""valid""}, {""row_index"": 1190, ""target_field"": ""permit_type"", ""algorithm"": ""knn"", ""predicted_value"": ""Mechanical OTC"", ""confidence"": 0.8, ""prediction_source"": ""nearest_neighbors"", ""passes_threshold"": true, ""candidate_status"": ""Accepted"", ""rejection_reason"": null, ""validation_record_status"": ""valid""}]",
1199,permit_type,Plumbing OTC,1,Plumbing OTC,0.997093023255814,Accepted,unanimous_vote,association_rules,"[""association_rules"", ""clustering"", ""grouped_majority"", ""knn""]",4,4,4,4,0.0,valid,True,"[{""row_index"": 1199, ""target_field"": ""permit_type"", ""algorithm"": ""grouped_majority"", ""predicted_value"": ""Plumbing OTC"", ""confidence"": 0.9883720930232558, ""prediction_source"": ""group_majority"", ""passes_threshold"": true, ""candidate_status"": ""Accepted"", ""rejection_reason"": null, ""validation_record_status"": ""valid""}, {""row_index"": 1199, ""target_field"": ""permit_type"", ""algorithm"": ""association_rules"", ""predicted_value"": ""Plumbing OTC"", ""confidence"": 1.0, ""prediction_source"": ""matched_rules"", ""passes_threshold"": true, ""candidate_status"": ""Accepted"", ""rejection_reason"": null, ""validation_record_status"": ""valid""}, {""row_index"": 1199, ""target_field"": ""permit_type"", ""algorithm"": ""clustering"", ""predicted_value"": ""Plumbing OTC"", ""confidence"": 1.0, ""prediction_source"": ""cluster_majority"", ""passes_threshold"": true, ""candidate_status"": ""Accepted"", ""rejection_reason"": null, ""validation_record_status"": ""valid""}, {""row_index"": 1199, ""target_field"": ""permit_type"", ""algorithm"": ""knn"", ""predicted_value"": ""Plumbing OTC"", ""confidence"": 1.0, ""prediction_source"": ""nearest_neighbors"", ""passes_threshold"": true, ""candidate_status"": ""Accepted"", ""rejection_reason"": null, ""validation_record_status"": ""valid""}]",
1200,permit_type,Plumbing OTC,1,Plumbing OTC,0.997093023255814,Accepted,unanimous_vote,association_rules,"[""association_rules"", ""clustering"", ""grouped_majority"", ""knn""]",4,4,4,4,0.0,valid,True,"[{""row_index"": 1200, ""target_field"": ""permit_type"", ""algorithm"": ""grouped_majority"", ""predicted_value"": ""Plumbing OTC"", ""confidence"": 0.9883720930232558, ""prediction_source"": ""group_majority"", ""passes_threshold"": true, ""candidate_status"": ""Accepted"", ""rejection_reason"": null, ""validation_record_status"": ""valid""}, {""row_index"": 1200, ""target_field"": ""permit_type"", ""algorithm"": ""association_rules"", ""predicted_value"": ""Plumbing OTC"", ""confidence"": 1.0, ""prediction_source"": ""matched_rules"", ""passes_threshold"": true, ""candidate_status"": ""Accepted"", ""rejection_reason"": null, ""validation_record_status"": ""valid""}, {""row_index"": 1200, ""target_field"": ""permit_type"", ""algorithm"": ""clustering"", ""predicted_value"": ""Plumbing OTC"", ""confidence"": 1.0, ""prediction_source"": ""cluster_majority"", ""passes_threshold"": true, ""candidate_status"": ""Accepted"", ""rejection_reason"": null, ""validation_record_status"": ""valid""}, {""row_index"": 1200, ""target_field"": ""permit_type"", ""algorithm"": ""knn"", ""predicted_value"": ""Plumbing OTC"", ""confidence"": 1.0, ""prediction_source"": ""nearest_neighbors"", ""passes_threshold"": true, ""candidate_status"": ""Accepted"", ""rejection_reason"": null, ""validation_record_status"": ""valid""}]",
1201,permit_type,Plumbing OTC,1,Plumbing OTC,1.0,Accepted,unanimous_vote,association_rules,"[""association_rules"", ""clustering"", ""grouped_majority"", ""knn""]",4,4,4,4,0.0,valid,True,"[{""row_index"": 1201, ""target_field"": ""permit_type"", ""algorithm"": ""grouped_majority"", ""predicted_value"": ""Plumbing OTC"", ""confidence"": 1.0, ""prediction_source"": ""group_majority"", ""passes_threshold"": true, ""candidate_status"": ""Accepted"", ""rejection_reason"": null, ""validation_record_status"": ""valid""}, {""row_index"": 1201, ""target_field"": ""permit_type"", ""algorithm"": ""association_rules"", ""predicted_value"": ""Plumbing OTC"", ""confidence"": 1.0, ""prediction_source"": ""matched_rules"", ""passes_threshold"": true, ""candidate_status"": ""Accepted"", ""rejection_reason"": null, ""validation_record_status"": ""valid""}, {""row_index"": 1201, ""target_field"": ""permit_type"", ""algorithm"": ""clustering"", ""predicted_value"": ""Plumbing OTC"", ""confidence"": 1.0, ""prediction_source"": ""cluster_majority"", ""passes_threshold"": true, ""candidate_status"": ""Accepted"", ""rejection_reason"": null, ""validation_record_status"": ""valid""}, {""row_index"": 1201, ""target_field"": ""permit_type"", ""algorithm"": ""knn"", ""predicted_value"": ""Plumbing OTC"", ""confidence"": 1.0, ""prediction_source"": ""nearest_neighbors"", ""passes_threshold"": true, ""candidate_status"": ""Accepted"", ""rejection_reason"": null, ""validation_record_status"": ""valid""}]",
1203,permit_type,Plumbing OTC,1,Plumbing OTC,1.0,Accepted,unanimous_vote,association_rules,"[""association_rules"", ""clustering"", ""grouped_majority"", ""knn""]",4,4,4,4,0.0,valid,True,"[{""row_index"": 1203, ""target_field"": ""permit_type"", ""algorithm"": ""grouped_majority"", ""predicted_value"": ""Plumbing OTC"", ""confidence"": 1.0, ""prediction_source"": ""group_majority"", ""passes_threshold"": true, ""candidate_status"": ""Accepted"", ""rejection_reason"": null, ""validation_record_status"": ""valid""}, {""row_index"": 1203, ""target_field"": ""permit_type"", ""algorithm"": ""association_rules"", ""predicted_value"": ""Plumbing OTC"", ""confidence"": 1.0, ""prediction_source"": ""matched_rules"", ""passes_threshold"": true, ""candidate_status"": ""Accepted"", ""rejection_reason"": null, ""validation_record_status"": ""valid""}, {""row_index"": 1203, ""target_field"": ""permit_type"", ""algorithm"": ""clustering"", ""predicted_value"": ""Plumbing OTC"", ""confidence"": 1.0, ""prediction_source"": ""cluster_majority"", ""passes_threshold"": true, ""candidate_status"": ""Accepted"", ""rejection_reason"": null, ""validation_record_status"": ""valid""}, {""row_index"": 1203, ""target_field"": ""permit_type"", ""algorithm"": ""knn"", ""predicted_value"": ""Plumbing OTC"", ""confidence"": 1.0, ""prediction_source"": ""nearest_neighbors"", ""passes_threshold"": true, ""candidate_status"": ""Accepted"", ""rejection_reason"": null, ""validation_record_status"": ""valid""}]",
1204,permit_type,Plumbing OTC,1,Plumbing OTC,0.997093023255814,Accepted,unanimous_vote,association_rules,"[""association_rules"", ""clustering"", ""grouped_majority"", ""knn""]",4,4,4,4,0.0,valid,True,"[{""row_index"": 1204, ""target_field"": ""permit_type"", ""algorithm"": ""grouped_majority"", ""predicted_value"": ""Plumbing OTC"", ""confidence"": 0.9883720930232558, ""prediction_source"": ""group_majority"", ""passes_threshold"": true, ""candidate_status"": ""Accepted"", ""rejection_reason"": null, ""validation_record_status"": ""valid""}, {""row_index"": 1204, ""target_field"": ""permit_type"", ""algorithm"": ""association_rules"", ""predicted_value"": ""Plumbing OTC"", ""confidence"": 1.0, ""prediction_source"": ""matched_rules"", ""passes_threshold"": true, ""candidate_status"": ""Accepted"", ""rejection_reason"": null, ""validation_record_status"": ""valid""}, {""row_index"": 1204, ""target_field"": ""permit_type"", ""algorithm"": ""clustering"", ""predicted_value"": ""Plumbing OTC"", ""confidence"": 1.0, ""prediction_source"": ""cluster_majority"", ""passes_threshold"": true, ""candidate_status"": ""Accepted"", ""rejection_reason"": null, ""validation_record_status"": ""valid""}, {""row_index"": 1204, ""target_field"": ""permit_type"", ""algorithm"": ""knn"", ""predicted_value"": ""Plumbing OTC"", ""confidence"": 1.0, ""prediction_source"": ""nearest_neighbors"", ""passes_threshold"": true, ""candidate_status"": ""Accepted"", ""rejection_reason"": null, ""validation_record_status"": ""valid""}]",
1205,permit_type,Plumbing OTC,1,Plumbing OTC,0.997093023255814,Accepted,unanimous_vote,association_rules,"[""association_rules"", ""clustering"", ""grouped_majority"", ""knn""]",4,4,4,4,0.0,valid,True,"[{""row_index"": 1205, ""target_field"": ""permit_type"", ""algorithm"": ""grouped_majority"", ""predicted_value"": ""Plumbing OTC"", ""confidence"": 0.9883720930232558, ""prediction_source"": ""group_majority"", ""passes_threshold"": true, ""candidate_status"": ""Accepted"", ""rejection_reason"": null, ""validation_record_status"": ""valid""}, {""row_index"": 1205, ""target_field"": ""permit_type"", ""algorithm"": ""association_rules"", ""predicted_value"": ""Plumbing OTC"", ""confidence"": 1.0, ""prediction_source"": ""matched_rules"", ""passes_threshold"": true, ""candidate_status"": ""Accepted"", ""rejection_reason"": null, ""validation_record_status"": ""valid""}, {""row_index"": 1205, ""target_field"": ""permit_type"", ""algorithm"": ""clustering"", ""predicted_value"": ""Plumbing OTC"", ""confidence"": 1.0, ""prediction_source"": ""cluster_majority"", ""passes_threshold"": true, ""candidate_status"": ""Accepted"", ""rejection_reason"": null, ""validation_record_status"": ""valid""}, {""row_index"": 1205, ""target_field"": ""permit_type"", ""algorithm"": ""knn"", ""predicted_value"": ""Plumbing OTC"", ""confidence"": 1.0, ""prediction_source"": ""nearest_neighbors"", ""passes_threshold"": true, ""candidate_status"": ""Accepted"", ""rejection_reason"": null, ""validation_record_status"": ""valid""}]",
1209,permit_type,Residential Building Report,1,Residential Building Report,0.9637064220183487,Accepted,unanimous_vote,association_rules,"[""association_rules"", ""clustering"", ""grouped_majority"", ""knn""]",4,4,4,4,0.0,valid,True,"[{""row_index"": 1209, ""target_field"": ""permit_type"", ""algorithm"": ""grouped_majority"", ""predicted_value"": ""Residential Building Report"", ""confidence"": 0.9908256880733946, ""prediction_source"": ""group_majority"", ""passes_threshold"": true, ""candidate_status"": ""Accepted"", ""rejection_reason"": null, ""validation_record_status"": ""valid""}, {""row_index"": 1209, ""target_field"": ""permit_type"", ""algorithm"": ""association_rules"", ""predicted_value"": ""Residential Building Report"", ""confidence"": 1.0, ""prediction_source"": ""matched_rules"", ""passes_threshold"": true, ""candidate_status"": ""Accepted"", ""rejection_reason"": null, ""validation_record_status"": ""valid""}, {""row_index"": 1209, ""target_field"": ""permit_type"", ""algorithm"": ""clustering"", ""predicted_value"": ""Residential Building Report"", ""confidence"": 0.864, ""prediction_source"": ""cluster_majority"", ""passes_threshold"": true, ""candidate_status"": ""Accepted"", ""rejection_reason"": null, ""validation_record_status"": ""valid""}, {""row_index"": 1209, ""target_field"": ""permit_type"", ""algorithm"": ""knn"", ""predicted_value"": ""Residential Building Report"", ""confidence"": 1.0, ""prediction_source"": ""nearest_neighbors"", ""passes_threshold"": true, ""candidate_status"": ""Accepted"", ""rejection_reason"": null, ""validation_record_status"": ""valid""}]",
1211,permit_type,Residential Building Report,1,Residential Building Report,0.9637064220183487,Accepted,unanimous_vote,association_rules,"[""association_rules"", ""clustering"", ""grouped_majority"", ""knn""]",4,4,4,4,0.0,valid,True,"[{""row_index"": 1211, ""target_field"": ""permit_type"", ""algorithm"": ""grouped_majority"", ""predicted_value"": ""Residential Building Report"", ""confidence"": 0.9908256880733946, ""prediction_source"": ""group_majority"", ""passes_threshold"": true, ""candidate_status"": ""Accepted"", ""rejection_reason"": null, ""validation_record_status"": ""valid""}, {""row_index"": 1211, ""target_field"": ""permit_type"", ""algorithm"": ""association_rules"", ""predicted_value"": ""Residential Building Report"", ""confidence"": 1.0, ""prediction_source"": ""matched_rules"", ""passes_threshold"": true, ""candidate_status"": ""Accepted"", ""rejection_reason"": null, ""validation_record_status"": ""valid""}, {""row_index"": 1211, ""target_field"": ""permit_type"", ""algorithm"": ""clustering"", ""predicted_value"": ""Residential Building Report"", ""confidence"": 0.864, ""prediction_source"": ""cluster_majority"", ""passes_threshold"": true, ""candidate_status"": ""Accepted"", ""rejection_reason"": null, ""validation_record_status"": ""valid""}, {""row_index"": 1211, ""target_field"": ""permit_type"", ""algorithm"": ""knn"", ""predicted_value"": ""Residential Building Report"", ""confidence"": 1.0, ""prediction_source"": ""nearest_neighbors"", ""passes_threshold"": true, ""candidate_status"": ""Accepted"", ""rejection_reason"": null, ""validation_record_status"": ""valid""}]",
1213,permit_type,Residential Building Report,1,Residential Building Report,0.9637064220183487,Accepted,unanimous_vote,association_rules,"[""association_rules"", ""clustering"", ""grouped_majority"", ""knn""]",4,4,4,4,0.0,valid,True,"[{""row_index"": 1213, ""target_field"": ""permit_type"", ""algorithm"": ""grouped_majority"", ""predicted_value"": ""Residential Building Report"", ""confidence"": 0.9908256880733946, ""prediction_source"": ""group_majority"", ""passes_threshold"": true, ""candidate_status"": ""Accepted"", ""rejection_reason"": null, ""validation_record_status"": ""valid""}, {""row_index"": 1213, ""target_field"": ""permit_type"", ""algorithm"": ""association_rules"", ""predicted_value"": ""Residential Building Report"", ""confidence"": 1.0, ""prediction_source"": ""matched_rules"", ""passes_threshold"": true, ""candidate_status"": ""Accepted"", ""rejection_reason"": null, ""validation_record_status"": ""valid""}, {""row_index"": 1213, ""target_field"": ""permit_type"", ""algorithm"": ""clustering"", ""predicted_value"": ""Residential Building Report"", ""confidence"": 0.864, ""prediction_source"": ""cluster_majority"", ""passes_threshold"": true, ""candidate_status"": ""Accepted"", ""rejection_reason"": null, ""validation_record_status"": ""valid""}, {""row_index"": 1213, ""target_field"": ""permit_type"", ""algorithm"": ""knn"", ""predicted_value"": ""Residential Building Report"", ""confidence"": 1.0, ""prediction_source"": ""nearest_neighbors"", ""passes_threshold"": true, ""candidate_status"": ""Accepted"", ""rejection_reason"": null, ""validation_record_status"": ""valid""}]",
1215,permit_type,Residential Building Report,1,Residential Building Report,0.9637064220183487,Accepted,unanimous_vote,association_rules,"[""association_rules"", ""clustering"", ""grouped_majority"", ""knn""]",4,4,4,4,0.0,valid,True,"[{""row_index"": 1215, ""target_field"": ""permit_type"", ""algorithm"": ""grouped_majority"", ""predicted_value"": ""Residential Building Report"", ""confidence"": 0.9908256880733946, ""prediction_source"": ""group_majority"", ""passes_threshold"": true, ""candidate_status"": ""Accepted"", ""rejection_reason"": null, ""validation_record_status"": ""valid""}, {""row_index"": 1215, ""target_field"": ""permit_type"", ""algorithm"": ""association_rules"", ""predicted_value"": ""Residential Building Report"", ""confidence"": 1.0, ""prediction_source"": ""matched_rules"", ""passes_threshold"": true, ""candidate_status"": ""Accepted"", ""rejection_reason"": null, ""validation_record_status"": ""valid""}, {""row_index"": 1215, ""target_field"": ""permit_type"", ""algorithm"": ""clustering"", ""predicted_value"": ""Residential Building Report"", ""confidence"": 0.864, ""prediction_source"": ""cluster_majority"", ""passes_threshold"": true, ""candidate_status"": ""Accepted"", ""rejection_reason"": null, ""validation_record_status"": ""valid""}, {""row_index"": 1215, ""target_field"": ""permit_type"", ""algorithm"": ""knn"", ""predicted_value"": ""Residential Building Report"", ""confidence"": 1.0, ""prediction_source"": ""nearest_neighbors"", ""passes_threshold"": true, ""candidate_status"": ""Accepted"", ""rejection_reason"": null, ""validation_record_status"": ""valid""}]",
1216,permit_type,Revision BLD,1,Building Permit OTC,0.756628938838408,Accepted,majority_vote,association_rules,"[""association_rules"", ""clustering"", ""grouped_majority""]",3,4,4,4,0.0,valid,True,"[{""row_index"": 1216, ""target_field"": ""permit_type"", ""algorithm"": ""grouped_majority"", ""predicted_value"": ""Building Permit OTC"", ""confidence"": 0.6097560975609756, ""prediction_source"": ""group_majority"", ""passes_threshold"": true, ""candidate_status"": ""Accepted"", ""rejection_reason"": null, ""validation_record_status"": ""valid""}, {""row_index"": 1216, ""target_field"": ""permit_type"", ""algorithm"": ""association_rules"", ""predicted_value"": ""Building Permit OTC"", ""confidence"": 0.8823529411764705, ""prediction_source"": ""matched_rules"", ""passes_threshold"": true, ""candidate_status"": ""Accepted"", ""rejection_reason"": null, ""validation_record_status"": ""valid""}, {""row_index"": 1216, ""target_field"": ""permit_type"", ""algorithm"": ""clustering"", ""predicted_value"": ""Building Permit OTC"", ""confidence"": 0.7777777777777778, ""prediction_source"": ""cluster_majority"", ""passes_threshold"": true, ""candidate_status"": ""Accepted"", ""rejection_reason"": null, ""validation_record_status"": ""valid""}, {""row_index"": 1216, ""target_field"": ""permit_type"", ""algorithm"": ""knn"", ""predicted_value"": ""Plumbing OTC"", ""confidence"": 0.6, ""prediction_source"": ""nearest_neighbors"", ""passes_threshold"": true, ""candidate_status"": ""Accepted"", ""rejection_reason"": null, ""validation_record_status"": ""valid""}]",
1218,permit_type,Solar Permit,1,Building Permit OTC,0.7132085419200171,Accepted,majority_vote,association_rules,"[""association_rules"", ""clustering"", ""grouped_majority""]",3,4,4,4,0.0,valid,True,"[{""row_index"": 1218, ""target_field"": ""permit_type"", ""algorithm"": ""grouped_majority"", ""predicted_value"": ""Building Permit OTC"", ""confidence"": 0.5693950177935944, ""prediction_source"": ""group_majority"", ""passes_threshold"": true, ""candidate_status"": ""Accepted"", ""rejection_reason"": null, ""validation_record_status"": ""valid""}, {""row_index"": 1218, ""target_field"": ""permit_type"", ""algorithm"": ""association_rules"", ""predicted_value"": ""Building Permit OTC"", ""confidence"": 0.7924528301886792, ""prediction_source"": ""matched_rules"", ""passes_threshold"": true, ""candidate_status"": ""Accepted"", ""rejection_reason"": null, ""validation_record_status"": ""valid""}, {""row_index"": 1218, ""target_field"": ""permit_type"", ""algorithm"": ""clustering"", ""predicted_value"": ""Building Permit OTC"", ""confidence"": 0.7777777777777778, ""prediction_source"": ""cluster_majority"", ""passes_threshold"": true, ""candidate_status"": ""Accepted"", ""rejection_reason"": null, ""validation_record_status"": ""valid""}, {""row_index"": 1218, ""target_field"": ""permit_type"", ""algorithm"": ""knn"", ""predicted_value"": ""Building - In House Plan Check"", ""confidence"": 1.0, ""prediction_source"": ""nearest_neighbors"", ""passes_threshold"": true, ""candidate_status"": ""Accepted"", ""rejection_reason"": null, ""validation_record_status"": ""valid""}]",
1219,permit_type,Solar Permit,1,Building Permit OTC,0.6678345149751257,Accepted,majority_vote,association_rules,"[""association_rules"", ""clustering"", ""grouped_majority""]",3,4,4,4,0.0,valid,True,"[{""row_index"": 1219, ""target_field"": ""permit_type"", ""algorithm"": ""grouped_majority"", ""predicted_value"": ""Building Permit OTC"", ""confidence"": 0.5693950177935944, ""prediction_source"": ""group_majority"", ""passes_threshold"": true, ""candidate_status"": ""Accepted"", ""rejection_reason"": null, ""validation_record_status"": ""valid""}, {""row_index"": 1219, ""target_field"": ""permit_type"", ""algorithm"": ""association_rules"", ""predicted_value"": ""Building Permit OTC"", ""confidence"": 0.8139534883720931, ""prediction_source"": ""matched_rules"", ""passes_threshold"": true, ""candidate_status"": ""Accepted"", ""rejection_reason"": null, ""validation_record_status"": ""valid""}, {""row_index"": 1219, ""target_field"": ""permit_type"", ""algorithm"": ""clustering"", ""predicted_value"": ""Building Permit OTC"", ""confidence"": 0.6201550387596899, ""prediction_source"": ""cluster_majority"", ""passes_threshold"": true, ""candidate_status"": ""Accepted"", ""rejection_reason"": null, ""validation_record_status"": ""valid""}, {""row_index"": 1219, ""target_field"": ""permit_type"", ""algorithm"": ""knn"", ""predicted_value"": ""Building - In House Plan Check"", ""confidence"": 0.8, ""prediction_source"": ""nearest_neighbors"", ""passes_threshold"": true, ""candidate_status"": ""Accepted"", ""rejection_reason"": null, ""validation_record_status"": ""valid""}]",
1220,permit_type,Building - Full Plan Check,1,Building - Full Plan Check,0.7264957264957266,Accepted,majority_vote,knn,"[""association_rules"", ""clustering"", ""knn""]",3,4,4,4,0.0,valid,True,"[{""row_index"": 1220, ""target_field"": ""permit_type"", ""algorithm"": ""grouped_majority"", ""predicted_value"": ""Building Permit OTC"", ""confidence"": 0.5693950177935944, ""prediction_source"": ""group_majority"", ""passes_threshold"": true, ""candidate_status"": ""Accepted"", ""rejection_reason"": null, ""validation_record_status"": ""valid""}, {""row_index"": 1220, ""target_field"": ""permit_type"", ""algorithm"": ""association_rules"", ""predicted_value"": ""Building - Full Plan Check"", ""confidence"": 0.8461538461538461, ""prediction_source"": ""matched_rules"", ""passes_threshold"": true, ""candidate_status"": ""Accepted"", ""rejection_reason"": null, ""validation_record_status"": ""valid""}, {""row_index"": 1220, ""target_field"": ""permit_type"", ""algorithm"": ""clustering"", ""predicted_value"": ""Building - Full Plan Check"", ""confidence"": 0.3333333333333333, ""prediction_source"": ""cluster_majority"", ""passes_threshold"": true, ""candidate_status"": ""Accepted"", ""rejection_reason"": null, ""validation_record_status"": ""valid""}, {""row_index"": 1220, ""target_field"": ""permit_type"", ""algorithm"": ""knn"", ""predicted_value"": ""Building - Full Plan Check"", ""confidence"": 1.0, ""prediction_source"": ""nearest_neighbors"", ""passes_threshold"": true, ""candidate_status"": ""Accepted"", ""rejection_reason"": null, ""validation_record_status"": ""valid""}]",
1221,permit_type,Building - Full Plan Check,1,,0.9230769230769231,Requires Review,average_confidence_tiebreak,knn,"[""association_rules"", ""knn""]",2,4,4,4,0.0,valid,False,"[{""row_index"": 1221, ""target_field"": ""permit_type"", ""algorithm"": ""grouped_majority"", ""predicted_value"": ""Building Permit OTC"", ""confidence"": 0.5693950177935944, ""prediction_source"": ""group_majority"", ""passes_threshold"": true, ""candidate_status"": ""Accepted"", ""rejection_reason"": null, ""validation_record_status"": ""valid""}, {""row_index"": 1221, ""target_field"": ""permit_type"", ""algorithm"": ""association_rules"", ""predicted_value"": ""Building - Full Plan Check"", ""confidence"": 0.8461538461538461, ""prediction_source"": ""matched_rules"", ""passes_threshold"": true, ""candidate_status"": ""Accepted"", ""rejection_reason"": null, ""validation_record_status"": ""valid""}, {""row_index"": 1221, ""target_field"": ""permit_type"", ""algorithm"": ""clustering"", ""predicted_value"": ""Building Permit OTC"", ""confidence"": 0.6201550387596899, ""prediction_source"": ""cluster_majority"", ""passes_threshold"": true, ""candidate_status"": ""Accepted"", ""rejection_reason"": null, ""validation_record_status"": ""valid""}, {""row_index"": 1221, ""target_field"": ""permit_type"", ""algorithm"": ""knn"", ""predicted_value"": ""Building - Full Plan Check"", ""confidence"": 1.0, ""prediction_source"": ""nearest_neighbors"", ""passes_threshold"": true, ""candidate_status"": ""Accepted"", ""rejection_reason"": null, ""validation_record_status"": ""valid""}]",
1222,permit_type,Building - Full Plan Check,1,Building Permit OTC,0.589575557677285,Accepted,majority_vote,association_rules,"[""association_rules"", ""grouped_majority""]",2,4,4,4,0.0,valid,True,"[{""row_index"": 1222, ""target_field"": ""permit_type"", ""algorithm"": ""grouped_majority"", ""predicted_value"": ""Building Permit OTC"", ""confidence"": 0.5693950177935944, ""prediction_source"": ""group_majority"", ""passes_threshold"": true, ""candidate_status"": ""Accepted"", ""rejection_reason"": null, ""validation_record_status"": ""valid""}, {""row_index"": 1222, ""target_field"": ""permit_type"", ""algorithm"": ""association_rules"", ""predicted_value"": ""Building Permit OTC"", ""confidence"": 0.6097560975609756, ""prediction_source"": ""matched_rules"", ""passes_threshold"": true, ""candidate_status"": ""Accepted"", ""rejection_reason"": null, ""validation_record_status"": ""valid""}, {""row_index"": 1222, ""target_field"": ""permit_type"", ""algorithm"": ""clustering"", ""predicted_value"": ""Building - Full Plan Check"", ""confidence"": 0.3333333333333333, ""prediction_source"": ""cluster_majority"", ""passes_threshold"": true, ""candidate_status"": ""Accepted"", ""rejection_reason"": null, ""validation_record_status"": ""valid""}, {""row_index"": 1222, ""target_field"": ""permit_type"", ""algorithm"": ""knn"", ""predicted_value"": ""Building - In House Plan Check"", ""confidence"": 0.8, ""prediction_source"": ""nearest_neighbors"", ""passes_threshold"": true, ""candidate_status"": ""Accepted"", ""rejection_reason"": null, ""validation_record_status"": ""valid""}]",
1223,permit_type,Building - Full Plan Check,1,Building - Full Plan Check,0.7264957264957266,Accepted,majority_vote,knn,"[""association_rules"", ""clustering"", ""knn""]",3,4,4,4,0.0,valid,True,"[{""row_index"": 1223, ""target_field"": ""permit_type"", ""algorithm"": ""grouped_majority"", ""predicted_value"": ""Building Permit OTC"", ""confidence"": 0.5693950177935944, ""prediction_source"": ""group_majority"", ""passes_threshold"": true, ""candidate_status"": ""Accepted"", ""rejection_reason"": null, ""validation_record_status"": ""valid""}, {""row_index"": 1223, ""target_field"": ""permit_type"", ""algorithm"": ""association_rules"", ""predicted_value"": ""Building - Full Plan Check"", ""confidence"": 0.8461538461538461, ""prediction_source"": ""matched_rules"", ""passes_threshold"": true, ""candidate_status"": ""Accepted"", ""rejection_reason"": null, ""validation_record_status"": ""valid""}, {""row_index"": 1223, ""target_field"": ""permit_type"", ""algorithm"": ""clustering"", ""predicted_value"": ""Building - Full Plan Check"", ""confidence"": 0.3333333333333333, ""prediction_source"": ""cluster_majority"", ""passes_threshold"": true, ""candidate_status"": ""Accepted"", ""rejection_reason"": null, ""validation_record_status"": ""valid""}, {""row_index"": 1223, ""target_field"": ""permit_type"", ""algorithm"": ""knn"", ""predicted_value"": ""Building - Full Plan Check"", ""confidence"": 1.0, ""prediction_source"": ""nearest_neighbors"", ""passes_threshold"": true, ""candidate_status"": ""Accepted"", ""rejection_reason"": null, ""validation_record_status"": ""valid""}]",
1226,permit_type,Building - Full Plan Check,1,Building - Full Plan Check,0.5015873015873016,Accepted,majority_vote,knn,"[""association_rules"", ""clustering"", ""knn""]",3,4,4,4,0.0,valid,True,"[{""row_index"": 1226, ""target_field"": ""permit_type"", ""algorithm"": ""grouped_majority"", ""predicted_value"": ""Building Permit OTC"", ""confidence"": 0.5693950177935944, ""prediction_source"": ""group_majority"", ""passes_threshold"": true, ""candidate_status"": ""Accepted"", ""rejection_reason"": null, ""validation_record_status"": ""valid""}, {""row_index"": 1226, ""target_field"": ""permit_type"", ""algorithm"": ""association_rules"", ""predicted_value"": ""Building - Full Plan Check"", ""confidence"": 0.5714285714285715, ""prediction_source"": ""matched_rules"", ""passes_threshold"": true, ""candidate_status"": ""Accepted"", ""rejection_reason"": null, ""validation_record_status"": ""valid""}, {""row_index"": 1226, ""target_field"": ""permit_type"", ""algorithm"": ""clustering"", ""predicted_value"": ""Building - Full Plan Check"", ""confidence"": 0.3333333333333333, ""prediction_source"": ""cluster_majority"", ""passes_threshold"": true, ""candidate_status"": ""Accepted"", ""rejection_reason"": null, ""validation_record_status"": ""valid""}, {""row_index"": 1226, ""target_field"": ""permit_type"", ""algorithm"": ""knn"", ""predicted_value"": ""Building - Full Plan Check"", ""confidence"": 0.6, ""prediction_source"": ""nearest_neighbors"", ""passes_threshold"": true, ""candidate_status"": ""Accepted"", ""rejection_reason"": null, ""validation_record_status"": ""valid""}]",
1227,permit_type,Building - Full Plan Check,1,Building Permit OTC,0.7849064064400129,Accepted,unanimous_vote,knn,"[""association_rules"", ""clustering"", ""grouped_majority"", ""knn""]",4,4,4,4,0.0,valid,True,"[{""row_index"": 1227, ""target_field"": ""permit_type"", ""algorithm"": ""grouped_majority"", ""predicted_value"": ""Building Permit OTC"", ""confidence"": 0.5693950177935944, ""prediction_source"": ""group_majority"", ""passes_threshold"": true, ""candidate_status"": ""Accepted"", ""rejection_reason"": null, ""validation_record_status"": ""valid""}, {""row_index"": 1227, ""target_field"": ""permit_type"", ""algorithm"": ""association_rules"", ""predicted_value"": ""Building Permit OTC"", ""confidence"": 0.7924528301886792, ""prediction_source"": ""matched_rules"", ""passes_threshold"": true, ""candidate_status"": ""Accepted"", ""rejection_reason"": null, ""validation_record_status"": ""valid""}, {""row_index"": 1227, ""target_field"": ""permit_type"", ""algorithm"": ""clustering"", ""predicted_value"": ""Building Permit OTC"", ""confidence"": 0.7777777777777778, ""prediction_source"": ""cluster_majority"", ""passes_threshold"": true, ""candidate_status"": ""Accepted"", ""rejection_reason"": null, ""validation_record_status"": ""valid""}, {""row_index"": 1227, ""target_field"": ""permit_type"", ""algorithm"": ""knn"", ""predicted_value"": ""Building Permit OTC"", ""confidence"": 1.0, ""prediction_source"": ""nearest_neighbors"", ""passes_threshold"": true, ""candidate_status"": ""Accepted"", ""rejection_reason"": null, ""validation_record_status"": ""valid""}]",
1231,permit_type,Building - In House Plan Check,1,Building Permit OTC,0.5965166855177615,Accepted,majority_vote,clustering,"[""clustering"", ""grouped_majority"", ""knn""]",3,4,4,4,0.0,valid,True,"[{""row_index"": 1231, ""target_field"": ""permit_type"", ""algorithm"": ""grouped_majority"", ""predicted_value"": ""Building Permit OTC"", ""confidence"": 0.5693950177935944, ""prediction_source"": ""group_majority"", ""passes_threshold"": true, ""candidate_status"": ""Accepted"", ""rejection_reason"": null, ""validation_record_status"": ""valid""}, {""row_index"": 1231, ""target_field"": ""permit_type"", ""algorithm"": ""association_rules"", ""predicted_value"": ""Residential Building Report"", ""confidence"": 0.6292134831460675, ""prediction_source"": ""matched_rules"", ""passes_threshold"": true, ""candidate_status"": ""Accepted"", ""rejection_reason"": null, ""validation_record_status"": ""valid""}, {""row_index"": 1231, ""target_field"": ""permit_type"", ""algorithm"": ""clustering"", ""predicted_value"": ""Building Permit OTC"", ""confidence"": 0.6201550387596899, ""prediction_source"": ""cluster_majority"", ""passes_threshold"": true, ""candidate_status"": ""Accepted"", ""rejection_reason"": null, ""validation_record_status"": ""valid""}, {""row_index"": 1231, ""target_field"": ""permit_type"", ""algorithm"": ""knn"", ""predicted_value"": ""Building Permit OTC"", ""confidence"": 0.6, ""prediction_source"": ""nearest_neighbors"", ""passes_threshold"": true, ""candidate_status"": ""Accepted"", ""rejection_reason"": null, ""validation_record_status"": ""valid""}]",
1233,permit_type,Building - In House Plan Check,1,Building Permit OTC,0.589575557677285,Accepted,majority_vote,association_rules,"[""association_rules"", ""grouped_majority""]",2,4,4,4,0.0,valid,True,"[{""row_index"": 1233, ""target_field"": ""permit_type"", ""algorithm"": ""grouped_majority"", ""predicted_value"": ""Building Permit OTC"", ""confidence"": 0.5693950177935944, ""prediction_source"": ""group_majority"", ""passes_threshold"": true, ""candidate_status"": ""Accepted"", ""rejection_reason"": null, ""validation_record_status"": ""valid""}, {""row_index"": 1233, ""target_field"": ""permit_type"", ""algorithm"": ""association_rules"", ""predicted_value"": ""Building Permit OTC"", ""confidence"": 0.6097560975609756, ""prediction_source"": ""matched_rules"", ""passes_threshold"": true, ""candidate_status"": ""Accepted"", ""rejection_reason"": null, ""validation_record_status"": ""valid""}, {""row_index"": 1233, ""target_field"": ""permit_type"", ""algorithm"": ""clustering"", ""predicted_value"": ""Building - Full Plan Check"", ""confidence"": 0.3333333333333333, ""prediction_source"": ""cluster_majority"", ""passes_threshold"": true, ""candidate_status"": ""Accepted"", ""rejection_reason"": null, ""validation_record_status"": ""valid""}, {""row_index"": 1233, ""target_field"": ""permit_type"", ""algorithm"": ""knn"", ""predicted_value"": ""Building - In House Plan Check"", ""confidence"": 0.6, ""prediction_source"": ""nearest_neighbors"", ""passes_threshold"": true, ""candidate_status"": ""Accepted"", ""rejection_reason"": null, ""validation_record_status"": ""valid""}]",
1234,permit_type,Building - In House Plan Check,1,Building Permit OTC,0.7298500188510948,Accepted,majority_vote,knn,"[""clustering"", ""grouped_majority"", ""knn""]",3,4,4,4,0.0,valid,True,"[{""row_index"": 1234, ""target_field"": ""permit_type"", ""algorithm"": ""grouped_majority"", ""predicted_value"": ""Building Permit OTC"", ""confidence"": 0.5693950177935944, ""prediction_source"": ""group_majority"", ""passes_threshold"": true, ""candidate_status"": ""Accepted"", ""rejection_reason"": null, ""validation_record_status"": ""valid""}, {""row_index"": 1234, ""target_field"": ""permit_type"", ""algorithm"": ""association_rules"", ""predicted_value"": ""Electrical OTC"", ""confidence"": 1.0, ""prediction_source"": ""matched_rules"", ""passes_threshold"": true, ""candidate_status"": ""Accepted"", ""rejection_reason"": null, ""validation_record_status"": ""valid""}, {""row_index"": 1234, ""target_field"": ""permit_type"", ""algorithm"": ""clustering"", ""predicted_value"": ""Building Permit OTC"", ""confidence"": 0.6201550387596899, ""prediction_source"": ""cluster_majority"", ""passes_threshold"": true, ""candidate_status"": ""Accepted"", ""rejection_reason"": null, ""validation_record_status"": ""valid""}, {""row_index"": 1234, ""target_field"": ""permit_type"", ""algorithm"": ""knn"", ""predicted_value"": ""Building Permit OTC"", ""confidence"": 1.0, ""prediction_source"": ""nearest_neighbors"", ""passes_threshold"": true, ""candidate_status"": ""Accepted"", ""rejection_reason"": null, ""validation_record_status"": ""valid""}]",
1238,permit_type,Building - In House Plan Check,1,Building Permit OTC,0.7300223655595096,Accepted,unanimous_vote,association_rules,"[""association_rules"", ""clustering"", ""grouped_majority"", ""knn""]",4,4,4,4,0.0,valid,True,"[{""row_index"": 1238, ""target_field"": ""permit_type"", ""algorithm"": ""grouped_majority"", ""predicted_value"": ""Building Permit OTC"", ""confidence"": 0.5693950177935944, ""prediction_source"": ""group_majority"", ""passes_threshold"": true, ""candidate_status"": ""Accepted"", ""rejection_reason"": null, ""validation_record_status"": ""valid""}, {""row_index"": 1238, ""target_field"": ""permit_type"", ""algorithm"": ""association_rules"", ""predicted_value"": ""Building Permit OTC"", ""confidence"": 0.9062499999999999, ""prediction_source"": ""matched_rules"", ""passes_threshold"": true, ""candidate_status"": ""Accepted"", ""rejection_reason"": null, ""validation_record_status"": ""valid""}, {""row_index"": 1238, ""target_field"": ""permit_type"", ""algorithm"": ""clustering"", ""predicted_value"": ""Building Permit OTC"", ""confidence"": 0.7777777777777778, ""prediction_source"": ""cluster_majority"", ""passes_threshold"": true, ""candidate_status"": ""Accepted"", ""rejection_reason"": null, ""validation_record_status"": ""valid""}, {""row_index"": 1238, ""target_field"": ""permit_type"", ""algorithm"": ""knn"", ""predicted_value"": ""Building Permit OTC"", ""confidence"": 0.6666666666666666, ""prediction_source"": ""nearest_neighbors"", ""passes_threshold"": true, ""candidate_status"": ""Accepted"", ""rejection_reason"": null, ""validation_record_status"": ""valid""}]",
1242,permit_type,Building Permit OTC,1,Building Permit OTC,0.8430819826168663,Accepted,majority_vote,knn,"[""clustering"", ""grouped_majority"", ""knn""]",3,4,4,4,0.0,valid,True,"[{""row_index"": 1242, ""target_field"": ""permit_type"", ""algorithm"": ""grouped_majority"", ""predicted_value"": ""Building Permit OTC"", ""confidence"": 0.9090909090909091, ""prediction_source"": ""group_majority"", ""passes_threshold"": true, ""candidate_status"": ""Accepted"", ""rejection_reason"": null, ""validation_record_status"": ""valid""}, {""row_index"": 1242, ""target_field"": ""permit_type"", ""algorithm"": ""association_rules"", ""predicted_value"": ""Residential Building Report"", ""confidence"": 0.7500000000000001, ""prediction_source"": ""matched_rules"", ""passes_threshold"": true, ""candidate_status"": ""Accepted"", ""rejection_reason"": null, ""validation_record_status"": ""valid""}, {""row_index"": 1242, ""target_field"": ""permit_type"", ""algorithm"": ""clustering"", ""predicted_value"": ""Building Permit OTC"", ""confidence"": 0.6201550387596899, ""prediction_source"": ""cluster_majority"", ""passes_threshold"": true, ""candidate_status"": ""Accepted"", ""rejection_reason"": null, ""validation_record_status"": ""valid""}, {""row_index"": 1242, ""target_field"": ""permit_type"", ""algorithm"": ""knn"", ""predicted_value"": ""Building Permit OTC"", ""confidence"": 1.0, ""prediction_source"": ""nearest_neighbors"", ""passes_threshold"": true, ""candidate_status"": ""Accepted"", ""rejection_reason"": null, ""validation_record_status"": ""valid""}]",
1243,permit_type,Building Permit OTC,1,Building Permit OTC,0.8073814341869606,Accepted,unanimous_vote,knn,"[""association_rules"", ""clustering"", ""grouped_majority"", ""knn""]",4,4,4,4,0.0,valid,True,"[{""row_index"": 1243, ""target_field"": ""permit_type"", ""algorithm"": ""grouped_majority"", ""predicted_value"": ""Building Permit OTC"", ""confidence"": 0.5693950177935944, ""prediction_source"": ""group_majority"", ""passes_threshold"": true, ""candidate_status"": ""Accepted"", ""rejection_reason"": null, ""validation_record_status"": ""valid""}, {""row_index"": 1243, ""target_field"": ""permit_type"", ""algorithm"": ""association_rules"", ""predicted_value"": ""Building Permit OTC"", ""confidence"": 0.8823529411764705, ""prediction_source"": ""matched_rules"", ""passes_threshold"": true, ""candidate_status"": ""Accepted"", ""rejection_reason"": null, ""validation_record_status"": ""valid""}, {""row_index"": 1243, ""target_field"": ""permit_type"", ""algorithm"": ""clustering"", ""predicted_value"": ""Building Permit OTC"", ""confidence"": 0.7777777777777778, ""prediction_source"": ""cluster_majority"", ""passes_threshold"": true, ""candidate_status"": ""Accepted"", ""rejection_reason"": null, ""validation_record_status"": ""valid""}, {""row_index"": 1243, ""target_field"": ""permit_type"", ""algorithm"": ""knn"", ""predicted_value"": ""Building Permit OTC"", ""confidence"": 1.0, ""prediction_source"": ""nearest_neighbors"", ""passes_threshold"": true, ""candidate_status"": ""Accepted"", ""rejection_reason"": null, ""validation_record_status"": ""valid""}]",
1244,permit_type,Building Permit OTC,1,Building Permit OTC,0.9217171717171717,Accepted,unanimous_vote,association_rules,"[""association_rules"", ""clustering"", ""grouped_majority"", ""knn""]",4,4,4,4,0.0,valid,True,"[{""row_index"": 1244, ""target_field"": ""permit_type"", ""algorithm"": ""grouped_majority"", ""predicted_value"": ""Building Permit OTC"", ""confidence"": 0.9090909090909091, ""prediction_source"": ""group_majority"", ""passes_threshold"": true, ""candidate_status"": ""Accepted"", ""rejection_reason"": null, ""validation_record_status"": ""valid""}, {""row_index"": 1244, ""target_field"": ""permit_type"", ""algorithm"": ""association_rules"", ""predicted_value"": ""Building Permit OTC"", ""confidence"": 1.0, ""prediction_source"": ""matched_rules"", ""passes_threshold"": true, ""candidate_status"": ""Accepted"", ""rejection_reason"": null, ""validation_record_status"": ""valid""}, {""row_index"": 1244, ""target_field"": ""permit_type"", ""algorithm"": ""clustering"", ""predicted_value"": ""Building Permit OTC"", ""confidence"": 0.7777777777777778, ""prediction_source"": ""cluster_majority"", ""passes_threshold"": true, ""candidate_status"": ""Accepted"", ""rejection_reason"": null, ""validation_record_status"": ""valid""}, {""row_index"": 1244, ""target_field"": ""permit_type"", ""algorithm"": ""knn"", ""predicted_value"": ""Building Permit OTC"", ""confidence"": 1.0, ""prediction_source"": ""nearest_neighbors"", ""passes_threshold"": true, ""candidate_status"": ""Accepted"", ""rejection_reason"": null, ""validation_record_status"": ""valid""}]",
1247,permit_type,Building Permit OTC,1,Building Permit OTC,0.836793198892843,Accepted,unanimous_vote,association_rules,"[""association_rules"", ""clustering"", ""grouped_majority"", ""knn""]",4,4,4,4,0.0,valid,True,"[{""row_index"": 1247, ""target_field"": ""permit_type"", ""algorithm"": ""grouped_majority"", ""predicted_value"": ""Building Permit OTC"", ""confidence"": 0.5693950177935944, ""prediction_source"": ""group_majority"", ""passes_threshold"": true, ""candidate_status"": ""Accepted"", ""rejection_reason"": null, ""validation_record_status"": ""valid""}, {""row_index"": 1247, ""target_field"": ""permit_type"", ""algorithm"": ""association_rules"", ""predicted_value"": ""Building Permit OTC"", ""confidence"": 1.0, ""prediction_source"": ""matched_rules"", ""passes_threshold"": true, ""candidate_status"": ""Accepted"", ""rejection_reason"": null, ""validation_record_status"": ""valid""}, {""row_index"": 1247, ""target_field"": ""permit_type"", ""algorithm"": ""clustering"", ""predicted_value"": ""Building Permit OTC"", ""confidence"": 0.7777777777777778, ""prediction_source"": ""cluster_majority"", ""passes_threshold"": true, ""candidate_status"": ""Accepted"", ""rejection_reason"": null, ""validation_record_status"": ""valid""}, {""row_index"": 1247, ""target_field"": ""permit_type"", ""algorithm"": ""knn"", ""predicted_value"": ""Building Permit OTC"", ""confidence"": 1.0, ""prediction_source"": ""nearest_neighbors"", ""passes_threshold"": true, ""candidate_status"": ""Accepted"", ""rejection_reason"": null, ""validation_record_status"": ""valid""}]",
1249,permit_type,Building Permit OTC,1,Building - In House Plan Check,0.55,Accepted,majority_vote,knn,"[""association_rules"", ""knn""]",2,4,4,4,0.0,valid,True,"[{""row_index"": 1249, ""target_field"": ""permit_type"", ""algorithm"": ""grouped_majority"", ""predicted_value"": ""Building Permit OTC"", ""confidence"": 0.5693950177935944, ""prediction_source"": ""group_majority"", ""passes_threshold"": true, ""candidate_status"": ""Accepted"", ""rejection_reason"": null, ""validation_record_status"": ""valid""}, {""row_index"": 1249, ""target_field"": ""permit_type"", ""algorithm"": ""association_rules"", ""predicted_value"": ""Building - In House Plan Check"", ""confidence"": 0.5, ""prediction_source"": ""matched_rules"", ""passes_threshold"": true, ""candidate_status"": ""Accepted"", ""rejection_reason"": null, ""validation_record_status"": ""valid""}, {""row_index"": 1249, ""target_field"": ""permit_type"", ""algorithm"": ""clustering"", ""predicted_value"": ""Building - Full Plan Check"", ""confidence"": 0.3333333333333333, ""prediction_source"": ""cluster_majority"", ""passes_threshold"": true, ""candidate_status"": ""Accepted"", ""rejection_reason"": null, ""validation_record_status"": ""valid""}, {""row_index"": 1249, ""target_field"": ""permit_type"", ""algorithm"": ""knn"", ""predicted_value"": ""Building - In House Plan Check"", ""confidence"": 0.6, ""prediction_source"": ""nearest_neighbors"", ""passes_threshold"": true, ""candidate_status"": ""Accepted"", ""rejection_reason"": null, ""validation_record_status"": ""valid""}]",
1250,permit_type,Building Permit OTC,1,,0.65,Requires Review,average_confidence_tiebreak,knn,"[""association_rules"", ""knn""]",2,4,4,4,0.0,valid,False,"[{""row_index"": 1250, ""target_field"": ""permit_type"", ""algorithm"": ""grouped_majority"", ""predicted_value"": ""Building Permit OTC"", ""confidence"": 0.5693950177935944, ""prediction_source"": ""group_majority"", ""passes_threshold"": true, ""candidate_status"": ""Accepted"", ""rejection_reason"": null, ""validation_record_status"": ""valid""}, {""row_index"": 1250, ""target_field"": ""permit_type"", ""algorithm"": ""association_rules"", ""predicted_value"": ""Building - In House Plan Check"", ""confidence"": 0.5, ""prediction_source"": ""matched_rules"", ""passes_threshold"": true, ""candidate_status"": ""Accepted"", ""rejection_reason"": null, ""validation_record_status"": ""valid""}, {""row_index"": 1250, ""target_field"": ""permit_type"", ""algorithm"": ""clustering"", ""predicted_value"": ""Building Permit OTC"", ""confidence"": 0.6201550387596899, ""prediction_source"": ""cluster_majority"", ""passes_threshold"": true, ""candidate_status"": ""Accepted"", ""rejection_reason"": null, ""validation_record_status"": ""valid""}, {""row_index"": 1250, ""target_field"": ""permit_type"", ""algorithm"": ""knn"", ""predicted_value"": ""Building - In House Plan Check"", ""confidence"": 0.8, ""prediction_source"": ""nearest_neighbors"", ""passes_threshold"": true, ""candidate_status"": ""Accepted"", ""rejection_reason"": null, ""validation_record_status"": ""valid""}]",
1253,permit_type,Building Permit OTC,1,Building Permit OTC,0.5108986023536347,Accepted,majority_vote,clustering,"[""clustering"", ""grouped_majority"", ""knn""]",3,4,4,4,0.0,valid,True,"[{""row_index"": 1253, ""target_field"": ""permit_type"", ""algorithm"": ""grouped_majority"", ""predicted_value"": ""Building Permit OTC"", ""confidence"": 0.5693950177935944, ""prediction_source"": ""group_majority"", ""passes_threshold"": true, ""candidate_status"": ""Accepted"", ""rejection_reason"": null, ""validation_record_status"": ""valid""}, {""row_index"": 1253, ""target_field"": ""permit_type"", ""algorithm"": ""association_rules"", ""predicted_value"": ""Electrical OTC"", ""confidence"": 0.8999999999999999, ""prediction_source"": ""matched_rules"", ""passes_threshold"": true, ""candidate_status"": ""Accepted"", ""rejection_reason"": null, ""validation_record_status"": ""valid""}, {""row_index"": 1253, ""target_field"": ""permit_type"", ""algorithm"": ""clustering"", ""predicted_value"": ""Building Permit OTC"", ""confidence"": 0.6201550387596899, ""prediction_source"": ""cluster_majority"", ""passes_threshold"": true, ""candidate_status"": ""Accepted"", ""rejection_reason"": null, ""validation_record_status"": ""valid""}, {""row_index"": 1253, ""target_field"": ""permit_type"", ""algorithm"": ""knn"", ""predicted_value"": ""Building Permit OTC"", ""confidence"": 0.3431457505076198, ""prediction_source"": ""nearest_neighbors"", ""passes_threshold"": true, ""candidate_status"": ""Accepted"", ""rejection_reason"": null, ""validation_record_status"": ""valid""}]",
1254,permit_type,Building Permit OTC,1,Building Permit OTC,0.7015730731066795,Accepted,unanimous_vote,association_rules,"[""association_rules"", ""clustering"", ""grouped_majority"", ""knn""]",4,4,4,4,0.0,valid,True,"[{""row_index"": 1254, ""target_field"": ""permit_type"", ""algorithm"": ""grouped_majority"", ""predicted_value"": ""Building Permit OTC"", ""confidence"": 0.5693950177935944, ""prediction_source"": ""group_majority"", ""passes_threshold"": true, ""candidate_status"": ""Accepted"", ""rejection_reason"": null, ""validation_record_status"": ""valid""}, {""row_index"": 1254, ""target_field"": ""permit_type"", ""algorithm"": ""association_rules"", ""predicted_value"": ""Building Permit OTC"", ""confidence"": 0.7924528301886792, ""prediction_source"": ""matched_rules"", ""passes_threshold"": true, ""candidate_status"": ""Accepted"", ""rejection_reason"": null, ""validation_record_status"": ""valid""}, {""row_index"": 1254, ""target_field"": ""permit_type"", ""algorithm"": ""clustering"", ""predicted_value"": ""Building Permit OTC"", ""confidence"": 0.7777777777777778, ""prediction_source"": ""cluster_majority"", ""passes_threshold"": true, ""candidate_status"": ""Accepted"", ""rejection_reason"": null, ""validation_record_status"": ""valid""}, {""row_index"": 1254, ""target_field"": ""permit_type"", ""algorithm"": ""knn"", ""predicted_value"": ""Building Permit OTC"", ""confidence"": 0.6666666666666666, ""prediction_source"": ""nearest_neighbors"", ""passes_threshold"": true, ""candidate_status"": ""Accepted"", ""rejection_reason"": null, ""validation_record_status"": ""valid""}]",
1255,permit_type,Building Permit OTC,1,Building Permit OTC,0.8956228956228957,Accepted,majority_vote,knn,"[""clustering"", ""grouped_majority"", ""knn""]",3,4,4,4,0.0,valid,True,"[{""row_index"": 1255, ""target_field"": ""permit_type"", ""algorithm"": ""grouped_majority"", ""predicted_value"": ""Building Permit OTC"", ""confidence"": 0.9090909090909091, ""prediction_source"": ""group_majority"", ""passes_threshold"": true, ""candidate_status"": ""Accepted"", ""rejection_reason"": null, ""validation_record_status"": ""valid""}, {""row_index"": 1255, ""target_field"": ""permit_type"", ""algorithm"": ""association_rules"", ""predicted_value"": ""Residential Building Report"", ""confidence"": 0.8372093023255814, ""prediction_source"": ""matched_rules"", ""passes_threshold"": true, ""candidate_status"": ""Accepted"", ""rejection_reason"": null, ""validation_record_status"": ""valid""}, {""row_index"": 1255, ""target_field"": ""permit_type"", ""algorithm"": ""clustering"", ""predicted_value"": ""Building Permit OTC"", ""confidence"": 0.7777777777777778, ""prediction_source"": ""cluster_majority"", ""passes_threshold"": true, ""candidate_status"": ""Accepted"", ""rejection_reason"": null, ""validation_record_status"": ""valid""}, {""row_index"": 1255, ""target_field"": ""permit_type"", ""algorithm"": ""knn"", ""predicted_value"": ""Building Permit OTC"", ""confidence"": 1.0, ""prediction_source"": ""nearest_neighbors"", ""passes_threshold"": true, ""candidate_status"": ""Accepted"", ""rejection_reason"": null, ""validation_record_status"": ""valid""}]",
1257,permit_type,Building Permit OTC,1,Building Permit OTC,0.5965166855177615,Accepted,majority_vote,clustering,"[""clustering"", ""grouped_majority"", ""knn""]",3,4,4,4,0.0,valid,True,"[{""row_index"": 1257, ""target_field"": ""permit_type"", ""algorithm"": ""grouped_majority"", ""predicted_value"": ""Building Permit OTC"", ""confidence"": 0.5693950177935944, ""prediction_source"": ""group_majority"", ""passes_threshold"": true, ""candidate_status"": ""Accepted"", ""rejection_reason"": null, ""validation_record_status"": ""valid""}, {""row_index"": 1257, ""target_field"": ""permit_type"", ""algorithm"": ""association_rules"", ""predicted_value"": ""Residential Building Report"", ""confidence"": 0.6292134831460675, ""prediction_source"": ""matched_rules"", ""passes_threshold"": true, ""candidate_status"": ""Accepted"", ""rejection_reason"": null, ""validation_record_status"": ""valid""}, {""row_index"": 1257, ""target_field"": ""permit_type"", ""algorithm"": ""clustering"", ""predicted_value"": ""Building Permit OTC"", ""confidence"": 0.6201550387596899, ""prediction_source"": ""cluster_majority"", ""passes_threshold"": true, ""candidate_status"": ""Accepted"", ""rejection_reason"": null, ""validation_record_status"": ""valid""}, {""row_index"": 1257, ""target_field"": ""permit_type"", ""algorithm"": ""knn"", ""predicted_value"": ""Building Permit OTC"", ""confidence"": 0.6, ""prediction_source"": ""nearest_neighbors"", ""passes_threshold"": true, ""candidate_status"": ""Accepted"", ""rejection_reason"": null, ""validation_record_status"": ""valid""}]",
1263,permit_type,Building Permit OTC,1,Building Permit OTC,0.836793198892843,Accepted,unanimous_vote,association_rules,"[""association_rules"", ""clustering"", ""grouped_majority"", ""knn""]",4,4,4,4,0.0,valid,True,"[{""row_index"": 1263, ""target_field"": ""permit_type"", ""algorithm"": ""grouped_majority"", ""predicted_value"": ""Building Permit OTC"", ""confidence"": 0.5693950177935944, ""prediction_source"": ""group_majority"", ""passes_threshold"": true, ""candidate_status"": ""Accepted"", ""rejection_reason"": null, ""validation_record_status"": ""valid""}, {""row_index"": 1263, ""target_field"": ""permit_type"", ""algorithm"": ""association_rules"", ""predicted_value"": ""Building Permit OTC"", ""confidence"": 1.0, ""prediction_source"": ""matched_rules"", ""passes_threshold"": true, ""candidate_status"": ""Accepted"", ""rejection_reason"": null, ""validation_record_status"": ""valid""}, {""row_index"": 1263, ""target_field"": ""permit_type"", ""algorithm"": ""clustering"", ""predicted_value"": ""Building Permit OTC"", ""confidence"": 0.7777777777777778, ""prediction_source"": ""cluster_majority"", ""passes_threshold"": true, ""candidate_status"": ""Accepted"", ""rejection_reason"": null, ""validation_record_status"": ""valid""}, {""row_index"": 1263, ""target_field"": ""permit_type"", ""algorithm"": ""knn"", ""predicted_value"": ""Building Permit OTC"", ""confidence"": 1.0, ""prediction_source"": ""nearest_neighbors"", ""passes_threshold"": true, ""candidate_status"": ""Accepted"", ""rejection_reason"": null, ""validation_record_status"": ""valid""}]",
1268,permit_type,Building Permit OTC,1,Building Permit OTC,0.7008758862313442,Accepted,unanimous_vote,association_rules,"[""association_rules"", ""clustering"", ""grouped_majority"", ""knn""]",4,4,4,4,0.0,valid,True,"[{""row_index"": 1268, ""target_field"": ""permit_type"", ""algorithm"": ""grouped_majority"", ""predicted_value"": ""Building Permit OTC"", ""confidence"": 0.5693950177935944, ""prediction_source"": ""group_majority"", ""passes_threshold"": true, ""candidate_status"": ""Accepted"", ""rejection_reason"": null, ""validation_record_status"": ""valid""}, {""row_index"": 1268, ""target_field"": ""permit_type"", ""algorithm"": ""association_rules"", ""predicted_value"": ""Building Permit OTC"", ""confidence"": 0.8139534883720931, ""prediction_source"": ""matched_rules"", ""passes_threshold"": true, ""candidate_status"": ""Accepted"", ""rejection_reason"": null, ""validation_record_status"": ""valid""}, {""row_index"": 1268, ""target_field"": ""permit_type"", ""algorithm"": ""clustering"", ""predicted_value"": ""Building Permit OTC"", ""confidence"": 0.6201550387596899, ""prediction_source"": ""cluster_majority"", ""passes_threshold"": true, ""candidate_status"": ""Accepted"", ""rejection_reason"": null, ""validation_record_status"": ""valid""}, {""row_index"": 1268, ""target_field"": ""permit_type"", ""algorithm"": ""knn"", ""predicted_value"": ""Building Permit OTC"", ""confidence"": 0.8, ""prediction_source"": ""nearest_neighbors"", ""passes_threshold"": true, ""candidate_status"": ""Accepted"", ""rejection_reason"": null, ""validation_record_status"": ""valid""}]",
1269,permit_type,Building Permit OTC,1,Building Permit OTC,0.7279691631496411,Accepted,majority_vote,association_rules,"[""association_rules"", ""clustering"", ""grouped_majority""]",3,4,4,4,0.0,valid,True,"[{""row_index"": 1269, ""target_field"": ""permit_type"", ""algorithm"": ""grouped_majority"", ""predicted_value"": ""Building Permit OTC"", ""confidence"": 0.5693950177935944, ""prediction_source"": ""group_majority"", ""passes_threshold"": true, ""candidate_status"": ""Accepted"", ""rejection_reason"": null, ""validation_record_status"": ""valid""}, {""row_index"": 1269, ""target_field"": ""permit_type"", ""algorithm"": ""association_rules"", ""predicted_value"": ""Building Permit OTC"", ""confidence"": 0.8367346938775511, ""prediction_source"": ""matched_rules"", ""passes_threshold"": true, ""candidate_status"": ""Accepted"", ""rejection_reason"": null, ""validation_record_status"": ""valid""}, {""row_index"": 1269, ""target_field"": ""permit_type"", ""algorithm"": ""clustering"", ""predicted_value"": ""Building Permit OTC"", ""confidence"": 0.7777777777777778, ""prediction_source"": ""cluster_majority"", ""passes_threshold"": true, ""candidate_status"": ""Accepted"", ""rejection_reason"": null, ""validation_record_status"": ""valid""}, {""row_index"": 1269, ""target_field"": ""permit_type"", ""algorithm"": ""knn"", ""predicted_value"": ""Building - In House Plan Check"", ""confidence"": 1.0, ""prediction_source"": ""nearest_neighbors"", ""passes_threshold"": true, ""candidate_status"": ""Accepted"", ""rejection_reason"": null, ""validation_record_status"": ""valid""}]",
1271,permit_type,Building Permit OTC,1,Building Permit OTC,0.836793198892843,Accepted,unanimous_vote,association_rules,"[""association_rules"", ""clustering"", ""grouped_majority"", ""knn""]",4,4,4,4,0.0,valid,True,"[{""row_index"": 1271, ""target_field"": ""permit_type"", ""algorithm"": ""grouped_majority"", ""predicted_value"": ""Building Permit OTC"", ""confidence"": 0.5693950177935944, ""prediction_source"": ""group_majority"", ""passes_threshold"": true, ""candidate_status"": ""Accepted"", ""rejection_reason"": null, ""validation_record_status"": ""valid""}, {""row_index"": 1271, ""target_field"": ""permit_type"", ""algorithm"": ""association_rules"", ""predicted_value"": ""Building Permit OTC"", ""confidence"": 1.0, ""prediction_source"": ""matched_rules"", ""passes_threshold"": true, ""candidate_status"": ""Accepted"", ""rejection_reason"": null, ""validation_record_status"": ""valid""}, {""row_index"": 1271, ""target_field"": ""permit_type"", ""algorithm"": ""clustering"", ""predicted_value"": ""Building Permit OTC"", ""confidence"": 0.7777777777777778, ""prediction_source"": ""cluster_majority"", ""passes_threshold"": true, ""candidate_status"": ""Accepted"", ""rejection_reason"": null, ""validation_record_status"": ""valid""}, {""row_index"": 1271, ""target_field"": ""permit_type"", ""algorithm"": ""knn"", ""predicted_value"": ""Building Permit OTC"", ""confidence"": 1.0, ""prediction_source"": ""nearest_neighbors"", ""passes_threshold"": true, ""candidate_status"": ""Accepted"", ""rejection_reason"": null, ""validation_record_status"": ""valid""}]",
1273,permit_type,Electrical OTC,1,Electrical OTC,0.8748717948717949,Accepted,unanimous_vote,association_rules,"[""association_rules"", ""clustering"", ""grouped_majority"", ""knn""]",4,4,4,4,0.0,valid,True,"[{""row_index"": 1273, ""target_field"": ""permit_type"", ""algorithm"": ""grouped_majority"", ""predicted_value"": ""Electrical OTC"", ""confidence"": 0.9866666666666667, ""prediction_source"": ""group_majority"", ""passes_threshold"": true, ""candidate_status"": ""Accepted"", ""rejection_reason"": null, ""validation_record_status"": ""valid""}, {""row_index"": 1273, ""target_field"": ""permit_type"", ""algorithm"": ""association_rules"", ""predicted_value"": ""Electrical OTC"", ""confidence"": 1.0, ""prediction_source"": ""matched_rules"", ""passes_threshold"": true, ""candidate_status"": ""Accepted"", ""rejection_reason"": null, ""validation_record_status"": ""valid""}, {""row_index"": 1273, ""target_field"": ""permit_type"", ""algorithm"": ""clustering"", ""predicted_value"": ""Electrical OTC"", ""confidence"": 0.5128205128205128, ""prediction_source"": ""cluster_majority"", ""passes_threshold"": true, ""candidate_status"": ""Accepted"", ""rejection_reason"": null, ""validation_record_status"": ""valid""}, {""row_index"": 1273, ""target_field"": ""permit_type"", ""algorithm"": ""knn"", ""predicted_value"": ""Electrical OTC"", ""confidence"": 1.0, ""prediction_source"": ""nearest_neighbors"", ""passes_threshold"": true, ""candidate_status"": ""Accepted"", ""rejection_reason"": null, ""validation_record_status"": ""valid""}]",
1275,permit_type,Electrical OTC,1,Electrical OTC,0.8215384615384616,Accepted,unanimous_vote,association_rules,"[""association_rules"", ""clustering"", ""grouped_majority"", ""knn""]",4,4,4,4,0.0,valid,True,"[{""row_index"": 1275, ""target_field"": ""permit_type"", ""algorithm"": ""grouped_majority"", ""predicted_value"": ""Electrical OTC"", ""confidence"": 0.9866666666666667, ""prediction_source"": ""group_majority"", ""passes_threshold"": true, ""candidate_status"": ""Accepted"", ""rejection_reason"": null, ""validation_record_status"": ""valid""}, {""row_index"": 1275, ""target_field"": ""permit_type"", ""algorithm"": ""association_rules"", ""predicted_value"": ""Electrical OTC"", ""confidence"": 0.9866666666666667, ""prediction_source"": ""matched_rules"", ""passes_threshold"": true, ""candidate_status"": ""Accepted"", ""rejection_reason"": null, ""validation_record_status"": ""valid""}, {""row_index"": 1275, ""target_field"": ""permit_type"", ""algorithm"": ""clustering"", ""predicted_value"": ""Electrical OTC"", ""confidence"": 0.5128205128205128, ""prediction_source"": ""cluster_majority"", ""passes_threshold"": true, ""candidate_status"": ""Accepted"", ""rejection_reason"": null, ""validation_record_status"": ""valid""}, {""row_index"": 1275, ""target_field"": ""permit_type"", ""algorithm"": ""knn"", ""predicted_value"": ""Electrical OTC"", ""confidence"": 0.8, ""prediction_source"": ""nearest_neighbors"", ""passes_threshold"": true, ""candidate_status"": ""Accepted"", ""rejection_reason"": null, ""validation_record_status"": ""valid""}]",
1276,permit_type,Electrical OTC,1,Electrical OTC,0.8215384615384616,Accepted,unanimous_vote,association_rules,"[""association_rules"", ""clustering"", ""grouped_majority"", ""knn""]",4,4,4,4,0.0,valid,True,"[{""row_index"": 1276, ""target_field"": ""permit_type"", ""algorithm"": ""grouped_majority"", ""predicted_value"": ""Electrical OTC"", ""confidence"": 0.9866666666666667, ""prediction_source"": ""group_majority"", ""passes_threshold"": true, ""candidate_status"": ""Accepted"", ""rejection_reason"": null, ""validation_record_status"": ""valid""}, {""row_index"": 1276, ""target_field"": ""permit_type"", ""algorithm"": ""association_rules"", ""predicted_value"": ""Electrical OTC"", ""confidence"": 0.9866666666666667, ""prediction_source"": ""matched_rules"", ""passes_threshold"": true, ""candidate_status"": ""Accepted"", ""rejection_reason"": null, ""validation_record_status"": ""valid""}, {""row_index"": 1276, ""target_field"": ""permit_type"", ""algorithm"": ""clustering"", ""predicted_value"": ""Electrical OTC"", ""confidence"": 0.5128205128205128, ""prediction_source"": ""cluster_majority"", ""passes_threshold"": true, ""candidate_status"": ""Accepted"", ""rejection_reason"": null, ""validation_record_status"": ""valid""}, {""row_index"": 1276, ""target_field"": ""permit_type"", ""algorithm"": ""knn"", ""predicted_value"": ""Electrical OTC"", ""confidence"": 0.8, ""prediction_source"": ""nearest_neighbors"", ""passes_threshold"": true, ""candidate_status"": ""Accepted"", ""rejection_reason"": null, ""validation_record_status"": ""valid""}]",
1279,permit_type,Electrical OTC,1,Electrical OTC,0.8748717948717949,Accepted,unanimous_vote,association_rules,"[""association_rules"", ""clustering"", ""grouped_majority"", ""knn""]",4,4,4,4,0.0,valid,True,"[{""row_index"": 1279, ""target_field"": ""permit_type"", ""algorithm"": ""grouped_majority"", ""predicted_value"": ""Electrical OTC"", ""confidence"": 0.9866666666666667, ""prediction_source"": ""group_majority"", ""passes_threshold"": true, ""candidate_status"": ""Accepted"", ""rejection_reason"": null, ""validation_record_status"": ""valid""}, {""row_index"": 1279, ""target_field"": ""permit_type"", ""algorithm"": ""association_rules"", ""predicted_value"": ""Electrical OTC"", ""confidence"": 1.0, ""prediction_source"": ""matched_rules"", ""passes_threshold"": true, ""candidate_status"": ""Accepted"", ""rejection_reason"": null, ""validation_record_status"": ""valid""}, {""row_index"": 1279, ""target_field"": ""permit_type"", ""algorithm"": ""clustering"", ""predicted_value"": ""Electrical OTC"", ""confidence"": 0.5128205128205128, ""prediction_source"": ""cluster_majority"", ""passes_threshold"": true, ""candidate_status"": ""Accepted"", ""rejection_reason"": null, ""validation_record_status"": ""valid""}, {""row_index"": 1279, ""target_field"": ""permit_type"", ""algorithm"": ""knn"", ""predicted_value"": ""Electrical OTC"", ""confidence"": 1.0, ""prediction_source"": ""nearest_neighbors"", ""passes_threshold"": true, ""candidate_status"": ""Accepted"", ""rejection_reason"": null, ""validation_record_status"": ""valid""}]",
1280,permit_type,Electrical OTC,1,Electrical OTC,0.8748717948717949,Accepted,unanimous_vote,association_rules,"[""association_rules"", ""clustering"", ""grouped_majority"", ""knn""]",4,4,4,4,0.0,valid,True,"[{""row_index"": 1280, ""target_field"": ""permit_type"", ""algorithm"": ""grouped_majority"", ""predicted_value"": ""Electrical OTC"", ""confidence"": 0.9866666666666667, ""prediction_source"": ""group_majority"", ""passes_threshold"": true, ""candidate_status"": ""Accepted"", ""rejection_reason"": null, ""validation_record_status"": ""valid""}, {""row_index"": 1280, ""target_field"": ""permit_type"", ""algorithm"": ""association_rules"", ""predicted_value"": ""Electrical OTC"", ""confidence"": 1.0, ""prediction_source"": ""matched_rules"", ""passes_threshold"": true, ""candidate_status"": ""Accepted"", ""rejection_reason"": null, ""validation_record_status"": ""valid""}, {""row_index"": 1280, ""target_field"": ""permit_type"", ""algorithm"": ""clustering"", ""predicted_value"": ""Electrical OTC"", ""confidence"": 0.5128205128205128, ""prediction_source"": ""cluster_majority"", ""passes_threshold"": true, ""candidate_status"": ""Accepted"", ""rejection_reason"": null, ""validation_record_status"": ""valid""}, {""row_index"": 1280, ""target_field"": ""permit_type"", ""algorithm"": ""knn"", ""predicted_value"": ""Electrical OTC"", ""confidence"": 1.0, ""prediction_source"": ""nearest_neighbors"", ""passes_threshold"": true, ""candidate_status"": ""Accepted"", ""rejection_reason"": null, ""validation_record_status"": ""valid""}]",
1283,permit_type,Electrical OTC,1,Electrical OTC,0.8673355629877368,Accepted,unanimous_vote,association_rules,"[""association_rules"", ""clustering"", ""grouped_majority"", ""knn""]",4,4,4,4,0.0,valid,True,"[{""row_index"": 1283, ""target_field"": ""permit_type"", ""algorithm"": ""grouped_majority"", ""predicted_value"": ""Electrical OTC"", ""confidence"": 0.9565217391304348, ""prediction_source"": ""group_majority"", ""passes_threshold"": true, ""candidate_status"": ""Accepted"", ""rejection_reason"": null, ""validation_record_status"": ""valid""}, {""row_index"": 1283, ""target_field"": ""permit_type"", ""algorithm"": ""association_rules"", ""predicted_value"": ""Electrical OTC"", ""confidence"": 1.0, ""prediction_source"": ""matched_rules"", ""passes_threshold"": true, ""candidate_status"": ""Accepted"", ""rejection_reason"": null, ""validation_record_status"": ""valid""}, {""row_index"": 1283, ""target_field"": ""permit_type"", ""algorithm"": ""clustering"", ""predicted_value"": ""Electrical OTC"", ""confidence"": 0.5128205128205128, ""prediction_source"": ""cluster_majority"", ""passes_threshold"": true, ""candidate_status"": ""Accepted"", ""rejection_reason"": null, ""validation_record_status"": ""valid""}, {""row_index"": 1283, ""target_field"": ""permit_type"", ""algorithm"": ""knn"", ""predicted_value"": ""Electrical OTC"", ""confidence"": 1.0, ""prediction_source"": ""nearest_neighbors"", ""passes_threshold"": true, ""candidate_status"": ""Accepted"", ""rejection_reason"": null, ""validation_record_status"": ""valid""}]",
1289,permit_type,Electrical OTC,1,Electrical OTC,0.9966666666666667,Accepted,unanimous_vote,association_rules,"[""association_rules"", ""clustering"", ""grouped_majority"", ""knn""]",4,4,4,4,0.0,valid,True,"[{""row_index"": 1289, ""target_field"": ""permit_type"", ""algorithm"": ""grouped_majority"", ""predicted_value"": ""Electrical OTC"", ""confidence"": 0.9866666666666667, ""prediction_source"": ""group_majority"", ""passes_threshold"": true, ""candidate_status"": ""Accepted"", ""rejection_reason"": null, ""validation_record_status"": ""valid""}, {""row_index"": 1289, ""target_field"": ""permit_type"", ""algorithm"": ""association_rules"", ""predicted_value"": ""Electrical OTC"", ""confidence"": 1.0, ""prediction_source"": ""matched_rules"", ""passes_threshold"": true, ""candidate_status"": ""Accepted"", ""rejection_reason"": null, ""validation_record_status"": ""valid""}, {""row_index"": 1289, ""target_field"": ""permit_type"", ""algorithm"": ""clustering"", ""predicted_value"": ""Electrical OTC"", ""confidence"": 1.0, ""prediction_source"": ""cluster_majority"", ""passes_threshold"": true, ""candidate_status"": ""Accepted"", ""rejection_reason"": null, ""validation_record_status"": ""valid""}, {""row_index"": 1289, ""target_field"": ""permit_type"", ""algorithm"": ""knn"", ""predicted_value"": ""Electrical OTC"", ""confidence"": 1.0, ""prediction_source"": ""nearest_neighbors"", ""passes_threshold"": true, ""candidate_status"": ""Accepted"", ""rejection_reason"": null, ""validation_record_status"": ""valid""}]",
1291,permit_type,Electrical OTC,1,Electrical OTC,0.9966666666666667,Accepted,unanimous_vote,association_rules,"[""association_rules"", ""clustering"", ""grouped_majority"", ""knn""]",4,4,4,4,0.0,valid,True,"[{""row_index"": 1291, ""target_field"": ""permit_type"", ""algorithm"": ""grouped_majority"", ""predicted_value"": ""Electrical OTC"", ""confidence"": 0.9866666666666667, ""prediction_source"": ""group_majority"", ""passes_threshold"": true, ""candidate_status"": ""Accepted"", ""rejection_reason"": null, ""validation_record_status"": ""valid""}, {""row_index"": 1291, ""target_field"": ""permit_type"", ""algorithm"": ""association_rules"", ""predicted_value"": ""Electrical OTC"", ""confidence"": 1.0, ""prediction_source"": ""matched_rules"", ""passes_threshold"": true, ""candidate_status"": ""Accepted"", ""rejection_reason"": null, ""validation_record_status"": ""valid""}, {""row_index"": 1291, ""target_field"": ""permit_type"", ""algorithm"": ""clustering"", ""predicted_value"": ""Electrical OTC"", ""confidence"": 1.0, ""prediction_source"": ""cluster_majority"", ""passes_threshold"": true, ""candidate_status"": ""Accepted"", ""rejection_reason"": null, ""validation_record_status"": ""valid""}, {""row_index"": 1291, ""target_field"": ""permit_type"", ""algorithm"": ""knn"", ""predicted_value"": ""Electrical OTC"", ""confidence"": 1.0, ""prediction_source"": ""nearest_neighbors"", ""passes_threshold"": true, ""candidate_status"": ""Accepted"", ""rejection_reason"": null, ""validation_record_status"": ""valid""}]",
1293,permit_type,Electrical OTC,1,Electrical OTC,0.8673355629877368,Accepted,unanimous_vote,association_rules,"[""association_rules"", ""clustering"", ""grouped_majority"", ""knn""]",4,4,4,4,0.0,valid,True,"[{""row_index"": 1293, ""target_field"": ""permit_type"", ""algorithm"": ""grouped_majority"", ""predicted_value"": ""Electrical OTC"", ""confidence"": 0.9565217391304348, ""prediction_source"": ""group_majority"", ""passes_threshold"": true, ""candidate_status"": ""Accepted"", ""rejection_reason"": null, ""validation_record_status"": ""valid""}, {""row_index"": 1293, ""target_field"": ""permit_type"", ""algorithm"": ""association_rules"", ""predicted_value"": ""Electrical OTC"", ""confidence"": 1.0, ""prediction_source"": ""matched_rules"", ""passes_threshold"": true, ""candidate_status"": ""Accepted"", ""rejection_reason"": null, ""validation_record_status"": ""valid""}, {""row_index"": 1293, ""target_field"": ""permit_type"", ""algorithm"": ""clustering"", ""predicted_value"": ""Electrical OTC"", ""confidence"": 0.5128205128205128, ""prediction_source"": ""cluster_majority"", ""passes_threshold"": true, ""candidate_status"": ""Accepted"", ""rejection_reason"": null, ""validation_record_status"": ""valid""}, {""row_index"": 1293, ""target_field"": ""permit_type"", ""algorithm"": ""knn"", ""predicted_value"": ""Electrical OTC"", ""confidence"": 1.0, ""prediction_source"": ""nearest_neighbors"", ""passes_threshold"": true, ""candidate_status"": ""Accepted"", ""rejection_reason"": null, ""validation_record_status"": ""valid""}]",
1294,permit_type,Electrical OTC,1,,0.8857815126050421,Requires Review,average_confidence_tiebreak,association_rules,"[""association_rules"", ""clustering""]",2,4,4,4,0.0,valid,False,"[{""row_index"": 1294, ""target_field"": ""permit_type"", ""algorithm"": ""grouped_majority"", ""predicted_value"": ""Electrical OTC"", ""confidence"": 0.9565217391304348, ""prediction_source"": ""group_majority"", ""passes_threshold"": true, ""candidate_status"": ""Accepted"", ""rejection_reason"": null, ""validation_record_status"": ""valid""}, {""row_index"": 1294, ""target_field"": ""permit_type"", ""algorithm"": ""association_rules"", ""predicted_value"": ""Residential Building Report"", ""confidence"": 0.9075630252100841, ""prediction_source"": ""matched_rules"", ""passes_threshold"": true, ""candidate_status"": ""Accepted"", ""rejection_reason"": null, ""validation_record_status"": ""valid""}, {""row_index"": 1294, ""target_field"": ""permit_type"", ""algorithm"": ""clustering"", ""predicted_value"": ""Residential Building Report"", ""confidence"": 0.864, ""prediction_source"": ""cluster_majority"", ""passes_threshold"": true, ""candidate_status"": ""Accepted"", ""rejection_reason"": null, ""validation_record_status"": ""valid""}, {""row_index"": 1294, ""target_field"": ""permit_type"", ""algorithm"": ""knn"", ""predicted_value"": ""Electrical OTC"", ""confidence"": 0.75, ""prediction_source"": ""nearest_neighbors"", ""passes_threshold"": true, ""candidate_status"": ""Accepted"", ""rejection_reason"": null, ""validation_record_status"": ""valid""}]",
1296,permit_type,Electrical OTC,1,,0.8857815126050421,Requires Review,average_confidence_tiebreak,association_rules,"[""association_rules"", ""clustering""]",2,4,4,4,0.0,valid,False,"[{""row_index"": 1296, ""target_field"": ""permit_type"", ""algorithm"": ""grouped_majority"", ""predicted_value"": ""Electrical OTC"", ""confidence"": 0.9565217391304348, ""prediction_source"": ""group_majority"", ""passes_threshold"": true, ""candidate_status"": ""Accepted"", ""rejection_reason"": null, ""validation_record_status"": ""valid""}, {""row_index"": 1296, ""target_field"": ""permit_type"", ""algorithm"": ""association_rules"", ""predicted_value"": ""Residential Building Report"", ""confidence"": 0.9075630252100841, ""prediction_source"": ""matched_rules"", ""passes_threshold"": true, ""candidate_status"": ""Accepted"", ""rejection_reason"": null, ""validation_record_status"": ""valid""}, {""row_index"": 1296, ""target_field"": ""permit_type"", ""algorithm"": ""clustering"", ""predicted_value"": ""Residential Building Report"", ""confidence"": 0.864, ""prediction_source"": ""cluster_majority"", ""passes_threshold"": true, ""candidate_status"": ""Accepted"", ""rejection_reason"": null, ""validation_record_status"": ""valid""}, {""row_index"": 1296, ""target_field"": ""permit_type"", ""algorithm"": ""knn"", ""predicted_value"": ""Electrical OTC"", ""confidence"": 0.75, ""prediction_source"": ""nearest_neighbors"", ""passes_threshold"": true, ""candidate_status"": ""Accepted"", ""rejection_reason"": null, ""validation_record_status"": ""valid""}]",
1301,permit_type,Electrical OTC,1,Electrical OTC,0.9966666666666667,Accepted,unanimous_vote,association_rules,"[""association_rules"", ""clustering"", ""grouped_majority"", ""knn""]",4,4,4,4,0.0,valid,True,"[{""row_index"": 1301, ""target_field"": ""permit_type"", ""algorithm"": ""grouped_majority"", ""predicted_value"": ""Electrical OTC"", ""confidence"": 0.9866666666666667, ""prediction_source"": ""group_majority"", ""passes_threshold"": true, ""candidate_status"": ""Accepted"", ""rejection_reason"": null, ""validation_record_status"": ""valid""}, {""row_index"": 1301, ""target_field"": ""permit_type"", ""algorithm"": ""association_rules"", ""predicted_value"": ""Electrical OTC"", ""confidence"": 1.0, ""prediction_source"": ""matched_rules"", ""passes_threshold"": true, ""candidate_status"": ""Accepted"", ""rejection_reason"": null, ""validation_record_status"": ""valid""}, {""row_index"": 1301, ""target_field"": ""permit_type"", ""algorithm"": ""clustering"", ""predicted_value"": ""Electrical OTC"", ""confidence"": 1.0, ""prediction_source"": ""cluster_majority"", ""passes_threshold"": true, ""candidate_status"": ""Accepted"", ""rejection_reason"": null, ""validation_record_status"": ""valid""}, {""row_index"": 1301, ""target_field"": ""permit_type"", ""algorithm"": ""knn"", ""predicted_value"": ""Electrical OTC"", ""confidence"": 1.0, ""prediction_source"": ""nearest_neighbors"", ""passes_threshold"": true, ""candidate_status"": ""Accepted"", ""rejection_reason"": null, ""validation_record_status"": ""valid""}]",
1302,permit_type,Electrical OTC,1,Electrical OTC,0.9966666666666667,Accepted,unanimous_vote,association_rules,"[""association_rules"", ""clustering"", ""grouped_majority"", ""knn""]",4,4,4,4,0.0,valid,True,"[{""row_index"": 1302, ""target_field"": ""permit_type"", ""algorithm"": ""grouped_majority"", ""predicted_value"": ""Electrical OTC"", ""confidence"": 0.9866666666666667, ""prediction_source"": ""group_majority"", ""passes_threshold"": true, ""candidate_status"": ""Accepted"", ""rejection_reason"": null, ""validation_record_status"": ""valid""}, {""row_index"": 1302, ""target_field"": ""permit_type"", ""algorithm"": ""association_rules"", ""predicted_value"": ""Electrical OTC"", ""confidence"": 1.0, ""prediction_source"": ""matched_rules"", ""passes_threshold"": true, ""candidate_status"": ""Accepted"", ""rejection_reason"": null, ""validation_record_status"": ""valid""}, {""row_index"": 1302, ""target_field"": ""permit_type"", ""algorithm"": ""clustering"", ""predicted_value"": ""Electrical OTC"", ""confidence"": 1.0, ""prediction_source"": ""cluster_majority"", ""passes_threshold"": true, ""candidate_status"": ""Accepted"", ""rejection_reason"": null, ""validation_record_status"": ""valid""}, {""row_index"": 1302, ""target_field"": ""permit_type"", ""algorithm"": ""knn"", ""predicted_value"": ""Electrical OTC"", ""confidence"": 1.0, ""prediction_source"": ""nearest_neighbors"", ""passes_threshold"": true, ""candidate_status"": ""Accepted"", ""rejection_reason"": null, ""validation_record_status"": ""valid""}]",
1303,permit_type,Electrical OTC,1,Electrical OTC,0.9955555555555556,Accepted,majority_vote,association_rules,"[""association_rules"", ""grouped_majority"", ""knn""]",3,4,4,4,0.0,valid,True,"[{""row_index"": 1303, ""target_field"": ""permit_type"", ""algorithm"": ""grouped_majority"", ""predicted_value"": ""Electrical OTC"", ""confidence"": 0.9866666666666667, ""prediction_source"": ""group_majority"", ""passes_threshold"": true, ""candidate_status"": ""Accepted"", ""rejection_reason"": null, ""validation_record_status"": ""valid""}, {""row_index"": 1303, ""target_field"": ""permit_type"", ""algorithm"": ""association_rules"", ""predicted_value"": ""Electrical OTC"", ""confidence"": 1.0, ""prediction_source"": ""matched_rules"", ""passes_threshold"": true, ""candidate_status"": ""Accepted"", ""rejection_reason"": null, ""validation_record_status"": ""valid""}, {""row_index"": 1303, ""target_field"": ""permit_type"", ""algorithm"": ""clustering"", ""predicted_value"": ""Building - Full Plan Check"", ""confidence"": 0.3333333333333333, ""prediction_source"": ""cluster_majority"", ""passes_threshold"": true, ""candidate_status"": ""Accepted"", ""rejection_reason"": null, ""validation_record_status"": ""valid""}, {""row_index"": 1303, ""target_field"": ""permit_type"", ""algorithm"": ""knn"", ""predicted_value"": ""Electrical OTC"", ""confidence"": 1.0, ""prediction_source"": ""nearest_neighbors"", ""passes_threshold"": true, ""candidate_status"": ""Accepted"", ""rejection_reason"": null, ""validation_record_status"": ""valid""}]",
1304,permit_type,Electrical OTC,1,Electrical OTC,0.8748717948717949,Accepted,unanimous_vote,association_rules,"[""association_rules"", ""clustering"", ""grouped_majority"", ""knn""]",4,4,4,4,0.0,valid,True,"[{""row_index"": 1304, ""target_field"": ""permit_type"", ""algorithm"": ""grouped_majority"", ""predicted_value"": ""Electrical OTC"", ""confidence"": 0.9866666666666667, ""prediction_source"": ""group_majority"", ""passes_threshold"": true, ""candidate_status"": ""Accepted"", ""rejection_reason"": null, ""validation_record_status"": ""valid""}, {""row_index"": 1304, ""target_field"": ""permit_type"", ""algorithm"": ""association_rules"", ""predicted_value"": ""Electrical OTC"", ""confidence"": 1.0, ""prediction_source"": ""matched_rules"", ""passes_threshold"": true, ""candidate_status"": ""Accepted"", ""rejection_reason"": null, ""validation_record_status"": ""valid""}, {""row_index"": 1304, ""target_field"": ""permit_type"", ""algorithm"": ""clustering"", ""predicted_value"": ""Electrical OTC"", ""confidence"": 0.5128205128205128, ""prediction_source"": ""cluster_majority"", ""passes_threshold"": true, ""candidate_status"": ""Accepted"", ""rejection_reason"": null, ""validation_record_status"": ""valid""}, {""row_index"": 1304, ""target_field"": ""permit_type"", ""algorithm"": ""knn"", ""predicted_value"": ""Electrical OTC"", ""confidence"": 1.0, ""prediction_source"": ""nearest_neighbors"", ""passes_threshold"": true, ""candidate_status"": ""Accepted"", ""rejection_reason"": null, ""validation_record_status"": ""valid""}]",
1305,permit_type,Mechanical OTC,1,Mechanical OTC,0.9966996699669967,Accepted,majority_vote,association_rules,"[""association_rules"", ""grouped_majority"", ""knn""]",3,4,4,4,0.0,valid,True,"[{""row_index"": 1305, ""target_field"": ""permit_type"", ""algorithm"": ""grouped_majority"", ""predicted_value"": ""Mechanical OTC"", ""confidence"": 0.9900990099009901, ""prediction_source"": ""group_majority"", ""passes_threshold"": true, ""candidate_status"": ""Accepted"", ""rejection_reason"": null, ""validation_record_status"": ""valid""}, {""row_index"": 1305, ""target_field"": ""permit_type"", ""algorithm"": ""association_rules"", ""predicted_value"": ""Mechanical OTC"", ""confidence"": 1.0, ""prediction_source"": ""matched_rules"", ""passes_threshold"": true, ""candidate_status"": ""Accepted"", ""rejection_reason"": null, ""validation_record_status"": ""valid""}, {""row_index"": 1305, ""target_field"": ""permit_type"", ""algorithm"": ""clustering"", ""predicted_value"": ""Building - Full Plan Check"", ""confidence"": 0.3333333333333333, ""prediction_source"": ""cluster_majority"", ""passes_threshold"": true, ""candidate_status"": ""Accepted"", ""rejection_reason"": null, ""validation_record_status"": ""valid""}, {""row_index"": 1305, ""target_field"": ""permit_type"", ""algorithm"": ""knn"", ""predicted_value"": ""Mechanical OTC"", ""confidence"": 1.0, ""prediction_source"": ""nearest_neighbors"", ""passes_threshold"": true, ""candidate_status"": ""Accepted"", ""rejection_reason"": null, ""validation_record_status"": ""valid""}]",
1320,permit_type,Mechanical OTC,1,Mechanical OTC,0.9416451351486463,Accepted,unanimous_vote,association_rules,"[""association_rules"", ""clustering"", ""grouped_majority"", ""knn""]",4,4,4,4,0.0,valid,True,"[{""row_index"": 1320, ""target_field"": ""permit_type"", ""algorithm"": ""grouped_majority"", ""predicted_value"": ""Mechanical OTC"", ""confidence"": 0.9900990099009901, ""prediction_source"": ""group_majority"", ""passes_threshold"": true, ""candidate_status"": ""Accepted"", ""rejection_reason"": null, ""validation_record_status"": ""valid""}, {""row_index"": 1320, ""target_field"": ""permit_type"", ""algorithm"": ""association_rules"", ""predicted_value"": ""Mechanical OTC"", ""confidence"": 0.9905660377358491, ""prediction_source"": ""matched_rules"", ""passes_threshold"": true, ""candidate_status"": ""Accepted"", ""rejection_reason"": null, ""validation_record_status"": ""valid""}, {""row_index"": 1320, ""target_field"": ""permit_type"", ""algorithm"": ""clustering"", ""predicted_value"": ""Mechanical OTC"", ""confidence"": 0.9859154929577465, ""prediction_source"": ""cluster_majority"", ""passes_threshold"": true, ""candidate_status"": ""Accepted"", ""rejection_reason"": null, ""validation_record_status"": ""valid""}, {""row_index"": 1320, ""target_field"": ""permit_type"", ""algorithm"": ""knn"", ""predicted_value"": ""Mechanical OTC"", ""confidence"": 0.8, ""prediction_source"": ""nearest_neighbors"", ""passes_threshold"": true, ""candidate_status"": ""Accepted"", ""rejection_reason"": null, ""validation_record_status"": ""valid""}]",
1321,permit_type,Mechanical OTC,1,Mechanical OTC,0.9940036257146841,Accepted,unanimous_vote,association_rules,"[""association_rules"", ""clustering"", ""grouped_majority"", ""knn""]",4,4,4,4,0.0,valid,True,"[{""row_index"": 1321, ""target_field"": ""permit_type"", ""algorithm"": ""grouped_majority"", ""predicted_value"": ""Mechanical OTC"", ""confidence"": 0.9900990099009901, ""prediction_source"": ""group_majority"", ""passes_threshold"": true, ""candidate_status"": ""Accepted"", ""rejection_reason"": null, ""validation_record_status"": ""valid""}, {""row_index"": 1321, ""target_field"": ""permit_type"", ""algorithm"": ""association_rules"", ""predicted_value"": ""Mechanical OTC"", ""confidence"": 1.0, ""prediction_source"": ""matched_rules"", ""passes_threshold"": true, ""candidate_status"": ""Accepted"", ""rejection_reason"": null, ""validation_record_status"": ""valid""}, {""row_index"": 1321, ""target_field"": ""permit_type"", ""algorithm"": ""clustering"", ""predicted_value"": ""Mechanical OTC"", ""confidence"": 0.9859154929577465, ""prediction_source"": ""cluster_majority"", ""passes_threshold"": true, ""candidate_status"": ""Accepted"", ""rejection_reason"": null, ""validation_record_status"": ""valid""}, {""row_index"": 1321, ""target_field"": ""permit_type"", ""algorithm"": ""knn"", ""predicted_value"": ""Mechanical OTC"", ""confidence"": 1.0, ""prediction_source"": ""nearest_neighbors"", ""passes_threshold"": true, ""candidate_status"": ""Accepted"", ""rejection_reason"": null, ""validation_record_status"": ""valid""}]",
1322,permit_type,Mechanical OTC,1,Mechanical OTC,0.9416451351486463,Accepted,unanimous_vote,association_rules,"[""association_rules"", ""clustering"", ""grouped_majority"", ""knn""]",4,4,4,4,0.0,valid,True,"[{""row_index"": 1322, ""target_field"": ""permit_type"", ""algorithm"": ""grouped_majority"", ""predicted_value"": ""Mechanical OTC"", ""confidence"": 0.9900990099009901, ""prediction_source"": ""group_majority"", ""passes_threshold"": true, ""candidate_status"": ""Accepted"", ""rejection_reason"": null, ""validation_record_status"": ""valid""}, {""row_index"": 1322, ""target_field"": ""permit_type"", ""algorithm"": ""association_rules"", ""predicted_value"": ""Mechanical OTC"", ""confidence"": 0.9905660377358491, ""prediction_source"": ""matched_rules"", ""passes_threshold"": true, ""candidate_status"": ""Accepted"", ""rejection_reason"": null, ""validation_record_status"": ""valid""}, {""row_index"": 1322, ""target_field"": ""permit_type"", ""algorithm"": ""clustering"", ""predicted_value"": ""Mechanical OTC"", ""confidence"": 0.9859154929577465, ""prediction_source"": ""cluster_majority"", ""passes_threshold"": true, ""candidate_status"": ""Accepted"", ""rejection_reason"": null, ""validation_record_status"": ""valid""}, {""row_index"": 1322, ""target_field"": ""permit_type"", ""algorithm"": ""knn"", ""predicted_value"": ""Mechanical OTC"", ""confidence"": 0.8, ""prediction_source"": ""nearest_neighbors"", ""passes_threshold"": true, ""candidate_status"": ""Accepted"", ""rejection_reason"": null, ""validation_record_status"": ""valid""}]",
1323,permit_type,Plumbing OTC,1,Plumbing OTC,0.997093023255814,Accepted,unanimous_vote,association_rules,"[""association_rules"", ""clustering"", ""grouped_majority"", ""knn""]",4,4,4,4,0.0,valid,True,"[{""row_index"": 1323, ""target_field"": ""permit_type"", ""algorithm"": ""grouped_majority"", ""predicted_value"": ""Plumbing OTC"", ""confidence"": 0.9883720930232558, ""prediction_source"": ""group_majority"", ""passes_threshold"": true, ""candidate_status"": ""Accepted"", ""rejection_reason"": null, ""validation_record_status"": ""valid""}, {""row_index"": 1323, ""target_field"": ""permit_type"", ""algorithm"": ""association_rules"", ""predicted_value"": ""Plumbing OTC"", ""confidence"": 1.0, ""prediction_source"": ""matched_rules"", ""passes_threshold"": true, ""candidate_status"": ""Accepted"", ""rejection_reason"": null, ""validation_record_status"": ""valid""}, {""row_index"": 1323, ""target_field"": ""permit_type"", ""algorithm"": ""clustering"", ""predicted_value"": ""Plumbing OTC"", ""confidence"": 1.0, ""prediction_source"": ""cluster_majority"", ""passes_threshold"": true, ""candidate_status"": ""Accepted"", ""rejection_reason"": null, ""validation_record_status"": ""valid""}, {""row_index"": 1323, ""target_field"": ""permit_type"", ""algorithm"": ""knn"", ""predicted_value"": ""Plumbing OTC"", ""confidence"": 1.0, ""prediction_source"": ""nearest_neighbors"", ""passes_threshold"": true, ""candidate_status"": ""Accepted"", ""rejection_reason"": null, ""validation_record_status"": ""valid""}]",
1324,permit_type,Plumbing OTC,1,Plumbing OTC,0.8593893371302009,Accepted,majority_vote,association_rules,"[""association_rules"", ""grouped_majority"", ""knn""]",3,4,4,4,0.0,valid,True,"[{""row_index"": 1324, ""target_field"": ""permit_type"", ""algorithm"": ""grouped_majority"", ""predicted_value"": ""Plumbing OTC"", ""confidence"": 0.9883720930232558, ""prediction_source"": ""group_majority"", ""passes_threshold"": true, ""candidate_status"": ""Accepted"", ""rejection_reason"": null, ""validation_record_status"": ""valid""}, {""row_index"": 1324, ""target_field"": ""permit_type"", ""algorithm"": ""association_rules"", ""predicted_value"": ""Plumbing OTC"", ""confidence"": 0.9897959183673469, ""prediction_source"": ""matched_rules"", ""passes_threshold"": true, ""candidate_status"": ""Accepted"", ""rejection_reason"": null, ""validation_record_status"": ""valid""}, {""row_index"": 1324, ""target_field"": ""permit_type"", ""algorithm"": ""clustering"", ""predicted_value"": ""Building Permit OTC"", ""confidence"": 0.6201550387596899, ""prediction_source"": ""cluster_majority"", ""passes_threshold"": true, ""candidate_status"": ""Accepted"", ""rejection_reason"": null, ""validation_record_status"": ""valid""}, {""row_index"": 1324, ""target_field"": ""permit_type"", ""algorithm"": ""knn"", ""predicted_value"": ""Plumbing OTC"", ""confidence"": 0.6, ""prediction_source"": ""nearest_neighbors"", ""passes_threshold"": true, ""candidate_status"": ""Accepted"", ""rejection_reason"": null, ""validation_record_status"": ""valid""}]",
1325,permit_type,Plumbing OTC,1,Plumbing OTC,0.8593893371302009,Accepted,majority_vote,association_rules,"[""association_rules"", ""grouped_majority"", ""knn""]",3,4,4,4,0.0,valid,True,"[{""row_index"": 1325, ""target_field"": ""permit_type"", ""algorithm"": ""grouped_majority"", ""predicted_value"": ""Plumbing OTC"", ""confidence"": 0.9883720930232558, ""prediction_source"": ""group_majority"", ""passes_threshold"": true, ""candidate_status"": ""Accepted"", ""rejection_reason"": null, ""validation_record_status"": ""valid""}, {""row_index"": 1325, ""target_field"": ""permit_type"", ""algorithm"": ""association_rules"", ""predicted_value"": ""Plumbing OTC"", ""confidence"": 0.9897959183673469, ""prediction_source"": ""matched_rules"", ""passes_threshold"": true, ""candidate_status"": ""Accepted"", ""rejection_reason"": null, ""validation_record_status"": ""valid""}, {""row_index"": 1325, ""target_field"": ""permit_type"", ""algorithm"": ""clustering"", ""predicted_value"": ""Building Permit OTC"", ""confidence"": 0.6201550387596899, ""prediction_source"": ""cluster_majority"", ""passes_threshold"": true, ""candidate_status"": ""Accepted"", ""rejection_reason"": null, ""validation_record_status"": ""valid""}, {""row_index"": 1325, ""target_field"": ""permit_type"", ""algorithm"": ""knn"", ""predicted_value"": ""Plumbing OTC"", ""confidence"": 0.6, ""prediction_source"": ""nearest_neighbors"", ""passes_threshold"": true, ""candidate_status"": ""Accepted"", ""rejection_reason"": null, ""validation_record_status"": ""valid""}]",
1326,permit_type,Plumbing OTC,1,Plumbing OTC,0.997093023255814,Accepted,unanimous_vote,association_rules,"[""association_rules"", ""clustering"", ""grouped_majority"", ""knn""]",4,4,4,4,0.0,valid,True,"[{""row_index"": 1326, ""target_field"": ""permit_type"", ""algorithm"": ""grouped_majority"", ""predicted_value"": ""Plumbing OTC"", ""confidence"": 0.9883720930232558, ""prediction_source"": ""group_majority"", ""passes_threshold"": true, ""candidate_status"": ""Accepted"", ""rejection_reason"": null, ""validation_record_status"": ""valid""}, {""row_index"": 1326, ""target_field"": ""permit_type"", ""algorithm"": ""association_rules"", ""predicted_value"": ""Plumbing OTC"", ""confidence"": 1.0, ""prediction_source"": ""matched_rules"", ""passes_threshold"": true, ""candidate_status"": ""Accepted"", ""rejection_reason"": null, ""validation_record_status"": ""valid""}, {""row_index"": 1326, ""target_field"": ""permit_type"", ""algorithm"": ""clustering"", ""predicted_value"": ""Plumbing OTC"", ""confidence"": 1.0, ""prediction_source"": ""cluster_majority"", ""passes_threshold"": true, ""candidate_status"": ""Accepted"", ""rejection_reason"": null, ""validation_record_status"": ""valid""}, {""row_index"": 1326, ""target_field"": ""permit_type"", ""algorithm"": ""knn"", ""predicted_value"": ""Plumbing OTC"", ""confidence"": 1.0, ""prediction_source"": ""nearest_neighbors"", ""passes_threshold"": true, ""candidate_status"": ""Accepted"", ""rejection_reason"": null, ""validation_record_status"": ""valid""}]",
1328,permit_type,Plumbing OTC,1,Plumbing OTC,0.8593893371302009,Accepted,majority_vote,association_rules,"[""association_rules"", ""grouped_majority"", ""knn""]",3,4,4,4,0.0,valid,True,"[{""row_index"": 1328, ""target_field"": ""permit_type"", ""algorithm"": ""grouped_majority"", ""predicted_value"": ""Plumbing OTC"", ""confidence"": 0.9883720930232558, ""prediction_source"": ""group_majority"", ""passes_threshold"": true, ""candidate_status"": ""Accepted"", ""rejection_reason"": null, ""validation_record_status"": ""valid""}, {""row_index"": 1328, ""target_field"": ""permit_type"", ""algorithm"": ""association_rules"", ""predicted_value"": ""Plumbing OTC"", ""confidence"": 0.9897959183673469, ""prediction_source"": ""matched_rules"", ""passes_threshold"": true, ""candidate_status"": ""Accepted"", ""rejection_reason"": null, ""validation_record_status"": ""valid""}, {""row_index"": 1328, ""target_field"": ""permit_type"", ""algorithm"": ""clustering"", ""predicted_value"": ""Electrical OTC"", ""confidence"": 0.5128205128205128, ""prediction_source"": ""cluster_majority"", ""passes_threshold"": true, ""candidate_status"": ""Accepted"", ""rejection_reason"": null, ""validation_record_status"": ""valid""}, {""row_index"": 1328, ""target_field"": ""permit_type"", ""algorithm"": ""knn"", ""predicted_value"": ""Plumbing OTC"", ""confidence"": 0.6, ""prediction_source"": ""nearest_neighbors"", ""passes_threshold"": true, ""candidate_status"": ""Accepted"", ""rejection_reason"": null, ""validation_record_status"": ""valid""}]",
1329,permit_type,Plumbing OTC,1,Plumbing OTC,0.997093023255814,Accepted,unanimous_vote,association_rules,"[""association_rules"", ""clustering"", ""grouped_majority"", ""knn""]",4,4,4,4,0.0,valid,True,"[{""row_index"": 1329, ""target_field"": ""permit_type"", ""algorithm"": ""grouped_majority"", ""predicted_value"": ""Plumbing OTC"", ""confidence"": 0.9883720930232558, ""prediction_source"": ""group_majority"", ""passes_threshold"": true, ""candidate_status"": ""Accepted"", ""rejection_reason"": null, ""validation_record_status"": ""valid""}, {""row_index"": 1329, ""target_field"": ""permit_type"", ""algorithm"": ""association_rules"", ""predicted_value"": ""Plumbing OTC"", ""confidence"": 1.0, ""prediction_source"": ""matched_rules"", ""passes_threshold"": true, ""candidate_status"": ""Accepted"", ""rejection_reason"": null, ""validation_record_status"": ""valid""}, {""row_index"": 1329, ""target_field"": ""permit_type"", ""algorithm"": ""clustering"", ""predicted_value"": ""Plumbing OTC"", ""confidence"": 1.0, ""prediction_source"": ""cluster_majority"", ""passes_threshold"": true, ""candidate_status"": ""Accepted"", ""rejection_reason"": null, ""validation_record_status"": ""valid""}, {""row_index"": 1329, ""target_field"": ""permit_type"", ""algorithm"": ""knn"", ""predicted_value"": ""Plumbing OTC"", ""confidence"": 1.0, ""prediction_source"": ""nearest_neighbors"", ""passes_threshold"": true, ""candidate_status"": ""Accepted"", ""rejection_reason"": null, ""validation_record_status"": ""valid""}]",
1330,permit_type,Plumbing OTC,1,Plumbing OTC,1.0,Accepted,unanimous_vote,association_rules,"[""association_rules"", ""clustering"", ""grouped_majority"", ""knn""]",4,4,4,4,0.0,valid,True,"[{""row_index"": 1330, ""target_field"": ""permit_type"", ""algorithm"": ""grouped_majority"", ""predicted_value"": ""Plumbing OTC"", ""confidence"": 1.0, ""prediction_source"": ""group_majority"", ""passes_threshold"": true, ""candidate_status"": ""Accepted"", ""rejection_reason"": null, ""validation_record_status"": ""valid""}, {""row_index"": 1330, ""target_field"": ""permit_type"", ""algorithm"": ""association_rules"", ""predicted_value"": ""Plumbing OTC"", ""confidence"": 1.0, ""prediction_source"": ""matched_rules"", ""passes_threshold"": true, ""candidate_status"": ""Accepted"", ""rejection_reason"": null, ""validation_record_status"": ""valid""}, {""row_index"": 1330, ""target_field"": ""permit_type"", ""algorithm"": ""clustering"", ""predicted_value"": ""Plumbing OTC"", ""confidence"": 1.0, ""prediction_source"": ""cluster_majority"", ""passes_threshold"": true, ""candidate_status"": ""Accepted"", ""rejection_reason"": null, ""validation_record_status"": ""valid""}, {""row_index"": 1330, ""target_field"": ""permit_type"", ""algorithm"": ""knn"", ""predicted_value"": ""Plumbing OTC"", ""confidence"": 1.0, ""prediction_source"": ""nearest_neighbors"", ""passes_threshold"": true, ""candidate_status"": ""Accepted"", ""rejection_reason"": null, ""validation_record_status"": ""valid""}]",
1332,permit_type,Plumbing OTC,1,Plumbing OTC,0.997093023255814,Accepted,unanimous_vote,association_rules,"[""association_rules"", ""clustering"", ""grouped_majority"", ""knn""]",4,4,4,4,0.0,valid,True,"[{""row_index"": 1332, ""target_field"": ""permit_type"", ""algorithm"": ""grouped_majority"", ""predicted_value"": ""Plumbing OTC"", ""confidence"": 0.9883720930232558, ""prediction_source"": ""group_majority"", ""passes_threshold"": true, ""candidate_status"": ""Accepted"", ""rejection_reason"": null, ""validation_record_status"": ""valid""}, {""row_index"": 1332, ""target_field"": ""permit_type"", ""algorithm"": ""association_rules"", ""predicted_value"": ""Plumbing OTC"", ""confidence"": 1.0, ""prediction_source"": ""matched_rules"", ""passes_threshold"": true, ""candidate_status"": ""Accepted"", ""rejection_reason"": null, ""validation_record_status"": ""valid""}, {""row_index"": 1332, ""target_field"": ""permit_type"", ""algorithm"": ""clustering"", ""predicted_value"": ""Plumbing OTC"", ""confidence"": 1.0, ""prediction_source"": ""cluster_majority"", ""passes_threshold"": true, ""candidate_status"": ""Accepted"", ""rejection_reason"": null, ""validation_record_status"": ""valid""}, {""row_index"": 1332, ""target_field"": ""permit_type"", ""algorithm"": ""knn"", ""predicted_value"": ""Plumbing OTC"", ""confidence"": 1.0, ""prediction_source"": ""nearest_neighbors"", ""passes_threshold"": true, ""candidate_status"": ""Accepted"", ""rejection_reason"": null, ""validation_record_status"": ""valid""}]",
1336,permit_type,Plumbing OTC,1,Plumbing OTC,0.997093023255814,Accepted,unanimous_vote,association_rules,"[""association_rules"", ""clustering"", ""grouped_majority"", ""knn""]",4,4,4,4,0.0,valid,True,"[{""row_index"": 1336, ""target_field"": ""permit_type"", ""algorithm"": ""grouped_majority"", ""predicted_value"": ""Plumbing OTC"", ""confidence"": 0.9883720930232558, ""prediction_source"": ""group_majority"", ""passes_threshold"": true, ""candidate_status"": ""Accepted"", ""rejection_reason"": null, ""validation_record_status"": ""valid""}, {""row_index"": 1336, ""target_field"": ""permit_type"", ""algorithm"": ""association_rules"", ""predicted_value"": ""Plumbing OTC"", ""confidence"": 1.0, ""prediction_source"": ""matched_rules"", ""passes_threshold"": true, ""candidate_status"": ""Accepted"", ""rejection_reason"": null, ""validation_record_status"": ""valid""}, {""row_index"": 1336, ""target_field"": ""permit_type"", ""algorithm"": ""clustering"", ""predicted_value"": ""Plumbing OTC"", ""confidence"": 1.0, ""prediction_source"": ""cluster_majority"", ""passes_threshold"": true, ""candidate_status"": ""Accepted"", ""rejection_reason"": null, ""validation_record_status"": ""valid""}, {""row_index"": 1336, ""target_field"": ""permit_type"", ""algorithm"": ""knn"", ""predicted_value"": ""Plumbing OTC"", ""confidence"": 1.0, ""prediction_source"": ""nearest_neighbors"", ""passes_threshold"": true, ""candidate_status"": ""Accepted"", ""rejection_reason"": null, ""validation_record_status"": ""valid""}]",
1337,permit_type,Plumbing OTC,1,Plumbing OTC,0.9260560037968677,Accepted,majority_vote,association_rules,"[""association_rules"", ""grouped_majority"", ""knn""]",3,4,4,4,0.0,valid,True,"[{""row_index"": 1337, ""target_field"": ""permit_type"", ""algorithm"": ""grouped_majority"", ""predicted_value"": ""Plumbing OTC"", ""confidence"": 0.9883720930232558, ""prediction_source"": ""group_majority"", ""passes_threshold"": true, ""candidate_status"": ""Accepted"", ""rejection_reason"": null, ""validation_record_status"": ""valid""}, {""row_index"": 1337, ""target_field"": ""permit_type"", ""algorithm"": ""association_rules"", ""predicted_value"": ""Plumbing OTC"", ""confidence"": 0.9897959183673469, ""prediction_source"": ""matched_rules"", ""passes_threshold"": true, ""candidate_status"": ""Accepted"", ""rejection_reason"": null, ""validation_record_status"": ""valid""}, {""row_index"": 1337, ""target_field"": ""permit_type"", ""algorithm"": ""clustering"", ""predicted_value"": ""Electrical OTC"", ""confidence"": 0.5128205128205128, ""prediction_source"": ""cluster_majority"", ""passes_threshold"": true, ""candidate_status"": ""Accepted"", ""rejection_reason"": null, ""validation_record_status"": ""valid""}, {""row_index"": 1337, ""target_field"": ""permit_type"", ""algorithm"": ""knn"", ""predicted_value"": ""Plumbing OTC"", ""confidence"": 0.8, ""prediction_source"": ""nearest_neighbors"", ""passes_threshold"": true, ""candidate_status"": ""Accepted"", ""rejection_reason"": null, ""validation_record_status"": ""valid""}]",
1338,permit_type,Plumbing OTC,1,Plumbing OTC,0.997093023255814,Accepted,unanimous_vote,association_rules,"[""association_rules"", ""clustering"", ""grouped_majority"", ""knn""]",4,4,4,4,0.0,valid,True,"[{""row_index"": 1338, ""target_field"": ""permit_type"", ""algorithm"": ""grouped_majority"", ""predicted_value"": ""Plumbing OTC"", ""confidence"": 0.9883720930232558, ""prediction_source"": ""group_majority"", ""passes_threshold"": true, ""candidate_status"": ""Accepted"", ""rejection_reason"": null, ""validation_record_status"": ""valid""}, {""row_index"": 1338, ""target_field"": ""permit_type"", ""algorithm"": ""association_rules"", ""predicted_value"": ""Plumbing OTC"", ""confidence"": 1.0, ""prediction_source"": ""matched_rules"", ""passes_threshold"": true, ""candidate_status"": ""Accepted"", ""rejection_reason"": null, ""validation_record_status"": ""valid""}, {""row_index"": 1338, ""target_field"": ""permit_type"", ""algorithm"": ""clustering"", ""predicted_value"": ""Plumbing OTC"", ""confidence"": 1.0, ""prediction_source"": ""cluster_majority"", ""passes_threshold"": true, ""candidate_status"": ""Accepted"", ""rejection_reason"": null, ""validation_record_status"": ""valid""}, {""row_index"": 1338, ""target_field"": ""permit_type"", ""algorithm"": ""knn"", ""predicted_value"": ""Plumbing OTC"", ""confidence"": 1.0, ""prediction_source"": ""nearest_neighbors"", ""passes_threshold"": true, ""candidate_status"": ""Accepted"", ""rejection_reason"": null, ""validation_record_status"": ""valid""}]",
1339,permit_type,Plumbing OTC,1,Plumbing OTC,0.997093023255814,Accepted,unanimous_vote,association_rules,"[""association_rules"", ""clustering"", ""grouped_majority"", ""knn""]",4,4,4,4,0.0,valid,True,"[{""row_index"": 1339, ""target_field"": ""permit_type"", ""algorithm"": ""grouped_majority"", ""predicted_value"": ""Plumbing OTC"", ""confidence"": 0.9883720930232558, ""prediction_source"": ""group_majority"", ""passes_threshold"": true, ""candidate_status"": ""Accepted"", ""rejection_reason"": null, ""validation_record_status"": ""valid""}, {""row_index"": 1339, ""target_field"": ""permit_type"", ""algorithm"": ""association_rules"", ""predicted_value"": ""Plumbing OTC"", ""confidence"": 1.0, ""prediction_source"": ""matched_rules"", ""passes_threshold"": true, ""candidate_status"": ""Accepted"", ""rejection_reason"": null, ""validation_record_status"": ""valid""}, {""row_index"": 1339, ""target_field"": ""permit_type"", ""algorithm"": ""clustering"", ""predicted_value"": ""Plumbing OTC"", ""confidence"": 1.0, ""prediction_source"": ""cluster_majority"", ""passes_threshold"": true, ""candidate_status"": ""Accepted"", ""rejection_reason"": null, ""validation_record_status"": ""valid""}, {""row_index"": 1339, ""target_field"": ""permit_type"", ""algorithm"": ""knn"", ""predicted_value"": ""Plumbing OTC"", ""confidence"": 1.0, ""prediction_source"": ""nearest_neighbors"", ""passes_threshold"": true, ""candidate_status"": ""Accepted"", ""rejection_reason"": null, ""validation_record_status"": ""valid""}]",
1340,permit_type,Plumbing OTC,1,Plumbing OTC,0.997093023255814,Accepted,unanimous_vote,association_rules,"[""association_rules"", ""clustering"", ""grouped_majority"", ""knn""]",4,4,4,4,0.0,valid,True,"[{""row_index"": 1340, ""target_field"": ""permit_type"", ""algorithm"": ""grouped_majority"", ""predicted_value"": ""Plumbing OTC"", ""confidence"": 0.9883720930232558, ""prediction_source"": ""group_majority"", ""passes_threshold"": true, ""candidate_status"": ""Accepted"", ""rejection_reason"": null, ""validation_record_status"": ""valid""}, {""row_index"": 1340, ""target_field"": ""permit_type"", ""algorithm"": ""association_rules"", ""predicted_value"": ""Plumbing OTC"", ""confidence"": 1.0, ""prediction_source"": ""matched_rules"", ""passes_threshold"": true, ""candidate_status"": ""Accepted"", ""rejection_reason"": null, ""validation_record_status"": ""valid""}, {""row_index"": 1340, ""target_field"": ""permit_type"", ""algorithm"": ""clustering"", ""predicted_value"": ""Plumbing OTC"", ""confidence"": 1.0, ""prediction_source"": ""cluster_majority"", ""passes_threshold"": true, ""candidate_status"": ""Accepted"", ""rejection_reason"": null, ""validation_record_status"": ""valid""}, {""row_index"": 1340, ""target_field"": ""permit_type"", ""algorithm"": ""knn"", ""predicted_value"": ""Plumbing OTC"", ""confidence"": 1.0, ""prediction_source"": ""nearest_neighbors"", ""passes_threshold"": true, ""candidate_status"": ""Accepted"", ""rejection_reason"": null, ""validation_record_status"": ""valid""}]",
1342,permit_type,Plumbing OTC,1,Plumbing OTC,0.9333333333333332,Accepted,majority_vote,association_rules,"[""association_rules"", ""grouped_majority"", ""knn""]",3,4,4,4,0.0,valid,True,"[{""row_index"": 1342, ""target_field"": ""permit_type"", ""algorithm"": ""grouped_majority"", ""predicted_value"": ""Plumbing OTC"", ""confidence"": 1.0, ""prediction_source"": ""group_majority"", ""passes_threshold"": true, ""candidate_status"": ""Accepted"", ""rejection_reason"": null, ""validation_record_status"": ""valid""}, {""row_index"": 1342, ""target_field"": ""permit_type"", ""algorithm"": ""association_rules"", ""predicted_value"": ""Plumbing OTC"", ""confidence"": 1.0, ""prediction_source"": ""matched_rules"", ""passes_threshold"": true, ""candidate_status"": ""Accepted"", ""rejection_reason"": null, ""validation_record_status"": ""valid""}, {""row_index"": 1342, ""target_field"": ""permit_type"", ""algorithm"": ""clustering"", ""predicted_value"": ""Residential Building Report"", ""confidence"": 0.864, ""prediction_source"": ""cluster_majority"", ""passes_threshold"": true, ""candidate_status"": ""Accepted"", ""rejection_reason"": null, ""validation_record_status"": ""valid""}, {""row_index"": 1342, ""target_field"": ""permit_type"", ""algorithm"": ""knn"", ""predicted_value"": ""Plumbing OTC"", ""confidence"": 0.8, ""prediction_source"": ""nearest_neighbors"", ""passes_threshold"": true, ""candidate_status"": ""Accepted"", ""rejection_reason"": null, ""validation_record_status"": ""valid""}]",
1343,permit_type,Plumbing OTC,1,Plumbing OTC,0.9260560037968677,Accepted,majority_vote,association_rules,"[""association_rules"", ""grouped_majority"", ""knn""]",3,4,4,4,0.0,valid,True,"[{""row_index"": 1343, ""target_field"": ""permit_type"", ""algorithm"": ""grouped_majority"", ""predicted_value"": ""Plumbing OTC"", ""confidence"": 0.9883720930232558, ""prediction_source"": ""group_majority"", ""passes_threshold"": true, ""candidate_status"": ""Accepted"", ""rejection_reason"": null, ""validation_record_status"": ""valid""}, {""row_index"": 1343, ""target_field"": ""permit_type"", ""algorithm"": ""association_rules"", ""predicted_value"": ""Plumbing OTC"", ""confidence"": 0.9897959183673469, ""prediction_source"": ""matched_rules"", ""passes_threshold"": true, ""candidate_status"": ""Accepted"", ""rejection_reason"": null, ""validation_record_status"": ""valid""}, {""row_index"": 1343, ""target_field"": ""permit_type"", ""algorithm"": ""clustering"", ""predicted_value"": ""Electrical OTC"", ""confidence"": 0.5128205128205128, ""prediction_source"": ""cluster_majority"", ""passes_threshold"": true, ""candidate_status"": ""Accepted"", ""rejection_reason"": null, ""validation_record_status"": ""valid""}, {""row_index"": 1343, ""target_field"": ""permit_type"", ""algorithm"": ""knn"", ""predicted_value"": ""Plumbing OTC"", ""confidence"": 0.8, ""prediction_source"": ""nearest_neighbors"", ""passes_threshold"": true, ""candidate_status"": ""Accepted"", ""rejection_reason"": null, ""validation_record_status"": ""valid""}]",
1344,permit_type,Plumbing OTC,1,Plumbing OTC,0.997093023255814,Accepted,unanimous_vote,association_rules,"[""association_rules"", ""clustering"", ""grouped_majority"", ""knn""]",4,4,4,4,0.0,valid,True,"[{""row_index"": 1344, ""target_field"": ""permit_type"", ""algorithm"": ""grouped_majority"", ""predicted_value"": ""Plumbing OTC"", ""confidence"": 0.9883720930232558, ""prediction_source"": ""group_majority"", ""passes_threshold"": true, ""candidate_status"": ""Accepted"", ""rejection_reason"": null, ""validation_record_status"": ""valid""}, {""row_index"": 1344, ""target_field"": ""permit_type"", ""algorithm"": ""association_rules"", ""predicted_value"": ""Plumbing OTC"", ""confidence"": 1.0, ""prediction_source"": ""matched_rules"", ""passes_threshold"": true, ""candidate_status"": ""Accepted"", ""rejection_reason"": null, ""validation_record_status"": ""valid""}, {""row_index"": 1344, ""target_field"": ""permit_type"", ""algorithm"": ""clustering"", ""predicted_value"": ""Plumbing OTC"", ""confidence"": 1.0, ""prediction_source"": ""cluster_majority"", ""passes_threshold"": true, ""candidate_status"": ""Accepted"", ""rejection_reason"": null, ""validation_record_status"": ""valid""}, {""row_index"": 1344, ""target_field"": ""permit_type"", ""algorithm"": ""knn"", ""predicted_value"": ""Plumbing OTC"", ""confidence"": 1.0, ""prediction_source"": ""nearest_neighbors"", ""passes_threshold"": true, ""candidate_status"": ""Accepted"", ""rejection_reason"": null, ""validation_record_status"": ""valid""}]",
1345,permit_type,Plumbing OTC,1,Plumbing OTC,0.997093023255814,Accepted,unanimous_vote,association_rules,"[""association_rules"", ""clustering"", ""grouped_majority"", ""knn""]",4,4,4,4,0.0,valid,True,"[{""row_index"": 1345, ""target_field"": ""permit_type"", ""algorithm"": ""grouped_majority"", ""predicted_value"": ""Plumbing OTC"", ""confidence"": 0.9883720930232558, ""prediction_source"": ""group_majority"", ""passes_threshold"": true, ""candidate_status"": ""Accepted"", ""rejection_reason"": null, ""validation_record_status"": ""valid""}, {""row_index"": 1345, ""target_field"": ""permit_type"", ""algorithm"": ""association_rules"", ""predicted_value"": ""Plumbing OTC"", ""confidence"": 1.0, ""prediction_source"": ""matched_rules"", ""passes_threshold"": true, ""candidate_status"": ""Accepted"", ""rejection_reason"": null, ""validation_record_status"": ""valid""}, {""row_index"": 1345, ""target_field"": ""permit_type"", ""algorithm"": ""clustering"", ""predicted_value"": ""Plumbing OTC"", ""confidence"": 1.0, ""prediction_source"": ""cluster_majority"", ""passes_threshold"": true, ""candidate_status"": ""Accepted"", ""rejection_reason"": null, ""validation_record_status"": ""valid""}, {""row_index"": 1345, ""target_field"": ""permit_type"", ""algorithm"": ""knn"", ""predicted_value"": ""Plumbing OTC"", ""confidence"": 1.0, ""prediction_source"": ""nearest_neighbors"", ""passes_threshold"": true, ""candidate_status"": ""Accepted"", ""rejection_reason"": null, ""validation_record_status"": ""valid""}]",
1347,permit_type,Residential Building Report,1,Residential Building Report,0.9637064220183487,Accepted,unanimous_vote,association_rules,"[""association_rules"", ""clustering"", ""grouped_majority"", ""knn""]",4,4,4,4,0.0,valid,True,"[{""row_index"": 1347, ""target_field"": ""permit_type"", ""algorithm"": ""grouped_majority"", ""predicted_value"": ""Residential Building Report"", ""confidence"": 0.9908256880733946, ""prediction_source"": ""group_majority"", ""passes_threshold"": true, ""candidate_status"": ""Accepted"", ""rejection_reason"": null, ""validation_record_status"": ""valid""}, {""row_index"": 1347, ""target_field"": ""permit_type"", ""algorithm"": ""association_rules"", ""predicted_value"": ""Residential Building Report"", ""confidence"": 1.0, ""prediction_source"": ""matched_rules"", ""passes_threshold"": true, ""candidate_status"": ""Accepted"", ""rejection_reason"": null, ""validation_record_status"": ""valid""}, {""row_index"": 1347, ""target_field"": ""permit_type"", ""algorithm"": ""clustering"", ""predicted_value"": ""Residential Building Report"", ""confidence"": 0.864, ""prediction_source"": ""cluster_majority"", ""passes_threshold"": true, ""candidate_status"": ""Accepted"", ""rejection_reason"": null, ""validation_record_status"": ""valid""}, {""row_index"": 1347, ""target_field"": ""permit_type"", ""algorithm"": ""knn"", ""predicted_value"": ""Residential Building Report"", ""confidence"": 1.0, ""prediction_source"": ""nearest_neighbors"", ""passes_threshold"": true, ""candidate_status"": ""Accepted"", ""rejection_reason"": null, ""validation_record_status"": ""valid""}]",
1348,permit_type,Residential Building Report,1,Residential Building Report,0.9637064220183487,Accepted,unanimous_vote,association_rules,"[""association_rules"", ""clustering"", ""grouped_majority"", ""knn""]",4,4,4,4,0.0,valid,True,"[{""row_index"": 1348, ""target_field"": ""permit_type"", ""algorithm"": ""grouped_majority"", ""predicted_value"": ""Residential Building Report"", ""confidence"": 0.9908256880733946, ""prediction_source"": ""group_majority"", ""passes_threshold"": true, ""candidate_status"": ""Accepted"", ""rejection_reason"": null, ""validation_record_status"": ""valid""}, {""row_index"": 1348, ""target_field"": ""permit_type"", ""algorithm"": ""association_rules"", ""predicted_value"": ""Residential Building Report"", ""confidence"": 1.0, ""prediction_source"": ""matched_rules"", ""passes_threshold"": true, ""candidate_status"": ""Accepted"", ""rejection_reason"": null, ""validation_record_status"": ""valid""}, {""row_index"": 1348, ""target_field"": ""permit_type"", ""algorithm"": ""clustering"", ""predicted_value"": ""Residential Building Report"", ""confidence"": 0.864, ""prediction_source"": ""cluster_majority"", ""passes_threshold"": true, ""candidate_status"": ""Accepted"", ""rejection_reason"": null, ""validation_record_status"": ""valid""}, {""row_index"": 1348, ""target_field"": ""permit_type"", ""algorithm"": ""knn"", ""predicted_value"": ""Residential Building Report"", ""confidence"": 1.0, ""prediction_source"": ""nearest_neighbors"", ""passes_threshold"": true, ""candidate_status"": ""Accepted"", ""rejection_reason"": null, ""validation_record_status"": ""valid""}]",
1349,permit_type,Residential Building Report,1,Residential Building Report,0.9637064220183487,Accepted,unanimous_vote,association_rules,"[""association_rules"", ""clustering"", ""grouped_majority"", ""knn""]",4,4,4,4,0.0,valid,True,"[{""row_index"": 1349, ""target_field"": ""permit_type"", ""algorithm"": ""grouped_majority"", ""predicted_value"": ""Residential Building Report"", ""confidence"": 0.9908256880733946, ""prediction_source"": ""group_majority"", ""passes_threshold"": true, ""candidate_status"": ""Accepted"", ""rejection_reason"": null, ""validation_record_status"": ""valid""}, {""row_index"": 1349, ""target_field"": ""permit_type"", ""algorithm"": ""association_rules"", ""predicted_value"": ""Residential Building Report"", ""confidence"": 1.0, ""prediction_source"": ""matched_rules"", ""passes_threshold"": true, ""candidate_status"": ""Accepted"", ""rejection_reason"": null, ""validation_record_status"": ""valid""}, {""row_index"": 1349, ""target_field"": ""permit_type"", ""algorithm"": ""clustering"", ""predicted_value"": ""Residential Building Report"", ""confidence"": 0.864, ""prediction_source"": ""cluster_majority"", ""passes_threshold"": true, ""candidate_status"": ""Accepted"", ""rejection_reason"": null, ""validation_record_status"": ""valid""}, {""row_index"": 1349, ""target_field"": ""permit_type"", ""algorithm"": ""knn"", ""predicted_value"": ""Residential Building Report"", ""confidence"": 1.0, ""prediction_source"": ""nearest_neighbors"", ""passes_threshold"": true, ""candidate_status"": ""Accepted"", ""rejection_reason"": null, ""validation_record_status"": ""valid""}]",
1350,permit_type,Residential Building Report,1,Residential Building Report,0.9637064220183487,Accepted,unanimous_vote,association_rules,"[""association_rules"", ""clustering"", ""grouped_majority"", ""knn""]",4,4,4,4,0.0,valid,True,"[{""row_index"": 1350, ""target_field"": ""permit_type"", ""algorithm"": ""grouped_majority"", ""predicted_value"": ""Residential Building Report"", ""confidence"": 0.9908256880733946, ""prediction_source"": ""group_majority"", ""passes_threshold"": true, ""candidate_status"": ""Accepted"", ""rejection_reason"": null, ""validation_record_status"": ""valid""}, {""row_index"": 1350, ""target_field"": ""permit_type"", ""algorithm"": ""association_rules"", ""predicted_value"": ""Residential Building Report"", ""confidence"": 1.0, ""prediction_source"": ""matched_rules"", ""passes_threshold"": true, ""candidate_status"": ""Accepted"", ""rejection_reason"": null, ""validation_record_status"": ""valid""}, {""row_index"": 1350, ""target_field"": ""permit_type"", ""algorithm"": ""clustering"", ""predicted_value"": ""Residential Building Report"", ""confidence"": 0.864, ""prediction_source"": ""cluster_majority"", ""passes_threshold"": true, ""candidate_status"": ""Accepted"", ""rejection_reason"": null, ""validation_record_status"": ""valid""}, {""row_index"": 1350, ""target_field"": ""permit_type"", ""algorithm"": ""knn"", ""predicted_value"": ""Residential Building Report"", ""confidence"": 1.0, ""prediction_source"": ""nearest_neighbors"", ""passes_threshold"": true, ""candidate_status"": ""Accepted"", ""rejection_reason"": null, ""validation_record_status"": ""valid""}]",
1354,permit_type,Residential Building Report,1,Residential Building Report,0.9637064220183487,Accepted,unanimous_vote,association_rules,"[""association_rules"", ""clustering"", ""grouped_majority"", ""knn""]",4,4,4,4,0.0,valid,True,"[{""row_index"": 1354, ""target_field"": ""permit_type"", ""algorithm"": ""grouped_majority"", ""predicted_value"": ""Residential Building Report"", ""confidence"": 0.9908256880733946, ""prediction_source"": ""group_majority"", ""passes_threshold"": true, ""candidate_status"": ""Accepted"", ""rejection_reason"": null, ""validation_record_status"": ""valid""}, {""row_index"": 1354, ""target_field"": ""permit_type"", ""algorithm"": ""association_rules"", ""predicted_value"": ""Residential Building Report"", ""confidence"": 1.0, ""prediction_source"": ""matched_rules"", ""passes_threshold"": true, ""candidate_status"": ""Accepted"", ""rejection_reason"": null, ""validation_record_status"": ""valid""}, {""row_index"": 1354, ""target_field"": ""permit_type"", ""algorithm"": ""clustering"", ""predicted_value"": ""Residential Building Report"", ""confidence"": 0.864, ""prediction_source"": ""cluster_majority"", ""passes_threshold"": true, ""candidate_status"": ""Accepted"", ""rejection_reason"": null, ""validation_record_status"": ""valid""}, {""row_index"": 1354, ""target_field"": ""permit_type"", ""algorithm"": ""knn"", ""predicted_value"": ""Residential Building Report"", ""confidence"": 1.0, ""prediction_source"": ""nearest_neighbors"", ""passes_threshold"": true, ""candidate_status"": ""Accepted"", ""rejection_reason"": null, ""validation_record_status"": ""valid""}]",
1357,permit_type,Residential Building Report,1,Residential Building Report,0.9637064220183487,Accepted,unanimous_vote,association_rules,"[""association_rules"", ""clustering"", ""grouped_majority"", ""knn""]",4,4,4,4,0.0,valid,True,"[{""row_index"": 1357, ""target_field"": ""permit_type"", ""algorithm"": ""grouped_majority"", ""predicted_value"": ""Residential Building Report"", ""confidence"": 0.9908256880733946, ""prediction_source"": ""group_majority"", ""passes_threshold"": true, ""candidate_status"": ""Accepted"", ""rejection_reason"": null, ""validation_record_status"": ""valid""}, {""row_index"": 1357, ""target_field"": ""permit_type"", ""algorithm"": ""association_rules"", ""predicted_value"": ""Residential Building Report"", ""confidence"": 1.0, ""prediction_source"": ""matched_rules"", ""passes_threshold"": true, ""candidate_status"": ""Accepted"", ""rejection_reason"": null, ""validation_record_status"": ""valid""}, {""row_index"": 1357, ""target_field"": ""permit_type"", ""algorithm"": ""clustering"", ""predicted_value"": ""Residential Building Report"", ""confidence"": 0.864, ""prediction_source"": ""cluster_majority"", ""passes_threshold"": true, ""candidate_status"": ""Accepted"", ""rejection_reason"": null, ""validation_record_status"": ""valid""}, {""row_index"": 1357, ""target_field"": ""permit_type"", ""algorithm"": ""knn"", ""predicted_value"": ""Residential Building Report"", ""confidence"": 1.0, ""prediction_source"": ""nearest_neighbors"", ""passes_threshold"": true, ""candidate_status"": ""Accepted"", ""rejection_reason"": null, ""validation_record_status"": ""valid""}]",
1358,permit_type,Residential Building Report,1,Residential Building Report,0.9637064220183487,Accepted,unanimous_vote,association_rules,"[""association_rules"", ""clustering"", ""grouped_majority"", ""knn""]",4,4,4,4,0.0,valid,True,"[{""row_index"": 1358, ""target_field"": ""permit_type"", ""algorithm"": ""grouped_majority"", ""predicted_value"": ""Residential Building Report"", ""confidence"": 0.9908256880733946, ""prediction_source"": ""group_majority"", ""passes_threshold"": true, ""candidate_status"": ""Accepted"", ""rejection_reason"": null, ""validation_record_status"": ""valid""}, {""row_index"": 1358, ""target_field"": ""permit_type"", ""algorithm"": ""association_rules"", ""predicted_value"": ""Residential Building Report"", ""confidence"": 1.0, ""prediction_source"": ""matched_rules"", ""passes_threshold"": true, ""candidate_status"": ""Accepted"", ""rejection_reason"": null, ""validation_record_status"": ""valid""}, {""row_index"": 1358, ""target_field"": ""permit_type"", ""algorithm"": ""clustering"", ""predicted_value"": ""Residential Building Report"", ""confidence"": 0.864, ""prediction_source"": ""cluster_majority"", ""passes_threshold"": true, ""candidate_status"": ""Accepted"", ""rejection_reason"": null, ""validation_record_status"": ""valid""}, {""row_index"": 1358, ""target_field"": ""permit_type"", ""algorithm"": ""knn"", ""predicted_value"": ""Residential Building Report"", ""confidence"": 1.0, ""prediction_source"": ""nearest_neighbors"", ""passes_threshold"": true, ""candidate_status"": ""Accepted"", ""rejection_reason"": null, ""validation_record_status"": ""valid""}]",
