row_index,target_field,sub_type_true,is_masked_type_subtype,final_value,final_confidence,decision_status,decision_method,selected_algorithm,supporting_algorithms,vote_count,candidate_count,generated_candidate_count,accepted_candidate_count,minimum_confidence,validation_record_status,is_accepted,candidates_json,sub_type_input
6,sub_type,In House Plan Check,1,,0.5357142857142858,Requires Review,average_confidence_tiebreak,association_rules,"[""association_rules"", ""knn""]",2,4,4,4,0.0,valid,False,"[{""row_index"": 6, ""target_field"": ""sub_type"", ""algorithm"": ""grouped_majority"", ""predicted_value"": ""Over The Counter"", ""confidence"": 0.5567375886524822, ""prediction_source"": ""group_majority"", ""passes_threshold"": true, ""candidate_status"": ""Accepted"", ""rejection_reason"": null, ""validation_record_status"": ""valid""}, {""row_index"": 6, ""target_field"": ""sub_type"", ""algorithm"": ""association_rules"", ""predicted_value"": ""Full Plan Check"", ""confidence"": 0.5714285714285715, ""prediction_source"": ""matched_rules"", ""passes_threshold"": true, ""candidate_status"": ""Accepted"", ""rejection_reason"": null, ""validation_record_status"": ""valid""}, {""row_index"": 6, ""target_field"": ""sub_type"", ""algorithm"": ""clustering"", ""predicted_value"": ""Over The Counter"", ""confidence"": 0.4074074074074074, ""prediction_source"": ""cluster_majority"", ""passes_threshold"": true, ""candidate_status"": ""Accepted"", ""rejection_reason"": null, ""validation_record_status"": ""valid""}, {""row_index"": 6, ""target_field"": ""sub_type"", ""algorithm"": ""knn"", ""predicted_value"": ""Full Plan Check"", ""confidence"": 0.5, ""prediction_source"": ""nearest_neighbors"", ""passes_threshold"": true, ""candidate_status"": ""Accepted"", ""rejection_reason"": null, ""validation_record_status"": ""valid""}]",
8,sub_type,In House Plan Check,1,,0.5857142857142857,Requires Review,average_confidence_tiebreak,knn,"[""association_rules"", ""knn""]",2,4,4,4,0.0,valid,False,"[{""row_index"": 8, ""target_field"": ""sub_type"", ""algorithm"": ""grouped_majority"", ""predicted_value"": ""Over The Counter"", ""confidence"": 0.5567375886524822, ""prediction_source"": ""group_majority"", ""passes_threshold"": true, ""candidate_status"": ""Accepted"", ""rejection_reason"": null, ""validation_record_status"": ""valid""}, {""row_index"": 8, ""target_field"": ""sub_type"", ""algorithm"": ""association_rules"", ""predicted_value"": ""Full Plan Check"", ""confidence"": 0.5714285714285715, ""prediction_source"": ""matched_rules"", ""passes_threshold"": true, ""candidate_status"": ""Accepted"", ""rejection_reason"": null, ""validation_record_status"": ""valid""}, {""row_index"": 8, ""target_field"": ""sub_type"", ""algorithm"": ""clustering"", ""predicted_value"": ""Over The Counter"", ""confidence"": 0.4074074074074074, ""prediction_source"": ""cluster_majority"", ""passes_threshold"": true, ""candidate_status"": ""Accepted"", ""rejection_reason"": null, ""validation_record_status"": ""valid""}, {""row_index"": 8, ""target_field"": ""sub_type"", ""algorithm"": ""knn"", ""predicted_value"": ""Full Plan Check"", ""confidence"": 0.6, ""prediction_source"": ""nearest_neighbors"", ""passes_threshold"": true, ""candidate_status"": ""Accepted"", ""rejection_reason"": null, ""validation_record_status"": ""valid""}]",
11,sub_type,In House Plan Check,1,Over The Counter,0.5809445068833513,Accepted,majority_vote,association_rules,"[""association_rules"", ""clustering"", ""grouped_majority""]",3,4,4,4,0.0,valid,True,"[{""row_index"": 11, ""target_field"": ""sub_type"", ""algorithm"": ""grouped_majority"", ""predicted_value"": ""Over The Counter"", ""confidence"": 0.5567375886524822, ""prediction_source"": ""group_majority"", ""passes_threshold"": true, ""candidate_status"": ""Accepted"", ""rejection_reason"": null, ""validation_record_status"": ""valid""}, {""row_index"": 11, ""target_field"": ""sub_type"", ""algorithm"": ""association_rules"", ""predicted_value"": ""Over The Counter"", ""confidence"": 0.778688524590164, ""prediction_source"": ""matched_rules"", ""passes_threshold"": true, ""candidate_status"": ""Accepted"", ""rejection_reason"": null, ""validation_record_status"": ""valid""}, {""row_index"": 11, ""target_field"": ""sub_type"", ""algorithm"": ""clustering"", ""predicted_value"": ""Over The Counter"", ""confidence"": 0.4074074074074074, ""prediction_source"": ""cluster_majority"", ""passes_threshold"": true, ""candidate_status"": ""Accepted"", ""rejection_reason"": null, ""validation_record_status"": ""valid""}, {""row_index"": 11, ""target_field"": ""sub_type"", ""algorithm"": ""knn"", ""predicted_value"": ""Full Plan Check"", ""confidence"": 0.4, ""prediction_source"": ""nearest_neighbors"", ""passes_threshold"": true, ""candidate_status"": ""Accepted"", ""rejection_reason"": null, ""validation_record_status"": ""valid""}]",
17,sub_type,Over The Counter,1,Over The Counter,0.7862432206925324,Accepted,unanimous_vote,association_rules,"[""association_rules"", ""clustering"", ""grouped_majority"", ""knn""]",4,4,4,4,0.0,valid,True,"[{""row_index"": 17, ""target_field"": ""sub_type"", ""algorithm"": ""grouped_majority"", ""predicted_value"": ""Over The Counter"", ""confidence"": 0.5567375886524822, ""prediction_source"": ""group_majority"", ""passes_threshold"": true, ""candidate_status"": ""Accepted"", ""rejection_reason"": null, ""validation_record_status"": ""valid""}, {""row_index"": 17, ""target_field"": ""sub_type"", ""algorithm"": ""association_rules"", ""predicted_value"": ""Over The Counter"", ""confidence"": 1.0, ""prediction_source"": ""matched_rules"", ""passes_threshold"": true, ""candidate_status"": ""Accepted"", ""rejection_reason"": null, ""validation_record_status"": ""valid""}, {""row_index"": 17, ""target_field"": ""sub_type"", ""algorithm"": ""clustering"", ""predicted_value"": ""Over The Counter"", ""confidence"": 0.5882352941176471, ""prediction_source"": ""cluster_majority"", ""passes_threshold"": true, ""candidate_status"": ""Accepted"", ""rejection_reason"": null, ""validation_record_status"": ""valid""}, {""row_index"": 17, ""target_field"": ""sub_type"", ""algorithm"": ""knn"", ""predicted_value"": ""Over The Counter"", ""confidence"": 1.0, ""prediction_source"": ""nearest_neighbors"", ""passes_threshold"": true, ""candidate_status"": ""Accepted"", ""rejection_reason"": null, ""validation_record_status"": ""valid""}]",
20,sub_type,Over The Counter,1,Over The Counter,0.8117196084307262,Accepted,unanimous_vote,association_rules,"[""association_rules"", ""clustering"", ""grouped_majority"", ""knn""]",4,4,4,4,0.0,valid,True,"[{""row_index"": 20, ""target_field"": ""sub_type"", ""algorithm"": ""grouped_majority"", ""predicted_value"": ""Over The Counter"", ""confidence"": 0.5567375886524822, ""prediction_source"": ""group_majority"", ""passes_threshold"": true, ""candidate_status"": ""Accepted"", ""rejection_reason"": null, ""validation_record_status"": ""valid""}, {""row_index"": 20, ""target_field"": ""sub_type"", ""algorithm"": ""association_rules"", ""predicted_value"": ""Over The Counter"", ""confidence"": 1.0, ""prediction_source"": ""matched_rules"", ""passes_threshold"": true, ""candidate_status"": ""Accepted"", ""rejection_reason"": null, ""validation_record_status"": ""valid""}, {""row_index"": 20, ""target_field"": ""sub_type"", ""algorithm"": ""clustering"", ""predicted_value"": ""Over The Counter"", ""confidence"": 0.6901408450704225, ""prediction_source"": ""cluster_majority"", ""passes_threshold"": true, ""candidate_status"": ""Accepted"", ""rejection_reason"": null, ""validation_record_status"": ""valid""}, {""row_index"": 20, ""target_field"": ""sub_type"", ""algorithm"": ""knn"", ""predicted_value"": ""Over The Counter"", ""confidence"": 1.0, ""prediction_source"": ""nearest_neighbors"", ""passes_threshold"": true, ""candidate_status"": ""Accepted"", ""rejection_reason"": null, ""validation_record_status"": ""valid""}]",
22,sub_type,Over The Counter,1,Over The Counter,0.9072638530002871,Accepted,majority_vote,knn,"[""clustering"", ""grouped_majority"", ""knn""]",3,4,4,4,0.0,valid,True,"[{""row_index"": 22, ""target_field"": ""sub_type"", ""algorithm"": ""grouped_majority"", ""predicted_value"": ""Over The Counter"", ""confidence"": 0.9069767441860465, ""prediction_source"": ""group_majority"", ""passes_threshold"": true, ""candidate_status"": ""Accepted"", ""rejection_reason"": null, ""validation_record_status"": ""valid""}, {""row_index"": 22, ""target_field"": ""sub_type"", ""algorithm"": ""association_rules"", ""predicted_value"": ""Residential Building Report"", ""confidence"": 0.5247524752475248, ""prediction_source"": ""matched_rules"", ""passes_threshold"": true, ""candidate_status"": ""Accepted"", ""rejection_reason"": null, ""validation_record_status"": ""valid""}, {""row_index"": 22, ""target_field"": ""sub_type"", ""algorithm"": ""clustering"", ""predicted_value"": ""Over The Counter"", ""confidence"": 0.8148148148148148, ""prediction_source"": ""cluster_majority"", ""passes_threshold"": true, ""candidate_status"": ""Accepted"", ""rejection_reason"": null, ""validation_record_status"": ""valid""}, {""row_index"": 22, ""target_field"": ""sub_type"", ""algorithm"": ""knn"", ""predicted_value"": ""Over The Counter"", ""confidence"": 1.0, ""prediction_source"": ""nearest_neighbors"", ""passes_threshold"": true, ""candidate_status"": ""Accepted"", ""rejection_reason"": null, ""validation_record_status"": ""valid""}]",
23,sub_type,Over The Counter,1,Over The Counter,0.7675904818192052,Accepted,unanimous_vote,association_rules,"[""association_rules"", ""clustering"", ""grouped_majority"", ""knn""]",4,4,4,4,0.0,valid,True,"[{""row_index"": 23, ""target_field"": ""sub_type"", ""algorithm"": ""grouped_majority"", ""predicted_value"": ""Over The Counter"", ""confidence"": 0.5567375886524822, ""prediction_source"": ""group_majority"", ""passes_threshold"": true, ""candidate_status"": ""Accepted"", ""rejection_reason"": null, ""validation_record_status"": ""valid""}, {""row_index"": 23, ""target_field"": ""sub_type"", ""algorithm"": ""association_rules"", ""predicted_value"": ""Over The Counter"", ""confidence"": 0.8988095238095238, ""prediction_source"": ""matched_rules"", ""passes_threshold"": true, ""candidate_status"": ""Accepted"", ""rejection_reason"": null, ""validation_record_status"": ""valid""}, {""row_index"": 23, ""target_field"": ""sub_type"", ""algorithm"": ""clustering"", ""predicted_value"": ""Over The Counter"", ""confidence"": 0.8148148148148148, ""prediction_source"": ""cluster_majority"", ""passes_threshold"": true, ""candidate_status"": ""Accepted"", ""rejection_reason"": null, ""validation_record_status"": ""valid""}, {""row_index"": 23, ""target_field"": ""sub_type"", ""algorithm"": ""knn"", ""predicted_value"": ""Over The Counter"", ""confidence"": 0.8, ""prediction_source"": ""nearest_neighbors"", ""passes_threshold"": true, ""candidate_status"": ""Accepted"", ""rejection_reason"": null, ""validation_record_status"": ""valid""}]",
24,sub_type,Over The Counter,1,,0.5724864413850647,Requires Review,average_confidence_tiebreak,clustering,"[""clustering"", ""grouped_majority""]",2,4,4,4,0.0,valid,False,"[{""row_index"": 24, ""target_field"": ""sub_type"", ""algorithm"": ""grouped_majority"", ""predicted_value"": ""Over The Counter"", ""confidence"": 0.5567375886524822, ""prediction_source"": ""group_majority"", ""passes_threshold"": true, ""candidate_status"": ""Accepted"", ""rejection_reason"": null, ""validation_record_status"": ""valid""}, {""row_index"": 24, ""target_field"": ""sub_type"", ""algorithm"": ""association_rules"", ""predicted_value"": ""In House Plan Check"", ""confidence"": 0.5, ""prediction_source"": ""matched_rules"", ""passes_threshold"": true, ""candidate_status"": ""Accepted"", ""rejection_reason"": null, ""validation_record_status"": ""valid""}, {""row_index"": 24, ""target_field"": ""sub_type"", ""algorithm"": ""clustering"", ""predicted_value"": ""Over The Counter"", ""confidence"": 0.5882352941176471, ""prediction_source"": ""cluster_majority"", ""passes_threshold"": true, ""candidate_status"": ""Accepted"", ""rejection_reason"": null, ""validation_record_status"": ""valid""}, {""row_index"": 24, ""target_field"": ""sub_type"", ""algorithm"": ""knn"", ""predicted_value"": ""In House Plan Check"", ""confidence"": 0.4, ""prediction_source"": ""nearest_neighbors"", ""passes_threshold"": true, ""candidate_status"": ""Accepted"", ""rejection_reason"": null, ""validation_record_status"": ""valid""}]",
26,sub_type,Over The Counter,1,Over The Counter,0.8657058630854896,Accepted,majority_vote,knn,"[""clustering"", ""grouped_majority"", ""knn""]",3,4,4,4,0.0,valid,True,"[{""row_index"": 26, ""target_field"": ""sub_type"", ""algorithm"": ""grouped_majority"", ""predicted_value"": ""Over The Counter"", ""confidence"": 0.9069767441860465, ""prediction_source"": ""group_majority"", ""passes_threshold"": true, ""candidate_status"": ""Accepted"", ""rejection_reason"": null, ""validation_record_status"": ""valid""}, {""row_index"": 26, ""target_field"": ""sub_type"", ""algorithm"": ""association_rules"", ""predicted_value"": ""Residential Building Report"", ""confidence"": 0.5247524752475248, ""prediction_source"": ""matched_rules"", ""passes_threshold"": true, ""candidate_status"": ""Accepted"", ""rejection_reason"": null, ""validation_record_status"": ""valid""}, {""row_index"": 26, ""target_field"": ""sub_type"", ""algorithm"": ""clustering"", ""predicted_value"": ""Over The Counter"", ""confidence"": 0.6901408450704225, ""prediction_source"": ""cluster_majority"", ""passes_threshold"": true, ""candidate_status"": ""Accepted"", ""rejection_reason"": null, ""validation_record_status"": ""valid""}, {""row_index"": 26, ""target_field"": ""sub_type"", ""algorithm"": ""knn"", ""predicted_value"": ""Over The Counter"", ""confidence"": 1.0, ""prediction_source"": ""nearest_neighbors"", ""passes_threshold"": true, ""candidate_status"": ""Accepted"", ""rejection_reason"": null, ""validation_record_status"": ""valid""}]",
28,sub_type,Over The Counter,1,Over The Counter,0.7258265540258657,Accepted,unanimous_vote,association_rules,"[""association_rules"", ""clustering"", ""grouped_majority"", ""knn""]",4,4,4,4,0.0,valid,True,"[{""row_index"": 28, ""target_field"": ""sub_type"", ""algorithm"": ""grouped_majority"", ""predicted_value"": ""Over The Counter"", ""confidence"": 0.5567375886524822, ""prediction_source"": ""group_majority"", ""passes_threshold"": true, ""candidate_status"": ""Accepted"", ""rejection_reason"": null, ""validation_record_status"": ""valid""}, {""row_index"": 28, ""target_field"": ""sub_type"", ""algorithm"": ""association_rules"", ""predicted_value"": ""Over The Counter"", ""confidence"": 0.9583333333333333, ""prediction_source"": ""matched_rules"", ""passes_threshold"": true, ""candidate_status"": ""Accepted"", ""rejection_reason"": null, ""validation_record_status"": ""valid""}, {""row_index"": 28, ""target_field"": ""sub_type"", ""algorithm"": ""clustering"", ""predicted_value"": ""Over The Counter"", ""confidence"": 0.5882352941176471, ""prediction_source"": ""cluster_majority"", ""passes_threshold"": true, ""candidate_status"": ""Accepted"", ""rejection_reason"": null, ""validation_record_status"": ""valid""}, {""row_index"": 28, ""target_field"": ""sub_type"", ""algorithm"": ""knn"", ""predicted_value"": ""Over The Counter"", ""confidence"": 0.8, ""prediction_source"": ""nearest_neighbors"", ""passes_threshold"": true, ""candidate_status"": ""Accepted"", ""rejection_reason"": null, ""validation_record_status"": ""valid""}]",
29,sub_type,Over The Counter,1,Over The Counter,0.7258265540258657,Accepted,unanimous_vote,association_rules,"[""association_rules"", ""clustering"", ""grouped_majority"", ""knn""]",4,4,4,4,0.0,valid,True,"[{""row_index"": 29, ""target_field"": ""sub_type"", ""algorithm"": ""grouped_majority"", ""predicted_value"": ""Over The Counter"", ""confidence"": 0.5567375886524822, ""prediction_source"": ""group_majority"", ""passes_threshold"": true, ""candidate_status"": ""Accepted"", ""rejection_reason"": null, ""validation_record_status"": ""valid""}, {""row_index"": 29, ""target_field"": ""sub_type"", ""algorithm"": ""association_rules"", ""predicted_value"": ""Over The Counter"", ""confidence"": 0.9583333333333333, ""prediction_source"": ""matched_rules"", ""passes_threshold"": true, ""candidate_status"": ""Accepted"", ""rejection_reason"": null, ""validation_record_status"": ""valid""}, {""row_index"": 29, ""target_field"": ""sub_type"", ""algorithm"": ""clustering"", ""predicted_value"": ""Over The Counter"", ""confidence"": 0.5882352941176471, ""prediction_source"": ""cluster_majority"", ""passes_threshold"": true, ""candidate_status"": ""Accepted"", ""rejection_reason"": null, ""validation_record_status"": ""valid""}, {""row_index"": 29, ""target_field"": ""sub_type"", ""algorithm"": ""knn"", ""predicted_value"": ""Over The Counter"", ""confidence"": 0.8, ""prediction_source"": ""nearest_neighbors"", ""passes_threshold"": true, ""candidate_status"": ""Accepted"", ""rejection_reason"": null, ""validation_record_status"": ""valid""}]",
31,sub_type,Over The Counter,1,Over The Counter,0.7675904818192052,Accepted,unanimous_vote,association_rules,"[""association_rules"", ""clustering"", ""grouped_majority"", ""knn""]",4,4,4,4,0.0,valid,True,"[{""row_index"": 31, ""target_field"": ""sub_type"", ""algorithm"": ""grouped_majority"", ""predicted_value"": ""Over The Counter"", ""confidence"": 0.5567375886524822, ""prediction_source"": ""group_majority"", ""passes_threshold"": true, ""candidate_status"": ""Accepted"", ""rejection_reason"": null, ""validation_record_status"": ""valid""}, {""row_index"": 31, ""target_field"": ""sub_type"", ""algorithm"": ""association_rules"", ""predicted_value"": ""Over The Counter"", ""confidence"": 0.8988095238095238, ""prediction_source"": ""matched_rules"", ""passes_threshold"": true, ""candidate_status"": ""Accepted"", ""rejection_reason"": null, ""validation_record_status"": ""valid""}, {""row_index"": 31, ""target_field"": ""sub_type"", ""algorithm"": ""clustering"", ""predicted_value"": ""Over The Counter"", ""confidence"": 0.8148148148148148, ""prediction_source"": ""cluster_majority"", ""passes_threshold"": true, ""candidate_status"": ""Accepted"", ""rejection_reason"": null, ""validation_record_status"": ""valid""}, {""row_index"": 31, ""target_field"": ""sub_type"", ""algorithm"": ""knn"", ""predicted_value"": ""Over The Counter"", ""confidence"": 0.8, ""prediction_source"": ""nearest_neighbors"", ""passes_threshold"": true, ""candidate_status"": ""Accepted"", ""rejection_reason"": null, ""validation_record_status"": ""valid""}]",
33,sub_type,Over The Counter,1,Over The Counter,0.7862432206925324,Accepted,unanimous_vote,association_rules,"[""association_rules"", ""clustering"", ""grouped_majority"", ""knn""]",4,4,4,4,0.0,valid,True,"[{""row_index"": 33, ""target_field"": ""sub_type"", ""algorithm"": ""grouped_majority"", ""predicted_value"": ""Over The Counter"", ""confidence"": 0.5567375886524822, ""prediction_source"": ""group_majority"", ""passes_threshold"": true, ""candidate_status"": ""Accepted"", ""rejection_reason"": null, ""validation_record_status"": ""valid""}, {""row_index"": 33, ""target_field"": ""sub_type"", ""algorithm"": ""association_rules"", ""predicted_value"": ""Over The Counter"", ""confidence"": 1.0, ""prediction_source"": ""matched_rules"", ""passes_threshold"": true, ""candidate_status"": ""Accepted"", ""rejection_reason"": null, ""validation_record_status"": ""valid""}, {""row_index"": 33, ""target_field"": ""sub_type"", ""algorithm"": ""clustering"", ""predicted_value"": ""Over The Counter"", ""confidence"": 0.5882352941176471, ""prediction_source"": ""cluster_majority"", ""passes_threshold"": true, ""candidate_status"": ""Accepted"", ""rejection_reason"": null, ""validation_record_status"": ""valid""}, {""row_index"": 33, ""target_field"": ""sub_type"", ""algorithm"": ""knn"", ""predicted_value"": ""Over The Counter"", ""confidence"": 1.0, ""prediction_source"": ""nearest_neighbors"", ""passes_threshold"": true, ""candidate_status"": ""Accepted"", ""rejection_reason"": null, ""validation_record_status"": ""valid""}]",
34,sub_type,Over The Counter,1,Over The Counter,0.7675904818192052,Accepted,unanimous_vote,association_rules,"[""association_rules"", ""clustering"", ""grouped_majority"", ""knn""]",4,4,4,4,0.0,valid,True,"[{""row_index"": 34, ""target_field"": ""sub_type"", ""algorithm"": ""grouped_majority"", ""predicted_value"": ""Over The Counter"", ""confidence"": 0.5567375886524822, ""prediction_source"": ""group_majority"", ""passes_threshold"": true, ""candidate_status"": ""Accepted"", ""rejection_reason"": null, ""validation_record_status"": ""valid""}, {""row_index"": 34, ""target_field"": ""sub_type"", ""algorithm"": ""association_rules"", ""predicted_value"": ""Over The Counter"", ""confidence"": 0.8988095238095238, ""prediction_source"": ""matched_rules"", ""passes_threshold"": true, ""candidate_status"": ""Accepted"", ""rejection_reason"": null, ""validation_record_status"": ""valid""}, {""row_index"": 34, ""target_field"": ""sub_type"", ""algorithm"": ""clustering"", ""predicted_value"": ""Over The Counter"", ""confidence"": 0.8148148148148148, ""prediction_source"": ""cluster_majority"", ""passes_threshold"": true, ""candidate_status"": ""Accepted"", ""rejection_reason"": null, ""validation_record_status"": ""valid""}, {""row_index"": 34, ""target_field"": ""sub_type"", ""algorithm"": ""knn"", ""predicted_value"": ""Over The Counter"", ""confidence"": 0.8, ""prediction_source"": ""nearest_neighbors"", ""passes_threshold"": true, ""candidate_status"": ""Accepted"", ""rejection_reason"": null, ""validation_record_status"": ""valid""}]",
38,sub_type,Over The Counter,1,Over The Counter,0.8657058630854896,Accepted,majority_vote,knn,"[""clustering"", ""grouped_majority"", ""knn""]",3,4,4,4,0.0,valid,True,"[{""row_index"": 38, ""target_field"": ""sub_type"", ""algorithm"": ""grouped_majority"", ""predicted_value"": ""Over The Counter"", ""confidence"": 0.9069767441860465, ""prediction_source"": ""group_majority"", ""passes_threshold"": true, ""candidate_status"": ""Accepted"", ""rejection_reason"": null, ""validation_record_status"": ""valid""}, {""row_index"": 38, ""target_field"": ""sub_type"", ""algorithm"": ""association_rules"", ""predicted_value"": ""Residential Building Report"", ""confidence"": 0.5247524752475248, ""prediction_source"": ""matched_rules"", ""passes_threshold"": true, ""candidate_status"": ""Accepted"", ""rejection_reason"": null, ""validation_record_status"": ""valid""}, {""row_index"": 38, ""target_field"": ""sub_type"", ""algorithm"": ""clustering"", ""predicted_value"": ""Over The Counter"", ""confidence"": 0.6901408450704225, ""prediction_source"": ""cluster_majority"", ""passes_threshold"": true, ""candidate_status"": ""Accepted"", ""rejection_reason"": null, ""validation_record_status"": ""valid""}, {""row_index"": 38, ""target_field"": ""sub_type"", ""algorithm"": ""knn"", ""predicted_value"": ""Over The Counter"", ""confidence"": 1.0, ""prediction_source"": ""nearest_neighbors"", ""passes_threshold"": true, ""candidate_status"": ""Accepted"", ""rejection_reason"": null, ""validation_record_status"": ""valid""}]",
42,sub_type,Over The Counter,1,Over The Counter,0.8466794380587483,Accepted,unanimous_vote,association_rules,"[""association_rules"", ""clustering"", ""grouped_majority"", ""knn""]",4,4,4,4,0.0,valid,True,"[{""row_index"": 42, ""target_field"": ""sub_type"", ""algorithm"": ""grouped_majority"", ""predicted_value"": ""Over The Counter"", ""confidence"": 0.9793103448275862, ""prediction_source"": ""group_majority"", ""passes_threshold"": true, ""candidate_status"": ""Accepted"", ""rejection_reason"": null, ""validation_record_status"": ""valid""}, {""row_index"": 42, ""target_field"": ""sub_type"", ""algorithm"": ""association_rules"", ""predicted_value"": ""Over The Counter"", ""confidence"": 1.0, ""prediction_source"": ""matched_rules"", ""passes_threshold"": true, ""candidate_status"": ""Accepted"", ""rejection_reason"": null, ""validation_record_status"": ""valid""}, {""row_index"": 42, ""target_field"": ""sub_type"", ""algorithm"": ""clustering"", ""predicted_value"": ""Over The Counter"", ""confidence"": 0.4074074074074074, ""prediction_source"": ""cluster_majority"", ""passes_threshold"": true, ""candidate_status"": ""Accepted"", ""rejection_reason"": null, ""validation_record_status"": ""valid""}, {""row_index"": 42, ""target_field"": ""sub_type"", ""algorithm"": ""knn"", ""predicted_value"": ""Over The Counter"", ""confidence"": 1.0, ""prediction_source"": ""nearest_neighbors"", ""passes_threshold"": true, ""candidate_status"": ""Accepted"", ""rejection_reason"": null, ""validation_record_status"": ""valid""}]",
44,sub_type,Over The Counter,1,Over The Counter,0.9858380149812733,Accepted,majority_vote,knn,"[""clustering"", ""grouped_majority"", ""knn""]",3,4,4,4,0.0,valid,True,"[{""row_index"": 44, ""target_field"": ""sub_type"", ""algorithm"": ""grouped_majority"", ""predicted_value"": ""Over The Counter"", ""confidence"": 0.96875, ""prediction_source"": ""group_majority"", ""passes_threshold"": true, ""candidate_status"": ""Accepted"", ""rejection_reason"": null, ""validation_record_status"": ""valid""}, {""row_index"": 44, ""target_field"": ""sub_type"", ""algorithm"": ""association_rules"", ""predicted_value"": ""Residential Building Report"", ""confidence"": 0.5824175824175825, ""prediction_source"": ""matched_rules"", ""passes_threshold"": true, ""candidate_status"": ""Accepted"", ""rejection_reason"": null, ""validation_record_status"": ""valid""}, {""row_index"": 44, ""target_field"": ""sub_type"", ""algorithm"": ""clustering"", ""predicted_value"": ""Over The Counter"", ""confidence"": 0.9887640449438202, ""prediction_source"": ""cluster_majority"", ""passes_threshold"": true, ""candidate_status"": ""Accepted"", ""rejection_reason"": null, ""validation_record_status"": ""valid""}, {""row_index"": 44, ""target_field"": ""sub_type"", ""algorithm"": ""knn"", ""predicted_value"": ""Over The Counter"", ""confidence"": 1.0, ""prediction_source"": ""nearest_neighbors"", ""passes_threshold"": true, ""candidate_status"": ""Accepted"", ""rejection_reason"": null, ""validation_record_status"": ""valid""}]",
52,sub_type,Over The Counter,1,Over The Counter,0.9001209921355112,Accepted,majority_vote,grouped_majority,"[""clustering"", ""grouped_majority"", ""knn""]",3,4,4,4,0.0,valid,True,"[{""row_index"": 52, ""target_field"": ""sub_type"", ""algorithm"": ""grouped_majority"", ""predicted_value"": ""Over The Counter"", ""confidence"": 0.9793103448275862, ""prediction_source"": ""group_majority"", ""passes_threshold"": true, ""candidate_status"": ""Accepted"", ""rejection_reason"": null, ""validation_record_status"": ""valid""}, {""row_index"": 52, ""target_field"": ""sub_type"", ""algorithm"": ""association_rules"", ""predicted_value"": ""Residential Building Report"", ""confidence"": 0.5913978494623656, ""prediction_source"": ""matched_rules"", ""passes_threshold"": true, ""candidate_status"": ""Accepted"", ""rejection_reason"": null, ""validation_record_status"": ""valid""}, {""row_index"": 52, ""target_field"": ""sub_type"", ""algorithm"": ""clustering"", ""predicted_value"": ""Over The Counter"", ""confidence"": 0.9210526315789473, ""prediction_source"": ""cluster_majority"", ""passes_threshold"": true, ""candidate_status"": ""Accepted"", ""rejection_reason"": null, ""validation_record_status"": ""valid""}, {""row_index"": 52, ""target_field"": ""sub_type"", ""algorithm"": ""knn"", ""predicted_value"": ""Over The Counter"", ""confidence"": 0.8, ""prediction_source"": ""nearest_neighbors"", ""passes_threshold"": true, ""candidate_status"": ""Accepted"", ""rejection_reason"": null, ""validation_record_status"": ""valid""}]",
54,sub_type,Over The Counter,1,Over The Counter,0.9750907441016334,Accepted,unanimous_vote,association_rules,"[""association_rules"", ""clustering"", ""grouped_majority"", ""knn""]",4,4,4,4,0.0,valid,True,"[{""row_index"": 54, ""target_field"": ""sub_type"", ""algorithm"": ""grouped_majority"", ""predicted_value"": ""Over The Counter"", ""confidence"": 0.9793103448275862, ""prediction_source"": ""group_majority"", ""passes_threshold"": true, ""candidate_status"": ""Accepted"", ""rejection_reason"": null, ""validation_record_status"": ""valid""}, {""row_index"": 54, ""target_field"": ""sub_type"", ""algorithm"": ""association_rules"", ""predicted_value"": ""Over The Counter"", ""confidence"": 1.0, ""prediction_source"": ""matched_rules"", ""passes_threshold"": true, ""candidate_status"": ""Accepted"", ""rejection_reason"": null, ""validation_record_status"": ""valid""}, {""row_index"": 54, ""target_field"": ""sub_type"", ""algorithm"": ""clustering"", ""predicted_value"": ""Over The Counter"", ""confidence"": 0.9210526315789473, ""prediction_source"": ""cluster_majority"", ""passes_threshold"": true, ""candidate_status"": ""Accepted"", ""rejection_reason"": null, ""validation_record_status"": ""valid""}, {""row_index"": 54, ""target_field"": ""sub_type"", ""algorithm"": ""knn"", ""predicted_value"": ""Over The Counter"", ""confidence"": 1.0, ""prediction_source"": ""nearest_neighbors"", ""passes_threshold"": true, ""candidate_status"": ""Accepted"", ""rejection_reason"": null, ""validation_record_status"": ""valid""}]",
56,sub_type,Over The Counter,1,Over The Counter,0.8466794380587483,Accepted,unanimous_vote,association_rules,"[""association_rules"", ""clustering"", ""grouped_majority"", ""knn""]",4,4,4,4,0.0,valid,True,"[{""row_index"": 56, ""target_field"": ""sub_type"", ""algorithm"": ""grouped_majority"", ""predicted_value"": ""Over The Counter"", ""confidence"": 0.9793103448275862, ""prediction_source"": ""group_majority"", ""passes_threshold"": true, ""candidate_status"": ""Accepted"", ""rejection_reason"": null, ""validation_record_status"": ""valid""}, {""row_index"": 56, ""target_field"": ""sub_type"", ""algorithm"": ""association_rules"", ""predicted_value"": ""Over The Counter"", ""confidence"": 1.0, ""prediction_source"": ""matched_rules"", ""passes_threshold"": true, ""candidate_status"": ""Accepted"", ""rejection_reason"": null, ""validation_record_status"": ""valid""}, {""row_index"": 56, ""target_field"": ""sub_type"", ""algorithm"": ""clustering"", ""predicted_value"": ""Over The Counter"", ""confidence"": 0.4074074074074074, ""prediction_source"": ""cluster_majority"", ""passes_threshold"": true, ""candidate_status"": ""Accepted"", ""rejection_reason"": null, ""validation_record_status"": ""valid""}, {""row_index"": 56, ""target_field"": ""sub_type"", ""algorithm"": ""knn"", ""predicted_value"": ""Over The Counter"", ""confidence"": 1.0, ""prediction_source"": ""nearest_neighbors"", ""passes_threshold"": true, ""candidate_status"": ""Accepted"", ""rejection_reason"": null, ""validation_record_status"": ""valid""}]",
58,sub_type,Over The Counter,1,Over The Counter,0.9750907441016334,Accepted,unanimous_vote,association_rules,"[""association_rules"", ""clustering"", ""grouped_majority"", ""knn""]",4,4,4,4,0.0,valid,True,"[{""row_index"": 58, ""target_field"": ""sub_type"", ""algorithm"": ""grouped_majority"", ""predicted_value"": ""Over The Counter"", ""confidence"": 0.9793103448275862, ""prediction_source"": ""group_majority"", ""passes_threshold"": true, ""candidate_status"": ""Accepted"", ""rejection_reason"": null, ""validation_record_status"": ""valid""}, {""row_index"": 58, ""target_field"": ""sub_type"", ""algorithm"": ""association_rules"", ""predicted_value"": ""Over The Counter"", ""confidence"": 1.0, ""prediction_source"": ""matched_rules"", ""passes_threshold"": true, ""candidate_status"": ""Accepted"", ""rejection_reason"": null, ""validation_record_status"": ""valid""}, {""row_index"": 58, ""target_field"": ""sub_type"", ""algorithm"": ""clustering"", ""predicted_value"": ""Over The Counter"", ""confidence"": 0.9210526315789473, ""prediction_source"": ""cluster_majority"", ""passes_threshold"": true, ""candidate_status"": ""Accepted"", ""rejection_reason"": null, ""validation_record_status"": ""valid""}, {""row_index"": 58, ""target_field"": ""sub_type"", ""algorithm"": ""knn"", ""predicted_value"": ""Over The Counter"", ""confidence"": 1.0, ""prediction_source"": ""nearest_neighbors"", ""passes_threshold"": true, ""candidate_status"": ""Accepted"", ""rejection_reason"": null, ""validation_record_status"": ""valid""}]",
67,sub_type,Over The Counter,1,Over The Counter,0.9750907441016334,Accepted,unanimous_vote,association_rules,"[""association_rules"", ""clustering"", ""grouped_majority"", ""knn""]",4,4,4,4,0.0,valid,True,"[{""row_index"": 67, ""target_field"": ""sub_type"", ""algorithm"": ""grouped_majority"", ""predicted_value"": ""Over The Counter"", ""confidence"": 0.9793103448275862, ""prediction_source"": ""group_majority"", ""passes_threshold"": true, ""candidate_status"": ""Accepted"", ""rejection_reason"": null, ""validation_record_status"": ""valid""}, {""row_index"": 67, ""target_field"": ""sub_type"", ""algorithm"": ""association_rules"", ""predicted_value"": ""Over The Counter"", ""confidence"": 1.0, ""prediction_source"": ""matched_rules"", ""passes_threshold"": true, ""candidate_status"": ""Accepted"", ""rejection_reason"": null, ""validation_record_status"": ""valid""}, {""row_index"": 67, ""target_field"": ""sub_type"", ""algorithm"": ""clustering"", ""predicted_value"": ""Over The Counter"", ""confidence"": 0.9210526315789473, ""prediction_source"": ""cluster_majority"", ""passes_threshold"": true, ""candidate_status"": ""Accepted"", ""rejection_reason"": null, ""validation_record_status"": ""valid""}, {""row_index"": 67, ""target_field"": ""sub_type"", ""algorithm"": ""knn"", ""predicted_value"": ""Over The Counter"", ""confidence"": 1.0, ""prediction_source"": ""nearest_neighbors"", ""passes_threshold"": true, ""candidate_status"": ""Accepted"", ""rejection_reason"": null, ""validation_record_status"": ""valid""}]",
70,sub_type,Over The Counter,1,Over The Counter,0.9736842105263158,Accepted,majority_vote,grouped_majority,"[""clustering"", ""grouped_majority"", ""knn""]",3,4,4,4,0.0,valid,True,"[{""row_index"": 70, ""target_field"": ""sub_type"", ""algorithm"": ""grouped_majority"", ""predicted_value"": ""Over The Counter"", ""confidence"": 1.0, ""prediction_source"": ""group_majority"", ""passes_threshold"": true, ""candidate_status"": ""Accepted"", ""rejection_reason"": null, ""validation_record_status"": ""valid""}, {""row_index"": 70, ""target_field"": ""sub_type"", ""algorithm"": ""association_rules"", ""predicted_value"": ""Residential Building Report"", ""confidence"": 0.5913978494623656, ""prediction_source"": ""matched_rules"", ""passes_threshold"": true, ""candidate_status"": ""Accepted"", ""rejection_reason"": null, ""validation_record_status"": ""valid""}, {""row_index"": 70, ""target_field"": ""sub_type"", ""algorithm"": ""clustering"", ""predicted_value"": ""Over The Counter"", ""confidence"": 0.9210526315789473, ""prediction_source"": ""cluster_majority"", ""passes_threshold"": true, ""candidate_status"": ""Accepted"", ""rejection_reason"": null, ""validation_record_status"": ""valid""}, {""row_index"": 70, ""target_field"": ""sub_type"", ""algorithm"": ""knn"", ""predicted_value"": ""Over The Counter"", ""confidence"": 1.0, ""prediction_source"": ""nearest_neighbors"", ""passes_threshold"": true, ""candidate_status"": ""Accepted"", ""rejection_reason"": null, ""validation_record_status"": ""valid""}]",
71,sub_type,Over The Counter,1,,1.0,Requires Review,average_confidence_tiebreak,grouped_majority,"[""grouped_majority"", ""knn""]",2,4,4,4,0.0,valid,False,"[{""row_index"": 71, ""target_field"": ""sub_type"", ""algorithm"": ""grouped_majority"", ""predicted_value"": ""Over The Counter"", ""confidence"": 1.0, ""prediction_source"": ""group_majority"", ""passes_threshold"": true, ""candidate_status"": ""Accepted"", ""rejection_reason"": null, ""validation_record_status"": ""valid""}, {""row_index"": 71, ""target_field"": ""sub_type"", ""algorithm"": ""association_rules"", ""predicted_value"": ""Residential Building Report"", ""confidence"": 0.6708860759493671, ""prediction_source"": ""matched_rules"", ""passes_threshold"": true, ""candidate_status"": ""Accepted"", ""rejection_reason"": null, ""validation_record_status"": ""valid""}, {""row_index"": 71, ""target_field"": ""sub_type"", ""algorithm"": ""clustering"", ""predicted_value"": ""Residential Building Report"", ""confidence"": 0.6666666666666666, ""prediction_source"": ""cluster_majority"", ""passes_threshold"": true, ""candidate_status"": ""Accepted"", ""rejection_reason"": null, ""validation_record_status"": ""valid""}, {""row_index"": 71, ""target_field"": ""sub_type"", ""algorithm"": ""knn"", ""predicted_value"": ""Over The Counter"", ""confidence"": 1.0, ""prediction_source"": ""nearest_neighbors"", ""passes_threshold"": true, ""candidate_status"": ""Accepted"", ""rejection_reason"": null, ""validation_record_status"": ""valid""}]",
73,sub_type,Over The Counter,1,Over The Counter,1.0,Accepted,unanimous_vote,association_rules,"[""association_rules"", ""clustering"", ""grouped_majority"", ""knn""]",4,4,4,4,0.0,valid,True,"[{""row_index"": 73, ""target_field"": ""sub_type"", ""algorithm"": ""grouped_majority"", ""predicted_value"": ""Over The Counter"", ""confidence"": 1.0, ""prediction_source"": ""group_majority"", ""passes_threshold"": true, ""candidate_status"": ""Accepted"", ""rejection_reason"": null, ""validation_record_status"": ""valid""}, {""row_index"": 73, ""target_field"": ""sub_type"", ""algorithm"": ""association_rules"", ""predicted_value"": ""Over The Counter"", ""confidence"": 1.0, ""prediction_source"": ""matched_rules"", ""passes_threshold"": true, ""candidate_status"": ""Accepted"", ""rejection_reason"": null, ""validation_record_status"": ""valid""}, {""row_index"": 73, ""target_field"": ""sub_type"", ""algorithm"": ""clustering"", ""predicted_value"": ""Over The Counter"", ""confidence"": 1.0, ""prediction_source"": ""cluster_majority"", ""passes_threshold"": true, ""candidate_status"": ""Accepted"", ""rejection_reason"": null, ""validation_record_status"": ""valid""}, {""row_index"": 73, ""target_field"": ""sub_type"", ""algorithm"": ""knn"", ""predicted_value"": ""Over The Counter"", ""confidence"": 1.0, ""prediction_source"": ""nearest_neighbors"", ""passes_threshold"": true, ""candidate_status"": ""Accepted"", ""rejection_reason"": null, ""validation_record_status"": ""valid""}]",
74,sub_type,Over The Counter,1,Over The Counter,1.0,Accepted,unanimous_vote,association_rules,"[""association_rules"", ""clustering"", ""grouped_majority"", ""knn""]",4,4,4,4,0.0,valid,True,"[{""row_index"": 74, ""target_field"": ""sub_type"", ""algorithm"": ""grouped_majority"", ""predicted_value"": ""Over The Counter"", ""confidence"": 1.0, ""prediction_source"": ""group_majority"", ""passes_threshold"": true, ""candidate_status"": ""Accepted"", ""rejection_reason"": null, ""validation_record_status"": ""valid""}, {""row_index"": 74, ""target_field"": ""sub_type"", ""algorithm"": ""association_rules"", ""predicted_value"": ""Over The Counter"", ""confidence"": 1.0, ""prediction_source"": ""matched_rules"", ""passes_threshold"": true, ""candidate_status"": ""Accepted"", ""rejection_reason"": null, ""validation_record_status"": ""valid""}, {""row_index"": 74, ""target_field"": ""sub_type"", ""algorithm"": ""clustering"", ""predicted_value"": ""Over The Counter"", ""confidence"": 1.0, ""prediction_source"": ""cluster_majority"", ""passes_threshold"": true, ""candidate_status"": ""Accepted"", ""rejection_reason"": null, ""validation_record_status"": ""valid""}, {""row_index"": 74, ""target_field"": ""sub_type"", ""algorithm"": ""knn"", ""predicted_value"": ""Over The Counter"", ""confidence"": 1.0, ""prediction_source"": ""nearest_neighbors"", ""passes_threshold"": true, ""candidate_status"": ""Accepted"", ""rejection_reason"": null, ""validation_record_status"": ""valid""}]",
75,sub_type,Over The Counter,1,Over The Counter,1.0,Accepted,unanimous_vote,association_rules,"[""association_rules"", ""clustering"", ""grouped_majority"", ""knn""]",4,4,4,4,0.0,valid,True,"[{""row_index"": 75, ""target_field"": ""sub_type"", ""algorithm"": ""grouped_majority"", ""predicted_value"": ""Over The Counter"", ""confidence"": 1.0, ""prediction_source"": ""group_majority"", ""passes_threshold"": true, ""candidate_status"": ""Accepted"", ""rejection_reason"": null, ""validation_record_status"": ""valid""}, {""row_index"": 75, ""target_field"": ""sub_type"", ""algorithm"": ""association_rules"", ""predicted_value"": ""Over The Counter"", ""confidence"": 1.0, ""prediction_source"": ""matched_rules"", ""passes_threshold"": true, ""candidate_status"": ""Accepted"", ""rejection_reason"": null, ""validation_record_status"": ""valid""}, {""row_index"": 75, ""target_field"": ""sub_type"", ""algorithm"": ""clustering"", ""predicted_value"": ""Over The Counter"", ""confidence"": 1.0, ""prediction_source"": ""cluster_majority"", ""passes_threshold"": true, ""candidate_status"": ""Accepted"", ""rejection_reason"": null, ""validation_record_status"": ""valid""}, {""row_index"": 75, ""target_field"": ""sub_type"", ""algorithm"": ""knn"", ""predicted_value"": ""Over The Counter"", ""confidence"": 1.0, ""prediction_source"": ""nearest_neighbors"", ""passes_threshold"": true, ""candidate_status"": ""Accepted"", ""rejection_reason"": null, ""validation_record_status"": ""valid""}]",
77,sub_type,Over The Counter,1,Over The Counter,1.0,Accepted,unanimous_vote,association_rules,"[""association_rules"", ""clustering"", ""grouped_majority"", ""knn""]",4,4,4,4,0.0,valid,True,"[{""row_index"": 77, ""target_field"": ""sub_type"", ""algorithm"": ""grouped_majority"", ""predicted_value"": ""Over The Counter"", ""confidence"": 1.0, ""prediction_source"": ""group_majority"", ""passes_threshold"": true, ""candidate_status"": ""Accepted"", ""rejection_reason"": null, ""validation_record_status"": ""valid""}, {""row_index"": 77, ""target_field"": ""sub_type"", ""algorithm"": ""association_rules"", ""predicted_value"": ""Over The Counter"", ""confidence"": 1.0, ""prediction_source"": ""matched_rules"", ""passes_threshold"": true, ""candidate_status"": ""Accepted"", ""rejection_reason"": null, ""validation_record_status"": ""valid""}, {""row_index"": 77, ""target_field"": ""sub_type"", ""algorithm"": ""clustering"", ""predicted_value"": ""Over The Counter"", ""confidence"": 1.0, ""prediction_source"": ""cluster_majority"", ""passes_threshold"": true, ""candidate_status"": ""Accepted"", ""rejection_reason"": null, ""validation_record_status"": ""valid""}, {""row_index"": 77, ""target_field"": ""sub_type"", ""algorithm"": ""knn"", ""predicted_value"": ""Over The Counter"", ""confidence"": 1.0, ""prediction_source"": ""nearest_neighbors"", ""passes_threshold"": true, ""candidate_status"": ""Accepted"", ""rejection_reason"": null, ""validation_record_status"": ""valid""}]",
78,sub_type,Over The Counter,1,Over The Counter,1.0,Accepted,unanimous_vote,association_rules,"[""association_rules"", ""clustering"", ""grouped_majority"", ""knn""]",4,4,4,4,0.0,valid,True,"[{""row_index"": 78, ""target_field"": ""sub_type"", ""algorithm"": ""grouped_majority"", ""predicted_value"": ""Over The Counter"", ""confidence"": 1.0, ""prediction_source"": ""group_majority"", ""passes_threshold"": true, ""candidate_status"": ""Accepted"", ""rejection_reason"": null, ""validation_record_status"": ""valid""}, {""row_index"": 78, ""target_field"": ""sub_type"", ""algorithm"": ""association_rules"", ""predicted_value"": ""Over The Counter"", ""confidence"": 1.0, ""prediction_source"": ""matched_rules"", ""passes_threshold"": true, ""candidate_status"": ""Accepted"", ""rejection_reason"": null, ""validation_record_status"": ""valid""}, {""row_index"": 78, ""target_field"": ""sub_type"", ""algorithm"": ""clustering"", ""predicted_value"": ""Over The Counter"", ""confidence"": 1.0, ""prediction_source"": ""cluster_majority"", ""passes_threshold"": true, ""candidate_status"": ""Accepted"", ""rejection_reason"": null, ""validation_record_status"": ""valid""}, {""row_index"": 78, ""target_field"": ""sub_type"", ""algorithm"": ""knn"", ""predicted_value"": ""Over The Counter"", ""confidence"": 1.0, ""prediction_source"": ""nearest_neighbors"", ""passes_threshold"": true, ""candidate_status"": ""Accepted"", ""rejection_reason"": null, ""validation_record_status"": ""valid""}]",
81,sub_type,Over The Counter,1,Over The Counter,1.0,Accepted,unanimous_vote,association_rules,"[""association_rules"", ""clustering"", ""grouped_majority"", ""knn""]",4,4,4,4,0.0,valid,True,"[{""row_index"": 81, ""target_field"": ""sub_type"", ""algorithm"": ""grouped_majority"", ""predicted_value"": ""Over The Counter"", ""confidence"": 1.0, ""prediction_source"": ""group_majority"", ""passes_threshold"": true, ""candidate_status"": ""Accepted"", ""rejection_reason"": null, ""validation_record_status"": ""valid""}, {""row_index"": 81, ""target_field"": ""sub_type"", ""algorithm"": ""association_rules"", ""predicted_value"": ""Over The Counter"", ""confidence"": 1.0, ""prediction_source"": ""matched_rules"", ""passes_threshold"": true, ""candidate_status"": ""Accepted"", ""rejection_reason"": null, ""validation_record_status"": ""valid""}, {""row_index"": 81, ""target_field"": ""sub_type"", ""algorithm"": ""clustering"", ""predicted_value"": ""Over The Counter"", ""confidence"": 1.0, ""prediction_source"": ""cluster_majority"", ""passes_threshold"": true, ""candidate_status"": ""Accepted"", ""rejection_reason"": null, ""validation_record_status"": ""valid""}, {""row_index"": 81, ""target_field"": ""sub_type"", ""algorithm"": ""knn"", ""predicted_value"": ""Over The Counter"", ""confidence"": 1.0, ""prediction_source"": ""nearest_neighbors"", ""passes_threshold"": true, ""candidate_status"": ""Accepted"", ""rejection_reason"": null, ""validation_record_status"": ""valid""}]",
86,sub_type,Over The Counter,1,Over The Counter,0.9972222222222222,Accepted,unanimous_vote,association_rules,"[""association_rules"", ""clustering"", ""grouped_majority"", ""knn""]",4,4,4,4,0.0,valid,True,"[{""row_index"": 86, ""target_field"": ""sub_type"", ""algorithm"": ""grouped_majority"", ""predicted_value"": ""Over The Counter"", ""confidence"": 0.9888888888888889, ""prediction_source"": ""group_majority"", ""passes_threshold"": true, ""candidate_status"": ""Accepted"", ""rejection_reason"": null, ""validation_record_status"": ""valid""}, {""row_index"": 86, ""target_field"": ""sub_type"", ""algorithm"": ""association_rules"", ""predicted_value"": ""Over The Counter"", ""confidence"": 1.0, ""prediction_source"": ""matched_rules"", ""passes_threshold"": true, ""candidate_status"": ""Accepted"", ""rejection_reason"": null, ""validation_record_status"": ""valid""}, {""row_index"": 86, ""target_field"": ""sub_type"", ""algorithm"": ""clustering"", ""predicted_value"": ""Over The Counter"", ""confidence"": 1.0, ""prediction_source"": ""cluster_majority"", ""passes_threshold"": true, ""candidate_status"": ""Accepted"", ""rejection_reason"": null, ""validation_record_status"": ""valid""}, {""row_index"": 86, ""target_field"": ""sub_type"", ""algorithm"": ""knn"", ""predicted_value"": ""Over The Counter"", ""confidence"": 1.0, ""prediction_source"": ""nearest_neighbors"", ""passes_threshold"": true, ""candidate_status"": ""Accepted"", ""rejection_reason"": null, ""validation_record_status"": ""valid""}]",
87,sub_type,Over The Counter,1,Over The Counter,0.9972222222222222,Accepted,unanimous_vote,association_rules,"[""association_rules"", ""clustering"", ""grouped_majority"", ""knn""]",4,4,4,4,0.0,valid,True,"[{""row_index"": 87, ""target_field"": ""sub_type"", ""algorithm"": ""grouped_majority"", ""predicted_value"": ""Over The Counter"", ""confidence"": 0.9888888888888889, ""prediction_source"": ""group_majority"", ""passes_threshold"": true, ""candidate_status"": ""Accepted"", ""rejection_reason"": null, ""validation_record_status"": ""valid""}, {""row_index"": 87, ""target_field"": ""sub_type"", ""algorithm"": ""association_rules"", ""predicted_value"": ""Over The Counter"", ""confidence"": 1.0, ""prediction_source"": ""matched_rules"", ""passes_threshold"": true, ""candidate_status"": ""Accepted"", ""rejection_reason"": null, ""validation_record_status"": ""valid""}, {""row_index"": 87, ""target_field"": ""sub_type"", ""algorithm"": ""clustering"", ""predicted_value"": ""Over The Counter"", ""confidence"": 1.0, ""prediction_source"": ""cluster_majority"", ""passes_threshold"": true, ""candidate_status"": ""Accepted"", ""rejection_reason"": null, ""validation_record_status"": ""valid""}, {""row_index"": 87, ""target_field"": ""sub_type"", ""algorithm"": ""knn"", ""predicted_value"": ""Over The Counter"", ""confidence"": 1.0, ""prediction_source"": ""nearest_neighbors"", ""passes_threshold"": true, ""candidate_status"": ""Accepted"", ""rejection_reason"": null, ""validation_record_status"": ""valid""}]",
88,sub_type,Over The Counter,1,Over The Counter,0.9774853801169591,Accepted,unanimous_vote,association_rules,"[""association_rules"", ""clustering"", ""grouped_majority"", ""knn""]",4,4,4,4,0.0,valid,True,"[{""row_index"": 88, ""target_field"": ""sub_type"", ""algorithm"": ""grouped_majority"", ""predicted_value"": ""Over The Counter"", ""confidence"": 0.9888888888888889, ""prediction_source"": ""group_majority"", ""passes_threshold"": true, ""candidate_status"": ""Accepted"", ""rejection_reason"": null, ""validation_record_status"": ""valid""}, {""row_index"": 88, ""target_field"": ""sub_type"", ""algorithm"": ""association_rules"", ""predicted_value"": ""Over The Counter"", ""confidence"": 1.0, ""prediction_source"": ""matched_rules"", ""passes_threshold"": true, ""candidate_status"": ""Accepted"", ""rejection_reason"": null, ""validation_record_status"": ""valid""}, {""row_index"": 88, ""target_field"": ""sub_type"", ""algorithm"": ""clustering"", ""predicted_value"": ""Over The Counter"", ""confidence"": 0.9210526315789473, ""prediction_source"": ""cluster_majority"", ""passes_threshold"": true, ""candidate_status"": ""Accepted"", ""rejection_reason"": null, ""validation_record_status"": ""valid""}, {""row_index"": 88, ""target_field"": ""sub_type"", ""algorithm"": ""knn"", ""predicted_value"": ""Over The Counter"", ""confidence"": 1.0, ""prediction_source"": ""nearest_neighbors"", ""passes_threshold"": true, ""candidate_status"": ""Accepted"", ""rejection_reason"": null, ""validation_record_status"": ""valid""}]",
89,sub_type,Over The Counter,1,Over The Counter,0.9972222222222222,Accepted,unanimous_vote,association_rules,"[""association_rules"", ""clustering"", ""grouped_majority"", ""knn""]",4,4,4,4,0.0,valid,True,"[{""row_index"": 89, ""target_field"": ""sub_type"", ""algorithm"": ""grouped_majority"", ""predicted_value"": ""Over The Counter"", ""confidence"": 0.9888888888888889, ""prediction_source"": ""group_majority"", ""passes_threshold"": true, ""candidate_status"": ""Accepted"", ""rejection_reason"": null, ""validation_record_status"": ""valid""}, {""row_index"": 89, ""target_field"": ""sub_type"", ""algorithm"": ""association_rules"", ""predicted_value"": ""Over The Counter"", ""confidence"": 1.0, ""prediction_source"": ""matched_rules"", ""passes_threshold"": true, ""candidate_status"": ""Accepted"", ""rejection_reason"": null, ""validation_record_status"": ""valid""}, {""row_index"": 89, ""target_field"": ""sub_type"", ""algorithm"": ""clustering"", ""predicted_value"": ""Over The Counter"", ""confidence"": 1.0, ""prediction_source"": ""cluster_majority"", ""passes_threshold"": true, ""candidate_status"": ""Accepted"", ""rejection_reason"": null, ""validation_record_status"": ""valid""}, {""row_index"": 89, ""target_field"": ""sub_type"", ""algorithm"": ""knn"", ""predicted_value"": ""Over The Counter"", ""confidence"": 1.0, ""prediction_source"": ""nearest_neighbors"", ""passes_threshold"": true, ""candidate_status"": ""Accepted"", ""rejection_reason"": null, ""validation_record_status"": ""valid""}]",
90,sub_type,Over The Counter,1,Over The Counter,1.0,Accepted,majority_vote,clustering,"[""clustering"", ""grouped_majority"", ""knn""]",3,4,4,4,0.0,valid,True,"[{""row_index"": 90, ""target_field"": ""sub_type"", ""algorithm"": ""grouped_majority"", ""predicted_value"": ""Over The Counter"", ""confidence"": 1.0, ""prediction_source"": ""group_majority"", ""passes_threshold"": true, ""candidate_status"": ""Accepted"", ""rejection_reason"": null, ""validation_record_status"": ""valid""}, {""row_index"": 90, ""target_field"": ""sub_type"", ""algorithm"": ""association_rules"", ""predicted_value"": ""Residential Building Report"", ""confidence"": 0.7851851851851853, ""prediction_source"": ""matched_rules"", ""passes_threshold"": true, ""candidate_status"": ""Accepted"", ""rejection_reason"": null, ""validation_record_status"": ""valid""}, {""row_index"": 90, ""target_field"": ""sub_type"", ""algorithm"": ""clustering"", ""predicted_value"": ""Over The Counter"", ""confidence"": 1.0, ""prediction_source"": ""cluster_majority"", ""passes_threshold"": true, ""candidate_status"": ""Accepted"", ""rejection_reason"": null, ""validation_record_status"": ""valid""}, {""row_index"": 90, ""target_field"": ""sub_type"", ""algorithm"": ""knn"", ""predicted_value"": ""Over The Counter"", ""confidence"": 1.0, ""prediction_source"": ""nearest_neighbors"", ""passes_threshold"": true, ""candidate_status"": ""Accepted"", ""rejection_reason"": null, ""validation_record_status"": ""valid""}]",
99,sub_type,Over The Counter,1,Over The Counter,0.9972222222222222,Accepted,unanimous_vote,association_rules,"[""association_rules"", ""clustering"", ""grouped_majority"", ""knn""]",4,4,4,4,0.0,valid,True,"[{""row_index"": 99, ""target_field"": ""sub_type"", ""algorithm"": ""grouped_majority"", ""predicted_value"": ""Over The Counter"", ""confidence"": 0.9888888888888889, ""prediction_source"": ""group_majority"", ""passes_threshold"": true, ""candidate_status"": ""Accepted"", ""rejection_reason"": null, ""validation_record_status"": ""valid""}, {""row_index"": 99, ""target_field"": ""sub_type"", ""algorithm"": ""association_rules"", ""predicted_value"": ""Over The Counter"", ""confidence"": 1.0, ""prediction_source"": ""matched_rules"", ""passes_threshold"": true, ""candidate_status"": ""Accepted"", ""rejection_reason"": null, ""validation_record_status"": ""valid""}, {""row_index"": 99, ""target_field"": ""sub_type"", ""algorithm"": ""clustering"", ""predicted_value"": ""Over The Counter"", ""confidence"": 1.0, ""prediction_source"": ""cluster_majority"", ""passes_threshold"": true, ""candidate_status"": ""Accepted"", ""rejection_reason"": null, ""validation_record_status"": ""valid""}, {""row_index"": 99, ""target_field"": ""sub_type"", ""algorithm"": ""knn"", ""predicted_value"": ""Over The Counter"", ""confidence"": 1.0, ""prediction_source"": ""nearest_neighbors"", ""passes_threshold"": true, ""candidate_status"": ""Accepted"", ""rejection_reason"": null, ""validation_record_status"": ""valid""}]",
100,sub_type,Over The Counter,1,Over The Counter,0.9751268895509213,Accepted,unanimous_vote,knn,"[""association_rules"", ""clustering"", ""grouped_majority"", ""knn""]",4,4,4,4,0.0,valid,True,"[{""row_index"": 100, ""target_field"": ""sub_type"", ""algorithm"": ""grouped_majority"", ""predicted_value"": ""Over The Counter"", ""confidence"": 0.9888888888888889, ""prediction_source"": ""group_majority"", ""passes_threshold"": true, ""candidate_status"": ""Accepted"", ""rejection_reason"": null, ""validation_record_status"": ""valid""}, {""row_index"": 100, ""target_field"": ""sub_type"", ""algorithm"": ""association_rules"", ""predicted_value"": ""Over The Counter"", ""confidence"": 0.9905660377358491, ""prediction_source"": ""matched_rules"", ""passes_threshold"": true, ""candidate_status"": ""Accepted"", ""rejection_reason"": null, ""validation_record_status"": ""valid""}, {""row_index"": 100, ""target_field"": ""sub_type"", ""algorithm"": ""clustering"", ""predicted_value"": ""Over The Counter"", ""confidence"": 0.9210526315789473, ""prediction_source"": ""cluster_majority"", ""passes_threshold"": true, ""candidate_status"": ""Accepted"", ""rejection_reason"": null, ""validation_record_status"": ""valid""}, {""row_index"": 100, ""target_field"": ""sub_type"", ""algorithm"": ""knn"", ""predicted_value"": ""Over The Counter"", ""confidence"": 1.0, ""prediction_source"": ""nearest_neighbors"", ""passes_threshold"": true, ""candidate_status"": ""Accepted"", ""rejection_reason"": null, ""validation_record_status"": ""valid""}]",
101,sub_type,Over The Counter,1,Over The Counter,0.9972222222222222,Accepted,unanimous_vote,association_rules,"[""association_rules"", ""clustering"", ""grouped_majority"", ""knn""]",4,4,4,4,0.0,valid,True,"[{""row_index"": 101, ""target_field"": ""sub_type"", ""algorithm"": ""grouped_majority"", ""predicted_value"": ""Over The Counter"", ""confidence"": 0.9888888888888889, ""prediction_source"": ""group_majority"", ""passes_threshold"": true, ""candidate_status"": ""Accepted"", ""rejection_reason"": null, ""validation_record_status"": ""valid""}, {""row_index"": 101, ""target_field"": ""sub_type"", ""algorithm"": ""association_rules"", ""predicted_value"": ""Over The Counter"", ""confidence"": 1.0, ""prediction_source"": ""matched_rules"", ""passes_threshold"": true, ""candidate_status"": ""Accepted"", ""rejection_reason"": null, ""validation_record_status"": ""valid""}, {""row_index"": 101, ""target_field"": ""sub_type"", ""algorithm"": ""clustering"", ""predicted_value"": ""Over The Counter"", ""confidence"": 1.0, ""prediction_source"": ""cluster_majority"", ""passes_threshold"": true, ""candidate_status"": ""Accepted"", ""rejection_reason"": null, ""validation_record_status"": ""valid""}, {""row_index"": 101, ""target_field"": ""sub_type"", ""algorithm"": ""knn"", ""predicted_value"": ""Over The Counter"", ""confidence"": 1.0, ""prediction_source"": ""nearest_neighbors"", ""passes_threshold"": true, ""candidate_status"": ""Accepted"", ""rejection_reason"": null, ""validation_record_status"": ""valid""}]",
104,sub_type,Residential Building Report,1,Residential Building Report,0.9097005884389062,Accepted,unanimous_vote,knn,"[""association_rules"", ""clustering"", ""grouped_majority"", ""knn""]",4,4,4,4,0.0,valid,True,"[{""row_index"": 104, ""target_field"": ""sub_type"", ""algorithm"": ""grouped_majority"", ""predicted_value"": ""Residential Building Report"", ""confidence"": 0.9814814814814815, ""prediction_source"": ""group_majority"", ""passes_threshold"": true, ""candidate_status"": ""Accepted"", ""rejection_reason"": null, ""validation_record_status"": ""valid""}, {""row_index"": 104, ""target_field"": ""sub_type"", ""algorithm"": ""association_rules"", ""predicted_value"": ""Residential Building Report"", ""confidence"": 0.9906542056074769, ""prediction_source"": ""matched_rules"", ""passes_threshold"": true, ""candidate_status"": ""Accepted"", ""rejection_reason"": null, ""validation_record_status"": ""valid""}, {""row_index"": 104, ""target_field"": ""sub_type"", ""algorithm"": ""clustering"", ""predicted_value"": ""Residential Building Report"", ""confidence"": 0.6666666666666666, ""prediction_source"": ""cluster_majority"", ""passes_threshold"": true, ""candidate_status"": ""Accepted"", ""rejection_reason"": null, ""validation_record_status"": ""valid""}, {""row_index"": 104, ""target_field"": ""sub_type"", ""algorithm"": ""knn"", ""predicted_value"": ""Residential Building Report"", ""confidence"": 1.0, ""prediction_source"": ""nearest_neighbors"", ""passes_threshold"": true, ""candidate_status"": ""Accepted"", ""rejection_reason"": null, ""validation_record_status"": ""valid""}]",
105,sub_type,Residential Building Report,1,Residential Building Report,0.9097005884389062,Accepted,unanimous_vote,knn,"[""association_rules"", ""clustering"", ""grouped_majority"", ""knn""]",4,4,4,4,0.0,valid,True,"[{""row_index"": 105, ""target_field"": ""sub_type"", ""algorithm"": ""grouped_majority"", ""predicted_value"": ""Residential Building Report"", ""confidence"": 0.9814814814814815, ""prediction_source"": ""group_majority"", ""passes_threshold"": true, ""candidate_status"": ""Accepted"", ""rejection_reason"": null, ""validation_record_status"": ""valid""}, {""row_index"": 105, ""target_field"": ""sub_type"", ""algorithm"": ""association_rules"", ""predicted_value"": ""Residential Building Report"", ""confidence"": 0.9906542056074769, ""prediction_source"": ""matched_rules"", ""passes_threshold"": true, ""candidate_status"": ""Accepted"", ""rejection_reason"": null, ""validation_record_status"": ""valid""}, {""row_index"": 105, ""target_field"": ""sub_type"", ""algorithm"": ""clustering"", ""predicted_value"": ""Residential Building Report"", ""confidence"": 0.6666666666666666, ""prediction_source"": ""cluster_majority"", ""passes_threshold"": true, ""candidate_status"": ""Accepted"", ""rejection_reason"": null, ""validation_record_status"": ""valid""}, {""row_index"": 105, ""target_field"": ""sub_type"", ""algorithm"": ""knn"", ""predicted_value"": ""Residential Building Report"", ""confidence"": 1.0, ""prediction_source"": ""nearest_neighbors"", ""passes_threshold"": true, ""candidate_status"": ""Accepted"", ""rejection_reason"": null, ""validation_record_status"": ""valid""}]",
106,sub_type,Residential Building Report,1,Residential Building Report,0.9097005884389062,Accepted,unanimous_vote,knn,"[""association_rules"", ""clustering"", ""grouped_majority"", ""knn""]",4,4,4,4,0.0,valid,True,"[{""row_index"": 106, ""target_field"": ""sub_type"", ""algorithm"": ""grouped_majority"", ""predicted_value"": ""Residential Building Report"", ""confidence"": 0.9814814814814815, ""prediction_source"": ""group_majority"", ""passes_threshold"": true, ""candidate_status"": ""Accepted"", ""rejection_reason"": null, ""validation_record_status"": ""valid""}, {""row_index"": 106, ""target_field"": ""sub_type"", ""algorithm"": ""association_rules"", ""predicted_value"": ""Residential Building Report"", ""confidence"": 0.9906542056074769, ""prediction_source"": ""matched_rules"", ""passes_threshold"": true, ""candidate_status"": ""Accepted"", ""rejection_reason"": null, ""validation_record_status"": ""valid""}, {""row_index"": 106, ""target_field"": ""sub_type"", ""algorithm"": ""clustering"", ""predicted_value"": ""Residential Building Report"", ""confidence"": 0.6666666666666666, ""prediction_source"": ""cluster_majority"", ""passes_threshold"": true, ""candidate_status"": ""Accepted"", ""rejection_reason"": null, ""validation_record_status"": ""valid""}, {""row_index"": 106, ""target_field"": ""sub_type"", ""algorithm"": ""knn"", ""predicted_value"": ""Residential Building Report"", ""confidence"": 1.0, ""prediction_source"": ""nearest_neighbors"", ""passes_threshold"": true, ""candidate_status"": ""Accepted"", ""rejection_reason"": null, ""validation_record_status"": ""valid""}]",
107,sub_type,Residential Building Report,1,Residential Building Report,0.9097005884389062,Accepted,unanimous_vote,knn,"[""association_rules"", ""clustering"", ""grouped_majority"", ""knn""]",4,4,4,4,0.0,valid,True,"[{""row_index"": 107, ""target_field"": ""sub_type"", ""algorithm"": ""grouped_majority"", ""predicted_value"": ""Residential Building Report"", ""confidence"": 0.9814814814814815, ""prediction_source"": ""group_majority"", ""passes_threshold"": true, ""candidate_status"": ""Accepted"", ""rejection_reason"": null, ""validation_record_status"": ""valid""}, {""row_index"": 107, ""target_field"": ""sub_type"", ""algorithm"": ""association_rules"", ""predicted_value"": ""Residential Building Report"", ""confidence"": 0.9906542056074769, ""prediction_source"": ""matched_rules"", ""passes_threshold"": true, ""candidate_status"": ""Accepted"", ""rejection_reason"": null, ""validation_record_status"": ""valid""}, {""row_index"": 107, ""target_field"": ""sub_type"", ""algorithm"": ""clustering"", ""predicted_value"": ""Residential Building Report"", ""confidence"": 0.6666666666666666, ""prediction_source"": ""cluster_majority"", ""passes_threshold"": true, ""candidate_status"": ""Accepted"", ""rejection_reason"": null, ""validation_record_status"": ""valid""}, {""row_index"": 107, ""target_field"": ""sub_type"", ""algorithm"": ""knn"", ""predicted_value"": ""Residential Building Report"", ""confidence"": 1.0, ""prediction_source"": ""nearest_neighbors"", ""passes_threshold"": true, ""candidate_status"": ""Accepted"", ""rejection_reason"": null, ""validation_record_status"": ""valid""}]",
111,sub_type,Residential Building Report,1,Residential Building Report,0.9097005884389062,Accepted,unanimous_vote,knn,"[""association_rules"", ""clustering"", ""grouped_majority"", ""knn""]",4,4,4,4,0.0,valid,True,"[{""row_index"": 111, ""target_field"": ""sub_type"", ""algorithm"": ""grouped_majority"", ""predicted_value"": ""Residential Building Report"", ""confidence"": 0.9814814814814815, ""prediction_source"": ""group_majority"", ""passes_threshold"": true, ""candidate_status"": ""Accepted"", ""rejection_reason"": null, ""validation_record_status"": ""valid""}, {""row_index"": 111, ""target_field"": ""sub_type"", ""algorithm"": ""association_rules"", ""predicted_value"": ""Residential Building Report"", ""confidence"": 0.9906542056074769, ""prediction_source"": ""matched_rules"", ""passes_threshold"": true, ""candidate_status"": ""Accepted"", ""rejection_reason"": null, ""validation_record_status"": ""valid""}, {""row_index"": 111, ""target_field"": ""sub_type"", ""algorithm"": ""clustering"", ""predicted_value"": ""Residential Building Report"", ""confidence"": 0.6666666666666666, ""prediction_source"": ""cluster_majority"", ""passes_threshold"": true, ""candidate_status"": ""Accepted"", ""rejection_reason"": null, ""validation_record_status"": ""valid""}, {""row_index"": 111, ""target_field"": ""sub_type"", ""algorithm"": ""knn"", ""predicted_value"": ""Residential Building Report"", ""confidence"": 1.0, ""prediction_source"": ""nearest_neighbors"", ""passes_threshold"": true, ""candidate_status"": ""Accepted"", ""rejection_reason"": null, ""validation_record_status"": ""valid""}]",
112,sub_type,Residential Building Report,1,Residential Building Report,0.9097005884389062,Accepted,unanimous_vote,knn,"[""association_rules"", ""clustering"", ""grouped_majority"", ""knn""]",4,4,4,4,0.0,valid,True,"[{""row_index"": 112, ""target_field"": ""sub_type"", ""algorithm"": ""grouped_majority"", ""predicted_value"": ""Residential Building Report"", ""confidence"": 0.9814814814814815, ""prediction_source"": ""group_majority"", ""passes_threshold"": true, ""candidate_status"": ""Accepted"", ""rejection_reason"": null, ""validation_record_status"": ""valid""}, {""row_index"": 112, ""target_field"": ""sub_type"", ""algorithm"": ""association_rules"", ""predicted_value"": ""Residential Building Report"", ""confidence"": 0.9906542056074769, ""prediction_source"": ""matched_rules"", ""passes_threshold"": true, ""candidate_status"": ""Accepted"", ""rejection_reason"": null, ""validation_record_status"": ""valid""}, {""row_index"": 112, ""target_field"": ""sub_type"", ""algorithm"": ""clustering"", ""predicted_value"": ""Residential Building Report"", ""confidence"": 0.6666666666666666, ""prediction_source"": ""cluster_majority"", ""passes_threshold"": true, ""candidate_status"": ""Accepted"", ""rejection_reason"": null, ""validation_record_status"": ""valid""}, {""row_index"": 112, ""target_field"": ""sub_type"", ""algorithm"": ""knn"", ""predicted_value"": ""Residential Building Report"", ""confidence"": 1.0, ""prediction_source"": ""nearest_neighbors"", ""passes_threshold"": true, ""candidate_status"": ""Accepted"", ""rejection_reason"": null, ""validation_record_status"": ""valid""}]",
115,sub_type,Residential Building Report,1,Residential Building Report,0.9097005884389062,Accepted,unanimous_vote,knn,"[""association_rules"", ""clustering"", ""grouped_majority"", ""knn""]",4,4,4,4,0.0,valid,True,"[{""row_index"": 115, ""target_field"": ""sub_type"", ""algorithm"": ""grouped_majority"", ""predicted_value"": ""Residential Building Report"", ""confidence"": 0.9814814814814815, ""prediction_source"": ""group_majority"", ""passes_threshold"": true, ""candidate_status"": ""Accepted"", ""rejection_reason"": null, ""validation_record_status"": ""valid""}, {""row_index"": 115, ""target_field"": ""sub_type"", ""algorithm"": ""association_rules"", ""predicted_value"": ""Residential Building Report"", ""confidence"": 0.9906542056074769, ""prediction_source"": ""matched_rules"", ""passes_threshold"": true, ""candidate_status"": ""Accepted"", ""rejection_reason"": null, ""validation_record_status"": ""valid""}, {""row_index"": 115, ""target_field"": ""sub_type"", ""algorithm"": ""clustering"", ""predicted_value"": ""Residential Building Report"", ""confidence"": 0.6666666666666666, ""prediction_source"": ""cluster_majority"", ""passes_threshold"": true, ""candidate_status"": ""Accepted"", ""rejection_reason"": null, ""validation_record_status"": ""valid""}, {""row_index"": 115, ""target_field"": ""sub_type"", ""algorithm"": ""knn"", ""predicted_value"": ""Residential Building Report"", ""confidence"": 1.0, ""prediction_source"": ""nearest_neighbors"", ""passes_threshold"": true, ""candidate_status"": ""Accepted"", ""rejection_reason"": null, ""validation_record_status"": ""valid""}]",
119,sub_type,Solar,1,Over The Counter,0.6864219893831072,Accepted,unanimous_vote,association_rules,"[""association_rules"", ""clustering"", ""grouped_majority"", ""knn""]",4,4,4,4,0.0,valid,True,"[{""row_index"": 119, ""target_field"": ""sub_type"", ""algorithm"": ""grouped_majority"", ""predicted_value"": ""Over The Counter"", ""confidence"": 0.5567375886524822, ""prediction_source"": ""group_majority"", ""passes_threshold"": true, ""candidate_status"": ""Accepted"", ""rejection_reason"": null, ""validation_record_status"": ""valid""}, {""row_index"": 119, ""target_field"": ""sub_type"", ""algorithm"": ""association_rules"", ""predicted_value"": ""Over The Counter"", ""confidence"": 0.8988095238095238, ""prediction_source"": ""matched_rules"", ""passes_threshold"": true, ""candidate_status"": ""Accepted"", ""rejection_reason"": null, ""validation_record_status"": ""valid""}, {""row_index"": 119, ""target_field"": ""sub_type"", ""algorithm"": ""clustering"", ""predicted_value"": ""Over The Counter"", ""confidence"": 0.6901408450704225, ""prediction_source"": ""cluster_majority"", ""passes_threshold"": true, ""candidate_status"": ""Accepted"", ""rejection_reason"": null, ""validation_record_status"": ""valid""}, {""row_index"": 119, ""target_field"": ""sub_type"", ""algorithm"": ""knn"", ""predicted_value"": ""Over The Counter"", ""confidence"": 0.6, ""prediction_source"": ""nearest_neighbors"", ""passes_threshold"": true, ""candidate_status"": ""Accepted"", ""rejection_reason"": null, ""validation_record_status"": ""valid""}]",
122,sub_type,Full Plan Check,1,Over The Counter,0.6779539238863393,Accepted,majority_vote,association_rules,"[""association_rules"", ""clustering"", ""grouped_majority""]",3,4,4,4,0.0,valid,True,"[{""row_index"": 122, ""target_field"": ""sub_type"", ""algorithm"": ""grouped_majority"", ""predicted_value"": ""Over The Counter"", ""confidence"": 0.5567375886524822, ""prediction_source"": ""group_majority"", ""passes_threshold"": true, ""candidate_status"": ""Accepted"", ""rejection_reason"": null, ""validation_record_status"": ""valid""}, {""row_index"": 122, ""target_field"": ""sub_type"", ""algorithm"": ""association_rules"", ""predicted_value"": ""Over The Counter"", ""confidence"": 0.8888888888888887, ""prediction_source"": ""matched_rules"", ""passes_threshold"": true, ""candidate_status"": ""Accepted"", ""rejection_reason"": null, ""validation_record_status"": ""valid""}, {""row_index"": 122, ""target_field"": ""sub_type"", ""algorithm"": ""clustering"", ""predicted_value"": ""Over The Counter"", ""confidence"": 0.5882352941176471, ""prediction_source"": ""cluster_majority"", ""passes_threshold"": true, ""candidate_status"": ""Accepted"", ""rejection_reason"": null, ""validation_record_status"": ""valid""}, {""row_index"": 122, ""target_field"": ""sub_type"", ""algorithm"": ""knn"", ""predicted_value"": ""Full Plan Check"", ""confidence"": 0.5, ""prediction_source"": ""nearest_neighbors"", ""passes_threshold"": true, ""candidate_status"": ""Accepted"", ""rejection_reason"": null, ""validation_record_status"": ""valid""}]",
128,sub_type,In House Plan Check,1,,0.9534883720930232,Requires Review,average_confidence_tiebreak,knn,"[""grouped_majority"", ""knn""]",2,4,4,4,0.0,valid,False,"[{""row_index"": 128, ""target_field"": ""sub_type"", ""algorithm"": ""grouped_majority"", ""predicted_value"": ""Over The Counter"", ""confidence"": 0.9069767441860465, ""prediction_source"": ""group_majority"", ""passes_threshold"": true, ""candidate_status"": ""Accepted"", ""rejection_reason"": null, ""validation_record_status"": ""valid""}, {""row_index"": 128, ""target_field"": ""sub_type"", ""algorithm"": ""association_rules"", ""predicted_value"": ""Residential Building Report"", ""confidence"": 0.6708860759493671, ""prediction_source"": ""matched_rules"", ""passes_threshold"": true, ""candidate_status"": ""Accepted"", ""rejection_reason"": null, ""validation_record_status"": ""valid""}, {""row_index"": 128, ""target_field"": ""sub_type"", ""algorithm"": ""clustering"", ""predicted_value"": ""Residential Building Report"", ""confidence"": 0.6666666666666666, ""prediction_source"": ""cluster_majority"", ""passes_threshold"": true, ""candidate_status"": ""Accepted"", ""rejection_reason"": null, ""validation_record_status"": ""valid""}, {""row_index"": 128, ""target_field"": ""sub_type"", ""algorithm"": ""knn"", ""predicted_value"": ""Over The Counter"", ""confidence"": 1.0, ""prediction_source"": ""nearest_neighbors"", ""passes_threshold"": true, ""candidate_status"": ""Accepted"", ""rejection_reason"": null, ""validation_record_status"": ""valid""}]",
130,sub_type,In House Plan Check,1,Over The Counter,0.5809445068833513,Accepted,majority_vote,association_rules,"[""association_rules"", ""clustering"", ""grouped_majority""]",3,4,4,4,0.0,valid,True,"[{""row_index"": 130, ""target_field"": ""sub_type"", ""algorithm"": ""grouped_majority"", ""predicted_value"": ""Over The Counter"", ""confidence"": 0.5567375886524822, ""prediction_source"": ""group_majority"", ""passes_threshold"": true, ""candidate_status"": ""Accepted"", ""rejection_reason"": null, ""validation_record_status"": ""valid""}, {""row_index"": 130, ""target_field"": ""sub_type"", ""algorithm"": ""association_rules"", ""predicted_value"": ""Over The Counter"", ""confidence"": 0.778688524590164, ""prediction_source"": ""matched_rules"", ""passes_threshold"": true, ""candidate_status"": ""Accepted"", ""rejection_reason"": null, ""validation_record_status"": ""valid""}, {""row_index"": 130, ""target_field"": ""sub_type"", ""algorithm"": ""clustering"", ""predicted_value"": ""Over The Counter"", ""confidence"": 0.4074074074074074, ""prediction_source"": ""cluster_majority"", ""passes_threshold"": true, ""candidate_status"": ""Accepted"", ""rejection_reason"": null, ""validation_record_status"": ""valid""}, {""row_index"": 130, ""target_field"": ""sub_type"", ""algorithm"": ""knn"", ""predicted_value"": ""Full Plan Check"", ""confidence"": 0.4, ""prediction_source"": ""nearest_neighbors"", ""passes_threshold"": true, ""candidate_status"": ""Accepted"", ""rejection_reason"": null, ""validation_record_status"": ""valid""}]",
132,sub_type,In House Plan Check,1,Over The Counter,0.7675904818192052,Accepted,unanimous_vote,association_rules,"[""association_rules"", ""clustering"", ""grouped_majority"", ""knn""]",4,4,4,4,0.0,valid,True,"[{""row_index"": 132, ""target_field"": ""sub_type"", ""algorithm"": ""grouped_majority"", ""predicted_value"": ""Over The Counter"", ""confidence"": 0.5567375886524822, ""prediction_source"": ""group_majority"", ""passes_threshold"": true, ""candidate_status"": ""Accepted"", ""rejection_reason"": null, ""validation_record_status"": ""valid""}, {""row_index"": 132, ""target_field"": ""sub_type"", ""algorithm"": ""association_rules"", ""predicted_value"": ""Over The Counter"", ""confidence"": 0.8988095238095238, ""prediction_source"": ""matched_rules"", ""passes_threshold"": true, ""candidate_status"": ""Accepted"", ""rejection_reason"": null, ""validation_record_status"": ""valid""}, {""row_index"": 132, ""target_field"": ""sub_type"", ""algorithm"": ""clustering"", ""predicted_value"": ""Over The Counter"", ""confidence"": 0.8148148148148148, ""prediction_source"": ""cluster_majority"", ""passes_threshold"": true, ""candidate_status"": ""Accepted"", ""rejection_reason"": null, ""validation_record_status"": ""valid""}, {""row_index"": 132, ""target_field"": ""sub_type"", ""algorithm"": ""knn"", ""predicted_value"": ""Over The Counter"", ""confidence"": 0.8, ""prediction_source"": ""nearest_neighbors"", ""passes_threshold"": true, ""candidate_status"": ""Accepted"", ""rejection_reason"": null, ""validation_record_status"": ""valid""}]",
134,sub_type,Over The Counter,1,Over The Counter,0.7647154429147546,Accepted,unanimous_vote,knn,"[""association_rules"", ""clustering"", ""grouped_majority"", ""knn""]",4,4,4,4,0.0,valid,True,"[{""row_index"": 134, ""target_field"": ""sub_type"", ""algorithm"": ""grouped_majority"", ""predicted_value"": ""Over The Counter"", ""confidence"": 0.5567375886524822, ""prediction_source"": ""group_majority"", ""passes_threshold"": true, ""candidate_status"": ""Accepted"", ""rejection_reason"": null, ""validation_record_status"": ""valid""}, {""row_index"": 134, ""target_field"": ""sub_type"", ""algorithm"": ""association_rules"", ""predicted_value"": ""Over The Counter"", ""confidence"": 0.9138888888888889, ""prediction_source"": ""matched_rules"", ""passes_threshold"": true, ""candidate_status"": ""Accepted"", ""rejection_reason"": null, ""validation_record_status"": ""valid""}, {""row_index"": 134, ""target_field"": ""sub_type"", ""algorithm"": ""clustering"", ""predicted_value"": ""Over The Counter"", ""confidence"": 0.5882352941176471, ""prediction_source"": ""cluster_majority"", ""passes_threshold"": true, ""candidate_status"": ""Accepted"", ""rejection_reason"": null, ""validation_record_status"": ""valid""}, {""row_index"": 134, ""target_field"": ""sub_type"", ""algorithm"": ""knn"", ""predicted_value"": ""Over The Counter"", ""confidence"": 1.0, ""prediction_source"": ""nearest_neighbors"", ""passes_threshold"": true, ""candidate_status"": ""Accepted"", ""rejection_reason"": null, ""validation_record_status"": ""valid""}]",
135,sub_type,Over The Counter,1,Over The Counter,0.7675904818192052,Accepted,unanimous_vote,association_rules,"[""association_rules"", ""clustering"", ""grouped_majority"", ""knn""]",4,4,4,4,0.0,valid,True,"[{""row_index"": 135, ""target_field"": ""sub_type"", ""algorithm"": ""grouped_majority"", ""predicted_value"": ""Over The Counter"", ""confidence"": 0.5567375886524822, ""prediction_source"": ""group_majority"", ""passes_threshold"": true, ""candidate_status"": ""Accepted"", ""rejection_reason"": null, ""validation_record_status"": ""valid""}, {""row_index"": 135, ""target_field"": ""sub_type"", ""algorithm"": ""association_rules"", ""predicted_value"": ""Over The Counter"", ""confidence"": 0.8988095238095238, ""prediction_source"": ""matched_rules"", ""passes_threshold"": true, ""candidate_status"": ""Accepted"", ""rejection_reason"": null, ""validation_record_status"": ""valid""}, {""row_index"": 135, ""target_field"": ""sub_type"", ""algorithm"": ""clustering"", ""predicted_value"": ""Over The Counter"", ""confidence"": 0.8148148148148148, ""prediction_source"": ""cluster_majority"", ""passes_threshold"": true, ""candidate_status"": ""Accepted"", ""rejection_reason"": null, ""validation_record_status"": ""valid""}, {""row_index"": 135, ""target_field"": ""sub_type"", ""algorithm"": ""knn"", ""predicted_value"": ""Over The Counter"", ""confidence"": 0.8, ""prediction_source"": ""nearest_neighbors"", ""passes_threshold"": true, ""candidate_status"": ""Accepted"", ""rejection_reason"": null, ""validation_record_status"": ""valid""}]",
137,sub_type,Over The Counter,1,Over The Counter,0.7203185631582858,Accepted,unanimous_vote,association_rules,"[""association_rules"", ""clustering"", ""grouped_majority"", ""knn""]",4,4,4,4,0.0,valid,True,"[{""row_index"": 137, ""target_field"": ""sub_type"", ""algorithm"": ""grouped_majority"", ""predicted_value"": ""Over The Counter"", ""confidence"": 0.5567375886524822, ""prediction_source"": ""group_majority"", ""passes_threshold"": true, ""candidate_status"": ""Accepted"", ""rejection_reason"": null, ""validation_record_status"": ""valid""}, {""row_index"": 137, ""target_field"": ""sub_type"", ""algorithm"": ""association_rules"", ""predicted_value"": ""Over The Counter"", ""confidence"": 0.9863013698630138, ""prediction_source"": ""matched_rules"", ""passes_threshold"": true, ""candidate_status"": ""Accepted"", ""rejection_reason"": null, ""validation_record_status"": ""valid""}, {""row_index"": 137, ""target_field"": ""sub_type"", ""algorithm"": ""clustering"", ""predicted_value"": ""Over The Counter"", ""confidence"": 0.5882352941176471, ""prediction_source"": ""cluster_majority"", ""passes_threshold"": true, ""candidate_status"": ""Accepted"", ""rejection_reason"": null, ""validation_record_status"": ""valid""}, {""row_index"": 137, ""target_field"": ""sub_type"", ""algorithm"": ""knn"", ""predicted_value"": ""Over The Counter"", ""confidence"": 0.75, ""prediction_source"": ""nearest_neighbors"", ""passes_threshold"": true, ""candidate_status"": ""Accepted"", ""rejection_reason"": null, ""validation_record_status"": ""valid""}]",
140,sub_type,Over The Counter,1,Over The Counter,0.6864219893831072,Accepted,unanimous_vote,association_rules,"[""association_rules"", ""clustering"", ""grouped_majority"", ""knn""]",4,4,4,4,0.0,valid,True,"[{""row_index"": 140, ""target_field"": ""sub_type"", ""algorithm"": ""grouped_majority"", ""predicted_value"": ""Over The Counter"", ""confidence"": 0.5567375886524822, ""prediction_source"": ""group_majority"", ""passes_threshold"": true, ""candidate_status"": ""Accepted"", ""rejection_reason"": null, ""validation_record_status"": ""valid""}, {""row_index"": 140, ""target_field"": ""sub_type"", ""algorithm"": ""association_rules"", ""predicted_value"": ""Over The Counter"", ""confidence"": 0.8988095238095238, ""prediction_source"": ""matched_rules"", ""passes_threshold"": true, ""candidate_status"": ""Accepted"", ""rejection_reason"": null, ""validation_record_status"": ""valid""}, {""row_index"": 140, ""target_field"": ""sub_type"", ""algorithm"": ""clustering"", ""predicted_value"": ""Over The Counter"", ""confidence"": 0.6901408450704225, ""prediction_source"": ""cluster_majority"", ""passes_threshold"": true, ""candidate_status"": ""Accepted"", ""rejection_reason"": null, ""validation_record_status"": ""valid""}, {""row_index"": 140, ""target_field"": ""sub_type"", ""algorithm"": ""knn"", ""predicted_value"": ""Over The Counter"", ""confidence"": 0.6, ""prediction_source"": ""nearest_neighbors"", ""passes_threshold"": true, ""candidate_status"": ""Accepted"", ""rejection_reason"": null, ""validation_record_status"": ""valid""}]",
141,sub_type,Over The Counter,1,Over The Counter,0.7862432206925324,Accepted,unanimous_vote,association_rules,"[""association_rules"", ""clustering"", ""grouped_majority"", ""knn""]",4,4,4,4,0.0,valid,True,"[{""row_index"": 141, ""target_field"": ""sub_type"", ""algorithm"": ""grouped_majority"", ""predicted_value"": ""Over The Counter"", ""confidence"": 0.5567375886524822, ""prediction_source"": ""group_majority"", ""passes_threshold"": true, ""candidate_status"": ""Accepted"", ""rejection_reason"": null, ""validation_record_status"": ""valid""}, {""row_index"": 141, ""target_field"": ""sub_type"", ""algorithm"": ""association_rules"", ""predicted_value"": ""Over The Counter"", ""confidence"": 1.0, ""prediction_source"": ""matched_rules"", ""passes_threshold"": true, ""candidate_status"": ""Accepted"", ""rejection_reason"": null, ""validation_record_status"": ""valid""}, {""row_index"": 141, ""target_field"": ""sub_type"", ""algorithm"": ""clustering"", ""predicted_value"": ""Over The Counter"", ""confidence"": 0.5882352941176471, ""prediction_source"": ""cluster_majority"", ""passes_threshold"": true, ""candidate_status"": ""Accepted"", ""rejection_reason"": null, ""validation_record_status"": ""valid""}, {""row_index"": 141, ""target_field"": ""sub_type"", ""algorithm"": ""knn"", ""predicted_value"": ""Over The Counter"", ""confidence"": 1.0, ""prediction_source"": ""nearest_neighbors"", ""passes_threshold"": true, ""candidate_status"": ""Accepted"", ""rejection_reason"": null, ""validation_record_status"": ""valid""}]",
144,sub_type,Over The Counter,1,,0.9534883720930232,Requires Review,average_confidence_tiebreak,knn,"[""grouped_majority"", ""knn""]",2,4,4,4,0.0,valid,False,"[{""row_index"": 144, ""target_field"": ""sub_type"", ""algorithm"": ""grouped_majority"", ""predicted_value"": ""Over The Counter"", ""confidence"": 0.9069767441860465, ""prediction_source"": ""group_majority"", ""passes_threshold"": true, ""candidate_status"": ""Accepted"", ""rejection_reason"": null, ""validation_record_status"": ""valid""}, {""row_index"": 144, ""target_field"": ""sub_type"", ""algorithm"": ""association_rules"", ""predicted_value"": ""Residential Building Report"", ""confidence"": 0.8346456692913387, ""prediction_source"": ""matched_rules"", ""passes_threshold"": true, ""candidate_status"": ""Accepted"", ""rejection_reason"": null, ""validation_record_status"": ""valid""}, {""row_index"": 144, ""target_field"": ""sub_type"", ""algorithm"": ""clustering"", ""predicted_value"": ""Residential Building Report"", ""confidence"": 0.6666666666666666, ""prediction_source"": ""cluster_majority"", ""passes_threshold"": true, ""candidate_status"": ""Accepted"", ""rejection_reason"": null, ""validation_record_status"": ""valid""}, {""row_index"": 144, ""target_field"": ""sub_type"", ""algorithm"": ""knn"", ""predicted_value"": ""Over The Counter"", ""confidence"": 1.0, ""prediction_source"": ""nearest_neighbors"", ""passes_threshold"": true, ""candidate_status"": ""Accepted"", ""rejection_reason"": null, ""validation_record_status"": ""valid""}]",
147,sub_type,Over The Counter,1,Over The Counter,0.6864219893831072,Accepted,unanimous_vote,association_rules,"[""association_rules"", ""clustering"", ""grouped_majority"", ""knn""]",4,4,4,4,0.0,valid,True,"[{""row_index"": 147, ""target_field"": ""sub_type"", ""algorithm"": ""grouped_majority"", ""predicted_value"": ""Over The Counter"", ""confidence"": 0.5567375886524822, ""prediction_source"": ""group_majority"", ""passes_threshold"": true, ""candidate_status"": ""Accepted"", ""rejection_reason"": null, ""validation_record_status"": ""valid""}, {""row_index"": 147, ""target_field"": ""sub_type"", ""algorithm"": ""association_rules"", ""predicted_value"": ""Over The Counter"", ""confidence"": 0.8988095238095238, ""prediction_source"": ""matched_rules"", ""passes_threshold"": true, ""candidate_status"": ""Accepted"", ""rejection_reason"": null, ""validation_record_status"": ""valid""}, {""row_index"": 147, ""target_field"": ""sub_type"", ""algorithm"": ""clustering"", ""predicted_value"": ""Over The Counter"", ""confidence"": 0.6901408450704225, ""prediction_source"": ""cluster_majority"", ""passes_threshold"": true, ""candidate_status"": ""Accepted"", ""rejection_reason"": null, ""validation_record_status"": ""valid""}, {""row_index"": 147, ""target_field"": ""sub_type"", ""algorithm"": ""knn"", ""predicted_value"": ""Over The Counter"", ""confidence"": 0.6, ""prediction_source"": ""nearest_neighbors"", ""passes_threshold"": true, ""candidate_status"": ""Accepted"", ""rejection_reason"": null, ""validation_record_status"": ""valid""}]",
148,sub_type,Over The Counter,1,Over The Counter,0.6708952957514781,Accepted,majority_vote,association_rules,"[""association_rules"", ""clustering"", ""grouped_majority""]",3,4,4,4,0.0,valid,True,"[{""row_index"": 148, ""target_field"": ""sub_type"", ""algorithm"": ""grouped_majority"", ""predicted_value"": ""Over The Counter"", ""confidence"": 0.5567375886524822, ""prediction_source"": ""group_majority"", ""passes_threshold"": true, ""candidate_status"": ""Accepted"", ""rejection_reason"": null, ""validation_record_status"": ""valid""}, {""row_index"": 148, ""target_field"": ""sub_type"", ""algorithm"": ""association_rules"", ""predicted_value"": ""Over The Counter"", ""confidence"": 0.8677130044843048, ""prediction_source"": ""matched_rules"", ""passes_threshold"": true, ""candidate_status"": ""Accepted"", ""rejection_reason"": null, ""validation_record_status"": ""valid""}, {""row_index"": 148, ""target_field"": ""sub_type"", ""algorithm"": ""clustering"", ""predicted_value"": ""Over The Counter"", ""confidence"": 0.5882352941176471, ""prediction_source"": ""cluster_majority"", ""passes_threshold"": true, ""candidate_status"": ""Accepted"", ""rejection_reason"": null, ""validation_record_status"": ""valid""}, {""row_index"": 148, ""target_field"": ""sub_type"", ""algorithm"": ""knn"", ""predicted_value"": ""Full Plan Check"", ""confidence"": 0.8, ""prediction_source"": ""nearest_neighbors"", ""passes_threshold"": true, ""candidate_status"": ""Accepted"", ""rejection_reason"": null, ""validation_record_status"": ""valid""}]",
149,sub_type,Over The Counter,1,Over The Counter,0.8239305196669537,Accepted,majority_vote,grouped_majority,"[""clustering"", ""grouped_majority"", ""knn""]",3,4,4,4,0.0,valid,True,"[{""row_index"": 149, ""target_field"": ""sub_type"", ""algorithm"": ""grouped_majority"", ""predicted_value"": ""Over The Counter"", ""confidence"": 0.9069767441860465, ""prediction_source"": ""group_majority"", ""passes_threshold"": true, ""candidate_status"": ""Accepted"", ""rejection_reason"": null, ""validation_record_status"": ""valid""}, {""row_index"": 149, ""target_field"": ""sub_type"", ""algorithm"": ""association_rules"", ""predicted_value"": ""Residential Building Report"", ""confidence"": 0.7571428571428572, ""prediction_source"": ""matched_rules"", ""passes_threshold"": true, ""candidate_status"": ""Accepted"", ""rejection_reason"": null, ""validation_record_status"": ""valid""}, {""row_index"": 149, ""target_field"": ""sub_type"", ""algorithm"": ""clustering"", ""predicted_value"": ""Over The Counter"", ""confidence"": 0.8148148148148148, ""prediction_source"": ""cluster_majority"", ""passes_threshold"": true, ""candidate_status"": ""Accepted"", ""rejection_reason"": null, ""validation_record_status"": ""valid""}, {""row_index"": 149, ""target_field"": ""sub_type"", ""algorithm"": ""knn"", ""predicted_value"": ""Over The Counter"", ""confidence"": 0.75, ""prediction_source"": ""nearest_neighbors"", ""passes_threshold"": true, ""candidate_status"": ""Accepted"", ""rejection_reason"": null, ""validation_record_status"": ""valid""}]",
150,sub_type,Over The Counter,1,Over The Counter,0.7258265540258657,Accepted,unanimous_vote,association_rules,"[""association_rules"", ""clustering"", ""grouped_majority"", ""knn""]",4,4,4,4,0.0,valid,True,"[{""row_index"": 150, ""target_field"": ""sub_type"", ""algorithm"": ""grouped_majority"", ""predicted_value"": ""Over The Counter"", ""confidence"": 0.5567375886524822, ""prediction_source"": ""group_majority"", ""passes_threshold"": true, ""candidate_status"": ""Accepted"", ""rejection_reason"": null, ""validation_record_status"": ""valid""}, {""row_index"": 150, ""target_field"": ""sub_type"", ""algorithm"": ""association_rules"", ""predicted_value"": ""Over The Counter"", ""confidence"": 0.9583333333333333, ""prediction_source"": ""matched_rules"", ""passes_threshold"": true, ""candidate_status"": ""Accepted"", ""rejection_reason"": null, ""validation_record_status"": ""valid""}, {""row_index"": 150, ""target_field"": ""sub_type"", ""algorithm"": ""clustering"", ""predicted_value"": ""Over The Counter"", ""confidence"": 0.5882352941176471, ""prediction_source"": ""cluster_majority"", ""passes_threshold"": true, ""candidate_status"": ""Accepted"", ""rejection_reason"": null, ""validation_record_status"": ""valid""}, {""row_index"": 150, ""target_field"": ""sub_type"", ""algorithm"": ""knn"", ""predicted_value"": ""Over The Counter"", ""confidence"": 0.8, ""prediction_source"": ""nearest_neighbors"", ""passes_threshold"": true, ""candidate_status"": ""Accepted"", ""rejection_reason"": null, ""validation_record_status"": ""valid""}]",
152,sub_type,Over The Counter,1,Over The Counter,0.715409887359199,Accepted,unanimous_vote,association_rules,"[""association_rules"", ""clustering"", ""grouped_majority"", ""knn""]",4,4,4,4,0.0,valid,True,"[{""row_index"": 152, ""target_field"": ""sub_type"", ""algorithm"": ""grouped_majority"", ""predicted_value"": ""Over The Counter"", ""confidence"": 0.5567375886524822, ""prediction_source"": ""group_majority"", ""passes_threshold"": true, ""candidate_status"": ""Accepted"", ""rejection_reason"": null, ""validation_record_status"": ""valid""}, {""row_index"": 152, ""target_field"": ""sub_type"", ""algorithm"": ""association_rules"", ""predicted_value"": ""Over The Counter"", ""confidence"": 0.9166666666666666, ""prediction_source"": ""matched_rules"", ""passes_threshold"": true, ""candidate_status"": ""Accepted"", ""rejection_reason"": null, ""validation_record_status"": ""valid""}, {""row_index"": 152, ""target_field"": ""sub_type"", ""algorithm"": ""clustering"", ""predicted_value"": ""Over The Counter"", ""confidence"": 0.5882352941176471, ""prediction_source"": ""cluster_majority"", ""passes_threshold"": true, ""candidate_status"": ""Accepted"", ""rejection_reason"": null, ""validation_record_status"": ""valid""}, {""row_index"": 152, ""target_field"": ""sub_type"", ""algorithm"": ""knn"", ""predicted_value"": ""Over The Counter"", ""confidence"": 0.8, ""prediction_source"": ""nearest_neighbors"", ""passes_threshold"": true, ""candidate_status"": ""Accepted"", ""rejection_reason"": null, ""validation_record_status"": ""valid""}]",
153,sub_type,Over The Counter,1,,0.9534883720930232,Requires Review,average_confidence_tiebreak,knn,"[""grouped_majority"", ""knn""]",2,4,4,4,0.0,valid,False,"[{""row_index"": 153, ""target_field"": ""sub_type"", ""algorithm"": ""grouped_majority"", ""predicted_value"": ""Over The Counter"", ""confidence"": 0.9069767441860465, ""prediction_source"": ""group_majority"", ""passes_threshold"": true, ""candidate_status"": ""Accepted"", ""rejection_reason"": null, ""validation_record_status"": ""valid""}, {""row_index"": 153, ""target_field"": ""sub_type"", ""algorithm"": ""association_rules"", ""predicted_value"": ""Residential Building Report"", ""confidence"": 0.6708860759493671, ""prediction_source"": ""matched_rules"", ""passes_threshold"": true, ""candidate_status"": ""Accepted"", ""rejection_reason"": null, ""validation_record_status"": ""valid""}, {""row_index"": 153, ""target_field"": ""sub_type"", ""algorithm"": ""clustering"", ""predicted_value"": ""Residential Building Report"", ""confidence"": 0.6666666666666666, ""prediction_source"": ""cluster_majority"", ""passes_threshold"": true, ""candidate_status"": ""Accepted"", ""rejection_reason"": null, ""validation_record_status"": ""valid""}, {""row_index"": 153, ""target_field"": ""sub_type"", ""algorithm"": ""knn"", ""predicted_value"": ""Over The Counter"", ""confidence"": 1.0, ""prediction_source"": ""nearest_neighbors"", ""passes_threshold"": true, ""candidate_status"": ""Accepted"", ""rejection_reason"": null, ""validation_record_status"": ""valid""}]",
155,sub_type,Over The Counter,1,Over The Counter,0.581657627590043,Accepted,majority_vote,knn,"[""clustering"", ""grouped_majority"", ""knn""]",3,4,4,4,0.0,valid,True,"[{""row_index"": 155, ""target_field"": ""sub_type"", ""algorithm"": ""grouped_majority"", ""predicted_value"": ""Over The Counter"", ""confidence"": 0.5567375886524822, ""prediction_source"": ""group_majority"", ""passes_threshold"": true, ""candidate_status"": ""Accepted"", ""rejection_reason"": null, ""validation_record_status"": ""valid""}, {""row_index"": 155, ""target_field"": ""sub_type"", ""algorithm"": ""association_rules"", ""predicted_value"": ""Residential Building Report"", ""confidence"": 0.5913978494623656, ""prediction_source"": ""matched_rules"", ""passes_threshold"": true, ""candidate_status"": ""Accepted"", ""rejection_reason"": null, ""validation_record_status"": ""valid""}, {""row_index"": 155, ""target_field"": ""sub_type"", ""algorithm"": ""clustering"", ""predicted_value"": ""Over The Counter"", ""confidence"": 0.5882352941176471, ""prediction_source"": ""cluster_majority"", ""passes_threshold"": true, ""candidate_status"": ""Accepted"", ""rejection_reason"": null, ""validation_record_status"": ""valid""}, {""row_index"": 155, ""target_field"": ""sub_type"", ""algorithm"": ""knn"", ""predicted_value"": ""Over The Counter"", ""confidence"": 0.6, ""prediction_source"": ""nearest_neighbors"", ""passes_threshold"": true, ""candidate_status"": ""Accepted"", ""rejection_reason"": null, ""validation_record_status"": ""valid""}]",
156,sub_type,Over The Counter,1,Over The Counter,0.8428881008668243,Accepted,unanimous_vote,association_rules,"[""association_rules"", ""clustering"", ""grouped_majority"", ""knn""]",4,4,4,4,0.0,valid,True,"[{""row_index"": 156, ""target_field"": ""sub_type"", ""algorithm"": ""grouped_majority"", ""predicted_value"": ""Over The Counter"", ""confidence"": 0.5567375886524822, ""prediction_source"": ""group_majority"", ""passes_threshold"": true, ""candidate_status"": ""Accepted"", ""rejection_reason"": null, ""validation_record_status"": ""valid""}, {""row_index"": 156, ""target_field"": ""sub_type"", ""algorithm"": ""association_rules"", ""predicted_value"": ""Over The Counter"", ""confidence"": 1.0, ""prediction_source"": ""matched_rules"", ""passes_threshold"": true, ""candidate_status"": ""Accepted"", ""rejection_reason"": null, ""validation_record_status"": ""valid""}, {""row_index"": 156, ""target_field"": ""sub_type"", ""algorithm"": ""clustering"", ""predicted_value"": ""Over The Counter"", ""confidence"": 0.8148148148148148, ""prediction_source"": ""cluster_majority"", ""passes_threshold"": true, ""candidate_status"": ""Accepted"", ""rejection_reason"": null, ""validation_record_status"": ""valid""}, {""row_index"": 156, ""target_field"": ""sub_type"", ""algorithm"": ""knn"", ""predicted_value"": ""Over The Counter"", ""confidence"": 1.0, ""prediction_source"": ""nearest_neighbors"", ""passes_threshold"": true, ""candidate_status"": ""Accepted"", ""rejection_reason"": null, ""validation_record_status"": ""valid""}]",
157,sub_type,Over The Counter,1,Over The Counter,0.6154993124121201,Accepted,majority_vote,association_rules,"[""association_rules"", ""clustering"", ""grouped_majority""]",3,4,4,4,0.0,valid,True,"[{""row_index"": 157, ""target_field"": ""sub_type"", ""algorithm"": ""grouped_majority"", ""predicted_value"": ""Over The Counter"", ""confidence"": 0.5567375886524822, ""prediction_source"": ""group_majority"", ""passes_threshold"": true, ""candidate_status"": ""Accepted"", ""rejection_reason"": null, ""validation_record_status"": ""valid""}, {""row_index"": 157, ""target_field"": ""sub_type"", ""algorithm"": ""association_rules"", ""predicted_value"": ""Over The Counter"", ""confidence"": 0.8823529411764706, ""prediction_source"": ""matched_rules"", ""passes_threshold"": true, ""candidate_status"": ""Accepted"", ""rejection_reason"": null, ""validation_record_status"": ""valid""}, {""row_index"": 157, ""target_field"": ""sub_type"", ""algorithm"": ""clustering"", ""predicted_value"": ""Over The Counter"", ""confidence"": 0.4074074074074074, ""prediction_source"": ""cluster_majority"", ""passes_threshold"": true, ""candidate_status"": ""Accepted"", ""rejection_reason"": null, ""validation_record_status"": ""valid""}, {""row_index"": 157, ""target_field"": ""sub_type"", ""algorithm"": ""knn"", ""predicted_value"": ""In House Plan Check"", ""confidence"": 0.6, ""prediction_source"": ""nearest_neighbors"", ""passes_threshold"": true, ""candidate_status"": ""Accepted"", ""rejection_reason"": null, ""validation_record_status"": ""valid""}]",
160,sub_type,Over The Counter,1,Over The Counter,0.8068176476464124,Accepted,unanimous_vote,knn,"[""association_rules"", ""clustering"", ""grouped_majority"", ""knn""]",4,4,4,4,0.0,valid,True,"[{""row_index"": 160, ""target_field"": ""sub_type"", ""algorithm"": ""grouped_majority"", ""predicted_value"": ""Over The Counter"", ""confidence"": 0.5567375886524822, ""prediction_source"": ""group_majority"", ""passes_threshold"": true, ""candidate_status"": ""Accepted"", ""rejection_reason"": null, ""validation_record_status"": ""valid""}, {""row_index"": 160, ""target_field"": ""sub_type"", ""algorithm"": ""association_rules"", ""predicted_value"": ""Over The Counter"", ""confidence"": 0.9803921568627451, ""prediction_source"": ""matched_rules"", ""passes_threshold"": true, ""candidate_status"": ""Accepted"", ""rejection_reason"": null, ""validation_record_status"": ""valid""}, {""row_index"": 160, ""target_field"": ""sub_type"", ""algorithm"": ""clustering"", ""predicted_value"": ""Over The Counter"", ""confidence"": 0.6901408450704225, ""prediction_source"": ""cluster_majority"", ""passes_threshold"": true, ""candidate_status"": ""Accepted"", ""rejection_reason"": null, ""validation_record_status"": ""valid""}, {""row_index"": 160, ""target_field"": ""sub_type"", ""algorithm"": ""knn"", ""predicted_value"": ""Over The Counter"", ""confidence"": 1.0, ""prediction_source"": ""nearest_neighbors"", ""passes_threshold"": true, ""candidate_status"": ""Accepted"", ""rejection_reason"": null, ""validation_record_status"": ""valid""}]",
161,sub_type,Over The Counter,1,Over The Counter,0.7862432206925324,Accepted,unanimous_vote,association_rules,"[""association_rules"", ""clustering"", ""grouped_majority"", ""knn""]",4,4,4,4,0.0,valid,True,"[{""row_index"": 161, ""target_field"": ""sub_type"", ""algorithm"": ""grouped_majority"", ""predicted_value"": ""Over The Counter"", ""confidence"": 0.5567375886524822, ""prediction_source"": ""group_majority"", ""passes_threshold"": true, ""candidate_status"": ""Accepted"", ""rejection_reason"": null, ""validation_record_status"": ""valid""}, {""row_index"": 161, ""target_field"": ""sub_type"", ""algorithm"": ""association_rules"", ""predicted_value"": ""Over The Counter"", ""confidence"": 1.0, ""prediction_source"": ""matched_rules"", ""passes_threshold"": true, ""candidate_status"": ""Accepted"", ""rejection_reason"": null, ""validation_record_status"": ""valid""}, {""row_index"": 161, ""target_field"": ""sub_type"", ""algorithm"": ""clustering"", ""predicted_value"": ""Over The Counter"", ""confidence"": 0.5882352941176471, ""prediction_source"": ""cluster_majority"", ""passes_threshold"": true, ""candidate_status"": ""Accepted"", ""rejection_reason"": null, ""validation_record_status"": ""valid""}, {""row_index"": 161, ""target_field"": ""sub_type"", ""algorithm"": ""knn"", ""predicted_value"": ""Over The Counter"", ""confidence"": 1.0, ""prediction_source"": ""nearest_neighbors"", ""passes_threshold"": true, ""candidate_status"": ""Accepted"", ""rejection_reason"": null, ""validation_record_status"": ""valid""}]",
162,sub_type,Over The Counter,1,Over The Counter,0.6492283394104527,Accepted,unanimous_vote,association_rules,"[""association_rules"", ""clustering"", ""grouped_majority"", ""knn""]",4,4,4,4,0.0,valid,True,"[{""row_index"": 162, ""target_field"": ""sub_type"", ""algorithm"": ""grouped_majority"", ""predicted_value"": ""Over The Counter"", ""confidence"": 0.5567375886524822, ""prediction_source"": ""group_majority"", ""passes_threshold"": true, ""candidate_status"": ""Accepted"", ""rejection_reason"": null, ""validation_record_status"": ""valid""}, {""row_index"": 162, ""target_field"": ""sub_type"", ""algorithm"": ""association_rules"", ""predicted_value"": ""Over The Counter"", ""confidence"": 0.9661016949152543, ""prediction_source"": ""matched_rules"", ""passes_threshold"": true, ""candidate_status"": ""Accepted"", ""rejection_reason"": null, ""validation_record_status"": ""valid""}, {""row_index"": 162, ""target_field"": ""sub_type"", ""algorithm"": ""clustering"", ""predicted_value"": ""Over The Counter"", ""confidence"": 0.4074074074074074, ""prediction_source"": ""cluster_majority"", ""passes_threshold"": true, ""candidate_status"": ""Accepted"", ""rejection_reason"": null, ""validation_record_status"": ""valid""}, {""row_index"": 162, ""target_field"": ""sub_type"", ""algorithm"": ""knn"", ""predicted_value"": ""Over The Counter"", ""confidence"": 0.6666666666666666, ""prediction_source"": ""nearest_neighbors"", ""passes_threshold"": true, ""candidate_status"": ""Accepted"", ""rejection_reason"": null, ""validation_record_status"": ""valid""}]",
163,sub_type,Over The Counter,1,Over The Counter,0.7862432206925324,Accepted,unanimous_vote,association_rules,"[""association_rules"", ""clustering"", ""grouped_majority"", ""knn""]",4,4,4,4,0.0,valid,True,"[{""row_index"": 163, ""target_field"": ""sub_type"", ""algorithm"": ""grouped_majority"", ""predicted_value"": ""Over The Counter"", ""confidence"": 0.5567375886524822, ""prediction_source"": ""group_majority"", ""passes_threshold"": true, ""candidate_status"": ""Accepted"", ""rejection_reason"": null, ""validation_record_status"": ""valid""}, {""row_index"": 163, ""target_field"": ""sub_type"", ""algorithm"": ""association_rules"", ""predicted_value"": ""Over The Counter"", ""confidence"": 1.0, ""prediction_source"": ""matched_rules"", ""passes_threshold"": true, ""candidate_status"": ""Accepted"", ""rejection_reason"": null, ""validation_record_status"": ""valid""}, {""row_index"": 163, ""target_field"": ""sub_type"", ""algorithm"": ""clustering"", ""predicted_value"": ""Over The Counter"", ""confidence"": 0.5882352941176471, ""prediction_source"": ""cluster_majority"", ""passes_threshold"": true, ""candidate_status"": ""Accepted"", ""rejection_reason"": null, ""validation_record_status"": ""valid""}, {""row_index"": 163, ""target_field"": ""sub_type"", ""algorithm"": ""knn"", ""predicted_value"": ""Over The Counter"", ""confidence"": 1.0, ""prediction_source"": ""nearest_neighbors"", ""passes_threshold"": true, ""candidate_status"": ""Accepted"", ""rejection_reason"": null, ""validation_record_status"": ""valid""}]",
164,sub_type,Over The Counter,1,Over The Counter,0.8428881008668243,Accepted,unanimous_vote,association_rules,"[""association_rules"", ""clustering"", ""grouped_majority"", ""knn""]",4,4,4,4,0.0,valid,True,"[{""row_index"": 164, ""target_field"": ""sub_type"", ""algorithm"": ""grouped_majority"", ""predicted_value"": ""Over The Counter"", ""confidence"": 0.5567375886524822, ""prediction_source"": ""group_majority"", ""passes_threshold"": true, ""candidate_status"": ""Accepted"", ""rejection_reason"": null, ""validation_record_status"": ""valid""}, {""row_index"": 164, ""target_field"": ""sub_type"", ""algorithm"": ""association_rules"", ""predicted_value"": ""Over The Counter"", ""confidence"": 1.0, ""prediction_source"": ""matched_rules"", ""passes_threshold"": true, ""candidate_status"": ""Accepted"", ""rejection_reason"": null, ""validation_record_status"": ""valid""}, {""row_index"": 164, ""target_field"": ""sub_type"", ""algorithm"": ""clustering"", ""predicted_value"": ""Over The Counter"", ""confidence"": 0.8148148148148148, ""prediction_source"": ""cluster_majority"", ""passes_threshold"": true, ""candidate_status"": ""Accepted"", ""rejection_reason"": null, ""validation_record_status"": ""valid""}, {""row_index"": 164, ""target_field"": ""sub_type"", ""algorithm"": ""knn"", ""predicted_value"": ""Over The Counter"", ""confidence"": 1.0, ""prediction_source"": ""nearest_neighbors"", ""passes_threshold"": true, ""candidate_status"": ""Accepted"", ""rejection_reason"": null, ""validation_record_status"": ""valid""}]",
165,sub_type,Over The Counter,1,Over The Counter,0.8068176476464124,Accepted,unanimous_vote,knn,"[""association_rules"", ""clustering"", ""grouped_majority"", ""knn""]",4,4,4,4,0.0,valid,True,"[{""row_index"": 165, ""target_field"": ""sub_type"", ""algorithm"": ""grouped_majority"", ""predicted_value"": ""Over The Counter"", ""confidence"": 0.5567375886524822, ""prediction_source"": ""group_majority"", ""passes_threshold"": true, ""candidate_status"": ""Accepted"", ""rejection_reason"": null, ""validation_record_status"": ""valid""}, {""row_index"": 165, ""target_field"": ""sub_type"", ""algorithm"": ""association_rules"", ""predicted_value"": ""Over The Counter"", ""confidence"": 0.9803921568627451, ""prediction_source"": ""matched_rules"", ""passes_threshold"": true, ""candidate_status"": ""Accepted"", ""rejection_reason"": null, ""validation_record_status"": ""valid""}, {""row_index"": 165, ""target_field"": ""sub_type"", ""algorithm"": ""clustering"", ""predicted_value"": ""Over The Counter"", ""confidence"": 0.6901408450704225, ""prediction_source"": ""cluster_majority"", ""passes_threshold"": true, ""candidate_status"": ""Accepted"", ""rejection_reason"": null, ""validation_record_status"": ""valid""}, {""row_index"": 165, ""target_field"": ""sub_type"", ""algorithm"": ""knn"", ""predicted_value"": ""Over The Counter"", ""confidence"": 1.0, ""prediction_source"": ""nearest_neighbors"", ""passes_threshold"": true, ""candidate_status"": ""Accepted"", ""rejection_reason"": null, ""validation_record_status"": ""valid""}]",
166,sub_type,Over The Counter,1,Over The Counter,0.7862432206925324,Accepted,unanimous_vote,association_rules,"[""association_rules"", ""clustering"", ""grouped_majority"", ""knn""]",4,4,4,4,0.0,valid,True,"[{""row_index"": 166, ""target_field"": ""sub_type"", ""algorithm"": ""grouped_majority"", ""predicted_value"": ""Over The Counter"", ""confidence"": 0.5567375886524822, ""prediction_source"": ""group_majority"", ""passes_threshold"": true, ""candidate_status"": ""Accepted"", ""rejection_reason"": null, ""validation_record_status"": ""valid""}, {""row_index"": 166, ""target_field"": ""sub_type"", ""algorithm"": ""association_rules"", ""predicted_value"": ""Over The Counter"", ""confidence"": 1.0, ""prediction_source"": ""matched_rules"", ""passes_threshold"": true, ""candidate_status"": ""Accepted"", ""rejection_reason"": null, ""validation_record_status"": ""valid""}, {""row_index"": 166, ""target_field"": ""sub_type"", ""algorithm"": ""clustering"", ""predicted_value"": ""Over The Counter"", ""confidence"": 0.5882352941176471, ""prediction_source"": ""cluster_majority"", ""passes_threshold"": true, ""candidate_status"": ""Accepted"", ""rejection_reason"": null, ""validation_record_status"": ""valid""}, {""row_index"": 166, ""target_field"": ""sub_type"", ""algorithm"": ""knn"", ""predicted_value"": ""Over The Counter"", ""confidence"": 1.0, ""prediction_source"": ""nearest_neighbors"", ""passes_threshold"": true, ""candidate_status"": ""Accepted"", ""rejection_reason"": null, ""validation_record_status"": ""valid""}]",
168,sub_type,Over The Counter,1,Over The Counter,0.9001209921355112,Accepted,majority_vote,grouped_majority,"[""clustering"", ""grouped_majority"", ""knn""]",3,4,4,4,0.0,valid,True,"[{""row_index"": 168, ""target_field"": ""sub_type"", ""algorithm"": ""grouped_majority"", ""predicted_value"": ""Over The Counter"", ""confidence"": 0.9793103448275862, ""prediction_source"": ""group_majority"", ""passes_threshold"": true, ""candidate_status"": ""Accepted"", ""rejection_reason"": null, ""validation_record_status"": ""valid""}, {""row_index"": 168, ""target_field"": ""sub_type"", ""algorithm"": ""association_rules"", ""predicted_value"": ""Residential Building Report"", ""confidence"": 0.55, ""prediction_source"": ""matched_rules"", ""passes_threshold"": true, ""candidate_status"": ""Accepted"", ""rejection_reason"": null, ""validation_record_status"": ""valid""}, {""row_index"": 168, ""target_field"": ""sub_type"", ""algorithm"": ""clustering"", ""predicted_value"": ""Over The Counter"", ""confidence"": 0.9210526315789473, ""prediction_source"": ""cluster_majority"", ""passes_threshold"": true, ""candidate_status"": ""Accepted"", ""rejection_reason"": null, ""validation_record_status"": ""valid""}, {""row_index"": 168, ""target_field"": ""sub_type"", ""algorithm"": ""knn"", ""predicted_value"": ""Over The Counter"", ""confidence"": 0.8, ""prediction_source"": ""nearest_neighbors"", ""passes_threshold"": true, ""candidate_status"": ""Accepted"", ""rejection_reason"": null, ""validation_record_status"": ""valid""}]",
169,sub_type,Over The Counter,1,Over The Counter,0.9906888102088091,Accepted,unanimous_vote,knn,"[""association_rules"", ""clustering"", ""grouped_majority"", ""knn""]",4,4,4,4,0.0,valid,True,"[{""row_index"": 169, ""target_field"": ""sub_type"", ""algorithm"": ""grouped_majority"", ""predicted_value"": ""Over The Counter"", ""confidence"": 0.9793103448275862, ""prediction_source"": ""group_majority"", ""passes_threshold"": true, ""candidate_status"": ""Accepted"", ""rejection_reason"": null, ""validation_record_status"": ""valid""}, {""row_index"": 169, ""target_field"": ""sub_type"", ""algorithm"": ""association_rules"", ""predicted_value"": ""Over The Counter"", ""confidence"": 0.9946808510638299, ""prediction_source"": ""matched_rules"", ""passes_threshold"": true, ""candidate_status"": ""Accepted"", ""rejection_reason"": null, ""validation_record_status"": ""valid""}, {""row_index"": 169, ""target_field"": ""sub_type"", ""algorithm"": ""clustering"", ""predicted_value"": ""Over The Counter"", ""confidence"": 0.9887640449438202, ""prediction_source"": ""cluster_majority"", ""passes_threshold"": true, ""candidate_status"": ""Accepted"", ""rejection_reason"": null, ""validation_record_status"": ""valid""}, {""row_index"": 169, ""target_field"": ""sub_type"", ""algorithm"": ""knn"", ""predicted_value"": ""Over The Counter"", ""confidence"": 1.0, ""prediction_source"": ""nearest_neighbors"", ""passes_threshold"": true, ""candidate_status"": ""Accepted"", ""rejection_reason"": null, ""validation_record_status"": ""valid""}]",
176,sub_type,Over The Counter,1,Over The Counter,0.9750907441016334,Accepted,unanimous_vote,association_rules,"[""association_rules"", ""clustering"", ""grouped_majority"", ""knn""]",4,4,4,4,0.0,valid,True,"[{""row_index"": 176, ""target_field"": ""sub_type"", ""algorithm"": ""grouped_majority"", ""predicted_value"": ""Over The Counter"", ""confidence"": 0.9793103448275862, ""prediction_source"": ""group_majority"", ""passes_threshold"": true, ""candidate_status"": ""Accepted"", ""rejection_reason"": null, ""validation_record_status"": ""valid""}, {""row_index"": 176, ""target_field"": ""sub_type"", ""algorithm"": ""association_rules"", ""predicted_value"": ""Over The Counter"", ""confidence"": 1.0, ""prediction_source"": ""matched_rules"", ""passes_threshold"": true, ""candidate_status"": ""Accepted"", ""rejection_reason"": null, ""validation_record_status"": ""valid""}, {""row_index"": 176, ""target_field"": ""sub_type"", ""algorithm"": ""clustering"", ""predicted_value"": ""Over The Counter"", ""confidence"": 0.9210526315789473, ""prediction_source"": ""cluster_majority"", ""passes_threshold"": true, ""candidate_status"": ""Accepted"", ""rejection_reason"": null, ""validation_record_status"": ""valid""}, {""row_index"": 176, ""target_field"": ""sub_type"", ""algorithm"": ""knn"", ""predicted_value"": ""Over The Counter"", ""confidence"": 1.0, ""prediction_source"": ""nearest_neighbors"", ""passes_threshold"": true, ""candidate_status"": ""Accepted"", ""rejection_reason"": null, ""validation_record_status"": ""valid""}]",
177,sub_type,Over The Counter,1,Over The Counter,0.8466794380587483,Accepted,unanimous_vote,association_rules,"[""association_rules"", ""clustering"", ""grouped_majority"", ""knn""]",4,4,4,4,0.0,valid,True,"[{""row_index"": 177, ""target_field"": ""sub_type"", ""algorithm"": ""grouped_majority"", ""predicted_value"": ""Over The Counter"", ""confidence"": 0.9793103448275862, ""prediction_source"": ""group_majority"", ""passes_threshold"": true, ""candidate_status"": ""Accepted"", ""rejection_reason"": null, ""validation_record_status"": ""valid""}, {""row_index"": 177, ""target_field"": ""sub_type"", ""algorithm"": ""association_rules"", ""predicted_value"": ""Over The Counter"", ""confidence"": 1.0, ""prediction_source"": ""matched_rules"", ""passes_threshold"": true, ""candidate_status"": ""Accepted"", ""rejection_reason"": null, ""validation_record_status"": ""valid""}, {""row_index"": 177, ""target_field"": ""sub_type"", ""algorithm"": ""clustering"", ""predicted_value"": ""Over The Counter"", ""confidence"": 0.4074074074074074, ""prediction_source"": ""cluster_majority"", ""passes_threshold"": true, ""candidate_status"": ""Accepted"", ""rejection_reason"": null, ""validation_record_status"": ""valid""}, {""row_index"": 177, ""target_field"": ""sub_type"", ""algorithm"": ""knn"", ""predicted_value"": ""Over The Counter"", ""confidence"": 1.0, ""prediction_source"": ""nearest_neighbors"", ""passes_threshold"": true, ""candidate_status"": ""Accepted"", ""rejection_reason"": null, ""validation_record_status"": ""valid""}]",
179,sub_type,Over The Counter,1,Over The Counter,0.9750907441016334,Accepted,unanimous_vote,association_rules,"[""association_rules"", ""clustering"", ""grouped_majority"", ""knn""]",4,4,4,4,0.0,valid,True,"[{""row_index"": 179, ""target_field"": ""sub_type"", ""algorithm"": ""grouped_majority"", ""predicted_value"": ""Over The Counter"", ""confidence"": 0.9793103448275862, ""prediction_source"": ""group_majority"", ""passes_threshold"": true, ""candidate_status"": ""Accepted"", ""rejection_reason"": null, ""validation_record_status"": ""valid""}, {""row_index"": 179, ""target_field"": ""sub_type"", ""algorithm"": ""association_rules"", ""predicted_value"": ""Over The Counter"", ""confidence"": 1.0, ""prediction_source"": ""matched_rules"", ""passes_threshold"": true, ""candidate_status"": ""Accepted"", ""rejection_reason"": null, ""validation_record_status"": ""valid""}, {""row_index"": 179, ""target_field"": ""sub_type"", ""algorithm"": ""clustering"", ""predicted_value"": ""Over The Counter"", ""confidence"": 0.9210526315789473, ""prediction_source"": ""cluster_majority"", ""passes_threshold"": true, ""candidate_status"": ""Accepted"", ""rejection_reason"": null, ""validation_record_status"": ""valid""}, {""row_index"": 179, ""target_field"": ""sub_type"", ""algorithm"": ""knn"", ""predicted_value"": ""Over The Counter"", ""confidence"": 1.0, ""prediction_source"": ""nearest_neighbors"", ""passes_threshold"": true, ""candidate_status"": ""Accepted"", ""rejection_reason"": null, ""validation_record_status"": ""valid""}]",
183,sub_type,Over The Counter,1,Over The Counter,0.9906888102088091,Accepted,unanimous_vote,knn,"[""association_rules"", ""clustering"", ""grouped_majority"", ""knn""]",4,4,4,4,0.0,valid,True,"[{""row_index"": 183, ""target_field"": ""sub_type"", ""algorithm"": ""grouped_majority"", ""predicted_value"": ""Over The Counter"", ""confidence"": 0.9793103448275862, ""prediction_source"": ""group_majority"", ""passes_threshold"": true, ""candidate_status"": ""Accepted"", ""rejection_reason"": null, ""validation_record_status"": ""valid""}, {""row_index"": 183, ""target_field"": ""sub_type"", ""algorithm"": ""association_rules"", ""predicted_value"": ""Over The Counter"", ""confidence"": 0.9946808510638299, ""prediction_source"": ""matched_rules"", ""passes_threshold"": true, ""candidate_status"": ""Accepted"", ""rejection_reason"": null, ""validation_record_status"": ""valid""}, {""row_index"": 183, ""target_field"": ""sub_type"", ""algorithm"": ""clustering"", ""predicted_value"": ""Over The Counter"", ""confidence"": 0.9887640449438202, ""prediction_source"": ""cluster_majority"", ""passes_threshold"": true, ""candidate_status"": ""Accepted"", ""rejection_reason"": null, ""validation_record_status"": ""valid""}, {""row_index"": 183, ""target_field"": ""sub_type"", ""algorithm"": ""knn"", ""predicted_value"": ""Over The Counter"", ""confidence"": 1.0, ""prediction_source"": ""nearest_neighbors"", ""passes_threshold"": true, ""candidate_status"": ""Accepted"", ""rejection_reason"": null, ""validation_record_status"": ""valid""}]",
184,sub_type,Over The Counter,1,Over The Counter,0.9920185974428516,Accepted,unanimous_vote,association_rules,"[""association_rules"", ""clustering"", ""grouped_majority"", ""knn""]",4,4,4,4,0.0,valid,True,"[{""row_index"": 184, ""target_field"": ""sub_type"", ""algorithm"": ""grouped_majority"", ""predicted_value"": ""Over The Counter"", ""confidence"": 0.9793103448275862, ""prediction_source"": ""group_majority"", ""passes_threshold"": true, ""candidate_status"": ""Accepted"", ""rejection_reason"": null, ""validation_record_status"": ""valid""}, {""row_index"": 184, ""target_field"": ""sub_type"", ""algorithm"": ""association_rules"", ""predicted_value"": ""Over The Counter"", ""confidence"": 1.0, ""prediction_source"": ""matched_rules"", ""passes_threshold"": true, ""candidate_status"": ""Accepted"", ""rejection_reason"": null, ""validation_record_status"": ""valid""}, {""row_index"": 184, ""target_field"": ""sub_type"", ""algorithm"": ""clustering"", ""predicted_value"": ""Over The Counter"", ""confidence"": 0.9887640449438202, ""prediction_source"": ""cluster_majority"", ""passes_threshold"": true, ""candidate_status"": ""Accepted"", ""rejection_reason"": null, ""validation_record_status"": ""valid""}, {""row_index"": 184, ""target_field"": ""sub_type"", ""algorithm"": ""knn"", ""predicted_value"": ""Over The Counter"", ""confidence"": 1.0, ""prediction_source"": ""nearest_neighbors"", ""passes_threshold"": true, ""candidate_status"": ""Accepted"", ""rejection_reason"": null, ""validation_record_status"": ""valid""}]",
185,sub_type,Over The Counter,1,Over The Counter,0.9750907441016334,Accepted,unanimous_vote,association_rules,"[""association_rules"", ""clustering"", ""grouped_majority"", ""knn""]",4,4,4,4,0.0,valid,True,"[{""row_index"": 185, ""target_field"": ""sub_type"", ""algorithm"": ""grouped_majority"", ""predicted_value"": ""Over The Counter"", ""confidence"": 0.9793103448275862, ""prediction_source"": ""group_majority"", ""passes_threshold"": true, ""candidate_status"": ""Accepted"", ""rejection_reason"": null, ""validation_record_status"": ""valid""}, {""row_index"": 185, ""target_field"": ""sub_type"", ""algorithm"": ""association_rules"", ""predicted_value"": ""Over The Counter"", ""confidence"": 1.0, ""prediction_source"": ""matched_rules"", ""passes_threshold"": true, ""candidate_status"": ""Accepted"", ""rejection_reason"": null, ""validation_record_status"": ""valid""}, {""row_index"": 185, ""target_field"": ""sub_type"", ""algorithm"": ""clustering"", ""predicted_value"": ""Over The Counter"", ""confidence"": 0.9210526315789473, ""prediction_source"": ""cluster_majority"", ""passes_threshold"": true, ""candidate_status"": ""Accepted"", ""rejection_reason"": null, ""validation_record_status"": ""valid""}, {""row_index"": 185, ""target_field"": ""sub_type"", ""algorithm"": ""knn"", ""predicted_value"": ""Over The Counter"", ""confidence"": 1.0, ""prediction_source"": ""nearest_neighbors"", ""passes_threshold"": true, ""candidate_status"": ""Accepted"", ""rejection_reason"": null, ""validation_record_status"": ""valid""}]",
188,sub_type,Over The Counter,1,Over The Counter,0.9906888102088091,Accepted,unanimous_vote,knn,"[""association_rules"", ""clustering"", ""grouped_majority"", ""knn""]",4,4,4,4,0.0,valid,True,"[{""row_index"": 188, ""target_field"": ""sub_type"", ""algorithm"": ""grouped_majority"", ""predicted_value"": ""Over The Counter"", ""confidence"": 0.9793103448275862, ""prediction_source"": ""group_majority"", ""passes_threshold"": true, ""candidate_status"": ""Accepted"", ""rejection_reason"": null, ""validation_record_status"": ""valid""}, {""row_index"": 188, ""target_field"": ""sub_type"", ""algorithm"": ""association_rules"", ""predicted_value"": ""Over The Counter"", ""confidence"": 0.9946808510638299, ""prediction_source"": ""matched_rules"", ""passes_threshold"": true, ""candidate_status"": ""Accepted"", ""rejection_reason"": null, ""validation_record_status"": ""valid""}, {""row_index"": 188, ""target_field"": ""sub_type"", ""algorithm"": ""clustering"", ""predicted_value"": ""Over The Counter"", ""confidence"": 0.9887640449438202, ""prediction_source"": ""cluster_majority"", ""passes_threshold"": true, ""candidate_status"": ""Accepted"", ""rejection_reason"": null, ""validation_record_status"": ""valid""}, {""row_index"": 188, ""target_field"": ""sub_type"", ""algorithm"": ""knn"", ""predicted_value"": ""Over The Counter"", ""confidence"": 1.0, ""prediction_source"": ""nearest_neighbors"", ""passes_threshold"": true, ""candidate_status"": ""Accepted"", ""rejection_reason"": null, ""validation_record_status"": ""valid""}]",
191,sub_type,Over The Counter,1,Over The Counter,0.9699183303085299,Accepted,unanimous_vote,knn,"[""association_rules"", ""clustering"", ""grouped_majority"", ""knn""]",4,4,4,4,0.0,valid,True,"[{""row_index"": 191, ""target_field"": ""sub_type"", ""algorithm"": ""grouped_majority"", ""predicted_value"": ""Over The Counter"", ""confidence"": 0.9793103448275862, ""prediction_source"": ""group_majority"", ""passes_threshold"": true, ""candidate_status"": ""Accepted"", ""rejection_reason"": null, ""validation_record_status"": ""valid""}, {""row_index"": 191, ""target_field"": ""sub_type"", ""algorithm"": ""association_rules"", ""predicted_value"": ""Over The Counter"", ""confidence"": 0.9793103448275863, ""prediction_source"": ""matched_rules"", ""passes_threshold"": true, ""candidate_status"": ""Accepted"", ""rejection_reason"": null, ""validation_record_status"": ""valid""}, {""row_index"": 191, ""target_field"": ""sub_type"", ""algorithm"": ""clustering"", ""predicted_value"": ""Over The Counter"", ""confidence"": 0.9210526315789473, ""prediction_source"": ""cluster_majority"", ""passes_threshold"": true, ""candidate_status"": ""Accepted"", ""rejection_reason"": null, ""validation_record_status"": ""valid""}, {""row_index"": 191, ""target_field"": ""sub_type"", ""algorithm"": ""knn"", ""predicted_value"": ""Over The Counter"", ""confidence"": 1.0, ""prediction_source"": ""nearest_neighbors"", ""passes_threshold"": true, ""candidate_status"": ""Accepted"", ""rejection_reason"": null, ""validation_record_status"": ""valid""}]",
192,sub_type,Over The Counter,1,Over The Counter,0.9001209921355112,Accepted,majority_vote,grouped_majority,"[""clustering"", ""grouped_majority"", ""knn""]",3,4,4,4,0.0,valid,True,"[{""row_index"": 192, ""target_field"": ""sub_type"", ""algorithm"": ""grouped_majority"", ""predicted_value"": ""Over The Counter"", ""confidence"": 0.9793103448275862, ""prediction_source"": ""group_majority"", ""passes_threshold"": true, ""candidate_status"": ""Accepted"", ""rejection_reason"": null, ""validation_record_status"": ""valid""}, {""row_index"": 192, ""target_field"": ""sub_type"", ""algorithm"": ""association_rules"", ""predicted_value"": ""Residential Building Report"", ""confidence"": 0.5913978494623656, ""prediction_source"": ""matched_rules"", ""passes_threshold"": true, ""candidate_status"": ""Accepted"", ""rejection_reason"": null, ""validation_record_status"": ""valid""}, {""row_index"": 192, ""target_field"": ""sub_type"", ""algorithm"": ""clustering"", ""predicted_value"": ""Over The Counter"", ""confidence"": 0.9210526315789473, ""prediction_source"": ""cluster_majority"", ""passes_threshold"": true, ""candidate_status"": ""Accepted"", ""rejection_reason"": null, ""validation_record_status"": ""valid""}, {""row_index"": 192, ""target_field"": ""sub_type"", ""algorithm"": ""knn"", ""predicted_value"": ""Over The Counter"", ""confidence"": 0.8, ""prediction_source"": ""nearest_neighbors"", ""passes_threshold"": true, ""candidate_status"": ""Accepted"", ""rejection_reason"": null, ""validation_record_status"": ""valid""}]",
193,sub_type,Over The Counter,1,Over The Counter,0.9906888102088091,Accepted,unanimous_vote,knn,"[""association_rules"", ""clustering"", ""grouped_majority"", ""knn""]",4,4,4,4,0.0,valid,True,"[{""row_index"": 193, ""target_field"": ""sub_type"", ""algorithm"": ""grouped_majority"", ""predicted_value"": ""Over The Counter"", ""confidence"": 0.9793103448275862, ""prediction_source"": ""group_majority"", ""passes_threshold"": true, ""candidate_status"": ""Accepted"", ""rejection_reason"": null, ""validation_record_status"": ""valid""}, {""row_index"": 193, ""target_field"": ""sub_type"", ""algorithm"": ""association_rules"", ""predicted_value"": ""Over The Counter"", ""confidence"": 0.9946808510638299, ""prediction_source"": ""matched_rules"", ""passes_threshold"": true, ""candidate_status"": ""Accepted"", ""rejection_reason"": null, ""validation_record_status"": ""valid""}, {""row_index"": 193, ""target_field"": ""sub_type"", ""algorithm"": ""clustering"", ""predicted_value"": ""Over The Counter"", ""confidence"": 0.9887640449438202, ""prediction_source"": ""cluster_majority"", ""passes_threshold"": true, ""candidate_status"": ""Accepted"", ""rejection_reason"": null, ""validation_record_status"": ""valid""}, {""row_index"": 193, ""target_field"": ""sub_type"", ""algorithm"": ""knn"", ""predicted_value"": ""Over The Counter"", ""confidence"": 1.0, ""prediction_source"": ""nearest_neighbors"", ""passes_threshold"": true, ""candidate_status"": ""Accepted"", ""rejection_reason"": null, ""validation_record_status"": ""valid""}]",
196,sub_type,Over The Counter,1,Over The Counter,1.0,Accepted,unanimous_vote,association_rules,"[""association_rules"", ""clustering"", ""grouped_majority"", ""knn""]",4,4,4,4,0.0,valid,True,"[{""row_index"": 196, ""target_field"": ""sub_type"", ""algorithm"": ""grouped_majority"", ""predicted_value"": ""Over The Counter"", ""confidence"": 1.0, ""prediction_source"": ""group_majority"", ""passes_threshold"": true, ""candidate_status"": ""Accepted"", ""rejection_reason"": null, ""validation_record_status"": ""valid""}, {""row_index"": 196, ""target_field"": ""sub_type"", ""algorithm"": ""association_rules"", ""predicted_value"": ""Over The Counter"", ""confidence"": 1.0, ""prediction_source"": ""matched_rules"", ""passes_threshold"": true, ""candidate_status"": ""Accepted"", ""rejection_reason"": null, ""validation_record_status"": ""valid""}, {""row_index"": 196, ""target_field"": ""sub_type"", ""algorithm"": ""clustering"", ""predicted_value"": ""Over The Counter"", ""confidence"": 1.0, ""prediction_source"": ""cluster_majority"", ""passes_threshold"": true, ""candidate_status"": ""Accepted"", ""rejection_reason"": null, ""validation_record_status"": ""valid""}, {""row_index"": 196, ""target_field"": ""sub_type"", ""algorithm"": ""knn"", ""predicted_value"": ""Over The Counter"", ""confidence"": 1.0, ""prediction_source"": ""nearest_neighbors"", ""passes_threshold"": true, ""candidate_status"": ""Accepted"", ""rejection_reason"": null, ""validation_record_status"": ""valid""}]",
202,sub_type,Over The Counter,1,Over The Counter,1.0,Accepted,unanimous_vote,association_rules,"[""association_rules"", ""clustering"", ""grouped_majority"", ""knn""]",4,4,4,4,0.0,valid,True,"[{""row_index"": 202, ""target_field"": ""sub_type"", ""algorithm"": ""grouped_majority"", ""predicted_value"": ""Over The Counter"", ""confidence"": 1.0, ""prediction_source"": ""group_majority"", ""passes_threshold"": true, ""candidate_status"": ""Accepted"", ""rejection_reason"": null, ""validation_record_status"": ""valid""}, {""row_index"": 202, ""target_field"": ""sub_type"", ""algorithm"": ""association_rules"", ""predicted_value"": ""Over The Counter"", ""confidence"": 1.0, ""prediction_source"": ""matched_rules"", ""passes_threshold"": true, ""candidate_status"": ""Accepted"", ""rejection_reason"": null, ""validation_record_status"": ""valid""}, {""row_index"": 202, ""target_field"": ""sub_type"", ""algorithm"": ""clustering"", ""predicted_value"": ""Over The Counter"", ""confidence"": 1.0, ""prediction_source"": ""cluster_majority"", ""passes_threshold"": true, ""candidate_status"": ""Accepted"", ""rejection_reason"": null, ""validation_record_status"": ""valid""}, {""row_index"": 202, ""target_field"": ""sub_type"", ""algorithm"": ""knn"", ""predicted_value"": ""Over The Counter"", ""confidence"": 1.0, ""prediction_source"": ""nearest_neighbors"", ""passes_threshold"": true, ""candidate_status"": ""Accepted"", ""rejection_reason"": null, ""validation_record_status"": ""valid""}]",
204,sub_type,Over The Counter,1,Over The Counter,0.9802631578947368,Accepted,unanimous_vote,association_rules,"[""association_rules"", ""clustering"", ""grouped_majority"", ""knn""]",4,4,4,4,0.0,valid,True,"[{""row_index"": 204, ""target_field"": ""sub_type"", ""algorithm"": ""grouped_majority"", ""predicted_value"": ""Over The Counter"", ""confidence"": 1.0, ""prediction_source"": ""group_majority"", ""passes_threshold"": true, ""candidate_status"": ""Accepted"", ""rejection_reason"": null, ""validation_record_status"": ""valid""}, {""row_index"": 204, ""target_field"": ""sub_type"", ""algorithm"": ""association_rules"", ""predicted_value"": ""Over The Counter"", ""confidence"": 1.0, ""prediction_source"": ""matched_rules"", ""passes_threshold"": true, ""candidate_status"": ""Accepted"", ""rejection_reason"": null, ""validation_record_status"": ""valid""}, {""row_index"": 204, ""target_field"": ""sub_type"", ""algorithm"": ""clustering"", ""predicted_value"": ""Over The Counter"", ""confidence"": 0.9210526315789473, ""prediction_source"": ""cluster_majority"", ""passes_threshold"": true, ""candidate_status"": ""Accepted"", ""rejection_reason"": null, ""validation_record_status"": ""valid""}, {""row_index"": 204, ""target_field"": ""sub_type"", ""algorithm"": ""knn"", ""predicted_value"": ""Over The Counter"", ""confidence"": 1.0, ""prediction_source"": ""nearest_neighbors"", ""passes_threshold"": true, ""candidate_status"": ""Accepted"", ""rejection_reason"": null, ""validation_record_status"": ""valid""}]",
206,sub_type,Over The Counter,1,Over The Counter,1.0,Accepted,unanimous_vote,association_rules,"[""association_rules"", ""clustering"", ""grouped_majority"", ""knn""]",4,4,4,4,0.0,valid,True,"[{""row_index"": 206, ""target_field"": ""sub_type"", ""algorithm"": ""grouped_majority"", ""predicted_value"": ""Over The Counter"", ""confidence"": 1.0, ""prediction_source"": ""group_majority"", ""passes_threshold"": true, ""candidate_status"": ""Accepted"", ""rejection_reason"": null, ""validation_record_status"": ""valid""}, {""row_index"": 206, ""target_field"": ""sub_type"", ""algorithm"": ""association_rules"", ""predicted_value"": ""Over The Counter"", ""confidence"": 1.0, ""prediction_source"": ""matched_rules"", ""passes_threshold"": true, ""candidate_status"": ""Accepted"", ""rejection_reason"": null, ""validation_record_status"": ""valid""}, {""row_index"": 206, ""target_field"": ""sub_type"", ""algorithm"": ""clustering"", ""predicted_value"": ""Over The Counter"", ""confidence"": 1.0, ""prediction_source"": ""cluster_majority"", ""passes_threshold"": true, ""candidate_status"": ""Accepted"", ""rejection_reason"": null, ""validation_record_status"": ""valid""}, {""row_index"": 206, ""target_field"": ""sub_type"", ""algorithm"": ""knn"", ""predicted_value"": ""Over The Counter"", ""confidence"": 1.0, ""prediction_source"": ""nearest_neighbors"", ""passes_threshold"": true, ""candidate_status"": ""Accepted"", ""rejection_reason"": null, ""validation_record_status"": ""valid""}]",
208,sub_type,Over The Counter,1,Over The Counter,1.0,Accepted,unanimous_vote,association_rules,"[""association_rules"", ""clustering"", ""grouped_majority"", ""knn""]",4,4,4,4,0.0,valid,True,"[{""row_index"": 208, ""target_field"": ""sub_type"", ""algorithm"": ""grouped_majority"", ""predicted_value"": ""Over The Counter"", ""confidence"": 1.0, ""prediction_source"": ""group_majority"", ""passes_threshold"": true, ""candidate_status"": ""Accepted"", ""rejection_reason"": null, ""validation_record_status"": ""valid""}, {""row_index"": 208, ""target_field"": ""sub_type"", ""algorithm"": ""association_rules"", ""predicted_value"": ""Over The Counter"", ""confidence"": 1.0, ""prediction_source"": ""matched_rules"", ""passes_threshold"": true, ""candidate_status"": ""Accepted"", ""rejection_reason"": null, ""validation_record_status"": ""valid""}, {""row_index"": 208, ""target_field"": ""sub_type"", ""algorithm"": ""clustering"", ""predicted_value"": ""Over The Counter"", ""confidence"": 1.0, ""prediction_source"": ""cluster_majority"", ""passes_threshold"": true, ""candidate_status"": ""Accepted"", ""rejection_reason"": null, ""validation_record_status"": ""valid""}, {""row_index"": 208, ""target_field"": ""sub_type"", ""algorithm"": ""knn"", ""predicted_value"": ""Over The Counter"", ""confidence"": 1.0, ""prediction_source"": ""nearest_neighbors"", ""passes_threshold"": true, ""candidate_status"": ""Accepted"", ""rejection_reason"": null, ""validation_record_status"": ""valid""}]",
211,sub_type,Over The Counter,1,Over The Counter,0.9972222222222222,Accepted,unanimous_vote,association_rules,"[""association_rules"", ""clustering"", ""grouped_majority"", ""knn""]",4,4,4,4,0.0,valid,True,"[{""row_index"": 211, ""target_field"": ""sub_type"", ""algorithm"": ""grouped_majority"", ""predicted_value"": ""Over The Counter"", ""confidence"": 0.9888888888888889, ""prediction_source"": ""group_majority"", ""passes_threshold"": true, ""candidate_status"": ""Accepted"", ""rejection_reason"": null, ""validation_record_status"": ""valid""}, {""row_index"": 211, ""target_field"": ""sub_type"", ""algorithm"": ""association_rules"", ""predicted_value"": ""Over The Counter"", ""confidence"": 1.0, ""prediction_source"": ""matched_rules"", ""passes_threshold"": true, ""candidate_status"": ""Accepted"", ""rejection_reason"": null, ""validation_record_status"": ""valid""}, {""row_index"": 211, ""target_field"": ""sub_type"", ""algorithm"": ""clustering"", ""predicted_value"": ""Over The Counter"", ""confidence"": 1.0, ""prediction_source"": ""cluster_majority"", ""passes_threshold"": true, ""candidate_status"": ""Accepted"", ""rejection_reason"": null, ""validation_record_status"": ""valid""}, {""row_index"": 211, ""target_field"": ""sub_type"", ""algorithm"": ""knn"", ""predicted_value"": ""Over The Counter"", ""confidence"": 1.0, ""prediction_source"": ""nearest_neighbors"", ""passes_threshold"": true, ""candidate_status"": ""Accepted"", ""rejection_reason"": null, ""validation_record_status"": ""valid""}]",
214,sub_type,Over The Counter,1,Over The Counter,0.9972222222222222,Accepted,unanimous_vote,association_rules,"[""association_rules"", ""clustering"", ""grouped_majority"", ""knn""]",4,4,4,4,0.0,valid,True,"[{""row_index"": 214, ""target_field"": ""sub_type"", ""algorithm"": ""grouped_majority"", ""predicted_value"": ""Over The Counter"", ""confidence"": 0.9888888888888889, ""prediction_source"": ""group_majority"", ""passes_threshold"": true, ""candidate_status"": ""Accepted"", ""rejection_reason"": null, ""validation_record_status"": ""valid""}, {""row_index"": 214, ""target_field"": ""sub_type"", ""algorithm"": ""association_rules"", ""predicted_value"": ""Over The Counter"", ""confidence"": 1.0, ""prediction_source"": ""matched_rules"", ""passes_threshold"": true, ""candidate_status"": ""Accepted"", ""rejection_reason"": null, ""validation_record_status"": ""valid""}, {""row_index"": 214, ""target_field"": ""sub_type"", ""algorithm"": ""clustering"", ""predicted_value"": ""Over The Counter"", ""confidence"": 1.0, ""prediction_source"": ""cluster_majority"", ""passes_threshold"": true, ""candidate_status"": ""Accepted"", ""rejection_reason"": null, ""validation_record_status"": ""valid""}, {""row_index"": 214, ""target_field"": ""sub_type"", ""algorithm"": ""knn"", ""predicted_value"": ""Over The Counter"", ""confidence"": 1.0, ""prediction_source"": ""nearest_neighbors"", ""passes_threshold"": true, ""candidate_status"": ""Accepted"", ""rejection_reason"": null, ""validation_record_status"": ""valid""}]",
215,sub_type,Over The Counter,1,Over The Counter,0.9774853801169591,Accepted,unanimous_vote,association_rules,"[""association_rules"", ""clustering"", ""grouped_majority"", ""knn""]",4,4,4,4,0.0,valid,True,"[{""row_index"": 215, ""target_field"": ""sub_type"", ""algorithm"": ""grouped_majority"", ""predicted_value"": ""Over The Counter"", ""confidence"": 0.9888888888888889, ""prediction_source"": ""group_majority"", ""passes_threshold"": true, ""candidate_status"": ""Accepted"", ""rejection_reason"": null, ""validation_record_status"": ""valid""}, {""row_index"": 215, ""target_field"": ""sub_type"", ""algorithm"": ""association_rules"", ""predicted_value"": ""Over The Counter"", ""confidence"": 1.0, ""prediction_source"": ""matched_rules"", ""passes_threshold"": true, ""candidate_status"": ""Accepted"", ""rejection_reason"": null, ""validation_record_status"": ""valid""}, {""row_index"": 215, ""target_field"": ""sub_type"", ""algorithm"": ""clustering"", ""predicted_value"": ""Over The Counter"", ""confidence"": 0.9210526315789473, ""prediction_source"": ""cluster_majority"", ""passes_threshold"": true, ""candidate_status"": ""Accepted"", ""rejection_reason"": null, ""validation_record_status"": ""valid""}, {""row_index"": 215, ""target_field"": ""sub_type"", ""algorithm"": ""knn"", ""predicted_value"": ""Over The Counter"", ""confidence"": 1.0, ""prediction_source"": ""nearest_neighbors"", ""passes_threshold"": true, ""candidate_status"": ""Accepted"", ""rejection_reason"": null, ""validation_record_status"": ""valid""}]",
217,sub_type,Over The Counter,1,Over The Counter,0.9972222222222222,Accepted,unanimous_vote,association_rules,"[""association_rules"", ""clustering"", ""grouped_majority"", ""knn""]",4,4,4,4,0.0,valid,True,"[{""row_index"": 217, ""target_field"": ""sub_type"", ""algorithm"": ""grouped_majority"", ""predicted_value"": ""Over The Counter"", ""confidence"": 0.9888888888888889, ""prediction_source"": ""group_majority"", ""passes_threshold"": true, ""candidate_status"": ""Accepted"", ""rejection_reason"": null, ""validation_record_status"": ""valid""}, {""row_index"": 217, ""target_field"": ""sub_type"", ""algorithm"": ""association_rules"", ""predicted_value"": ""Over The Counter"", ""confidence"": 1.0, ""prediction_source"": ""matched_rules"", ""passes_threshold"": true, ""candidate_status"": ""Accepted"", ""rejection_reason"": null, ""validation_record_status"": ""valid""}, {""row_index"": 217, ""target_field"": ""sub_type"", ""algorithm"": ""clustering"", ""predicted_value"": ""Over The Counter"", ""confidence"": 1.0, ""prediction_source"": ""cluster_majority"", ""passes_threshold"": true, ""candidate_status"": ""Accepted"", ""rejection_reason"": null, ""validation_record_status"": ""valid""}, {""row_index"": 217, ""target_field"": ""sub_type"", ""algorithm"": ""knn"", ""predicted_value"": ""Over The Counter"", ""confidence"": 1.0, ""prediction_source"": ""nearest_neighbors"", ""passes_threshold"": true, ""candidate_status"": ""Accepted"", ""rejection_reason"": null, ""validation_record_status"": ""valid""}]",
219,sub_type,Over The Counter,1,,1.0,Requires Review,average_confidence_tiebreak,grouped_majority,"[""grouped_majority"", ""knn""]",2,4,4,4,0.0,valid,False,"[{""row_index"": 219, ""target_field"": ""sub_type"", ""algorithm"": ""grouped_majority"", ""predicted_value"": ""Over The Counter"", ""confidence"": 1.0, ""prediction_source"": ""group_majority"", ""passes_threshold"": true, ""candidate_status"": ""Accepted"", ""rejection_reason"": null, ""validation_record_status"": ""valid""}, {""row_index"": 219, ""target_field"": ""sub_type"", ""algorithm"": ""association_rules"", ""predicted_value"": ""Residential Building Report"", ""confidence"": 0.8346456692913387, ""prediction_source"": ""matched_rules"", ""passes_threshold"": true, ""candidate_status"": ""Accepted"", ""rejection_reason"": null, ""validation_record_status"": ""valid""}, {""row_index"": 219, ""target_field"": ""sub_type"", ""algorithm"": ""clustering"", ""predicted_value"": ""Residential Building Report"", ""confidence"": 0.6666666666666666, ""prediction_source"": ""cluster_majority"", ""passes_threshold"": true, ""candidate_status"": ""Accepted"", ""rejection_reason"": null, ""validation_record_status"": ""valid""}, {""row_index"": 219, ""target_field"": ""sub_type"", ""algorithm"": ""knn"", ""predicted_value"": ""Over The Counter"", ""confidence"": 1.0, ""prediction_source"": ""nearest_neighbors"", ""passes_threshold"": true, ""candidate_status"": ""Accepted"", ""rejection_reason"": null, ""validation_record_status"": ""valid""}]",
224,sub_type,Over The Counter,1,Over The Counter,0.9972222222222222,Accepted,unanimous_vote,association_rules,"[""association_rules"", ""clustering"", ""grouped_majority"", ""knn""]",4,4,4,4,0.0,valid,True,"[{""row_index"": 224, ""target_field"": ""sub_type"", ""algorithm"": ""grouped_majority"", ""predicted_value"": ""Over The Counter"", ""confidence"": 0.9888888888888889, ""prediction_source"": ""group_majority"", ""passes_threshold"": true, ""candidate_status"": ""Accepted"", ""rejection_reason"": null, ""validation_record_status"": ""valid""}, {""row_index"": 224, ""target_field"": ""sub_type"", ""algorithm"": ""association_rules"", ""predicted_value"": ""Over The Counter"", ""confidence"": 1.0, ""prediction_source"": ""matched_rules"", ""passes_threshold"": true, ""candidate_status"": ""Accepted"", ""rejection_reason"": null, ""validation_record_status"": ""valid""}, {""row_index"": 224, ""target_field"": ""sub_type"", ""algorithm"": ""clustering"", ""predicted_value"": ""Over The Counter"", ""confidence"": 1.0, ""prediction_source"": ""cluster_majority"", ""passes_threshold"": true, ""candidate_status"": ""Accepted"", ""rejection_reason"": null, ""validation_record_status"": ""valid""}, {""row_index"": 224, ""target_field"": ""sub_type"", ""algorithm"": ""knn"", ""predicted_value"": ""Over The Counter"", ""confidence"": 1.0, ""prediction_source"": ""nearest_neighbors"", ""passes_threshold"": true, ""candidate_status"": ""Accepted"", ""rejection_reason"": null, ""validation_record_status"": ""valid""}]",
226,sub_type,Residential Building Report,1,Residential Building Report,0.9097005884389062,Accepted,unanimous_vote,knn,"[""association_rules"", ""clustering"", ""grouped_majority"", ""knn""]",4,4,4,4,0.0,valid,True,"[{""row_index"": 226, ""target_field"": ""sub_type"", ""algorithm"": ""grouped_majority"", ""predicted_value"": ""Residential Building Report"", ""confidence"": 0.9814814814814815, ""prediction_source"": ""group_majority"", ""passes_threshold"": true, ""candidate_status"": ""Accepted"", ""rejection_reason"": null, ""validation_record_status"": ""valid""}, {""row_index"": 226, ""target_field"": ""sub_type"", ""algorithm"": ""association_rules"", ""predicted_value"": ""Residential Building Report"", ""confidence"": 0.9906542056074769, ""prediction_source"": ""matched_rules"", ""passes_threshold"": true, ""candidate_status"": ""Accepted"", ""rejection_reason"": null, ""validation_record_status"": ""valid""}, {""row_index"": 226, ""target_field"": ""sub_type"", ""algorithm"": ""clustering"", ""predicted_value"": ""Residential Building Report"", ""confidence"": 0.6666666666666666, ""prediction_source"": ""cluster_majority"", ""passes_threshold"": true, ""candidate_status"": ""Accepted"", ""rejection_reason"": null, ""validation_record_status"": ""valid""}, {""row_index"": 226, ""target_field"": ""sub_type"", ""algorithm"": ""knn"", ""predicted_value"": ""Residential Building Report"", ""confidence"": 1.0, ""prediction_source"": ""nearest_neighbors"", ""passes_threshold"": true, ""candidate_status"": ""Accepted"", ""rejection_reason"": null, ""validation_record_status"": ""valid""}]",
230,sub_type,Residential Building Report,1,Residential Building Report,0.9097005884389062,Accepted,unanimous_vote,knn,"[""association_rules"", ""clustering"", ""grouped_majority"", ""knn""]",4,4,4,4,0.0,valid,True,"[{""row_index"": 230, ""target_field"": ""sub_type"", ""algorithm"": ""grouped_majority"", ""predicted_value"": ""Residential Building Report"", ""confidence"": 0.9814814814814815, ""prediction_source"": ""group_majority"", ""passes_threshold"": true, ""candidate_status"": ""Accepted"", ""rejection_reason"": null, ""validation_record_status"": ""valid""}, {""row_index"": 230, ""target_field"": ""sub_type"", ""algorithm"": ""association_rules"", ""predicted_value"": ""Residential Building Report"", ""confidence"": 0.9906542056074769, ""prediction_source"": ""matched_rules"", ""passes_threshold"": true, ""candidate_status"": ""Accepted"", ""rejection_reason"": null, ""validation_record_status"": ""valid""}, {""row_index"": 230, ""target_field"": ""sub_type"", ""algorithm"": ""clustering"", ""predicted_value"": ""Residential Building Report"", ""confidence"": 0.6666666666666666, ""prediction_source"": ""cluster_majority"", ""passes_threshold"": true, ""candidate_status"": ""Accepted"", ""rejection_reason"": null, ""validation_record_status"": ""valid""}, {""row_index"": 230, ""target_field"": ""sub_type"", ""algorithm"": ""knn"", ""predicted_value"": ""Residential Building Report"", ""confidence"": 1.0, ""prediction_source"": ""nearest_neighbors"", ""passes_threshold"": true, ""candidate_status"": ""Accepted"", ""rejection_reason"": null, ""validation_record_status"": ""valid""}]",
234,sub_type,Residential Building Report,1,Residential Building Report,0.9097005884389062,Accepted,unanimous_vote,knn,"[""association_rules"", ""clustering"", ""grouped_majority"", ""knn""]",4,4,4,4,0.0,valid,True,"[{""row_index"": 234, ""target_field"": ""sub_type"", ""algorithm"": ""grouped_majority"", ""predicted_value"": ""Residential Building Report"", ""confidence"": 0.9814814814814815, ""prediction_source"": ""group_majority"", ""passes_threshold"": true, ""candidate_status"": ""Accepted"", ""rejection_reason"": null, ""validation_record_status"": ""valid""}, {""row_index"": 234, ""target_field"": ""sub_type"", ""algorithm"": ""association_rules"", ""predicted_value"": ""Residential Building Report"", ""confidence"": 0.9906542056074769, ""prediction_source"": ""matched_rules"", ""passes_threshold"": true, ""candidate_status"": ""Accepted"", ""rejection_reason"": null, ""validation_record_status"": ""valid""}, {""row_index"": 234, ""target_field"": ""sub_type"", ""algorithm"": ""clustering"", ""predicted_value"": ""Residential Building Report"", ""confidence"": 0.6666666666666666, ""prediction_source"": ""cluster_majority"", ""passes_threshold"": true, ""candidate_status"": ""Accepted"", ""rejection_reason"": null, ""validation_record_status"": ""valid""}, {""row_index"": 234, ""target_field"": ""sub_type"", ""algorithm"": ""knn"", ""predicted_value"": ""Residential Building Report"", ""confidence"": 1.0, ""prediction_source"": ""nearest_neighbors"", ""passes_threshold"": true, ""candidate_status"": ""Accepted"", ""rejection_reason"": null, ""validation_record_status"": ""valid""}]",
235,sub_type,Residential Building Report,1,Residential Building Report,0.9097005884389062,Accepted,unanimous_vote,knn,"[""association_rules"", ""clustering"", ""grouped_majority"", ""knn""]",4,4,4,4,0.0,valid,True,"[{""row_index"": 235, ""target_field"": ""sub_type"", ""algorithm"": ""grouped_majority"", ""predicted_value"": ""Residential Building Report"", ""confidence"": 0.9814814814814815, ""prediction_source"": ""group_majority"", ""passes_threshold"": true, ""candidate_status"": ""Accepted"", ""rejection_reason"": null, ""validation_record_status"": ""valid""}, {""row_index"": 235, ""target_field"": ""sub_type"", ""algorithm"": ""association_rules"", ""predicted_value"": ""Residential Building Report"", ""confidence"": 0.9906542056074769, ""prediction_source"": ""matched_rules"", ""passes_threshold"": true, ""candidate_status"": ""Accepted"", ""rejection_reason"": null, ""validation_record_status"": ""valid""}, {""row_index"": 235, ""target_field"": ""sub_type"", ""algorithm"": ""clustering"", ""predicted_value"": ""Residential Building Report"", ""confidence"": 0.6666666666666666, ""prediction_source"": ""cluster_majority"", ""passes_threshold"": true, ""candidate_status"": ""Accepted"", ""rejection_reason"": null, ""validation_record_status"": ""valid""}, {""row_index"": 235, ""target_field"": ""sub_type"", ""algorithm"": ""knn"", ""predicted_value"": ""Residential Building Report"", ""confidence"": 1.0, ""prediction_source"": ""nearest_neighbors"", ""passes_threshold"": true, ""candidate_status"": ""Accepted"", ""rejection_reason"": null, ""validation_record_status"": ""valid""}]",
237,sub_type,Residential Building Report,1,Residential Building Report,0.9097005884389062,Accepted,unanimous_vote,knn,"[""association_rules"", ""clustering"", ""grouped_majority"", ""knn""]",4,4,4,4,0.0,valid,True,"[{""row_index"": 237, ""target_field"": ""sub_type"", ""algorithm"": ""grouped_majority"", ""predicted_value"": ""Residential Building Report"", ""confidence"": 0.9814814814814815, ""prediction_source"": ""group_majority"", ""passes_threshold"": true, ""candidate_status"": ""Accepted"", ""rejection_reason"": null, ""validation_record_status"": ""valid""}, {""row_index"": 237, ""target_field"": ""sub_type"", ""algorithm"": ""association_rules"", ""predicted_value"": ""Residential Building Report"", ""confidence"": 0.9906542056074769, ""prediction_source"": ""matched_rules"", ""passes_threshold"": true, ""candidate_status"": ""Accepted"", ""rejection_reason"": null, ""validation_record_status"": ""valid""}, {""row_index"": 237, ""target_field"": ""sub_type"", ""algorithm"": ""clustering"", ""predicted_value"": ""Residential Building Report"", ""confidence"": 0.6666666666666666, ""prediction_source"": ""cluster_majority"", ""passes_threshold"": true, ""candidate_status"": ""Accepted"", ""rejection_reason"": null, ""validation_record_status"": ""valid""}, {""row_index"": 237, ""target_field"": ""sub_type"", ""algorithm"": ""knn"", ""predicted_value"": ""Residential Building Report"", ""confidence"": 1.0, ""prediction_source"": ""nearest_neighbors"", ""passes_threshold"": true, ""candidate_status"": ""Accepted"", ""rejection_reason"": null, ""validation_record_status"": ""valid""}]",
238,sub_type,Residential Building Report,1,Residential Building Report,0.9097005884389062,Accepted,unanimous_vote,knn,"[""association_rules"", ""clustering"", ""grouped_majority"", ""knn""]",4,4,4,4,0.0,valid,True,"[{""row_index"": 238, ""target_field"": ""sub_type"", ""algorithm"": ""grouped_majority"", ""predicted_value"": ""Residential Building Report"", ""confidence"": 0.9814814814814815, ""prediction_source"": ""group_majority"", ""passes_threshold"": true, ""candidate_status"": ""Accepted"", ""rejection_reason"": null, ""validation_record_status"": ""valid""}, {""row_index"": 238, ""target_field"": ""sub_type"", ""algorithm"": ""association_rules"", ""predicted_value"": ""Residential Building Report"", ""confidence"": 0.9906542056074769, ""prediction_source"": ""matched_rules"", ""passes_threshold"": true, ""candidate_status"": ""Accepted"", ""rejection_reason"": null, ""validation_record_status"": ""valid""}, {""row_index"": 238, ""target_field"": ""sub_type"", ""algorithm"": ""clustering"", ""predicted_value"": ""Residential Building Report"", ""confidence"": 0.6666666666666666, ""prediction_source"": ""cluster_majority"", ""passes_threshold"": true, ""candidate_status"": ""Accepted"", ""rejection_reason"": null, ""validation_record_status"": ""valid""}, {""row_index"": 238, ""target_field"": ""sub_type"", ""algorithm"": ""knn"", ""predicted_value"": ""Residential Building Report"", ""confidence"": 1.0, ""prediction_source"": ""nearest_neighbors"", ""passes_threshold"": true, ""candidate_status"": ""Accepted"", ""rejection_reason"": null, ""validation_record_status"": ""valid""}]",
239,sub_type,Residential Building Report,1,Residential Building Report,0.9097005884389062,Accepted,unanimous_vote,knn,"[""association_rules"", ""clustering"", ""grouped_majority"", ""knn""]",4,4,4,4,0.0,valid,True,"[{""row_index"": 239, ""target_field"": ""sub_type"", ""algorithm"": ""grouped_majority"", ""predicted_value"": ""Residential Building Report"", ""confidence"": 0.9814814814814815, ""prediction_source"": ""group_majority"", ""passes_threshold"": true, ""candidate_status"": ""Accepted"", ""rejection_reason"": null, ""validation_record_status"": ""valid""}, {""row_index"": 239, ""target_field"": ""sub_type"", ""algorithm"": ""association_rules"", ""predicted_value"": ""Residential Building Report"", ""confidence"": 0.9906542056074769, ""prediction_source"": ""matched_rules"", ""passes_threshold"": true, ""candidate_status"": ""Accepted"", ""rejection_reason"": null, ""validation_record_status"": ""valid""}, {""row_index"": 239, ""target_field"": ""sub_type"", ""algorithm"": ""clustering"", ""predicted_value"": ""Residential Building Report"", ""confidence"": 0.6666666666666666, ""prediction_source"": ""cluster_majority"", ""passes_threshold"": true, ""candidate_status"": ""Accepted"", ""rejection_reason"": null, ""validation_record_status"": ""valid""}, {""row_index"": 239, ""target_field"": ""sub_type"", ""algorithm"": ""knn"", ""predicted_value"": ""Residential Building Report"", ""confidence"": 1.0, ""prediction_source"": ""nearest_neighbors"", ""passes_threshold"": true, ""candidate_status"": ""Accepted"", ""rejection_reason"": null, ""validation_record_status"": ""valid""}]",
241,sub_type,Residential Building Report,1,Residential Building Report,0.9097005884389062,Accepted,unanimous_vote,knn,"[""association_rules"", ""clustering"", ""grouped_majority"", ""knn""]",4,4,4,4,0.0,valid,True,"[{""row_index"": 241, ""target_field"": ""sub_type"", ""algorithm"": ""grouped_majority"", ""predicted_value"": ""Residential Building Report"", ""confidence"": 0.9814814814814815, ""prediction_source"": ""group_majority"", ""passes_threshold"": true, ""candidate_status"": ""Accepted"", ""rejection_reason"": null, ""validation_record_status"": ""valid""}, {""row_index"": 241, ""target_field"": ""sub_type"", ""algorithm"": ""association_rules"", ""predicted_value"": ""Residential Building Report"", ""confidence"": 0.9906542056074769, ""prediction_source"": ""matched_rules"", ""passes_threshold"": true, ""candidate_status"": ""Accepted"", ""rejection_reason"": null, ""validation_record_status"": ""valid""}, {""row_index"": 241, ""target_field"": ""sub_type"", ""algorithm"": ""clustering"", ""predicted_value"": ""Residential Building Report"", ""confidence"": 0.6666666666666666, ""prediction_source"": ""cluster_majority"", ""passes_threshold"": true, ""candidate_status"": ""Accepted"", ""rejection_reason"": null, ""validation_record_status"": ""valid""}, {""row_index"": 241, ""target_field"": ""sub_type"", ""algorithm"": ""knn"", ""predicted_value"": ""Residential Building Report"", ""confidence"": 1.0, ""prediction_source"": ""nearest_neighbors"", ""passes_threshold"": true, ""candidate_status"": ""Accepted"", ""rejection_reason"": null, ""validation_record_status"": ""valid""}]",
250,sub_type,Full Plan Check,1,,0.9285714285714286,Requires Review,average_confidence_tiebreak,knn,"[""association_rules"", ""knn""]",2,4,4,4,0.0,valid,False,"[{""row_index"": 250, ""target_field"": ""sub_type"", ""algorithm"": ""grouped_majority"", ""predicted_value"": ""Over The Counter"", ""confidence"": 0.5567375886524822, ""prediction_source"": ""group_majority"", ""passes_threshold"": true, ""candidate_status"": ""Accepted"", ""rejection_reason"": null, ""validation_record_status"": ""valid""}, {""row_index"": 250, ""target_field"": ""sub_type"", ""algorithm"": ""association_rules"", ""predicted_value"": ""Full Plan Check"", ""confidence"": 0.8571428571428572, ""prediction_source"": ""matched_rules"", ""passes_threshold"": true, ""candidate_status"": ""Accepted"", ""rejection_reason"": null, ""validation_record_status"": ""valid""}, {""row_index"": 250, ""target_field"": ""sub_type"", ""algorithm"": ""clustering"", ""predicted_value"": ""Over The Counter"", ""confidence"": 0.5882352941176471, ""prediction_source"": ""cluster_majority"", ""passes_threshold"": true, ""candidate_status"": ""Accepted"", ""rejection_reason"": null, ""validation_record_status"": ""valid""}, {""row_index"": 250, ""target_field"": ""sub_type"", ""algorithm"": ""knn"", ""predicted_value"": ""Full Plan Check"", ""confidence"": 1.0, ""prediction_source"": ""nearest_neighbors"", ""passes_threshold"": true, ""candidate_status"": ""Accepted"", ""rejection_reason"": null, ""validation_record_status"": ""valid""}]",
259,sub_type,In House Plan Check,1,Over The Counter,0.6558089762876997,Accepted,unanimous_vote,association_rules,"[""association_rules"", ""clustering"", ""grouped_majority"", ""knn""]",4,4,4,4,0.0,valid,True,"[{""row_index"": 259, ""target_field"": ""sub_type"", ""algorithm"": ""grouped_majority"", ""predicted_value"": ""Over The Counter"", ""confidence"": 0.5567375886524822, ""prediction_source"": ""group_majority"", ""passes_threshold"": true, ""candidate_status"": ""Accepted"", ""rejection_reason"": null, ""validation_record_status"": ""valid""}, {""row_index"": 259, ""target_field"": ""sub_type"", ""algorithm"": ""association_rules"", ""predicted_value"": ""Over The Counter"", ""confidence"": 0.9090909090909091, ""prediction_source"": ""matched_rules"", ""passes_threshold"": true, ""candidate_status"": ""Accepted"", ""rejection_reason"": null, ""validation_record_status"": ""valid""}, {""row_index"": 259, ""target_field"": ""sub_type"", ""algorithm"": ""clustering"", ""predicted_value"": ""Over The Counter"", ""confidence"": 0.4074074074074074, ""prediction_source"": ""cluster_majority"", ""passes_threshold"": true, ""candidate_status"": ""Accepted"", ""rejection_reason"": null, ""validation_record_status"": ""valid""}, {""row_index"": 259, ""target_field"": ""sub_type"", ""algorithm"": ""knn"", ""predicted_value"": ""Over The Counter"", ""confidence"": 0.75, ""prediction_source"": ""nearest_neighbors"", ""passes_threshold"": true, ""candidate_status"": ""Accepted"", ""rejection_reason"": null, ""validation_record_status"": ""valid""}]",
265,sub_type,In House Plan Check,1,,0.5357142857142858,Requires Review,average_confidence_tiebreak,association_rules,"[""association_rules"", ""knn""]",2,4,4,4,0.0,valid,False,"[{""row_index"": 265, ""target_field"": ""sub_type"", ""algorithm"": ""grouped_majority"", ""predicted_value"": ""Over The Counter"", ""confidence"": 0.5567375886524822, ""prediction_source"": ""group_majority"", ""passes_threshold"": true, ""candidate_status"": ""Accepted"", ""rejection_reason"": null, ""validation_record_status"": ""valid""}, {""row_index"": 265, ""target_field"": ""sub_type"", ""algorithm"": ""association_rules"", ""predicted_value"": ""Full Plan Check"", ""confidence"": 0.5714285714285715, ""prediction_source"": ""matched_rules"", ""passes_threshold"": true, ""candidate_status"": ""Accepted"", ""rejection_reason"": null, ""validation_record_status"": ""valid""}, {""row_index"": 265, ""target_field"": ""sub_type"", ""algorithm"": ""clustering"", ""predicted_value"": ""Over The Counter"", ""confidence"": 0.4074074074074074, ""prediction_source"": ""cluster_majority"", ""passes_threshold"": true, ""candidate_status"": ""Accepted"", ""rejection_reason"": null, ""validation_record_status"": ""valid""}, {""row_index"": 265, ""target_field"": ""sub_type"", ""algorithm"": ""knn"", ""predicted_value"": ""Full Plan Check"", ""confidence"": 0.5, ""prediction_source"": ""nearest_neighbors"", ""passes_threshold"": true, ""candidate_status"": ""Accepted"", ""rejection_reason"": null, ""validation_record_status"": ""valid""}]",
266,sub_type,In House Plan Check,1,Over The Counter,0.7675904818192052,Accepted,unanimous_vote,association_rules,"[""association_rules"", ""clustering"", ""grouped_majority"", ""knn""]",4,4,4,4,0.0,valid,True,"[{""row_index"": 266, ""target_field"": ""sub_type"", ""algorithm"": ""grouped_majority"", ""predicted_value"": ""Over The Counter"", ""confidence"": 0.5567375886524822, ""prediction_source"": ""group_majority"", ""passes_threshold"": true, ""candidate_status"": ""Accepted"", ""rejection_reason"": null, ""validation_record_status"": ""valid""}, {""row_index"": 266, ""target_field"": ""sub_type"", ""algorithm"": ""association_rules"", ""predicted_value"": ""Over The Counter"", ""confidence"": 0.8988095238095238, ""prediction_source"": ""matched_rules"", ""passes_threshold"": true, ""candidate_status"": ""Accepted"", ""rejection_reason"": null, ""validation_record_status"": ""valid""}, {""row_index"": 266, ""target_field"": ""sub_type"", ""algorithm"": ""clustering"", ""predicted_value"": ""Over The Counter"", ""confidence"": 0.8148148148148148, ""prediction_source"": ""cluster_majority"", ""passes_threshold"": true, ""candidate_status"": ""Accepted"", ""rejection_reason"": null, ""validation_record_status"": ""valid""}, {""row_index"": 266, ""target_field"": ""sub_type"", ""algorithm"": ""knn"", ""predicted_value"": ""Over The Counter"", ""confidence"": 0.8, ""prediction_source"": ""nearest_neighbors"", ""passes_threshold"": true, ""candidate_status"": ""Accepted"", ""rejection_reason"": null, ""validation_record_status"": ""valid""}]",
267,sub_type,In House Plan Check,1,Over The Counter,0.7864219893831071,Accepted,unanimous_vote,knn,"[""association_rules"", ""clustering"", ""grouped_majority"", ""knn""]",4,4,4,4,0.0,valid,True,"[{""row_index"": 267, ""target_field"": ""sub_type"", ""algorithm"": ""grouped_majority"", ""predicted_value"": ""Over The Counter"", ""confidence"": 0.5567375886524822, ""prediction_source"": ""group_majority"", ""passes_threshold"": true, ""candidate_status"": ""Accepted"", ""rejection_reason"": null, ""validation_record_status"": ""valid""}, {""row_index"": 267, ""target_field"": ""sub_type"", ""algorithm"": ""association_rules"", ""predicted_value"": ""Over The Counter"", ""confidence"": 0.8988095238095238, ""prediction_source"": ""matched_rules"", ""passes_threshold"": true, ""candidate_status"": ""Accepted"", ""rejection_reason"": null, ""validation_record_status"": ""valid""}, {""row_index"": 267, ""target_field"": ""sub_type"", ""algorithm"": ""clustering"", ""predicted_value"": ""Over The Counter"", ""confidence"": 0.6901408450704225, ""prediction_source"": ""cluster_majority"", ""passes_threshold"": true, ""candidate_status"": ""Accepted"", ""rejection_reason"": null, ""validation_record_status"": ""valid""}, {""row_index"": 267, ""target_field"": ""sub_type"", ""algorithm"": ""knn"", ""predicted_value"": ""Over The Counter"", ""confidence"": 1.0, ""prediction_source"": ""nearest_neighbors"", ""passes_threshold"": true, ""candidate_status"": ""Accepted"", ""rejection_reason"": null, ""validation_record_status"": ""valid""}]",
270,sub_type,Over The Counter,1,Over The Counter,0.6857083801625135,Accepted,unanimous_vote,knn,"[""association_rules"", ""clustering"", ""grouped_majority"", ""knn""]",4,4,4,4,0.0,valid,True,"[{""row_index"": 270, ""target_field"": ""sub_type"", ""algorithm"": ""grouped_majority"", ""predicted_value"": ""Over The Counter"", ""confidence"": 0.5567375886524822, ""prediction_source"": ""group_majority"", ""passes_threshold"": true, ""candidate_status"": ""Accepted"", ""rejection_reason"": null, ""validation_record_status"": ""valid""}, {""row_index"": 270, ""target_field"": ""sub_type"", ""algorithm"": ""association_rules"", ""predicted_value"": ""Over The Counter"", ""confidence"": 0.778688524590164, ""prediction_source"": ""matched_rules"", ""passes_threshold"": true, ""candidate_status"": ""Accepted"", ""rejection_reason"": null, ""validation_record_status"": ""valid""}, {""row_index"": 270, ""target_field"": ""sub_type"", ""algorithm"": ""clustering"", ""predicted_value"": ""Over The Counter"", ""confidence"": 0.4074074074074074, ""prediction_source"": ""cluster_majority"", ""passes_threshold"": true, ""candidate_status"": ""Accepted"", ""rejection_reason"": null, ""validation_record_status"": ""valid""}, {""row_index"": 270, ""target_field"": ""sub_type"", ""algorithm"": ""knn"", ""predicted_value"": ""Over The Counter"", ""confidence"": 1.0, ""prediction_source"": ""nearest_neighbors"", ""passes_threshold"": true, ""candidate_status"": ""Accepted"", ""rejection_reason"": null, ""validation_record_status"": ""valid""}]",
272,sub_type,Over The Counter,1,Over The Counter,0.8117196084307262,Accepted,unanimous_vote,association_rules,"[""association_rules"", ""clustering"", ""grouped_majority"", ""knn""]",4,4,4,4,0.0,valid,True,"[{""row_index"": 272, ""target_field"": ""sub_type"", ""algorithm"": ""grouped_majority"", ""predicted_value"": ""Over The Counter"", ""confidence"": 0.5567375886524822, ""prediction_source"": ""group_majority"", ""passes_threshold"": true, ""candidate_status"": ""Accepted"", ""rejection_reason"": null, ""validation_record_status"": ""valid""}, {""row_index"": 272, ""target_field"": ""sub_type"", ""algorithm"": ""association_rules"", ""predicted_value"": ""Over The Counter"", ""confidence"": 1.0, ""prediction_source"": ""matched_rules"", ""passes_threshold"": true, ""candidate_status"": ""Accepted"", ""rejection_reason"": null, ""validation_record_status"": ""valid""}, {""row_index"": 272, ""target_field"": ""sub_type"", ""algorithm"": ""clustering"", ""predicted_value"": ""Over The Counter"", ""confidence"": 0.6901408450704225, ""prediction_source"": ""cluster_majority"", ""passes_threshold"": true, ""candidate_status"": ""Accepted"", ""rejection_reason"": null, ""validation_record_status"": ""valid""}, {""row_index"": 272, ""target_field"": ""sub_type"", ""algorithm"": ""knn"", ""predicted_value"": ""Over The Counter"", ""confidence"": 1.0, ""prediction_source"": ""nearest_neighbors"", ""passes_threshold"": true, ""candidate_status"": ""Accepted"", ""rejection_reason"": null, ""validation_record_status"": ""valid""}]",
273,sub_type,Over The Counter,1,Over The Counter,0.7675904818192052,Accepted,unanimous_vote,association_rules,"[""association_rules"", ""clustering"", ""grouped_majority"", ""knn""]",4,4,4,4,0.0,valid,True,"[{""row_index"": 273, ""target_field"": ""sub_type"", ""algorithm"": ""grouped_majority"", ""predicted_value"": ""Over The Counter"", ""confidence"": 0.5567375886524822, ""prediction_source"": ""group_majority"", ""passes_threshold"": true, ""candidate_status"": ""Accepted"", ""rejection_reason"": null, ""validation_record_status"": ""valid""}, {""row_index"": 273, ""target_field"": ""sub_type"", ""algorithm"": ""association_rules"", ""predicted_value"": ""Over The Counter"", ""confidence"": 0.8988095238095238, ""prediction_source"": ""matched_rules"", ""passes_threshold"": true, ""candidate_status"": ""Accepted"", ""rejection_reason"": null, ""validation_record_status"": ""valid""}, {""row_index"": 273, ""target_field"": ""sub_type"", ""algorithm"": ""clustering"", ""predicted_value"": ""Over The Counter"", ""confidence"": 0.8148148148148148, ""prediction_source"": ""cluster_majority"", ""passes_threshold"": true, ""candidate_status"": ""Accepted"", ""rejection_reason"": null, ""validation_record_status"": ""valid""}, {""row_index"": 273, ""target_field"": ""sub_type"", ""algorithm"": ""knn"", ""predicted_value"": ""Over The Counter"", ""confidence"": 0.8, ""prediction_source"": ""nearest_neighbors"", ""passes_threshold"": true, ""candidate_status"": ""Accepted"", ""rejection_reason"": null, ""validation_record_status"": ""valid""}]",
274,sub_type,Over The Counter,1,Over The Counter,0.692909887359199,Accepted,unanimous_vote,association_rules,"[""association_rules"", ""clustering"", ""grouped_majority"", ""knn""]",4,4,4,4,0.0,valid,True,"[{""row_index"": 274, ""target_field"": ""sub_type"", ""algorithm"": ""grouped_majority"", ""predicted_value"": ""Over The Counter"", ""confidence"": 0.5567375886524822, ""prediction_source"": ""group_majority"", ""passes_threshold"": true, ""candidate_status"": ""Accepted"", ""rejection_reason"": null, ""validation_record_status"": ""valid""}, {""row_index"": 274, ""target_field"": ""sub_type"", ""algorithm"": ""association_rules"", ""predicted_value"": ""Over The Counter"", ""confidence"": 0.9600000000000001, ""prediction_source"": ""matched_rules"", ""passes_threshold"": true, ""candidate_status"": ""Accepted"", ""rejection_reason"": null, ""validation_record_status"": ""valid""}, {""row_index"": 274, ""target_field"": ""sub_type"", ""algorithm"": ""clustering"", ""predicted_value"": ""Over The Counter"", ""confidence"": 0.5882352941176471, ""prediction_source"": ""cluster_majority"", ""passes_threshold"": true, ""candidate_status"": ""Accepted"", ""rejection_reason"": null, ""validation_record_status"": ""valid""}, {""row_index"": 274, ""target_field"": ""sub_type"", ""algorithm"": ""knn"", ""predicted_value"": ""Over The Counter"", ""confidence"": 0.6666666666666666, ""prediction_source"": ""nearest_neighbors"", ""passes_threshold"": true, ""candidate_status"": ""Accepted"", ""rejection_reason"": null, ""validation_record_status"": ""valid""}]",
278,sub_type,Over The Counter,1,Over The Counter,0.8039071084307262,Accepted,unanimous_vote,knn,"[""association_rules"", ""clustering"", ""grouped_majority"", ""knn""]",4,4,4,4,0.0,valid,True,"[{""row_index"": 278, ""target_field"": ""sub_type"", ""algorithm"": ""grouped_majority"", ""predicted_value"": ""Over The Counter"", ""confidence"": 0.5567375886524822, ""prediction_source"": ""group_majority"", ""passes_threshold"": true, ""candidate_status"": ""Accepted"", ""rejection_reason"": null, ""validation_record_status"": ""valid""}, {""row_index"": 278, ""target_field"": ""sub_type"", ""algorithm"": ""association_rules"", ""predicted_value"": ""Over The Counter"", ""confidence"": 0.96875, ""prediction_source"": ""matched_rules"", ""passes_threshold"": true, ""candidate_status"": ""Accepted"", ""rejection_reason"": null, ""validation_record_status"": ""valid""}, {""row_index"": 278, ""target_field"": ""sub_type"", ""algorithm"": ""clustering"", ""predicted_value"": ""Over The Counter"", ""confidence"": 0.6901408450704225, ""prediction_source"": ""cluster_majority"", ""passes_threshold"": true, ""candidate_status"": ""Accepted"", ""rejection_reason"": null, ""validation_record_status"": ""valid""}, {""row_index"": 278, ""target_field"": ""sub_type"", ""algorithm"": ""knn"", ""predicted_value"": ""Over The Counter"", ""confidence"": 1.0, ""prediction_source"": ""nearest_neighbors"", ""passes_threshold"": true, ""candidate_status"": ""Accepted"", ""rejection_reason"": null, ""validation_record_status"": ""valid""}]",
283,sub_type,Over The Counter,1,Over The Counter,0.8657058630854896,Accepted,majority_vote,knn,"[""clustering"", ""grouped_majority"", ""knn""]",3,4,4,4,0.0,valid,True,"[{""row_index"": 283, ""target_field"": ""sub_type"", ""algorithm"": ""grouped_majority"", ""predicted_value"": ""Over The Counter"", ""confidence"": 0.9069767441860465, ""prediction_source"": ""group_majority"", ""passes_threshold"": true, ""candidate_status"": ""Accepted"", ""rejection_reason"": null, ""validation_record_status"": ""valid""}, {""row_index"": 283, ""target_field"": ""sub_type"", ""algorithm"": ""association_rules"", ""predicted_value"": ""Residential Building Report"", ""confidence"": 0.5247524752475248, ""prediction_source"": ""matched_rules"", ""passes_threshold"": true, ""candidate_status"": ""Accepted"", ""rejection_reason"": null, ""validation_record_status"": ""valid""}, {""row_index"": 283, ""target_field"": ""sub_type"", ""algorithm"": ""clustering"", ""predicted_value"": ""Over The Counter"", ""confidence"": 0.6901408450704225, ""prediction_source"": ""cluster_majority"", ""passes_threshold"": true, ""candidate_status"": ""Accepted"", ""rejection_reason"": null, ""validation_record_status"": ""valid""}, {""row_index"": 283, ""target_field"": ""sub_type"", ""algorithm"": ""knn"", ""predicted_value"": ""Over The Counter"", ""confidence"": 1.0, ""prediction_source"": ""nearest_neighbors"", ""passes_threshold"": true, ""candidate_status"": ""Accepted"", ""rejection_reason"": null, ""validation_record_status"": ""valid""}]",
284,sub_type,Over The Counter,1,Over The Counter,0.8657058630854896,Accepted,majority_vote,knn,"[""clustering"", ""grouped_majority"", ""knn""]",3,4,4,4,0.0,valid,True,"[{""row_index"": 284, ""target_field"": ""sub_type"", ""algorithm"": ""grouped_majority"", ""predicted_value"": ""Over The Counter"", ""confidence"": 0.9069767441860465, ""prediction_source"": ""group_majority"", ""passes_threshold"": true, ""candidate_status"": ""Accepted"", ""rejection_reason"": null, ""validation_record_status"": ""valid""}, {""row_index"": 284, ""target_field"": ""sub_type"", ""algorithm"": ""association_rules"", ""predicted_value"": ""Residential Building Report"", ""confidence"": 0.5247524752475248, ""prediction_source"": ""matched_rules"", ""passes_threshold"": true, ""candidate_status"": ""Accepted"", ""rejection_reason"": null, ""validation_record_status"": ""valid""}, {""row_index"": 284, ""target_field"": ""sub_type"", ""algorithm"": ""clustering"", ""predicted_value"": ""Over The Counter"", ""confidence"": 0.6901408450704225, ""prediction_source"": ""cluster_majority"", ""passes_threshold"": true, ""candidate_status"": ""Accepted"", ""rejection_reason"": null, ""validation_record_status"": ""valid""}, {""row_index"": 284, ""target_field"": ""sub_type"", ""algorithm"": ""knn"", ""predicted_value"": ""Over The Counter"", ""confidence"": 1.0, ""prediction_source"": ""nearest_neighbors"", ""passes_threshold"": true, ""candidate_status"": ""Accepted"", ""rejection_reason"": null, ""validation_record_status"": ""valid""}]",
287,sub_type,Over The Counter,1,Over The Counter,0.887854609929078,Accepted,unanimous_vote,clustering,"[""association_rules"", ""clustering"", ""grouped_majority"", ""knn""]",4,4,4,4,0.0,valid,True,"[{""row_index"": 287, ""target_field"": ""sub_type"", ""algorithm"": ""grouped_majority"", ""predicted_value"": ""Over The Counter"", ""confidence"": 0.5567375886524822, ""prediction_source"": ""group_majority"", ""passes_threshold"": true, ""candidate_status"": ""Accepted"", ""rejection_reason"": null, ""validation_record_status"": ""valid""}, {""row_index"": 287, ""target_field"": ""sub_type"", ""algorithm"": ""association_rules"", ""predicted_value"": ""Over The Counter"", ""confidence"": 0.9946808510638299, ""prediction_source"": ""matched_rules"", ""passes_threshold"": true, ""candidate_status"": ""Accepted"", ""rejection_reason"": null, ""validation_record_status"": ""valid""}, {""row_index"": 287, ""target_field"": ""sub_type"", ""algorithm"": ""clustering"", ""predicted_value"": ""Over The Counter"", ""confidence"": 1.0, ""prediction_source"": ""cluster_majority"", ""passes_threshold"": true, ""candidate_status"": ""Accepted"", ""rejection_reason"": null, ""validation_record_status"": ""valid""}, {""row_index"": 287, ""target_field"": ""sub_type"", ""algorithm"": ""knn"", ""predicted_value"": ""Over The Counter"", ""confidence"": 1.0, ""prediction_source"": ""nearest_neighbors"", ""passes_threshold"": true, ""candidate_status"": ""Accepted"", ""rejection_reason"": null, ""validation_record_status"": ""valid""}]",
289,sub_type,Over The Counter,1,,0.55,Requires Review,average_confidence_tiebreak,knn,"[""association_rules"", ""knn""]",2,4,4,4,0.0,valid,False,"[{""row_index"": 289, ""target_field"": ""sub_type"", ""algorithm"": ""grouped_majority"", ""predicted_value"": ""Over The Counter"", ""confidence"": 0.5567375886524822, ""prediction_source"": ""group_majority"", ""passes_threshold"": true, ""candidate_status"": ""Accepted"", ""rejection_reason"": null, ""validation_record_status"": ""valid""}, {""row_index"": 289, ""target_field"": ""sub_type"", ""algorithm"": ""association_rules"", ""predicted_value"": ""In House Plan Check"", ""confidence"": 0.5, ""prediction_source"": ""matched_rules"", ""passes_threshold"": true, ""candidate_status"": ""Accepted"", ""rejection_reason"": null, ""validation_record_status"": ""valid""}, {""row_index"": 289, ""target_field"": ""sub_type"", ""algorithm"": ""clustering"", ""predicted_value"": ""Over The Counter"", ""confidence"": 0.4074074074074074, ""prediction_source"": ""cluster_majority"", ""passes_threshold"": true, ""candidate_status"": ""Accepted"", ""rejection_reason"": null, ""validation_record_status"": ""valid""}, {""row_index"": 289, ""target_field"": ""sub_type"", ""algorithm"": ""knn"", ""predicted_value"": ""In House Plan Check"", ""confidence"": 0.6, ""prediction_source"": ""nearest_neighbors"", ""passes_threshold"": true, ""candidate_status"": ""Accepted"", ""rejection_reason"": null, ""validation_record_status"": ""valid""}]",
291,sub_type,Over The Counter,1,Over The Counter,0.6864219893831072,Accepted,unanimous_vote,association_rules,"[""association_rules"", ""clustering"", ""grouped_majority"", ""knn""]",4,4,4,4,0.0,valid,True,"[{""row_index"": 291, ""target_field"": ""sub_type"", ""algorithm"": ""grouped_majority"", ""predicted_value"": ""Over The Counter"", ""confidence"": 0.5567375886524822, ""prediction_source"": ""group_majority"", ""passes_threshold"": true, ""candidate_status"": ""Accepted"", ""rejection_reason"": null, ""validation_record_status"": ""valid""}, {""row_index"": 291, ""target_field"": ""sub_type"", ""algorithm"": ""association_rules"", ""predicted_value"": ""Over The Counter"", ""confidence"": 0.8988095238095238, ""prediction_source"": ""matched_rules"", ""passes_threshold"": true, ""candidate_status"": ""Accepted"", ""rejection_reason"": null, ""validation_record_status"": ""valid""}, {""row_index"": 291, ""target_field"": ""sub_type"", ""algorithm"": ""clustering"", ""predicted_value"": ""Over The Counter"", ""confidence"": 0.6901408450704225, ""prediction_source"": ""cluster_majority"", ""passes_threshold"": true, ""candidate_status"": ""Accepted"", ""rejection_reason"": null, ""validation_record_status"": ""valid""}, {""row_index"": 291, ""target_field"": ""sub_type"", ""algorithm"": ""knn"", ""predicted_value"": ""Over The Counter"", ""confidence"": 0.6, ""prediction_source"": ""nearest_neighbors"", ""passes_threshold"": true, ""candidate_status"": ""Accepted"", ""rejection_reason"": null, ""validation_record_status"": ""valid""}]",
297,sub_type,Over The Counter,1,Over The Counter,0.7152293191774762,Accepted,majority_vote,association_rules,"[""association_rules"", ""clustering"", ""grouped_majority""]",3,4,4,4,0.0,valid,True,"[{""row_index"": 297, ""target_field"": ""sub_type"", ""algorithm"": ""grouped_majority"", ""predicted_value"": ""Over The Counter"", ""confidence"": 0.5567375886524822, ""prediction_source"": ""group_majority"", ""passes_threshold"": true, ""candidate_status"": ""Accepted"", ""rejection_reason"": null, ""validation_record_status"": ""valid""}, {""row_index"": 297, ""target_field"": ""sub_type"", ""algorithm"": ""association_rules"", ""predicted_value"": ""Over The Counter"", ""confidence"": 0.8988095238095238, ""prediction_source"": ""matched_rules"", ""passes_threshold"": true, ""candidate_status"": ""Accepted"", ""rejection_reason"": null, ""validation_record_status"": ""valid""}, {""row_index"": 297, ""target_field"": ""sub_type"", ""algorithm"": ""clustering"", ""predicted_value"": ""Over The Counter"", ""confidence"": 0.6901408450704225, ""prediction_source"": ""cluster_majority"", ""passes_threshold"": true, ""candidate_status"": ""Accepted"", ""rejection_reason"": null, ""validation_record_status"": ""valid""}, {""row_index"": 297, ""target_field"": ""sub_type"", ""algorithm"": ""knn"", ""predicted_value"": ""In House Plan Check"", ""confidence"": 0.6, ""prediction_source"": ""nearest_neighbors"", ""passes_threshold"": true, ""candidate_status"": ""Accepted"", ""rejection_reason"": null, ""validation_record_status"": ""valid""}]",
298,sub_type,Over The Counter,1,Over The Counter,0.715409887359199,Accepted,unanimous_vote,association_rules,"[""association_rules"", ""clustering"", ""grouped_majority"", ""knn""]",4,4,4,4,0.0,valid,True,"[{""row_index"": 298, ""target_field"": ""sub_type"", ""algorithm"": ""grouped_majority"", ""predicted_value"": ""Over The Counter"", ""confidence"": 0.5567375886524822, ""prediction_source"": ""group_majority"", ""passes_threshold"": true, ""candidate_status"": ""Accepted"", ""rejection_reason"": null, ""validation_record_status"": ""valid""}, {""row_index"": 298, ""target_field"": ""sub_type"", ""algorithm"": ""association_rules"", ""predicted_value"": ""Over The Counter"", ""confidence"": 0.9166666666666666, ""prediction_source"": ""matched_rules"", ""passes_threshold"": true, ""candidate_status"": ""Accepted"", ""rejection_reason"": null, ""validation_record_status"": ""valid""}, {""row_index"": 298, ""target_field"": ""sub_type"", ""algorithm"": ""clustering"", ""predicted_value"": ""Over The Counter"", ""confidence"": 0.5882352941176471, ""prediction_source"": ""cluster_majority"", ""passes_threshold"": true, ""candidate_status"": ""Accepted"", ""rejection_reason"": null, ""validation_record_status"": ""valid""}, {""row_index"": 298, ""target_field"": ""sub_type"", ""algorithm"": ""knn"", ""predicted_value"": ""Over The Counter"", ""confidence"": 0.8, ""prediction_source"": ""nearest_neighbors"", ""passes_threshold"": true, ""candidate_status"": ""Accepted"", ""rejection_reason"": null, ""validation_record_status"": ""valid""}]",
299,sub_type,Over The Counter,1,Over The Counter,0.8657058630854896,Accepted,majority_vote,knn,"[""clustering"", ""grouped_majority"", ""knn""]",3,4,4,4,0.0,valid,True,"[{""row_index"": 299, ""target_field"": ""sub_type"", ""algorithm"": ""grouped_majority"", ""predicted_value"": ""Over The Counter"", ""confidence"": 0.9069767441860465, ""prediction_source"": ""group_majority"", ""passes_threshold"": true, ""candidate_status"": ""Accepted"", ""rejection_reason"": null, ""validation_record_status"": ""valid""}, {""row_index"": 299, ""target_field"": ""sub_type"", ""algorithm"": ""association_rules"", ""predicted_value"": ""Residential Building Report"", ""confidence"": 0.5247524752475248, ""prediction_source"": ""matched_rules"", ""passes_threshold"": true, ""candidate_status"": ""Accepted"", ""rejection_reason"": null, ""validation_record_status"": ""valid""}, {""row_index"": 299, ""target_field"": ""sub_type"", ""algorithm"": ""clustering"", ""predicted_value"": ""Over The Counter"", ""confidence"": 0.6901408450704225, ""prediction_source"": ""cluster_majority"", ""passes_threshold"": true, ""candidate_status"": ""Accepted"", ""rejection_reason"": null, ""validation_record_status"": ""valid""}, {""row_index"": 299, ""target_field"": ""sub_type"", ""algorithm"": ""knn"", ""predicted_value"": ""Over The Counter"", ""confidence"": 1.0, ""prediction_source"": ""nearest_neighbors"", ""passes_threshold"": true, ""candidate_status"": ""Accepted"", ""rejection_reason"": null, ""validation_record_status"": ""valid""}]",
304,sub_type,Over The Counter,1,Over The Counter,0.5809445068833513,Accepted,majority_vote,association_rules,"[""association_rules"", ""clustering"", ""grouped_majority""]",3,4,4,4,0.0,valid,True,"[{""row_index"": 304, ""target_field"": ""sub_type"", ""algorithm"": ""grouped_majority"", ""predicted_value"": ""Over The Counter"", ""confidence"": 0.5567375886524822, ""prediction_source"": ""group_majority"", ""passes_threshold"": true, ""candidate_status"": ""Accepted"", ""rejection_reason"": null, ""validation_record_status"": ""valid""}, {""row_index"": 304, ""target_field"": ""sub_type"", ""algorithm"": ""association_rules"", ""predicted_value"": ""Over The Counter"", ""confidence"": 0.778688524590164, ""prediction_source"": ""matched_rules"", ""passes_threshold"": true, ""candidate_status"": ""Accepted"", ""rejection_reason"": null, ""validation_record_status"": ""valid""}, {""row_index"": 304, ""target_field"": ""sub_type"", ""algorithm"": ""clustering"", ""predicted_value"": ""Over The Counter"", ""confidence"": 0.4074074074074074, ""prediction_source"": ""cluster_majority"", ""passes_threshold"": true, ""candidate_status"": ""Accepted"", ""rejection_reason"": null, ""validation_record_status"": ""valid""}, {""row_index"": 304, ""target_field"": ""sub_type"", ""algorithm"": ""knn"", ""predicted_value"": ""Full Plan Check"", ""confidence"": 0.4, ""prediction_source"": ""nearest_neighbors"", ""passes_threshold"": true, ""candidate_status"": ""Accepted"", ""rejection_reason"": null, ""validation_record_status"": ""valid""}]",
305,sub_type,Over The Counter,1,Over The Counter,0.7862432206925324,Accepted,unanimous_vote,association_rules,"[""association_rules"", ""clustering"", ""grouped_majority"", ""knn""]",4,4,4,4,0.0,valid,True,"[{""row_index"": 305, ""target_field"": ""sub_type"", ""algorithm"": ""grouped_majority"", ""predicted_value"": ""Over The Counter"", ""confidence"": 0.5567375886524822, ""prediction_source"": ""group_majority"", ""passes_threshold"": true, ""candidate_status"": ""Accepted"", ""rejection_reason"": null, ""validation_record_status"": ""valid""}, {""row_index"": 305, ""target_field"": ""sub_type"", ""algorithm"": ""association_rules"", ""predicted_value"": ""Over The Counter"", ""confidence"": 1.0, ""prediction_source"": ""matched_rules"", ""passes_threshold"": true, ""candidate_status"": ""Accepted"", ""rejection_reason"": null, ""validation_record_status"": ""valid""}, {""row_index"": 305, ""target_field"": ""sub_type"", ""algorithm"": ""clustering"", ""predicted_value"": ""Over The Counter"", ""confidence"": 0.5882352941176471, ""prediction_source"": ""cluster_majority"", ""passes_threshold"": true, ""candidate_status"": ""Accepted"", ""rejection_reason"": null, ""validation_record_status"": ""valid""}, {""row_index"": 305, ""target_field"": ""sub_type"", ""algorithm"": ""knn"", ""predicted_value"": ""Over The Counter"", ""confidence"": 1.0, ""prediction_source"": ""nearest_neighbors"", ""passes_threshold"": true, ""candidate_status"": ""Accepted"", ""rejection_reason"": null, ""validation_record_status"": ""valid""}]",
307,sub_type,Over The Counter,1,,0.55,Requires Review,average_confidence_tiebreak,knn,"[""association_rules"", ""knn""]",2,4,4,4,0.0,valid,False,"[{""row_index"": 307, ""target_field"": ""sub_type"", ""algorithm"": ""grouped_majority"", ""predicted_value"": ""Over The Counter"", ""confidence"": 0.5567375886524822, ""prediction_source"": ""group_majority"", ""passes_threshold"": true, ""candidate_status"": ""Accepted"", ""rejection_reason"": null, ""validation_record_status"": ""valid""}, {""row_index"": 307, ""target_field"": ""sub_type"", ""algorithm"": ""association_rules"", ""predicted_value"": ""In House Plan Check"", ""confidence"": 0.5, ""prediction_source"": ""matched_rules"", ""passes_threshold"": true, ""candidate_status"": ""Accepted"", ""rejection_reason"": null, ""validation_record_status"": ""valid""}, {""row_index"": 307, ""target_field"": ""sub_type"", ""algorithm"": ""clustering"", ""predicted_value"": ""Over The Counter"", ""confidence"": 0.4074074074074074, ""prediction_source"": ""cluster_majority"", ""passes_threshold"": true, ""candidate_status"": ""Accepted"", ""rejection_reason"": null, ""validation_record_status"": ""valid""}, {""row_index"": 307, ""target_field"": ""sub_type"", ""algorithm"": ""knn"", ""predicted_value"": ""In House Plan Check"", ""confidence"": 0.6, ""prediction_source"": ""nearest_neighbors"", ""passes_threshold"": true, ""candidate_status"": ""Accepted"", ""rejection_reason"": null, ""validation_record_status"": ""valid""}]",
313,sub_type,Over The Counter,1,Over The Counter,0.9920185974428516,Accepted,unanimous_vote,association_rules,"[""association_rules"", ""clustering"", ""grouped_majority"", ""knn""]",4,4,4,4,0.0,valid,True,"[{""row_index"": 313, ""target_field"": ""sub_type"", ""algorithm"": ""grouped_majority"", ""predicted_value"": ""Over The Counter"", ""confidence"": 0.9793103448275862, ""prediction_source"": ""group_majority"", ""passes_threshold"": true, ""candidate_status"": ""Accepted"", ""rejection_reason"": null, ""validation_record_status"": ""valid""}, {""row_index"": 313, ""target_field"": ""sub_type"", ""algorithm"": ""association_rules"", ""predicted_value"": ""Over The Counter"", ""confidence"": 1.0, ""prediction_source"": ""matched_rules"", ""passes_threshold"": true, ""candidate_status"": ""Accepted"", ""rejection_reason"": null, ""validation_record_status"": ""valid""}, {""row_index"": 313, ""target_field"": ""sub_type"", ""algorithm"": ""clustering"", ""predicted_value"": ""Over The Counter"", ""confidence"": 0.9887640449438202, ""prediction_source"": ""cluster_majority"", ""passes_threshold"": true, ""candidate_status"": ""Accepted"", ""rejection_reason"": null, ""validation_record_status"": ""valid""}, {""row_index"": 313, ""target_field"": ""sub_type"", ""algorithm"": ""knn"", ""predicted_value"": ""Over The Counter"", ""confidence"": 1.0, ""prediction_source"": ""nearest_neighbors"", ""passes_threshold"": true, ""candidate_status"": ""Accepted"", ""rejection_reason"": null, ""validation_record_status"": ""valid""}]",
316,sub_type,Over The Counter,1,Over The Counter,0.9920185974428516,Accepted,unanimous_vote,association_rules,"[""association_rules"", ""clustering"", ""grouped_majority"", ""knn""]",4,4,4,4,0.0,valid,True,"[{""row_index"": 316, ""target_field"": ""sub_type"", ""algorithm"": ""grouped_majority"", ""predicted_value"": ""Over The Counter"", ""confidence"": 0.9793103448275862, ""prediction_source"": ""group_majority"", ""passes_threshold"": true, ""candidate_status"": ""Accepted"", ""rejection_reason"": null, ""validation_record_status"": ""valid""}, {""row_index"": 316, ""target_field"": ""sub_type"", ""algorithm"": ""association_rules"", ""predicted_value"": ""Over The Counter"", ""confidence"": 1.0, ""prediction_source"": ""matched_rules"", ""passes_threshold"": true, ""candidate_status"": ""Accepted"", ""rejection_reason"": null, ""validation_record_status"": ""valid""}, {""row_index"": 316, ""target_field"": ""sub_type"", ""algorithm"": ""clustering"", ""predicted_value"": ""Over The Counter"", ""confidence"": 0.9887640449438202, ""prediction_source"": ""cluster_majority"", ""passes_threshold"": true, ""candidate_status"": ""Accepted"", ""rejection_reason"": null, ""validation_record_status"": ""valid""}, {""row_index"": 316, ""target_field"": ""sub_type"", ""algorithm"": ""knn"", ""predicted_value"": ""Over The Counter"", ""confidence"": 1.0, ""prediction_source"": ""nearest_neighbors"", ""passes_threshold"": true, ""candidate_status"": ""Accepted"", ""rejection_reason"": null, ""validation_record_status"": ""valid""}]",
318,sub_type,Over The Counter,1,Over The Counter,0.9001209921355112,Accepted,majority_vote,grouped_majority,"[""clustering"", ""grouped_majority"", ""knn""]",3,4,4,4,0.0,valid,True,"[{""row_index"": 318, ""target_field"": ""sub_type"", ""algorithm"": ""grouped_majority"", ""predicted_value"": ""Over The Counter"", ""confidence"": 0.9793103448275862, ""prediction_source"": ""group_majority"", ""passes_threshold"": true, ""candidate_status"": ""Accepted"", ""rejection_reason"": null, ""validation_record_status"": ""valid""}, {""row_index"": 318, ""target_field"": ""sub_type"", ""algorithm"": ""association_rules"", ""predicted_value"": ""Residential Building Report"", ""confidence"": 0.5913978494623656, ""prediction_source"": ""matched_rules"", ""passes_threshold"": true, ""candidate_status"": ""Accepted"", ""rejection_reason"": null, ""validation_record_status"": ""valid""}, {""row_index"": 318, ""target_field"": ""sub_type"", ""algorithm"": ""clustering"", ""predicted_value"": ""Over The Counter"", ""confidence"": 0.9210526315789473, ""prediction_source"": ""cluster_majority"", ""passes_threshold"": true, ""candidate_status"": ""Accepted"", ""rejection_reason"": null, ""validation_record_status"": ""valid""}, {""row_index"": 318, ""target_field"": ""sub_type"", ""algorithm"": ""knn"", ""predicted_value"": ""Over The Counter"", ""confidence"": 0.8, ""prediction_source"": ""nearest_neighbors"", ""passes_threshold"": true, ""candidate_status"": ""Accepted"", ""rejection_reason"": null, ""validation_record_status"": ""valid""}]",
319,sub_type,Over The Counter,1,,0.984375,Requires Review,average_confidence_tiebreak,knn,"[""grouped_majority"", ""knn""]",2,4,4,4,0.0,valid,False,"[{""row_index"": 319, ""target_field"": ""sub_type"", ""algorithm"": ""grouped_majority"", ""predicted_value"": ""Over The Counter"", ""confidence"": 0.96875, ""prediction_source"": ""group_majority"", ""passes_threshold"": true, ""candidate_status"": ""Accepted"", ""rejection_reason"": null, ""validation_record_status"": ""valid""}, {""row_index"": 319, ""target_field"": ""sub_type"", ""algorithm"": ""association_rules"", ""predicted_value"": ""Residential Building Report"", ""confidence"": 0.6708860759493671, ""prediction_source"": ""matched_rules"", ""passes_threshold"": true, ""candidate_status"": ""Accepted"", ""rejection_reason"": null, ""validation_record_status"": ""valid""}, {""row_index"": 319, ""target_field"": ""sub_type"", ""algorithm"": ""clustering"", ""predicted_value"": ""Residential Building Report"", ""confidence"": 0.6666666666666666, ""prediction_source"": ""cluster_majority"", ""passes_threshold"": true, ""candidate_status"": ""Accepted"", ""rejection_reason"": null, ""validation_record_status"": ""valid""}, {""row_index"": 319, ""target_field"": ""sub_type"", ""algorithm"": ""knn"", ""predicted_value"": ""Over The Counter"", ""confidence"": 1.0, ""prediction_source"": ""nearest_neighbors"", ""passes_threshold"": true, ""candidate_status"": ""Accepted"", ""rejection_reason"": null, ""validation_record_status"": ""valid""}]",
320,sub_type,Over The Counter,1,Over The Counter,0.9920185974428516,Accepted,unanimous_vote,association_rules,"[""association_rules"", ""clustering"", ""grouped_majority"", ""knn""]",4,4,4,4,0.0,valid,True,"[{""row_index"": 320, ""target_field"": ""sub_type"", ""algorithm"": ""grouped_majority"", ""predicted_value"": ""Over The Counter"", ""confidence"": 0.9793103448275862, ""prediction_source"": ""group_majority"", ""passes_threshold"": true, ""candidate_status"": ""Accepted"", ""rejection_reason"": null, ""validation_record_status"": ""valid""}, {""row_index"": 320, ""target_field"": ""sub_type"", ""algorithm"": ""association_rules"", ""predicted_value"": ""Over The Counter"", ""confidence"": 1.0, ""prediction_source"": ""matched_rules"", ""passes_threshold"": true, ""candidate_status"": ""Accepted"", ""rejection_reason"": null, ""validation_record_status"": ""valid""}, {""row_index"": 320, ""target_field"": ""sub_type"", ""algorithm"": ""clustering"", ""predicted_value"": ""Over The Counter"", ""confidence"": 0.9887640449438202, ""prediction_source"": ""cluster_majority"", ""passes_threshold"": true, ""candidate_status"": ""Accepted"", ""rejection_reason"": null, ""validation_record_status"": ""valid""}, {""row_index"": 320, ""target_field"": ""sub_type"", ""algorithm"": ""knn"", ""predicted_value"": ""Over The Counter"", ""confidence"": 1.0, ""prediction_source"": ""nearest_neighbors"", ""passes_threshold"": true, ""candidate_status"": ""Accepted"", ""rejection_reason"": null, ""validation_record_status"": ""valid""}]",
321,sub_type,Over The Counter,1,Over The Counter,0.9920185974428516,Accepted,unanimous_vote,association_rules,"[""association_rules"", ""clustering"", ""grouped_majority"", ""knn""]",4,4,4,4,0.0,valid,True,"[{""row_index"": 321, ""target_field"": ""sub_type"", ""algorithm"": ""grouped_majority"", ""predicted_value"": ""Over The Counter"", ""confidence"": 0.9793103448275862, ""prediction_source"": ""group_majority"", ""passes_threshold"": true, ""candidate_status"": ""Accepted"", ""rejection_reason"": null, ""validation_record_status"": ""valid""}, {""row_index"": 321, ""target_field"": ""sub_type"", ""algorithm"": ""association_rules"", ""predicted_value"": ""Over The Counter"", ""confidence"": 1.0, ""prediction_source"": ""matched_rules"", ""passes_threshold"": true, ""candidate_status"": ""Accepted"", ""rejection_reason"": null, ""validation_record_status"": ""valid""}, {""row_index"": 321, ""target_field"": ""sub_type"", ""algorithm"": ""clustering"", ""predicted_value"": ""Over The Counter"", ""confidence"": 0.9887640449438202, ""prediction_source"": ""cluster_majority"", ""passes_threshold"": true, ""candidate_status"": ""Accepted"", ""rejection_reason"": null, ""validation_record_status"": ""valid""}, {""row_index"": 321, ""target_field"": ""sub_type"", ""algorithm"": ""knn"", ""predicted_value"": ""Over The Counter"", ""confidence"": 1.0, ""prediction_source"": ""nearest_neighbors"", ""passes_threshold"": true, ""candidate_status"": ""Accepted"", ""rejection_reason"": null, ""validation_record_status"": ""valid""}]",
322,sub_type,Over The Counter,1,Over The Counter,0.9920185974428516,Accepted,unanimous_vote,association_rules,"[""association_rules"", ""clustering"", ""grouped_majority"", ""knn""]",4,4,4,4,0.0,valid,True,"[{""row_index"": 322, ""target_field"": ""sub_type"", ""algorithm"": ""grouped_majority"", ""predicted_value"": ""Over The Counter"", ""confidence"": 0.9793103448275862, ""prediction_source"": ""group_majority"", ""passes_threshold"": true, ""candidate_status"": ""Accepted"", ""rejection_reason"": null, ""validation_record_status"": ""valid""}, {""row_index"": 322, ""target_field"": ""sub_type"", ""algorithm"": ""association_rules"", ""predicted_value"": ""Over The Counter"", ""confidence"": 1.0, ""prediction_source"": ""matched_rules"", ""passes_threshold"": true, ""candidate_status"": ""Accepted"", ""rejection_reason"": null, ""validation_record_status"": ""valid""}, {""row_index"": 322, ""target_field"": ""sub_type"", ""algorithm"": ""clustering"", ""predicted_value"": ""Over The Counter"", ""confidence"": 0.9887640449438202, ""prediction_source"": ""cluster_majority"", ""passes_threshold"": true, ""candidate_status"": ""Accepted"", ""rejection_reason"": null, ""validation_record_status"": ""valid""}, {""row_index"": 322, ""target_field"": ""sub_type"", ""algorithm"": ""knn"", ""predicted_value"": ""Over The Counter"", ""confidence"": 1.0, ""prediction_source"": ""nearest_neighbors"", ""passes_threshold"": true, ""candidate_status"": ""Accepted"", ""rejection_reason"": null, ""validation_record_status"": ""valid""}]",
324,sub_type,Over The Counter,1,Over The Counter,0.9920185974428516,Accepted,unanimous_vote,association_rules,"[""association_rules"", ""clustering"", ""grouped_majority"", ""knn""]",4,4,4,4,0.0,valid,True,"[{""row_index"": 324, ""target_field"": ""sub_type"", ""algorithm"": ""grouped_majority"", ""predicted_value"": ""Over The Counter"", ""confidence"": 0.9793103448275862, ""prediction_source"": ""group_majority"", ""passes_threshold"": true, ""candidate_status"": ""Accepted"", ""rejection_reason"": null, ""validation_record_status"": ""valid""}, {""row_index"": 324, ""target_field"": ""sub_type"", ""algorithm"": ""association_rules"", ""predicted_value"": ""Over The Counter"", ""confidence"": 1.0, ""prediction_source"": ""matched_rules"", ""passes_threshold"": true, ""candidate_status"": ""Accepted"", ""rejection_reason"": null, ""validation_record_status"": ""valid""}, {""row_index"": 324, ""target_field"": ""sub_type"", ""algorithm"": ""clustering"", ""predicted_value"": ""Over The Counter"", ""confidence"": 0.9887640449438202, ""prediction_source"": ""cluster_majority"", ""passes_threshold"": true, ""candidate_status"": ""Accepted"", ""rejection_reason"": null, ""validation_record_status"": ""valid""}, {""row_index"": 324, ""target_field"": ""sub_type"", ""algorithm"": ""knn"", ""predicted_value"": ""Over The Counter"", ""confidence"": 1.0, ""prediction_source"": ""nearest_neighbors"", ""passes_threshold"": true, ""candidate_status"": ""Accepted"", ""rejection_reason"": null, ""validation_record_status"": ""valid""}]",
325,sub_type,Over The Counter,1,Over The Counter,0.9699183303085299,Accepted,unanimous_vote,knn,"[""association_rules"", ""clustering"", ""grouped_majority"", ""knn""]",4,4,4,4,0.0,valid,True,"[{""row_index"": 325, ""target_field"": ""sub_type"", ""algorithm"": ""grouped_majority"", ""predicted_value"": ""Over The Counter"", ""confidence"": 0.9793103448275862, ""prediction_source"": ""group_majority"", ""passes_threshold"": true, ""candidate_status"": ""Accepted"", ""rejection_reason"": null, ""validation_record_status"": ""valid""}, {""row_index"": 325, ""target_field"": ""sub_type"", ""algorithm"": ""association_rules"", ""predicted_value"": ""Over The Counter"", ""confidence"": 0.9793103448275863, ""prediction_source"": ""matched_rules"", ""passes_threshold"": true, ""candidate_status"": ""Accepted"", ""rejection_reason"": null, ""validation_record_status"": ""valid""}, {""row_index"": 325, ""target_field"": ""sub_type"", ""algorithm"": ""clustering"", ""predicted_value"": ""Over The Counter"", ""confidence"": 0.9210526315789473, ""prediction_source"": ""cluster_majority"", ""passes_threshold"": true, ""candidate_status"": ""Accepted"", ""rejection_reason"": null, ""validation_record_status"": ""valid""}, {""row_index"": 325, ""target_field"": ""sub_type"", ""algorithm"": ""knn"", ""predicted_value"": ""Over The Counter"", ""confidence"": 1.0, ""prediction_source"": ""nearest_neighbors"", ""passes_threshold"": true, ""candidate_status"": ""Accepted"", ""rejection_reason"": null, ""validation_record_status"": ""valid""}]",
327,sub_type,Over The Counter,1,Over The Counter,0.8466794380587483,Accepted,unanimous_vote,association_rules,"[""association_rules"", ""clustering"", ""grouped_majority"", ""knn""]",4,4,4,4,0.0,valid,True,"[{""row_index"": 327, ""target_field"": ""sub_type"", ""algorithm"": ""grouped_majority"", ""predicted_value"": ""Over The Counter"", ""confidence"": 0.9793103448275862, ""prediction_source"": ""group_majority"", ""passes_threshold"": true, ""candidate_status"": ""Accepted"", ""rejection_reason"": null, ""validation_record_status"": ""valid""}, {""row_index"": 327, ""target_field"": ""sub_type"", ""algorithm"": ""association_rules"", ""predicted_value"": ""Over The Counter"", ""confidence"": 1.0, ""prediction_source"": ""matched_rules"", ""passes_threshold"": true, ""candidate_status"": ""Accepted"", ""rejection_reason"": null, ""validation_record_status"": ""valid""}, {""row_index"": 327, ""target_field"": ""sub_type"", ""algorithm"": ""clustering"", ""predicted_value"": ""Over The Counter"", ""confidence"": 0.4074074074074074, ""prediction_source"": ""cluster_majority"", ""passes_threshold"": true, ""candidate_status"": ""Accepted"", ""rejection_reason"": null, ""validation_record_status"": ""valid""}, {""row_index"": 327, ""target_field"": ""sub_type"", ""algorithm"": ""knn"", ""predicted_value"": ""Over The Counter"", ""confidence"": 1.0, ""prediction_source"": ""nearest_neighbors"", ""passes_threshold"": true, ""candidate_status"": ""Accepted"", ""rejection_reason"": null, ""validation_record_status"": ""valid""}]",
329,sub_type,Over The Counter,1,Over The Counter,0.9750907441016334,Accepted,unanimous_vote,association_rules,"[""association_rules"", ""clustering"", ""grouped_majority"", ""knn""]",4,4,4,4,0.0,valid,True,"[{""row_index"": 329, ""target_field"": ""sub_type"", ""algorithm"": ""grouped_majority"", ""predicted_value"": ""Over The Counter"", ""confidence"": 0.9793103448275862, ""prediction_source"": ""group_majority"", ""passes_threshold"": true, ""candidate_status"": ""Accepted"", ""rejection_reason"": null, ""validation_record_status"": ""valid""}, {""row_index"": 329, ""target_field"": ""sub_type"", ""algorithm"": ""association_rules"", ""predicted_value"": ""Over The Counter"", ""confidence"": 1.0, ""prediction_source"": ""matched_rules"", ""passes_threshold"": true, ""candidate_status"": ""Accepted"", ""rejection_reason"": null, ""validation_record_status"": ""valid""}, {""row_index"": 329, ""target_field"": ""sub_type"", ""algorithm"": ""clustering"", ""predicted_value"": ""Over The Counter"", ""confidence"": 0.9210526315789473, ""prediction_source"": ""cluster_majority"", ""passes_threshold"": true, ""candidate_status"": ""Accepted"", ""rejection_reason"": null, ""validation_record_status"": ""valid""}, {""row_index"": 329, ""target_field"": ""sub_type"", ""algorithm"": ""knn"", ""predicted_value"": ""Over The Counter"", ""confidence"": 1.0, ""prediction_source"": ""nearest_neighbors"", ""passes_threshold"": true, ""candidate_status"": ""Accepted"", ""rejection_reason"": null, ""validation_record_status"": ""valid""}]",
330,sub_type,Over The Counter,1,Over The Counter,0.8466794380587483,Accepted,unanimous_vote,association_rules,"[""association_rules"", ""clustering"", ""grouped_majority"", ""knn""]",4,4,4,4,0.0,valid,True,"[{""row_index"": 330, ""target_field"": ""sub_type"", ""algorithm"": ""grouped_majority"", ""predicted_value"": ""Over The Counter"", ""confidence"": 0.9793103448275862, ""prediction_source"": ""group_majority"", ""passes_threshold"": true, ""candidate_status"": ""Accepted"", ""rejection_reason"": null, ""validation_record_status"": ""valid""}, {""row_index"": 330, ""target_field"": ""sub_type"", ""algorithm"": ""association_rules"", ""predicted_value"": ""Over The Counter"", ""confidence"": 1.0, ""prediction_source"": ""matched_rules"", ""passes_threshold"": true, ""candidate_status"": ""Accepted"", ""rejection_reason"": null, ""validation_record_status"": ""valid""}, {""row_index"": 330, ""target_field"": ""sub_type"", ""algorithm"": ""clustering"", ""predicted_value"": ""Over The Counter"", ""confidence"": 0.4074074074074074, ""prediction_source"": ""cluster_majority"", ""passes_threshold"": true, ""candidate_status"": ""Accepted"", ""rejection_reason"": null, ""validation_record_status"": ""valid""}, {""row_index"": 330, ""target_field"": ""sub_type"", ""algorithm"": ""knn"", ""predicted_value"": ""Over The Counter"", ""confidence"": 1.0, ""prediction_source"": ""nearest_neighbors"", ""passes_threshold"": true, ""candidate_status"": ""Accepted"", ""rejection_reason"": null, ""validation_record_status"": ""valid""}]",
331,sub_type,Over The Counter,1,Over The Counter,0.9920185974428516,Accepted,unanimous_vote,association_rules,"[""association_rules"", ""clustering"", ""grouped_majority"", ""knn""]",4,4,4,4,0.0,valid,True,"[{""row_index"": 331, ""target_field"": ""sub_type"", ""algorithm"": ""grouped_majority"", ""predicted_value"": ""Over The Counter"", ""confidence"": 0.9793103448275862, ""prediction_source"": ""group_majority"", ""passes_threshold"": true, ""candidate_status"": ""Accepted"", ""rejection_reason"": null, ""validation_record_status"": ""valid""}, {""row_index"": 331, ""target_field"": ""sub_type"", ""algorithm"": ""association_rules"", ""predicted_value"": ""Over The Counter"", ""confidence"": 1.0, ""prediction_source"": ""matched_rules"", ""passes_threshold"": true, ""candidate_status"": ""Accepted"", ""rejection_reason"": null, ""validation_record_status"": ""valid""}, {""row_index"": 331, ""target_field"": ""sub_type"", ""algorithm"": ""clustering"", ""predicted_value"": ""Over The Counter"", ""confidence"": 0.9887640449438202, ""prediction_source"": ""cluster_majority"", ""passes_threshold"": true, ""candidate_status"": ""Accepted"", ""rejection_reason"": null, ""validation_record_status"": ""valid""}, {""row_index"": 331, ""target_field"": ""sub_type"", ""algorithm"": ""knn"", ""predicted_value"": ""Over The Counter"", ""confidence"": 1.0, ""prediction_source"": ""nearest_neighbors"", ""passes_threshold"": true, ""candidate_status"": ""Accepted"", ""rejection_reason"": null, ""validation_record_status"": ""valid""}]",
334,sub_type,Over The Counter,1,Over The Counter,0.9001209921355112,Accepted,majority_vote,grouped_majority,"[""clustering"", ""grouped_majority"", ""knn""]",3,4,4,4,0.0,valid,True,"[{""row_index"": 334, ""target_field"": ""sub_type"", ""algorithm"": ""grouped_majority"", ""predicted_value"": ""Over The Counter"", ""confidence"": 0.9793103448275862, ""prediction_source"": ""group_majority"", ""passes_threshold"": true, ""candidate_status"": ""Accepted"", ""rejection_reason"": null, ""validation_record_status"": ""valid""}, {""row_index"": 334, ""target_field"": ""sub_type"", ""algorithm"": ""association_rules"", ""predicted_value"": ""Residential Building Report"", ""confidence"": 0.55, ""prediction_source"": ""matched_rules"", ""passes_threshold"": true, ""candidate_status"": ""Accepted"", ""rejection_reason"": null, ""validation_record_status"": ""valid""}, {""row_index"": 334, ""target_field"": ""sub_type"", ""algorithm"": ""clustering"", ""predicted_value"": ""Over The Counter"", ""confidence"": 0.9210526315789473, ""prediction_source"": ""cluster_majority"", ""passes_threshold"": true, ""candidate_status"": ""Accepted"", ""rejection_reason"": null, ""validation_record_status"": ""valid""}, {""row_index"": 334, ""target_field"": ""sub_type"", ""algorithm"": ""knn"", ""predicted_value"": ""Over The Counter"", ""confidence"": 0.8, ""prediction_source"": ""nearest_neighbors"", ""passes_threshold"": true, ""candidate_status"": ""Accepted"", ""rejection_reason"": null, ""validation_record_status"": ""valid""}]",
340,sub_type,Over The Counter,1,Over The Counter,1.0,Accepted,unanimous_vote,association_rules,"[""association_rules"", ""clustering"", ""grouped_majority"", ""knn""]",4,4,4,4,0.0,valid,True,"[{""row_index"": 340, ""target_field"": ""sub_type"", ""algorithm"": ""grouped_majority"", ""predicted_value"": ""Over The Counter"", ""confidence"": 1.0, ""prediction_source"": ""group_majority"", ""passes_threshold"": true, ""candidate_status"": ""Accepted"", ""rejection_reason"": null, ""validation_record_status"": ""valid""}, {""row_index"": 340, ""target_field"": ""sub_type"", ""algorithm"": ""association_rules"", ""predicted_value"": ""Over The Counter"", ""confidence"": 1.0, ""prediction_source"": ""matched_rules"", ""passes_threshold"": true, ""candidate_status"": ""Accepted"", ""rejection_reason"": null, ""validation_record_status"": ""valid""}, {""row_index"": 340, ""target_field"": ""sub_type"", ""algorithm"": ""clustering"", ""predicted_value"": ""Over The Counter"", ""confidence"": 1.0, ""prediction_source"": ""cluster_majority"", ""passes_threshold"": true, ""candidate_status"": ""Accepted"", ""rejection_reason"": null, ""validation_record_status"": ""valid""}, {""row_index"": 340, ""target_field"": ""sub_type"", ""algorithm"": ""knn"", ""predicted_value"": ""Over The Counter"", ""confidence"": 1.0, ""prediction_source"": ""nearest_neighbors"", ""passes_threshold"": true, ""candidate_status"": ""Accepted"", ""rejection_reason"": null, ""validation_record_status"": ""valid""}]",
342,sub_type,Over The Counter,1,Over The Counter,1.0,Accepted,unanimous_vote,association_rules,"[""association_rules"", ""clustering"", ""grouped_majority"", ""knn""]",4,4,4,4,0.0,valid,True,"[{""row_index"": 342, ""target_field"": ""sub_type"", ""algorithm"": ""grouped_majority"", ""predicted_value"": ""Over The Counter"", ""confidence"": 1.0, ""prediction_source"": ""group_majority"", ""passes_threshold"": true, ""candidate_status"": ""Accepted"", ""rejection_reason"": null, ""validation_record_status"": ""valid""}, {""row_index"": 342, ""target_field"": ""sub_type"", ""algorithm"": ""association_rules"", ""predicted_value"": ""Over The Counter"", ""confidence"": 1.0, ""prediction_source"": ""matched_rules"", ""passes_threshold"": true, ""candidate_status"": ""Accepted"", ""rejection_reason"": null, ""validation_record_status"": ""valid""}, {""row_index"": 342, ""target_field"": ""sub_type"", ""algorithm"": ""clustering"", ""predicted_value"": ""Over The Counter"", ""confidence"": 1.0, ""prediction_source"": ""cluster_majority"", ""passes_threshold"": true, ""candidate_status"": ""Accepted"", ""rejection_reason"": null, ""validation_record_status"": ""valid""}, {""row_index"": 342, ""target_field"": ""sub_type"", ""algorithm"": ""knn"", ""predicted_value"": ""Over The Counter"", ""confidence"": 1.0, ""prediction_source"": ""nearest_neighbors"", ""passes_threshold"": true, ""candidate_status"": ""Accepted"", ""rejection_reason"": null, ""validation_record_status"": ""valid""}]",
344,sub_type,Over The Counter,1,Over The Counter,0.9802631578947368,Accepted,unanimous_vote,association_rules,"[""association_rules"", ""clustering"", ""grouped_majority"", ""knn""]",4,4,4,4,0.0,valid,True,"[{""row_index"": 344, ""target_field"": ""sub_type"", ""algorithm"": ""grouped_majority"", ""predicted_value"": ""Over The Counter"", ""confidence"": 1.0, ""prediction_source"": ""group_majority"", ""passes_threshold"": true, ""candidate_status"": ""Accepted"", ""rejection_reason"": null, ""validation_record_status"": ""valid""}, {""row_index"": 344, ""target_field"": ""sub_type"", ""algorithm"": ""association_rules"", ""predicted_value"": ""Over The Counter"", ""confidence"": 1.0, ""prediction_source"": ""matched_rules"", ""passes_threshold"": true, ""candidate_status"": ""Accepted"", ""rejection_reason"": null, ""validation_record_status"": ""valid""}, {""row_index"": 344, ""target_field"": ""sub_type"", ""algorithm"": ""clustering"", ""predicted_value"": ""Over The Counter"", ""confidence"": 0.9210526315789473, ""prediction_source"": ""cluster_majority"", ""passes_threshold"": true, ""candidate_status"": ""Accepted"", ""rejection_reason"": null, ""validation_record_status"": ""valid""}, {""row_index"": 344, ""target_field"": ""sub_type"", ""algorithm"": ""knn"", ""predicted_value"": ""Over The Counter"", ""confidence"": 1.0, ""prediction_source"": ""nearest_neighbors"", ""passes_threshold"": true, ""candidate_status"": ""Accepted"", ""rejection_reason"": null, ""validation_record_status"": ""valid""}]",
346,sub_type,Over The Counter,1,Over The Counter,0.9802631578947368,Accepted,unanimous_vote,association_rules,"[""association_rules"", ""clustering"", ""grouped_majority"", ""knn""]",4,4,4,4,0.0,valid,True,"[{""row_index"": 346, ""target_field"": ""sub_type"", ""algorithm"": ""grouped_majority"", ""predicted_value"": ""Over The Counter"", ""confidence"": 1.0, ""prediction_source"": ""group_majority"", ""passes_threshold"": true, ""candidate_status"": ""Accepted"", ""rejection_reason"": null, ""validation_record_status"": ""valid""}, {""row_index"": 346, ""target_field"": ""sub_type"", ""algorithm"": ""association_rules"", ""predicted_value"": ""Over The Counter"", ""confidence"": 1.0, ""prediction_source"": ""matched_rules"", ""passes_threshold"": true, ""candidate_status"": ""Accepted"", ""rejection_reason"": null, ""validation_record_status"": ""valid""}, {""row_index"": 346, ""target_field"": ""sub_type"", ""algorithm"": ""clustering"", ""predicted_value"": ""Over The Counter"", ""confidence"": 0.9210526315789473, ""prediction_source"": ""cluster_majority"", ""passes_threshold"": true, ""candidate_status"": ""Accepted"", ""rejection_reason"": null, ""validation_record_status"": ""valid""}, {""row_index"": 346, ""target_field"": ""sub_type"", ""algorithm"": ""knn"", ""predicted_value"": ""Over The Counter"", ""confidence"": 1.0, ""prediction_source"": ""nearest_neighbors"", ""passes_threshold"": true, ""candidate_status"": ""Accepted"", ""rejection_reason"": null, ""validation_record_status"": ""valid""}]",
347,sub_type,Over The Counter,1,Over The Counter,1.0,Accepted,unanimous_vote,association_rules,"[""association_rules"", ""clustering"", ""grouped_majority"", ""knn""]",4,4,4,4,0.0,valid,True,"[{""row_index"": 347, ""target_field"": ""sub_type"", ""algorithm"": ""grouped_majority"", ""predicted_value"": ""Over The Counter"", ""confidence"": 1.0, ""prediction_source"": ""group_majority"", ""passes_threshold"": true, ""candidate_status"": ""Accepted"", ""rejection_reason"": null, ""validation_record_status"": ""valid""}, {""row_index"": 347, ""target_field"": ""sub_type"", ""algorithm"": ""association_rules"", ""predicted_value"": ""Over The Counter"", ""confidence"": 1.0, ""prediction_source"": ""matched_rules"", ""passes_threshold"": true, ""candidate_status"": ""Accepted"", ""rejection_reason"": null, ""validation_record_status"": ""valid""}, {""row_index"": 347, ""target_field"": ""sub_type"", ""algorithm"": ""clustering"", ""predicted_value"": ""Over The Counter"", ""confidence"": 1.0, ""prediction_source"": ""cluster_majority"", ""passes_threshold"": true, ""candidate_status"": ""Accepted"", ""rejection_reason"": null, ""validation_record_status"": ""valid""}, {""row_index"": 347, ""target_field"": ""sub_type"", ""algorithm"": ""knn"", ""predicted_value"": ""Over The Counter"", ""confidence"": 1.0, ""prediction_source"": ""nearest_neighbors"", ""passes_threshold"": true, ""candidate_status"": ""Accepted"", ""rejection_reason"": null, ""validation_record_status"": ""valid""}]",
350,sub_type,Over The Counter,1,Over The Counter,1.0,Accepted,unanimous_vote,association_rules,"[""association_rules"", ""clustering"", ""grouped_majority"", ""knn""]",4,4,4,4,0.0,valid,True,"[{""row_index"": 350, ""target_field"": ""sub_type"", ""algorithm"": ""grouped_majority"", ""predicted_value"": ""Over The Counter"", ""confidence"": 1.0, ""prediction_source"": ""group_majority"", ""passes_threshold"": true, ""candidate_status"": ""Accepted"", ""rejection_reason"": null, ""validation_record_status"": ""valid""}, {""row_index"": 350, ""target_field"": ""sub_type"", ""algorithm"": ""association_rules"", ""predicted_value"": ""Over The Counter"", ""confidence"": 1.0, ""prediction_source"": ""matched_rules"", ""passes_threshold"": true, ""candidate_status"": ""Accepted"", ""rejection_reason"": null, ""validation_record_status"": ""valid""}, {""row_index"": 350, ""target_field"": ""sub_type"", ""algorithm"": ""clustering"", ""predicted_value"": ""Over The Counter"", ""confidence"": 1.0, ""prediction_source"": ""cluster_majority"", ""passes_threshold"": true, ""candidate_status"": ""Accepted"", ""rejection_reason"": null, ""validation_record_status"": ""valid""}, {""row_index"": 350, ""target_field"": ""sub_type"", ""algorithm"": ""knn"", ""predicted_value"": ""Over The Counter"", ""confidence"": 1.0, ""prediction_source"": ""nearest_neighbors"", ""passes_threshold"": true, ""candidate_status"": ""Accepted"", ""rejection_reason"": null, ""validation_record_status"": ""valid""}]",
352,sub_type,Over The Counter,1,Over The Counter,0.9802631578947368,Accepted,unanimous_vote,association_rules,"[""association_rules"", ""clustering"", ""grouped_majority"", ""knn""]",4,4,4,4,0.0,valid,True,"[{""row_index"": 352, ""target_field"": ""sub_type"", ""algorithm"": ""grouped_majority"", ""predicted_value"": ""Over The Counter"", ""confidence"": 1.0, ""prediction_source"": ""group_majority"", ""passes_threshold"": true, ""candidate_status"": ""Accepted"", ""rejection_reason"": null, ""validation_record_status"": ""valid""}, {""row_index"": 352, ""target_field"": ""sub_type"", ""algorithm"": ""association_rules"", ""predicted_value"": ""Over The Counter"", ""confidence"": 1.0, ""prediction_source"": ""matched_rules"", ""passes_threshold"": true, ""candidate_status"": ""Accepted"", ""rejection_reason"": null, ""validation_record_status"": ""valid""}, {""row_index"": 352, ""target_field"": ""sub_type"", ""algorithm"": ""clustering"", ""predicted_value"": ""Over The Counter"", ""confidence"": 0.9210526315789473, ""prediction_source"": ""cluster_majority"", ""passes_threshold"": true, ""candidate_status"": ""Accepted"", ""rejection_reason"": null, ""validation_record_status"": ""valid""}, {""row_index"": 352, ""target_field"": ""sub_type"", ""algorithm"": ""knn"", ""predicted_value"": ""Over The Counter"", ""confidence"": 1.0, ""prediction_source"": ""nearest_neighbors"", ""passes_threshold"": true, ""candidate_status"": ""Accepted"", ""rejection_reason"": null, ""validation_record_status"": ""valid""}]",
355,sub_type,Over The Counter,1,Over The Counter,1.0,Accepted,unanimous_vote,association_rules,"[""association_rules"", ""clustering"", ""grouped_majority"", ""knn""]",4,4,4,4,0.0,valid,True,"[{""row_index"": 355, ""target_field"": ""sub_type"", ""algorithm"": ""grouped_majority"", ""predicted_value"": ""Over The Counter"", ""confidence"": 1.0, ""prediction_source"": ""group_majority"", ""passes_threshold"": true, ""candidate_status"": ""Accepted"", ""rejection_reason"": null, ""validation_record_status"": ""valid""}, {""row_index"": 355, ""target_field"": ""sub_type"", ""algorithm"": ""association_rules"", ""predicted_value"": ""Over The Counter"", ""confidence"": 1.0, ""prediction_source"": ""matched_rules"", ""passes_threshold"": true, ""candidate_status"": ""Accepted"", ""rejection_reason"": null, ""validation_record_status"": ""valid""}, {""row_index"": 355, ""target_field"": ""sub_type"", ""algorithm"": ""clustering"", ""predicted_value"": ""Over The Counter"", ""confidence"": 1.0, ""prediction_source"": ""cluster_majority"", ""passes_threshold"": true, ""candidate_status"": ""Accepted"", ""rejection_reason"": null, ""validation_record_status"": ""valid""}, {""row_index"": 355, ""target_field"": ""sub_type"", ""algorithm"": ""knn"", ""predicted_value"": ""Over The Counter"", ""confidence"": 1.0, ""prediction_source"": ""nearest_neighbors"", ""passes_threshold"": true, ""candidate_status"": ""Accepted"", ""rejection_reason"": null, ""validation_record_status"": ""valid""}]",
356,sub_type,Over The Counter,1,Over The Counter,1.0,Accepted,unanimous_vote,association_rules,"[""association_rules"", ""clustering"", ""grouped_majority"", ""knn""]",4,4,4,4,0.0,valid,True,"[{""row_index"": 356, ""target_field"": ""sub_type"", ""algorithm"": ""grouped_majority"", ""predicted_value"": ""Over The Counter"", ""confidence"": 1.0, ""prediction_source"": ""group_majority"", ""passes_threshold"": true, ""candidate_status"": ""Accepted"", ""rejection_reason"": null, ""validation_record_status"": ""valid""}, {""row_index"": 356, ""target_field"": ""sub_type"", ""algorithm"": ""association_rules"", ""predicted_value"": ""Over The Counter"", ""confidence"": 1.0, ""prediction_source"": ""matched_rules"", ""passes_threshold"": true, ""candidate_status"": ""Accepted"", ""rejection_reason"": null, ""validation_record_status"": ""valid""}, {""row_index"": 356, ""target_field"": ""sub_type"", ""algorithm"": ""clustering"", ""predicted_value"": ""Over The Counter"", ""confidence"": 1.0, ""prediction_source"": ""cluster_majority"", ""passes_threshold"": true, ""candidate_status"": ""Accepted"", ""rejection_reason"": null, ""validation_record_status"": ""valid""}, {""row_index"": 356, ""target_field"": ""sub_type"", ""algorithm"": ""knn"", ""predicted_value"": ""Over The Counter"", ""confidence"": 1.0, ""prediction_source"": ""nearest_neighbors"", ""passes_threshold"": true, ""candidate_status"": ""Accepted"", ""rejection_reason"": null, ""validation_record_status"": ""valid""}]",
358,sub_type,Over The Counter,1,Over The Counter,0.9802631578947368,Accepted,unanimous_vote,association_rules,"[""association_rules"", ""clustering"", ""grouped_majority"", ""knn""]",4,4,4,4,0.0,valid,True,"[{""row_index"": 358, ""target_field"": ""sub_type"", ""algorithm"": ""grouped_majority"", ""predicted_value"": ""Over The Counter"", ""confidence"": 1.0, ""prediction_source"": ""group_majority"", ""passes_threshold"": true, ""candidate_status"": ""Accepted"", ""rejection_reason"": null, ""validation_record_status"": ""valid""}, {""row_index"": 358, ""target_field"": ""sub_type"", ""algorithm"": ""association_rules"", ""predicted_value"": ""Over The Counter"", ""confidence"": 1.0, ""prediction_source"": ""matched_rules"", ""passes_threshold"": true, ""candidate_status"": ""Accepted"", ""rejection_reason"": null, ""validation_record_status"": ""valid""}, {""row_index"": 358, ""target_field"": ""sub_type"", ""algorithm"": ""clustering"", ""predicted_value"": ""Over The Counter"", ""confidence"": 0.9210526315789473, ""prediction_source"": ""cluster_majority"", ""passes_threshold"": true, ""candidate_status"": ""Accepted"", ""rejection_reason"": null, ""validation_record_status"": ""valid""}, {""row_index"": 358, ""target_field"": ""sub_type"", ""algorithm"": ""knn"", ""predicted_value"": ""Over The Counter"", ""confidence"": 1.0, ""prediction_source"": ""nearest_neighbors"", ""passes_threshold"": true, ""candidate_status"": ""Accepted"", ""rejection_reason"": null, ""validation_record_status"": ""valid""}]",
359,sub_type,Over The Counter,1,Over The Counter,1.0,Accepted,unanimous_vote,association_rules,"[""association_rules"", ""clustering"", ""grouped_majority"", ""knn""]",4,4,4,4,0.0,valid,True,"[{""row_index"": 359, ""target_field"": ""sub_type"", ""algorithm"": ""grouped_majority"", ""predicted_value"": ""Over The Counter"", ""confidence"": 1.0, ""prediction_source"": ""group_majority"", ""passes_threshold"": true, ""candidate_status"": ""Accepted"", ""rejection_reason"": null, ""validation_record_status"": ""valid""}, {""row_index"": 359, ""target_field"": ""sub_type"", ""algorithm"": ""association_rules"", ""predicted_value"": ""Over The Counter"", ""confidence"": 1.0, ""prediction_source"": ""matched_rules"", ""passes_threshold"": true, ""candidate_status"": ""Accepted"", ""rejection_reason"": null, ""validation_record_status"": ""valid""}, {""row_index"": 359, ""target_field"": ""sub_type"", ""algorithm"": ""clustering"", ""predicted_value"": ""Over The Counter"", ""confidence"": 1.0, ""prediction_source"": ""cluster_majority"", ""passes_threshold"": true, ""candidate_status"": ""Accepted"", ""rejection_reason"": null, ""validation_record_status"": ""valid""}, {""row_index"": 359, ""target_field"": ""sub_type"", ""algorithm"": ""knn"", ""predicted_value"": ""Over The Counter"", ""confidence"": 1.0, ""prediction_source"": ""nearest_neighbors"", ""passes_threshold"": true, ""candidate_status"": ""Accepted"", ""rejection_reason"": null, ""validation_record_status"": ""valid""}]",
363,sub_type,Over The Counter,1,Over The Counter,0.9972222222222222,Accepted,unanimous_vote,association_rules,"[""association_rules"", ""clustering"", ""grouped_majority"", ""knn""]",4,4,4,4,0.0,valid,True,"[{""row_index"": 363, ""target_field"": ""sub_type"", ""algorithm"": ""grouped_majority"", ""predicted_value"": ""Over The Counter"", ""confidence"": 0.9888888888888889, ""prediction_source"": ""group_majority"", ""passes_threshold"": true, ""candidate_status"": ""Accepted"", ""rejection_reason"": null, ""validation_record_status"": ""valid""}, {""row_index"": 363, ""target_field"": ""sub_type"", ""algorithm"": ""association_rules"", ""predicted_value"": ""Over The Counter"", ""confidence"": 1.0, ""prediction_source"": ""matched_rules"", ""passes_threshold"": true, ""candidate_status"": ""Accepted"", ""rejection_reason"": null, ""validation_record_status"": ""valid""}, {""row_index"": 363, ""target_field"": ""sub_type"", ""algorithm"": ""clustering"", ""predicted_value"": ""Over The Counter"", ""confidence"": 1.0, ""prediction_source"": ""cluster_majority"", ""passes_threshold"": true, ""candidate_status"": ""Accepted"", ""rejection_reason"": null, ""validation_record_status"": ""valid""}, {""row_index"": 363, ""target_field"": ""sub_type"", ""algorithm"": ""knn"", ""predicted_value"": ""Over The Counter"", ""confidence"": 1.0, ""prediction_source"": ""nearest_neighbors"", ""passes_threshold"": true, ""candidate_status"": ""Accepted"", ""rejection_reason"": null, ""validation_record_status"": ""valid""}]",
365,sub_type,Over The Counter,1,Over The Counter,0.9972222222222222,Accepted,unanimous_vote,association_rules,"[""association_rules"", ""clustering"", ""grouped_majority"", ""knn""]",4,4,4,4,0.0,valid,True,"[{""row_index"": 365, ""target_field"": ""sub_type"", ""algorithm"": ""grouped_majority"", ""predicted_value"": ""Over The Counter"", ""confidence"": 0.9888888888888889, ""prediction_source"": ""group_majority"", ""passes_threshold"": true, ""candidate_status"": ""Accepted"", ""rejection_reason"": null, ""validation_record_status"": ""valid""}, {""row_index"": 365, ""target_field"": ""sub_type"", ""algorithm"": ""association_rules"", ""predicted_value"": ""Over The Counter"", ""confidence"": 1.0, ""prediction_source"": ""matched_rules"", ""passes_threshold"": true, ""candidate_status"": ""Accepted"", ""rejection_reason"": null, ""validation_record_status"": ""valid""}, {""row_index"": 365, ""target_field"": ""sub_type"", ""algorithm"": ""clustering"", ""predicted_value"": ""Over The Counter"", ""confidence"": 1.0, ""prediction_source"": ""cluster_majority"", ""passes_threshold"": true, ""candidate_status"": ""Accepted"", ""rejection_reason"": null, ""validation_record_status"": ""valid""}, {""row_index"": 365, ""target_field"": ""sub_type"", ""algorithm"": ""knn"", ""predicted_value"": ""Over The Counter"", ""confidence"": 1.0, ""prediction_source"": ""nearest_neighbors"", ""passes_threshold"": true, ""candidate_status"": ""Accepted"", ""rejection_reason"": null, ""validation_record_status"": ""valid""}]",
367,sub_type,Over The Counter,1,Over The Counter,0.9972222222222222,Accepted,unanimous_vote,association_rules,"[""association_rules"", ""clustering"", ""grouped_majority"", ""knn""]",4,4,4,4,0.0,valid,True,"[{""row_index"": 367, ""target_field"": ""sub_type"", ""algorithm"": ""grouped_majority"", ""predicted_value"": ""Over The Counter"", ""confidence"": 0.9888888888888889, ""prediction_source"": ""group_majority"", ""passes_threshold"": true, ""candidate_status"": ""Accepted"", ""rejection_reason"": null, ""validation_record_status"": ""valid""}, {""row_index"": 367, ""target_field"": ""sub_type"", ""algorithm"": ""association_rules"", ""predicted_value"": ""Over The Counter"", ""confidence"": 1.0, ""prediction_source"": ""matched_rules"", ""passes_threshold"": true, ""candidate_status"": ""Accepted"", ""rejection_reason"": null, ""validation_record_status"": ""valid""}, {""row_index"": 367, ""target_field"": ""sub_type"", ""algorithm"": ""clustering"", ""predicted_value"": ""Over The Counter"", ""confidence"": 1.0, ""prediction_source"": ""cluster_majority"", ""passes_threshold"": true, ""candidate_status"": ""Accepted"", ""rejection_reason"": null, ""validation_record_status"": ""valid""}, {""row_index"": 367, ""target_field"": ""sub_type"", ""algorithm"": ""knn"", ""predicted_value"": ""Over The Counter"", ""confidence"": 1.0, ""prediction_source"": ""nearest_neighbors"", ""passes_threshold"": true, ""candidate_status"": ""Accepted"", ""rejection_reason"": null, ""validation_record_status"": ""valid""}]",
368,sub_type,Over The Counter,1,Over The Counter,0.9774853801169591,Accepted,unanimous_vote,association_rules,"[""association_rules"", ""clustering"", ""grouped_majority"", ""knn""]",4,4,4,4,0.0,valid,True,"[{""row_index"": 368, ""target_field"": ""sub_type"", ""algorithm"": ""grouped_majority"", ""predicted_value"": ""Over The Counter"", ""confidence"": 0.9888888888888889, ""prediction_source"": ""group_majority"", ""passes_threshold"": true, ""candidate_status"": ""Accepted"", ""rejection_reason"": null, ""validation_record_status"": ""valid""}, {""row_index"": 368, ""target_field"": ""sub_type"", ""algorithm"": ""association_rules"", ""predicted_value"": ""Over The Counter"", ""confidence"": 1.0, ""prediction_source"": ""matched_rules"", ""passes_threshold"": true, ""candidate_status"": ""Accepted"", ""rejection_reason"": null, ""validation_record_status"": ""valid""}, {""row_index"": 368, ""target_field"": ""sub_type"", ""algorithm"": ""clustering"", ""predicted_value"": ""Over The Counter"", ""confidence"": 0.9210526315789473, ""prediction_source"": ""cluster_majority"", ""passes_threshold"": true, ""candidate_status"": ""Accepted"", ""rejection_reason"": null, ""validation_record_status"": ""valid""}, {""row_index"": 368, ""target_field"": ""sub_type"", ""algorithm"": ""knn"", ""predicted_value"": ""Over The Counter"", ""confidence"": 1.0, ""prediction_source"": ""nearest_neighbors"", ""passes_threshold"": true, ""candidate_status"": ""Accepted"", ""rejection_reason"": null, ""validation_record_status"": ""valid""}]",
369,sub_type,Over The Counter,1,Over The Counter,0.9972222222222222,Accepted,unanimous_vote,association_rules,"[""association_rules"", ""clustering"", ""grouped_majority"", ""knn""]",4,4,4,4,0.0,valid,True,"[{""row_index"": 369, ""target_field"": ""sub_type"", ""algorithm"": ""grouped_majority"", ""predicted_value"": ""Over The Counter"", ""confidence"": 0.9888888888888889, ""prediction_source"": ""group_majority"", ""passes_threshold"": true, ""candidate_status"": ""Accepted"", ""rejection_reason"": null, ""validation_record_status"": ""valid""}, {""row_index"": 369, ""target_field"": ""sub_type"", ""algorithm"": ""association_rules"", ""predicted_value"": ""Over The Counter"", ""confidence"": 1.0, ""prediction_source"": ""matched_rules"", ""passes_threshold"": true, ""candidate_status"": ""Accepted"", ""rejection_reason"": null, ""validation_record_status"": ""valid""}, {""row_index"": 369, ""target_field"": ""sub_type"", ""algorithm"": ""clustering"", ""predicted_value"": ""Over The Counter"", ""confidence"": 1.0, ""prediction_source"": ""cluster_majority"", ""passes_threshold"": true, ""candidate_status"": ""Accepted"", ""rejection_reason"": null, ""validation_record_status"": ""valid""}, {""row_index"": 369, ""target_field"": ""sub_type"", ""algorithm"": ""knn"", ""predicted_value"": ""Over The Counter"", ""confidence"": 1.0, ""prediction_source"": ""nearest_neighbors"", ""passes_threshold"": true, ""candidate_status"": ""Accepted"", ""rejection_reason"": null, ""validation_record_status"": ""valid""}]",
371,sub_type,Over The Counter,1,Over The Counter,1.0,Accepted,majority_vote,clustering,"[""clustering"", ""grouped_majority"", ""knn""]",3,4,4,4,0.0,valid,True,"[{""row_index"": 371, ""target_field"": ""sub_type"", ""algorithm"": ""grouped_majority"", ""predicted_value"": ""Over The Counter"", ""confidence"": 1.0, ""prediction_source"": ""group_majority"", ""passes_threshold"": true, ""candidate_status"": ""Accepted"", ""rejection_reason"": null, ""validation_record_status"": ""valid""}, {""row_index"": 371, ""target_field"": ""sub_type"", ""algorithm"": ""association_rules"", ""predicted_value"": ""Residential Building Report"", ""confidence"": 0.5824175824175825, ""prediction_source"": ""matched_rules"", ""passes_threshold"": true, ""candidate_status"": ""Accepted"", ""rejection_reason"": null, ""validation_record_status"": ""valid""}, {""row_index"": 371, ""target_field"": ""sub_type"", ""algorithm"": ""clustering"", ""predicted_value"": ""Over The Counter"", ""confidence"": 1.0, ""prediction_source"": ""cluster_majority"", ""passes_threshold"": true, ""candidate_status"": ""Accepted"", ""rejection_reason"": null, ""validation_record_status"": ""valid""}, {""row_index"": 371, ""target_field"": ""sub_type"", ""algorithm"": ""knn"", ""predicted_value"": ""Over The Counter"", ""confidence"": 1.0, ""prediction_source"": ""nearest_neighbors"", ""passes_threshold"": true, ""candidate_status"": ""Accepted"", ""rejection_reason"": null, ""validation_record_status"": ""valid""}]",
375,sub_type,Over The Counter,1,Over The Counter,0.9972222222222222,Accepted,unanimous_vote,association_rules,"[""association_rules"", ""clustering"", ""grouped_majority"", ""knn""]",4,4,4,4,0.0,valid,True,"[{""row_index"": 375, ""target_field"": ""sub_type"", ""algorithm"": ""grouped_majority"", ""predicted_value"": ""Over The Counter"", ""confidence"": 0.9888888888888889, ""prediction_source"": ""group_majority"", ""passes_threshold"": true, ""candidate_status"": ""Accepted"", ""rejection_reason"": null, ""validation_record_status"": ""valid""}, {""row_index"": 375, ""target_field"": ""sub_type"", ""algorithm"": ""association_rules"", ""predicted_value"": ""Over The Counter"", ""confidence"": 1.0, ""prediction_source"": ""matched_rules"", ""passes_threshold"": true, ""candidate_status"": ""Accepted"", ""rejection_reason"": null, ""validation_record_status"": ""valid""}, {""row_index"": 375, ""target_field"": ""sub_type"", ""algorithm"": ""clustering"", ""predicted_value"": ""Over The Counter"", ""confidence"": 1.0, ""prediction_source"": ""cluster_majority"", ""passes_threshold"": true, ""candidate_status"": ""Accepted"", ""rejection_reason"": null, ""validation_record_status"": ""valid""}, {""row_index"": 375, ""target_field"": ""sub_type"", ""algorithm"": ""knn"", ""predicted_value"": ""Over The Counter"", ""confidence"": 1.0, ""prediction_source"": ""nearest_neighbors"", ""passes_threshold"": true, ""candidate_status"": ""Accepted"", ""rejection_reason"": null, ""validation_record_status"": ""valid""}]",
376,sub_type,Over The Counter,1,Over The Counter,0.9774853801169591,Accepted,unanimous_vote,association_rules,"[""association_rules"", ""clustering"", ""grouped_majority"", ""knn""]",4,4,4,4,0.0,valid,True,"[{""row_index"": 376, ""target_field"": ""sub_type"", ""algorithm"": ""grouped_majority"", ""predicted_value"": ""Over The Counter"", ""confidence"": 0.9888888888888889, ""prediction_source"": ""group_majority"", ""passes_threshold"": true, ""candidate_status"": ""Accepted"", ""rejection_reason"": null, ""validation_record_status"": ""valid""}, {""row_index"": 376, ""target_field"": ""sub_type"", ""algorithm"": ""association_rules"", ""predicted_value"": ""Over The Counter"", ""confidence"": 1.0, ""prediction_source"": ""matched_rules"", ""passes_threshold"": true, ""candidate_status"": ""Accepted"", ""rejection_reason"": null, ""validation_record_status"": ""valid""}, {""row_index"": 376, ""target_field"": ""sub_type"", ""algorithm"": ""clustering"", ""predicted_value"": ""Over The Counter"", ""confidence"": 0.9210526315789473, ""prediction_source"": ""cluster_majority"", ""passes_threshold"": true, ""candidate_status"": ""Accepted"", ""rejection_reason"": null, ""validation_record_status"": ""valid""}, {""row_index"": 376, ""target_field"": ""sub_type"", ""algorithm"": ""knn"", ""predicted_value"": ""Over The Counter"", ""confidence"": 1.0, ""prediction_source"": ""nearest_neighbors"", ""passes_threshold"": true, ""candidate_status"": ""Accepted"", ""rejection_reason"": null, ""validation_record_status"": ""valid""}]",
377,sub_type,Over The Counter,1,Over The Counter,0.9972222222222222,Accepted,unanimous_vote,association_rules,"[""association_rules"", ""clustering"", ""grouped_majority"", ""knn""]",4,4,4,4,0.0,valid,True,"[{""row_index"": 377, ""target_field"": ""sub_type"", ""algorithm"": ""grouped_majority"", ""predicted_value"": ""Over The Counter"", ""confidence"": 0.9888888888888889, ""prediction_source"": ""group_majority"", ""passes_threshold"": true, ""candidate_status"": ""Accepted"", ""rejection_reason"": null, ""validation_record_status"": ""valid""}, {""row_index"": 377, ""target_field"": ""sub_type"", ""algorithm"": ""association_rules"", ""predicted_value"": ""Over The Counter"", ""confidence"": 1.0, ""prediction_source"": ""matched_rules"", ""passes_threshold"": true, ""candidate_status"": ""Accepted"", ""rejection_reason"": null, ""validation_record_status"": ""valid""}, {""row_index"": 377, ""target_field"": ""sub_type"", ""algorithm"": ""clustering"", ""predicted_value"": ""Over The Counter"", ""confidence"": 1.0, ""prediction_source"": ""cluster_majority"", ""passes_threshold"": true, ""candidate_status"": ""Accepted"", ""rejection_reason"": null, ""validation_record_status"": ""valid""}, {""row_index"": 377, ""target_field"": ""sub_type"", ""algorithm"": ""knn"", ""predicted_value"": ""Over The Counter"", ""confidence"": 1.0, ""prediction_source"": ""nearest_neighbors"", ""passes_threshold"": true, ""candidate_status"": ""Accepted"", ""rejection_reason"": null, ""validation_record_status"": ""valid""}]",
378,sub_type,Over The Counter,1,Over The Counter,0.969980506822612,Accepted,majority_vote,knn,"[""clustering"", ""grouped_majority"", ""knn""]",3,4,4,4,0.0,valid,True,"[{""row_index"": 378, ""target_field"": ""sub_type"", ""algorithm"": ""grouped_majority"", ""predicted_value"": ""Over The Counter"", ""confidence"": 0.9888888888888889, ""prediction_source"": ""group_majority"", ""passes_threshold"": true, ""candidate_status"": ""Accepted"", ""rejection_reason"": null, ""validation_record_status"": ""valid""}, {""row_index"": 378, ""target_field"": ""sub_type"", ""algorithm"": ""association_rules"", ""predicted_value"": ""Residential Building Report"", ""confidence"": 0.5913978494623656, ""prediction_source"": ""matched_rules"", ""passes_threshold"": true, ""candidate_status"": ""Accepted"", ""rejection_reason"": null, ""validation_record_status"": ""valid""}, {""row_index"": 378, ""target_field"": ""sub_type"", ""algorithm"": ""clustering"", ""predicted_value"": ""Over The Counter"", ""confidence"": 0.9210526315789473, ""prediction_source"": ""cluster_majority"", ""passes_threshold"": true, ""candidate_status"": ""Accepted"", ""rejection_reason"": null, ""validation_record_status"": ""valid""}, {""row_index"": 378, ""target_field"": ""sub_type"", ""algorithm"": ""knn"", ""predicted_value"": ""Over The Counter"", ""confidence"": 1.0, ""prediction_source"": ""nearest_neighbors"", ""passes_threshold"": true, ""candidate_status"": ""Accepted"", ""rejection_reason"": null, ""validation_record_status"": ""valid""}]",
379,sub_type,Over The Counter,1,,1.0,Requires Review,average_confidence_tiebreak,grouped_majority,"[""grouped_majority"", ""knn""]",2,4,4,4,0.0,valid,False,"[{""row_index"": 379, ""target_field"": ""sub_type"", ""algorithm"": ""grouped_majority"", ""predicted_value"": ""Over The Counter"", ""confidence"": 1.0, ""prediction_source"": ""group_majority"", ""passes_threshold"": true, ""candidate_status"": ""Accepted"", ""rejection_reason"": null, ""validation_record_status"": ""valid""}, {""row_index"": 379, ""target_field"": ""sub_type"", ""algorithm"": ""association_rules"", ""predicted_value"": ""Residential Building Report"", ""confidence"": 0.8346456692913387, ""prediction_source"": ""matched_rules"", ""passes_threshold"": true, ""candidate_status"": ""Accepted"", ""rejection_reason"": null, ""validation_record_status"": ""valid""}, {""row_index"": 379, ""target_field"": ""sub_type"", ""algorithm"": ""clustering"", ""predicted_value"": ""Residential Building Report"", ""confidence"": 0.6666666666666666, ""prediction_source"": ""cluster_majority"", ""passes_threshold"": true, ""candidate_status"": ""Accepted"", ""rejection_reason"": null, ""validation_record_status"": ""valid""}, {""row_index"": 379, ""target_field"": ""sub_type"", ""algorithm"": ""knn"", ""predicted_value"": ""Over The Counter"", ""confidence"": 1.0, ""prediction_source"": ""nearest_neighbors"", ""passes_threshold"": true, ""candidate_status"": ""Accepted"", ""rejection_reason"": null, ""validation_record_status"": ""valid""}]",
380,sub_type,Over The Counter,1,Over The Counter,0.969980506822612,Accepted,majority_vote,knn,"[""clustering"", ""grouped_majority"", ""knn""]",3,4,4,4,0.0,valid,True,"[{""row_index"": 380, ""target_field"": ""sub_type"", ""algorithm"": ""grouped_majority"", ""predicted_value"": ""Over The Counter"", ""confidence"": 0.9888888888888889, ""prediction_source"": ""group_majority"", ""passes_threshold"": true, ""candidate_status"": ""Accepted"", ""rejection_reason"": null, ""validation_record_status"": ""valid""}, {""row_index"": 380, ""target_field"": ""sub_type"", ""algorithm"": ""association_rules"", ""predicted_value"": ""Residential Building Report"", ""confidence"": 0.5913978494623656, ""prediction_source"": ""matched_rules"", ""passes_threshold"": true, ""candidate_status"": ""Accepted"", ""rejection_reason"": null, ""validation_record_status"": ""valid""}, {""row_index"": 380, ""target_field"": ""sub_type"", ""algorithm"": ""clustering"", ""predicted_value"": ""Over The Counter"", ""confidence"": 0.9210526315789473, ""prediction_source"": ""cluster_majority"", ""passes_threshold"": true, ""candidate_status"": ""Accepted"", ""rejection_reason"": null, ""validation_record_status"": ""valid""}, {""row_index"": 380, ""target_field"": ""sub_type"", ""algorithm"": ""knn"", ""predicted_value"": ""Over The Counter"", ""confidence"": 1.0, ""prediction_source"": ""nearest_neighbors"", ""passes_threshold"": true, ""candidate_status"": ""Accepted"", ""rejection_reason"": null, ""validation_record_status"": ""valid""}]",
381,sub_type,Over The Counter,1,Over The Counter,0.9751268895509213,Accepted,unanimous_vote,knn,"[""association_rules"", ""clustering"", ""grouped_majority"", ""knn""]",4,4,4,4,0.0,valid,True,"[{""row_index"": 381, ""target_field"": ""sub_type"", ""algorithm"": ""grouped_majority"", ""predicted_value"": ""Over The Counter"", ""confidence"": 0.9888888888888889, ""prediction_source"": ""group_majority"", ""passes_threshold"": true, ""candidate_status"": ""Accepted"", ""rejection_reason"": null, ""validation_record_status"": ""valid""}, {""row_index"": 381, ""target_field"": ""sub_type"", ""algorithm"": ""association_rules"", ""predicted_value"": ""Over The Counter"", ""confidence"": 0.9905660377358491, ""prediction_source"": ""matched_rules"", ""passes_threshold"": true, ""candidate_status"": ""Accepted"", ""rejection_reason"": null, ""validation_record_status"": ""valid""}, {""row_index"": 381, ""target_field"": ""sub_type"", ""algorithm"": ""clustering"", ""predicted_value"": ""Over The Counter"", ""confidence"": 0.9210526315789473, ""prediction_source"": ""cluster_majority"", ""passes_threshold"": true, ""candidate_status"": ""Accepted"", ""rejection_reason"": null, ""validation_record_status"": ""valid""}, {""row_index"": 381, ""target_field"": ""sub_type"", ""algorithm"": ""knn"", ""predicted_value"": ""Over The Counter"", ""confidence"": 1.0, ""prediction_source"": ""nearest_neighbors"", ""passes_threshold"": true, ""candidate_status"": ""Accepted"", ""rejection_reason"": null, ""validation_record_status"": ""valid""}]",
383,sub_type,Over The Counter,1,Over The Counter,0.9972222222222222,Accepted,unanimous_vote,association_rules,"[""association_rules"", ""clustering"", ""grouped_majority"", ""knn""]",4,4,4,4,0.0,valid,True,"[{""row_index"": 383, ""target_field"": ""sub_type"", ""algorithm"": ""grouped_majority"", ""predicted_value"": ""Over The Counter"", ""confidence"": 0.9888888888888889, ""prediction_source"": ""group_majority"", ""passes_threshold"": true, ""candidate_status"": ""Accepted"", ""rejection_reason"": null, ""validation_record_status"": ""valid""}, {""row_index"": 383, ""target_field"": ""sub_type"", ""algorithm"": ""association_rules"", ""predicted_value"": ""Over The Counter"", ""confidence"": 1.0, ""prediction_source"": ""matched_rules"", ""passes_threshold"": true, ""candidate_status"": ""Accepted"", ""rejection_reason"": null, ""validation_record_status"": ""valid""}, {""row_index"": 383, ""target_field"": ""sub_type"", ""algorithm"": ""clustering"", ""predicted_value"": ""Over The Counter"", ""confidence"": 1.0, ""prediction_source"": ""cluster_majority"", ""passes_threshold"": true, ""candidate_status"": ""Accepted"", ""rejection_reason"": null, ""validation_record_status"": ""valid""}, {""row_index"": 383, ""target_field"": ""sub_type"", ""algorithm"": ""knn"", ""predicted_value"": ""Over The Counter"", ""confidence"": 1.0, ""prediction_source"": ""nearest_neighbors"", ""passes_threshold"": true, ""candidate_status"": ""Accepted"", ""rejection_reason"": null, ""validation_record_status"": ""valid""}]",
384,sub_type,Over The Counter,1,Over The Counter,0.9774853801169591,Accepted,unanimous_vote,association_rules,"[""association_rules"", ""clustering"", ""grouped_majority"", ""knn""]",4,4,4,4,0.0,valid,True,"[{""row_index"": 384, ""target_field"": ""sub_type"", ""algorithm"": ""grouped_majority"", ""predicted_value"": ""Over The Counter"", ""confidence"": 0.9888888888888889, ""prediction_source"": ""group_majority"", ""passes_threshold"": true, ""candidate_status"": ""Accepted"", ""rejection_reason"": null, ""validation_record_status"": ""valid""}, {""row_index"": 384, ""target_field"": ""sub_type"", ""algorithm"": ""association_rules"", ""predicted_value"": ""Over The Counter"", ""confidence"": 1.0, ""prediction_source"": ""matched_rules"", ""passes_threshold"": true, ""candidate_status"": ""Accepted"", ""rejection_reason"": null, ""validation_record_status"": ""valid""}, {""row_index"": 384, ""target_field"": ""sub_type"", ""algorithm"": ""clustering"", ""predicted_value"": ""Over The Counter"", ""confidence"": 0.9210526315789473, ""prediction_source"": ""cluster_majority"", ""passes_threshold"": true, ""candidate_status"": ""Accepted"", ""rejection_reason"": null, ""validation_record_status"": ""valid""}, {""row_index"": 384, ""target_field"": ""sub_type"", ""algorithm"": ""knn"", ""predicted_value"": ""Over The Counter"", ""confidence"": 1.0, ""prediction_source"": ""nearest_neighbors"", ""passes_threshold"": true, ""candidate_status"": ""Accepted"", ""rejection_reason"": null, ""validation_record_status"": ""valid""}]",
385,sub_type,Over The Counter,1,Over The Counter,0.9972222222222222,Accepted,unanimous_vote,association_rules,"[""association_rules"", ""clustering"", ""grouped_majority"", ""knn""]",4,4,4,4,0.0,valid,True,"[{""row_index"": 385, ""target_field"": ""sub_type"", ""algorithm"": ""grouped_majority"", ""predicted_value"": ""Over The Counter"", ""confidence"": 0.9888888888888889, ""prediction_source"": ""group_majority"", ""passes_threshold"": true, ""candidate_status"": ""Accepted"", ""rejection_reason"": null, ""validation_record_status"": ""valid""}, {""row_index"": 385, ""target_field"": ""sub_type"", ""algorithm"": ""association_rules"", ""predicted_value"": ""Over The Counter"", ""confidence"": 1.0, ""prediction_source"": ""matched_rules"", ""passes_threshold"": true, ""candidate_status"": ""Accepted"", ""rejection_reason"": null, ""validation_record_status"": ""valid""}, {""row_index"": 385, ""target_field"": ""sub_type"", ""algorithm"": ""clustering"", ""predicted_value"": ""Over The Counter"", ""confidence"": 1.0, ""prediction_source"": ""cluster_majority"", ""passes_threshold"": true, ""candidate_status"": ""Accepted"", ""rejection_reason"": null, ""validation_record_status"": ""valid""}, {""row_index"": 385, ""target_field"": ""sub_type"", ""algorithm"": ""knn"", ""predicted_value"": ""Over The Counter"", ""confidence"": 1.0, ""prediction_source"": ""nearest_neighbors"", ""passes_threshold"": true, ""candidate_status"": ""Accepted"", ""rejection_reason"": null, ""validation_record_status"": ""valid""}]",
387,sub_type,Over The Counter,1,Over The Counter,0.969980506822612,Accepted,majority_vote,knn,"[""clustering"", ""grouped_majority"", ""knn""]",3,4,4,4,0.0,valid,True,"[{""row_index"": 387, ""target_field"": ""sub_type"", ""algorithm"": ""grouped_majority"", ""predicted_value"": ""Over The Counter"", ""confidence"": 0.9888888888888889, ""prediction_source"": ""group_majority"", ""passes_threshold"": true, ""candidate_status"": ""Accepted"", ""rejection_reason"": null, ""validation_record_status"": ""valid""}, {""row_index"": 387, ""target_field"": ""sub_type"", ""algorithm"": ""association_rules"", ""predicted_value"": ""Residential Building Report"", ""confidence"": 0.5913978494623656, ""prediction_source"": ""matched_rules"", ""passes_threshold"": true, ""candidate_status"": ""Accepted"", ""rejection_reason"": null, ""validation_record_status"": ""valid""}, {""row_index"": 387, ""target_field"": ""sub_type"", ""algorithm"": ""clustering"", ""predicted_value"": ""Over The Counter"", ""confidence"": 0.9210526315789473, ""prediction_source"": ""cluster_majority"", ""passes_threshold"": true, ""candidate_status"": ""Accepted"", ""rejection_reason"": null, ""validation_record_status"": ""valid""}, {""row_index"": 387, ""target_field"": ""sub_type"", ""algorithm"": ""knn"", ""predicted_value"": ""Over The Counter"", ""confidence"": 1.0, ""prediction_source"": ""nearest_neighbors"", ""passes_threshold"": true, ""candidate_status"": ""Accepted"", ""rejection_reason"": null, ""validation_record_status"": ""valid""}]",
388,sub_type,Over The Counter,1,Over The Counter,0.969980506822612,Accepted,majority_vote,knn,"[""clustering"", ""grouped_majority"", ""knn""]",3,4,4,4,0.0,valid,True,"[{""row_index"": 388, ""target_field"": ""sub_type"", ""algorithm"": ""grouped_majority"", ""predicted_value"": ""Over The Counter"", ""confidence"": 0.9888888888888889, ""prediction_source"": ""group_majority"", ""passes_threshold"": true, ""candidate_status"": ""Accepted"", ""rejection_reason"": null, ""validation_record_status"": ""valid""}, {""row_index"": 388, ""target_field"": ""sub_type"", ""algorithm"": ""association_rules"", ""predicted_value"": ""Residential Building Report"", ""confidence"": 0.55, ""prediction_source"": ""matched_rules"", ""passes_threshold"": true, ""candidate_status"": ""Accepted"", ""rejection_reason"": null, ""validation_record_status"": ""valid""}, {""row_index"": 388, ""target_field"": ""sub_type"", ""algorithm"": ""clustering"", ""predicted_value"": ""Over The Counter"", ""confidence"": 0.9210526315789473, ""prediction_source"": ""cluster_majority"", ""passes_threshold"": true, ""candidate_status"": ""Accepted"", ""rejection_reason"": null, ""validation_record_status"": ""valid""}, {""row_index"": 388, ""target_field"": ""sub_type"", ""algorithm"": ""knn"", ""predicted_value"": ""Over The Counter"", ""confidence"": 1.0, ""prediction_source"": ""nearest_neighbors"", ""passes_threshold"": true, ""candidate_status"": ""Accepted"", ""rejection_reason"": null, ""validation_record_status"": ""valid""}]",
393,sub_type,Residential Building Report,1,Residential Building Report,0.9097005884389062,Accepted,unanimous_vote,knn,"[""association_rules"", ""clustering"", ""grouped_majority"", ""knn""]",4,4,4,4,0.0,valid,True,"[{""row_index"": 393, ""target_field"": ""sub_type"", ""algorithm"": ""grouped_majority"", ""predicted_value"": ""Residential Building Report"", ""confidence"": 0.9814814814814815, ""prediction_source"": ""group_majority"", ""passes_threshold"": true, ""candidate_status"": ""Accepted"", ""rejection_reason"": null, ""validation_record_status"": ""valid""}, {""row_index"": 393, ""target_field"": ""sub_type"", ""algorithm"": ""association_rules"", ""predicted_value"": ""Residential Building Report"", ""confidence"": 0.9906542056074769, ""prediction_source"": ""matched_rules"", ""passes_threshold"": true, ""candidate_status"": ""Accepted"", ""rejection_reason"": null, ""validation_record_status"": ""valid""}, {""row_index"": 393, ""target_field"": ""sub_type"", ""algorithm"": ""clustering"", ""predicted_value"": ""Residential Building Report"", ""confidence"": 0.6666666666666666, ""prediction_source"": ""cluster_majority"", ""passes_threshold"": true, ""candidate_status"": ""Accepted"", ""rejection_reason"": null, ""validation_record_status"": ""valid""}, {""row_index"": 393, ""target_field"": ""sub_type"", ""algorithm"": ""knn"", ""predicted_value"": ""Residential Building Report"", ""confidence"": 1.0, ""prediction_source"": ""nearest_neighbors"", ""passes_threshold"": true, ""candidate_status"": ""Accepted"", ""rejection_reason"": null, ""validation_record_status"": ""valid""}]",
395,sub_type,Residential Building Report,1,Residential Building Report,0.9097005884389062,Accepted,unanimous_vote,knn,"[""association_rules"", ""clustering"", ""grouped_majority"", ""knn""]",4,4,4,4,0.0,valid,True,"[{""row_index"": 395, ""target_field"": ""sub_type"", ""algorithm"": ""grouped_majority"", ""predicted_value"": ""Residential Building Report"", ""confidence"": 0.9814814814814815, ""prediction_source"": ""group_majority"", ""passes_threshold"": true, ""candidate_status"": ""Accepted"", ""rejection_reason"": null, ""validation_record_status"": ""valid""}, {""row_index"": 395, ""target_field"": ""sub_type"", ""algorithm"": ""association_rules"", ""predicted_value"": ""Residential Building Report"", ""confidence"": 0.9906542056074769, ""prediction_source"": ""matched_rules"", ""passes_threshold"": true, ""candidate_status"": ""Accepted"", ""rejection_reason"": null, ""validation_record_status"": ""valid""}, {""row_index"": 395, ""target_field"": ""sub_type"", ""algorithm"": ""clustering"", ""predicted_value"": ""Residential Building Report"", ""confidence"": 0.6666666666666666, ""prediction_source"": ""cluster_majority"", ""passes_threshold"": true, ""candidate_status"": ""Accepted"", ""rejection_reason"": null, ""validation_record_status"": ""valid""}, {""row_index"": 395, ""target_field"": ""sub_type"", ""algorithm"": ""knn"", ""predicted_value"": ""Residential Building Report"", ""confidence"": 1.0, ""prediction_source"": ""nearest_neighbors"", ""passes_threshold"": true, ""candidate_status"": ""Accepted"", ""rejection_reason"": null, ""validation_record_status"": ""valid""}]",
398,sub_type,Residential Building Report,1,Residential Building Report,0.9097005884389062,Accepted,unanimous_vote,knn,"[""association_rules"", ""clustering"", ""grouped_majority"", ""knn""]",4,4,4,4,0.0,valid,True,"[{""row_index"": 398, ""target_field"": ""sub_type"", ""algorithm"": ""grouped_majority"", ""predicted_value"": ""Residential Building Report"", ""confidence"": 0.9814814814814815, ""prediction_source"": ""group_majority"", ""passes_threshold"": true, ""candidate_status"": ""Accepted"", ""rejection_reason"": null, ""validation_record_status"": ""valid""}, {""row_index"": 398, ""target_field"": ""sub_type"", ""algorithm"": ""association_rules"", ""predicted_value"": ""Residential Building Report"", ""confidence"": 0.9906542056074769, ""prediction_source"": ""matched_rules"", ""passes_threshold"": true, ""candidate_status"": ""Accepted"", ""rejection_reason"": null, ""validation_record_status"": ""valid""}, {""row_index"": 398, ""target_field"": ""sub_type"", ""algorithm"": ""clustering"", ""predicted_value"": ""Residential Building Report"", ""confidence"": 0.6666666666666666, ""prediction_source"": ""cluster_majority"", ""passes_threshold"": true, ""candidate_status"": ""Accepted"", ""rejection_reason"": null, ""validation_record_status"": ""valid""}, {""row_index"": 398, ""target_field"": ""sub_type"", ""algorithm"": ""knn"", ""predicted_value"": ""Residential Building Report"", ""confidence"": 1.0, ""prediction_source"": ""nearest_neighbors"", ""passes_threshold"": true, ""candidate_status"": ""Accepted"", ""rejection_reason"": null, ""validation_record_status"": ""valid""}]",
399,sub_type,Residential Building Report,1,Residential Building Report,0.9097005884389062,Accepted,unanimous_vote,knn,"[""association_rules"", ""clustering"", ""grouped_majority"", ""knn""]",4,4,4,4,0.0,valid,True,"[{""row_index"": 399, ""target_field"": ""sub_type"", ""algorithm"": ""grouped_majority"", ""predicted_value"": ""Residential Building Report"", ""confidence"": 0.9814814814814815, ""prediction_source"": ""group_majority"", ""passes_threshold"": true, ""candidate_status"": ""Accepted"", ""rejection_reason"": null, ""validation_record_status"": ""valid""}, {""row_index"": 399, ""target_field"": ""sub_type"", ""algorithm"": ""association_rules"", ""predicted_value"": ""Residential Building Report"", ""confidence"": 0.9906542056074769, ""prediction_source"": ""matched_rules"", ""passes_threshold"": true, ""candidate_status"": ""Accepted"", ""rejection_reason"": null, ""validation_record_status"": ""valid""}, {""row_index"": 399, ""target_field"": ""sub_type"", ""algorithm"": ""clustering"", ""predicted_value"": ""Residential Building Report"", ""confidence"": 0.6666666666666666, ""prediction_source"": ""cluster_majority"", ""passes_threshold"": true, ""candidate_status"": ""Accepted"", ""rejection_reason"": null, ""validation_record_status"": ""valid""}, {""row_index"": 399, ""target_field"": ""sub_type"", ""algorithm"": ""knn"", ""predicted_value"": ""Residential Building Report"", ""confidence"": 1.0, ""prediction_source"": ""nearest_neighbors"", ""passes_threshold"": true, ""candidate_status"": ""Accepted"", ""rejection_reason"": null, ""validation_record_status"": ""valid""}]",
401,sub_type,Residential Building Report,1,Residential Building Report,0.9097005884389062,Accepted,unanimous_vote,knn,"[""association_rules"", ""clustering"", ""grouped_majority"", ""knn""]",4,4,4,4,0.0,valid,True,"[{""row_index"": 401, ""target_field"": ""sub_type"", ""algorithm"": ""grouped_majority"", ""predicted_value"": ""Residential Building Report"", ""confidence"": 0.9814814814814815, ""prediction_source"": ""group_majority"", ""passes_threshold"": true, ""candidate_status"": ""Accepted"", ""rejection_reason"": null, ""validation_record_status"": ""valid""}, {""row_index"": 401, ""target_field"": ""sub_type"", ""algorithm"": ""association_rules"", ""predicted_value"": ""Residential Building Report"", ""confidence"": 0.9906542056074769, ""prediction_source"": ""matched_rules"", ""passes_threshold"": true, ""candidate_status"": ""Accepted"", ""rejection_reason"": null, ""validation_record_status"": ""valid""}, {""row_index"": 401, ""target_field"": ""sub_type"", ""algorithm"": ""clustering"", ""predicted_value"": ""Residential Building Report"", ""confidence"": 0.6666666666666666, ""prediction_source"": ""cluster_majority"", ""passes_threshold"": true, ""candidate_status"": ""Accepted"", ""rejection_reason"": null, ""validation_record_status"": ""valid""}, {""row_index"": 401, ""target_field"": ""sub_type"", ""algorithm"": ""knn"", ""predicted_value"": ""Residential Building Report"", ""confidence"": 1.0, ""prediction_source"": ""nearest_neighbors"", ""passes_threshold"": true, ""candidate_status"": ""Accepted"", ""rejection_reason"": null, ""validation_record_status"": ""valid""}]",
404,sub_type,Residential Building Report,1,Residential Building Report,0.9097005884389062,Accepted,unanimous_vote,knn,"[""association_rules"", ""clustering"", ""grouped_majority"", ""knn""]",4,4,4,4,0.0,valid,True,"[{""row_index"": 404, ""target_field"": ""sub_type"", ""algorithm"": ""grouped_majority"", ""predicted_value"": ""Residential Building Report"", ""confidence"": 0.9814814814814815, ""prediction_source"": ""group_majority"", ""passes_threshold"": true, ""candidate_status"": ""Accepted"", ""rejection_reason"": null, ""validation_record_status"": ""valid""}, {""row_index"": 404, ""target_field"": ""sub_type"", ""algorithm"": ""association_rules"", ""predicted_value"": ""Residential Building Report"", ""confidence"": 0.9906542056074769, ""prediction_source"": ""matched_rules"", ""passes_threshold"": true, ""candidate_status"": ""Accepted"", ""rejection_reason"": null, ""validation_record_status"": ""valid""}, {""row_index"": 404, ""target_field"": ""sub_type"", ""algorithm"": ""clustering"", ""predicted_value"": ""Residential Building Report"", ""confidence"": 0.6666666666666666, ""prediction_source"": ""cluster_majority"", ""passes_threshold"": true, ""candidate_status"": ""Accepted"", ""rejection_reason"": null, ""validation_record_status"": ""valid""}, {""row_index"": 404, ""target_field"": ""sub_type"", ""algorithm"": ""knn"", ""predicted_value"": ""Residential Building Report"", ""confidence"": 1.0, ""prediction_source"": ""nearest_neighbors"", ""passes_threshold"": true, ""candidate_status"": ""Accepted"", ""rejection_reason"": null, ""validation_record_status"": ""valid""}]",
409,sub_type,Residential Building Report,1,Residential Building Report,0.9097005884389062,Accepted,unanimous_vote,knn,"[""association_rules"", ""clustering"", ""grouped_majority"", ""knn""]",4,4,4,4,0.0,valid,True,"[{""row_index"": 409, ""target_field"": ""sub_type"", ""algorithm"": ""grouped_majority"", ""predicted_value"": ""Residential Building Report"", ""confidence"": 0.9814814814814815, ""prediction_source"": ""group_majority"", ""passes_threshold"": true, ""candidate_status"": ""Accepted"", ""rejection_reason"": null, ""validation_record_status"": ""valid""}, {""row_index"": 409, ""target_field"": ""sub_type"", ""algorithm"": ""association_rules"", ""predicted_value"": ""Residential Building Report"", ""confidence"": 0.9906542056074769, ""prediction_source"": ""matched_rules"", ""passes_threshold"": true, ""candidate_status"": ""Accepted"", ""rejection_reason"": null, ""validation_record_status"": ""valid""}, {""row_index"": 409, ""target_field"": ""sub_type"", ""algorithm"": ""clustering"", ""predicted_value"": ""Residential Building Report"", ""confidence"": 0.6666666666666666, ""prediction_source"": ""cluster_majority"", ""passes_threshold"": true, ""candidate_status"": ""Accepted"", ""rejection_reason"": null, ""validation_record_status"": ""valid""}, {""row_index"": 409, ""target_field"": ""sub_type"", ""algorithm"": ""knn"", ""predicted_value"": ""Residential Building Report"", ""confidence"": 1.0, ""prediction_source"": ""nearest_neighbors"", ""passes_threshold"": true, ""candidate_status"": ""Accepted"", ""rejection_reason"": null, ""validation_record_status"": ""valid""}]",
413,sub_type,Residential Building Report,1,Residential Building Report,0.9097005884389062,Accepted,unanimous_vote,knn,"[""association_rules"", ""clustering"", ""grouped_majority"", ""knn""]",4,4,4,4,0.0,valid,True,"[{""row_index"": 413, ""target_field"": ""sub_type"", ""algorithm"": ""grouped_majority"", ""predicted_value"": ""Residential Building Report"", ""confidence"": 0.9814814814814815, ""prediction_source"": ""group_majority"", ""passes_threshold"": true, ""candidate_status"": ""Accepted"", ""rejection_reason"": null, ""validation_record_status"": ""valid""}, {""row_index"": 413, ""target_field"": ""sub_type"", ""algorithm"": ""association_rules"", ""predicted_value"": ""Residential Building Report"", ""confidence"": 0.9906542056074769, ""prediction_source"": ""matched_rules"", ""passes_threshold"": true, ""candidate_status"": ""Accepted"", ""rejection_reason"": null, ""validation_record_status"": ""valid""}, {""row_index"": 413, ""target_field"": ""sub_type"", ""algorithm"": ""clustering"", ""predicted_value"": ""Residential Building Report"", ""confidence"": 0.6666666666666666, ""prediction_source"": ""cluster_majority"", ""passes_threshold"": true, ""candidate_status"": ""Accepted"", ""rejection_reason"": null, ""validation_record_status"": ""valid""}, {""row_index"": 413, ""target_field"": ""sub_type"", ""algorithm"": ""knn"", ""predicted_value"": ""Residential Building Report"", ""confidence"": 1.0, ""prediction_source"": ""nearest_neighbors"", ""passes_threshold"": true, ""candidate_status"": ""Accepted"", ""rejection_reason"": null, ""validation_record_status"": ""valid""}]",
415,sub_type,Residential Building Report,1,Residential Building Report,0.9097005884389062,Accepted,unanimous_vote,knn,"[""association_rules"", ""clustering"", ""grouped_majority"", ""knn""]",4,4,4,4,0.0,valid,True,"[{""row_index"": 415, ""target_field"": ""sub_type"", ""algorithm"": ""grouped_majority"", ""predicted_value"": ""Residential Building Report"", ""confidence"": 0.9814814814814815, ""prediction_source"": ""group_majority"", ""passes_threshold"": true, ""candidate_status"": ""Accepted"", ""rejection_reason"": null, ""validation_record_status"": ""valid""}, {""row_index"": 415, ""target_field"": ""sub_type"", ""algorithm"": ""association_rules"", ""predicted_value"": ""Residential Building Report"", ""confidence"": 0.9906542056074769, ""prediction_source"": ""matched_rules"", ""passes_threshold"": true, ""candidate_status"": ""Accepted"", ""rejection_reason"": null, ""validation_record_status"": ""valid""}, {""row_index"": 415, ""target_field"": ""sub_type"", ""algorithm"": ""clustering"", ""predicted_value"": ""Residential Building Report"", ""confidence"": 0.6666666666666666, ""prediction_source"": ""cluster_majority"", ""passes_threshold"": true, ""candidate_status"": ""Accepted"", ""rejection_reason"": null, ""validation_record_status"": ""valid""}, {""row_index"": 415, ""target_field"": ""sub_type"", ""algorithm"": ""knn"", ""predicted_value"": ""Residential Building Report"", ""confidence"": 1.0, ""prediction_source"": ""nearest_neighbors"", ""passes_threshold"": true, ""candidate_status"": ""Accepted"", ""rejection_reason"": null, ""validation_record_status"": ""valid""}]",
419,sub_type,Residential Building Report,1,Residential Building Report,0.9097005884389062,Accepted,unanimous_vote,knn,"[""association_rules"", ""clustering"", ""grouped_majority"", ""knn""]",4,4,4,4,0.0,valid,True,"[{""row_index"": 419, ""target_field"": ""sub_type"", ""algorithm"": ""grouped_majority"", ""predicted_value"": ""Residential Building Report"", ""confidence"": 0.9814814814814815, ""prediction_source"": ""group_majority"", ""passes_threshold"": true, ""candidate_status"": ""Accepted"", ""rejection_reason"": null, ""validation_record_status"": ""valid""}, {""row_index"": 419, ""target_field"": ""sub_type"", ""algorithm"": ""association_rules"", ""predicted_value"": ""Residential Building Report"", ""confidence"": 0.9906542056074769, ""prediction_source"": ""matched_rules"", ""passes_threshold"": true, ""candidate_status"": ""Accepted"", ""rejection_reason"": null, ""validation_record_status"": ""valid""}, {""row_index"": 419, ""target_field"": ""sub_type"", ""algorithm"": ""clustering"", ""predicted_value"": ""Residential Building Report"", ""confidence"": 0.6666666666666666, ""prediction_source"": ""cluster_majority"", ""passes_threshold"": true, ""candidate_status"": ""Accepted"", ""rejection_reason"": null, ""validation_record_status"": ""valid""}, {""row_index"": 419, ""target_field"": ""sub_type"", ""algorithm"": ""knn"", ""predicted_value"": ""Residential Building Report"", ""confidence"": 1.0, ""prediction_source"": ""nearest_neighbors"", ""passes_threshold"": true, ""candidate_status"": ""Accepted"", ""rejection_reason"": null, ""validation_record_status"": ""valid""}]",
420,sub_type,Residential Building Report,1,Residential Building Report,0.9097005884389062,Accepted,unanimous_vote,knn,"[""association_rules"", ""clustering"", ""grouped_majority"", ""knn""]",4,4,4,4,0.0,valid,True,"[{""row_index"": 420, ""target_field"": ""sub_type"", ""algorithm"": ""grouped_majority"", ""predicted_value"": ""Residential Building Report"", ""confidence"": 0.9814814814814815, ""prediction_source"": ""group_majority"", ""passes_threshold"": true, ""candidate_status"": ""Accepted"", ""rejection_reason"": null, ""validation_record_status"": ""valid""}, {""row_index"": 420, ""target_field"": ""sub_type"", ""algorithm"": ""association_rules"", ""predicted_value"": ""Residential Building Report"", ""confidence"": 0.9906542056074769, ""prediction_source"": ""matched_rules"", ""passes_threshold"": true, ""candidate_status"": ""Accepted"", ""rejection_reason"": null, ""validation_record_status"": ""valid""}, {""row_index"": 420, ""target_field"": ""sub_type"", ""algorithm"": ""clustering"", ""predicted_value"": ""Residential Building Report"", ""confidence"": 0.6666666666666666, ""prediction_source"": ""cluster_majority"", ""passes_threshold"": true, ""candidate_status"": ""Accepted"", ""rejection_reason"": null, ""validation_record_status"": ""valid""}, {""row_index"": 420, ""target_field"": ""sub_type"", ""algorithm"": ""knn"", ""predicted_value"": ""Residential Building Report"", ""confidence"": 1.0, ""prediction_source"": ""nearest_neighbors"", ""passes_threshold"": true, ""candidate_status"": ""Accepted"", ""rejection_reason"": null, ""validation_record_status"": ""valid""}]",
422,sub_type,Residential Building Report,1,Residential Building Report,0.9097005884389062,Accepted,unanimous_vote,knn,"[""association_rules"", ""clustering"", ""grouped_majority"", ""knn""]",4,4,4,4,0.0,valid,True,"[{""row_index"": 422, ""target_field"": ""sub_type"", ""algorithm"": ""grouped_majority"", ""predicted_value"": ""Residential Building Report"", ""confidence"": 0.9814814814814815, ""prediction_source"": ""group_majority"", ""passes_threshold"": true, ""candidate_status"": ""Accepted"", ""rejection_reason"": null, ""validation_record_status"": ""valid""}, {""row_index"": 422, ""target_field"": ""sub_type"", ""algorithm"": ""association_rules"", ""predicted_value"": ""Residential Building Report"", ""confidence"": 0.9906542056074769, ""prediction_source"": ""matched_rules"", ""passes_threshold"": true, ""candidate_status"": ""Accepted"", ""rejection_reason"": null, ""validation_record_status"": ""valid""}, {""row_index"": 422, ""target_field"": ""sub_type"", ""algorithm"": ""clustering"", ""predicted_value"": ""Residential Building Report"", ""confidence"": 0.6666666666666666, ""prediction_source"": ""cluster_majority"", ""passes_threshold"": true, ""candidate_status"": ""Accepted"", ""rejection_reason"": null, ""validation_record_status"": ""valid""}, {""row_index"": 422, ""target_field"": ""sub_type"", ""algorithm"": ""knn"", ""predicted_value"": ""Residential Building Report"", ""confidence"": 1.0, ""prediction_source"": ""nearest_neighbors"", ""passes_threshold"": true, ""candidate_status"": ""Accepted"", ""rejection_reason"": null, ""validation_record_status"": ""valid""}]",
425,sub_type,Full Plan Check,1,Over The Counter,0.6421399327862662,Accepted,majority_vote,knn,"[""clustering"", ""grouped_majority"", ""knn""]",3,4,4,4,0.0,valid,True,"[{""row_index"": 425, ""target_field"": ""sub_type"", ""algorithm"": ""grouped_majority"", ""predicted_value"": ""Over The Counter"", ""confidence"": 0.599388379204893, ""prediction_source"": ""group_majority"", ""passes_threshold"": true, ""candidate_status"": ""Accepted"", ""rejection_reason"": null, ""validation_record_status"": ""valid""}, {""row_index"": 425, ""target_field"": ""sub_type"", ""algorithm"": ""association_rules"", ""predicted_value"": ""Full Plan Check"", ""confidence"": 0.8571428571428572, ""prediction_source"": ""matched_rules"", ""passes_threshold"": true, ""candidate_status"": ""Accepted"", ""rejection_reason"": null, ""validation_record_status"": ""valid""}, {""row_index"": 425, ""target_field"": ""sub_type"", ""algorithm"": ""clustering"", ""predicted_value"": ""Over The Counter"", ""confidence"": 0.5882352941176471, ""prediction_source"": ""cluster_majority"", ""passes_threshold"": true, ""candidate_status"": ""Accepted"", ""rejection_reason"": null, ""validation_record_status"": ""valid""}, {""row_index"": 425, ""target_field"": ""sub_type"", ""algorithm"": ""knn"", ""predicted_value"": ""Over The Counter"", ""confidence"": 0.7387961250362586, ""prediction_source"": ""nearest_neighbors"", ""passes_threshold"": true, ""candidate_status"": ""Accepted"", ""rejection_reason"": null, ""validation_record_status"": ""valid""}]",
427,sub_type,Full Plan Check,1,,0.9285714285714286,Requires Review,average_confidence_tiebreak,knn,"[""association_rules"", ""knn""]",2,4,4,4,0.0,valid,False,"[{""row_index"": 427, ""target_field"": ""sub_type"", ""algorithm"": ""grouped_majority"", ""predicted_value"": ""Over The Counter"", ""confidence"": 0.5567375886524822, ""prediction_source"": ""group_majority"", ""passes_threshold"": true, ""candidate_status"": ""Accepted"", ""rejection_reason"": null, ""validation_record_status"": ""valid""}, {""row_index"": 427, ""target_field"": ""sub_type"", ""algorithm"": ""association_rules"", ""predicted_value"": ""Full Plan Check"", ""confidence"": 0.8571428571428572, ""prediction_source"": ""matched_rules"", ""passes_threshold"": true, ""candidate_status"": ""Accepted"", ""rejection_reason"": null, ""validation_record_status"": ""valid""}, {""row_index"": 427, ""target_field"": ""sub_type"", ""algorithm"": ""clustering"", ""predicted_value"": ""Over The Counter"", ""confidence"": 0.5882352941176471, ""prediction_source"": ""cluster_majority"", ""passes_threshold"": true, ""candidate_status"": ""Accepted"", ""rejection_reason"": null, ""validation_record_status"": ""valid""}, {""row_index"": 427, ""target_field"": ""sub_type"", ""algorithm"": ""knn"", ""predicted_value"": ""Full Plan Check"", ""confidence"": 1.0, ""prediction_source"": ""nearest_neighbors"", ""passes_threshold"": true, ""candidate_status"": ""Accepted"", ""rejection_reason"": null, ""validation_record_status"": ""valid""}]",
429,sub_type,Full Plan Check,1,,0.75,Requires Review,average_confidence_tiebreak,knn,"[""association_rules"", ""knn""]",2,4,4,4,0.0,valid,False,"[{""row_index"": 429, ""target_field"": ""sub_type"", ""algorithm"": ""grouped_majority"", ""predicted_value"": ""Over The Counter"", ""confidence"": 0.5567375886524822, ""prediction_source"": ""group_majority"", ""passes_threshold"": true, ""candidate_status"": ""Accepted"", ""rejection_reason"": null, ""validation_record_status"": ""valid""}, {""row_index"": 429, ""target_field"": ""sub_type"", ""algorithm"": ""association_rules"", ""predicted_value"": ""In House Plan Check"", ""confidence"": 0.5, ""prediction_source"": ""matched_rules"", ""passes_threshold"": true, ""candidate_status"": ""Accepted"", ""rejection_reason"": null, ""validation_record_status"": ""valid""}, {""row_index"": 429, ""target_field"": ""sub_type"", ""algorithm"": ""clustering"", ""predicted_value"": ""Over The Counter"", ""confidence"": 0.4074074074074074, ""prediction_source"": ""cluster_majority"", ""passes_threshold"": true, ""candidate_status"": ""Accepted"", ""rejection_reason"": null, ""validation_record_status"": ""valid""}, {""row_index"": 429, ""target_field"": ""sub_type"", ""algorithm"": ""knn"", ""predicted_value"": ""In House Plan Check"", ""confidence"": 1.0, ""prediction_source"": ""nearest_neighbors"", ""passes_threshold"": true, ""candidate_status"": ""Accepted"", ""rejection_reason"": null, ""validation_record_status"": ""valid""}]",
430,sub_type,Full Plan Check,1,Over The Counter,0.6708952957514781,Accepted,majority_vote,association_rules,"[""association_rules"", ""clustering"", ""grouped_majority""]",3,4,4,4,0.0,valid,True,"[{""row_index"": 430, ""target_field"": ""sub_type"", ""algorithm"": ""grouped_majority"", ""predicted_value"": ""Over The Counter"", ""confidence"": 0.5567375886524822, ""prediction_source"": ""group_majority"", ""passes_threshold"": true, ""candidate_status"": ""Accepted"", ""rejection_reason"": null, ""validation_record_status"": ""valid""}, {""row_index"": 430, ""target_field"": ""sub_type"", ""algorithm"": ""association_rules"", ""predicted_value"": ""Over The Counter"", ""confidence"": 0.8677130044843048, ""prediction_source"": ""matched_rules"", ""passes_threshold"": true, ""candidate_status"": ""Accepted"", ""rejection_reason"": null, ""validation_record_status"": ""valid""}, {""row_index"": 430, ""target_field"": ""sub_type"", ""algorithm"": ""clustering"", ""predicted_value"": ""Over The Counter"", ""confidence"": 0.5882352941176471, ""prediction_source"": ""cluster_majority"", ""passes_threshold"": true, ""candidate_status"": ""Accepted"", ""rejection_reason"": null, ""validation_record_status"": ""valid""}, {""row_index"": 430, ""target_field"": ""sub_type"", ""algorithm"": ""knn"", ""predicted_value"": ""Full Plan Check"", ""confidence"": 0.8, ""prediction_source"": ""nearest_neighbors"", ""passes_threshold"": true, ""candidate_status"": ""Accepted"", ""rejection_reason"": null, ""validation_record_status"": ""valid""}]",
431,sub_type,Full Plan Check,1,Over The Counter,0.5809445068833513,Accepted,majority_vote,association_rules,"[""association_rules"", ""clustering"", ""grouped_majority""]",3,4,4,4,0.0,valid,True,"[{""row_index"": 431, ""target_field"": ""sub_type"", ""algorithm"": ""grouped_majority"", ""predicted_value"": ""Over The Counter"", ""confidence"": 0.5567375886524822, ""prediction_source"": ""group_majority"", ""passes_threshold"": true, ""candidate_status"": ""Accepted"", ""rejection_reason"": null, ""validation_record_status"": ""valid""}, {""row_index"": 431, ""target_field"": ""sub_type"", ""algorithm"": ""association_rules"", ""predicted_value"": ""Over The Counter"", ""confidence"": 0.778688524590164, ""prediction_source"": ""matched_rules"", ""passes_threshold"": true, ""candidate_status"": ""Accepted"", ""rejection_reason"": null, ""validation_record_status"": ""valid""}, {""row_index"": 431, ""target_field"": ""sub_type"", ""algorithm"": ""clustering"", ""predicted_value"": ""Over The Counter"", ""confidence"": 0.4074074074074074, ""prediction_source"": ""cluster_majority"", ""passes_threshold"": true, ""candidate_status"": ""Accepted"", ""rejection_reason"": null, ""validation_record_status"": ""valid""}, {""row_index"": 431, ""target_field"": ""sub_type"", ""algorithm"": ""knn"", ""predicted_value"": ""Full Plan Check"", ""confidence"": 0.4, ""prediction_source"": ""nearest_neighbors"", ""passes_threshold"": true, ""candidate_status"": ""Accepted"", ""rejection_reason"": null, ""validation_record_status"": ""valid""}]",
437,sub_type,In House Plan Check,1,Over The Counter,0.7258265540258657,Accepted,unanimous_vote,association_rules,"[""association_rules"", ""clustering"", ""grouped_majority"", ""knn""]",4,4,4,4,0.0,valid,True,"[{""row_index"": 437, ""target_field"": ""sub_type"", ""algorithm"": ""grouped_majority"", ""predicted_value"": ""Over The Counter"", ""confidence"": 0.5567375886524822, ""prediction_source"": ""group_majority"", ""passes_threshold"": true, ""candidate_status"": ""Accepted"", ""rejection_reason"": null, ""validation_record_status"": ""valid""}, {""row_index"": 437, ""target_field"": ""sub_type"", ""algorithm"": ""association_rules"", ""predicted_value"": ""Over The Counter"", ""confidence"": 0.9583333333333333, ""prediction_source"": ""matched_rules"", ""passes_threshold"": true, ""candidate_status"": ""Accepted"", ""rejection_reason"": null, ""validation_record_status"": ""valid""}, {""row_index"": 437, ""target_field"": ""sub_type"", ""algorithm"": ""clustering"", ""predicted_value"": ""Over The Counter"", ""confidence"": 0.5882352941176471, ""prediction_source"": ""cluster_majority"", ""passes_threshold"": true, ""candidate_status"": ""Accepted"", ""rejection_reason"": null, ""validation_record_status"": ""valid""}, {""row_index"": 437, ""target_field"": ""sub_type"", ""algorithm"": ""knn"", ""predicted_value"": ""Over The Counter"", ""confidence"": 0.8, ""prediction_source"": ""nearest_neighbors"", ""passes_threshold"": true, ""candidate_status"": ""Accepted"", ""rejection_reason"": null, ""validation_record_status"": ""valid""}]",
438,sub_type,In House Plan Check,1,Over The Counter,0.7152293191774762,Accepted,majority_vote,association_rules,"[""association_rules"", ""clustering"", ""grouped_majority""]",3,4,4,4,0.0,valid,True,"[{""row_index"": 438, ""target_field"": ""sub_type"", ""algorithm"": ""grouped_majority"", ""predicted_value"": ""Over The Counter"", ""confidence"": 0.5567375886524822, ""prediction_source"": ""group_majority"", ""passes_threshold"": true, ""candidate_status"": ""Accepted"", ""rejection_reason"": null, ""validation_record_status"": ""valid""}, {""row_index"": 438, ""target_field"": ""sub_type"", ""algorithm"": ""association_rules"", ""predicted_value"": ""Over The Counter"", ""confidence"": 0.8988095238095238, ""prediction_source"": ""matched_rules"", ""passes_threshold"": true, ""candidate_status"": ""Accepted"", ""rejection_reason"": null, ""validation_record_status"": ""valid""}, {""row_index"": 438, ""target_field"": ""sub_type"", ""algorithm"": ""clustering"", ""predicted_value"": ""Over The Counter"", ""confidence"": 0.6901408450704225, ""prediction_source"": ""cluster_majority"", ""passes_threshold"": true, ""candidate_status"": ""Accepted"", ""rejection_reason"": null, ""validation_record_status"": ""valid""}, {""row_index"": 438, ""target_field"": ""sub_type"", ""algorithm"": ""knn"", ""predicted_value"": ""In House Plan Check"", ""confidence"": 0.6, ""prediction_source"": ""nearest_neighbors"", ""passes_threshold"": true, ""candidate_status"": ""Accepted"", ""rejection_reason"": null, ""validation_record_status"": ""valid""}]",
439,sub_type,In House Plan Check,1,Over The Counter,0.6631662976156093,Accepted,unanimous_vote,association_rules,"[""association_rules"", ""clustering"", ""grouped_majority"", ""knn""]",4,4,4,4,0.0,valid,True,"[{""row_index"": 439, ""target_field"": ""sub_type"", ""algorithm"": ""grouped_majority"", ""predicted_value"": ""Over The Counter"", ""confidence"": 0.5567375886524822, ""prediction_source"": ""group_majority"", ""passes_threshold"": true, ""candidate_status"": ""Accepted"", ""rejection_reason"": null, ""validation_record_status"": ""valid""}, {""row_index"": 439, ""target_field"": ""sub_type"", ""algorithm"": ""association_rules"", ""predicted_value"": ""Over The Counter"", ""confidence"": 0.9076923076923077, ""prediction_source"": ""matched_rules"", ""passes_threshold"": true, ""candidate_status"": ""Accepted"", ""rejection_reason"": null, ""validation_record_status"": ""valid""}, {""row_index"": 439, ""target_field"": ""sub_type"", ""algorithm"": ""clustering"", ""predicted_value"": ""Over The Counter"", ""confidence"": 0.5882352941176471, ""prediction_source"": ""cluster_majority"", ""passes_threshold"": true, ""candidate_status"": ""Accepted"", ""rejection_reason"": null, ""validation_record_status"": ""valid""}, {""row_index"": 439, ""target_field"": ""sub_type"", ""algorithm"": ""knn"", ""predicted_value"": ""Over The Counter"", ""confidence"": 0.6, ""prediction_source"": ""nearest_neighbors"", ""passes_threshold"": true, ""candidate_status"": ""Accepted"", ""rejection_reason"": null, ""validation_record_status"": ""valid""}]",
445,sub_type,Over The Counter,1,Over The Counter,0.8317373461012312,Accepted,majority_vote,knn,"[""clustering"", ""grouped_majority"", ""knn""]",3,4,4,4,0.0,valid,True,"[{""row_index"": 445, ""target_field"": ""sub_type"", ""algorithm"": ""grouped_majority"", ""predicted_value"": ""Over The Counter"", ""confidence"": 0.9069767441860465, ""prediction_source"": ""group_majority"", ""passes_threshold"": true, ""candidate_status"": ""Accepted"", ""rejection_reason"": null, ""validation_record_status"": ""valid""}, {""row_index"": 445, ""target_field"": ""sub_type"", ""algorithm"": ""association_rules"", ""predicted_value"": ""Residential Building Report"", ""confidence"": 0.6708860759493671, ""prediction_source"": ""matched_rules"", ""passes_threshold"": true, ""candidate_status"": ""Accepted"", ""rejection_reason"": null, ""validation_record_status"": ""valid""}, {""row_index"": 445, ""target_field"": ""sub_type"", ""algorithm"": ""clustering"", ""predicted_value"": ""Over The Counter"", ""confidence"": 0.5882352941176471, ""prediction_source"": ""cluster_majority"", ""passes_threshold"": true, ""candidate_status"": ""Accepted"", ""rejection_reason"": null, ""validation_record_status"": ""valid""}, {""row_index"": 445, ""target_field"": ""sub_type"", ""algorithm"": ""knn"", ""predicted_value"": ""Over The Counter"", ""confidence"": 1.0, ""prediction_source"": ""nearest_neighbors"", ""passes_threshold"": true, ""candidate_status"": ""Accepted"", ""rejection_reason"": null, ""validation_record_status"": ""valid""}]",
446,sub_type,Over The Counter,1,Over The Counter,0.9072638530002871,Accepted,majority_vote,knn,"[""clustering"", ""grouped_majority"", ""knn""]",3,4,4,4,0.0,valid,True,"[{""row_index"": 446, ""target_field"": ""sub_type"", ""algorithm"": ""grouped_majority"", ""predicted_value"": ""Over The Counter"", ""confidence"": 0.9069767441860465, ""prediction_source"": ""group_majority"", ""passes_threshold"": true, ""candidate_status"": ""Accepted"", ""rejection_reason"": null, ""validation_record_status"": ""valid""}, {""row_index"": 446, ""target_field"": ""sub_type"", ""algorithm"": ""association_rules"", ""predicted_value"": ""Residential Building Report"", ""confidence"": 0.5247524752475248, ""prediction_source"": ""matched_rules"", ""passes_threshold"": true, ""candidate_status"": ""Accepted"", ""rejection_reason"": null, ""validation_record_status"": ""valid""}, {""row_index"": 446, ""target_field"": ""sub_type"", ""algorithm"": ""clustering"", ""predicted_value"": ""Over The Counter"", ""confidence"": 0.8148148148148148, ""prediction_source"": ""cluster_majority"", ""passes_threshold"": true, ""candidate_status"": ""Accepted"", ""rejection_reason"": null, ""validation_record_status"": ""valid""}, {""row_index"": 446, ""target_field"": ""sub_type"", ""algorithm"": ""knn"", ""predicted_value"": ""Over The Counter"", ""confidence"": 1.0, ""prediction_source"": ""nearest_neighbors"", ""passes_threshold"": true, ""candidate_status"": ""Accepted"", ""rejection_reason"": null, ""validation_record_status"": ""valid""}]",
447,sub_type,Over The Counter,1,Over The Counter,0.7675904818192052,Accepted,unanimous_vote,association_rules,"[""association_rules"", ""clustering"", ""grouped_majority"", ""knn""]",4,4,4,4,0.0,valid,True,"[{""row_index"": 447, ""target_field"": ""sub_type"", ""algorithm"": ""grouped_majority"", ""predicted_value"": ""Over The Counter"", ""confidence"": 0.5567375886524822, ""prediction_source"": ""group_majority"", ""passes_threshold"": true, ""candidate_status"": ""Accepted"", ""rejection_reason"": null, ""validation_record_status"": ""valid""}, {""row_index"": 447, ""target_field"": ""sub_type"", ""algorithm"": ""association_rules"", ""predicted_value"": ""Over The Counter"", ""confidence"": 0.8988095238095238, ""prediction_source"": ""matched_rules"", ""passes_threshold"": true, ""candidate_status"": ""Accepted"", ""rejection_reason"": null, ""validation_record_status"": ""valid""}, {""row_index"": 447, ""target_field"": ""sub_type"", ""algorithm"": ""clustering"", ""predicted_value"": ""Over The Counter"", ""confidence"": 0.8148148148148148, ""prediction_source"": ""cluster_majority"", ""passes_threshold"": true, ""candidate_status"": ""Accepted"", ""rejection_reason"": null, ""validation_record_status"": ""valid""}, {""row_index"": 447, ""target_field"": ""sub_type"", ""algorithm"": ""knn"", ""predicted_value"": ""Over The Counter"", ""confidence"": 0.8, ""prediction_source"": ""nearest_neighbors"", ""passes_threshold"": true, ""candidate_status"": ""Accepted"", ""rejection_reason"": null, ""validation_record_status"": ""valid""}]",
448,sub_type,Over The Counter,1,Over The Counter,0.7801008011557657,Accepted,majority_vote,association_rules,"[""association_rules"", ""clustering"", ""grouped_majority""]",3,4,4,4,0.0,valid,True,"[{""row_index"": 448, ""target_field"": ""sub_type"", ""algorithm"": ""grouped_majority"", ""predicted_value"": ""Over The Counter"", ""confidence"": 0.5567375886524822, ""prediction_source"": ""group_majority"", ""passes_threshold"": true, ""candidate_status"": ""Accepted"", ""rejection_reason"": null, ""validation_record_status"": ""valid""}, {""row_index"": 448, ""target_field"": ""sub_type"", ""algorithm"": ""association_rules"", ""predicted_value"": ""Over The Counter"", ""confidence"": 0.96875, ""prediction_source"": ""matched_rules"", ""passes_threshold"": true, ""candidate_status"": ""Accepted"", ""rejection_reason"": null, ""validation_record_status"": ""valid""}, {""row_index"": 448, ""target_field"": ""sub_type"", ""algorithm"": ""clustering"", ""predicted_value"": ""Over The Counter"", ""confidence"": 0.8148148148148148, ""prediction_source"": ""cluster_majority"", ""passes_threshold"": true, ""candidate_status"": ""Accepted"", ""rejection_reason"": null, ""validation_record_status"": ""valid""}, {""row_index"": 448, ""target_field"": ""sub_type"", ""algorithm"": ""knn"", ""predicted_value"": ""Full Plan Check"", ""confidence"": 0.5, ""prediction_source"": ""nearest_neighbors"", ""passes_threshold"": true, ""candidate_status"": ""Accepted"", ""rejection_reason"": null, ""validation_record_status"": ""valid""}]",
450,sub_type,Over The Counter,1,Over The Counter,0.7258265540258657,Accepted,unanimous_vote,association_rules,"[""association_rules"", ""clustering"", ""grouped_majority"", ""knn""]",4,4,4,4,0.0,valid,True,"[{""row_index"": 450, ""target_field"": ""sub_type"", ""algorithm"": ""grouped_majority"", ""predicted_value"": ""Over The Counter"", ""confidence"": 0.5567375886524822, ""prediction_source"": ""group_majority"", ""passes_threshold"": true, ""candidate_status"": ""Accepted"", ""rejection_reason"": null, ""validation_record_status"": ""valid""}, {""row_index"": 450, ""target_field"": ""sub_type"", ""algorithm"": ""association_rules"", ""predicted_value"": ""Over The Counter"", ""confidence"": 0.9583333333333333, ""prediction_source"": ""matched_rules"", ""passes_threshold"": true, ""candidate_status"": ""Accepted"", ""rejection_reason"": null, ""validation_record_status"": ""valid""}, {""row_index"": 450, ""target_field"": ""sub_type"", ""algorithm"": ""clustering"", ""predicted_value"": ""Over The Counter"", ""confidence"": 0.5882352941176471, ""prediction_source"": ""cluster_majority"", ""passes_threshold"": true, ""candidate_status"": ""Accepted"", ""rejection_reason"": null, ""validation_record_status"": ""valid""}, {""row_index"": 450, ""target_field"": ""sub_type"", ""algorithm"": ""knn"", ""predicted_value"": ""Over The Counter"", ""confidence"": 0.8, ""prediction_source"": ""nearest_neighbors"", ""passes_threshold"": true, ""candidate_status"": ""Accepted"", ""rejection_reason"": null, ""validation_record_status"": ""valid""}]",
457,sub_type,Over The Counter,1,Over The Counter,0.799039196418823,Accepted,majority_vote,grouped_majority,"[""clustering"", ""grouped_majority"", ""knn""]",3,4,4,4,0.0,valid,True,"[{""row_index"": 457, ""target_field"": ""sub_type"", ""algorithm"": ""grouped_majority"", ""predicted_value"": ""Over The Counter"", ""confidence"": 0.9069767441860465, ""prediction_source"": ""group_majority"", ""passes_threshold"": true, ""candidate_status"": ""Accepted"", ""rejection_reason"": null, ""validation_record_status"": ""valid""}, {""row_index"": 457, ""target_field"": ""sub_type"", ""algorithm"": ""association_rules"", ""predicted_value"": ""Residential Building Report"", ""confidence"": 0.5247524752475248, ""prediction_source"": ""matched_rules"", ""passes_threshold"": true, ""candidate_status"": ""Accepted"", ""rejection_reason"": null, ""validation_record_status"": ""valid""}, {""row_index"": 457, ""target_field"": ""sub_type"", ""algorithm"": ""clustering"", ""predicted_value"": ""Over The Counter"", ""confidence"": 0.6901408450704225, ""prediction_source"": ""cluster_majority"", ""passes_threshold"": true, ""candidate_status"": ""Accepted"", ""rejection_reason"": null, ""validation_record_status"": ""valid""}, {""row_index"": 457, ""target_field"": ""sub_type"", ""algorithm"": ""knn"", ""predicted_value"": ""Over The Counter"", ""confidence"": 0.8, ""prediction_source"": ""nearest_neighbors"", ""passes_threshold"": true, ""candidate_status"": ""Accepted"", ""rejection_reason"": null, ""validation_record_status"": ""valid""}]",
458,sub_type,Over The Counter,1,Over The Counter,0.799039196418823,Accepted,majority_vote,grouped_majority,"[""clustering"", ""grouped_majority"", ""knn""]",3,4,4,4,0.0,valid,True,"[{""row_index"": 458, ""target_field"": ""sub_type"", ""algorithm"": ""grouped_majority"", ""predicted_value"": ""Over The Counter"", ""confidence"": 0.9069767441860465, ""prediction_source"": ""group_majority"", ""passes_threshold"": true, ""candidate_status"": ""Accepted"", ""rejection_reason"": null, ""validation_record_status"": ""valid""}, {""row_index"": 458, ""target_field"": ""sub_type"", ""algorithm"": ""association_rules"", ""predicted_value"": ""Residential Building Report"", ""confidence"": 0.5247524752475248, ""prediction_source"": ""matched_rules"", ""passes_threshold"": true, ""candidate_status"": ""Accepted"", ""rejection_reason"": null, ""validation_record_status"": ""valid""}, {""row_index"": 458, ""target_field"": ""sub_type"", ""algorithm"": ""clustering"", ""predicted_value"": ""Over The Counter"", ""confidence"": 0.6901408450704225, ""prediction_source"": ""cluster_majority"", ""passes_threshold"": true, ""candidate_status"": ""Accepted"", ""rejection_reason"": null, ""validation_record_status"": ""valid""}, {""row_index"": 458, ""target_field"": ""sub_type"", ""algorithm"": ""knn"", ""predicted_value"": ""Over The Counter"", ""confidence"": 0.8, ""prediction_source"": ""nearest_neighbors"", ""passes_threshold"": true, ""candidate_status"": ""Accepted"", ""rejection_reason"": null, ""validation_record_status"": ""valid""}]",
459,sub_type,Over The Counter,1,Over The Counter,0.6864219893831072,Accepted,unanimous_vote,association_rules,"[""association_rules"", ""clustering"", ""grouped_majority"", ""knn""]",4,4,4,4,0.0,valid,True,"[{""row_index"": 459, ""target_field"": ""sub_type"", ""algorithm"": ""grouped_majority"", ""predicted_value"": ""Over The Counter"", ""confidence"": 0.5567375886524822, ""prediction_source"": ""group_majority"", ""passes_threshold"": true, ""candidate_status"": ""Accepted"", ""rejection_reason"": null, ""validation_record_status"": ""valid""}, {""row_index"": 459, ""target_field"": ""sub_type"", ""algorithm"": ""association_rules"", ""predicted_value"": ""Over The Counter"", ""confidence"": 0.8988095238095238, ""prediction_source"": ""matched_rules"", ""passes_threshold"": true, ""candidate_status"": ""Accepted"", ""rejection_reason"": null, ""validation_record_status"": ""valid""}, {""row_index"": 459, ""target_field"": ""sub_type"", ""algorithm"": ""clustering"", ""predicted_value"": ""Over The Counter"", ""confidence"": 0.6901408450704225, ""prediction_source"": ""cluster_majority"", ""passes_threshold"": true, ""candidate_status"": ""Accepted"", ""rejection_reason"": null, ""validation_record_status"": ""valid""}, {""row_index"": 459, ""target_field"": ""sub_type"", ""algorithm"": ""knn"", ""predicted_value"": ""Over The Counter"", ""confidence"": 0.6, ""prediction_source"": ""nearest_neighbors"", ""passes_threshold"": true, ""candidate_status"": ""Accepted"", ""rejection_reason"": null, ""validation_record_status"": ""valid""}]",
461,sub_type,Over The Counter,1,Over The Counter,0.7862432206925324,Accepted,unanimous_vote,association_rules,"[""association_rules"", ""clustering"", ""grouped_majority"", ""knn""]",4,4,4,4,0.0,valid,True,"[{""row_index"": 461, ""target_field"": ""sub_type"", ""algorithm"": ""grouped_majority"", ""predicted_value"": ""Over The Counter"", ""confidence"": 0.5567375886524822, ""prediction_source"": ""group_majority"", ""passes_threshold"": true, ""candidate_status"": ""Accepted"", ""rejection_reason"": null, ""validation_record_status"": ""valid""}, {""row_index"": 461, ""target_field"": ""sub_type"", ""algorithm"": ""association_rules"", ""predicted_value"": ""Over The Counter"", ""confidence"": 1.0, ""prediction_source"": ""matched_rules"", ""passes_threshold"": true, ""candidate_status"": ""Accepted"", ""rejection_reason"": null, ""validation_record_status"": ""valid""}, {""row_index"": 461, ""target_field"": ""sub_type"", ""algorithm"": ""clustering"", ""predicted_value"": ""Over The Counter"", ""confidence"": 0.5882352941176471, ""prediction_source"": ""cluster_majority"", ""passes_threshold"": true, ""candidate_status"": ""Accepted"", ""rejection_reason"": null, ""validation_record_status"": ""valid""}, {""row_index"": 461, ""target_field"": ""sub_type"", ""algorithm"": ""knn"", ""predicted_value"": ""Over The Counter"", ""confidence"": 1.0, ""prediction_source"": ""nearest_neighbors"", ""passes_threshold"": true, ""candidate_status"": ""Accepted"", ""rejection_reason"": null, ""validation_record_status"": ""valid""}]",
464,sub_type,Over The Counter,1,Over The Counter,0.692909887359199,Accepted,unanimous_vote,association_rules,"[""association_rules"", ""clustering"", ""grouped_majority"", ""knn""]",4,4,4,4,0.0,valid,True,"[{""row_index"": 464, ""target_field"": ""sub_type"", ""algorithm"": ""grouped_majority"", ""predicted_value"": ""Over The Counter"", ""confidence"": 0.5567375886524822, ""prediction_source"": ""group_majority"", ""passes_threshold"": true, ""candidate_status"": ""Accepted"", ""rejection_reason"": null, ""validation_record_status"": ""valid""}, {""row_index"": 464, ""target_field"": ""sub_type"", ""algorithm"": ""association_rules"", ""predicted_value"": ""Over The Counter"", ""confidence"": 0.9600000000000001, ""prediction_source"": ""matched_rules"", ""passes_threshold"": true, ""candidate_status"": ""Accepted"", ""rejection_reason"": null, ""validation_record_status"": ""valid""}, {""row_index"": 464, ""target_field"": ""sub_type"", ""algorithm"": ""clustering"", ""predicted_value"": ""Over The Counter"", ""confidence"": 0.5882352941176471, ""prediction_source"": ""cluster_majority"", ""passes_threshold"": true, ""candidate_status"": ""Accepted"", ""rejection_reason"": null, ""validation_record_status"": ""valid""}, {""row_index"": 464, ""target_field"": ""sub_type"", ""algorithm"": ""knn"", ""predicted_value"": ""Over The Counter"", ""confidence"": 0.6666666666666666, ""prediction_source"": ""nearest_neighbors"", ""passes_threshold"": true, ""candidate_status"": ""Accepted"", ""rejection_reason"": null, ""validation_record_status"": ""valid""}]",
466,sub_type,Over The Counter,1,Over The Counter,0.8068176476464124,Accepted,unanimous_vote,knn,"[""association_rules"", ""clustering"", ""grouped_majority"", ""knn""]",4,4,4,4,0.0,valid,True,"[{""row_index"": 466, ""target_field"": ""sub_type"", ""algorithm"": ""grouped_majority"", ""predicted_value"": ""Over The Counter"", ""confidence"": 0.5567375886524822, ""prediction_source"": ""group_majority"", ""passes_threshold"": true, ""candidate_status"": ""Accepted"", ""rejection_reason"": null, ""validation_record_status"": ""valid""}, {""row_index"": 466, ""target_field"": ""sub_type"", ""algorithm"": ""association_rules"", ""predicted_value"": ""Over The Counter"", ""confidence"": 0.9803921568627451, ""prediction_source"": ""matched_rules"", ""passes_threshold"": true, ""candidate_status"": ""Accepted"", ""rejection_reason"": null, ""validation_record_status"": ""valid""}, {""row_index"": 466, ""target_field"": ""sub_type"", ""algorithm"": ""clustering"", ""predicted_value"": ""Over The Counter"", ""confidence"": 0.6901408450704225, ""prediction_source"": ""cluster_majority"", ""passes_threshold"": true, ""candidate_status"": ""Accepted"", ""rejection_reason"": null, ""validation_record_status"": ""valid""}, {""row_index"": 466, ""target_field"": ""sub_type"", ""algorithm"": ""knn"", ""predicted_value"": ""Over The Counter"", ""confidence"": 1.0, ""prediction_source"": ""nearest_neighbors"", ""passes_threshold"": true, ""candidate_status"": ""Accepted"", ""rejection_reason"": null, ""validation_record_status"": ""valid""}]",
470,sub_type,Over The Counter,1,Over The Counter,0.9001209921355112,Accepted,majority_vote,grouped_majority,"[""clustering"", ""grouped_majority"", ""knn""]",3,4,4,4,0.0,valid,True,"[{""row_index"": 470, ""target_field"": ""sub_type"", ""algorithm"": ""grouped_majority"", ""predicted_value"": ""Over The Counter"", ""confidence"": 0.9793103448275862, ""prediction_source"": ""group_majority"", ""passes_threshold"": true, ""candidate_status"": ""Accepted"", ""rejection_reason"": null, ""validation_record_status"": ""valid""}, {""row_index"": 470, ""target_field"": ""sub_type"", ""algorithm"": ""association_rules"", ""predicted_value"": ""Residential Building Report"", ""confidence"": 0.5913978494623656, ""prediction_source"": ""matched_rules"", ""passes_threshold"": true, ""candidate_status"": ""Accepted"", ""rejection_reason"": null, ""validation_record_status"": ""valid""}, {""row_index"": 470, ""target_field"": ""sub_type"", ""algorithm"": ""clustering"", ""predicted_value"": ""Over The Counter"", ""confidence"": 0.9210526315789473, ""prediction_source"": ""cluster_majority"", ""passes_threshold"": true, ""candidate_status"": ""Accepted"", ""rejection_reason"": null, ""validation_record_status"": ""valid""}, {""row_index"": 470, ""target_field"": ""sub_type"", ""algorithm"": ""knn"", ""predicted_value"": ""Over The Counter"", ""confidence"": 0.8, ""prediction_source"": ""nearest_neighbors"", ""passes_threshold"": true, ""candidate_status"": ""Accepted"", ""rejection_reason"": null, ""validation_record_status"": ""valid""}]",
474,sub_type,Over The Counter,1,Over The Counter,0.8466794380587483,Accepted,unanimous_vote,association_rules,"[""association_rules"", ""clustering"", ""grouped_majority"", ""knn""]",4,4,4,4,0.0,valid,True,"[{""row_index"": 474, ""target_field"": ""sub_type"", ""algorithm"": ""grouped_majority"", ""predicted_value"": ""Over The Counter"", ""confidence"": 0.9793103448275862, ""prediction_source"": ""group_majority"", ""passes_threshold"": true, ""candidate_status"": ""Accepted"", ""rejection_reason"": null, ""validation_record_status"": ""valid""}, {""row_index"": 474, ""target_field"": ""sub_type"", ""algorithm"": ""association_rules"", ""predicted_value"": ""Over The Counter"", ""confidence"": 1.0, ""prediction_source"": ""matched_rules"", ""passes_threshold"": true, ""candidate_status"": ""Accepted"", ""rejection_reason"": null, ""validation_record_status"": ""valid""}, {""row_index"": 474, ""target_field"": ""sub_type"", ""algorithm"": ""clustering"", ""predicted_value"": ""Over The Counter"", ""confidence"": 0.4074074074074074, ""prediction_source"": ""cluster_majority"", ""passes_threshold"": true, ""candidate_status"": ""Accepted"", ""rejection_reason"": null, ""validation_record_status"": ""valid""}, {""row_index"": 474, ""target_field"": ""sub_type"", ""algorithm"": ""knn"", ""predicted_value"": ""Over The Counter"", ""confidence"": 1.0, ""prediction_source"": ""nearest_neighbors"", ""passes_threshold"": true, ""candidate_status"": ""Accepted"", ""rejection_reason"": null, ""validation_record_status"": ""valid""}]",
476,sub_type,Over The Counter,1,Over The Counter,0.9920185974428516,Accepted,unanimous_vote,association_rules,"[""association_rules"", ""clustering"", ""grouped_majority"", ""knn""]",4,4,4,4,0.0,valid,True,"[{""row_index"": 476, ""target_field"": ""sub_type"", ""algorithm"": ""grouped_majority"", ""predicted_value"": ""Over The Counter"", ""confidence"": 0.9793103448275862, ""prediction_source"": ""group_majority"", ""passes_threshold"": true, ""candidate_status"": ""Accepted"", ""rejection_reason"": null, ""validation_record_status"": ""valid""}, {""row_index"": 476, ""target_field"": ""sub_type"", ""algorithm"": ""association_rules"", ""predicted_value"": ""Over The Counter"", ""confidence"": 1.0, ""prediction_source"": ""matched_rules"", ""passes_threshold"": true, ""candidate_status"": ""Accepted"", ""rejection_reason"": null, ""validation_record_status"": ""valid""}, {""row_index"": 476, ""target_field"": ""sub_type"", ""algorithm"": ""clustering"", ""predicted_value"": ""Over The Counter"", ""confidence"": 0.9887640449438202, ""prediction_source"": ""cluster_majority"", ""passes_threshold"": true, ""candidate_status"": ""Accepted"", ""rejection_reason"": null, ""validation_record_status"": ""valid""}, {""row_index"": 476, ""target_field"": ""sub_type"", ""algorithm"": ""knn"", ""predicted_value"": ""Over The Counter"", ""confidence"": 1.0, ""prediction_source"": ""nearest_neighbors"", ""passes_threshold"": true, ""candidate_status"": ""Accepted"", ""rejection_reason"": null, ""validation_record_status"": ""valid""}]",
480,sub_type,Over The Counter,1,Over The Counter,0.9750907441016334,Accepted,unanimous_vote,association_rules,"[""association_rules"", ""clustering"", ""grouped_majority"", ""knn""]",4,4,4,4,0.0,valid,True,"[{""row_index"": 480, ""target_field"": ""sub_type"", ""algorithm"": ""grouped_majority"", ""predicted_value"": ""Over The Counter"", ""confidence"": 0.9793103448275862, ""prediction_source"": ""group_majority"", ""passes_threshold"": true, ""candidate_status"": ""Accepted"", ""rejection_reason"": null, ""validation_record_status"": ""valid""}, {""row_index"": 480, ""target_field"": ""sub_type"", ""algorithm"": ""association_rules"", ""predicted_value"": ""Over The Counter"", ""confidence"": 1.0, ""prediction_source"": ""matched_rules"", ""passes_threshold"": true, ""candidate_status"": ""Accepted"", ""rejection_reason"": null, ""validation_record_status"": ""valid""}, {""row_index"": 480, ""target_field"": ""sub_type"", ""algorithm"": ""clustering"", ""predicted_value"": ""Over The Counter"", ""confidence"": 0.9210526315789473, ""prediction_source"": ""cluster_majority"", ""passes_threshold"": true, ""candidate_status"": ""Accepted"", ""rejection_reason"": null, ""validation_record_status"": ""valid""}, {""row_index"": 480, ""target_field"": ""sub_type"", ""algorithm"": ""knn"", ""predicted_value"": ""Over The Counter"", ""confidence"": 1.0, ""prediction_source"": ""nearest_neighbors"", ""passes_threshold"": true, ""candidate_status"": ""Accepted"", ""rejection_reason"": null, ""validation_record_status"": ""valid""}]",
481,sub_type,Over The Counter,1,Over The Counter,0.9750907441016334,Accepted,unanimous_vote,association_rules,"[""association_rules"", ""clustering"", ""grouped_majority"", ""knn""]",4,4,4,4,0.0,valid,True,"[{""row_index"": 481, ""target_field"": ""sub_type"", ""algorithm"": ""grouped_majority"", ""predicted_value"": ""Over The Counter"", ""confidence"": 0.9793103448275862, ""prediction_source"": ""group_majority"", ""passes_threshold"": true, ""candidate_status"": ""Accepted"", ""rejection_reason"": null, ""validation_record_status"": ""valid""}, {""row_index"": 481, ""target_field"": ""sub_type"", ""algorithm"": ""association_rules"", ""predicted_value"": ""Over The Counter"", ""confidence"": 1.0, ""prediction_source"": ""matched_rules"", ""passes_threshold"": true, ""candidate_status"": ""Accepted"", ""rejection_reason"": null, ""validation_record_status"": ""valid""}, {""row_index"": 481, ""target_field"": ""sub_type"", ""algorithm"": ""clustering"", ""predicted_value"": ""Over The Counter"", ""confidence"": 0.9210526315789473, ""prediction_source"": ""cluster_majority"", ""passes_threshold"": true, ""candidate_status"": ""Accepted"", ""rejection_reason"": null, ""validation_record_status"": ""valid""}, {""row_index"": 481, ""target_field"": ""sub_type"", ""algorithm"": ""knn"", ""predicted_value"": ""Over The Counter"", ""confidence"": 1.0, ""prediction_source"": ""nearest_neighbors"", ""passes_threshold"": true, ""candidate_status"": ""Accepted"", ""rejection_reason"": null, ""validation_record_status"": ""valid""}]",
487,sub_type,Over The Counter,1,Over The Counter,0.9750907441016334,Accepted,unanimous_vote,association_rules,"[""association_rules"", ""clustering"", ""grouped_majority"", ""knn""]",4,4,4,4,0.0,valid,True,"[{""row_index"": 487, ""target_field"": ""sub_type"", ""algorithm"": ""grouped_majority"", ""predicted_value"": ""Over The Counter"", ""confidence"": 0.9793103448275862, ""prediction_source"": ""group_majority"", ""passes_threshold"": true, ""candidate_status"": ""Accepted"", ""rejection_reason"": null, ""validation_record_status"": ""valid""}, {""row_index"": 487, ""target_field"": ""sub_type"", ""algorithm"": ""association_rules"", ""predicted_value"": ""Over The Counter"", ""confidence"": 1.0, ""prediction_source"": ""matched_rules"", ""passes_threshold"": true, ""candidate_status"": ""Accepted"", ""rejection_reason"": null, ""validation_record_status"": ""valid""}, {""row_index"": 487, ""target_field"": ""sub_type"", ""algorithm"": ""clustering"", ""predicted_value"": ""Over The Counter"", ""confidence"": 0.9210526315789473, ""prediction_source"": ""cluster_majority"", ""passes_threshold"": true, ""candidate_status"": ""Accepted"", ""rejection_reason"": null, ""validation_record_status"": ""valid""}, {""row_index"": 487, ""target_field"": ""sub_type"", ""algorithm"": ""knn"", ""predicted_value"": ""Over The Counter"", ""confidence"": 1.0, ""prediction_source"": ""nearest_neighbors"", ""passes_threshold"": true, ""candidate_status"": ""Accepted"", ""rejection_reason"": null, ""validation_record_status"": ""valid""}]",
488,sub_type,Over The Counter,1,Over The Counter,0.9920185974428516,Accepted,unanimous_vote,association_rules,"[""association_rules"", ""clustering"", ""grouped_majority"", ""knn""]",4,4,4,4,0.0,valid,True,"[{""row_index"": 488, ""target_field"": ""sub_type"", ""algorithm"": ""grouped_majority"", ""predicted_value"": ""Over The Counter"", ""confidence"": 0.9793103448275862, ""prediction_source"": ""group_majority"", ""passes_threshold"": true, ""candidate_status"": ""Accepted"", ""rejection_reason"": null, ""validation_record_status"": ""valid""}, {""row_index"": 488, ""target_field"": ""sub_type"", ""algorithm"": ""association_rules"", ""predicted_value"": ""Over The Counter"", ""confidence"": 1.0, ""prediction_source"": ""matched_rules"", ""passes_threshold"": true, ""candidate_status"": ""Accepted"", ""rejection_reason"": null, ""validation_record_status"": ""valid""}, {""row_index"": 488, ""target_field"": ""sub_type"", ""algorithm"": ""clustering"", ""predicted_value"": ""Over The Counter"", ""confidence"": 0.9887640449438202, ""prediction_source"": ""cluster_majority"", ""passes_threshold"": true, ""candidate_status"": ""Accepted"", ""rejection_reason"": null, ""validation_record_status"": ""valid""}, {""row_index"": 488, ""target_field"": ""sub_type"", ""algorithm"": ""knn"", ""predicted_value"": ""Over The Counter"", ""confidence"": 1.0, ""prediction_source"": ""nearest_neighbors"", ""passes_threshold"": true, ""candidate_status"": ""Accepted"", ""rejection_reason"": null, ""validation_record_status"": ""valid""}]",
489,sub_type,Over The Counter,1,Over The Counter,0.9906888102088091,Accepted,unanimous_vote,knn,"[""association_rules"", ""clustering"", ""grouped_majority"", ""knn""]",4,4,4,4,0.0,valid,True,"[{""row_index"": 489, ""target_field"": ""sub_type"", ""algorithm"": ""grouped_majority"", ""predicted_value"": ""Over The Counter"", ""confidence"": 0.9793103448275862, ""prediction_source"": ""group_majority"", ""passes_threshold"": true, ""candidate_status"": ""Accepted"", ""rejection_reason"": null, ""validation_record_status"": ""valid""}, {""row_index"": 489, ""target_field"": ""sub_type"", ""algorithm"": ""association_rules"", ""predicted_value"": ""Over The Counter"", ""confidence"": 0.9946808510638299, ""prediction_source"": ""matched_rules"", ""passes_threshold"": true, ""candidate_status"": ""Accepted"", ""rejection_reason"": null, ""validation_record_status"": ""valid""}, {""row_index"": 489, ""target_field"": ""sub_type"", ""algorithm"": ""clustering"", ""predicted_value"": ""Over The Counter"", ""confidence"": 0.9887640449438202, ""prediction_source"": ""cluster_majority"", ""passes_threshold"": true, ""candidate_status"": ""Accepted"", ""rejection_reason"": null, ""validation_record_status"": ""valid""}, {""row_index"": 489, ""target_field"": ""sub_type"", ""algorithm"": ""knn"", ""predicted_value"": ""Over The Counter"", ""confidence"": 1.0, ""prediction_source"": ""nearest_neighbors"", ""passes_threshold"": true, ""candidate_status"": ""Accepted"", ""rejection_reason"": null, ""validation_record_status"": ""valid""}]",
491,sub_type,Over The Counter,1,Over The Counter,1.0,Accepted,unanimous_vote,association_rules,"[""association_rules"", ""clustering"", ""grouped_majority"", ""knn""]",4,4,4,4,0.0,valid,True,"[{""row_index"": 491, ""target_field"": ""sub_type"", ""algorithm"": ""grouped_majority"", ""predicted_value"": ""Over The Counter"", ""confidence"": 1.0, ""prediction_source"": ""group_majority"", ""passes_threshold"": true, ""candidate_status"": ""Accepted"", ""rejection_reason"": null, ""validation_record_status"": ""valid""}, {""row_index"": 491, ""target_field"": ""sub_type"", ""algorithm"": ""association_rules"", ""predicted_value"": ""Over The Counter"", ""confidence"": 1.0, ""prediction_source"": ""matched_rules"", ""passes_threshold"": true, ""candidate_status"": ""Accepted"", ""rejection_reason"": null, ""validation_record_status"": ""valid""}, {""row_index"": 491, ""target_field"": ""sub_type"", ""algorithm"": ""clustering"", ""predicted_value"": ""Over The Counter"", ""confidence"": 1.0, ""prediction_source"": ""cluster_majority"", ""passes_threshold"": true, ""candidate_status"": ""Accepted"", ""rejection_reason"": null, ""validation_record_status"": ""valid""}, {""row_index"": 491, ""target_field"": ""sub_type"", ""algorithm"": ""knn"", ""predicted_value"": ""Over The Counter"", ""confidence"": 1.0, ""prediction_source"": ""nearest_neighbors"", ""passes_threshold"": true, ""candidate_status"": ""Accepted"", ""rejection_reason"": null, ""validation_record_status"": ""valid""}]",
492,sub_type,Over The Counter,1,Over The Counter,1.0,Accepted,unanimous_vote,association_rules,"[""association_rules"", ""clustering"", ""grouped_majority"", ""knn""]",4,4,4,4,0.0,valid,True,"[{""row_index"": 492, ""target_field"": ""sub_type"", ""algorithm"": ""grouped_majority"", ""predicted_value"": ""Over The Counter"", ""confidence"": 1.0, ""prediction_source"": ""group_majority"", ""passes_threshold"": true, ""candidate_status"": ""Accepted"", ""rejection_reason"": null, ""validation_record_status"": ""valid""}, {""row_index"": 492, ""target_field"": ""sub_type"", ""algorithm"": ""association_rules"", ""predicted_value"": ""Over The Counter"", ""confidence"": 1.0, ""prediction_source"": ""matched_rules"", ""passes_threshold"": true, ""candidate_status"": ""Accepted"", ""rejection_reason"": null, ""validation_record_status"": ""valid""}, {""row_index"": 492, ""target_field"": ""sub_type"", ""algorithm"": ""clustering"", ""predicted_value"": ""Over The Counter"", ""confidence"": 1.0, ""prediction_source"": ""cluster_majority"", ""passes_threshold"": true, ""candidate_status"": ""Accepted"", ""rejection_reason"": null, ""validation_record_status"": ""valid""}, {""row_index"": 492, ""target_field"": ""sub_type"", ""algorithm"": ""knn"", ""predicted_value"": ""Over The Counter"", ""confidence"": 1.0, ""prediction_source"": ""nearest_neighbors"", ""passes_threshold"": true, ""candidate_status"": ""Accepted"", ""rejection_reason"": null, ""validation_record_status"": ""valid""}]",
495,sub_type,Over The Counter,1,Over The Counter,1.0,Accepted,unanimous_vote,association_rules,"[""association_rules"", ""clustering"", ""grouped_majority"", ""knn""]",4,4,4,4,0.0,valid,True,"[{""row_index"": 495, ""target_field"": ""sub_type"", ""algorithm"": ""grouped_majority"", ""predicted_value"": ""Over The Counter"", ""confidence"": 1.0, ""prediction_source"": ""group_majority"", ""passes_threshold"": true, ""candidate_status"": ""Accepted"", ""rejection_reason"": null, ""validation_record_status"": ""valid""}, {""row_index"": 495, ""target_field"": ""sub_type"", ""algorithm"": ""association_rules"", ""predicted_value"": ""Over The Counter"", ""confidence"": 1.0, ""prediction_source"": ""matched_rules"", ""passes_threshold"": true, ""candidate_status"": ""Accepted"", ""rejection_reason"": null, ""validation_record_status"": ""valid""}, {""row_index"": 495, ""target_field"": ""sub_type"", ""algorithm"": ""clustering"", ""predicted_value"": ""Over The Counter"", ""confidence"": 1.0, ""prediction_source"": ""cluster_majority"", ""passes_threshold"": true, ""candidate_status"": ""Accepted"", ""rejection_reason"": null, ""validation_record_status"": ""valid""}, {""row_index"": 495, ""target_field"": ""sub_type"", ""algorithm"": ""knn"", ""predicted_value"": ""Over The Counter"", ""confidence"": 1.0, ""prediction_source"": ""nearest_neighbors"", ""passes_threshold"": true, ""candidate_status"": ""Accepted"", ""rejection_reason"": null, ""validation_record_status"": ""valid""}]",
499,sub_type,Over The Counter,1,Over The Counter,0.9802631578947368,Accepted,unanimous_vote,association_rules,"[""association_rules"", ""clustering"", ""grouped_majority"", ""knn""]",4,4,4,4,0.0,valid,True,"[{""row_index"": 499, ""target_field"": ""sub_type"", ""algorithm"": ""grouped_majority"", ""predicted_value"": ""Over The Counter"", ""confidence"": 1.0, ""prediction_source"": ""group_majority"", ""passes_threshold"": true, ""candidate_status"": ""Accepted"", ""rejection_reason"": null, ""validation_record_status"": ""valid""}, {""row_index"": 499, ""target_field"": ""sub_type"", ""algorithm"": ""association_rules"", ""predicted_value"": ""Over The Counter"", ""confidence"": 1.0, ""prediction_source"": ""matched_rules"", ""passes_threshold"": true, ""candidate_status"": ""Accepted"", ""rejection_reason"": null, ""validation_record_status"": ""valid""}, {""row_index"": 499, ""target_field"": ""sub_type"", ""algorithm"": ""clustering"", ""predicted_value"": ""Over The Counter"", ""confidence"": 0.9210526315789473, ""prediction_source"": ""cluster_majority"", ""passes_threshold"": true, ""candidate_status"": ""Accepted"", ""rejection_reason"": null, ""validation_record_status"": ""valid""}, {""row_index"": 499, ""target_field"": ""sub_type"", ""algorithm"": ""knn"", ""predicted_value"": ""Over The Counter"", ""confidence"": 1.0, ""prediction_source"": ""nearest_neighbors"", ""passes_threshold"": true, ""candidate_status"": ""Accepted"", ""rejection_reason"": null, ""validation_record_status"": ""valid""}]",
500,sub_type,Over The Counter,1,Over The Counter,1.0,Accepted,unanimous_vote,association_rules,"[""association_rules"", ""clustering"", ""grouped_majority"", ""knn""]",4,4,4,4,0.0,valid,True,"[{""row_index"": 500, ""target_field"": ""sub_type"", ""algorithm"": ""grouped_majority"", ""predicted_value"": ""Over The Counter"", ""confidence"": 1.0, ""prediction_source"": ""group_majority"", ""passes_threshold"": true, ""candidate_status"": ""Accepted"", ""rejection_reason"": null, ""validation_record_status"": ""valid""}, {""row_index"": 500, ""target_field"": ""sub_type"", ""algorithm"": ""association_rules"", ""predicted_value"": ""Over The Counter"", ""confidence"": 1.0, ""prediction_source"": ""matched_rules"", ""passes_threshold"": true, ""candidate_status"": ""Accepted"", ""rejection_reason"": null, ""validation_record_status"": ""valid""}, {""row_index"": 500, ""target_field"": ""sub_type"", ""algorithm"": ""clustering"", ""predicted_value"": ""Over The Counter"", ""confidence"": 1.0, ""prediction_source"": ""cluster_majority"", ""passes_threshold"": true, ""candidate_status"": ""Accepted"", ""rejection_reason"": null, ""validation_record_status"": ""valid""}, {""row_index"": 500, ""target_field"": ""sub_type"", ""algorithm"": ""knn"", ""predicted_value"": ""Over The Counter"", ""confidence"": 1.0, ""prediction_source"": ""nearest_neighbors"", ""passes_threshold"": true, ""candidate_status"": ""Accepted"", ""rejection_reason"": null, ""validation_record_status"": ""valid""}]",
502,sub_type,Over The Counter,1,Over The Counter,1.0,Accepted,unanimous_vote,association_rules,"[""association_rules"", ""clustering"", ""grouped_majority"", ""knn""]",4,4,4,4,0.0,valid,True,"[{""row_index"": 502, ""target_field"": ""sub_type"", ""algorithm"": ""grouped_majority"", ""predicted_value"": ""Over The Counter"", ""confidence"": 1.0, ""prediction_source"": ""group_majority"", ""passes_threshold"": true, ""candidate_status"": ""Accepted"", ""rejection_reason"": null, ""validation_record_status"": ""valid""}, {""row_index"": 502, ""target_field"": ""sub_type"", ""algorithm"": ""association_rules"", ""predicted_value"": ""Over The Counter"", ""confidence"": 1.0, ""prediction_source"": ""matched_rules"", ""passes_threshold"": true, ""candidate_status"": ""Accepted"", ""rejection_reason"": null, ""validation_record_status"": ""valid""}, {""row_index"": 502, ""target_field"": ""sub_type"", ""algorithm"": ""clustering"", ""predicted_value"": ""Over The Counter"", ""confidence"": 1.0, ""prediction_source"": ""cluster_majority"", ""passes_threshold"": true, ""candidate_status"": ""Accepted"", ""rejection_reason"": null, ""validation_record_status"": ""valid""}, {""row_index"": 502, ""target_field"": ""sub_type"", ""algorithm"": ""knn"", ""predicted_value"": ""Over The Counter"", ""confidence"": 1.0, ""prediction_source"": ""nearest_neighbors"", ""passes_threshold"": true, ""candidate_status"": ""Accepted"", ""rejection_reason"": null, ""validation_record_status"": ""valid""}]",
507,sub_type,Over The Counter,1,Over The Counter,0.9972222222222222,Accepted,unanimous_vote,association_rules,"[""association_rules"", ""clustering"", ""grouped_majority"", ""knn""]",4,4,4,4,0.0,valid,True,"[{""row_index"": 507, ""target_field"": ""sub_type"", ""algorithm"": ""grouped_majority"", ""predicted_value"": ""Over The Counter"", ""confidence"": 0.9888888888888889, ""prediction_source"": ""group_majority"", ""passes_threshold"": true, ""candidate_status"": ""Accepted"", ""rejection_reason"": null, ""validation_record_status"": ""valid""}, {""row_index"": 507, ""target_field"": ""sub_type"", ""algorithm"": ""association_rules"", ""predicted_value"": ""Over The Counter"", ""confidence"": 1.0, ""prediction_source"": ""matched_rules"", ""passes_threshold"": true, ""candidate_status"": ""Accepted"", ""rejection_reason"": null, ""validation_record_status"": ""valid""}, {""row_index"": 507, ""target_field"": ""sub_type"", ""algorithm"": ""clustering"", ""predicted_value"": ""Over The Counter"", ""confidence"": 1.0, ""prediction_source"": ""cluster_majority"", ""passes_threshold"": true, ""candidate_status"": ""Accepted"", ""rejection_reason"": null, ""validation_record_status"": ""valid""}, {""row_index"": 507, ""target_field"": ""sub_type"", ""algorithm"": ""knn"", ""predicted_value"": ""Over The Counter"", ""confidence"": 1.0, ""prediction_source"": ""nearest_neighbors"", ""passes_threshold"": true, ""candidate_status"": ""Accepted"", ""rejection_reason"": null, ""validation_record_status"": ""valid""}]",
508,sub_type,Over The Counter,1,Over The Counter,0.969980506822612,Accepted,majority_vote,knn,"[""clustering"", ""grouped_majority"", ""knn""]",3,4,4,4,0.0,valid,True,"[{""row_index"": 508, ""target_field"": ""sub_type"", ""algorithm"": ""grouped_majority"", ""predicted_value"": ""Over The Counter"", ""confidence"": 0.9888888888888889, ""prediction_source"": ""group_majority"", ""passes_threshold"": true, ""candidate_status"": ""Accepted"", ""rejection_reason"": null, ""validation_record_status"": ""valid""}, {""row_index"": 508, ""target_field"": ""sub_type"", ""algorithm"": ""association_rules"", ""predicted_value"": ""Residential Building Report"", ""confidence"": 0.5913978494623656, ""prediction_source"": ""matched_rules"", ""passes_threshold"": true, ""candidate_status"": ""Accepted"", ""rejection_reason"": null, ""validation_record_status"": ""valid""}, {""row_index"": 508, ""target_field"": ""sub_type"", ""algorithm"": ""clustering"", ""predicted_value"": ""Over The Counter"", ""confidence"": 0.9210526315789473, ""prediction_source"": ""cluster_majority"", ""passes_threshold"": true, ""candidate_status"": ""Accepted"", ""rejection_reason"": null, ""validation_record_status"": ""valid""}, {""row_index"": 508, ""target_field"": ""sub_type"", ""algorithm"": ""knn"", ""predicted_value"": ""Over The Counter"", ""confidence"": 1.0, ""prediction_source"": ""nearest_neighbors"", ""passes_threshold"": true, ""candidate_status"": ""Accepted"", ""rejection_reason"": null, ""validation_record_status"": ""valid""}]",
512,sub_type,Over The Counter,1,Over The Counter,0.9774853801169591,Accepted,unanimous_vote,association_rules,"[""association_rules"", ""clustering"", ""grouped_majority"", ""knn""]",4,4,4,4,0.0,valid,True,"[{""row_index"": 512, ""target_field"": ""sub_type"", ""algorithm"": ""grouped_majority"", ""predicted_value"": ""Over The Counter"", ""confidence"": 0.9888888888888889, ""prediction_source"": ""group_majority"", ""passes_threshold"": true, ""candidate_status"": ""Accepted"", ""rejection_reason"": null, ""validation_record_status"": ""valid""}, {""row_index"": 512, ""target_field"": ""sub_type"", ""algorithm"": ""association_rules"", ""predicted_value"": ""Over The Counter"", ""confidence"": 1.0, ""prediction_source"": ""matched_rules"", ""passes_threshold"": true, ""candidate_status"": ""Accepted"", ""rejection_reason"": null, ""validation_record_status"": ""valid""}, {""row_index"": 512, ""target_field"": ""sub_type"", ""algorithm"": ""clustering"", ""predicted_value"": ""Over The Counter"", ""confidence"": 0.9210526315789473, ""prediction_source"": ""cluster_majority"", ""passes_threshold"": true, ""candidate_status"": ""Accepted"", ""rejection_reason"": null, ""validation_record_status"": ""valid""}, {""row_index"": 512, ""target_field"": ""sub_type"", ""algorithm"": ""knn"", ""predicted_value"": ""Over The Counter"", ""confidence"": 1.0, ""prediction_source"": ""nearest_neighbors"", ""passes_threshold"": true, ""candidate_status"": ""Accepted"", ""rejection_reason"": null, ""validation_record_status"": ""valid""}]",
514,sub_type,Over The Counter,1,Over The Counter,0.969980506822612,Accepted,majority_vote,knn,"[""clustering"", ""grouped_majority"", ""knn""]",3,4,4,4,0.0,valid,True,"[{""row_index"": 514, ""target_field"": ""sub_type"", ""algorithm"": ""grouped_majority"", ""predicted_value"": ""Over The Counter"", ""confidence"": 0.9888888888888889, ""prediction_source"": ""group_majority"", ""passes_threshold"": true, ""candidate_status"": ""Accepted"", ""rejection_reason"": null, ""validation_record_status"": ""valid""}, {""row_index"": 514, ""target_field"": ""sub_type"", ""algorithm"": ""association_rules"", ""predicted_value"": ""Residential Building Report"", ""confidence"": 0.5913978494623656, ""prediction_source"": ""matched_rules"", ""passes_threshold"": true, ""candidate_status"": ""Accepted"", ""rejection_reason"": null, ""validation_record_status"": ""valid""}, {""row_index"": 514, ""target_field"": ""sub_type"", ""algorithm"": ""clustering"", ""predicted_value"": ""Over The Counter"", ""confidence"": 0.9210526315789473, ""prediction_source"": ""cluster_majority"", ""passes_threshold"": true, ""candidate_status"": ""Accepted"", ""rejection_reason"": null, ""validation_record_status"": ""valid""}, {""row_index"": 514, ""target_field"": ""sub_type"", ""algorithm"": ""knn"", ""predicted_value"": ""Over The Counter"", ""confidence"": 1.0, ""prediction_source"": ""nearest_neighbors"", ""passes_threshold"": true, ""candidate_status"": ""Accepted"", ""rejection_reason"": null, ""validation_record_status"": ""valid""}]",
519,sub_type,Over The Counter,1,Over The Counter,0.9972222222222222,Accepted,unanimous_vote,association_rules,"[""association_rules"", ""clustering"", ""grouped_majority"", ""knn""]",4,4,4,4,0.0,valid,True,"[{""row_index"": 519, ""target_field"": ""sub_type"", ""algorithm"": ""grouped_majority"", ""predicted_value"": ""Over The Counter"", ""confidence"": 0.9888888888888889, ""prediction_source"": ""group_majority"", ""passes_threshold"": true, ""candidate_status"": ""Accepted"", ""rejection_reason"": null, ""validation_record_status"": ""valid""}, {""row_index"": 519, ""target_field"": ""sub_type"", ""algorithm"": ""association_rules"", ""predicted_value"": ""Over The Counter"", ""confidence"": 1.0, ""prediction_source"": ""matched_rules"", ""passes_threshold"": true, ""candidate_status"": ""Accepted"", ""rejection_reason"": null, ""validation_record_status"": ""valid""}, {""row_index"": 519, ""target_field"": ""sub_type"", ""algorithm"": ""clustering"", ""predicted_value"": ""Over The Counter"", ""confidence"": 1.0, ""prediction_source"": ""cluster_majority"", ""passes_threshold"": true, ""candidate_status"": ""Accepted"", ""rejection_reason"": null, ""validation_record_status"": ""valid""}, {""row_index"": 519, ""target_field"": ""sub_type"", ""algorithm"": ""knn"", ""predicted_value"": ""Over The Counter"", ""confidence"": 1.0, ""prediction_source"": ""nearest_neighbors"", ""passes_threshold"": true, ""candidate_status"": ""Accepted"", ""rejection_reason"": null, ""validation_record_status"": ""valid""}]",
520,sub_type,Residential Building Report,1,Residential Building Report,0.9097005884389062,Accepted,unanimous_vote,knn,"[""association_rules"", ""clustering"", ""grouped_majority"", ""knn""]",4,4,4,4,0.0,valid,True,"[{""row_index"": 520, ""target_field"": ""sub_type"", ""algorithm"": ""grouped_majority"", ""predicted_value"": ""Residential Building Report"", ""confidence"": 0.9814814814814815, ""prediction_source"": ""group_majority"", ""passes_threshold"": true, ""candidate_status"": ""Accepted"", ""rejection_reason"": null, ""validation_record_status"": ""valid""}, {""row_index"": 520, ""target_field"": ""sub_type"", ""algorithm"": ""association_rules"", ""predicted_value"": ""Residential Building Report"", ""confidence"": 0.9906542056074769, ""prediction_source"": ""matched_rules"", ""passes_threshold"": true, ""candidate_status"": ""Accepted"", ""rejection_reason"": null, ""validation_record_status"": ""valid""}, {""row_index"": 520, ""target_field"": ""sub_type"", ""algorithm"": ""clustering"", ""predicted_value"": ""Residential Building Report"", ""confidence"": 0.6666666666666666, ""prediction_source"": ""cluster_majority"", ""passes_threshold"": true, ""candidate_status"": ""Accepted"", ""rejection_reason"": null, ""validation_record_status"": ""valid""}, {""row_index"": 520, ""target_field"": ""sub_type"", ""algorithm"": ""knn"", ""predicted_value"": ""Residential Building Report"", ""confidence"": 1.0, ""prediction_source"": ""nearest_neighbors"", ""passes_threshold"": true, ""candidate_status"": ""Accepted"", ""rejection_reason"": null, ""validation_record_status"": ""valid""}]",
521,sub_type,Residential Building Report,1,Residential Building Report,0.9097005884389062,Accepted,unanimous_vote,knn,"[""association_rules"", ""clustering"", ""grouped_majority"", ""knn""]",4,4,4,4,0.0,valid,True,"[{""row_index"": 521, ""target_field"": ""sub_type"", ""algorithm"": ""grouped_majority"", ""predicted_value"": ""Residential Building Report"", ""confidence"": 0.9814814814814815, ""prediction_source"": ""group_majority"", ""passes_threshold"": true, ""candidate_status"": ""Accepted"", ""rejection_reason"": null, ""validation_record_status"": ""valid""}, {""row_index"": 521, ""target_field"": ""sub_type"", ""algorithm"": ""association_rules"", ""predicted_value"": ""Residential Building Report"", ""confidence"": 0.9906542056074769, ""prediction_source"": ""matched_rules"", ""passes_threshold"": true, ""candidate_status"": ""Accepted"", ""rejection_reason"": null, ""validation_record_status"": ""valid""}, {""row_index"": 521, ""target_field"": ""sub_type"", ""algorithm"": ""clustering"", ""predicted_value"": ""Residential Building Report"", ""confidence"": 0.6666666666666666, ""prediction_source"": ""cluster_majority"", ""passes_threshold"": true, ""candidate_status"": ""Accepted"", ""rejection_reason"": null, ""validation_record_status"": ""valid""}, {""row_index"": 521, ""target_field"": ""sub_type"", ""algorithm"": ""knn"", ""predicted_value"": ""Residential Building Report"", ""confidence"": 1.0, ""prediction_source"": ""nearest_neighbors"", ""passes_threshold"": true, ""candidate_status"": ""Accepted"", ""rejection_reason"": null, ""validation_record_status"": ""valid""}]",
527,sub_type,Residential Building Report,1,Residential Building Report,0.9097005884389062,Accepted,unanimous_vote,knn,"[""association_rules"", ""clustering"", ""grouped_majority"", ""knn""]",4,4,4,4,0.0,valid,True,"[{""row_index"": 527, ""target_field"": ""sub_type"", ""algorithm"": ""grouped_majority"", ""predicted_value"": ""Residential Building Report"", ""confidence"": 0.9814814814814815, ""prediction_source"": ""group_majority"", ""passes_threshold"": true, ""candidate_status"": ""Accepted"", ""rejection_reason"": null, ""validation_record_status"": ""valid""}, {""row_index"": 527, ""target_field"": ""sub_type"", ""algorithm"": ""association_rules"", ""predicted_value"": ""Residential Building Report"", ""confidence"": 0.9906542056074769, ""prediction_source"": ""matched_rules"", ""passes_threshold"": true, ""candidate_status"": ""Accepted"", ""rejection_reason"": null, ""validation_record_status"": ""valid""}, {""row_index"": 527, ""target_field"": ""sub_type"", ""algorithm"": ""clustering"", ""predicted_value"": ""Residential Building Report"", ""confidence"": 0.6666666666666666, ""prediction_source"": ""cluster_majority"", ""passes_threshold"": true, ""candidate_status"": ""Accepted"", ""rejection_reason"": null, ""validation_record_status"": ""valid""}, {""row_index"": 527, ""target_field"": ""sub_type"", ""algorithm"": ""knn"", ""predicted_value"": ""Residential Building Report"", ""confidence"": 1.0, ""prediction_source"": ""nearest_neighbors"", ""passes_threshold"": true, ""candidate_status"": ""Accepted"", ""rejection_reason"": null, ""validation_record_status"": ""valid""}]",
528,sub_type,Residential Building Report,1,Residential Building Report,0.9097005884389062,Accepted,unanimous_vote,knn,"[""association_rules"", ""clustering"", ""grouped_majority"", ""knn""]",4,4,4,4,0.0,valid,True,"[{""row_index"": 528, ""target_field"": ""sub_type"", ""algorithm"": ""grouped_majority"", ""predicted_value"": ""Residential Building Report"", ""confidence"": 0.9814814814814815, ""prediction_source"": ""group_majority"", ""passes_threshold"": true, ""candidate_status"": ""Accepted"", ""rejection_reason"": null, ""validation_record_status"": ""valid""}, {""row_index"": 528, ""target_field"": ""sub_type"", ""algorithm"": ""association_rules"", ""predicted_value"": ""Residential Building Report"", ""confidence"": 0.9906542056074769, ""prediction_source"": ""matched_rules"", ""passes_threshold"": true, ""candidate_status"": ""Accepted"", ""rejection_reason"": null, ""validation_record_status"": ""valid""}, {""row_index"": 528, ""target_field"": ""sub_type"", ""algorithm"": ""clustering"", ""predicted_value"": ""Residential Building Report"", ""confidence"": 0.6666666666666666, ""prediction_source"": ""cluster_majority"", ""passes_threshold"": true, ""candidate_status"": ""Accepted"", ""rejection_reason"": null, ""validation_record_status"": ""valid""}, {""row_index"": 528, ""target_field"": ""sub_type"", ""algorithm"": ""knn"", ""predicted_value"": ""Residential Building Report"", ""confidence"": 1.0, ""prediction_source"": ""nearest_neighbors"", ""passes_threshold"": true, ""candidate_status"": ""Accepted"", ""rejection_reason"": null, ""validation_record_status"": ""valid""}]",
530,sub_type,Residential Building Report,1,Residential Building Report,0.9097005884389062,Accepted,unanimous_vote,knn,"[""association_rules"", ""clustering"", ""grouped_majority"", ""knn""]",4,4,4,4,0.0,valid,True,"[{""row_index"": 530, ""target_field"": ""sub_type"", ""algorithm"": ""grouped_majority"", ""predicted_value"": ""Residential Building Report"", ""confidence"": 0.9814814814814815, ""prediction_source"": ""group_majority"", ""passes_threshold"": true, ""candidate_status"": ""Accepted"", ""rejection_reason"": null, ""validation_record_status"": ""valid""}, {""row_index"": 530, ""target_field"": ""sub_type"", ""algorithm"": ""association_rules"", ""predicted_value"": ""Residential Building Report"", ""confidence"": 0.9906542056074769, ""prediction_source"": ""matched_rules"", ""passes_threshold"": true, ""candidate_status"": ""Accepted"", ""rejection_reason"": null, ""validation_record_status"": ""valid""}, {""row_index"": 530, ""target_field"": ""sub_type"", ""algorithm"": ""clustering"", ""predicted_value"": ""Residential Building Report"", ""confidence"": 0.6666666666666666, ""prediction_source"": ""cluster_majority"", ""passes_threshold"": true, ""candidate_status"": ""Accepted"", ""rejection_reason"": null, ""validation_record_status"": ""valid""}, {""row_index"": 530, ""target_field"": ""sub_type"", ""algorithm"": ""knn"", ""predicted_value"": ""Residential Building Report"", ""confidence"": 1.0, ""prediction_source"": ""nearest_neighbors"", ""passes_threshold"": true, ""candidate_status"": ""Accepted"", ""rejection_reason"": null, ""validation_record_status"": ""valid""}]",
531,sub_type,Residential Building Report,1,Residential Building Report,0.9097005884389062,Accepted,unanimous_vote,knn,"[""association_rules"", ""clustering"", ""grouped_majority"", ""knn""]",4,4,4,4,0.0,valid,True,"[{""row_index"": 531, ""target_field"": ""sub_type"", ""algorithm"": ""grouped_majority"", ""predicted_value"": ""Residential Building Report"", ""confidence"": 0.9814814814814815, ""prediction_source"": ""group_majority"", ""passes_threshold"": true, ""candidate_status"": ""Accepted"", ""rejection_reason"": null, ""validation_record_status"": ""valid""}, {""row_index"": 531, ""target_field"": ""sub_type"", ""algorithm"": ""association_rules"", ""predicted_value"": ""Residential Building Report"", ""confidence"": 0.9906542056074769, ""prediction_source"": ""matched_rules"", ""passes_threshold"": true, ""candidate_status"": ""Accepted"", ""rejection_reason"": null, ""validation_record_status"": ""valid""}, {""row_index"": 531, ""target_field"": ""sub_type"", ""algorithm"": ""clustering"", ""predicted_value"": ""Residential Building Report"", ""confidence"": 0.6666666666666666, ""prediction_source"": ""cluster_majority"", ""passes_threshold"": true, ""candidate_status"": ""Accepted"", ""rejection_reason"": null, ""validation_record_status"": ""valid""}, {""row_index"": 531, ""target_field"": ""sub_type"", ""algorithm"": ""knn"", ""predicted_value"": ""Residential Building Report"", ""confidence"": 1.0, ""prediction_source"": ""nearest_neighbors"", ""passes_threshold"": true, ""candidate_status"": ""Accepted"", ""rejection_reason"": null, ""validation_record_status"": ""valid""}]",
532,sub_type,Residential Building Report,1,Residential Building Report,0.9097005884389062,Accepted,unanimous_vote,knn,"[""association_rules"", ""clustering"", ""grouped_majority"", ""knn""]",4,4,4,4,0.0,valid,True,"[{""row_index"": 532, ""target_field"": ""sub_type"", ""algorithm"": ""grouped_majority"", ""predicted_value"": ""Residential Building Report"", ""confidence"": 0.9814814814814815, ""prediction_source"": ""group_majority"", ""passes_threshold"": true, ""candidate_status"": ""Accepted"", ""rejection_reason"": null, ""validation_record_status"": ""valid""}, {""row_index"": 532, ""target_field"": ""sub_type"", ""algorithm"": ""association_rules"", ""predicted_value"": ""Residential Building Report"", ""confidence"": 0.9906542056074769, ""prediction_source"": ""matched_rules"", ""passes_threshold"": true, ""candidate_status"": ""Accepted"", ""rejection_reason"": null, ""validation_record_status"": ""valid""}, {""row_index"": 532, ""target_field"": ""sub_type"", ""algorithm"": ""clustering"", ""predicted_value"": ""Residential Building Report"", ""confidence"": 0.6666666666666666, ""prediction_source"": ""cluster_majority"", ""passes_threshold"": true, ""candidate_status"": ""Accepted"", ""rejection_reason"": null, ""validation_record_status"": ""valid""}, {""row_index"": 532, ""target_field"": ""sub_type"", ""algorithm"": ""knn"", ""predicted_value"": ""Residential Building Report"", ""confidence"": 1.0, ""prediction_source"": ""nearest_neighbors"", ""passes_threshold"": true, ""candidate_status"": ""Accepted"", ""rejection_reason"": null, ""validation_record_status"": ""valid""}]",
533,sub_type,Residential Building Report,1,Residential Building Report,0.9097005884389062,Accepted,unanimous_vote,knn,"[""association_rules"", ""clustering"", ""grouped_majority"", ""knn""]",4,4,4,4,0.0,valid,True,"[{""row_index"": 533, ""target_field"": ""sub_type"", ""algorithm"": ""grouped_majority"", ""predicted_value"": ""Residential Building Report"", ""confidence"": 0.9814814814814815, ""prediction_source"": ""group_majority"", ""passes_threshold"": true, ""candidate_status"": ""Accepted"", ""rejection_reason"": null, ""validation_record_status"": ""valid""}, {""row_index"": 533, ""target_field"": ""sub_type"", ""algorithm"": ""association_rules"", ""predicted_value"": ""Residential Building Report"", ""confidence"": 0.9906542056074769, ""prediction_source"": ""matched_rules"", ""passes_threshold"": true, ""candidate_status"": ""Accepted"", ""rejection_reason"": null, ""validation_record_status"": ""valid""}, {""row_index"": 533, ""target_field"": ""sub_type"", ""algorithm"": ""clustering"", ""predicted_value"": ""Residential Building Report"", ""confidence"": 0.6666666666666666, ""prediction_source"": ""cluster_majority"", ""passes_threshold"": true, ""candidate_status"": ""Accepted"", ""rejection_reason"": null, ""validation_record_status"": ""valid""}, {""row_index"": 533, ""target_field"": ""sub_type"", ""algorithm"": ""knn"", ""predicted_value"": ""Residential Building Report"", ""confidence"": 1.0, ""prediction_source"": ""nearest_neighbors"", ""passes_threshold"": true, ""candidate_status"": ""Accepted"", ""rejection_reason"": null, ""validation_record_status"": ""valid""}]",
534,sub_type,Residential Building Report,1,Residential Building Report,0.9097005884389062,Accepted,unanimous_vote,knn,"[""association_rules"", ""clustering"", ""grouped_majority"", ""knn""]",4,4,4,4,0.0,valid,True,"[{""row_index"": 534, ""target_field"": ""sub_type"", ""algorithm"": ""grouped_majority"", ""predicted_value"": ""Residential Building Report"", ""confidence"": 0.9814814814814815, ""prediction_source"": ""group_majority"", ""passes_threshold"": true, ""candidate_status"": ""Accepted"", ""rejection_reason"": null, ""validation_record_status"": ""valid""}, {""row_index"": 534, ""target_field"": ""sub_type"", ""algorithm"": ""association_rules"", ""predicted_value"": ""Residential Building Report"", ""confidence"": 0.9906542056074769, ""prediction_source"": ""matched_rules"", ""passes_threshold"": true, ""candidate_status"": ""Accepted"", ""rejection_reason"": null, ""validation_record_status"": ""valid""}, {""row_index"": 534, ""target_field"": ""sub_type"", ""algorithm"": ""clustering"", ""predicted_value"": ""Residential Building Report"", ""confidence"": 0.6666666666666666, ""prediction_source"": ""cluster_majority"", ""passes_threshold"": true, ""candidate_status"": ""Accepted"", ""rejection_reason"": null, ""validation_record_status"": ""valid""}, {""row_index"": 534, ""target_field"": ""sub_type"", ""algorithm"": ""knn"", ""predicted_value"": ""Residential Building Report"", ""confidence"": 1.0, ""prediction_source"": ""nearest_neighbors"", ""passes_threshold"": true, ""candidate_status"": ""Accepted"", ""rejection_reason"": null, ""validation_record_status"": ""valid""}]",
536,sub_type,Residential Building Report,1,Residential Building Report,0.9097005884389062,Accepted,unanimous_vote,knn,"[""association_rules"", ""clustering"", ""grouped_majority"", ""knn""]",4,4,4,4,0.0,valid,True,"[{""row_index"": 536, ""target_field"": ""sub_type"", ""algorithm"": ""grouped_majority"", ""predicted_value"": ""Residential Building Report"", ""confidence"": 0.9814814814814815, ""prediction_source"": ""group_majority"", ""passes_threshold"": true, ""candidate_status"": ""Accepted"", ""rejection_reason"": null, ""validation_record_status"": ""valid""}, {""row_index"": 536, ""target_field"": ""sub_type"", ""algorithm"": ""association_rules"", ""predicted_value"": ""Residential Building Report"", ""confidence"": 0.9906542056074769, ""prediction_source"": ""matched_rules"", ""passes_threshold"": true, ""candidate_status"": ""Accepted"", ""rejection_reason"": null, ""validation_record_status"": ""valid""}, {""row_index"": 536, ""target_field"": ""sub_type"", ""algorithm"": ""clustering"", ""predicted_value"": ""Residential Building Report"", ""confidence"": 0.6666666666666666, ""prediction_source"": ""cluster_majority"", ""passes_threshold"": true, ""candidate_status"": ""Accepted"", ""rejection_reason"": null, ""validation_record_status"": ""valid""}, {""row_index"": 536, ""target_field"": ""sub_type"", ""algorithm"": ""knn"", ""predicted_value"": ""Residential Building Report"", ""confidence"": 1.0, ""prediction_source"": ""nearest_neighbors"", ""passes_threshold"": true, ""candidate_status"": ""Accepted"", ""rejection_reason"": null, ""validation_record_status"": ""valid""}]",
537,sub_type,Residential Building Report,1,Residential Building Report,0.9097005884389062,Accepted,unanimous_vote,knn,"[""association_rules"", ""clustering"", ""grouped_majority"", ""knn""]",4,4,4,4,0.0,valid,True,"[{""row_index"": 537, ""target_field"": ""sub_type"", ""algorithm"": ""grouped_majority"", ""predicted_value"": ""Residential Building Report"", ""confidence"": 0.9814814814814815, ""prediction_source"": ""group_majority"", ""passes_threshold"": true, ""candidate_status"": ""Accepted"", ""rejection_reason"": null, ""validation_record_status"": ""valid""}, {""row_index"": 537, ""target_field"": ""sub_type"", ""algorithm"": ""association_rules"", ""predicted_value"": ""Residential Building Report"", ""confidence"": 0.9906542056074769, ""prediction_source"": ""matched_rules"", ""passes_threshold"": true, ""candidate_status"": ""Accepted"", ""rejection_reason"": null, ""validation_record_status"": ""valid""}, {""row_index"": 537, ""target_field"": ""sub_type"", ""algorithm"": ""clustering"", ""predicted_value"": ""Residential Building Report"", ""confidence"": 0.6666666666666666, ""prediction_source"": ""cluster_majority"", ""passes_threshold"": true, ""candidate_status"": ""Accepted"", ""rejection_reason"": null, ""validation_record_status"": ""valid""}, {""row_index"": 537, ""target_field"": ""sub_type"", ""algorithm"": ""knn"", ""predicted_value"": ""Residential Building Report"", ""confidence"": 1.0, ""prediction_source"": ""nearest_neighbors"", ""passes_threshold"": true, ""candidate_status"": ""Accepted"", ""rejection_reason"": null, ""validation_record_status"": ""valid""}]",
538,sub_type,Residential Building Report,1,Residential Building Report,0.9097005884389062,Accepted,unanimous_vote,knn,"[""association_rules"", ""clustering"", ""grouped_majority"", ""knn""]",4,4,4,4,0.0,valid,True,"[{""row_index"": 538, ""target_field"": ""sub_type"", ""algorithm"": ""grouped_majority"", ""predicted_value"": ""Residential Building Report"", ""confidence"": 0.9814814814814815, ""prediction_source"": ""group_majority"", ""passes_threshold"": true, ""candidate_status"": ""Accepted"", ""rejection_reason"": null, ""validation_record_status"": ""valid""}, {""row_index"": 538, ""target_field"": ""sub_type"", ""algorithm"": ""association_rules"", ""predicted_value"": ""Residential Building Report"", ""confidence"": 0.9906542056074769, ""prediction_source"": ""matched_rules"", ""passes_threshold"": true, ""candidate_status"": ""Accepted"", ""rejection_reason"": null, ""validation_record_status"": ""valid""}, {""row_index"": 538, ""target_field"": ""sub_type"", ""algorithm"": ""clustering"", ""predicted_value"": ""Residential Building Report"", ""confidence"": 0.6666666666666666, ""prediction_source"": ""cluster_majority"", ""passes_threshold"": true, ""candidate_status"": ""Accepted"", ""rejection_reason"": null, ""validation_record_status"": ""valid""}, {""row_index"": 538, ""target_field"": ""sub_type"", ""algorithm"": ""knn"", ""predicted_value"": ""Residential Building Report"", ""confidence"": 1.0, ""prediction_source"": ""nearest_neighbors"", ""passes_threshold"": true, ""candidate_status"": ""Accepted"", ""rejection_reason"": null, ""validation_record_status"": ""valid""}]",
539,sub_type,Residential Building Report,1,Residential Building Report,0.9097005884389062,Accepted,unanimous_vote,knn,"[""association_rules"", ""clustering"", ""grouped_majority"", ""knn""]",4,4,4,4,0.0,valid,True,"[{""row_index"": 539, ""target_field"": ""sub_type"", ""algorithm"": ""grouped_majority"", ""predicted_value"": ""Residential Building Report"", ""confidence"": 0.9814814814814815, ""prediction_source"": ""group_majority"", ""passes_threshold"": true, ""candidate_status"": ""Accepted"", ""rejection_reason"": null, ""validation_record_status"": ""valid""}, {""row_index"": 539, ""target_field"": ""sub_type"", ""algorithm"": ""association_rules"", ""predicted_value"": ""Residential Building Report"", ""confidence"": 0.9906542056074769, ""prediction_source"": ""matched_rules"", ""passes_threshold"": true, ""candidate_status"": ""Accepted"", ""rejection_reason"": null, ""validation_record_status"": ""valid""}, {""row_index"": 539, ""target_field"": ""sub_type"", ""algorithm"": ""clustering"", ""predicted_value"": ""Residential Building Report"", ""confidence"": 0.6666666666666666, ""prediction_source"": ""cluster_majority"", ""passes_threshold"": true, ""candidate_status"": ""Accepted"", ""rejection_reason"": null, ""validation_record_status"": ""valid""}, {""row_index"": 539, ""target_field"": ""sub_type"", ""algorithm"": ""knn"", ""predicted_value"": ""Residential Building Report"", ""confidence"": 1.0, ""prediction_source"": ""nearest_neighbors"", ""passes_threshold"": true, ""candidate_status"": ""Accepted"", ""rejection_reason"": null, ""validation_record_status"": ""valid""}]",
543,sub_type,Full Plan Check,1,Over The Counter,0.6921708540704762,Accepted,majority_vote,association_rules,"[""association_rules"", ""clustering"", ""grouped_majority""]",3,4,4,4,0.0,valid,True,"[{""row_index"": 543, ""target_field"": ""sub_type"", ""algorithm"": ""grouped_majority"", ""predicted_value"": ""Over The Counter"", ""confidence"": 0.599388379204893, ""prediction_source"": ""group_majority"", ""passes_threshold"": true, ""candidate_status"": ""Accepted"", ""rejection_reason"": null, ""validation_record_status"": ""valid""}, {""row_index"": 543, ""target_field"": ""sub_type"", ""algorithm"": ""association_rules"", ""predicted_value"": ""Over The Counter"", ""confidence"": 0.8888888888888887, ""prediction_source"": ""matched_rules"", ""passes_threshold"": true, ""candidate_status"": ""Accepted"", ""rejection_reason"": null, ""validation_record_status"": ""valid""}, {""row_index"": 543, ""target_field"": ""sub_type"", ""algorithm"": ""clustering"", ""predicted_value"": ""Over The Counter"", ""confidence"": 0.5882352941176471, ""prediction_source"": ""cluster_majority"", ""passes_threshold"": true, ""candidate_status"": ""Accepted"", ""rejection_reason"": null, ""validation_record_status"": ""valid""}, {""row_index"": 543, ""target_field"": ""sub_type"", ""algorithm"": ""knn"", ""predicted_value"": ""Full Plan Check"", ""confidence"": 0.41421356237309503, ""prediction_source"": ""nearest_neighbors"", ""passes_threshold"": true, ""candidate_status"": ""Accepted"", ""rejection_reason"": null, ""validation_record_status"": ""valid""}]",
544,sub_type,Full Plan Check,1,Over The Counter,0.6779539238863393,Accepted,majority_vote,association_rules,"[""association_rules"", ""clustering"", ""grouped_majority""]",3,4,4,4,0.0,valid,True,"[{""row_index"": 544, ""target_field"": ""sub_type"", ""algorithm"": ""grouped_majority"", ""predicted_value"": ""Over The Counter"", ""confidence"": 0.5567375886524822, ""prediction_source"": ""group_majority"", ""passes_threshold"": true, ""candidate_status"": ""Accepted"", ""rejection_reason"": null, ""validation_record_status"": ""valid""}, {""row_index"": 544, ""target_field"": ""sub_type"", ""algorithm"": ""association_rules"", ""predicted_value"": ""Over The Counter"", ""confidence"": 0.8888888888888887, ""prediction_source"": ""matched_rules"", ""passes_threshold"": true, ""candidate_status"": ""Accepted"", ""rejection_reason"": null, ""validation_record_status"": ""valid""}, {""row_index"": 544, ""target_field"": ""sub_type"", ""algorithm"": ""clustering"", ""predicted_value"": ""Over The Counter"", ""confidence"": 0.5882352941176471, ""prediction_source"": ""cluster_majority"", ""passes_threshold"": true, ""candidate_status"": ""Accepted"", ""rejection_reason"": null, ""validation_record_status"": ""valid""}, {""row_index"": 544, ""target_field"": ""sub_type"", ""algorithm"": ""knn"", ""predicted_value"": ""Full Plan Check"", ""confidence"": 0.5, ""prediction_source"": ""nearest_neighbors"", ""passes_threshold"": true, ""candidate_status"": ""Accepted"", ""rejection_reason"": null, ""validation_record_status"": ""valid""}]",
545,sub_type,Full Plan Check,1,Over The Counter,0.6631662976156093,Accepted,unanimous_vote,association_rules,"[""association_rules"", ""clustering"", ""grouped_majority"", ""knn""]",4,4,4,4,0.0,valid,True,"[{""row_index"": 545, ""target_field"": ""sub_type"", ""algorithm"": ""grouped_majority"", ""predicted_value"": ""Over The Counter"", ""confidence"": 0.5567375886524822, ""prediction_source"": ""group_majority"", ""passes_threshold"": true, ""candidate_status"": ""Accepted"", ""rejection_reason"": null, ""validation_record_status"": ""valid""}, {""row_index"": 545, ""target_field"": ""sub_type"", ""algorithm"": ""association_rules"", ""predicted_value"": ""Over The Counter"", ""confidence"": 0.9076923076923077, ""prediction_source"": ""matched_rules"", ""passes_threshold"": true, ""candidate_status"": ""Accepted"", ""rejection_reason"": null, ""validation_record_status"": ""valid""}, {""row_index"": 545, ""target_field"": ""sub_type"", ""algorithm"": ""clustering"", ""predicted_value"": ""Over The Counter"", ""confidence"": 0.5882352941176471, ""prediction_source"": ""cluster_majority"", ""passes_threshold"": true, ""candidate_status"": ""Accepted"", ""rejection_reason"": null, ""validation_record_status"": ""valid""}, {""row_index"": 545, ""target_field"": ""sub_type"", ""algorithm"": ""knn"", ""predicted_value"": ""Over The Counter"", ""confidence"": 0.6, ""prediction_source"": ""nearest_neighbors"", ""passes_threshold"": true, ""candidate_status"": ""Accepted"", ""rejection_reason"": null, ""validation_record_status"": ""valid""}]",
546,sub_type,Full Plan Check,1,Over The Counter,0.5724864413850647,Accepted,majority_vote,clustering,"[""clustering"", ""grouped_majority""]",2,4,4,4,0.0,valid,True,"[{""row_index"": 546, ""target_field"": ""sub_type"", ""algorithm"": ""grouped_majority"", ""predicted_value"": ""Over The Counter"", ""confidence"": 0.5567375886524822, ""prediction_source"": ""group_majority"", ""passes_threshold"": true, ""candidate_status"": ""Accepted"", ""rejection_reason"": null, ""validation_record_status"": ""valid""}, {""row_index"": 546, ""target_field"": ""sub_type"", ""algorithm"": ""association_rules"", ""predicted_value"": ""Residential Building Report"", ""confidence"": 0.55, ""prediction_source"": ""matched_rules"", ""passes_threshold"": true, ""candidate_status"": ""Accepted"", ""rejection_reason"": null, ""validation_record_status"": ""valid""}, {""row_index"": 546, ""target_field"": ""sub_type"", ""algorithm"": ""clustering"", ""predicted_value"": ""Over The Counter"", ""confidence"": 0.5882352941176471, ""prediction_source"": ""cluster_majority"", ""passes_threshold"": true, ""candidate_status"": ""Accepted"", ""rejection_reason"": null, ""validation_record_status"": ""valid""}, {""row_index"": 546, ""target_field"": ""sub_type"", ""algorithm"": ""knn"", ""predicted_value"": ""Full Plan Check"", ""confidence"": 0.5, ""prediction_source"": ""nearest_neighbors"", ""passes_threshold"": true, ""candidate_status"": ""Accepted"", ""rejection_reason"": null, ""validation_record_status"": ""valid""}]",
558,sub_type,Over The Counter,1,Over The Counter,0.6631662976156093,Accepted,unanimous_vote,association_rules,"[""association_rules"", ""clustering"", ""grouped_majority"", ""knn""]",4,4,4,4,0.0,valid,True,"[{""row_index"": 558, ""target_field"": ""sub_type"", ""algorithm"": ""grouped_majority"", ""predicted_value"": ""Over The Counter"", ""confidence"": 0.5567375886524822, ""prediction_source"": ""group_majority"", ""passes_threshold"": true, ""candidate_status"": ""Accepted"", ""rejection_reason"": null, ""validation_record_status"": ""valid""}, {""row_index"": 558, ""target_field"": ""sub_type"", ""algorithm"": ""association_rules"", ""predicted_value"": ""Over The Counter"", ""confidence"": 0.9076923076923077, ""prediction_source"": ""matched_rules"", ""passes_threshold"": true, ""candidate_status"": ""Accepted"", ""rejection_reason"": null, ""validation_record_status"": ""valid""}, {""row_index"": 558, ""target_field"": ""sub_type"", ""algorithm"": ""clustering"", ""predicted_value"": ""Over The Counter"", ""confidence"": 0.5882352941176471, ""prediction_source"": ""cluster_majority"", ""passes_threshold"": true, ""candidate_status"": ""Accepted"", ""rejection_reason"": null, ""validation_record_status"": ""valid""}, {""row_index"": 558, ""target_field"": ""sub_type"", ""algorithm"": ""knn"", ""predicted_value"": ""Over The Counter"", ""confidence"": 0.6, ""prediction_source"": ""nearest_neighbors"", ""passes_threshold"": true, ""candidate_status"": ""Accepted"", ""rejection_reason"": null, ""validation_record_status"": ""valid""}]",
560,sub_type,Over The Counter,1,Over The Counter,0.7675904818192052,Accepted,unanimous_vote,association_rules,"[""association_rules"", ""clustering"", ""grouped_majority"", ""knn""]",4,4,4,4,0.0,valid,True,"[{""row_index"": 560, ""target_field"": ""sub_type"", ""algorithm"": ""grouped_majority"", ""predicted_value"": ""Over The Counter"", ""confidence"": 0.5567375886524822, ""prediction_source"": ""group_majority"", ""passes_threshold"": true, ""candidate_status"": ""Accepted"", ""rejection_reason"": null, ""validation_record_status"": ""valid""}, {""row_index"": 560, ""target_field"": ""sub_type"", ""algorithm"": ""association_rules"", ""predicted_value"": ""Over The Counter"", ""confidence"": 0.8988095238095238, ""prediction_source"": ""matched_rules"", ""passes_threshold"": true, ""candidate_status"": ""Accepted"", ""rejection_reason"": null, ""validation_record_status"": ""valid""}, {""row_index"": 560, ""target_field"": ""sub_type"", ""algorithm"": ""clustering"", ""predicted_value"": ""Over The Counter"", ""confidence"": 0.8148148148148148, ""prediction_source"": ""cluster_majority"", ""passes_threshold"": true, ""candidate_status"": ""Accepted"", ""rejection_reason"": null, ""validation_record_status"": ""valid""}, {""row_index"": 560, ""target_field"": ""sub_type"", ""algorithm"": ""knn"", ""predicted_value"": ""Over The Counter"", ""confidence"": 0.8, ""prediction_source"": ""nearest_neighbors"", ""passes_threshold"": true, ""candidate_status"": ""Accepted"", ""rejection_reason"": null, ""validation_record_status"": ""valid""}]",
563,sub_type,Over The Counter,1,Over The Counter,0.7203185631582858,Accepted,unanimous_vote,association_rules,"[""association_rules"", ""clustering"", ""grouped_majority"", ""knn""]",4,4,4,4,0.0,valid,True,"[{""row_index"": 563, ""target_field"": ""sub_type"", ""algorithm"": ""grouped_majority"", ""predicted_value"": ""Over The Counter"", ""confidence"": 0.5567375886524822, ""prediction_source"": ""group_majority"", ""passes_threshold"": true, ""candidate_status"": ""Accepted"", ""rejection_reason"": null, ""validation_record_status"": ""valid""}, {""row_index"": 563, ""target_field"": ""sub_type"", ""algorithm"": ""association_rules"", ""predicted_value"": ""Over The Counter"", ""confidence"": 0.9863013698630138, ""prediction_source"": ""matched_rules"", ""passes_threshold"": true, ""candidate_status"": ""Accepted"", ""rejection_reason"": null, ""validation_record_status"": ""valid""}, {""row_index"": 563, ""target_field"": ""sub_type"", ""algorithm"": ""clustering"", ""predicted_value"": ""Over The Counter"", ""confidence"": 0.5882352941176471, ""prediction_source"": ""cluster_majority"", ""passes_threshold"": true, ""candidate_status"": ""Accepted"", ""rejection_reason"": null, ""validation_record_status"": ""valid""}, {""row_index"": 563, ""target_field"": ""sub_type"", ""algorithm"": ""knn"", ""predicted_value"": ""Over The Counter"", ""confidence"": 0.75, ""prediction_source"": ""nearest_neighbors"", ""passes_threshold"": true, ""candidate_status"": ""Accepted"", ""rejection_reason"": null, ""validation_record_status"": ""valid""}]",
571,sub_type,Over The Counter,1,Over The Counter,0.7862432206925324,Accepted,unanimous_vote,association_rules,"[""association_rules"", ""clustering"", ""grouped_majority"", ""knn""]",4,4,4,4,0.0,valid,True,"[{""row_index"": 571, ""target_field"": ""sub_type"", ""algorithm"": ""grouped_majority"", ""predicted_value"": ""Over The Counter"", ""confidence"": 0.5567375886524822, ""prediction_source"": ""group_majority"", ""passes_threshold"": true, ""candidate_status"": ""Accepted"", ""rejection_reason"": null, ""validation_record_status"": ""valid""}, {""row_index"": 571, ""target_field"": ""sub_type"", ""algorithm"": ""association_rules"", ""predicted_value"": ""Over The Counter"", ""confidence"": 1.0, ""prediction_source"": ""matched_rules"", ""passes_threshold"": true, ""candidate_status"": ""Accepted"", ""rejection_reason"": null, ""validation_record_status"": ""valid""}, {""row_index"": 571, ""target_field"": ""sub_type"", ""algorithm"": ""clustering"", ""predicted_value"": ""Over The Counter"", ""confidence"": 0.5882352941176471, ""prediction_source"": ""cluster_majority"", ""passes_threshold"": true, ""candidate_status"": ""Accepted"", ""rejection_reason"": null, ""validation_record_status"": ""valid""}, {""row_index"": 571, ""target_field"": ""sub_type"", ""algorithm"": ""knn"", ""predicted_value"": ""Over The Counter"", ""confidence"": 1.0, ""prediction_source"": ""nearest_neighbors"", ""passes_threshold"": true, ""candidate_status"": ""Accepted"", ""rejection_reason"": null, ""validation_record_status"": ""valid""}]",
575,sub_type,Over The Counter,1,Over The Counter,0.9920185974428516,Accepted,unanimous_vote,association_rules,"[""association_rules"", ""clustering"", ""grouped_majority"", ""knn""]",4,4,4,4,0.0,valid,True,"[{""row_index"": 575, ""target_field"": ""sub_type"", ""algorithm"": ""grouped_majority"", ""predicted_value"": ""Over The Counter"", ""confidence"": 0.9793103448275862, ""prediction_source"": ""group_majority"", ""passes_threshold"": true, ""candidate_status"": ""Accepted"", ""rejection_reason"": null, ""validation_record_status"": ""valid""}, {""row_index"": 575, ""target_field"": ""sub_type"", ""algorithm"": ""association_rules"", ""predicted_value"": ""Over The Counter"", ""confidence"": 1.0, ""prediction_source"": ""matched_rules"", ""passes_threshold"": true, ""candidate_status"": ""Accepted"", ""rejection_reason"": null, ""validation_record_status"": ""valid""}, {""row_index"": 575, ""target_field"": ""sub_type"", ""algorithm"": ""clustering"", ""predicted_value"": ""Over The Counter"", ""confidence"": 0.9887640449438202, ""prediction_source"": ""cluster_majority"", ""passes_threshold"": true, ""candidate_status"": ""Accepted"", ""rejection_reason"": null, ""validation_record_status"": ""valid""}, {""row_index"": 575, ""target_field"": ""sub_type"", ""algorithm"": ""knn"", ""predicted_value"": ""Over The Counter"", ""confidence"": 1.0, ""prediction_source"": ""nearest_neighbors"", ""passes_threshold"": true, ""candidate_status"": ""Accepted"", ""rejection_reason"": null, ""validation_record_status"": ""valid""}]",
578,sub_type,Over The Counter,1,Over The Counter,0.9920185974428516,Accepted,unanimous_vote,association_rules,"[""association_rules"", ""clustering"", ""grouped_majority"", ""knn""]",4,4,4,4,0.0,valid,True,"[{""row_index"": 578, ""target_field"": ""sub_type"", ""algorithm"": ""grouped_majority"", ""predicted_value"": ""Over The Counter"", ""confidence"": 0.9793103448275862, ""prediction_source"": ""group_majority"", ""passes_threshold"": true, ""candidate_status"": ""Accepted"", ""rejection_reason"": null, ""validation_record_status"": ""valid""}, {""row_index"": 578, ""target_field"": ""sub_type"", ""algorithm"": ""association_rules"", ""predicted_value"": ""Over The Counter"", ""confidence"": 1.0, ""prediction_source"": ""matched_rules"", ""passes_threshold"": true, ""candidate_status"": ""Accepted"", ""rejection_reason"": null, ""validation_record_status"": ""valid""}, {""row_index"": 578, ""target_field"": ""sub_type"", ""algorithm"": ""clustering"", ""predicted_value"": ""Over The Counter"", ""confidence"": 0.9887640449438202, ""prediction_source"": ""cluster_majority"", ""passes_threshold"": true, ""candidate_status"": ""Accepted"", ""rejection_reason"": null, ""validation_record_status"": ""valid""}, {""row_index"": 578, ""target_field"": ""sub_type"", ""algorithm"": ""knn"", ""predicted_value"": ""Over The Counter"", ""confidence"": 1.0, ""prediction_source"": ""nearest_neighbors"", ""passes_threshold"": true, ""candidate_status"": ""Accepted"", ""rejection_reason"": null, ""validation_record_status"": ""valid""}]",
582,sub_type,Over The Counter,1,Over The Counter,0.9920185974428516,Accepted,unanimous_vote,association_rules,"[""association_rules"", ""clustering"", ""grouped_majority"", ""knn""]",4,4,4,4,0.0,valid,True,"[{""row_index"": 582, ""target_field"": ""sub_type"", ""algorithm"": ""grouped_majority"", ""predicted_value"": ""Over The Counter"", ""confidence"": 0.9793103448275862, ""prediction_source"": ""group_majority"", ""passes_threshold"": true, ""candidate_status"": ""Accepted"", ""rejection_reason"": null, ""validation_record_status"": ""valid""}, {""row_index"": 582, ""target_field"": ""sub_type"", ""algorithm"": ""association_rules"", ""predicted_value"": ""Over The Counter"", ""confidence"": 1.0, ""prediction_source"": ""matched_rules"", ""passes_threshold"": true, ""candidate_status"": ""Accepted"", ""rejection_reason"": null, ""validation_record_status"": ""valid""}, {""row_index"": 582, ""target_field"": ""sub_type"", ""algorithm"": ""clustering"", ""predicted_value"": ""Over The Counter"", ""confidence"": 0.9887640449438202, ""prediction_source"": ""cluster_majority"", ""passes_threshold"": true, ""candidate_status"": ""Accepted"", ""rejection_reason"": null, ""validation_record_status"": ""valid""}, {""row_index"": 582, ""target_field"": ""sub_type"", ""algorithm"": ""knn"", ""predicted_value"": ""Over The Counter"", ""confidence"": 1.0, ""prediction_source"": ""nearest_neighbors"", ""passes_threshold"": true, ""candidate_status"": ""Accepted"", ""rejection_reason"": null, ""validation_record_status"": ""valid""}]",
586,sub_type,Over The Counter,1,Over The Counter,0.9906888102088091,Accepted,unanimous_vote,knn,"[""association_rules"", ""clustering"", ""grouped_majority"", ""knn""]",4,4,4,4,0.0,valid,True,"[{""row_index"": 586, ""target_field"": ""sub_type"", ""algorithm"": ""grouped_majority"", ""predicted_value"": ""Over The Counter"", ""confidence"": 0.9793103448275862, ""prediction_source"": ""group_majority"", ""passes_threshold"": true, ""candidate_status"": ""Accepted"", ""rejection_reason"": null, ""validation_record_status"": ""valid""}, {""row_index"": 586, ""target_field"": ""sub_type"", ""algorithm"": ""association_rules"", ""predicted_value"": ""Over The Counter"", ""confidence"": 0.9946808510638299, ""prediction_source"": ""matched_rules"", ""passes_threshold"": true, ""candidate_status"": ""Accepted"", ""rejection_reason"": null, ""validation_record_status"": ""valid""}, {""row_index"": 586, ""target_field"": ""sub_type"", ""algorithm"": ""clustering"", ""predicted_value"": ""Over The Counter"", ""confidence"": 0.9887640449438202, ""prediction_source"": ""cluster_majority"", ""passes_threshold"": true, ""candidate_status"": ""Accepted"", ""rejection_reason"": null, ""validation_record_status"": ""valid""}, {""row_index"": 586, ""target_field"": ""sub_type"", ""algorithm"": ""knn"", ""predicted_value"": ""Over The Counter"", ""confidence"": 1.0, ""prediction_source"": ""nearest_neighbors"", ""passes_threshold"": true, ""candidate_status"": ""Accepted"", ""rejection_reason"": null, ""validation_record_status"": ""valid""}]",
590,sub_type,Over The Counter,1,Over The Counter,0.9906888102088091,Accepted,unanimous_vote,knn,"[""association_rules"", ""clustering"", ""grouped_majority"", ""knn""]",4,4,4,4,0.0,valid,True,"[{""row_index"": 590, ""target_field"": ""sub_type"", ""algorithm"": ""grouped_majority"", ""predicted_value"": ""Over The Counter"", ""confidence"": 0.9793103448275862, ""prediction_source"": ""group_majority"", ""passes_threshold"": true, ""candidate_status"": ""Accepted"", ""rejection_reason"": null, ""validation_record_status"": ""valid""}, {""row_index"": 590, ""target_field"": ""sub_type"", ""algorithm"": ""association_rules"", ""predicted_value"": ""Over The Counter"", ""confidence"": 0.9946808510638299, ""prediction_source"": ""matched_rules"", ""passes_threshold"": true, ""candidate_status"": ""Accepted"", ""rejection_reason"": null, ""validation_record_status"": ""valid""}, {""row_index"": 590, ""target_field"": ""sub_type"", ""algorithm"": ""clustering"", ""predicted_value"": ""Over The Counter"", ""confidence"": 0.9887640449438202, ""prediction_source"": ""cluster_majority"", ""passes_threshold"": true, ""candidate_status"": ""Accepted"", ""rejection_reason"": null, ""validation_record_status"": ""valid""}, {""row_index"": 590, ""target_field"": ""sub_type"", ""algorithm"": ""knn"", ""predicted_value"": ""Over The Counter"", ""confidence"": 1.0, ""prediction_source"": ""nearest_neighbors"", ""passes_threshold"": true, ""candidate_status"": ""Accepted"", ""rejection_reason"": null, ""validation_record_status"": ""valid""}]",
599,sub_type,Over The Counter,1,Over The Counter,0.9736842105263158,Accepted,majority_vote,grouped_majority,"[""clustering"", ""grouped_majority"", ""knn""]",3,4,4,4,0.0,valid,True,"[{""row_index"": 599, ""target_field"": ""sub_type"", ""algorithm"": ""grouped_majority"", ""predicted_value"": ""Over The Counter"", ""confidence"": 1.0, ""prediction_source"": ""group_majority"", ""passes_threshold"": true, ""candidate_status"": ""Accepted"", ""rejection_reason"": null, ""validation_record_status"": ""valid""}, {""row_index"": 599, ""target_field"": ""sub_type"", ""algorithm"": ""association_rules"", ""predicted_value"": ""Residential Building Report"", ""confidence"": 0.5913978494623656, ""prediction_source"": ""matched_rules"", ""passes_threshold"": true, ""candidate_status"": ""Accepted"", ""rejection_reason"": null, ""validation_record_status"": ""valid""}, {""row_index"": 599, ""target_field"": ""sub_type"", ""algorithm"": ""clustering"", ""predicted_value"": ""Over The Counter"", ""confidence"": 0.9210526315789473, ""prediction_source"": ""cluster_majority"", ""passes_threshold"": true, ""candidate_status"": ""Accepted"", ""rejection_reason"": null, ""validation_record_status"": ""valid""}, {""row_index"": 599, ""target_field"": ""sub_type"", ""algorithm"": ""knn"", ""predicted_value"": ""Over The Counter"", ""confidence"": 1.0, ""prediction_source"": ""nearest_neighbors"", ""passes_threshold"": true, ""candidate_status"": ""Accepted"", ""rejection_reason"": null, ""validation_record_status"": ""valid""}]",
600,sub_type,Over The Counter,1,Over The Counter,0.9333333333333332,Accepted,majority_vote,clustering,"[""clustering"", ""grouped_majority"", ""knn""]",3,4,4,4,0.0,valid,True,"[{""row_index"": 600, ""target_field"": ""sub_type"", ""algorithm"": ""grouped_majority"", ""predicted_value"": ""Over The Counter"", ""confidence"": 1.0, ""prediction_source"": ""group_majority"", ""passes_threshold"": true, ""candidate_status"": ""Accepted"", ""rejection_reason"": null, ""validation_record_status"": ""valid""}, {""row_index"": 600, ""target_field"": ""sub_type"", ""algorithm"": ""association_rules"", ""predicted_value"": ""Full Plan Check"", ""confidence"": 0.8571428571428572, ""prediction_source"": ""matched_rules"", ""passes_threshold"": true, ""candidate_status"": ""Accepted"", ""rejection_reason"": null, ""validation_record_status"": ""valid""}, {""row_index"": 600, ""target_field"": ""sub_type"", ""algorithm"": ""clustering"", ""predicted_value"": ""Over The Counter"", ""confidence"": 1.0, ""prediction_source"": ""cluster_majority"", ""passes_threshold"": true, ""candidate_status"": ""Accepted"", ""rejection_reason"": null, ""validation_record_status"": ""valid""}, {""row_index"": 600, ""target_field"": ""sub_type"", ""algorithm"": ""knn"", ""predicted_value"": ""Over The Counter"", ""confidence"": 0.8, ""prediction_source"": ""nearest_neighbors"", ""passes_threshold"": true, ""candidate_status"": ""Accepted"", ""rejection_reason"": null, ""validation_record_status"": ""valid""}]",
602,sub_type,Over The Counter,1,Over The Counter,0.9802631578947368,Accepted,unanimous_vote,association_rules,"[""association_rules"", ""clustering"", ""grouped_majority"", ""knn""]",4,4,4,4,0.0,valid,True,"[{""row_index"": 602, ""target_field"": ""sub_type"", ""algorithm"": ""grouped_majority"", ""predicted_value"": ""Over The Counter"", ""confidence"": 1.0, ""prediction_source"": ""group_majority"", ""passes_threshold"": true, ""candidate_status"": ""Accepted"", ""rejection_reason"": null, ""validation_record_status"": ""valid""}, {""row_index"": 602, ""target_field"": ""sub_type"", ""algorithm"": ""association_rules"", ""predicted_value"": ""Over The Counter"", ""confidence"": 1.0, ""prediction_source"": ""matched_rules"", ""passes_threshold"": true, ""candidate_status"": ""Accepted"", ""rejection_reason"": null, ""validation_record_status"": ""valid""}, {""row_index"": 602, ""target_field"": ""sub_type"", ""algorithm"": ""clustering"", ""predicted_value"": ""Over The Counter"", ""confidence"": 0.9210526315789473, ""prediction_source"": ""cluster_majority"", ""passes_threshold"": true, ""candidate_status"": ""Accepted"", ""rejection_reason"": null, ""validation_record_status"": ""valid""}, {""row_index"": 602, ""target_field"": ""sub_type"", ""algorithm"": ""knn"", ""predicted_value"": ""Over The Counter"", ""confidence"": 1.0, ""prediction_source"": ""nearest_neighbors"", ""passes_threshold"": true, ""candidate_status"": ""Accepted"", ""rejection_reason"": null, ""validation_record_status"": ""valid""}]",
603,sub_type,Over The Counter,1,Over The Counter,0.9802631578947368,Accepted,unanimous_vote,association_rules,"[""association_rules"", ""clustering"", ""grouped_majority"", ""knn""]",4,4,4,4,0.0,valid,True,"[{""row_index"": 603, ""target_field"": ""sub_type"", ""algorithm"": ""grouped_majority"", ""predicted_value"": ""Over The Counter"", ""confidence"": 1.0, ""prediction_source"": ""group_majority"", ""passes_threshold"": true, ""candidate_status"": ""Accepted"", ""rejection_reason"": null, ""validation_record_status"": ""valid""}, {""row_index"": 603, ""target_field"": ""sub_type"", ""algorithm"": ""association_rules"", ""predicted_value"": ""Over The Counter"", ""confidence"": 1.0, ""prediction_source"": ""matched_rules"", ""passes_threshold"": true, ""candidate_status"": ""Accepted"", ""rejection_reason"": null, ""validation_record_status"": ""valid""}, {""row_index"": 603, ""target_field"": ""sub_type"", ""algorithm"": ""clustering"", ""predicted_value"": ""Over The Counter"", ""confidence"": 0.9210526315789473, ""prediction_source"": ""cluster_majority"", ""passes_threshold"": true, ""candidate_status"": ""Accepted"", ""rejection_reason"": null, ""validation_record_status"": ""valid""}, {""row_index"": 603, ""target_field"": ""sub_type"", ""algorithm"": ""knn"", ""predicted_value"": ""Over The Counter"", ""confidence"": 1.0, ""prediction_source"": ""nearest_neighbors"", ""passes_threshold"": true, ""candidate_status"": ""Accepted"", ""rejection_reason"": null, ""validation_record_status"": ""valid""}]",
604,sub_type,Over The Counter,1,Over The Counter,1.0,Accepted,unanimous_vote,association_rules,"[""association_rules"", ""clustering"", ""grouped_majority"", ""knn""]",4,4,4,4,0.0,valid,True,"[{""row_index"": 604, ""target_field"": ""sub_type"", ""algorithm"": ""grouped_majority"", ""predicted_value"": ""Over The Counter"", ""confidence"": 1.0, ""prediction_source"": ""group_majority"", ""passes_threshold"": true, ""candidate_status"": ""Accepted"", ""rejection_reason"": null, ""validation_record_status"": ""valid""}, {""row_index"": 604, ""target_field"": ""sub_type"", ""algorithm"": ""association_rules"", ""predicted_value"": ""Over The Counter"", ""confidence"": 1.0, ""prediction_source"": ""matched_rules"", ""passes_threshold"": true, ""candidate_status"": ""Accepted"", ""rejection_reason"": null, ""validation_record_status"": ""valid""}, {""row_index"": 604, ""target_field"": ""sub_type"", ""algorithm"": ""clustering"", ""predicted_value"": ""Over The Counter"", ""confidence"": 1.0, ""prediction_source"": ""cluster_majority"", ""passes_threshold"": true, ""candidate_status"": ""Accepted"", ""rejection_reason"": null, ""validation_record_status"": ""valid""}, {""row_index"": 604, ""target_field"": ""sub_type"", ""algorithm"": ""knn"", ""predicted_value"": ""Over The Counter"", ""confidence"": 1.0, ""prediction_source"": ""nearest_neighbors"", ""passes_threshold"": true, ""candidate_status"": ""Accepted"", ""rejection_reason"": null, ""validation_record_status"": ""valid""}]",
605,sub_type,Over The Counter,1,Over The Counter,1.0,Accepted,unanimous_vote,association_rules,"[""association_rules"", ""clustering"", ""grouped_majority"", ""knn""]",4,4,4,4,0.0,valid,True,"[{""row_index"": 605, ""target_field"": ""sub_type"", ""algorithm"": ""grouped_majority"", ""predicted_value"": ""Over The Counter"", ""confidence"": 1.0, ""prediction_source"": ""group_majority"", ""passes_threshold"": true, ""candidate_status"": ""Accepted"", ""rejection_reason"": null, ""validation_record_status"": ""valid""}, {""row_index"": 605, ""target_field"": ""sub_type"", ""algorithm"": ""association_rules"", ""predicted_value"": ""Over The Counter"", ""confidence"": 1.0, ""prediction_source"": ""matched_rules"", ""passes_threshold"": true, ""candidate_status"": ""Accepted"", ""rejection_reason"": null, ""validation_record_status"": ""valid""}, {""row_index"": 605, ""target_field"": ""sub_type"", ""algorithm"": ""clustering"", ""predicted_value"": ""Over The Counter"", ""confidence"": 1.0, ""prediction_source"": ""cluster_majority"", ""passes_threshold"": true, ""candidate_status"": ""Accepted"", ""rejection_reason"": null, ""validation_record_status"": ""valid""}, {""row_index"": 605, ""target_field"": ""sub_type"", ""algorithm"": ""knn"", ""predicted_value"": ""Over The Counter"", ""confidence"": 1.0, ""prediction_source"": ""nearest_neighbors"", ""passes_threshold"": true, ""candidate_status"": ""Accepted"", ""rejection_reason"": null, ""validation_record_status"": ""valid""}]",
606,sub_type,Over The Counter,1,Over The Counter,0.9736842105263158,Accepted,majority_vote,grouped_majority,"[""clustering"", ""grouped_majority"", ""knn""]",3,4,4,4,0.0,valid,True,"[{""row_index"": 606, ""target_field"": ""sub_type"", ""algorithm"": ""grouped_majority"", ""predicted_value"": ""Over The Counter"", ""confidence"": 1.0, ""prediction_source"": ""group_majority"", ""passes_threshold"": true, ""candidate_status"": ""Accepted"", ""rejection_reason"": null, ""validation_record_status"": ""valid""}, {""row_index"": 606, ""target_field"": ""sub_type"", ""algorithm"": ""association_rules"", ""predicted_value"": ""Residential Building Report"", ""confidence"": 0.5913978494623656, ""prediction_source"": ""matched_rules"", ""passes_threshold"": true, ""candidate_status"": ""Accepted"", ""rejection_reason"": null, ""validation_record_status"": ""valid""}, {""row_index"": 606, ""target_field"": ""sub_type"", ""algorithm"": ""clustering"", ""predicted_value"": ""Over The Counter"", ""confidence"": 0.9210526315789473, ""prediction_source"": ""cluster_majority"", ""passes_threshold"": true, ""candidate_status"": ""Accepted"", ""rejection_reason"": null, ""validation_record_status"": ""valid""}, {""row_index"": 606, ""target_field"": ""sub_type"", ""algorithm"": ""knn"", ""predicted_value"": ""Over The Counter"", ""confidence"": 1.0, ""prediction_source"": ""nearest_neighbors"", ""passes_threshold"": true, ""candidate_status"": ""Accepted"", ""rejection_reason"": null, ""validation_record_status"": ""valid""}]",
608,sub_type,Over The Counter,1,,0.8284271247461901,Requires Review,average_confidence_tiebreak,grouped_majority,"[""grouped_majority"", ""knn""]",2,4,4,4,0.0,valid,False,"[{""row_index"": 608, ""target_field"": ""sub_type"", ""algorithm"": ""grouped_majority"", ""predicted_value"": ""Over The Counter"", ""confidence"": 1.0, ""prediction_source"": ""group_majority"", ""passes_threshold"": true, ""candidate_status"": ""Accepted"", ""rejection_reason"": null, ""validation_record_status"": ""valid""}, {""row_index"": 608, ""target_field"": ""sub_type"", ""algorithm"": ""association_rules"", ""predicted_value"": ""Residential Building Report"", ""confidence"": 0.6708860759493671, ""prediction_source"": ""matched_rules"", ""passes_threshold"": true, ""candidate_status"": ""Accepted"", ""rejection_reason"": null, ""validation_record_status"": ""valid""}, {""row_index"": 608, ""target_field"": ""sub_type"", ""algorithm"": ""clustering"", ""predicted_value"": ""Residential Building Report"", ""confidence"": 0.6666666666666666, ""prediction_source"": ""cluster_majority"", ""passes_threshold"": true, ""candidate_status"": ""Accepted"", ""rejection_reason"": null, ""validation_record_status"": ""valid""}, {""row_index"": 608, ""target_field"": ""sub_type"", ""algorithm"": ""knn"", ""predicted_value"": ""Over The Counter"", ""confidence"": 0.6568542494923801, ""prediction_source"": ""nearest_neighbors"", ""passes_threshold"": true, ""candidate_status"": ""Accepted"", ""rejection_reason"": null, ""validation_record_status"": ""valid""}]",
609,sub_type,Over The Counter,1,Over The Counter,1.0,Accepted,unanimous_vote,association_rules,"[""association_rules"", ""clustering"", ""grouped_majority"", ""knn""]",4,4,4,4,0.0,valid,True,"[{""row_index"": 609, ""target_field"": ""sub_type"", ""algorithm"": ""grouped_majority"", ""predicted_value"": ""Over The Counter"", ""confidence"": 1.0, ""prediction_source"": ""group_majority"", ""passes_threshold"": true, ""candidate_status"": ""Accepted"", ""rejection_reason"": null, ""validation_record_status"": ""valid""}, {""row_index"": 609, ""target_field"": ""sub_type"", ""algorithm"": ""association_rules"", ""predicted_value"": ""Over The Counter"", ""confidence"": 1.0, ""prediction_source"": ""matched_rules"", ""passes_threshold"": true, ""candidate_status"": ""Accepted"", ""rejection_reason"": null, ""validation_record_status"": ""valid""}, {""row_index"": 609, ""target_field"": ""sub_type"", ""algorithm"": ""clustering"", ""predicted_value"": ""Over The Counter"", ""confidence"": 1.0, ""prediction_source"": ""cluster_majority"", ""passes_threshold"": true, ""candidate_status"": ""Accepted"", ""rejection_reason"": null, ""validation_record_status"": ""valid""}, {""row_index"": 609, ""target_field"": ""sub_type"", ""algorithm"": ""knn"", ""predicted_value"": ""Over The Counter"", ""confidence"": 1.0, ""prediction_source"": ""nearest_neighbors"", ""passes_threshold"": true, ""candidate_status"": ""Accepted"", ""rejection_reason"": null, ""validation_record_status"": ""valid""}]",
612,sub_type,Over The Counter,1,Over The Counter,0.969980506822612,Accepted,majority_vote,knn,"[""clustering"", ""grouped_majority"", ""knn""]",3,4,4,4,0.0,valid,True,"[{""row_index"": 612, ""target_field"": ""sub_type"", ""algorithm"": ""grouped_majority"", ""predicted_value"": ""Over The Counter"", ""confidence"": 0.9888888888888889, ""prediction_source"": ""group_majority"", ""passes_threshold"": true, ""candidate_status"": ""Accepted"", ""rejection_reason"": null, ""validation_record_status"": ""valid""}, {""row_index"": 612, ""target_field"": ""sub_type"", ""algorithm"": ""association_rules"", ""predicted_value"": ""Residential Building Report"", ""confidence"": 0.5913978494623656, ""prediction_source"": ""matched_rules"", ""passes_threshold"": true, ""candidate_status"": ""Accepted"", ""rejection_reason"": null, ""validation_record_status"": ""valid""}, {""row_index"": 612, ""target_field"": ""sub_type"", ""algorithm"": ""clustering"", ""predicted_value"": ""Over The Counter"", ""confidence"": 0.9210526315789473, ""prediction_source"": ""cluster_majority"", ""passes_threshold"": true, ""candidate_status"": ""Accepted"", ""rejection_reason"": null, ""validation_record_status"": ""valid""}, {""row_index"": 612, ""target_field"": ""sub_type"", ""algorithm"": ""knn"", ""predicted_value"": ""Over The Counter"", ""confidence"": 1.0, ""prediction_source"": ""nearest_neighbors"", ""passes_threshold"": true, ""candidate_status"": ""Accepted"", ""rejection_reason"": null, ""validation_record_status"": ""valid""}]",
613,sub_type,Over The Counter,1,,1.0,Requires Review,average_confidence_tiebreak,grouped_majority,"[""grouped_majority"", ""knn""]",2,4,4,4,0.0,valid,False,"[{""row_index"": 613, ""target_field"": ""sub_type"", ""algorithm"": ""grouped_majority"", ""predicted_value"": ""Over The Counter"", ""confidence"": 1.0, ""prediction_source"": ""group_majority"", ""passes_threshold"": true, ""candidate_status"": ""Accepted"", ""rejection_reason"": null, ""validation_record_status"": ""valid""}, {""row_index"": 613, ""target_field"": ""sub_type"", ""algorithm"": ""association_rules"", ""predicted_value"": ""Residential Building Report"", ""confidence"": 0.8346456692913387, ""prediction_source"": ""matched_rules"", ""passes_threshold"": true, ""candidate_status"": ""Accepted"", ""rejection_reason"": null, ""validation_record_status"": ""valid""}, {""row_index"": 613, ""target_field"": ""sub_type"", ""algorithm"": ""clustering"", ""predicted_value"": ""Residential Building Report"", ""confidence"": 0.6666666666666666, ""prediction_source"": ""cluster_majority"", ""passes_threshold"": true, ""candidate_status"": ""Accepted"", ""rejection_reason"": null, ""validation_record_status"": ""valid""}, {""row_index"": 613, ""target_field"": ""sub_type"", ""algorithm"": ""knn"", ""predicted_value"": ""Over The Counter"", ""confidence"": 1.0, ""prediction_source"": ""nearest_neighbors"", ""passes_threshold"": true, ""candidate_status"": ""Accepted"", ""rejection_reason"": null, ""validation_record_status"": ""valid""}]",
615,sub_type,Over The Counter,1,Over The Counter,0.8490740740740741,Accepted,unanimous_vote,association_rules,"[""association_rules"", ""clustering"", ""grouped_majority"", ""knn""]",4,4,4,4,0.0,valid,True,"[{""row_index"": 615, ""target_field"": ""sub_type"", ""algorithm"": ""grouped_majority"", ""predicted_value"": ""Over The Counter"", ""confidence"": 0.9888888888888889, ""prediction_source"": ""group_majority"", ""passes_threshold"": true, ""candidate_status"": ""Accepted"", ""rejection_reason"": null, ""validation_record_status"": ""valid""}, {""row_index"": 615, ""target_field"": ""sub_type"", ""algorithm"": ""association_rules"", ""predicted_value"": ""Over The Counter"", ""confidence"": 1.0, ""prediction_source"": ""matched_rules"", ""passes_threshold"": true, ""candidate_status"": ""Accepted"", ""rejection_reason"": null, ""validation_record_status"": ""valid""}, {""row_index"": 615, ""target_field"": ""sub_type"", ""algorithm"": ""clustering"", ""predicted_value"": ""Over The Counter"", ""confidence"": 0.4074074074074074, ""prediction_source"": ""cluster_majority"", ""passes_threshold"": true, ""candidate_status"": ""Accepted"", ""rejection_reason"": null, ""validation_record_status"": ""valid""}, {""row_index"": 615, ""target_field"": ""sub_type"", ""algorithm"": ""knn"", ""predicted_value"": ""Over The Counter"", ""confidence"": 1.0, ""prediction_source"": ""nearest_neighbors"", ""passes_threshold"": true, ""candidate_status"": ""Accepted"", ""rejection_reason"": null, ""validation_record_status"": ""valid""}]",
616,sub_type,Over The Counter,1,Over The Counter,0.9972222222222222,Accepted,unanimous_vote,association_rules,"[""association_rules"", ""clustering"", ""grouped_majority"", ""knn""]",4,4,4,4,0.0,valid,True,"[{""row_index"": 616, ""target_field"": ""sub_type"", ""algorithm"": ""grouped_majority"", ""predicted_value"": ""Over The Counter"", ""confidence"": 0.9888888888888889, ""prediction_source"": ""group_majority"", ""passes_threshold"": true, ""candidate_status"": ""Accepted"", ""rejection_reason"": null, ""validation_record_status"": ""valid""}, {""row_index"": 616, ""target_field"": ""sub_type"", ""algorithm"": ""association_rules"", ""predicted_value"": ""Over The Counter"", ""confidence"": 1.0, ""prediction_source"": ""matched_rules"", ""passes_threshold"": true, ""candidate_status"": ""Accepted"", ""rejection_reason"": null, ""validation_record_status"": ""valid""}, {""row_index"": 616, ""target_field"": ""sub_type"", ""algorithm"": ""clustering"", ""predicted_value"": ""Over The Counter"", ""confidence"": 1.0, ""prediction_source"": ""cluster_majority"", ""passes_threshold"": true, ""candidate_status"": ""Accepted"", ""rejection_reason"": null, ""validation_record_status"": ""valid""}, {""row_index"": 616, ""target_field"": ""sub_type"", ""algorithm"": ""knn"", ""predicted_value"": ""Over The Counter"", ""confidence"": 1.0, ""prediction_source"": ""nearest_neighbors"", ""passes_threshold"": true, ""candidate_status"": ""Accepted"", ""rejection_reason"": null, ""validation_record_status"": ""valid""}]",
617,sub_type,Over The Counter,1,Over The Counter,0.9972222222222222,Accepted,unanimous_vote,association_rules,"[""association_rules"", ""clustering"", ""grouped_majority"", ""knn""]",4,4,4,4,0.0,valid,True,"[{""row_index"": 617, ""target_field"": ""sub_type"", ""algorithm"": ""grouped_majority"", ""predicted_value"": ""Over The Counter"", ""confidence"": 0.9888888888888889, ""prediction_source"": ""group_majority"", ""passes_threshold"": true, ""candidate_status"": ""Accepted"", ""rejection_reason"": null, ""validation_record_status"": ""valid""}, {""row_index"": 617, ""target_field"": ""sub_type"", ""algorithm"": ""association_rules"", ""predicted_value"": ""Over The Counter"", ""confidence"": 1.0, ""prediction_source"": ""matched_rules"", ""passes_threshold"": true, ""candidate_status"": ""Accepted"", ""rejection_reason"": null, ""validation_record_status"": ""valid""}, {""row_index"": 617, ""target_field"": ""sub_type"", ""algorithm"": ""clustering"", ""predicted_value"": ""Over The Counter"", ""confidence"": 1.0, ""prediction_source"": ""cluster_majority"", ""passes_threshold"": true, ""candidate_status"": ""Accepted"", ""rejection_reason"": null, ""validation_record_status"": ""valid""}, {""row_index"": 617, ""target_field"": ""sub_type"", ""algorithm"": ""knn"", ""predicted_value"": ""Over The Counter"", ""confidence"": 1.0, ""prediction_source"": ""nearest_neighbors"", ""passes_threshold"": true, ""candidate_status"": ""Accepted"", ""rejection_reason"": null, ""validation_record_status"": ""valid""}]",
618,sub_type,Over The Counter,1,Over The Counter,0.9972222222222222,Accepted,unanimous_vote,association_rules,"[""association_rules"", ""clustering"", ""grouped_majority"", ""knn""]",4,4,4,4,0.0,valid,True,"[{""row_index"": 618, ""target_field"": ""sub_type"", ""algorithm"": ""grouped_majority"", ""predicted_value"": ""Over The Counter"", ""confidence"": 0.9888888888888889, ""prediction_source"": ""group_majority"", ""passes_threshold"": true, ""candidate_status"": ""Accepted"", ""rejection_reason"": null, ""validation_record_status"": ""valid""}, {""row_index"": 618, ""target_field"": ""sub_type"", ""algorithm"": ""association_rules"", ""predicted_value"": ""Over The Counter"", ""confidence"": 1.0, ""prediction_source"": ""matched_rules"", ""passes_threshold"": true, ""candidate_status"": ""Accepted"", ""rejection_reason"": null, ""validation_record_status"": ""valid""}, {""row_index"": 618, ""target_field"": ""sub_type"", ""algorithm"": ""clustering"", ""predicted_value"": ""Over The Counter"", ""confidence"": 1.0, ""prediction_source"": ""cluster_majority"", ""passes_threshold"": true, ""candidate_status"": ""Accepted"", ""rejection_reason"": null, ""validation_record_status"": ""valid""}, {""row_index"": 618, ""target_field"": ""sub_type"", ""algorithm"": ""knn"", ""predicted_value"": ""Over The Counter"", ""confidence"": 1.0, ""prediction_source"": ""nearest_neighbors"", ""passes_threshold"": true, ""candidate_status"": ""Accepted"", ""rejection_reason"": null, ""validation_record_status"": ""valid""}]",
619,sub_type,Over The Counter,1,Over The Counter,0.9751268895509213,Accepted,unanimous_vote,knn,"[""association_rules"", ""clustering"", ""grouped_majority"", ""knn""]",4,4,4,4,0.0,valid,True,"[{""row_index"": 619, ""target_field"": ""sub_type"", ""algorithm"": ""grouped_majority"", ""predicted_value"": ""Over The Counter"", ""confidence"": 0.9888888888888889, ""prediction_source"": ""group_majority"", ""passes_threshold"": true, ""candidate_status"": ""Accepted"", ""rejection_reason"": null, ""validation_record_status"": ""valid""}, {""row_index"": 619, ""target_field"": ""sub_type"", ""algorithm"": ""association_rules"", ""predicted_value"": ""Over The Counter"", ""confidence"": 0.9905660377358491, ""prediction_source"": ""matched_rules"", ""passes_threshold"": true, ""candidate_status"": ""Accepted"", ""rejection_reason"": null, ""validation_record_status"": ""valid""}, {""row_index"": 619, ""target_field"": ""sub_type"", ""algorithm"": ""clustering"", ""predicted_value"": ""Over The Counter"", ""confidence"": 0.9210526315789473, ""prediction_source"": ""cluster_majority"", ""passes_threshold"": true, ""candidate_status"": ""Accepted"", ""rejection_reason"": null, ""validation_record_status"": ""valid""}, {""row_index"": 619, ""target_field"": ""sub_type"", ""algorithm"": ""knn"", ""predicted_value"": ""Over The Counter"", ""confidence"": 1.0, ""prediction_source"": ""nearest_neighbors"", ""passes_threshold"": true, ""candidate_status"": ""Accepted"", ""rejection_reason"": null, ""validation_record_status"": ""valid""}]",
621,sub_type,Over The Counter,1,Over The Counter,0.9972222222222222,Accepted,unanimous_vote,association_rules,"[""association_rules"", ""clustering"", ""grouped_majority"", ""knn""]",4,4,4,4,0.0,valid,True,"[{""row_index"": 621, ""target_field"": ""sub_type"", ""algorithm"": ""grouped_majority"", ""predicted_value"": ""Over The Counter"", ""confidence"": 0.9888888888888889, ""prediction_source"": ""group_majority"", ""passes_threshold"": true, ""candidate_status"": ""Accepted"", ""rejection_reason"": null, ""validation_record_status"": ""valid""}, {""row_index"": 621, ""target_field"": ""sub_type"", ""algorithm"": ""association_rules"", ""predicted_value"": ""Over The Counter"", ""confidence"": 1.0, ""prediction_source"": ""matched_rules"", ""passes_threshold"": true, ""candidate_status"": ""Accepted"", ""rejection_reason"": null, ""validation_record_status"": ""valid""}, {""row_index"": 621, ""target_field"": ""sub_type"", ""algorithm"": ""clustering"", ""predicted_value"": ""Over The Counter"", ""confidence"": 1.0, ""prediction_source"": ""cluster_majority"", ""passes_threshold"": true, ""candidate_status"": ""Accepted"", ""rejection_reason"": null, ""validation_record_status"": ""valid""}, {""row_index"": 621, ""target_field"": ""sub_type"", ""algorithm"": ""knn"", ""predicted_value"": ""Over The Counter"", ""confidence"": 1.0, ""prediction_source"": ""nearest_neighbors"", ""passes_threshold"": true, ""candidate_status"": ""Accepted"", ""rejection_reason"": null, ""validation_record_status"": ""valid""}]",
625,sub_type,Residential Building Report,1,Residential Building Report,0.9097005884389062,Accepted,unanimous_vote,knn,"[""association_rules"", ""clustering"", ""grouped_majority"", ""knn""]",4,4,4,4,0.0,valid,True,"[{""row_index"": 625, ""target_field"": ""sub_type"", ""algorithm"": ""grouped_majority"", ""predicted_value"": ""Residential Building Report"", ""confidence"": 0.9814814814814815, ""prediction_source"": ""group_majority"", ""passes_threshold"": true, ""candidate_status"": ""Accepted"", ""rejection_reason"": null, ""validation_record_status"": ""valid""}, {""row_index"": 625, ""target_field"": ""sub_type"", ""algorithm"": ""association_rules"", ""predicted_value"": ""Residential Building Report"", ""confidence"": 0.9906542056074769, ""prediction_source"": ""matched_rules"", ""passes_threshold"": true, ""candidate_status"": ""Accepted"", ""rejection_reason"": null, ""validation_record_status"": ""valid""}, {""row_index"": 625, ""target_field"": ""sub_type"", ""algorithm"": ""clustering"", ""predicted_value"": ""Residential Building Report"", ""confidence"": 0.6666666666666666, ""prediction_source"": ""cluster_majority"", ""passes_threshold"": true, ""candidate_status"": ""Accepted"", ""rejection_reason"": null, ""validation_record_status"": ""valid""}, {""row_index"": 625, ""target_field"": ""sub_type"", ""algorithm"": ""knn"", ""predicted_value"": ""Residential Building Report"", ""confidence"": 1.0, ""prediction_source"": ""nearest_neighbors"", ""passes_threshold"": true, ""candidate_status"": ""Accepted"", ""rejection_reason"": null, ""validation_record_status"": ""valid""}]",
626,sub_type,Residential Building Report,1,Residential Building Report,0.9097005884389062,Accepted,unanimous_vote,knn,"[""association_rules"", ""clustering"", ""grouped_majority"", ""knn""]",4,4,4,4,0.0,valid,True,"[{""row_index"": 626, ""target_field"": ""sub_type"", ""algorithm"": ""grouped_majority"", ""predicted_value"": ""Residential Building Report"", ""confidence"": 0.9814814814814815, ""prediction_source"": ""group_majority"", ""passes_threshold"": true, ""candidate_status"": ""Accepted"", ""rejection_reason"": null, ""validation_record_status"": ""valid""}, {""row_index"": 626, ""target_field"": ""sub_type"", ""algorithm"": ""association_rules"", ""predicted_value"": ""Residential Building Report"", ""confidence"": 0.9906542056074769, ""prediction_source"": ""matched_rules"", ""passes_threshold"": true, ""candidate_status"": ""Accepted"", ""rejection_reason"": null, ""validation_record_status"": ""valid""}, {""row_index"": 626, ""target_field"": ""sub_type"", ""algorithm"": ""clustering"", ""predicted_value"": ""Residential Building Report"", ""confidence"": 0.6666666666666666, ""prediction_source"": ""cluster_majority"", ""passes_threshold"": true, ""candidate_status"": ""Accepted"", ""rejection_reason"": null, ""validation_record_status"": ""valid""}, {""row_index"": 626, ""target_field"": ""sub_type"", ""algorithm"": ""knn"", ""predicted_value"": ""Residential Building Report"", ""confidence"": 1.0, ""prediction_source"": ""nearest_neighbors"", ""passes_threshold"": true, ""candidate_status"": ""Accepted"", ""rejection_reason"": null, ""validation_record_status"": ""valid""}]",
627,sub_type,Residential Building Report,1,Residential Building Report,0.9097005884389062,Accepted,unanimous_vote,knn,"[""association_rules"", ""clustering"", ""grouped_majority"", ""knn""]",4,4,4,4,0.0,valid,True,"[{""row_index"": 627, ""target_field"": ""sub_type"", ""algorithm"": ""grouped_majority"", ""predicted_value"": ""Residential Building Report"", ""confidence"": 0.9814814814814815, ""prediction_source"": ""group_majority"", ""passes_threshold"": true, ""candidate_status"": ""Accepted"", ""rejection_reason"": null, ""validation_record_status"": ""valid""}, {""row_index"": 627, ""target_field"": ""sub_type"", ""algorithm"": ""association_rules"", ""predicted_value"": ""Residential Building Report"", ""confidence"": 0.9906542056074769, ""prediction_source"": ""matched_rules"", ""passes_threshold"": true, ""candidate_status"": ""Accepted"", ""rejection_reason"": null, ""validation_record_status"": ""valid""}, {""row_index"": 627, ""target_field"": ""sub_type"", ""algorithm"": ""clustering"", ""predicted_value"": ""Residential Building Report"", ""confidence"": 0.6666666666666666, ""prediction_source"": ""cluster_majority"", ""passes_threshold"": true, ""candidate_status"": ""Accepted"", ""rejection_reason"": null, ""validation_record_status"": ""valid""}, {""row_index"": 627, ""target_field"": ""sub_type"", ""algorithm"": ""knn"", ""predicted_value"": ""Residential Building Report"", ""confidence"": 1.0, ""prediction_source"": ""nearest_neighbors"", ""passes_threshold"": true, ""candidate_status"": ""Accepted"", ""rejection_reason"": null, ""validation_record_status"": ""valid""}]",
629,sub_type,Residential Building Report,1,Residential Building Report,0.9097005884389062,Accepted,unanimous_vote,knn,"[""association_rules"", ""clustering"", ""grouped_majority"", ""knn""]",4,4,4,4,0.0,valid,True,"[{""row_index"": 629, ""target_field"": ""sub_type"", ""algorithm"": ""grouped_majority"", ""predicted_value"": ""Residential Building Report"", ""confidence"": 0.9814814814814815, ""prediction_source"": ""group_majority"", ""passes_threshold"": true, ""candidate_status"": ""Accepted"", ""rejection_reason"": null, ""validation_record_status"": ""valid""}, {""row_index"": 629, ""target_field"": ""sub_type"", ""algorithm"": ""association_rules"", ""predicted_value"": ""Residential Building Report"", ""confidence"": 0.9906542056074769, ""prediction_source"": ""matched_rules"", ""passes_threshold"": true, ""candidate_status"": ""Accepted"", ""rejection_reason"": null, ""validation_record_status"": ""valid""}, {""row_index"": 629, ""target_field"": ""sub_type"", ""algorithm"": ""clustering"", ""predicted_value"": ""Residential Building Report"", ""confidence"": 0.6666666666666666, ""prediction_source"": ""cluster_majority"", ""passes_threshold"": true, ""candidate_status"": ""Accepted"", ""rejection_reason"": null, ""validation_record_status"": ""valid""}, {""row_index"": 629, ""target_field"": ""sub_type"", ""algorithm"": ""knn"", ""predicted_value"": ""Residential Building Report"", ""confidence"": 1.0, ""prediction_source"": ""nearest_neighbors"", ""passes_threshold"": true, ""candidate_status"": ""Accepted"", ""rejection_reason"": null, ""validation_record_status"": ""valid""}]",
630,sub_type,Residential Building Report,1,Residential Building Report,0.9097005884389062,Accepted,unanimous_vote,knn,"[""association_rules"", ""clustering"", ""grouped_majority"", ""knn""]",4,4,4,4,0.0,valid,True,"[{""row_index"": 630, ""target_field"": ""sub_type"", ""algorithm"": ""grouped_majority"", ""predicted_value"": ""Residential Building Report"", ""confidence"": 0.9814814814814815, ""prediction_source"": ""group_majority"", ""passes_threshold"": true, ""candidate_status"": ""Accepted"", ""rejection_reason"": null, ""validation_record_status"": ""valid""}, {""row_index"": 630, ""target_field"": ""sub_type"", ""algorithm"": ""association_rules"", ""predicted_value"": ""Residential Building Report"", ""confidence"": 0.9906542056074769, ""prediction_source"": ""matched_rules"", ""passes_threshold"": true, ""candidate_status"": ""Accepted"", ""rejection_reason"": null, ""validation_record_status"": ""valid""}, {""row_index"": 630, ""target_field"": ""sub_type"", ""algorithm"": ""clustering"", ""predicted_value"": ""Residential Building Report"", ""confidence"": 0.6666666666666666, ""prediction_source"": ""cluster_majority"", ""passes_threshold"": true, ""candidate_status"": ""Accepted"", ""rejection_reason"": null, ""validation_record_status"": ""valid""}, {""row_index"": 630, ""target_field"": ""sub_type"", ""algorithm"": ""knn"", ""predicted_value"": ""Residential Building Report"", ""confidence"": 1.0, ""prediction_source"": ""nearest_neighbors"", ""passes_threshold"": true, ""candidate_status"": ""Accepted"", ""rejection_reason"": null, ""validation_record_status"": ""valid""}]",
632,sub_type,Residential Building Report,1,Residential Building Report,0.9097005884389062,Accepted,unanimous_vote,knn,"[""association_rules"", ""clustering"", ""grouped_majority"", ""knn""]",4,4,4,4,0.0,valid,True,"[{""row_index"": 632, ""target_field"": ""sub_type"", ""algorithm"": ""grouped_majority"", ""predicted_value"": ""Residential Building Report"", ""confidence"": 0.9814814814814815, ""prediction_source"": ""group_majority"", ""passes_threshold"": true, ""candidate_status"": ""Accepted"", ""rejection_reason"": null, ""validation_record_status"": ""valid""}, {""row_index"": 632, ""target_field"": ""sub_type"", ""algorithm"": ""association_rules"", ""predicted_value"": ""Residential Building Report"", ""confidence"": 0.9906542056074769, ""prediction_source"": ""matched_rules"", ""passes_threshold"": true, ""candidate_status"": ""Accepted"", ""rejection_reason"": null, ""validation_record_status"": ""valid""}, {""row_index"": 632, ""target_field"": ""sub_type"", ""algorithm"": ""clustering"", ""predicted_value"": ""Residential Building Report"", ""confidence"": 0.6666666666666666, ""prediction_source"": ""cluster_majority"", ""passes_threshold"": true, ""candidate_status"": ""Accepted"", ""rejection_reason"": null, ""validation_record_status"": ""valid""}, {""row_index"": 632, ""target_field"": ""sub_type"", ""algorithm"": ""knn"", ""predicted_value"": ""Residential Building Report"", ""confidence"": 1.0, ""prediction_source"": ""nearest_neighbors"", ""passes_threshold"": true, ""candidate_status"": ""Accepted"", ""rejection_reason"": null, ""validation_record_status"": ""valid""}]",
634,sub_type,Residential Building Report,1,Residential Building Report,0.9097005884389062,Accepted,unanimous_vote,knn,"[""association_rules"", ""clustering"", ""grouped_majority"", ""knn""]",4,4,4,4,0.0,valid,True,"[{""row_index"": 634, ""target_field"": ""sub_type"", ""algorithm"": ""grouped_majority"", ""predicted_value"": ""Residential Building Report"", ""confidence"": 0.9814814814814815, ""prediction_source"": ""group_majority"", ""passes_threshold"": true, ""candidate_status"": ""Accepted"", ""rejection_reason"": null, ""validation_record_status"": ""valid""}, {""row_index"": 634, ""target_field"": ""sub_type"", ""algorithm"": ""association_rules"", ""predicted_value"": ""Residential Building Report"", ""confidence"": 0.9906542056074769, ""prediction_source"": ""matched_rules"", ""passes_threshold"": true, ""candidate_status"": ""Accepted"", ""rejection_reason"": null, ""validation_record_status"": ""valid""}, {""row_index"": 634, ""target_field"": ""sub_type"", ""algorithm"": ""clustering"", ""predicted_value"": ""Residential Building Report"", ""confidence"": 0.6666666666666666, ""prediction_source"": ""cluster_majority"", ""passes_threshold"": true, ""candidate_status"": ""Accepted"", ""rejection_reason"": null, ""validation_record_status"": ""valid""}, {""row_index"": 634, ""target_field"": ""sub_type"", ""algorithm"": ""knn"", ""predicted_value"": ""Residential Building Report"", ""confidence"": 1.0, ""prediction_source"": ""nearest_neighbors"", ""passes_threshold"": true, ""candidate_status"": ""Accepted"", ""rejection_reason"": null, ""validation_record_status"": ""valid""}]",
635,sub_type,Residential Building Report,1,Residential Building Report,0.9097005884389062,Accepted,unanimous_vote,knn,"[""association_rules"", ""clustering"", ""grouped_majority"", ""knn""]",4,4,4,4,0.0,valid,True,"[{""row_index"": 635, ""target_field"": ""sub_type"", ""algorithm"": ""grouped_majority"", ""predicted_value"": ""Residential Building Report"", ""confidence"": 0.9814814814814815, ""prediction_source"": ""group_majority"", ""passes_threshold"": true, ""candidate_status"": ""Accepted"", ""rejection_reason"": null, ""validation_record_status"": ""valid""}, {""row_index"": 635, ""target_field"": ""sub_type"", ""algorithm"": ""association_rules"", ""predicted_value"": ""Residential Building Report"", ""confidence"": 0.9906542056074769, ""prediction_source"": ""matched_rules"", ""passes_threshold"": true, ""candidate_status"": ""Accepted"", ""rejection_reason"": null, ""validation_record_status"": ""valid""}, {""row_index"": 635, ""target_field"": ""sub_type"", ""algorithm"": ""clustering"", ""predicted_value"": ""Residential Building Report"", ""confidence"": 0.6666666666666666, ""prediction_source"": ""cluster_majority"", ""passes_threshold"": true, ""candidate_status"": ""Accepted"", ""rejection_reason"": null, ""validation_record_status"": ""valid""}, {""row_index"": 635, ""target_field"": ""sub_type"", ""algorithm"": ""knn"", ""predicted_value"": ""Residential Building Report"", ""confidence"": 1.0, ""prediction_source"": ""nearest_neighbors"", ""passes_threshold"": true, ""candidate_status"": ""Accepted"", ""rejection_reason"": null, ""validation_record_status"": ""valid""}]",
636,sub_type,Residential Building Report,1,Residential Building Report,0.9097005884389062,Accepted,unanimous_vote,knn,"[""association_rules"", ""clustering"", ""grouped_majority"", ""knn""]",4,4,4,4,0.0,valid,True,"[{""row_index"": 636, ""target_field"": ""sub_type"", ""algorithm"": ""grouped_majority"", ""predicted_value"": ""Residential Building Report"", ""confidence"": 0.9814814814814815, ""prediction_source"": ""group_majority"", ""passes_threshold"": true, ""candidate_status"": ""Accepted"", ""rejection_reason"": null, ""validation_record_status"": ""valid""}, {""row_index"": 636, ""target_field"": ""sub_type"", ""algorithm"": ""association_rules"", ""predicted_value"": ""Residential Building Report"", ""confidence"": 0.9906542056074769, ""prediction_source"": ""matched_rules"", ""passes_threshold"": true, ""candidate_status"": ""Accepted"", ""rejection_reason"": null, ""validation_record_status"": ""valid""}, {""row_index"": 636, ""target_field"": ""sub_type"", ""algorithm"": ""clustering"", ""predicted_value"": ""Residential Building Report"", ""confidence"": 0.6666666666666666, ""prediction_source"": ""cluster_majority"", ""passes_threshold"": true, ""candidate_status"": ""Accepted"", ""rejection_reason"": null, ""validation_record_status"": ""valid""}, {""row_index"": 636, ""target_field"": ""sub_type"", ""algorithm"": ""knn"", ""predicted_value"": ""Residential Building Report"", ""confidence"": 1.0, ""prediction_source"": ""nearest_neighbors"", ""passes_threshold"": true, ""candidate_status"": ""Accepted"", ""rejection_reason"": null, ""validation_record_status"": ""valid""}]",
638,sub_type,Address Change,1,Residential Building Report,0.8765432098765432,Accepted,majority_vote,association_rules,"[""association_rules"", ""clustering"", ""grouped_majority""]",3,4,4,4,0.0,valid,True,"[{""row_index"": 638, ""target_field"": ""sub_type"", ""algorithm"": ""grouped_majority"", ""predicted_value"": ""Residential Building Report"", ""confidence"": 0.9814814814814815, ""prediction_source"": ""group_majority"", ""passes_threshold"": true, ""candidate_status"": ""Accepted"", ""rejection_reason"": null, ""validation_record_status"": ""valid""}, {""row_index"": 638, ""target_field"": ""sub_type"", ""algorithm"": ""association_rules"", ""predicted_value"": ""Residential Building Report"", ""confidence"": 0.9814814814814816, ""prediction_source"": ""matched_rules"", ""passes_threshold"": true, ""candidate_status"": ""Accepted"", ""rejection_reason"": null, ""validation_record_status"": ""valid""}, {""row_index"": 638, ""target_field"": ""sub_type"", ""algorithm"": ""clustering"", ""predicted_value"": ""Residential Building Report"", ""confidence"": 0.6666666666666666, ""prediction_source"": ""cluster_majority"", ""passes_threshold"": true, ""candidate_status"": ""Accepted"", ""rejection_reason"": null, ""validation_record_status"": ""valid""}, {""row_index"": 638, ""target_field"": ""sub_type"", ""algorithm"": ""knn"", ""predicted_value"": ""Address Change"", ""confidence"": 1.0, ""prediction_source"": ""nearest_neighbors"", ""passes_threshold"": true, ""candidate_status"": ""Accepted"", ""rejection_reason"": null, ""validation_record_status"": ""valid""}]",
639,sub_type,Full Plan Check,1,,0.7857142857142858,Requires Review,average_confidence_tiebreak,knn,"[""association_rules"", ""knn""]",2,4,4,4,0.0,valid,False,"[{""row_index"": 639, ""target_field"": ""sub_type"", ""algorithm"": ""grouped_majority"", ""predicted_value"": ""Over The Counter"", ""confidence"": 0.5567375886524822, ""prediction_source"": ""group_majority"", ""passes_threshold"": true, ""candidate_status"": ""Accepted"", ""rejection_reason"": null, ""validation_record_status"": ""valid""}, {""row_index"": 639, ""target_field"": ""sub_type"", ""algorithm"": ""association_rules"", ""predicted_value"": ""Full Plan Check"", ""confidence"": 0.5714285714285715, ""prediction_source"": ""matched_rules"", ""passes_threshold"": true, ""candidate_status"": ""Accepted"", ""rejection_reason"": null, ""validation_record_status"": ""valid""}, {""row_index"": 639, ""target_field"": ""sub_type"", ""algorithm"": ""clustering"", ""predicted_value"": ""Over The Counter"", ""confidence"": 0.4074074074074074, ""prediction_source"": ""cluster_majority"", ""passes_threshold"": true, ""candidate_status"": ""Accepted"", ""rejection_reason"": null, ""validation_record_status"": ""valid""}, {""row_index"": 639, ""target_field"": ""sub_type"", ""algorithm"": ""knn"", ""predicted_value"": ""Full Plan Check"", ""confidence"": 1.0, ""prediction_source"": ""nearest_neighbors"", ""passes_threshold"": true, ""candidate_status"": ""Accepted"", ""rejection_reason"": null, ""validation_record_status"": ""valid""}]",
644,sub_type,Full Plan Check,1,Over The Counter,0.5809445068833513,Accepted,majority_vote,association_rules,"[""association_rules"", ""clustering"", ""grouped_majority""]",3,4,4,4,0.0,valid,True,"[{""row_index"": 644, ""target_field"": ""sub_type"", ""algorithm"": ""grouped_majority"", ""predicted_value"": ""Over The Counter"", ""confidence"": 0.5567375886524822, ""prediction_source"": ""group_majority"", ""passes_threshold"": true, ""candidate_status"": ""Accepted"", ""rejection_reason"": null, ""validation_record_status"": ""valid""}, {""row_index"": 644, ""target_field"": ""sub_type"", ""algorithm"": ""association_rules"", ""predicted_value"": ""Over The Counter"", ""confidence"": 0.778688524590164, ""prediction_source"": ""matched_rules"", ""passes_threshold"": true, ""candidate_status"": ""Accepted"", ""rejection_reason"": null, ""validation_record_status"": ""valid""}, {""row_index"": 644, ""target_field"": ""sub_type"", ""algorithm"": ""clustering"", ""predicted_value"": ""Over The Counter"", ""confidence"": 0.4074074074074074, ""prediction_source"": ""cluster_majority"", ""passes_threshold"": true, ""candidate_status"": ""Accepted"", ""rejection_reason"": null, ""validation_record_status"": ""valid""}, {""row_index"": 644, ""target_field"": ""sub_type"", ""algorithm"": ""knn"", ""predicted_value"": ""Full Plan Check"", ""confidence"": 0.4, ""prediction_source"": ""nearest_neighbors"", ""passes_threshold"": true, ""candidate_status"": ""Accepted"", ""rejection_reason"": null, ""validation_record_status"": ""valid""}]",
645,sub_type,Full Plan Check,1,Over The Counter,0.6366884229280159,Accepted,unanimous_vote,knn,"[""association_rules"", ""clustering"", ""grouped_majority"", ""knn""]",4,4,4,4,0.0,valid,True,"[{""row_index"": 645, ""target_field"": ""sub_type"", ""algorithm"": ""grouped_majority"", ""predicted_value"": ""Over The Counter"", ""confidence"": 0.5567375886524822, ""prediction_source"": ""group_majority"", ""passes_threshold"": true, ""candidate_status"": ""Accepted"", ""rejection_reason"": null, ""validation_record_status"": ""valid""}, {""row_index"": 645, ""target_field"": ""sub_type"", ""algorithm"": ""association_rules"", ""predicted_value"": ""Over The Counter"", ""confidence"": 0.782608695652174, ""prediction_source"": ""matched_rules"", ""passes_threshold"": true, ""candidate_status"": ""Accepted"", ""rejection_reason"": null, ""validation_record_status"": ""valid""}, {""row_index"": 645, ""target_field"": ""sub_type"", ""algorithm"": ""clustering"", ""predicted_value"": ""Over The Counter"", ""confidence"": 0.4074074074074074, ""prediction_source"": ""cluster_majority"", ""passes_threshold"": true, ""candidate_status"": ""Accepted"", ""rejection_reason"": null, ""validation_record_status"": ""valid""}, {""row_index"": 645, ""target_field"": ""sub_type"", ""algorithm"": ""knn"", ""predicted_value"": ""Over The Counter"", ""confidence"": 0.8, ""prediction_source"": ""nearest_neighbors"", ""passes_threshold"": true, ""candidate_status"": ""Accepted"", ""rejection_reason"": null, ""validation_record_status"": ""valid""}]",
647,sub_type,Full Plan Check,1,Over The Counter,0.7152293191774762,Accepted,majority_vote,association_rules,"[""association_rules"", ""clustering"", ""grouped_majority""]",3,4,4,4,0.0,valid,True,"[{""row_index"": 647, ""target_field"": ""sub_type"", ""algorithm"": ""grouped_majority"", ""predicted_value"": ""Over The Counter"", ""confidence"": 0.5567375886524822, ""prediction_source"": ""group_majority"", ""passes_threshold"": true, ""candidate_status"": ""Accepted"", ""rejection_reason"": null, ""validation_record_status"": ""valid""}, {""row_index"": 647, ""target_field"": ""sub_type"", ""algorithm"": ""association_rules"", ""predicted_value"": ""Over The Counter"", ""confidence"": 0.8988095238095238, ""prediction_source"": ""matched_rules"", ""passes_threshold"": true, ""candidate_status"": ""Accepted"", ""rejection_reason"": null, ""validation_record_status"": ""valid""}, {""row_index"": 647, ""target_field"": ""sub_type"", ""algorithm"": ""clustering"", ""predicted_value"": ""Over The Counter"", ""confidence"": 0.6901408450704225, ""prediction_source"": ""cluster_majority"", ""passes_threshold"": true, ""candidate_status"": ""Accepted"", ""rejection_reason"": null, ""validation_record_status"": ""valid""}, {""row_index"": 647, ""target_field"": ""sub_type"", ""algorithm"": ""knn"", ""predicted_value"": ""In House Plan Check"", ""confidence"": 0.6, ""prediction_source"": ""nearest_neighbors"", ""passes_threshold"": true, ""candidate_status"": ""Accepted"", ""rejection_reason"": null, ""validation_record_status"": ""valid""}]",
653,sub_type,In House Plan Check,1,Over The Counter,0.6154993124121201,Accepted,majority_vote,association_rules,"[""association_rules"", ""clustering"", ""grouped_majority""]",3,4,4,4,0.0,valid,True,"[{""row_index"": 653, ""target_field"": ""sub_type"", ""algorithm"": ""grouped_majority"", ""predicted_value"": ""Over The Counter"", ""confidence"": 0.5567375886524822, ""prediction_source"": ""group_majority"", ""passes_threshold"": true, ""candidate_status"": ""Accepted"", ""rejection_reason"": null, ""validation_record_status"": ""valid""}, {""row_index"": 653, ""target_field"": ""sub_type"", ""algorithm"": ""association_rules"", ""predicted_value"": ""Over The Counter"", ""confidence"": 0.8823529411764706, ""prediction_source"": ""matched_rules"", ""passes_threshold"": true, ""candidate_status"": ""Accepted"", ""rejection_reason"": null, ""validation_record_status"": ""valid""}, {""row_index"": 653, ""target_field"": ""sub_type"", ""algorithm"": ""clustering"", ""predicted_value"": ""Over The Counter"", ""confidence"": 0.4074074074074074, ""prediction_source"": ""cluster_majority"", ""passes_threshold"": true, ""candidate_status"": ""Accepted"", ""rejection_reason"": null, ""validation_record_status"": ""valid""}, {""row_index"": 653, ""target_field"": ""sub_type"", ""algorithm"": ""knn"", ""predicted_value"": ""In House Plan Check"", ""confidence"": 0.6, ""prediction_source"": ""nearest_neighbors"", ""passes_threshold"": true, ""candidate_status"": ""Accepted"", ""rejection_reason"": null, ""validation_record_status"": ""valid""}]",
654,sub_type,In House Plan Check,1,Over The Counter,0.5724864413850647,Accepted,majority_vote,clustering,"[""clustering"", ""grouped_majority""]",2,4,4,4,0.0,valid,True,"[{""row_index"": 654, ""target_field"": ""sub_type"", ""algorithm"": ""grouped_majority"", ""predicted_value"": ""Over The Counter"", ""confidence"": 0.5567375886524822, ""prediction_source"": ""group_majority"", ""passes_threshold"": true, ""candidate_status"": ""Accepted"", ""rejection_reason"": null, ""validation_record_status"": ""valid""}, {""row_index"": 654, ""target_field"": ""sub_type"", ""algorithm"": ""association_rules"", ""predicted_value"": ""Residential Building Report"", ""confidence"": 0.55, ""prediction_source"": ""matched_rules"", ""passes_threshold"": true, ""candidate_status"": ""Accepted"", ""rejection_reason"": null, ""validation_record_status"": ""valid""}, {""row_index"": 654, ""target_field"": ""sub_type"", ""algorithm"": ""clustering"", ""predicted_value"": ""Over The Counter"", ""confidence"": 0.5882352941176471, ""prediction_source"": ""cluster_majority"", ""passes_threshold"": true, ""candidate_status"": ""Accepted"", ""rejection_reason"": null, ""validation_record_status"": ""valid""}, {""row_index"": 654, ""target_field"": ""sub_type"", ""algorithm"": ""knn"", ""predicted_value"": ""Full Plan Check"", ""confidence"": 0.5, ""prediction_source"": ""nearest_neighbors"", ""passes_threshold"": true, ""candidate_status"": ""Accepted"", ""rejection_reason"": null, ""validation_record_status"": ""valid""}]",
656,sub_type,In House Plan Check,1,Over The Counter,0.8405971863336203,Accepted,majority_vote,grouped_majority,"[""clustering"", ""grouped_majority"", ""knn""]",3,4,4,4,0.0,valid,True,"[{""row_index"": 656, ""target_field"": ""sub_type"", ""algorithm"": ""grouped_majority"", ""predicted_value"": ""Over The Counter"", ""confidence"": 0.9069767441860465, ""prediction_source"": ""group_majority"", ""passes_threshold"": true, ""candidate_status"": ""Accepted"", ""rejection_reason"": null, ""validation_record_status"": ""valid""}, {""row_index"": 656, ""target_field"": ""sub_type"", ""algorithm"": ""association_rules"", ""predicted_value"": ""Residential Building Report"", ""confidence"": 0.5247524752475248, ""prediction_source"": ""matched_rules"", ""passes_threshold"": true, ""candidate_status"": ""Accepted"", ""rejection_reason"": null, ""validation_record_status"": ""valid""}, {""row_index"": 656, ""target_field"": ""sub_type"", ""algorithm"": ""clustering"", ""predicted_value"": ""Over The Counter"", ""confidence"": 0.8148148148148148, ""prediction_source"": ""cluster_majority"", ""passes_threshold"": true, ""candidate_status"": ""Accepted"", ""rejection_reason"": null, ""validation_record_status"": ""valid""}, {""row_index"": 656, ""target_field"": ""sub_type"", ""algorithm"": ""knn"", ""predicted_value"": ""Over The Counter"", ""confidence"": 0.8, ""prediction_source"": ""nearest_neighbors"", ""passes_threshold"": true, ""candidate_status"": ""Accepted"", ""rejection_reason"": null, ""validation_record_status"": ""valid""}]",
657,sub_type,In House Plan Check,1,Over The Counter,0.7152293191774762,Accepted,majority_vote,association_rules,"[""association_rules"", ""clustering"", ""grouped_majority""]",3,4,4,4,0.0,valid,True,"[{""row_index"": 657, ""target_field"": ""sub_type"", ""algorithm"": ""grouped_majority"", ""predicted_value"": ""Over The Counter"", ""confidence"": 0.5567375886524822, ""prediction_source"": ""group_majority"", ""passes_threshold"": true, ""candidate_status"": ""Accepted"", ""rejection_reason"": null, ""validation_record_status"": ""valid""}, {""row_index"": 657, ""target_field"": ""sub_type"", ""algorithm"": ""association_rules"", ""predicted_value"": ""Over The Counter"", ""confidence"": 0.8988095238095238, ""prediction_source"": ""matched_rules"", ""passes_threshold"": true, ""candidate_status"": ""Accepted"", ""rejection_reason"": null, ""validation_record_status"": ""valid""}, {""row_index"": 657, ""target_field"": ""sub_type"", ""algorithm"": ""clustering"", ""predicted_value"": ""Over The Counter"", ""confidence"": 0.6901408450704225, ""prediction_source"": ""cluster_majority"", ""passes_threshold"": true, ""candidate_status"": ""Accepted"", ""rejection_reason"": null, ""validation_record_status"": ""valid""}, {""row_index"": 657, ""target_field"": ""sub_type"", ""algorithm"": ""knn"", ""predicted_value"": ""In House Plan Check"", ""confidence"": 0.5, ""prediction_source"": ""nearest_neighbors"", ""passes_threshold"": true, ""candidate_status"": ""Accepted"", ""rejection_reason"": null, ""validation_record_status"": ""valid""}]",
661,sub_type,In House Plan Check,1,Over The Counter,0.7152293191774762,Accepted,majority_vote,association_rules,"[""association_rules"", ""clustering"", ""grouped_majority""]",3,4,4,4,0.0,valid,True,"[{""row_index"": 661, ""target_field"": ""sub_type"", ""algorithm"": ""grouped_majority"", ""predicted_value"": ""Over The Counter"", ""confidence"": 0.5567375886524822, ""prediction_source"": ""group_majority"", ""passes_threshold"": true, ""candidate_status"": ""Accepted"", ""rejection_reason"": null, ""validation_record_status"": ""valid""}, {""row_index"": 661, ""target_field"": ""sub_type"", ""algorithm"": ""association_rules"", ""predicted_value"": ""Over The Counter"", ""confidence"": 0.8988095238095238, ""prediction_source"": ""matched_rules"", ""passes_threshold"": true, ""candidate_status"": ""Accepted"", ""rejection_reason"": null, ""validation_record_status"": ""valid""}, {""row_index"": 661, ""target_field"": ""sub_type"", ""algorithm"": ""clustering"", ""predicted_value"": ""Over The Counter"", ""confidence"": 0.6901408450704225, ""prediction_source"": ""cluster_majority"", ""passes_threshold"": true, ""candidate_status"": ""Accepted"", ""rejection_reason"": null, ""validation_record_status"": ""valid""}, {""row_index"": 661, ""target_field"": ""sub_type"", ""algorithm"": ""knn"", ""predicted_value"": ""In House Plan Check"", ""confidence"": 0.6, ""prediction_source"": ""nearest_neighbors"", ""passes_threshold"": true, ""candidate_status"": ""Accepted"", ""rejection_reason"": null, ""validation_record_status"": ""valid""}]",
662,sub_type,Over The Counter,1,Over The Counter,0.6708952957514781,Accepted,majority_vote,association_rules,"[""association_rules"", ""clustering"", ""grouped_majority""]",3,4,4,4,0.0,valid,True,"[{""row_index"": 662, ""target_field"": ""sub_type"", ""algorithm"": ""grouped_majority"", ""predicted_value"": ""Over The Counter"", ""confidence"": 0.5567375886524822, ""prediction_source"": ""group_majority"", ""passes_threshold"": true, ""candidate_status"": ""Accepted"", ""rejection_reason"": null, ""validation_record_status"": ""valid""}, {""row_index"": 662, ""target_field"": ""sub_type"", ""algorithm"": ""association_rules"", ""predicted_value"": ""Over The Counter"", ""confidence"": 0.8677130044843048, ""prediction_source"": ""matched_rules"", ""passes_threshold"": true, ""candidate_status"": ""Accepted"", ""rejection_reason"": null, ""validation_record_status"": ""valid""}, {""row_index"": 662, ""target_field"": ""sub_type"", ""algorithm"": ""clustering"", ""predicted_value"": ""Over The Counter"", ""confidence"": 0.5882352941176471, ""prediction_source"": ""cluster_majority"", ""passes_threshold"": true, ""candidate_status"": ""Accepted"", ""rejection_reason"": null, ""validation_record_status"": ""valid""}, {""row_index"": 662, ""target_field"": ""sub_type"", ""algorithm"": ""knn"", ""predicted_value"": ""Full Plan Check"", ""confidence"": 0.8, ""prediction_source"": ""nearest_neighbors"", ""passes_threshold"": true, ""candidate_status"": ""Accepted"", ""rejection_reason"": null, ""validation_record_status"": ""valid""}]",
666,sub_type,Over The Counter,1,Over The Counter,0.7258265540258657,Accepted,unanimous_vote,association_rules,"[""association_rules"", ""clustering"", ""grouped_majority"", ""knn""]",4,4,4,4,0.0,valid,True,"[{""row_index"": 666, ""target_field"": ""sub_type"", ""algorithm"": ""grouped_majority"", ""predicted_value"": ""Over The Counter"", ""confidence"": 0.5567375886524822, ""prediction_source"": ""group_majority"", ""passes_threshold"": true, ""candidate_status"": ""Accepted"", ""rejection_reason"": null, ""validation_record_status"": ""valid""}, {""row_index"": 666, ""target_field"": ""sub_type"", ""algorithm"": ""association_rules"", ""predicted_value"": ""Over The Counter"", ""confidence"": 0.9583333333333333, ""prediction_source"": ""matched_rules"", ""passes_threshold"": true, ""candidate_status"": ""Accepted"", ""rejection_reason"": null, ""validation_record_status"": ""valid""}, {""row_index"": 666, ""target_field"": ""sub_type"", ""algorithm"": ""clustering"", ""predicted_value"": ""Over The Counter"", ""confidence"": 0.5882352941176471, ""prediction_source"": ""cluster_majority"", ""passes_threshold"": true, ""candidate_status"": ""Accepted"", ""rejection_reason"": null, ""validation_record_status"": ""valid""}, {""row_index"": 666, ""target_field"": ""sub_type"", ""algorithm"": ""knn"", ""predicted_value"": ""Over The Counter"", ""confidence"": 0.8, ""prediction_source"": ""nearest_neighbors"", ""passes_threshold"": true, ""candidate_status"": ""Accepted"", ""rejection_reason"": null, ""validation_record_status"": ""valid""}]",
668,sub_type,Over The Counter,1,Over The Counter,0.8239305196669537,Accepted,majority_vote,grouped_majority,"[""clustering"", ""grouped_majority"", ""knn""]",3,4,4,4,0.0,valid,True,"[{""row_index"": 668, ""target_field"": ""sub_type"", ""algorithm"": ""grouped_majority"", ""predicted_value"": ""Over The Counter"", ""confidence"": 0.9069767441860465, ""prediction_source"": ""group_majority"", ""passes_threshold"": true, ""candidate_status"": ""Accepted"", ""rejection_reason"": null, ""validation_record_status"": ""valid""}, {""row_index"": 668, ""target_field"": ""sub_type"", ""algorithm"": ""association_rules"", ""predicted_value"": ""Residential Building Report"", ""confidence"": 0.7571428571428572, ""prediction_source"": ""matched_rules"", ""passes_threshold"": true, ""candidate_status"": ""Accepted"", ""rejection_reason"": null, ""validation_record_status"": ""valid""}, {""row_index"": 668, ""target_field"": ""sub_type"", ""algorithm"": ""clustering"", ""predicted_value"": ""Over The Counter"", ""confidence"": 0.8148148148148148, ""prediction_source"": ""cluster_majority"", ""passes_threshold"": true, ""candidate_status"": ""Accepted"", ""rejection_reason"": null, ""validation_record_status"": ""valid""}, {""row_index"": 668, ""target_field"": ""sub_type"", ""algorithm"": ""knn"", ""predicted_value"": ""Over The Counter"", ""confidence"": 0.75, ""prediction_source"": ""nearest_neighbors"", ""passes_threshold"": true, ""candidate_status"": ""Accepted"", ""rejection_reason"": null, ""validation_record_status"": ""valid""}]",
670,sub_type,Over The Counter,1,Over The Counter,0.9072638530002871,Accepted,majority_vote,knn,"[""clustering"", ""grouped_majority"", ""knn""]",3,4,4,4,0.0,valid,True,"[{""row_index"": 670, ""target_field"": ""sub_type"", ""algorithm"": ""grouped_majority"", ""predicted_value"": ""Over The Counter"", ""confidence"": 0.9069767441860465, ""prediction_source"": ""group_majority"", ""passes_threshold"": true, ""candidate_status"": ""Accepted"", ""rejection_reason"": null, ""validation_record_status"": ""valid""}, {""row_index"": 670, ""target_field"": ""sub_type"", ""algorithm"": ""association_rules"", ""predicted_value"": ""Residential Building Report"", ""confidence"": 0.5247524752475248, ""prediction_source"": ""matched_rules"", ""passes_threshold"": true, ""candidate_status"": ""Accepted"", ""rejection_reason"": null, ""validation_record_status"": ""valid""}, {""row_index"": 670, ""target_field"": ""sub_type"", ""algorithm"": ""clustering"", ""predicted_value"": ""Over The Counter"", ""confidence"": 0.8148148148148148, ""prediction_source"": ""cluster_majority"", ""passes_threshold"": true, ""candidate_status"": ""Accepted"", ""rejection_reason"": null, ""validation_record_status"": ""valid""}, {""row_index"": 670, ""target_field"": ""sub_type"", ""algorithm"": ""knn"", ""predicted_value"": ""Over The Counter"", ""confidence"": 1.0, ""prediction_source"": ""nearest_neighbors"", ""passes_threshold"": true, ""candidate_status"": ""Accepted"", ""rejection_reason"": null, ""validation_record_status"": ""valid""}]",
677,sub_type,Over The Counter,1,Over The Counter,0.4820724980299448,Accepted,majority_vote,grouped_majority,"[""clustering"", ""grouped_majority""]",2,4,4,4,0.0,valid,True,"[{""row_index"": 677, ""target_field"": ""sub_type"", ""algorithm"": ""grouped_majority"", ""predicted_value"": ""Over The Counter"", ""confidence"": 0.5567375886524822, ""prediction_source"": ""group_majority"", ""passes_threshold"": true, ""candidate_status"": ""Accepted"", ""rejection_reason"": null, ""validation_record_status"": ""valid""}, {""row_index"": 677, ""target_field"": ""sub_type"", ""algorithm"": ""association_rules"", ""predicted_value"": ""Full Plan Check"", ""confidence"": 0.5714285714285715, ""prediction_source"": ""matched_rules"", ""passes_threshold"": true, ""candidate_status"": ""Accepted"", ""rejection_reason"": null, ""validation_record_status"": ""valid""}, {""row_index"": 677, ""target_field"": ""sub_type"", ""algorithm"": ""clustering"", ""predicted_value"": ""Over The Counter"", ""confidence"": 0.4074074074074074, ""prediction_source"": ""cluster_majority"", ""passes_threshold"": true, ""candidate_status"": ""Accepted"", ""rejection_reason"": null, ""validation_record_status"": ""valid""}, {""row_index"": 677, ""target_field"": ""sub_type"", ""algorithm"": ""knn"", ""predicted_value"": ""In House Plan Check"", ""confidence"": 0.6666666666666666, ""prediction_source"": ""nearest_neighbors"", ""passes_threshold"": true, ""candidate_status"": ""Accepted"", ""rejection_reason"": null, ""validation_record_status"": ""valid""}]",
692,sub_type,Over The Counter,1,Over The Counter,0.8891843971631206,Accepted,unanimous_vote,association_rules,"[""association_rules"", ""clustering"", ""grouped_majority"", ""knn""]",4,4,4,4,0.0,valid,True,"[{""row_index"": 692, ""target_field"": ""sub_type"", ""algorithm"": ""grouped_majority"", ""predicted_value"": ""Over The Counter"", ""confidence"": 0.5567375886524822, ""prediction_source"": ""group_majority"", ""passes_threshold"": true, ""candidate_status"": ""Accepted"", ""rejection_reason"": null, ""validation_record_status"": ""valid""}, {""row_index"": 692, ""target_field"": ""sub_type"", ""algorithm"": ""association_rules"", ""predicted_value"": ""Over The Counter"", ""confidence"": 1.0, ""prediction_source"": ""matched_rules"", ""passes_threshold"": true, ""candidate_status"": ""Accepted"", ""rejection_reason"": null, ""validation_record_status"": ""valid""}, {""row_index"": 692, ""target_field"": ""sub_type"", ""algorithm"": ""clustering"", ""predicted_value"": ""Over The Counter"", ""confidence"": 1.0, ""prediction_source"": ""cluster_majority"", ""passes_threshold"": true, ""candidate_status"": ""Accepted"", ""rejection_reason"": null, ""validation_record_status"": ""valid""}, {""row_index"": 692, ""target_field"": ""sub_type"", ""algorithm"": ""knn"", ""predicted_value"": ""Over The Counter"", ""confidence"": 1.0, ""prediction_source"": ""nearest_neighbors"", ""passes_threshold"": true, ""candidate_status"": ""Accepted"", ""rejection_reason"": null, ""validation_record_status"": ""valid""}]",
694,sub_type,Over The Counter,1,Over The Counter,0.8039071084307262,Accepted,unanimous_vote,knn,"[""association_rules"", ""clustering"", ""grouped_majority"", ""knn""]",4,4,4,4,0.0,valid,True,"[{""row_index"": 694, ""target_field"": ""sub_type"", ""algorithm"": ""grouped_majority"", ""predicted_value"": ""Over The Counter"", ""confidence"": 0.5567375886524822, ""prediction_source"": ""group_majority"", ""passes_threshold"": true, ""candidate_status"": ""Accepted"", ""rejection_reason"": null, ""validation_record_status"": ""valid""}, {""row_index"": 694, ""target_field"": ""sub_type"", ""algorithm"": ""association_rules"", ""predicted_value"": ""Over The Counter"", ""confidence"": 0.96875, ""prediction_source"": ""matched_rules"", ""passes_threshold"": true, ""candidate_status"": ""Accepted"", ""rejection_reason"": null, ""validation_record_status"": ""valid""}, {""row_index"": 694, ""target_field"": ""sub_type"", ""algorithm"": ""clustering"", ""predicted_value"": ""Over The Counter"", ""confidence"": 0.6901408450704225, ""prediction_source"": ""cluster_majority"", ""passes_threshold"": true, ""candidate_status"": ""Accepted"", ""rejection_reason"": null, ""validation_record_status"": ""valid""}, {""row_index"": 694, ""target_field"": ""sub_type"", ""algorithm"": ""knn"", ""predicted_value"": ""Over The Counter"", ""confidence"": 1.0, ""prediction_source"": ""nearest_neighbors"", ""passes_threshold"": true, ""candidate_status"": ""Accepted"", ""rejection_reason"": null, ""validation_record_status"": ""valid""}]",
695,sub_type,Over The Counter,1,Over The Counter,0.715409887359199,Accepted,unanimous_vote,association_rules,"[""association_rules"", ""clustering"", ""grouped_majority"", ""knn""]",4,4,4,4,0.0,valid,True,"[{""row_index"": 695, ""target_field"": ""sub_type"", ""algorithm"": ""grouped_majority"", ""predicted_value"": ""Over The Counter"", ""confidence"": 0.5567375886524822, ""prediction_source"": ""group_majority"", ""passes_threshold"": true, ""candidate_status"": ""Accepted"", ""rejection_reason"": null, ""validation_record_status"": ""valid""}, {""row_index"": 695, ""target_field"": ""sub_type"", ""algorithm"": ""association_rules"", ""predicted_value"": ""Over The Counter"", ""confidence"": 0.9166666666666666, ""prediction_source"": ""matched_rules"", ""passes_threshold"": true, ""candidate_status"": ""Accepted"", ""rejection_reason"": null, ""validation_record_status"": ""valid""}, {""row_index"": 695, ""target_field"": ""sub_type"", ""algorithm"": ""clustering"", ""predicted_value"": ""Over The Counter"", ""confidence"": 0.5882352941176471, ""prediction_source"": ""cluster_majority"", ""passes_threshold"": true, ""candidate_status"": ""Accepted"", ""rejection_reason"": null, ""validation_record_status"": ""valid""}, {""row_index"": 695, ""target_field"": ""sub_type"", ""algorithm"": ""knn"", ""predicted_value"": ""Over The Counter"", ""confidence"": 0.8, ""prediction_source"": ""nearest_neighbors"", ""passes_threshold"": true, ""candidate_status"": ""Accepted"", ""rejection_reason"": null, ""validation_record_status"": ""valid""}]",
698,sub_type,Over The Counter,1,Over The Counter,0.692909887359199,Accepted,unanimous_vote,association_rules,"[""association_rules"", ""clustering"", ""grouped_majority"", ""knn""]",4,4,4,4,0.0,valid,True,"[{""row_index"": 698, ""target_field"": ""sub_type"", ""algorithm"": ""grouped_majority"", ""predicted_value"": ""Over The Counter"", ""confidence"": 0.5567375886524822, ""prediction_source"": ""group_majority"", ""passes_threshold"": true, ""candidate_status"": ""Accepted"", ""rejection_reason"": null, ""validation_record_status"": ""valid""}, {""row_index"": 698, ""target_field"": ""sub_type"", ""algorithm"": ""association_rules"", ""predicted_value"": ""Over The Counter"", ""confidence"": 0.9600000000000001, ""prediction_source"": ""matched_rules"", ""passes_threshold"": true, ""candidate_status"": ""Accepted"", ""rejection_reason"": null, ""validation_record_status"": ""valid""}, {""row_index"": 698, ""target_field"": ""sub_type"", ""algorithm"": ""clustering"", ""predicted_value"": ""Over The Counter"", ""confidence"": 0.5882352941176471, ""prediction_source"": ""cluster_majority"", ""passes_threshold"": true, ""candidate_status"": ""Accepted"", ""rejection_reason"": null, ""validation_record_status"": ""valid""}, {""row_index"": 698, ""target_field"": ""sub_type"", ""algorithm"": ""knn"", ""predicted_value"": ""Over The Counter"", ""confidence"": 0.6666666666666666, ""prediction_source"": ""nearest_neighbors"", ""passes_threshold"": true, ""candidate_status"": ""Accepted"", ""rejection_reason"": null, ""validation_record_status"": ""valid""}]",
700,sub_type,Over The Counter,1,Over The Counter,0.7862432206925324,Accepted,unanimous_vote,association_rules,"[""association_rules"", ""clustering"", ""grouped_majority"", ""knn""]",4,4,4,4,0.0,valid,True,"[{""row_index"": 700, ""target_field"": ""sub_type"", ""algorithm"": ""grouped_majority"", ""predicted_value"": ""Over The Counter"", ""confidence"": 0.5567375886524822, ""prediction_source"": ""group_majority"", ""passes_threshold"": true, ""candidate_status"": ""Accepted"", ""rejection_reason"": null, ""validation_record_status"": ""valid""}, {""row_index"": 700, ""target_field"": ""sub_type"", ""algorithm"": ""association_rules"", ""predicted_value"": ""Over The Counter"", ""confidence"": 1.0, ""prediction_source"": ""matched_rules"", ""passes_threshold"": true, ""candidate_status"": ""Accepted"", ""rejection_reason"": null, ""validation_record_status"": ""valid""}, {""row_index"": 700, ""target_field"": ""sub_type"", ""algorithm"": ""clustering"", ""predicted_value"": ""Over The Counter"", ""confidence"": 0.5882352941176471, ""prediction_source"": ""cluster_majority"", ""passes_threshold"": true, ""candidate_status"": ""Accepted"", ""rejection_reason"": null, ""validation_record_status"": ""valid""}, {""row_index"": 700, ""target_field"": ""sub_type"", ""algorithm"": ""knn"", ""predicted_value"": ""Over The Counter"", ""confidence"": 1.0, ""prediction_source"": ""nearest_neighbors"", ""passes_threshold"": true, ""candidate_status"": ""Accepted"", ""rejection_reason"": null, ""validation_record_status"": ""valid""}]",
702,sub_type,Over The Counter,1,Over The Counter,0.9906888102088091,Accepted,unanimous_vote,knn,"[""association_rules"", ""clustering"", ""grouped_majority"", ""knn""]",4,4,4,4,0.0,valid,True,"[{""row_index"": 702, ""target_field"": ""sub_type"", ""algorithm"": ""grouped_majority"", ""predicted_value"": ""Over The Counter"", ""confidence"": 0.9793103448275862, ""prediction_source"": ""group_majority"", ""passes_threshold"": true, ""candidate_status"": ""Accepted"", ""rejection_reason"": null, ""validation_record_status"": ""valid""}, {""row_index"": 702, ""target_field"": ""sub_type"", ""algorithm"": ""association_rules"", ""predicted_value"": ""Over The Counter"", ""confidence"": 0.9946808510638299, ""prediction_source"": ""matched_rules"", ""passes_threshold"": true, ""candidate_status"": ""Accepted"", ""rejection_reason"": null, ""validation_record_status"": ""valid""}, {""row_index"": 702, ""target_field"": ""sub_type"", ""algorithm"": ""clustering"", ""predicted_value"": ""Over The Counter"", ""confidence"": 0.9887640449438202, ""prediction_source"": ""cluster_majority"", ""passes_threshold"": true, ""candidate_status"": ""Accepted"", ""rejection_reason"": null, ""validation_record_status"": ""valid""}, {""row_index"": 702, ""target_field"": ""sub_type"", ""algorithm"": ""knn"", ""predicted_value"": ""Over The Counter"", ""confidence"": 1.0, ""prediction_source"": ""nearest_neighbors"", ""passes_threshold"": true, ""candidate_status"": ""Accepted"", ""rejection_reason"": null, ""validation_record_status"": ""valid""}]",
703,sub_type,Over The Counter,1,Over The Counter,0.9001209921355112,Accepted,majority_vote,grouped_majority,"[""clustering"", ""grouped_majority"", ""knn""]",3,4,4,4,0.0,valid,True,"[{""row_index"": 703, ""target_field"": ""sub_type"", ""algorithm"": ""grouped_majority"", ""predicted_value"": ""Over The Counter"", ""confidence"": 0.9793103448275862, ""prediction_source"": ""group_majority"", ""passes_threshold"": true, ""candidate_status"": ""Accepted"", ""rejection_reason"": null, ""validation_record_status"": ""valid""}, {""row_index"": 703, ""target_field"": ""sub_type"", ""algorithm"": ""association_rules"", ""predicted_value"": ""Residential Building Report"", ""confidence"": 0.5913978494623656, ""prediction_source"": ""matched_rules"", ""passes_threshold"": true, ""candidate_status"": ""Accepted"", ""rejection_reason"": null, ""validation_record_status"": ""valid""}, {""row_index"": 703, ""target_field"": ""sub_type"", ""algorithm"": ""clustering"", ""predicted_value"": ""Over The Counter"", ""confidence"": 0.9210526315789473, ""prediction_source"": ""cluster_majority"", ""passes_threshold"": true, ""candidate_status"": ""Accepted"", ""rejection_reason"": null, ""validation_record_status"": ""valid""}, {""row_index"": 703, ""target_field"": ""sub_type"", ""algorithm"": ""knn"", ""predicted_value"": ""Over The Counter"", ""confidence"": 0.8, ""prediction_source"": ""nearest_neighbors"", ""passes_threshold"": true, ""candidate_status"": ""Accepted"", ""rejection_reason"": null, ""validation_record_status"": ""valid""}]",
705,sub_type,Over The Counter,1,Over The Counter,0.9920185974428516,Accepted,unanimous_vote,association_rules,"[""association_rules"", ""clustering"", ""grouped_majority"", ""knn""]",4,4,4,4,0.0,valid,True,"[{""row_index"": 705, ""target_field"": ""sub_type"", ""algorithm"": ""grouped_majority"", ""predicted_value"": ""Over The Counter"", ""confidence"": 0.9793103448275862, ""prediction_source"": ""group_majority"", ""passes_threshold"": true, ""candidate_status"": ""Accepted"", ""rejection_reason"": null, ""validation_record_status"": ""valid""}, {""row_index"": 705, ""target_field"": ""sub_type"", ""algorithm"": ""association_rules"", ""predicted_value"": ""Over The Counter"", ""confidence"": 1.0, ""prediction_source"": ""matched_rules"", ""passes_threshold"": true, ""candidate_status"": ""Accepted"", ""rejection_reason"": null, ""validation_record_status"": ""valid""}, {""row_index"": 705, ""target_field"": ""sub_type"", ""algorithm"": ""clustering"", ""predicted_value"": ""Over The Counter"", ""confidence"": 0.9887640449438202, ""prediction_source"": ""cluster_majority"", ""passes_threshold"": true, ""candidate_status"": ""Accepted"", ""rejection_reason"": null, ""validation_record_status"": ""valid""}, {""row_index"": 705, ""target_field"": ""sub_type"", ""algorithm"": ""knn"", ""predicted_value"": ""Over The Counter"", ""confidence"": 1.0, ""prediction_source"": ""nearest_neighbors"", ""passes_threshold"": true, ""candidate_status"": ""Accepted"", ""rejection_reason"": null, ""validation_record_status"": ""valid""}]",
706,sub_type,Over The Counter,1,,0.984375,Requires Review,average_confidence_tiebreak,knn,"[""grouped_majority"", ""knn""]",2,4,4,4,0.0,valid,False,"[{""row_index"": 706, ""target_field"": ""sub_type"", ""algorithm"": ""grouped_majority"", ""predicted_value"": ""Over The Counter"", ""confidence"": 0.96875, ""prediction_source"": ""group_majority"", ""passes_threshold"": true, ""candidate_status"": ""Accepted"", ""rejection_reason"": null, ""validation_record_status"": ""valid""}, {""row_index"": 706, ""target_field"": ""sub_type"", ""algorithm"": ""association_rules"", ""predicted_value"": ""Residential Building Report"", ""confidence"": 0.8346456692913387, ""prediction_source"": ""matched_rules"", ""passes_threshold"": true, ""candidate_status"": ""Accepted"", ""rejection_reason"": null, ""validation_record_status"": ""valid""}, {""row_index"": 706, ""target_field"": ""sub_type"", ""algorithm"": ""clustering"", ""predicted_value"": ""Residential Building Report"", ""confidence"": 0.6666666666666666, ""prediction_source"": ""cluster_majority"", ""passes_threshold"": true, ""candidate_status"": ""Accepted"", ""rejection_reason"": null, ""validation_record_status"": ""valid""}, {""row_index"": 706, ""target_field"": ""sub_type"", ""algorithm"": ""knn"", ""predicted_value"": ""Over The Counter"", ""confidence"": 1.0, ""prediction_source"": ""nearest_neighbors"", ""passes_threshold"": true, ""candidate_status"": ""Accepted"", ""rejection_reason"": null, ""validation_record_status"": ""valid""}]",
709,sub_type,Over The Counter,1,Over The Counter,0.9920185974428516,Accepted,unanimous_vote,association_rules,"[""association_rules"", ""clustering"", ""grouped_majority"", ""knn""]",4,4,4,4,0.0,valid,True,"[{""row_index"": 709, ""target_field"": ""sub_type"", ""algorithm"": ""grouped_majority"", ""predicted_value"": ""Over The Counter"", ""confidence"": 0.9793103448275862, ""prediction_source"": ""group_majority"", ""passes_threshold"": true, ""candidate_status"": ""Accepted"", ""rejection_reason"": null, ""validation_record_status"": ""valid""}, {""row_index"": 709, ""target_field"": ""sub_type"", ""algorithm"": ""association_rules"", ""predicted_value"": ""Over The Counter"", ""confidence"": 1.0, ""prediction_source"": ""matched_rules"", ""passes_threshold"": true, ""candidate_status"": ""Accepted"", ""rejection_reason"": null, ""validation_record_status"": ""valid""}, {""row_index"": 709, ""target_field"": ""sub_type"", ""algorithm"": ""clustering"", ""predicted_value"": ""Over The Counter"", ""confidence"": 0.9887640449438202, ""prediction_source"": ""cluster_majority"", ""passes_threshold"": true, ""candidate_status"": ""Accepted"", ""rejection_reason"": null, ""validation_record_status"": ""valid""}, {""row_index"": 709, ""target_field"": ""sub_type"", ""algorithm"": ""knn"", ""predicted_value"": ""Over The Counter"", ""confidence"": 1.0, ""prediction_source"": ""nearest_neighbors"", ""passes_threshold"": true, ""candidate_status"": ""Accepted"", ""rejection_reason"": null, ""validation_record_status"": ""valid""}]",
710,sub_type,Over The Counter,1,Over The Counter,0.9906888102088091,Accepted,unanimous_vote,knn,"[""association_rules"", ""clustering"", ""grouped_majority"", ""knn""]",4,4,4,4,0.0,valid,True,"[{""row_index"": 710, ""target_field"": ""sub_type"", ""algorithm"": ""grouped_majority"", ""predicted_value"": ""Over The Counter"", ""confidence"": 0.9793103448275862, ""prediction_source"": ""group_majority"", ""passes_threshold"": true, ""candidate_status"": ""Accepted"", ""rejection_reason"": null, ""validation_record_status"": ""valid""}, {""row_index"": 710, ""target_field"": ""sub_type"", ""algorithm"": ""association_rules"", ""predicted_value"": ""Over The Counter"", ""confidence"": 0.9946808510638299, ""prediction_source"": ""matched_rules"", ""passes_threshold"": true, ""candidate_status"": ""Accepted"", ""rejection_reason"": null, ""validation_record_status"": ""valid""}, {""row_index"": 710, ""target_field"": ""sub_type"", ""algorithm"": ""clustering"", ""predicted_value"": ""Over The Counter"", ""confidence"": 0.9887640449438202, ""prediction_source"": ""cluster_majority"", ""passes_threshold"": true, ""candidate_status"": ""Accepted"", ""rejection_reason"": null, ""validation_record_status"": ""valid""}, {""row_index"": 710, ""target_field"": ""sub_type"", ""algorithm"": ""knn"", ""predicted_value"": ""Over The Counter"", ""confidence"": 1.0, ""prediction_source"": ""nearest_neighbors"", ""passes_threshold"": true, ""candidate_status"": ""Accepted"", ""rejection_reason"": null, ""validation_record_status"": ""valid""}]",
711,sub_type,Over The Counter,1,Over The Counter,0.9001209921355112,Accepted,majority_vote,grouped_majority,"[""clustering"", ""grouped_majority"", ""knn""]",3,4,4,4,0.0,valid,True,"[{""row_index"": 711, ""target_field"": ""sub_type"", ""algorithm"": ""grouped_majority"", ""predicted_value"": ""Over The Counter"", ""confidence"": 0.9793103448275862, ""prediction_source"": ""group_majority"", ""passes_threshold"": true, ""candidate_status"": ""Accepted"", ""rejection_reason"": null, ""validation_record_status"": ""valid""}, {""row_index"": 711, ""target_field"": ""sub_type"", ""algorithm"": ""association_rules"", ""predicted_value"": ""Residential Building Report"", ""confidence"": 0.5913978494623656, ""prediction_source"": ""matched_rules"", ""passes_threshold"": true, ""candidate_status"": ""Accepted"", ""rejection_reason"": null, ""validation_record_status"": ""valid""}, {""row_index"": 711, ""target_field"": ""sub_type"", ""algorithm"": ""clustering"", ""predicted_value"": ""Over The Counter"", ""confidence"": 0.9210526315789473, ""prediction_source"": ""cluster_majority"", ""passes_threshold"": true, ""candidate_status"": ""Accepted"", ""rejection_reason"": null, ""validation_record_status"": ""valid""}, {""row_index"": 711, ""target_field"": ""sub_type"", ""algorithm"": ""knn"", ""predicted_value"": ""Over The Counter"", ""confidence"": 0.8, ""prediction_source"": ""nearest_neighbors"", ""passes_threshold"": true, ""candidate_status"": ""Accepted"", ""rejection_reason"": null, ""validation_record_status"": ""valid""}]",
714,sub_type,Over The Counter,1,Over The Counter,0.9920185974428516,Accepted,unanimous_vote,association_rules,"[""association_rules"", ""clustering"", ""grouped_majority"", ""knn""]",4,4,4,4,0.0,valid,True,"[{""row_index"": 714, ""target_field"": ""sub_type"", ""algorithm"": ""grouped_majority"", ""predicted_value"": ""Over The Counter"", ""confidence"": 0.9793103448275862, ""prediction_source"": ""group_majority"", ""passes_threshold"": true, ""candidate_status"": ""Accepted"", ""rejection_reason"": null, ""validation_record_status"": ""valid""}, {""row_index"": 714, ""target_field"": ""sub_type"", ""algorithm"": ""association_rules"", ""predicted_value"": ""Over The Counter"", ""confidence"": 1.0, ""prediction_source"": ""matched_rules"", ""passes_threshold"": true, ""candidate_status"": ""Accepted"", ""rejection_reason"": null, ""validation_record_status"": ""valid""}, {""row_index"": 714, ""target_field"": ""sub_type"", ""algorithm"": ""clustering"", ""predicted_value"": ""Over The Counter"", ""confidence"": 0.9887640449438202, ""prediction_source"": ""cluster_majority"", ""passes_threshold"": true, ""candidate_status"": ""Accepted"", ""rejection_reason"": null, ""validation_record_status"": ""valid""}, {""row_index"": 714, ""target_field"": ""sub_type"", ""algorithm"": ""knn"", ""predicted_value"": ""Over The Counter"", ""confidence"": 1.0, ""prediction_source"": ""nearest_neighbors"", ""passes_threshold"": true, ""candidate_status"": ""Accepted"", ""rejection_reason"": null, ""validation_record_status"": ""valid""}]",
715,sub_type,Over The Counter,1,Over The Counter,0.9920185974428516,Accepted,unanimous_vote,association_rules,"[""association_rules"", ""clustering"", ""grouped_majority"", ""knn""]",4,4,4,4,0.0,valid,True,"[{""row_index"": 715, ""target_field"": ""sub_type"", ""algorithm"": ""grouped_majority"", ""predicted_value"": ""Over The Counter"", ""confidence"": 0.9793103448275862, ""prediction_source"": ""group_majority"", ""passes_threshold"": true, ""candidate_status"": ""Accepted"", ""rejection_reason"": null, ""validation_record_status"": ""valid""}, {""row_index"": 715, ""target_field"": ""sub_type"", ""algorithm"": ""association_rules"", ""predicted_value"": ""Over The Counter"", ""confidence"": 1.0, ""prediction_source"": ""matched_rules"", ""passes_threshold"": true, ""candidate_status"": ""Accepted"", ""rejection_reason"": null, ""validation_record_status"": ""valid""}, {""row_index"": 715, ""target_field"": ""sub_type"", ""algorithm"": ""clustering"", ""predicted_value"": ""Over The Counter"", ""confidence"": 0.9887640449438202, ""prediction_source"": ""cluster_majority"", ""passes_threshold"": true, ""candidate_status"": ""Accepted"", ""rejection_reason"": null, ""validation_record_status"": ""valid""}, {""row_index"": 715, ""target_field"": ""sub_type"", ""algorithm"": ""knn"", ""predicted_value"": ""Over The Counter"", ""confidence"": 1.0, ""prediction_source"": ""nearest_neighbors"", ""passes_threshold"": true, ""candidate_status"": ""Accepted"", ""rejection_reason"": null, ""validation_record_status"": ""valid""}]",
717,sub_type,Over The Counter,1,Over The Counter,0.9750907441016334,Accepted,unanimous_vote,association_rules,"[""association_rules"", ""clustering"", ""grouped_majority"", ""knn""]",4,4,4,4,0.0,valid,True,"[{""row_index"": 717, ""target_field"": ""sub_type"", ""algorithm"": ""grouped_majority"", ""predicted_value"": ""Over The Counter"", ""confidence"": 0.9793103448275862, ""prediction_source"": ""group_majority"", ""passes_threshold"": true, ""candidate_status"": ""Accepted"", ""rejection_reason"": null, ""validation_record_status"": ""valid""}, {""row_index"": 717, ""target_field"": ""sub_type"", ""algorithm"": ""association_rules"", ""predicted_value"": ""Over The Counter"", ""confidence"": 1.0, ""prediction_source"": ""matched_rules"", ""passes_threshold"": true, ""candidate_status"": ""Accepted"", ""rejection_reason"": null, ""validation_record_status"": ""valid""}, {""row_index"": 717, ""target_field"": ""sub_type"", ""algorithm"": ""clustering"", ""predicted_value"": ""Over The Counter"", ""confidence"": 0.9210526315789473, ""prediction_source"": ""cluster_majority"", ""passes_threshold"": true, ""candidate_status"": ""Accepted"", ""rejection_reason"": null, ""validation_record_status"": ""valid""}, {""row_index"": 717, ""target_field"": ""sub_type"", ""algorithm"": ""knn"", ""predicted_value"": ""Over The Counter"", ""confidence"": 1.0, ""prediction_source"": ""nearest_neighbors"", ""passes_threshold"": true, ""candidate_status"": ""Accepted"", ""rejection_reason"": null, ""validation_record_status"": ""valid""}]",
718,sub_type,Over The Counter,1,Over The Counter,0.9906888102088091,Accepted,unanimous_vote,knn,"[""association_rules"", ""clustering"", ""grouped_majority"", ""knn""]",4,4,4,4,0.0,valid,True,"[{""row_index"": 718, ""target_field"": ""sub_type"", ""algorithm"": ""grouped_majority"", ""predicted_value"": ""Over The Counter"", ""confidence"": 0.9793103448275862, ""prediction_source"": ""group_majority"", ""passes_threshold"": true, ""candidate_status"": ""Accepted"", ""rejection_reason"": null, ""validation_record_status"": ""valid""}, {""row_index"": 718, ""target_field"": ""sub_type"", ""algorithm"": ""association_rules"", ""predicted_value"": ""Over The Counter"", ""confidence"": 0.9946808510638299, ""prediction_source"": ""matched_rules"", ""passes_threshold"": true, ""candidate_status"": ""Accepted"", ""rejection_reason"": null, ""validation_record_status"": ""valid""}, {""row_index"": 718, ""target_field"": ""sub_type"", ""algorithm"": ""clustering"", ""predicted_value"": ""Over The Counter"", ""confidence"": 0.9887640449438202, ""prediction_source"": ""cluster_majority"", ""passes_threshold"": true, ""candidate_status"": ""Accepted"", ""rejection_reason"": null, ""validation_record_status"": ""valid""}, {""row_index"": 718, ""target_field"": ""sub_type"", ""algorithm"": ""knn"", ""predicted_value"": ""Over The Counter"", ""confidence"": 1.0, ""prediction_source"": ""nearest_neighbors"", ""passes_threshold"": true, ""candidate_status"": ""Accepted"", ""rejection_reason"": null, ""validation_record_status"": ""valid""}]",
724,sub_type,Over The Counter,1,Over The Counter,0.9920185974428516,Accepted,unanimous_vote,association_rules,"[""association_rules"", ""clustering"", ""grouped_majority"", ""knn""]",4,4,4,4,0.0,valid,True,"[{""row_index"": 724, ""target_field"": ""sub_type"", ""algorithm"": ""grouped_majority"", ""predicted_value"": ""Over The Counter"", ""confidence"": 0.9793103448275862, ""prediction_source"": ""group_majority"", ""passes_threshold"": true, ""candidate_status"": ""Accepted"", ""rejection_reason"": null, ""validation_record_status"": ""valid""}, {""row_index"": 724, ""target_field"": ""sub_type"", ""algorithm"": ""association_rules"", ""predicted_value"": ""Over The Counter"", ""confidence"": 1.0, ""prediction_source"": ""matched_rules"", ""passes_threshold"": true, ""candidate_status"": ""Accepted"", ""rejection_reason"": null, ""validation_record_status"": ""valid""}, {""row_index"": 724, ""target_field"": ""sub_type"", ""algorithm"": ""clustering"", ""predicted_value"": ""Over The Counter"", ""confidence"": 0.9887640449438202, ""prediction_source"": ""cluster_majority"", ""passes_threshold"": true, ""candidate_status"": ""Accepted"", ""rejection_reason"": null, ""validation_record_status"": ""valid""}, {""row_index"": 724, ""target_field"": ""sub_type"", ""algorithm"": ""knn"", ""predicted_value"": ""Over The Counter"", ""confidence"": 1.0, ""prediction_source"": ""nearest_neighbors"", ""passes_threshold"": true, ""candidate_status"": ""Accepted"", ""rejection_reason"": null, ""validation_record_status"": ""valid""}]",
725,sub_type,Over The Counter,1,Over The Counter,0.9920185974428516,Accepted,unanimous_vote,association_rules,"[""association_rules"", ""clustering"", ""grouped_majority"", ""knn""]",4,4,4,4,0.0,valid,True,"[{""row_index"": 725, ""target_field"": ""sub_type"", ""algorithm"": ""grouped_majority"", ""predicted_value"": ""Over The Counter"", ""confidence"": 0.9793103448275862, ""prediction_source"": ""group_majority"", ""passes_threshold"": true, ""candidate_status"": ""Accepted"", ""rejection_reason"": null, ""validation_record_status"": ""valid""}, {""row_index"": 725, ""target_field"": ""sub_type"", ""algorithm"": ""association_rules"", ""predicted_value"": ""Over The Counter"", ""confidence"": 1.0, ""prediction_source"": ""matched_rules"", ""passes_threshold"": true, ""candidate_status"": ""Accepted"", ""rejection_reason"": null, ""validation_record_status"": ""valid""}, {""row_index"": 725, ""target_field"": ""sub_type"", ""algorithm"": ""clustering"", ""predicted_value"": ""Over The Counter"", ""confidence"": 0.9887640449438202, ""prediction_source"": ""cluster_majority"", ""passes_threshold"": true, ""candidate_status"": ""Accepted"", ""rejection_reason"": null, ""validation_record_status"": ""valid""}, {""row_index"": 725, ""target_field"": ""sub_type"", ""algorithm"": ""knn"", ""predicted_value"": ""Over The Counter"", ""confidence"": 1.0, ""prediction_source"": ""nearest_neighbors"", ""passes_threshold"": true, ""candidate_status"": ""Accepted"", ""rejection_reason"": null, ""validation_record_status"": ""valid""}]",
728,sub_type,Over The Counter,1,Over The Counter,0.9920185974428516,Accepted,unanimous_vote,association_rules,"[""association_rules"", ""clustering"", ""grouped_majority"", ""knn""]",4,4,4,4,0.0,valid,True,"[{""row_index"": 728, ""target_field"": ""sub_type"", ""algorithm"": ""grouped_majority"", ""predicted_value"": ""Over The Counter"", ""confidence"": 0.9793103448275862, ""prediction_source"": ""group_majority"", ""passes_threshold"": true, ""candidate_status"": ""Accepted"", ""rejection_reason"": null, ""validation_record_status"": ""valid""}, {""row_index"": 728, ""target_field"": ""sub_type"", ""algorithm"": ""association_rules"", ""predicted_value"": ""Over The Counter"", ""confidence"": 1.0, ""prediction_source"": ""matched_rules"", ""passes_threshold"": true, ""candidate_status"": ""Accepted"", ""rejection_reason"": null, ""validation_record_status"": ""valid""}, {""row_index"": 728, ""target_field"": ""sub_type"", ""algorithm"": ""clustering"", ""predicted_value"": ""Over The Counter"", ""confidence"": 0.9887640449438202, ""prediction_source"": ""cluster_majority"", ""passes_threshold"": true, ""candidate_status"": ""Accepted"", ""rejection_reason"": null, ""validation_record_status"": ""valid""}, {""row_index"": 728, ""target_field"": ""sub_type"", ""algorithm"": ""knn"", ""predicted_value"": ""Over The Counter"", ""confidence"": 1.0, ""prediction_source"": ""nearest_neighbors"", ""passes_threshold"": true, ""candidate_status"": ""Accepted"", ""rejection_reason"": null, ""validation_record_status"": ""valid""}]",
729,sub_type,Over The Counter,1,Over The Counter,0.9750907441016334,Accepted,unanimous_vote,association_rules,"[""association_rules"", ""clustering"", ""grouped_majority"", ""knn""]",4,4,4,4,0.0,valid,True,"[{""row_index"": 729, ""target_field"": ""sub_type"", ""algorithm"": ""grouped_majority"", ""predicted_value"": ""Over The Counter"", ""confidence"": 0.9793103448275862, ""prediction_source"": ""group_majority"", ""passes_threshold"": true, ""candidate_status"": ""Accepted"", ""rejection_reason"": null, ""validation_record_status"": ""valid""}, {""row_index"": 729, ""target_field"": ""sub_type"", ""algorithm"": ""association_rules"", ""predicted_value"": ""Over The Counter"", ""confidence"": 1.0, ""prediction_source"": ""matched_rules"", ""passes_threshold"": true, ""candidate_status"": ""Accepted"", ""rejection_reason"": null, ""validation_record_status"": ""valid""}, {""row_index"": 729, ""target_field"": ""sub_type"", ""algorithm"": ""clustering"", ""predicted_value"": ""Over The Counter"", ""confidence"": 0.9210526315789473, ""prediction_source"": ""cluster_majority"", ""passes_threshold"": true, ""candidate_status"": ""Accepted"", ""rejection_reason"": null, ""validation_record_status"": ""valid""}, {""row_index"": 729, ""target_field"": ""sub_type"", ""algorithm"": ""knn"", ""predicted_value"": ""Over The Counter"", ""confidence"": 1.0, ""prediction_source"": ""nearest_neighbors"", ""passes_threshold"": true, ""candidate_status"": ""Accepted"", ""rejection_reason"": null, ""validation_record_status"": ""valid""}]",
730,sub_type,Over The Counter,1,Over The Counter,0.9920185974428516,Accepted,unanimous_vote,association_rules,"[""association_rules"", ""clustering"", ""grouped_majority"", ""knn""]",4,4,4,4,0.0,valid,True,"[{""row_index"": 730, ""target_field"": ""sub_type"", ""algorithm"": ""grouped_majority"", ""predicted_value"": ""Over The Counter"", ""confidence"": 0.9793103448275862, ""prediction_source"": ""group_majority"", ""passes_threshold"": true, ""candidate_status"": ""Accepted"", ""rejection_reason"": null, ""validation_record_status"": ""valid""}, {""row_index"": 730, ""target_field"": ""sub_type"", ""algorithm"": ""association_rules"", ""predicted_value"": ""Over The Counter"", ""confidence"": 1.0, ""prediction_source"": ""matched_rules"", ""passes_threshold"": true, ""candidate_status"": ""Accepted"", ""rejection_reason"": null, ""validation_record_status"": ""valid""}, {""row_index"": 730, ""target_field"": ""sub_type"", ""algorithm"": ""clustering"", ""predicted_value"": ""Over The Counter"", ""confidence"": 0.9887640449438202, ""prediction_source"": ""cluster_majority"", ""passes_threshold"": true, ""candidate_status"": ""Accepted"", ""rejection_reason"": null, ""validation_record_status"": ""valid""}, {""row_index"": 730, ""target_field"": ""sub_type"", ""algorithm"": ""knn"", ""predicted_value"": ""Over The Counter"", ""confidence"": 1.0, ""prediction_source"": ""nearest_neighbors"", ""passes_threshold"": true, ""candidate_status"": ""Accepted"", ""rejection_reason"": null, ""validation_record_status"": ""valid""}]",
734,sub_type,Over The Counter,1,Over The Counter,0.9920185974428516,Accepted,unanimous_vote,association_rules,"[""association_rules"", ""clustering"", ""grouped_majority"", ""knn""]",4,4,4,4,0.0,valid,True,"[{""row_index"": 734, ""target_field"": ""sub_type"", ""algorithm"": ""grouped_majority"", ""predicted_value"": ""Over The Counter"", ""confidence"": 0.9793103448275862, ""prediction_source"": ""group_majority"", ""passes_threshold"": true, ""candidate_status"": ""Accepted"", ""rejection_reason"": null, ""validation_record_status"": ""valid""}, {""row_index"": 734, ""target_field"": ""sub_type"", ""algorithm"": ""association_rules"", ""predicted_value"": ""Over The Counter"", ""confidence"": 1.0, ""prediction_source"": ""matched_rules"", ""passes_threshold"": true, ""candidate_status"": ""Accepted"", ""rejection_reason"": null, ""validation_record_status"": ""valid""}, {""row_index"": 734, ""target_field"": ""sub_type"", ""algorithm"": ""clustering"", ""predicted_value"": ""Over The Counter"", ""confidence"": 0.9887640449438202, ""prediction_source"": ""cluster_majority"", ""passes_threshold"": true, ""candidate_status"": ""Accepted"", ""rejection_reason"": null, ""validation_record_status"": ""valid""}, {""row_index"": 734, ""target_field"": ""sub_type"", ""algorithm"": ""knn"", ""predicted_value"": ""Over The Counter"", ""confidence"": 1.0, ""prediction_source"": ""nearest_neighbors"", ""passes_threshold"": true, ""candidate_status"": ""Accepted"", ""rejection_reason"": null, ""validation_record_status"": ""valid""}]",
736,sub_type,In House Plan Check,1,Over The Counter,1.0,Accepted,unanimous_vote,association_rules,"[""association_rules"", ""clustering"", ""grouped_majority"", ""knn""]",4,4,4,4,0.0,valid,True,"[{""row_index"": 736, ""target_field"": ""sub_type"", ""algorithm"": ""grouped_majority"", ""predicted_value"": ""Over The Counter"", ""confidence"": 1.0, ""prediction_source"": ""group_majority"", ""passes_threshold"": true, ""candidate_status"": ""Accepted"", ""rejection_reason"": null, ""validation_record_status"": ""valid""}, {""row_index"": 736, ""target_field"": ""sub_type"", ""algorithm"": ""association_rules"", ""predicted_value"": ""Over The Counter"", ""confidence"": 1.0, ""prediction_source"": ""matched_rules"", ""passes_threshold"": true, ""candidate_status"": ""Accepted"", ""rejection_reason"": null, ""validation_record_status"": ""valid""}, {""row_index"": 736, ""target_field"": ""sub_type"", ""algorithm"": ""clustering"", ""predicted_value"": ""Over The Counter"", ""confidence"": 1.0, ""prediction_source"": ""cluster_majority"", ""passes_threshold"": true, ""candidate_status"": ""Accepted"", ""rejection_reason"": null, ""validation_record_status"": ""valid""}, {""row_index"": 736, ""target_field"": ""sub_type"", ""algorithm"": ""knn"", ""predicted_value"": ""Over The Counter"", ""confidence"": 1.0, ""prediction_source"": ""nearest_neighbors"", ""passes_threshold"": true, ""candidate_status"": ""Accepted"", ""rejection_reason"": null, ""validation_record_status"": ""valid""}]",
738,sub_type,Over The Counter,1,Over The Counter,1.0,Accepted,unanimous_vote,association_rules,"[""association_rules"", ""clustering"", ""grouped_majority"", ""knn""]",4,4,4,4,0.0,valid,True,"[{""row_index"": 738, ""target_field"": ""sub_type"", ""algorithm"": ""grouped_majority"", ""predicted_value"": ""Over The Counter"", ""confidence"": 1.0, ""prediction_source"": ""group_majority"", ""passes_threshold"": true, ""candidate_status"": ""Accepted"", ""rejection_reason"": null, ""validation_record_status"": ""valid""}, {""row_index"": 738, ""target_field"": ""sub_type"", ""algorithm"": ""association_rules"", ""predicted_value"": ""Over The Counter"", ""confidence"": 1.0, ""prediction_source"": ""matched_rules"", ""passes_threshold"": true, ""candidate_status"": ""Accepted"", ""rejection_reason"": null, ""validation_record_status"": ""valid""}, {""row_index"": 738, ""target_field"": ""sub_type"", ""algorithm"": ""clustering"", ""predicted_value"": ""Over The Counter"", ""confidence"": 1.0, ""prediction_source"": ""cluster_majority"", ""passes_threshold"": true, ""candidate_status"": ""Accepted"", ""rejection_reason"": null, ""validation_record_status"": ""valid""}, {""row_index"": 738, ""target_field"": ""sub_type"", ""algorithm"": ""knn"", ""predicted_value"": ""Over The Counter"", ""confidence"": 1.0, ""prediction_source"": ""nearest_neighbors"", ""passes_threshold"": true, ""candidate_status"": ""Accepted"", ""rejection_reason"": null, ""validation_record_status"": ""valid""}]",
739,sub_type,Over The Counter,1,Over The Counter,1.0,Accepted,unanimous_vote,association_rules,"[""association_rules"", ""clustering"", ""grouped_majority"", ""knn""]",4,4,4,4,0.0,valid,True,"[{""row_index"": 739, ""target_field"": ""sub_type"", ""algorithm"": ""grouped_majority"", ""predicted_value"": ""Over The Counter"", ""confidence"": 1.0, ""prediction_source"": ""group_majority"", ""passes_threshold"": true, ""candidate_status"": ""Accepted"", ""rejection_reason"": null, ""validation_record_status"": ""valid""}, {""row_index"": 739, ""target_field"": ""sub_type"", ""algorithm"": ""association_rules"", ""predicted_value"": ""Over The Counter"", ""confidence"": 1.0, ""prediction_source"": ""matched_rules"", ""passes_threshold"": true, ""candidate_status"": ""Accepted"", ""rejection_reason"": null, ""validation_record_status"": ""valid""}, {""row_index"": 739, ""target_field"": ""sub_type"", ""algorithm"": ""clustering"", ""predicted_value"": ""Over The Counter"", ""confidence"": 1.0, ""prediction_source"": ""cluster_majority"", ""passes_threshold"": true, ""candidate_status"": ""Accepted"", ""rejection_reason"": null, ""validation_record_status"": ""valid""}, {""row_index"": 739, ""target_field"": ""sub_type"", ""algorithm"": ""knn"", ""predicted_value"": ""Over The Counter"", ""confidence"": 1.0, ""prediction_source"": ""nearest_neighbors"", ""passes_threshold"": true, ""candidate_status"": ""Accepted"", ""rejection_reason"": null, ""validation_record_status"": ""valid""}]",
741,sub_type,Over The Counter,1,Over The Counter,1.0,Accepted,unanimous_vote,association_rules,"[""association_rules"", ""clustering"", ""grouped_majority"", ""knn""]",4,4,4,4,0.0,valid,True,"[{""row_index"": 741, ""target_field"": ""sub_type"", ""algorithm"": ""grouped_majority"", ""predicted_value"": ""Over The Counter"", ""confidence"": 1.0, ""prediction_source"": ""group_majority"", ""passes_threshold"": true, ""candidate_status"": ""Accepted"", ""rejection_reason"": null, ""validation_record_status"": ""valid""}, {""row_index"": 741, ""target_field"": ""sub_type"", ""algorithm"": ""association_rules"", ""predicted_value"": ""Over The Counter"", ""confidence"": 1.0, ""prediction_source"": ""matched_rules"", ""passes_threshold"": true, ""candidate_status"": ""Accepted"", ""rejection_reason"": null, ""validation_record_status"": ""valid""}, {""row_index"": 741, ""target_field"": ""sub_type"", ""algorithm"": ""clustering"", ""predicted_value"": ""Over The Counter"", ""confidence"": 1.0, ""prediction_source"": ""cluster_majority"", ""passes_threshold"": true, ""candidate_status"": ""Accepted"", ""rejection_reason"": null, ""validation_record_status"": ""valid""}, {""row_index"": 741, ""target_field"": ""sub_type"", ""algorithm"": ""knn"", ""predicted_value"": ""Over The Counter"", ""confidence"": 1.0, ""prediction_source"": ""nearest_neighbors"", ""passes_threshold"": true, ""candidate_status"": ""Accepted"", ""rejection_reason"": null, ""validation_record_status"": ""valid""}]",
742,sub_type,Over The Counter,1,Over The Counter,1.0,Accepted,unanimous_vote,association_rules,"[""association_rules"", ""clustering"", ""grouped_majority"", ""knn""]",4,4,4,4,0.0,valid,True,"[{""row_index"": 742, ""target_field"": ""sub_type"", ""algorithm"": ""grouped_majority"", ""predicted_value"": ""Over The Counter"", ""confidence"": 1.0, ""prediction_source"": ""group_majority"", ""passes_threshold"": true, ""candidate_status"": ""Accepted"", ""rejection_reason"": null, ""validation_record_status"": ""valid""}, {""row_index"": 742, ""target_field"": ""sub_type"", ""algorithm"": ""association_rules"", ""predicted_value"": ""Over The Counter"", ""confidence"": 1.0, ""prediction_source"": ""matched_rules"", ""passes_threshold"": true, ""candidate_status"": ""Accepted"", ""rejection_reason"": null, ""validation_record_status"": ""valid""}, {""row_index"": 742, ""target_field"": ""sub_type"", ""algorithm"": ""clustering"", ""predicted_value"": ""Over The Counter"", ""confidence"": 1.0, ""prediction_source"": ""cluster_majority"", ""passes_threshold"": true, ""candidate_status"": ""Accepted"", ""rejection_reason"": null, ""validation_record_status"": ""valid""}, {""row_index"": 742, ""target_field"": ""sub_type"", ""algorithm"": ""knn"", ""predicted_value"": ""Over The Counter"", ""confidence"": 1.0, ""prediction_source"": ""nearest_neighbors"", ""passes_threshold"": true, ""candidate_status"": ""Accepted"", ""rejection_reason"": null, ""validation_record_status"": ""valid""}]",
744,sub_type,Over The Counter,1,Over The Counter,1.0,Accepted,unanimous_vote,association_rules,"[""association_rules"", ""clustering"", ""grouped_majority"", ""knn""]",4,4,4,4,0.0,valid,True,"[{""row_index"": 744, ""target_field"": ""sub_type"", ""algorithm"": ""grouped_majority"", ""predicted_value"": ""Over The Counter"", ""confidence"": 1.0, ""prediction_source"": ""group_majority"", ""passes_threshold"": true, ""candidate_status"": ""Accepted"", ""rejection_reason"": null, ""validation_record_status"": ""valid""}, {""row_index"": 744, ""target_field"": ""sub_type"", ""algorithm"": ""association_rules"", ""predicted_value"": ""Over The Counter"", ""confidence"": 1.0, ""prediction_source"": ""matched_rules"", ""passes_threshold"": true, ""candidate_status"": ""Accepted"", ""rejection_reason"": null, ""validation_record_status"": ""valid""}, {""row_index"": 744, ""target_field"": ""sub_type"", ""algorithm"": ""clustering"", ""predicted_value"": ""Over The Counter"", ""confidence"": 1.0, ""prediction_source"": ""cluster_majority"", ""passes_threshold"": true, ""candidate_status"": ""Accepted"", ""rejection_reason"": null, ""validation_record_status"": ""valid""}, {""row_index"": 744, ""target_field"": ""sub_type"", ""algorithm"": ""knn"", ""predicted_value"": ""Over The Counter"", ""confidence"": 1.0, ""prediction_source"": ""nearest_neighbors"", ""passes_threshold"": true, ""candidate_status"": ""Accepted"", ""rejection_reason"": null, ""validation_record_status"": ""valid""}]",
751,sub_type,Over The Counter,1,Over The Counter,0.9736842105263158,Accepted,majority_vote,grouped_majority,"[""clustering"", ""grouped_majority"", ""knn""]",3,4,4,4,0.0,valid,True,"[{""row_index"": 751, ""target_field"": ""sub_type"", ""algorithm"": ""grouped_majority"", ""predicted_value"": ""Over The Counter"", ""confidence"": 1.0, ""prediction_source"": ""group_majority"", ""passes_threshold"": true, ""candidate_status"": ""Accepted"", ""rejection_reason"": null, ""validation_record_status"": ""valid""}, {""row_index"": 751, ""target_field"": ""sub_type"", ""algorithm"": ""association_rules"", ""predicted_value"": ""Residential Building Report"", ""confidence"": 0.5913978494623656, ""prediction_source"": ""matched_rules"", ""passes_threshold"": true, ""candidate_status"": ""Accepted"", ""rejection_reason"": null, ""validation_record_status"": ""valid""}, {""row_index"": 751, ""target_field"": ""sub_type"", ""algorithm"": ""clustering"", ""predicted_value"": ""Over The Counter"", ""confidence"": 0.9210526315789473, ""prediction_source"": ""cluster_majority"", ""passes_threshold"": true, ""candidate_status"": ""Accepted"", ""rejection_reason"": null, ""validation_record_status"": ""valid""}, {""row_index"": 751, ""target_field"": ""sub_type"", ""algorithm"": ""knn"", ""predicted_value"": ""Over The Counter"", ""confidence"": 1.0, ""prediction_source"": ""nearest_neighbors"", ""passes_threshold"": true, ""candidate_status"": ""Accepted"", ""rejection_reason"": null, ""validation_record_status"": ""valid""}]",
754,sub_type,Over The Counter,1,Over The Counter,0.9972222222222222,Accepted,unanimous_vote,association_rules,"[""association_rules"", ""clustering"", ""grouped_majority"", ""knn""]",4,4,4,4,0.0,valid,True,"[{""row_index"": 754, ""target_field"": ""sub_type"", ""algorithm"": ""grouped_majority"", ""predicted_value"": ""Over The Counter"", ""confidence"": 0.9888888888888889, ""prediction_source"": ""group_majority"", ""passes_threshold"": true, ""candidate_status"": ""Accepted"", ""rejection_reason"": null, ""validation_record_status"": ""valid""}, {""row_index"": 754, ""target_field"": ""sub_type"", ""algorithm"": ""association_rules"", ""predicted_value"": ""Over The Counter"", ""confidence"": 1.0, ""prediction_source"": ""matched_rules"", ""passes_threshold"": true, ""candidate_status"": ""Accepted"", ""rejection_reason"": null, ""validation_record_status"": ""valid""}, {""row_index"": 754, ""target_field"": ""sub_type"", ""algorithm"": ""clustering"", ""predicted_value"": ""Over The Counter"", ""confidence"": 1.0, ""prediction_source"": ""cluster_majority"", ""passes_threshold"": true, ""candidate_status"": ""Accepted"", ""rejection_reason"": null, ""validation_record_status"": ""valid""}, {""row_index"": 754, ""target_field"": ""sub_type"", ""algorithm"": ""knn"", ""predicted_value"": ""Over The Counter"", ""confidence"": 1.0, ""prediction_source"": ""nearest_neighbors"", ""passes_threshold"": true, ""candidate_status"": ""Accepted"", ""rejection_reason"": null, ""validation_record_status"": ""valid""}]",
755,sub_type,Over The Counter,1,Over The Counter,0.9972222222222222,Accepted,unanimous_vote,association_rules,"[""association_rules"", ""clustering"", ""grouped_majority"", ""knn""]",4,4,4,4,0.0,valid,True,"[{""row_index"": 755, ""target_field"": ""sub_type"", ""algorithm"": ""grouped_majority"", ""predicted_value"": ""Over The Counter"", ""confidence"": 0.9888888888888889, ""prediction_source"": ""group_majority"", ""passes_threshold"": true, ""candidate_status"": ""Accepted"", ""rejection_reason"": null, ""validation_record_status"": ""valid""}, {""row_index"": 755, ""target_field"": ""sub_type"", ""algorithm"": ""association_rules"", ""predicted_value"": ""Over The Counter"", ""confidence"": 1.0, ""prediction_source"": ""matched_rules"", ""passes_threshold"": true, ""candidate_status"": ""Accepted"", ""rejection_reason"": null, ""validation_record_status"": ""valid""}, {""row_index"": 755, ""target_field"": ""sub_type"", ""algorithm"": ""clustering"", ""predicted_value"": ""Over The Counter"", ""confidence"": 1.0, ""prediction_source"": ""cluster_majority"", ""passes_threshold"": true, ""candidate_status"": ""Accepted"", ""rejection_reason"": null, ""validation_record_status"": ""valid""}, {""row_index"": 755, ""target_field"": ""sub_type"", ""algorithm"": ""knn"", ""predicted_value"": ""Over The Counter"", ""confidence"": 1.0, ""prediction_source"": ""nearest_neighbors"", ""passes_threshold"": true, ""candidate_status"": ""Accepted"", ""rejection_reason"": null, ""validation_record_status"": ""valid""}]",
758,sub_type,Over The Counter,1,Over The Counter,0.9972222222222222,Accepted,unanimous_vote,association_rules,"[""association_rules"", ""clustering"", ""grouped_majority"", ""knn""]",4,4,4,4,0.0,valid,True,"[{""row_index"": 758, ""target_field"": ""sub_type"", ""algorithm"": ""grouped_majority"", ""predicted_value"": ""Over The Counter"", ""confidence"": 0.9888888888888889, ""prediction_source"": ""group_majority"", ""passes_threshold"": true, ""candidate_status"": ""Accepted"", ""rejection_reason"": null, ""validation_record_status"": ""valid""}, {""row_index"": 758, ""target_field"": ""sub_type"", ""algorithm"": ""association_rules"", ""predicted_value"": ""Over The Counter"", ""confidence"": 1.0, ""prediction_source"": ""matched_rules"", ""passes_threshold"": true, ""candidate_status"": ""Accepted"", ""rejection_reason"": null, ""validation_record_status"": ""valid""}, {""row_index"": 758, ""target_field"": ""sub_type"", ""algorithm"": ""clustering"", ""predicted_value"": ""Over The Counter"", ""confidence"": 1.0, ""prediction_source"": ""cluster_majority"", ""passes_threshold"": true, ""candidate_status"": ""Accepted"", ""rejection_reason"": null, ""validation_record_status"": ""valid""}, {""row_index"": 758, ""target_field"": ""sub_type"", ""algorithm"": ""knn"", ""predicted_value"": ""Over The Counter"", ""confidence"": 1.0, ""prediction_source"": ""nearest_neighbors"", ""passes_threshold"": true, ""candidate_status"": ""Accepted"", ""rejection_reason"": null, ""validation_record_status"": ""valid""}]",
760,sub_type,Over The Counter,1,Over The Counter,0.9972222222222222,Accepted,unanimous_vote,association_rules,"[""association_rules"", ""clustering"", ""grouped_majority"", ""knn""]",4,4,4,4,0.0,valid,True,"[{""row_index"": 760, ""target_field"": ""sub_type"", ""algorithm"": ""grouped_majority"", ""predicted_value"": ""Over The Counter"", ""confidence"": 0.9888888888888889, ""prediction_source"": ""group_majority"", ""passes_threshold"": true, ""candidate_status"": ""Accepted"", ""rejection_reason"": null, ""validation_record_status"": ""valid""}, {""row_index"": 760, ""target_field"": ""sub_type"", ""algorithm"": ""association_rules"", ""predicted_value"": ""Over The Counter"", ""confidence"": 1.0, ""prediction_source"": ""matched_rules"", ""passes_threshold"": true, ""candidate_status"": ""Accepted"", ""rejection_reason"": null, ""validation_record_status"": ""valid""}, {""row_index"": 760, ""target_field"": ""sub_type"", ""algorithm"": ""clustering"", ""predicted_value"": ""Over The Counter"", ""confidence"": 1.0, ""prediction_source"": ""cluster_majority"", ""passes_threshold"": true, ""candidate_status"": ""Accepted"", ""rejection_reason"": null, ""validation_record_status"": ""valid""}, {""row_index"": 760, ""target_field"": ""sub_type"", ""algorithm"": ""knn"", ""predicted_value"": ""Over The Counter"", ""confidence"": 1.0, ""prediction_source"": ""nearest_neighbors"", ""passes_threshold"": true, ""candidate_status"": ""Accepted"", ""rejection_reason"": null, ""validation_record_status"": ""valid""}]",
761,sub_type,Over The Counter,1,Over The Counter,0.9972222222222222,Accepted,unanimous_vote,association_rules,"[""association_rules"", ""clustering"", ""grouped_majority"", ""knn""]",4,4,4,4,0.0,valid,True,"[{""row_index"": 761, ""target_field"": ""sub_type"", ""algorithm"": ""grouped_majority"", ""predicted_value"": ""Over The Counter"", ""confidence"": 0.9888888888888889, ""prediction_source"": ""group_majority"", ""passes_threshold"": true, ""candidate_status"": ""Accepted"", ""rejection_reason"": null, ""validation_record_status"": ""valid""}, {""row_index"": 761, ""target_field"": ""sub_type"", ""algorithm"": ""association_rules"", ""predicted_value"": ""Over The Counter"", ""confidence"": 1.0, ""prediction_source"": ""matched_rules"", ""passes_threshold"": true, ""candidate_status"": ""Accepted"", ""rejection_reason"": null, ""validation_record_status"": ""valid""}, {""row_index"": 761, ""target_field"": ""sub_type"", ""algorithm"": ""clustering"", ""predicted_value"": ""Over The Counter"", ""confidence"": 1.0, ""prediction_source"": ""cluster_majority"", ""passes_threshold"": true, ""candidate_status"": ""Accepted"", ""rejection_reason"": null, ""validation_record_status"": ""valid""}, {""row_index"": 761, ""target_field"": ""sub_type"", ""algorithm"": ""knn"", ""predicted_value"": ""Over The Counter"", ""confidence"": 1.0, ""prediction_source"": ""nearest_neighbors"", ""passes_threshold"": true, ""candidate_status"": ""Accepted"", ""rejection_reason"": null, ""validation_record_status"": ""valid""}]",
762,sub_type,Over The Counter,1,Over The Counter,0.9972222222222222,Accepted,unanimous_vote,association_rules,"[""association_rules"", ""clustering"", ""grouped_majority"", ""knn""]",4,4,4,4,0.0,valid,True,"[{""row_index"": 762, ""target_field"": ""sub_type"", ""algorithm"": ""grouped_majority"", ""predicted_value"": ""Over The Counter"", ""confidence"": 0.9888888888888889, ""prediction_source"": ""group_majority"", ""passes_threshold"": true, ""candidate_status"": ""Accepted"", ""rejection_reason"": null, ""validation_record_status"": ""valid""}, {""row_index"": 762, ""target_field"": ""sub_type"", ""algorithm"": ""association_rules"", ""predicted_value"": ""Over The Counter"", ""confidence"": 1.0, ""prediction_source"": ""matched_rules"", ""passes_threshold"": true, ""candidate_status"": ""Accepted"", ""rejection_reason"": null, ""validation_record_status"": ""valid""}, {""row_index"": 762, ""target_field"": ""sub_type"", ""algorithm"": ""clustering"", ""predicted_value"": ""Over The Counter"", ""confidence"": 1.0, ""prediction_source"": ""cluster_majority"", ""passes_threshold"": true, ""candidate_status"": ""Accepted"", ""rejection_reason"": null, ""validation_record_status"": ""valid""}, {""row_index"": 762, ""target_field"": ""sub_type"", ""algorithm"": ""knn"", ""predicted_value"": ""Over The Counter"", ""confidence"": 1.0, ""prediction_source"": ""nearest_neighbors"", ""passes_threshold"": true, ""candidate_status"": ""Accepted"", ""rejection_reason"": null, ""validation_record_status"": ""valid""}]",
763,sub_type,Over The Counter,1,Over The Counter,0.9972222222222222,Accepted,unanimous_vote,association_rules,"[""association_rules"", ""clustering"", ""grouped_majority"", ""knn""]",4,4,4,4,0.0,valid,True,"[{""row_index"": 763, ""target_field"": ""sub_type"", ""algorithm"": ""grouped_majority"", ""predicted_value"": ""Over The Counter"", ""confidence"": 0.9888888888888889, ""prediction_source"": ""group_majority"", ""passes_threshold"": true, ""candidate_status"": ""Accepted"", ""rejection_reason"": null, ""validation_record_status"": ""valid""}, {""row_index"": 763, ""target_field"": ""sub_type"", ""algorithm"": ""association_rules"", ""predicted_value"": ""Over The Counter"", ""confidence"": 1.0, ""prediction_source"": ""matched_rules"", ""passes_threshold"": true, ""candidate_status"": ""Accepted"", ""rejection_reason"": null, ""validation_record_status"": ""valid""}, {""row_index"": 763, ""target_field"": ""sub_type"", ""algorithm"": ""clustering"", ""predicted_value"": ""Over The Counter"", ""confidence"": 1.0, ""prediction_source"": ""cluster_majority"", ""passes_threshold"": true, ""candidate_status"": ""Accepted"", ""rejection_reason"": null, ""validation_record_status"": ""valid""}, {""row_index"": 763, ""target_field"": ""sub_type"", ""algorithm"": ""knn"", ""predicted_value"": ""Over The Counter"", ""confidence"": 1.0, ""prediction_source"": ""nearest_neighbors"", ""passes_threshold"": true, ""candidate_status"": ""Accepted"", ""rejection_reason"": null, ""validation_record_status"": ""valid""}]",
764,sub_type,Over The Counter,1,Over The Counter,0.9972222222222222,Accepted,unanimous_vote,association_rules,"[""association_rules"", ""clustering"", ""grouped_majority"", ""knn""]",4,4,4,4,0.0,valid,True,"[{""row_index"": 764, ""target_field"": ""sub_type"", ""algorithm"": ""grouped_majority"", ""predicted_value"": ""Over The Counter"", ""confidence"": 0.9888888888888889, ""prediction_source"": ""group_majority"", ""passes_threshold"": true, ""candidate_status"": ""Accepted"", ""rejection_reason"": null, ""validation_record_status"": ""valid""}, {""row_index"": 764, ""target_field"": ""sub_type"", ""algorithm"": ""association_rules"", ""predicted_value"": ""Over The Counter"", ""confidence"": 1.0, ""prediction_source"": ""matched_rules"", ""passes_threshold"": true, ""candidate_status"": ""Accepted"", ""rejection_reason"": null, ""validation_record_status"": ""valid""}, {""row_index"": 764, ""target_field"": ""sub_type"", ""algorithm"": ""clustering"", ""predicted_value"": ""Over The Counter"", ""confidence"": 1.0, ""prediction_source"": ""cluster_majority"", ""passes_threshold"": true, ""candidate_status"": ""Accepted"", ""rejection_reason"": null, ""validation_record_status"": ""valid""}, {""row_index"": 764, ""target_field"": ""sub_type"", ""algorithm"": ""knn"", ""predicted_value"": ""Over The Counter"", ""confidence"": 1.0, ""prediction_source"": ""nearest_neighbors"", ""passes_threshold"": true, ""candidate_status"": ""Accepted"", ""rejection_reason"": null, ""validation_record_status"": ""valid""}]",
767,sub_type,Over The Counter,1,Over The Counter,0.9774853801169591,Accepted,unanimous_vote,association_rules,"[""association_rules"", ""clustering"", ""grouped_majority"", ""knn""]",4,4,4,4,0.0,valid,True,"[{""row_index"": 767, ""target_field"": ""sub_type"", ""algorithm"": ""grouped_majority"", ""predicted_value"": ""Over The Counter"", ""confidence"": 0.9888888888888889, ""prediction_source"": ""group_majority"", ""passes_threshold"": true, ""candidate_status"": ""Accepted"", ""rejection_reason"": null, ""validation_record_status"": ""valid""}, {""row_index"": 767, ""target_field"": ""sub_type"", ""algorithm"": ""association_rules"", ""predicted_value"": ""Over The Counter"", ""confidence"": 1.0, ""prediction_source"": ""matched_rules"", ""passes_threshold"": true, ""candidate_status"": ""Accepted"", ""rejection_reason"": null, ""validation_record_status"": ""valid""}, {""row_index"": 767, ""target_field"": ""sub_type"", ""algorithm"": ""clustering"", ""predicted_value"": ""Over The Counter"", ""confidence"": 0.9210526315789473, ""prediction_source"": ""cluster_majority"", ""passes_threshold"": true, ""candidate_status"": ""Accepted"", ""rejection_reason"": null, ""validation_record_status"": ""valid""}, {""row_index"": 767, ""target_field"": ""sub_type"", ""algorithm"": ""knn"", ""predicted_value"": ""Over The Counter"", ""confidence"": 1.0, ""prediction_source"": ""nearest_neighbors"", ""passes_threshold"": true, ""candidate_status"": ""Accepted"", ""rejection_reason"": null, ""validation_record_status"": ""valid""}]",
768,sub_type,Over The Counter,1,Over The Counter,0.9972222222222222,Accepted,unanimous_vote,association_rules,"[""association_rules"", ""clustering"", ""grouped_majority"", ""knn""]",4,4,4,4,0.0,valid,True,"[{""row_index"": 768, ""target_field"": ""sub_type"", ""algorithm"": ""grouped_majority"", ""predicted_value"": ""Over The Counter"", ""confidence"": 0.9888888888888889, ""prediction_source"": ""group_majority"", ""passes_threshold"": true, ""candidate_status"": ""Accepted"", ""rejection_reason"": null, ""validation_record_status"": ""valid""}, {""row_index"": 768, ""target_field"": ""sub_type"", ""algorithm"": ""association_rules"", ""predicted_value"": ""Over The Counter"", ""confidence"": 1.0, ""prediction_source"": ""matched_rules"", ""passes_threshold"": true, ""candidate_status"": ""Accepted"", ""rejection_reason"": null, ""validation_record_status"": ""valid""}, {""row_index"": 768, ""target_field"": ""sub_type"", ""algorithm"": ""clustering"", ""predicted_value"": ""Over The Counter"", ""confidence"": 1.0, ""prediction_source"": ""cluster_majority"", ""passes_threshold"": true, ""candidate_status"": ""Accepted"", ""rejection_reason"": null, ""validation_record_status"": ""valid""}, {""row_index"": 768, ""target_field"": ""sub_type"", ""algorithm"": ""knn"", ""predicted_value"": ""Over The Counter"", ""confidence"": 1.0, ""prediction_source"": ""nearest_neighbors"", ""passes_threshold"": true, ""candidate_status"": ""Accepted"", ""rejection_reason"": null, ""validation_record_status"": ""valid""}]",
769,sub_type,Over The Counter,1,Over The Counter,0.9972222222222222,Accepted,unanimous_vote,association_rules,"[""association_rules"", ""clustering"", ""grouped_majority"", ""knn""]",4,4,4,4,0.0,valid,True,"[{""row_index"": 769, ""target_field"": ""sub_type"", ""algorithm"": ""grouped_majority"", ""predicted_value"": ""Over The Counter"", ""confidence"": 0.9888888888888889, ""prediction_source"": ""group_majority"", ""passes_threshold"": true, ""candidate_status"": ""Accepted"", ""rejection_reason"": null, ""validation_record_status"": ""valid""}, {""row_index"": 769, ""target_field"": ""sub_type"", ""algorithm"": ""association_rules"", ""predicted_value"": ""Over The Counter"", ""confidence"": 1.0, ""prediction_source"": ""matched_rules"", ""passes_threshold"": true, ""candidate_status"": ""Accepted"", ""rejection_reason"": null, ""validation_record_status"": ""valid""}, {""row_index"": 769, ""target_field"": ""sub_type"", ""algorithm"": ""clustering"", ""predicted_value"": ""Over The Counter"", ""confidence"": 1.0, ""prediction_source"": ""cluster_majority"", ""passes_threshold"": true, ""candidate_status"": ""Accepted"", ""rejection_reason"": null, ""validation_record_status"": ""valid""}, {""row_index"": 769, ""target_field"": ""sub_type"", ""algorithm"": ""knn"", ""predicted_value"": ""Over The Counter"", ""confidence"": 1.0, ""prediction_source"": ""nearest_neighbors"", ""passes_threshold"": true, ""candidate_status"": ""Accepted"", ""rejection_reason"": null, ""validation_record_status"": ""valid""}]",
776,sub_type,Residential Building Report,1,Residential Building Report,0.9097005884389062,Accepted,unanimous_vote,knn,"[""association_rules"", ""clustering"", ""grouped_majority"", ""knn""]",4,4,4,4,0.0,valid,True,"[{""row_index"": 776, ""target_field"": ""sub_type"", ""algorithm"": ""grouped_majority"", ""predicted_value"": ""Residential Building Report"", ""confidence"": 0.9814814814814815, ""prediction_source"": ""group_majority"", ""passes_threshold"": true, ""candidate_status"": ""Accepted"", ""rejection_reason"": null, ""validation_record_status"": ""valid""}, {""row_index"": 776, ""target_field"": ""sub_type"", ""algorithm"": ""association_rules"", ""predicted_value"": ""Residential Building Report"", ""confidence"": 0.9906542056074769, ""prediction_source"": ""matched_rules"", ""passes_threshold"": true, ""candidate_status"": ""Accepted"", ""rejection_reason"": null, ""validation_record_status"": ""valid""}, {""row_index"": 776, ""target_field"": ""sub_type"", ""algorithm"": ""clustering"", ""predicted_value"": ""Residential Building Report"", ""confidence"": 0.6666666666666666, ""prediction_source"": ""cluster_majority"", ""passes_threshold"": true, ""candidate_status"": ""Accepted"", ""rejection_reason"": null, ""validation_record_status"": ""valid""}, {""row_index"": 776, ""target_field"": ""sub_type"", ""algorithm"": ""knn"", ""predicted_value"": ""Residential Building Report"", ""confidence"": 1.0, ""prediction_source"": ""nearest_neighbors"", ""passes_threshold"": true, ""candidate_status"": ""Accepted"", ""rejection_reason"": null, ""validation_record_status"": ""valid""}]",
783,sub_type,Residential Building Report,1,Residential Building Report,0.9097005884389062,Accepted,unanimous_vote,knn,"[""association_rules"", ""clustering"", ""grouped_majority"", ""knn""]",4,4,4,4,0.0,valid,True,"[{""row_index"": 783, ""target_field"": ""sub_type"", ""algorithm"": ""grouped_majority"", ""predicted_value"": ""Residential Building Report"", ""confidence"": 0.9814814814814815, ""prediction_source"": ""group_majority"", ""passes_threshold"": true, ""candidate_status"": ""Accepted"", ""rejection_reason"": null, ""validation_record_status"": ""valid""}, {""row_index"": 783, ""target_field"": ""sub_type"", ""algorithm"": ""association_rules"", ""predicted_value"": ""Residential Building Report"", ""confidence"": 0.9906542056074769, ""prediction_source"": ""matched_rules"", ""passes_threshold"": true, ""candidate_status"": ""Accepted"", ""rejection_reason"": null, ""validation_record_status"": ""valid""}, {""row_index"": 783, ""target_field"": ""sub_type"", ""algorithm"": ""clustering"", ""predicted_value"": ""Residential Building Report"", ""confidence"": 0.6666666666666666, ""prediction_source"": ""cluster_majority"", ""passes_threshold"": true, ""candidate_status"": ""Accepted"", ""rejection_reason"": null, ""validation_record_status"": ""valid""}, {""row_index"": 783, ""target_field"": ""sub_type"", ""algorithm"": ""knn"", ""predicted_value"": ""Residential Building Report"", ""confidence"": 1.0, ""prediction_source"": ""nearest_neighbors"", ""passes_threshold"": true, ""candidate_status"": ""Accepted"", ""rejection_reason"": null, ""validation_record_status"": ""valid""}]",
784,sub_type,Residential Building Report,1,Residential Building Report,0.9097005884389062,Accepted,unanimous_vote,knn,"[""association_rules"", ""clustering"", ""grouped_majority"", ""knn""]",4,4,4,4,0.0,valid,True,"[{""row_index"": 784, ""target_field"": ""sub_type"", ""algorithm"": ""grouped_majority"", ""predicted_value"": ""Residential Building Report"", ""confidence"": 0.9814814814814815, ""prediction_source"": ""group_majority"", ""passes_threshold"": true, ""candidate_status"": ""Accepted"", ""rejection_reason"": null, ""validation_record_status"": ""valid""}, {""row_index"": 784, ""target_field"": ""sub_type"", ""algorithm"": ""association_rules"", ""predicted_value"": ""Residential Building Report"", ""confidence"": 0.9906542056074769, ""prediction_source"": ""matched_rules"", ""passes_threshold"": true, ""candidate_status"": ""Accepted"", ""rejection_reason"": null, ""validation_record_status"": ""valid""}, {""row_index"": 784, ""target_field"": ""sub_type"", ""algorithm"": ""clustering"", ""predicted_value"": ""Residential Building Report"", ""confidence"": 0.6666666666666666, ""prediction_source"": ""cluster_majority"", ""passes_threshold"": true, ""candidate_status"": ""Accepted"", ""rejection_reason"": null, ""validation_record_status"": ""valid""}, {""row_index"": 784, ""target_field"": ""sub_type"", ""algorithm"": ""knn"", ""predicted_value"": ""Residential Building Report"", ""confidence"": 1.0, ""prediction_source"": ""nearest_neighbors"", ""passes_threshold"": true, ""candidate_status"": ""Accepted"", ""rejection_reason"": null, ""validation_record_status"": ""valid""}]",
786,sub_type,Residential Building Report,1,Residential Building Report,0.9097005884389062,Accepted,unanimous_vote,knn,"[""association_rules"", ""clustering"", ""grouped_majority"", ""knn""]",4,4,4,4,0.0,valid,True,"[{""row_index"": 786, ""target_field"": ""sub_type"", ""algorithm"": ""grouped_majority"", ""predicted_value"": ""Residential Building Report"", ""confidence"": 0.9814814814814815, ""prediction_source"": ""group_majority"", ""passes_threshold"": true, ""candidate_status"": ""Accepted"", ""rejection_reason"": null, ""validation_record_status"": ""valid""}, {""row_index"": 786, ""target_field"": ""sub_type"", ""algorithm"": ""association_rules"", ""predicted_value"": ""Residential Building Report"", ""confidence"": 0.9906542056074769, ""prediction_source"": ""matched_rules"", ""passes_threshold"": true, ""candidate_status"": ""Accepted"", ""rejection_reason"": null, ""validation_record_status"": ""valid""}, {""row_index"": 786, ""target_field"": ""sub_type"", ""algorithm"": ""clustering"", ""predicted_value"": ""Residential Building Report"", ""confidence"": 0.6666666666666666, ""prediction_source"": ""cluster_majority"", ""passes_threshold"": true, ""candidate_status"": ""Accepted"", ""rejection_reason"": null, ""validation_record_status"": ""valid""}, {""row_index"": 786, ""target_field"": ""sub_type"", ""algorithm"": ""knn"", ""predicted_value"": ""Residential Building Report"", ""confidence"": 1.0, ""prediction_source"": ""nearest_neighbors"", ""passes_threshold"": true, ""candidate_status"": ""Accepted"", ""rejection_reason"": null, ""validation_record_status"": ""valid""}]",
790,sub_type,Full Plan Check,1,Over The Counter,0.5809445068833513,Accepted,majority_vote,association_rules,"[""association_rules"", ""clustering"", ""grouped_majority""]",3,4,4,4,0.0,valid,True,"[{""row_index"": 790, ""target_field"": ""sub_type"", ""algorithm"": ""grouped_majority"", ""predicted_value"": ""Over The Counter"", ""confidence"": 0.5567375886524822, ""prediction_source"": ""group_majority"", ""passes_threshold"": true, ""candidate_status"": ""Accepted"", ""rejection_reason"": null, ""validation_record_status"": ""valid""}, {""row_index"": 790, ""target_field"": ""sub_type"", ""algorithm"": ""association_rules"", ""predicted_value"": ""Over The Counter"", ""confidence"": 0.778688524590164, ""prediction_source"": ""matched_rules"", ""passes_threshold"": true, ""candidate_status"": ""Accepted"", ""rejection_reason"": null, ""validation_record_status"": ""valid""}, {""row_index"": 790, ""target_field"": ""sub_type"", ""algorithm"": ""clustering"", ""predicted_value"": ""Over The Counter"", ""confidence"": 0.4074074074074074, ""prediction_source"": ""cluster_majority"", ""passes_threshold"": true, ""candidate_status"": ""Accepted"", ""rejection_reason"": null, ""validation_record_status"": ""valid""}, {""row_index"": 790, ""target_field"": ""sub_type"", ""algorithm"": ""knn"", ""predicted_value"": ""Full Plan Check"", ""confidence"": 0.4, ""prediction_source"": ""nearest_neighbors"", ""passes_threshold"": true, ""candidate_status"": ""Accepted"", ""rejection_reason"": null, ""validation_record_status"": ""valid""}]",
794,sub_type,Full Plan Check,1,Over The Counter,0.6779539238863393,Accepted,majority_vote,association_rules,"[""association_rules"", ""clustering"", ""grouped_majority""]",3,4,4,4,0.0,valid,True,"[{""row_index"": 794, ""target_field"": ""sub_type"", ""algorithm"": ""grouped_majority"", ""predicted_value"": ""Over The Counter"", ""confidence"": 0.5567375886524822, ""prediction_source"": ""group_majority"", ""passes_threshold"": true, ""candidate_status"": ""Accepted"", ""rejection_reason"": null, ""validation_record_status"": ""valid""}, {""row_index"": 794, ""target_field"": ""sub_type"", ""algorithm"": ""association_rules"", ""predicted_value"": ""Over The Counter"", ""confidence"": 0.8888888888888887, ""prediction_source"": ""matched_rules"", ""passes_threshold"": true, ""candidate_status"": ""Accepted"", ""rejection_reason"": null, ""validation_record_status"": ""valid""}, {""row_index"": 794, ""target_field"": ""sub_type"", ""algorithm"": ""clustering"", ""predicted_value"": ""Over The Counter"", ""confidence"": 0.5882352941176471, ""prediction_source"": ""cluster_majority"", ""passes_threshold"": true, ""candidate_status"": ""Accepted"", ""rejection_reason"": null, ""validation_record_status"": ""valid""}, {""row_index"": 794, ""target_field"": ""sub_type"", ""algorithm"": ""knn"", ""predicted_value"": ""Full Plan Check"", ""confidence"": 0.5, ""prediction_source"": ""nearest_neighbors"", ""passes_threshold"": true, ""candidate_status"": ""Accepted"", ""rejection_reason"": null, ""validation_record_status"": ""valid""}]",
796,sub_type,Full Plan Check,1,,0.9285714285714286,Requires Review,average_confidence_tiebreak,knn,"[""association_rules"", ""knn""]",2,4,4,4,0.0,valid,False,"[{""row_index"": 796, ""target_field"": ""sub_type"", ""algorithm"": ""grouped_majority"", ""predicted_value"": ""Over The Counter"", ""confidence"": 0.5567375886524822, ""prediction_source"": ""group_majority"", ""passes_threshold"": true, ""candidate_status"": ""Accepted"", ""rejection_reason"": null, ""validation_record_status"": ""valid""}, {""row_index"": 796, ""target_field"": ""sub_type"", ""algorithm"": ""association_rules"", ""predicted_value"": ""Full Plan Check"", ""confidence"": 0.8571428571428572, ""prediction_source"": ""matched_rules"", ""passes_threshold"": true, ""candidate_status"": ""Accepted"", ""rejection_reason"": null, ""validation_record_status"": ""valid""}, {""row_index"": 796, ""target_field"": ""sub_type"", ""algorithm"": ""clustering"", ""predicted_value"": ""Over The Counter"", ""confidence"": 0.4074074074074074, ""prediction_source"": ""cluster_majority"", ""passes_threshold"": true, ""candidate_status"": ""Accepted"", ""rejection_reason"": null, ""validation_record_status"": ""valid""}, {""row_index"": 796, ""target_field"": ""sub_type"", ""algorithm"": ""knn"", ""predicted_value"": ""Full Plan Check"", ""confidence"": 1.0, ""prediction_source"": ""nearest_neighbors"", ""passes_threshold"": true, ""candidate_status"": ""Accepted"", ""rejection_reason"": null, ""validation_record_status"": ""valid""}]",
797,sub_type,In House Plan Check,1,Over The Counter,0.4820724980299448,Accepted,majority_vote,grouped_majority,"[""clustering"", ""grouped_majority""]",2,4,4,4,0.0,valid,True,"[{""row_index"": 797, ""target_field"": ""sub_type"", ""algorithm"": ""grouped_majority"", ""predicted_value"": ""Over The Counter"", ""confidence"": 0.5567375886524822, ""prediction_source"": ""group_majority"", ""passes_threshold"": true, ""candidate_status"": ""Accepted"", ""rejection_reason"": null, ""validation_record_status"": ""valid""}, {""row_index"": 797, ""target_field"": ""sub_type"", ""algorithm"": ""association_rules"", ""predicted_value"": ""Full Plan Check"", ""confidence"": 0.8571428571428572, ""prediction_source"": ""matched_rules"", ""passes_threshold"": true, ""candidate_status"": ""Accepted"", ""rejection_reason"": null, ""validation_record_status"": ""valid""}, {""row_index"": 797, ""target_field"": ""sub_type"", ""algorithm"": ""clustering"", ""predicted_value"": ""Over The Counter"", ""confidence"": 0.4074074074074074, ""prediction_source"": ""cluster_majority"", ""passes_threshold"": true, ""candidate_status"": ""Accepted"", ""rejection_reason"": null, ""validation_record_status"": ""valid""}, {""row_index"": 797, ""target_field"": ""sub_type"", ""algorithm"": ""knn"", ""predicted_value"": ""In House Plan Check"", ""confidence"": 0.6, ""prediction_source"": ""nearest_neighbors"", ""passes_threshold"": true, ""candidate_status"": ""Accepted"", ""rejection_reason"": null, ""validation_record_status"": ""valid""}]",
798,sub_type,In House Plan Check,1,Over The Counter,0.5724864413850647,Accepted,majority_vote,clustering,"[""clustering"", ""grouped_majority""]",2,4,4,4,0.0,valid,True,"[{""row_index"": 798, ""target_field"": ""sub_type"", ""algorithm"": ""grouped_majority"", ""predicted_value"": ""Over The Counter"", ""confidence"": 0.5567375886524822, ""prediction_source"": ""group_majority"", ""passes_threshold"": true, ""candidate_status"": ""Accepted"", ""rejection_reason"": null, ""validation_record_status"": ""valid""}, {""row_index"": 798, ""target_field"": ""sub_type"", ""algorithm"": ""association_rules"", ""predicted_value"": ""Residential Building Report"", ""confidence"": 0.55, ""prediction_source"": ""matched_rules"", ""passes_threshold"": true, ""candidate_status"": ""Accepted"", ""rejection_reason"": null, ""validation_record_status"": ""valid""}, {""row_index"": 798, ""target_field"": ""sub_type"", ""algorithm"": ""clustering"", ""predicted_value"": ""Over The Counter"", ""confidence"": 0.5882352941176471, ""prediction_source"": ""cluster_majority"", ""passes_threshold"": true, ""candidate_status"": ""Accepted"", ""rejection_reason"": null, ""validation_record_status"": ""valid""}, {""row_index"": 798, ""target_field"": ""sub_type"", ""algorithm"": ""knn"", ""predicted_value"": ""Full Plan Check"", ""confidence"": 0.5, ""prediction_source"": ""nearest_neighbors"", ""passes_threshold"": true, ""candidate_status"": ""Accepted"", ""rejection_reason"": null, ""validation_record_status"": ""valid""}]",
801,sub_type,In House Plan Check,1,Over The Counter,0.7152293191774762,Accepted,majority_vote,association_rules,"[""association_rules"", ""clustering"", ""grouped_majority""]",3,4,4,4,0.0,valid,True,"[{""row_index"": 801, ""target_field"": ""sub_type"", ""algorithm"": ""grouped_majority"", ""predicted_value"": ""Over The Counter"", ""confidence"": 0.5567375886524822, ""prediction_source"": ""group_majority"", ""passes_threshold"": true, ""candidate_status"": ""Accepted"", ""rejection_reason"": null, ""validation_record_status"": ""valid""}, {""row_index"": 801, ""target_field"": ""sub_type"", ""algorithm"": ""association_rules"", ""predicted_value"": ""Over The Counter"", ""confidence"": 0.8988095238095238, ""prediction_source"": ""matched_rules"", ""passes_threshold"": true, ""candidate_status"": ""Accepted"", ""rejection_reason"": null, ""validation_record_status"": ""valid""}, {""row_index"": 801, ""target_field"": ""sub_type"", ""algorithm"": ""clustering"", ""predicted_value"": ""Over The Counter"", ""confidence"": 0.6901408450704225, ""prediction_source"": ""cluster_majority"", ""passes_threshold"": true, ""candidate_status"": ""Accepted"", ""rejection_reason"": null, ""validation_record_status"": ""valid""}, {""row_index"": 801, ""target_field"": ""sub_type"", ""algorithm"": ""knn"", ""predicted_value"": ""In House Plan Check"", ""confidence"": 0.6, ""prediction_source"": ""nearest_neighbors"", ""passes_threshold"": true, ""candidate_status"": ""Accepted"", ""rejection_reason"": null, ""validation_record_status"": ""valid""}]",
803,sub_type,In House Plan Check,1,Over The Counter,0.7152293191774762,Accepted,majority_vote,association_rules,"[""association_rules"", ""clustering"", ""grouped_majority""]",3,4,4,4,0.0,valid,True,"[{""row_index"": 803, ""target_field"": ""sub_type"", ""algorithm"": ""grouped_majority"", ""predicted_value"": ""Over The Counter"", ""confidence"": 0.5567375886524822, ""prediction_source"": ""group_majority"", ""passes_threshold"": true, ""candidate_status"": ""Accepted"", ""rejection_reason"": null, ""validation_record_status"": ""valid""}, {""row_index"": 803, ""target_field"": ""sub_type"", ""algorithm"": ""association_rules"", ""predicted_value"": ""Over The Counter"", ""confidence"": 0.8988095238095238, ""prediction_source"": ""matched_rules"", ""passes_threshold"": true, ""candidate_status"": ""Accepted"", ""rejection_reason"": null, ""validation_record_status"": ""valid""}, {""row_index"": 803, ""target_field"": ""sub_type"", ""algorithm"": ""clustering"", ""predicted_value"": ""Over The Counter"", ""confidence"": 0.6901408450704225, ""prediction_source"": ""cluster_majority"", ""passes_threshold"": true, ""candidate_status"": ""Accepted"", ""rejection_reason"": null, ""validation_record_status"": ""valid""}, {""row_index"": 803, ""target_field"": ""sub_type"", ""algorithm"": ""knn"", ""predicted_value"": ""Solar"", ""confidence"": 1.0, ""prediction_source"": ""nearest_neighbors"", ""passes_threshold"": true, ""candidate_status"": ""Accepted"", ""rejection_reason"": null, ""validation_record_status"": ""valid""}]",
804,sub_type,In House Plan Check,1,Over The Counter,0.6862872572196728,Accepted,majority_vote,association_rules,"[""association_rules"", ""clustering"", ""grouped_majority""]",3,4,4,4,0.0,valid,True,"[{""row_index"": 804, ""target_field"": ""sub_type"", ""algorithm"": ""grouped_majority"", ""predicted_value"": ""Over The Counter"", ""confidence"": 0.5567375886524822, ""prediction_source"": ""group_majority"", ""passes_threshold"": true, ""candidate_status"": ""Accepted"", ""rejection_reason"": null, ""validation_record_status"": ""valid""}, {""row_index"": 804, ""target_field"": ""sub_type"", ""algorithm"": ""association_rules"", ""predicted_value"": ""Over The Counter"", ""confidence"": 0.9138888888888889, ""prediction_source"": ""matched_rules"", ""passes_threshold"": true, ""candidate_status"": ""Accepted"", ""rejection_reason"": null, ""validation_record_status"": ""valid""}, {""row_index"": 804, ""target_field"": ""sub_type"", ""algorithm"": ""clustering"", ""predicted_value"": ""Over The Counter"", ""confidence"": 0.5882352941176471, ""prediction_source"": ""cluster_majority"", ""passes_threshold"": true, ""candidate_status"": ""Accepted"", ""rejection_reason"": null, ""validation_record_status"": ""valid""}, {""row_index"": 804, ""target_field"": ""sub_type"", ""algorithm"": ""knn"", ""predicted_value"": ""In House Plan Check"", ""confidence"": 0.6, ""prediction_source"": ""nearest_neighbors"", ""passes_threshold"": true, ""candidate_status"": ""Accepted"", ""rejection_reason"": null, ""validation_record_status"": ""valid""}]",
809,sub_type,Over The Counter,1,Over The Counter,0.7675904818192052,Accepted,unanimous_vote,association_rules,"[""association_rules"", ""clustering"", ""grouped_majority"", ""knn""]",4,4,4,4,0.0,valid,True,"[{""row_index"": 809, ""target_field"": ""sub_type"", ""algorithm"": ""grouped_majority"", ""predicted_value"": ""Over The Counter"", ""confidence"": 0.5567375886524822, ""prediction_source"": ""group_majority"", ""passes_threshold"": true, ""candidate_status"": ""Accepted"", ""rejection_reason"": null, ""validation_record_status"": ""valid""}, {""row_index"": 809, ""target_field"": ""sub_type"", ""algorithm"": ""association_rules"", ""predicted_value"": ""Over The Counter"", ""confidence"": 0.8988095238095238, ""prediction_source"": ""matched_rules"", ""passes_threshold"": true, ""candidate_status"": ""Accepted"", ""rejection_reason"": null, ""validation_record_status"": ""valid""}, {""row_index"": 809, ""target_field"": ""sub_type"", ""algorithm"": ""clustering"", ""predicted_value"": ""Over The Counter"", ""confidence"": 0.8148148148148148, ""prediction_source"": ""cluster_majority"", ""passes_threshold"": true, ""candidate_status"": ""Accepted"", ""rejection_reason"": null, ""validation_record_status"": ""valid""}, {""row_index"": 809, ""target_field"": ""sub_type"", ""algorithm"": ""knn"", ""predicted_value"": ""Over The Counter"", ""confidence"": 0.8, ""prediction_source"": ""nearest_neighbors"", ""passes_threshold"": true, ""candidate_status"": ""Accepted"", ""rejection_reason"": null, ""validation_record_status"": ""valid""}]",
810,sub_type,Over The Counter,1,Over The Counter,0.7675904818192052,Accepted,unanimous_vote,association_rules,"[""association_rules"", ""clustering"", ""grouped_majority"", ""knn""]",4,4,4,4,0.0,valid,True,"[{""row_index"": 810, ""target_field"": ""sub_type"", ""algorithm"": ""grouped_majority"", ""predicted_value"": ""Over The Counter"", ""confidence"": 0.5567375886524822, ""prediction_source"": ""group_majority"", ""passes_threshold"": true, ""candidate_status"": ""Accepted"", ""rejection_reason"": null, ""validation_record_status"": ""valid""}, {""row_index"": 810, ""target_field"": ""sub_type"", ""algorithm"": ""association_rules"", ""predicted_value"": ""Over The Counter"", ""confidence"": 0.8988095238095238, ""prediction_source"": ""matched_rules"", ""passes_threshold"": true, ""candidate_status"": ""Accepted"", ""rejection_reason"": null, ""validation_record_status"": ""valid""}, {""row_index"": 810, ""target_field"": ""sub_type"", ""algorithm"": ""clustering"", ""predicted_value"": ""Over The Counter"", ""confidence"": 0.8148148148148148, ""prediction_source"": ""cluster_majority"", ""passes_threshold"": true, ""candidate_status"": ""Accepted"", ""rejection_reason"": null, ""validation_record_status"": ""valid""}, {""row_index"": 810, ""target_field"": ""sub_type"", ""algorithm"": ""knn"", ""predicted_value"": ""Over The Counter"", ""confidence"": 0.8, ""prediction_source"": ""nearest_neighbors"", ""passes_threshold"": true, ""candidate_status"": ""Accepted"", ""rejection_reason"": null, ""validation_record_status"": ""valid""}]",
812,sub_type,Over The Counter,1,Over The Counter,0.7675904818192052,Accepted,unanimous_vote,association_rules,"[""association_rules"", ""clustering"", ""grouped_majority"", ""knn""]",4,4,4,4,0.0,valid,True,"[{""row_index"": 812, ""target_field"": ""sub_type"", ""algorithm"": ""grouped_majority"", ""predicted_value"": ""Over The Counter"", ""confidence"": 0.5567375886524822, ""prediction_source"": ""group_majority"", ""passes_threshold"": true, ""candidate_status"": ""Accepted"", ""rejection_reason"": null, ""validation_record_status"": ""valid""}, {""row_index"": 812, ""target_field"": ""sub_type"", ""algorithm"": ""association_rules"", ""predicted_value"": ""Over The Counter"", ""confidence"": 0.8988095238095238, ""prediction_source"": ""matched_rules"", ""passes_threshold"": true, ""candidate_status"": ""Accepted"", ""rejection_reason"": null, ""validation_record_status"": ""valid""}, {""row_index"": 812, ""target_field"": ""sub_type"", ""algorithm"": ""clustering"", ""predicted_value"": ""Over The Counter"", ""confidence"": 0.8148148148148148, ""prediction_source"": ""cluster_majority"", ""passes_threshold"": true, ""candidate_status"": ""Accepted"", ""rejection_reason"": null, ""validation_record_status"": ""valid""}, {""row_index"": 812, ""target_field"": ""sub_type"", ""algorithm"": ""knn"", ""predicted_value"": ""Over The Counter"", ""confidence"": 0.8, ""prediction_source"": ""nearest_neighbors"", ""passes_threshold"": true, ""candidate_status"": ""Accepted"", ""rejection_reason"": null, ""validation_record_status"": ""valid""}]",
813,sub_type,Over The Counter,1,,0.9534883720930232,Requires Review,average_confidence_tiebreak,knn,"[""grouped_majority"", ""knn""]",2,4,4,4,0.0,valid,False,"[{""row_index"": 813, ""target_field"": ""sub_type"", ""algorithm"": ""grouped_majority"", ""predicted_value"": ""Over The Counter"", ""confidence"": 0.9069767441860465, ""prediction_source"": ""group_majority"", ""passes_threshold"": true, ""candidate_status"": ""Accepted"", ""rejection_reason"": null, ""validation_record_status"": ""valid""}, {""row_index"": 813, ""target_field"": ""sub_type"", ""algorithm"": ""association_rules"", ""predicted_value"": ""Residential Building Report"", ""confidence"": 0.6708860759493671, ""prediction_source"": ""matched_rules"", ""passes_threshold"": true, ""candidate_status"": ""Accepted"", ""rejection_reason"": null, ""validation_record_status"": ""valid""}, {""row_index"": 813, ""target_field"": ""sub_type"", ""algorithm"": ""clustering"", ""predicted_value"": ""Residential Building Report"", ""confidence"": 0.6666666666666666, ""prediction_source"": ""cluster_majority"", ""passes_threshold"": true, ""candidate_status"": ""Accepted"", ""rejection_reason"": null, ""validation_record_status"": ""valid""}, {""row_index"": 813, ""target_field"": ""sub_type"", ""algorithm"": ""knn"", ""predicted_value"": ""Over The Counter"", ""confidence"": 1.0, ""prediction_source"": ""nearest_neighbors"", ""passes_threshold"": true, ""candidate_status"": ""Accepted"", ""rejection_reason"": null, ""validation_record_status"": ""valid""}]",
816,sub_type,Over The Counter,1,Over The Counter,0.6558089762876997,Accepted,unanimous_vote,association_rules,"[""association_rules"", ""clustering"", ""grouped_majority"", ""knn""]",4,4,4,4,0.0,valid,True,"[{""row_index"": 816, ""target_field"": ""sub_type"", ""algorithm"": ""grouped_majority"", ""predicted_value"": ""Over The Counter"", ""confidence"": 0.5567375886524822, ""prediction_source"": ""group_majority"", ""passes_threshold"": true, ""candidate_status"": ""Accepted"", ""rejection_reason"": null, ""validation_record_status"": ""valid""}, {""row_index"": 816, ""target_field"": ""sub_type"", ""algorithm"": ""association_rules"", ""predicted_value"": ""Over The Counter"", ""confidence"": 0.9090909090909091, ""prediction_source"": ""matched_rules"", ""passes_threshold"": true, ""candidate_status"": ""Accepted"", ""rejection_reason"": null, ""validation_record_status"": ""valid""}, {""row_index"": 816, ""target_field"": ""sub_type"", ""algorithm"": ""clustering"", ""predicted_value"": ""Over The Counter"", ""confidence"": 0.4074074074074074, ""prediction_source"": ""cluster_majority"", ""passes_threshold"": true, ""candidate_status"": ""Accepted"", ""rejection_reason"": null, ""validation_record_status"": ""valid""}, {""row_index"": 816, ""target_field"": ""sub_type"", ""algorithm"": ""knn"", ""predicted_value"": ""Over The Counter"", ""confidence"": 0.75, ""prediction_source"": ""nearest_neighbors"", ""passes_threshold"": true, ""candidate_status"": ""Accepted"", ""rejection_reason"": null, ""validation_record_status"": ""valid""}]",
823,sub_type,Over The Counter,1,Over The Counter,0.7258265540258657,Accepted,unanimous_vote,association_rules,"[""association_rules"", ""clustering"", ""grouped_majority"", ""knn""]",4,4,4,4,0.0,valid,True,"[{""row_index"": 823, ""target_field"": ""sub_type"", ""algorithm"": ""grouped_majority"", ""predicted_value"": ""Over The Counter"", ""confidence"": 0.5567375886524822, ""prediction_source"": ""group_majority"", ""passes_threshold"": true, ""candidate_status"": ""Accepted"", ""rejection_reason"": null, ""validation_record_status"": ""valid""}, {""row_index"": 823, ""target_field"": ""sub_type"", ""algorithm"": ""association_rules"", ""predicted_value"": ""Over The Counter"", ""confidence"": 0.9583333333333333, ""prediction_source"": ""matched_rules"", ""passes_threshold"": true, ""candidate_status"": ""Accepted"", ""rejection_reason"": null, ""validation_record_status"": ""valid""}, {""row_index"": 823, ""target_field"": ""sub_type"", ""algorithm"": ""clustering"", ""predicted_value"": ""Over The Counter"", ""confidence"": 0.5882352941176471, ""prediction_source"": ""cluster_majority"", ""passes_threshold"": true, ""candidate_status"": ""Accepted"", ""rejection_reason"": null, ""validation_record_status"": ""valid""}, {""row_index"": 823, ""target_field"": ""sub_type"", ""algorithm"": ""knn"", ""predicted_value"": ""Over The Counter"", ""confidence"": 0.8, ""prediction_source"": ""nearest_neighbors"", ""passes_threshold"": true, ""candidate_status"": ""Accepted"", ""rejection_reason"": null, ""validation_record_status"": ""valid""}]",
825,sub_type,Over The Counter,1,Over The Counter,0.9072638530002871,Accepted,majority_vote,knn,"[""clustering"", ""grouped_majority"", ""knn""]",3,4,4,4,0.0,valid,True,"[{""row_index"": 825, ""target_field"": ""sub_type"", ""algorithm"": ""grouped_majority"", ""predicted_value"": ""Over The Counter"", ""confidence"": 0.9069767441860465, ""prediction_source"": ""group_majority"", ""passes_threshold"": true, ""candidate_status"": ""Accepted"", ""rejection_reason"": null, ""validation_record_status"": ""valid""}, {""row_index"": 825, ""target_field"": ""sub_type"", ""algorithm"": ""association_rules"", ""predicted_value"": ""Residential Building Report"", ""confidence"": 0.5247524752475248, ""prediction_source"": ""matched_rules"", ""passes_threshold"": true, ""candidate_status"": ""Accepted"", ""rejection_reason"": null, ""validation_record_status"": ""valid""}, {""row_index"": 825, ""target_field"": ""sub_type"", ""algorithm"": ""clustering"", ""predicted_value"": ""Over The Counter"", ""confidence"": 0.8148148148148148, ""prediction_source"": ""cluster_majority"", ""passes_threshold"": true, ""candidate_status"": ""Accepted"", ""rejection_reason"": null, ""validation_record_status"": ""valid""}, {""row_index"": 825, ""target_field"": ""sub_type"", ""algorithm"": ""knn"", ""predicted_value"": ""Over The Counter"", ""confidence"": 1.0, ""prediction_source"": ""nearest_neighbors"", ""passes_threshold"": true, ""candidate_status"": ""Accepted"", ""rejection_reason"": null, ""validation_record_status"": ""valid""}]",
829,sub_type,Over The Counter,1,Over The Counter,0.581657627590043,Accepted,majority_vote,knn,"[""clustering"", ""grouped_majority"", ""knn""]",3,4,4,4,0.0,valid,True,"[{""row_index"": 829, ""target_field"": ""sub_type"", ""algorithm"": ""grouped_majority"", ""predicted_value"": ""Over The Counter"", ""confidence"": 0.5567375886524822, ""prediction_source"": ""group_majority"", ""passes_threshold"": true, ""candidate_status"": ""Accepted"", ""rejection_reason"": null, ""validation_record_status"": ""valid""}, {""row_index"": 829, ""target_field"": ""sub_type"", ""algorithm"": ""association_rules"", ""predicted_value"": ""Residential Building Report"", ""confidence"": 0.5913978494623656, ""prediction_source"": ""matched_rules"", ""passes_threshold"": true, ""candidate_status"": ""Accepted"", ""rejection_reason"": null, ""validation_record_status"": ""valid""}, {""row_index"": 829, ""target_field"": ""sub_type"", ""algorithm"": ""clustering"", ""predicted_value"": ""Over The Counter"", ""confidence"": 0.5882352941176471, ""prediction_source"": ""cluster_majority"", ""passes_threshold"": true, ""candidate_status"": ""Accepted"", ""rejection_reason"": null, ""validation_record_status"": ""valid""}, {""row_index"": 829, ""target_field"": ""sub_type"", ""algorithm"": ""knn"", ""predicted_value"": ""Over The Counter"", ""confidence"": 0.6, ""prediction_source"": ""nearest_neighbors"", ""passes_threshold"": true, ""candidate_status"": ""Accepted"", ""rejection_reason"": null, ""validation_record_status"": ""valid""}]",
832,sub_type,Over The Counter,1,Over The Counter,0.7867196084307262,Accepted,unanimous_vote,knn,"[""association_rules"", ""clustering"", ""grouped_majority"", ""knn""]",4,4,4,4,0.0,valid,True,"[{""row_index"": 832, ""target_field"": ""sub_type"", ""algorithm"": ""grouped_majority"", ""predicted_value"": ""Over The Counter"", ""confidence"": 0.5567375886524822, ""prediction_source"": ""group_majority"", ""passes_threshold"": true, ""candidate_status"": ""Accepted"", ""rejection_reason"": null, ""validation_record_status"": ""valid""}, {""row_index"": 832, ""target_field"": ""sub_type"", ""algorithm"": ""association_rules"", ""predicted_value"": ""Over The Counter"", ""confidence"": 0.9, ""prediction_source"": ""matched_rules"", ""passes_threshold"": true, ""candidate_status"": ""Accepted"", ""rejection_reason"": null, ""validation_record_status"": ""valid""}, {""row_index"": 832, ""target_field"": ""sub_type"", ""algorithm"": ""clustering"", ""predicted_value"": ""Over The Counter"", ""confidence"": 0.6901408450704225, ""prediction_source"": ""cluster_majority"", ""passes_threshold"": true, ""candidate_status"": ""Accepted"", ""rejection_reason"": null, ""validation_record_status"": ""valid""}, {""row_index"": 832, ""target_field"": ""sub_type"", ""algorithm"": ""knn"", ""predicted_value"": ""Over The Counter"", ""confidence"": 1.0, ""prediction_source"": ""nearest_neighbors"", ""passes_threshold"": true, ""candidate_status"": ""Accepted"", ""rejection_reason"": null, ""validation_record_status"": ""valid""}]",
839,sub_type,Over The Counter,1,Over The Counter,0.9750907441016334,Accepted,unanimous_vote,association_rules,"[""association_rules"", ""clustering"", ""grouped_majority"", ""knn""]",4,4,4,4,0.0,valid,True,"[{""row_index"": 839, ""target_field"": ""sub_type"", ""algorithm"": ""grouped_majority"", ""predicted_value"": ""Over The Counter"", ""confidence"": 0.9793103448275862, ""prediction_source"": ""group_majority"", ""passes_threshold"": true, ""candidate_status"": ""Accepted"", ""rejection_reason"": null, ""validation_record_status"": ""valid""}, {""row_index"": 839, ""target_field"": ""sub_type"", ""algorithm"": ""association_rules"", ""predicted_value"": ""Over The Counter"", ""confidence"": 1.0, ""prediction_source"": ""matched_rules"", ""passes_threshold"": true, ""candidate_status"": ""Accepted"", ""rejection_reason"": null, ""validation_record_status"": ""valid""}, {""row_index"": 839, ""target_field"": ""sub_type"", ""algorithm"": ""clustering"", ""predicted_value"": ""Over The Counter"", ""confidence"": 0.9210526315789473, ""prediction_source"": ""cluster_majority"", ""passes_threshold"": true, ""candidate_status"": ""Accepted"", ""rejection_reason"": null, ""validation_record_status"": ""valid""}, {""row_index"": 839, ""target_field"": ""sub_type"", ""algorithm"": ""knn"", ""predicted_value"": ""Over The Counter"", ""confidence"": 1.0, ""prediction_source"": ""nearest_neighbors"", ""passes_threshold"": true, ""candidate_status"": ""Accepted"", ""rejection_reason"": null, ""validation_record_status"": ""valid""}]",
841,sub_type,Over The Counter,1,,0.984375,Requires Review,average_confidence_tiebreak,knn,"[""grouped_majority"", ""knn""]",2,4,4,4,0.0,valid,False,"[{""row_index"": 841, ""target_field"": ""sub_type"", ""algorithm"": ""grouped_majority"", ""predicted_value"": ""Over The Counter"", ""confidence"": 0.96875, ""prediction_source"": ""group_majority"", ""passes_threshold"": true, ""candidate_status"": ""Accepted"", ""rejection_reason"": null, ""validation_record_status"": ""valid""}, {""row_index"": 841, ""target_field"": ""sub_type"", ""algorithm"": ""association_rules"", ""predicted_value"": ""Residential Building Report"", ""confidence"": 0.6708860759493671, ""prediction_source"": ""matched_rules"", ""passes_threshold"": true, ""candidate_status"": ""Accepted"", ""rejection_reason"": null, ""validation_record_status"": ""valid""}, {""row_index"": 841, ""target_field"": ""sub_type"", ""algorithm"": ""clustering"", ""predicted_value"": ""Residential Building Report"", ""confidence"": 0.6666666666666666, ""prediction_source"": ""cluster_majority"", ""passes_threshold"": true, ""candidate_status"": ""Accepted"", ""rejection_reason"": null, ""validation_record_status"": ""valid""}, {""row_index"": 841, ""target_field"": ""sub_type"", ""algorithm"": ""knn"", ""predicted_value"": ""Over The Counter"", ""confidence"": 1.0, ""prediction_source"": ""nearest_neighbors"", ""passes_threshold"": true, ""candidate_status"": ""Accepted"", ""rejection_reason"": null, ""validation_record_status"": ""valid""}]",
842,sub_type,Over The Counter,1,Over The Counter,0.9001209921355112,Accepted,majority_vote,grouped_majority,"[""clustering"", ""grouped_majority"", ""knn""]",3,4,4,4,0.0,valid,True,"[{""row_index"": 842, ""target_field"": ""sub_type"", ""algorithm"": ""grouped_majority"", ""predicted_value"": ""Over The Counter"", ""confidence"": 0.9793103448275862, ""prediction_source"": ""group_majority"", ""passes_threshold"": true, ""candidate_status"": ""Accepted"", ""rejection_reason"": null, ""validation_record_status"": ""valid""}, {""row_index"": 842, ""target_field"": ""sub_type"", ""algorithm"": ""association_rules"", ""predicted_value"": ""Residential Building Report"", ""confidence"": 0.5913978494623656, ""prediction_source"": ""matched_rules"", ""passes_threshold"": true, ""candidate_status"": ""Accepted"", ""rejection_reason"": null, ""validation_record_status"": ""valid""}, {""row_index"": 842, ""target_field"": ""sub_type"", ""algorithm"": ""clustering"", ""predicted_value"": ""Over The Counter"", ""confidence"": 0.9210526315789473, ""prediction_source"": ""cluster_majority"", ""passes_threshold"": true, ""candidate_status"": ""Accepted"", ""rejection_reason"": null, ""validation_record_status"": ""valid""}, {""row_index"": 842, ""target_field"": ""sub_type"", ""algorithm"": ""knn"", ""predicted_value"": ""Over The Counter"", ""confidence"": 0.8, ""prediction_source"": ""nearest_neighbors"", ""passes_threshold"": true, ""candidate_status"": ""Accepted"", ""rejection_reason"": null, ""validation_record_status"": ""valid""}]",
848,sub_type,Over The Counter,1,Over The Counter,0.8466794380587483,Accepted,unanimous_vote,association_rules,"[""association_rules"", ""clustering"", ""grouped_majority"", ""knn""]",4,4,4,4,0.0,valid,True,"[{""row_index"": 848, ""target_field"": ""sub_type"", ""algorithm"": ""grouped_majority"", ""predicted_value"": ""Over The Counter"", ""confidence"": 0.9793103448275862, ""prediction_source"": ""group_majority"", ""passes_threshold"": true, ""candidate_status"": ""Accepted"", ""rejection_reason"": null, ""validation_record_status"": ""valid""}, {""row_index"": 848, ""target_field"": ""sub_type"", ""algorithm"": ""association_rules"", ""predicted_value"": ""Over The Counter"", ""confidence"": 1.0, ""prediction_source"": ""matched_rules"", ""passes_threshold"": true, ""candidate_status"": ""Accepted"", ""rejection_reason"": null, ""validation_record_status"": ""valid""}, {""row_index"": 848, ""target_field"": ""sub_type"", ""algorithm"": ""clustering"", ""predicted_value"": ""Over The Counter"", ""confidence"": 0.4074074074074074, ""prediction_source"": ""cluster_majority"", ""passes_threshold"": true, ""candidate_status"": ""Accepted"", ""rejection_reason"": null, ""validation_record_status"": ""valid""}, {""row_index"": 848, ""target_field"": ""sub_type"", ""algorithm"": ""knn"", ""predicted_value"": ""Over The Counter"", ""confidence"": 1.0, ""prediction_source"": ""nearest_neighbors"", ""passes_threshold"": true, ""candidate_status"": ""Accepted"", ""rejection_reason"": null, ""validation_record_status"": ""valid""}]",
856,sub_type,Over The Counter,1,Over The Counter,0.9920185974428516,Accepted,unanimous_vote,association_rules,"[""association_rules"", ""clustering"", ""grouped_majority"", ""knn""]",4,4,4,4,0.0,valid,True,"[{""row_index"": 856, ""target_field"": ""sub_type"", ""algorithm"": ""grouped_majority"", ""predicted_value"": ""Over The Counter"", ""confidence"": 0.9793103448275862, ""prediction_source"": ""group_majority"", ""passes_threshold"": true, ""candidate_status"": ""Accepted"", ""rejection_reason"": null, ""validation_record_status"": ""valid""}, {""row_index"": 856, ""target_field"": ""sub_type"", ""algorithm"": ""association_rules"", ""predicted_value"": ""Over The Counter"", ""confidence"": 1.0, ""prediction_source"": ""matched_rules"", ""passes_threshold"": true, ""candidate_status"": ""Accepted"", ""rejection_reason"": null, ""validation_record_status"": ""valid""}, {""row_index"": 856, ""target_field"": ""sub_type"", ""algorithm"": ""clustering"", ""predicted_value"": ""Over The Counter"", ""confidence"": 0.9887640449438202, ""prediction_source"": ""cluster_majority"", ""passes_threshold"": true, ""candidate_status"": ""Accepted"", ""rejection_reason"": null, ""validation_record_status"": ""valid""}, {""row_index"": 856, ""target_field"": ""sub_type"", ""algorithm"": ""knn"", ""predicted_value"": ""Over The Counter"", ""confidence"": 1.0, ""prediction_source"": ""nearest_neighbors"", ""passes_threshold"": true, ""candidate_status"": ""Accepted"", ""rejection_reason"": null, ""validation_record_status"": ""valid""}]",
859,sub_type,Over The Counter,1,Over The Counter,0.9858380149812733,Accepted,majority_vote,knn,"[""clustering"", ""grouped_majority"", ""knn""]",3,4,4,4,0.0,valid,True,"[{""row_index"": 859, ""target_field"": ""sub_type"", ""algorithm"": ""grouped_majority"", ""predicted_value"": ""Over The Counter"", ""confidence"": 0.96875, ""prediction_source"": ""group_majority"", ""passes_threshold"": true, ""candidate_status"": ""Accepted"", ""rejection_reason"": null, ""validation_record_status"": ""valid""}, {""row_index"": 859, ""target_field"": ""sub_type"", ""algorithm"": ""association_rules"", ""predicted_value"": ""Residential Building Report"", ""confidence"": 0.5760869565217392, ""prediction_source"": ""matched_rules"", ""passes_threshold"": true, ""candidate_status"": ""Accepted"", ""rejection_reason"": null, ""validation_record_status"": ""valid""}, {""row_index"": 859, ""target_field"": ""sub_type"", ""algorithm"": ""clustering"", ""predicted_value"": ""Over The Counter"", ""confidence"": 0.9887640449438202, ""prediction_source"": ""cluster_majority"", ""passes_threshold"": true, ""candidate_status"": ""Accepted"", ""rejection_reason"": null, ""validation_record_status"": ""valid""}, {""row_index"": 859, ""target_field"": ""sub_type"", ""algorithm"": ""knn"", ""predicted_value"": ""Over The Counter"", ""confidence"": 1.0, ""prediction_source"": ""nearest_neighbors"", ""passes_threshold"": true, ""candidate_status"": ""Accepted"", ""rejection_reason"": null, ""validation_record_status"": ""valid""}]",
861,sub_type,Over The Counter,1,Over The Counter,0.9920185974428516,Accepted,unanimous_vote,association_rules,"[""association_rules"", ""clustering"", ""grouped_majority"", ""knn""]",4,4,4,4,0.0,valid,True,"[{""row_index"": 861, ""target_field"": ""sub_type"", ""algorithm"": ""grouped_majority"", ""predicted_value"": ""Over The Counter"", ""confidence"": 0.9793103448275862, ""prediction_source"": ""group_majority"", ""passes_threshold"": true, ""candidate_status"": ""Accepted"", ""rejection_reason"": null, ""validation_record_status"": ""valid""}, {""row_index"": 861, ""target_field"": ""sub_type"", ""algorithm"": ""association_rules"", ""predicted_value"": ""Over The Counter"", ""confidence"": 1.0, ""prediction_source"": ""matched_rules"", ""passes_threshold"": true, ""candidate_status"": ""Accepted"", ""rejection_reason"": null, ""validation_record_status"": ""valid""}, {""row_index"": 861, ""target_field"": ""sub_type"", ""algorithm"": ""clustering"", ""predicted_value"": ""Over The Counter"", ""confidence"": 0.9887640449438202, ""prediction_source"": ""cluster_majority"", ""passes_threshold"": true, ""candidate_status"": ""Accepted"", ""rejection_reason"": null, ""validation_record_status"": ""valid""}, {""row_index"": 861, ""target_field"": ""sub_type"", ""algorithm"": ""knn"", ""predicted_value"": ""Over The Counter"", ""confidence"": 1.0, ""prediction_source"": ""nearest_neighbors"", ""passes_threshold"": true, ""candidate_status"": ""Accepted"", ""rejection_reason"": null, ""validation_record_status"": ""valid""}]",
863,sub_type,Over The Counter,1,Over The Counter,1.0,Accepted,unanimous_vote,association_rules,"[""association_rules"", ""clustering"", ""grouped_majority"", ""knn""]",4,4,4,4,0.0,valid,True,"[{""row_index"": 863, ""target_field"": ""sub_type"", ""algorithm"": ""grouped_majority"", ""predicted_value"": ""Over The Counter"", ""confidence"": 1.0, ""prediction_source"": ""group_majority"", ""passes_threshold"": true, ""candidate_status"": ""Accepted"", ""rejection_reason"": null, ""validation_record_status"": ""valid""}, {""row_index"": 863, ""target_field"": ""sub_type"", ""algorithm"": ""association_rules"", ""predicted_value"": ""Over The Counter"", ""confidence"": 1.0, ""prediction_source"": ""matched_rules"", ""passes_threshold"": true, ""candidate_status"": ""Accepted"", ""rejection_reason"": null, ""validation_record_status"": ""valid""}, {""row_index"": 863, ""target_field"": ""sub_type"", ""algorithm"": ""clustering"", ""predicted_value"": ""Over The Counter"", ""confidence"": 1.0, ""prediction_source"": ""cluster_majority"", ""passes_threshold"": true, ""candidate_status"": ""Accepted"", ""rejection_reason"": null, ""validation_record_status"": ""valid""}, {""row_index"": 863, ""target_field"": ""sub_type"", ""algorithm"": ""knn"", ""predicted_value"": ""Over The Counter"", ""confidence"": 1.0, ""prediction_source"": ""nearest_neighbors"", ""passes_threshold"": true, ""candidate_status"": ""Accepted"", ""rejection_reason"": null, ""validation_record_status"": ""valid""}]",
864,sub_type,Over The Counter,1,Over The Counter,1.0,Accepted,unanimous_vote,association_rules,"[""association_rules"", ""clustering"", ""grouped_majority"", ""knn""]",4,4,4,4,0.0,valid,True,"[{""row_index"": 864, ""target_field"": ""sub_type"", ""algorithm"": ""grouped_majority"", ""predicted_value"": ""Over The Counter"", ""confidence"": 1.0, ""prediction_source"": ""group_majority"", ""passes_threshold"": true, ""candidate_status"": ""Accepted"", ""rejection_reason"": null, ""validation_record_status"": ""valid""}, {""row_index"": 864, ""target_field"": ""sub_type"", ""algorithm"": ""association_rules"", ""predicted_value"": ""Over The Counter"", ""confidence"": 1.0, ""prediction_source"": ""matched_rules"", ""passes_threshold"": true, ""candidate_status"": ""Accepted"", ""rejection_reason"": null, ""validation_record_status"": ""valid""}, {""row_index"": 864, ""target_field"": ""sub_type"", ""algorithm"": ""clustering"", ""predicted_value"": ""Over The Counter"", ""confidence"": 1.0, ""prediction_source"": ""cluster_majority"", ""passes_threshold"": true, ""candidate_status"": ""Accepted"", ""rejection_reason"": null, ""validation_record_status"": ""valid""}, {""row_index"": 864, ""target_field"": ""sub_type"", ""algorithm"": ""knn"", ""predicted_value"": ""Over The Counter"", ""confidence"": 1.0, ""prediction_source"": ""nearest_neighbors"", ""passes_threshold"": true, ""candidate_status"": ""Accepted"", ""rejection_reason"": null, ""validation_record_status"": ""valid""}]",
876,sub_type,Over The Counter,1,Over The Counter,0.9972222222222222,Accepted,unanimous_vote,association_rules,"[""association_rules"", ""clustering"", ""grouped_majority"", ""knn""]",4,4,4,4,0.0,valid,True,"[{""row_index"": 876, ""target_field"": ""sub_type"", ""algorithm"": ""grouped_majority"", ""predicted_value"": ""Over The Counter"", ""confidence"": 0.9888888888888889, ""prediction_source"": ""group_majority"", ""passes_threshold"": true, ""candidate_status"": ""Accepted"", ""rejection_reason"": null, ""validation_record_status"": ""valid""}, {""row_index"": 876, ""target_field"": ""sub_type"", ""algorithm"": ""association_rules"", ""predicted_value"": ""Over The Counter"", ""confidence"": 1.0, ""prediction_source"": ""matched_rules"", ""passes_threshold"": true, ""candidate_status"": ""Accepted"", ""rejection_reason"": null, ""validation_record_status"": ""valid""}, {""row_index"": 876, ""target_field"": ""sub_type"", ""algorithm"": ""clustering"", ""predicted_value"": ""Over The Counter"", ""confidence"": 1.0, ""prediction_source"": ""cluster_majority"", ""passes_threshold"": true, ""candidate_status"": ""Accepted"", ""rejection_reason"": null, ""validation_record_status"": ""valid""}, {""row_index"": 876, ""target_field"": ""sub_type"", ""algorithm"": ""knn"", ""predicted_value"": ""Over The Counter"", ""confidence"": 1.0, ""prediction_source"": ""nearest_neighbors"", ""passes_threshold"": true, ""candidate_status"": ""Accepted"", ""rejection_reason"": null, ""validation_record_status"": ""valid""}]",
877,sub_type,Over The Counter,1,Over The Counter,0.9972222222222222,Accepted,unanimous_vote,association_rules,"[""association_rules"", ""clustering"", ""grouped_majority"", ""knn""]",4,4,4,4,0.0,valid,True,"[{""row_index"": 877, ""target_field"": ""sub_type"", ""algorithm"": ""grouped_majority"", ""predicted_value"": ""Over The Counter"", ""confidence"": 0.9888888888888889, ""prediction_source"": ""group_majority"", ""passes_threshold"": true, ""candidate_status"": ""Accepted"", ""rejection_reason"": null, ""validation_record_status"": ""valid""}, {""row_index"": 877, ""target_field"": ""sub_type"", ""algorithm"": ""association_rules"", ""predicted_value"": ""Over The Counter"", ""confidence"": 1.0, ""prediction_source"": ""matched_rules"", ""passes_threshold"": true, ""candidate_status"": ""Accepted"", ""rejection_reason"": null, ""validation_record_status"": ""valid""}, {""row_index"": 877, ""target_field"": ""sub_type"", ""algorithm"": ""clustering"", ""predicted_value"": ""Over The Counter"", ""confidence"": 1.0, ""prediction_source"": ""cluster_majority"", ""passes_threshold"": true, ""candidate_status"": ""Accepted"", ""rejection_reason"": null, ""validation_record_status"": ""valid""}, {""row_index"": 877, ""target_field"": ""sub_type"", ""algorithm"": ""knn"", ""predicted_value"": ""Over The Counter"", ""confidence"": 1.0, ""prediction_source"": ""nearest_neighbors"", ""passes_threshold"": true, ""candidate_status"": ""Accepted"", ""rejection_reason"": null, ""validation_record_status"": ""valid""}]",
879,sub_type,Over The Counter,1,Over The Counter,0.969980506822612,Accepted,majority_vote,knn,"[""clustering"", ""grouped_majority"", ""knn""]",3,4,4,4,0.0,valid,True,"[{""row_index"": 879, ""target_field"": ""sub_type"", ""algorithm"": ""grouped_majority"", ""predicted_value"": ""Over The Counter"", ""confidence"": 0.9888888888888889, ""prediction_source"": ""group_majority"", ""passes_threshold"": true, ""candidate_status"": ""Accepted"", ""rejection_reason"": null, ""validation_record_status"": ""valid""}, {""row_index"": 879, ""target_field"": ""sub_type"", ""algorithm"": ""association_rules"", ""predicted_value"": ""Residential Building Report"", ""confidence"": 0.5913978494623656, ""prediction_source"": ""matched_rules"", ""passes_threshold"": true, ""candidate_status"": ""Accepted"", ""rejection_reason"": null, ""validation_record_status"": ""valid""}, {""row_index"": 879, ""target_field"": ""sub_type"", ""algorithm"": ""clustering"", ""predicted_value"": ""Over The Counter"", ""confidence"": 0.9210526315789473, ""prediction_source"": ""cluster_majority"", ""passes_threshold"": true, ""candidate_status"": ""Accepted"", ""rejection_reason"": null, ""validation_record_status"": ""valid""}, {""row_index"": 879, ""target_field"": ""sub_type"", ""algorithm"": ""knn"", ""predicted_value"": ""Over The Counter"", ""confidence"": 1.0, ""prediction_source"": ""nearest_neighbors"", ""passes_threshold"": true, ""candidate_status"": ""Accepted"", ""rejection_reason"": null, ""validation_record_status"": ""valid""}]",
882,sub_type,Over The Counter,1,Over The Counter,0.9972222222222222,Accepted,unanimous_vote,association_rules,"[""association_rules"", ""clustering"", ""grouped_majority"", ""knn""]",4,4,4,4,0.0,valid,True,"[{""row_index"": 882, ""target_field"": ""sub_type"", ""algorithm"": ""grouped_majority"", ""predicted_value"": ""Over The Counter"", ""confidence"": 0.9888888888888889, ""prediction_source"": ""group_majority"", ""passes_threshold"": true, ""candidate_status"": ""Accepted"", ""rejection_reason"": null, ""validation_record_status"": ""valid""}, {""row_index"": 882, ""target_field"": ""sub_type"", ""algorithm"": ""association_rules"", ""predicted_value"": ""Over The Counter"", ""confidence"": 1.0, ""prediction_source"": ""matched_rules"", ""passes_threshold"": true, ""candidate_status"": ""Accepted"", ""rejection_reason"": null, ""validation_record_status"": ""valid""}, {""row_index"": 882, ""target_field"": ""sub_type"", ""algorithm"": ""clustering"", ""predicted_value"": ""Over The Counter"", ""confidence"": 1.0, ""prediction_source"": ""cluster_majority"", ""passes_threshold"": true, ""candidate_status"": ""Accepted"", ""rejection_reason"": null, ""validation_record_status"": ""valid""}, {""row_index"": 882, ""target_field"": ""sub_type"", ""algorithm"": ""knn"", ""predicted_value"": ""Over The Counter"", ""confidence"": 1.0, ""prediction_source"": ""nearest_neighbors"", ""passes_threshold"": true, ""candidate_status"": ""Accepted"", ""rejection_reason"": null, ""validation_record_status"": ""valid""}]",
883,sub_type,Over The Counter,1,Over The Counter,0.9972222222222222,Accepted,unanimous_vote,association_rules,"[""association_rules"", ""clustering"", ""grouped_majority"", ""knn""]",4,4,4,4,0.0,valid,True,"[{""row_index"": 883, ""target_field"": ""sub_type"", ""algorithm"": ""grouped_majority"", ""predicted_value"": ""Over The Counter"", ""confidence"": 0.9888888888888889, ""prediction_source"": ""group_majority"", ""passes_threshold"": true, ""candidate_status"": ""Accepted"", ""rejection_reason"": null, ""validation_record_status"": ""valid""}, {""row_index"": 883, ""target_field"": ""sub_type"", ""algorithm"": ""association_rules"", ""predicted_value"": ""Over The Counter"", ""confidence"": 1.0, ""prediction_source"": ""matched_rules"", ""passes_threshold"": true, ""candidate_status"": ""Accepted"", ""rejection_reason"": null, ""validation_record_status"": ""valid""}, {""row_index"": 883, ""target_field"": ""sub_type"", ""algorithm"": ""clustering"", ""predicted_value"": ""Over The Counter"", ""confidence"": 1.0, ""prediction_source"": ""cluster_majority"", ""passes_threshold"": true, ""candidate_status"": ""Accepted"", ""rejection_reason"": null, ""validation_record_status"": ""valid""}, {""row_index"": 883, ""target_field"": ""sub_type"", ""algorithm"": ""knn"", ""predicted_value"": ""Over The Counter"", ""confidence"": 1.0, ""prediction_source"": ""nearest_neighbors"", ""passes_threshold"": true, ""candidate_status"": ""Accepted"", ""rejection_reason"": null, ""validation_record_status"": ""valid""}]",
885,sub_type,Over The Counter,1,Over The Counter,0.9972222222222222,Accepted,unanimous_vote,association_rules,"[""association_rules"", ""clustering"", ""grouped_majority"", ""knn""]",4,4,4,4,0.0,valid,True,"[{""row_index"": 885, ""target_field"": ""sub_type"", ""algorithm"": ""grouped_majority"", ""predicted_value"": ""Over The Counter"", ""confidence"": 0.9888888888888889, ""prediction_source"": ""group_majority"", ""passes_threshold"": true, ""candidate_status"": ""Accepted"", ""rejection_reason"": null, ""validation_record_status"": ""valid""}, {""row_index"": 885, ""target_field"": ""sub_type"", ""algorithm"": ""association_rules"", ""predicted_value"": ""Over The Counter"", ""confidence"": 1.0, ""prediction_source"": ""matched_rules"", ""passes_threshold"": true, ""candidate_status"": ""Accepted"", ""rejection_reason"": null, ""validation_record_status"": ""valid""}, {""row_index"": 885, ""target_field"": ""sub_type"", ""algorithm"": ""clustering"", ""predicted_value"": ""Over The Counter"", ""confidence"": 1.0, ""prediction_source"": ""cluster_majority"", ""passes_threshold"": true, ""candidate_status"": ""Accepted"", ""rejection_reason"": null, ""validation_record_status"": ""valid""}, {""row_index"": 885, ""target_field"": ""sub_type"", ""algorithm"": ""knn"", ""predicted_value"": ""Over The Counter"", ""confidence"": 1.0, ""prediction_source"": ""nearest_neighbors"", ""passes_threshold"": true, ""candidate_status"": ""Accepted"", ""rejection_reason"": null, ""validation_record_status"": ""valid""}]",
891,sub_type,Residential Building Report,1,Residential Building Report,0.9097005884389062,Accepted,unanimous_vote,knn,"[""association_rules"", ""clustering"", ""grouped_majority"", ""knn""]",4,4,4,4,0.0,valid,True,"[{""row_index"": 891, ""target_field"": ""sub_type"", ""algorithm"": ""grouped_majority"", ""predicted_value"": ""Residential Building Report"", ""confidence"": 0.9814814814814815, ""prediction_source"": ""group_majority"", ""passes_threshold"": true, ""candidate_status"": ""Accepted"", ""rejection_reason"": null, ""validation_record_status"": ""valid""}, {""row_index"": 891, ""target_field"": ""sub_type"", ""algorithm"": ""association_rules"", ""predicted_value"": ""Residential Building Report"", ""confidence"": 0.9906542056074769, ""prediction_source"": ""matched_rules"", ""passes_threshold"": true, ""candidate_status"": ""Accepted"", ""rejection_reason"": null, ""validation_record_status"": ""valid""}, {""row_index"": 891, ""target_field"": ""sub_type"", ""algorithm"": ""clustering"", ""predicted_value"": ""Residential Building Report"", ""confidence"": 0.6666666666666666, ""prediction_source"": ""cluster_majority"", ""passes_threshold"": true, ""candidate_status"": ""Accepted"", ""rejection_reason"": null, ""validation_record_status"": ""valid""}, {""row_index"": 891, ""target_field"": ""sub_type"", ""algorithm"": ""knn"", ""predicted_value"": ""Residential Building Report"", ""confidence"": 1.0, ""prediction_source"": ""nearest_neighbors"", ""passes_threshold"": true, ""candidate_status"": ""Accepted"", ""rejection_reason"": null, ""validation_record_status"": ""valid""}]",
894,sub_type,Residential Building Report,1,Residential Building Report,0.9097005884389062,Accepted,unanimous_vote,knn,"[""association_rules"", ""clustering"", ""grouped_majority"", ""knn""]",4,4,4,4,0.0,valid,True,"[{""row_index"": 894, ""target_field"": ""sub_type"", ""algorithm"": ""grouped_majority"", ""predicted_value"": ""Residential Building Report"", ""confidence"": 0.9814814814814815, ""prediction_source"": ""group_majority"", ""passes_threshold"": true, ""candidate_status"": ""Accepted"", ""rejection_reason"": null, ""validation_record_status"": ""valid""}, {""row_index"": 894, ""target_field"": ""sub_type"", ""algorithm"": ""association_rules"", ""predicted_value"": ""Residential Building Report"", ""confidence"": 0.9906542056074769, ""prediction_source"": ""matched_rules"", ""passes_threshold"": true, ""candidate_status"": ""Accepted"", ""rejection_reason"": null, ""validation_record_status"": ""valid""}, {""row_index"": 894, ""target_field"": ""sub_type"", ""algorithm"": ""clustering"", ""predicted_value"": ""Residential Building Report"", ""confidence"": 0.6666666666666666, ""prediction_source"": ""cluster_majority"", ""passes_threshold"": true, ""candidate_status"": ""Accepted"", ""rejection_reason"": null, ""validation_record_status"": ""valid""}, {""row_index"": 894, ""target_field"": ""sub_type"", ""algorithm"": ""knn"", ""predicted_value"": ""Residential Building Report"", ""confidence"": 1.0, ""prediction_source"": ""nearest_neighbors"", ""passes_threshold"": true, ""candidate_status"": ""Accepted"", ""rejection_reason"": null, ""validation_record_status"": ""valid""}]",
896,sub_type,Residential Building Report,1,Residential Building Report,0.9097005884389062,Accepted,unanimous_vote,knn,"[""association_rules"", ""clustering"", ""grouped_majority"", ""knn""]",4,4,4,4,0.0,valid,True,"[{""row_index"": 896, ""target_field"": ""sub_type"", ""algorithm"": ""grouped_majority"", ""predicted_value"": ""Residential Building Report"", ""confidence"": 0.9814814814814815, ""prediction_source"": ""group_majority"", ""passes_threshold"": true, ""candidate_status"": ""Accepted"", ""rejection_reason"": null, ""validation_record_status"": ""valid""}, {""row_index"": 896, ""target_field"": ""sub_type"", ""algorithm"": ""association_rules"", ""predicted_value"": ""Residential Building Report"", ""confidence"": 0.9906542056074769, ""prediction_source"": ""matched_rules"", ""passes_threshold"": true, ""candidate_status"": ""Accepted"", ""rejection_reason"": null, ""validation_record_status"": ""valid""}, {""row_index"": 896, ""target_field"": ""sub_type"", ""algorithm"": ""clustering"", ""predicted_value"": ""Residential Building Report"", ""confidence"": 0.6666666666666666, ""prediction_source"": ""cluster_majority"", ""passes_threshold"": true, ""candidate_status"": ""Accepted"", ""rejection_reason"": null, ""validation_record_status"": ""valid""}, {""row_index"": 896, ""target_field"": ""sub_type"", ""algorithm"": ""knn"", ""predicted_value"": ""Residential Building Report"", ""confidence"": 1.0, ""prediction_source"": ""nearest_neighbors"", ""passes_threshold"": true, ""candidate_status"": ""Accepted"", ""rejection_reason"": null, ""validation_record_status"": ""valid""}]",
898,sub_type,Residential Building Report,1,Residential Building Report,0.9097005884389062,Accepted,unanimous_vote,knn,"[""association_rules"", ""clustering"", ""grouped_majority"", ""knn""]",4,4,4,4,0.0,valid,True,"[{""row_index"": 898, ""target_field"": ""sub_type"", ""algorithm"": ""grouped_majority"", ""predicted_value"": ""Residential Building Report"", ""confidence"": 0.9814814814814815, ""prediction_source"": ""group_majority"", ""passes_threshold"": true, ""candidate_status"": ""Accepted"", ""rejection_reason"": null, ""validation_record_status"": ""valid""}, {""row_index"": 898, ""target_field"": ""sub_type"", ""algorithm"": ""association_rules"", ""predicted_value"": ""Residential Building Report"", ""confidence"": 0.9906542056074769, ""prediction_source"": ""matched_rules"", ""passes_threshold"": true, ""candidate_status"": ""Accepted"", ""rejection_reason"": null, ""validation_record_status"": ""valid""}, {""row_index"": 898, ""target_field"": ""sub_type"", ""algorithm"": ""clustering"", ""predicted_value"": ""Residential Building Report"", ""confidence"": 0.6666666666666666, ""prediction_source"": ""cluster_majority"", ""passes_threshold"": true, ""candidate_status"": ""Accepted"", ""rejection_reason"": null, ""validation_record_status"": ""valid""}, {""row_index"": 898, ""target_field"": ""sub_type"", ""algorithm"": ""knn"", ""predicted_value"": ""Residential Building Report"", ""confidence"": 1.0, ""prediction_source"": ""nearest_neighbors"", ""passes_threshold"": true, ""candidate_status"": ""Accepted"", ""rejection_reason"": null, ""validation_record_status"": ""valid""}]",
901,sub_type,Full Plan Check,1,,0.9285714285714286,Requires Review,average_confidence_tiebreak,knn,"[""association_rules"", ""knn""]",2,4,4,4,0.0,valid,False,"[{""row_index"": 901, ""target_field"": ""sub_type"", ""algorithm"": ""grouped_majority"", ""predicted_value"": ""Over The Counter"", ""confidence"": 0.5567375886524822, ""prediction_source"": ""group_majority"", ""passes_threshold"": true, ""candidate_status"": ""Accepted"", ""rejection_reason"": null, ""validation_record_status"": ""valid""}, {""row_index"": 901, ""target_field"": ""sub_type"", ""algorithm"": ""association_rules"", ""predicted_value"": ""Full Plan Check"", ""confidence"": 0.8571428571428572, ""prediction_source"": ""matched_rules"", ""passes_threshold"": true, ""candidate_status"": ""Accepted"", ""rejection_reason"": null, ""validation_record_status"": ""valid""}, {""row_index"": 901, ""target_field"": ""sub_type"", ""algorithm"": ""clustering"", ""predicted_value"": ""Over The Counter"", ""confidence"": 0.5882352941176471, ""prediction_source"": ""cluster_majority"", ""passes_threshold"": true, ""candidate_status"": ""Accepted"", ""rejection_reason"": null, ""validation_record_status"": ""valid""}, {""row_index"": 901, ""target_field"": ""sub_type"", ""algorithm"": ""knn"", ""predicted_value"": ""Full Plan Check"", ""confidence"": 1.0, ""prediction_source"": ""nearest_neighbors"", ""passes_threshold"": true, ""candidate_status"": ""Accepted"", ""rejection_reason"": null, ""validation_record_status"": ""valid""}]",
902,sub_type,Full Plan Check,1,,0.9285714285714286,Requires Review,average_confidence_tiebreak,knn,"[""association_rules"", ""knn""]",2,4,4,4,0.0,valid,False,"[{""row_index"": 902, ""target_field"": ""sub_type"", ""algorithm"": ""grouped_majority"", ""predicted_value"": ""Over The Counter"", ""confidence"": 0.5567375886524822, ""prediction_source"": ""group_majority"", ""passes_threshold"": true, ""candidate_status"": ""Accepted"", ""rejection_reason"": null, ""validation_record_status"": ""valid""}, {""row_index"": 902, ""target_field"": ""sub_type"", ""algorithm"": ""association_rules"", ""predicted_value"": ""Full Plan Check"", ""confidence"": 0.8571428571428572, ""prediction_source"": ""matched_rules"", ""passes_threshold"": true, ""candidate_status"": ""Accepted"", ""rejection_reason"": null, ""validation_record_status"": ""valid""}, {""row_index"": 902, ""target_field"": ""sub_type"", ""algorithm"": ""clustering"", ""predicted_value"": ""Over The Counter"", ""confidence"": 0.5882352941176471, ""prediction_source"": ""cluster_majority"", ""passes_threshold"": true, ""candidate_status"": ""Accepted"", ""rejection_reason"": null, ""validation_record_status"": ""valid""}, {""row_index"": 902, ""target_field"": ""sub_type"", ""algorithm"": ""knn"", ""predicted_value"": ""Full Plan Check"", ""confidence"": 1.0, ""prediction_source"": ""nearest_neighbors"", ""passes_threshold"": true, ""candidate_status"": ""Accepted"", ""rejection_reason"": null, ""validation_record_status"": ""valid""}]",
906,sub_type,Full Plan Check,1,Over The Counter,0.6492283394104527,Accepted,unanimous_vote,association_rules,"[""association_rules"", ""clustering"", ""grouped_majority"", ""knn""]",4,4,4,4,0.0,valid,True,"[{""row_index"": 906, ""target_field"": ""sub_type"", ""algorithm"": ""grouped_majority"", ""predicted_value"": ""Over The Counter"", ""confidence"": 0.5567375886524822, ""prediction_source"": ""group_majority"", ""passes_threshold"": true, ""candidate_status"": ""Accepted"", ""rejection_reason"": null, ""validation_record_status"": ""valid""}, {""row_index"": 906, ""target_field"": ""sub_type"", ""algorithm"": ""association_rules"", ""predicted_value"": ""Over The Counter"", ""confidence"": 0.9661016949152543, ""prediction_source"": ""matched_rules"", ""passes_threshold"": true, ""candidate_status"": ""Accepted"", ""rejection_reason"": null, ""validation_record_status"": ""valid""}, {""row_index"": 906, ""target_field"": ""sub_type"", ""algorithm"": ""clustering"", ""predicted_value"": ""Over The Counter"", ""confidence"": 0.4074074074074074, ""prediction_source"": ""cluster_majority"", ""passes_threshold"": true, ""candidate_status"": ""Accepted"", ""rejection_reason"": null, ""validation_record_status"": ""valid""}, {""row_index"": 906, ""target_field"": ""sub_type"", ""algorithm"": ""knn"", ""predicted_value"": ""Over The Counter"", ""confidence"": 0.6666666666666666, ""prediction_source"": ""nearest_neighbors"", ""passes_threshold"": true, ""candidate_status"": ""Accepted"", ""rejection_reason"": null, ""validation_record_status"": ""valid""}]",
909,sub_type,Full Plan Check,1,Over The Counter,0.6708952957514781,Accepted,majority_vote,association_rules,"[""association_rules"", ""clustering"", ""grouped_majority""]",3,4,4,4,0.0,valid,True,"[{""row_index"": 909, ""target_field"": ""sub_type"", ""algorithm"": ""grouped_majority"", ""predicted_value"": ""Over The Counter"", ""confidence"": 0.5567375886524822, ""prediction_source"": ""group_majority"", ""passes_threshold"": true, ""candidate_status"": ""Accepted"", ""rejection_reason"": null, ""validation_record_status"": ""valid""}, {""row_index"": 909, ""target_field"": ""sub_type"", ""algorithm"": ""association_rules"", ""predicted_value"": ""Over The Counter"", ""confidence"": 0.8677130044843048, ""prediction_source"": ""matched_rules"", ""passes_threshold"": true, ""candidate_status"": ""Accepted"", ""rejection_reason"": null, ""validation_record_status"": ""valid""}, {""row_index"": 909, ""target_field"": ""sub_type"", ""algorithm"": ""clustering"", ""predicted_value"": ""Over The Counter"", ""confidence"": 0.5882352941176471, ""prediction_source"": ""cluster_majority"", ""passes_threshold"": true, ""candidate_status"": ""Accepted"", ""rejection_reason"": null, ""validation_record_status"": ""valid""}, {""row_index"": 909, ""target_field"": ""sub_type"", ""algorithm"": ""knn"", ""predicted_value"": ""Full Plan Check"", ""confidence"": 1.0, ""prediction_source"": ""nearest_neighbors"", ""passes_threshold"": true, ""candidate_status"": ""Accepted"", ""rejection_reason"": null, ""validation_record_status"": ""valid""}]",
920,sub_type,Over The Counter,1,Over The Counter,0.7152293191774762,Accepted,majority_vote,association_rules,"[""association_rules"", ""clustering"", ""grouped_majority""]",3,4,4,4,0.0,valid,True,"[{""row_index"": 920, ""target_field"": ""sub_type"", ""algorithm"": ""grouped_majority"", ""predicted_value"": ""Over The Counter"", ""confidence"": 0.5567375886524822, ""prediction_source"": ""group_majority"", ""passes_threshold"": true, ""candidate_status"": ""Accepted"", ""rejection_reason"": null, ""validation_record_status"": ""valid""}, {""row_index"": 920, ""target_field"": ""sub_type"", ""algorithm"": ""association_rules"", ""predicted_value"": ""Over The Counter"", ""confidence"": 0.8988095238095238, ""prediction_source"": ""matched_rules"", ""passes_threshold"": true, ""candidate_status"": ""Accepted"", ""rejection_reason"": null, ""validation_record_status"": ""valid""}, {""row_index"": 920, ""target_field"": ""sub_type"", ""algorithm"": ""clustering"", ""predicted_value"": ""Over The Counter"", ""confidence"": 0.6901408450704225, ""prediction_source"": ""cluster_majority"", ""passes_threshold"": true, ""candidate_status"": ""Accepted"", ""rejection_reason"": null, ""validation_record_status"": ""valid""}, {""row_index"": 920, ""target_field"": ""sub_type"", ""algorithm"": ""knn"", ""predicted_value"": ""In House Plan Check"", ""confidence"": 0.6, ""prediction_source"": ""nearest_neighbors"", ""passes_threshold"": true, ""candidate_status"": ""Accepted"", ""rejection_reason"": null, ""validation_record_status"": ""valid""}]",
926,sub_type,Over The Counter,1,Over The Counter,0.7647154429147546,Accepted,unanimous_vote,knn,"[""association_rules"", ""clustering"", ""grouped_majority"", ""knn""]",4,4,4,4,0.0,valid,True,"[{""row_index"": 926, ""target_field"": ""sub_type"", ""algorithm"": ""grouped_majority"", ""predicted_value"": ""Over The Counter"", ""confidence"": 0.5567375886524822, ""prediction_source"": ""group_majority"", ""passes_threshold"": true, ""candidate_status"": ""Accepted"", ""rejection_reason"": null, ""validation_record_status"": ""valid""}, {""row_index"": 926, ""target_field"": ""sub_type"", ""algorithm"": ""association_rules"", ""predicted_value"": ""Over The Counter"", ""confidence"": 0.9138888888888889, ""prediction_source"": ""matched_rules"", ""passes_threshold"": true, ""candidate_status"": ""Accepted"", ""rejection_reason"": null, ""validation_record_status"": ""valid""}, {""row_index"": 926, ""target_field"": ""sub_type"", ""algorithm"": ""clustering"", ""predicted_value"": ""Over The Counter"", ""confidence"": 0.5882352941176471, ""prediction_source"": ""cluster_majority"", ""passes_threshold"": true, ""candidate_status"": ""Accepted"", ""rejection_reason"": null, ""validation_record_status"": ""valid""}, {""row_index"": 926, ""target_field"": ""sub_type"", ""algorithm"": ""knn"", ""predicted_value"": ""Over The Counter"", ""confidence"": 1.0, ""prediction_source"": ""nearest_neighbors"", ""passes_threshold"": true, ""candidate_status"": ""Accepted"", ""rejection_reason"": null, ""validation_record_status"": ""valid""}]",
928,sub_type,Over The Counter,1,Over The Counter,0.7801008011557657,Accepted,majority_vote,association_rules,"[""association_rules"", ""clustering"", ""grouped_majority""]",3,4,4,4,0.0,valid,True,"[{""row_index"": 928, ""target_field"": ""sub_type"", ""algorithm"": ""grouped_majority"", ""predicted_value"": ""Over The Counter"", ""confidence"": 0.5567375886524822, ""prediction_source"": ""group_majority"", ""passes_threshold"": true, ""candidate_status"": ""Accepted"", ""rejection_reason"": null, ""validation_record_status"": ""valid""}, {""row_index"": 928, ""target_field"": ""sub_type"", ""algorithm"": ""association_rules"", ""predicted_value"": ""Over The Counter"", ""confidence"": 0.96875, ""prediction_source"": ""matched_rules"", ""passes_threshold"": true, ""candidate_status"": ""Accepted"", ""rejection_reason"": null, ""validation_record_status"": ""valid""}, {""row_index"": 928, ""target_field"": ""sub_type"", ""algorithm"": ""clustering"", ""predicted_value"": ""Over The Counter"", ""confidence"": 0.8148148148148148, ""prediction_source"": ""cluster_majority"", ""passes_threshold"": true, ""candidate_status"": ""Accepted"", ""rejection_reason"": null, ""validation_record_status"": ""valid""}, {""row_index"": 928, ""target_field"": ""sub_type"", ""algorithm"": ""knn"", ""predicted_value"": ""Full Plan Check"", ""confidence"": 0.5, ""prediction_source"": ""nearest_neighbors"", ""passes_threshold"": true, ""candidate_status"": ""Accepted"", ""rejection_reason"": null, ""validation_record_status"": ""valid""}]",
929,sub_type,Over The Counter,1,Over The Counter,0.581657627590043,Accepted,majority_vote,knn,"[""clustering"", ""grouped_majority"", ""knn""]",3,4,4,4,0.0,valid,True,"[{""row_index"": 929, ""target_field"": ""sub_type"", ""algorithm"": ""grouped_majority"", ""predicted_value"": ""Over The Counter"", ""confidence"": 0.5567375886524822, ""prediction_source"": ""group_majority"", ""passes_threshold"": true, ""candidate_status"": ""Accepted"", ""rejection_reason"": null, ""validation_record_status"": ""valid""}, {""row_index"": 929, ""target_field"": ""sub_type"", ""algorithm"": ""association_rules"", ""predicted_value"": ""Residential Building Report"", ""confidence"": 0.5913978494623656, ""prediction_source"": ""matched_rules"", ""passes_threshold"": true, ""candidate_status"": ""Accepted"", ""rejection_reason"": null, ""validation_record_status"": ""valid""}, {""row_index"": 929, ""target_field"": ""sub_type"", ""algorithm"": ""clustering"", ""predicted_value"": ""Over The Counter"", ""confidence"": 0.5882352941176471, ""prediction_source"": ""cluster_majority"", ""passes_threshold"": true, ""candidate_status"": ""Accepted"", ""rejection_reason"": null, ""validation_record_status"": ""valid""}, {""row_index"": 929, ""target_field"": ""sub_type"", ""algorithm"": ""knn"", ""predicted_value"": ""Over The Counter"", ""confidence"": 0.6, ""prediction_source"": ""nearest_neighbors"", ""passes_threshold"": true, ""candidate_status"": ""Accepted"", ""rejection_reason"": null, ""validation_record_status"": ""valid""}]",
935,sub_type,Over The Counter,1,Over The Counter,0.8428881008668243,Accepted,unanimous_vote,association_rules,"[""association_rules"", ""clustering"", ""grouped_majority"", ""knn""]",4,4,4,4,0.0,valid,True,"[{""row_index"": 935, ""target_field"": ""sub_type"", ""algorithm"": ""grouped_majority"", ""predicted_value"": ""Over The Counter"", ""confidence"": 0.5567375886524822, ""prediction_source"": ""group_majority"", ""passes_threshold"": true, ""candidate_status"": ""Accepted"", ""rejection_reason"": null, ""validation_record_status"": ""valid""}, {""row_index"": 935, ""target_field"": ""sub_type"", ""algorithm"": ""association_rules"", ""predicted_value"": ""Over The Counter"", ""confidence"": 1.0, ""prediction_source"": ""matched_rules"", ""passes_threshold"": true, ""candidate_status"": ""Accepted"", ""rejection_reason"": null, ""validation_record_status"": ""valid""}, {""row_index"": 935, ""target_field"": ""sub_type"", ""algorithm"": ""clustering"", ""predicted_value"": ""Over The Counter"", ""confidence"": 0.8148148148148148, ""prediction_source"": ""cluster_majority"", ""passes_threshold"": true, ""candidate_status"": ""Accepted"", ""rejection_reason"": null, ""validation_record_status"": ""valid""}, {""row_index"": 935, ""target_field"": ""sub_type"", ""algorithm"": ""knn"", ""predicted_value"": ""Over The Counter"", ""confidence"": 1.0, ""prediction_source"": ""nearest_neighbors"", ""passes_threshold"": true, ""candidate_status"": ""Accepted"", ""rejection_reason"": null, ""validation_record_status"": ""valid""}]",
939,sub_type,Over The Counter,1,Over The Counter,0.7862432206925324,Accepted,unanimous_vote,association_rules,"[""association_rules"", ""clustering"", ""grouped_majority"", ""knn""]",4,4,4,4,0.0,valid,True,"[{""row_index"": 939, ""target_field"": ""sub_type"", ""algorithm"": ""grouped_majority"", ""predicted_value"": ""Over The Counter"", ""confidence"": 0.5567375886524822, ""prediction_source"": ""group_majority"", ""passes_threshold"": true, ""candidate_status"": ""Accepted"", ""rejection_reason"": null, ""validation_record_status"": ""valid""}, {""row_index"": 939, ""target_field"": ""sub_type"", ""algorithm"": ""association_rules"", ""predicted_value"": ""Over The Counter"", ""confidence"": 1.0, ""prediction_source"": ""matched_rules"", ""passes_threshold"": true, ""candidate_status"": ""Accepted"", ""rejection_reason"": null, ""validation_record_status"": ""valid""}, {""row_index"": 939, ""target_field"": ""sub_type"", ""algorithm"": ""clustering"", ""predicted_value"": ""Over The Counter"", ""confidence"": 0.5882352941176471, ""prediction_source"": ""cluster_majority"", ""passes_threshold"": true, ""candidate_status"": ""Accepted"", ""rejection_reason"": null, ""validation_record_status"": ""valid""}, {""row_index"": 939, ""target_field"": ""sub_type"", ""algorithm"": ""knn"", ""predicted_value"": ""Over The Counter"", ""confidence"": 1.0, ""prediction_source"": ""nearest_neighbors"", ""passes_threshold"": true, ""candidate_status"": ""Accepted"", ""rejection_reason"": null, ""validation_record_status"": ""valid""}]",
940,sub_type,Over The Counter,1,Over The Counter,0.7862432206925324,Accepted,unanimous_vote,association_rules,"[""association_rules"", ""clustering"", ""grouped_majority"", ""knn""]",4,4,4,4,0.0,valid,True,"[{""row_index"": 940, ""target_field"": ""sub_type"", ""algorithm"": ""grouped_majority"", ""predicted_value"": ""Over The Counter"", ""confidence"": 0.5567375886524822, ""prediction_source"": ""group_majority"", ""passes_threshold"": true, ""candidate_status"": ""Accepted"", ""rejection_reason"": null, ""validation_record_status"": ""valid""}, {""row_index"": 940, ""target_field"": ""sub_type"", ""algorithm"": ""association_rules"", ""predicted_value"": ""Over The Counter"", ""confidence"": 1.0, ""prediction_source"": ""matched_rules"", ""passes_threshold"": true, ""candidate_status"": ""Accepted"", ""rejection_reason"": null, ""validation_record_status"": ""valid""}, {""row_index"": 940, ""target_field"": ""sub_type"", ""algorithm"": ""clustering"", ""predicted_value"": ""Over The Counter"", ""confidence"": 0.5882352941176471, ""prediction_source"": ""cluster_majority"", ""passes_threshold"": true, ""candidate_status"": ""Accepted"", ""rejection_reason"": null, ""validation_record_status"": ""valid""}, {""row_index"": 940, ""target_field"": ""sub_type"", ""algorithm"": ""knn"", ""predicted_value"": ""Over The Counter"", ""confidence"": 1.0, ""prediction_source"": ""nearest_neighbors"", ""passes_threshold"": true, ""candidate_status"": ""Accepted"", ""rejection_reason"": null, ""validation_record_status"": ""valid""}]",
941,sub_type,Over The Counter,1,Over The Counter,0.7862432206925324,Accepted,unanimous_vote,association_rules,"[""association_rules"", ""clustering"", ""grouped_majority"", ""knn""]",4,4,4,4,0.0,valid,True,"[{""row_index"": 941, ""target_field"": ""sub_type"", ""algorithm"": ""grouped_majority"", ""predicted_value"": ""Over The Counter"", ""confidence"": 0.5567375886524822, ""prediction_source"": ""group_majority"", ""passes_threshold"": true, ""candidate_status"": ""Accepted"", ""rejection_reason"": null, ""validation_record_status"": ""valid""}, {""row_index"": 941, ""target_field"": ""sub_type"", ""algorithm"": ""association_rules"", ""predicted_value"": ""Over The Counter"", ""confidence"": 1.0, ""prediction_source"": ""matched_rules"", ""passes_threshold"": true, ""candidate_status"": ""Accepted"", ""rejection_reason"": null, ""validation_record_status"": ""valid""}, {""row_index"": 941, ""target_field"": ""sub_type"", ""algorithm"": ""clustering"", ""predicted_value"": ""Over The Counter"", ""confidence"": 0.5882352941176471, ""prediction_source"": ""cluster_majority"", ""passes_threshold"": true, ""candidate_status"": ""Accepted"", ""rejection_reason"": null, ""validation_record_status"": ""valid""}, {""row_index"": 941, ""target_field"": ""sub_type"", ""algorithm"": ""knn"", ""predicted_value"": ""Over The Counter"", ""confidence"": 1.0, ""prediction_source"": ""nearest_neighbors"", ""passes_threshold"": true, ""candidate_status"": ""Accepted"", ""rejection_reason"": null, ""validation_record_status"": ""valid""}]",
945,sub_type,Over The Counter,1,Over The Counter,0.8428881008668243,Accepted,unanimous_vote,association_rules,"[""association_rules"", ""clustering"", ""grouped_majority"", ""knn""]",4,4,4,4,0.0,valid,True,"[{""row_index"": 945, ""target_field"": ""sub_type"", ""algorithm"": ""grouped_majority"", ""predicted_value"": ""Over The Counter"", ""confidence"": 0.5567375886524822, ""prediction_source"": ""group_majority"", ""passes_threshold"": true, ""candidate_status"": ""Accepted"", ""rejection_reason"": null, ""validation_record_status"": ""valid""}, {""row_index"": 945, ""target_field"": ""sub_type"", ""algorithm"": ""association_rules"", ""predicted_value"": ""Over The Counter"", ""confidence"": 1.0, ""prediction_source"": ""matched_rules"", ""passes_threshold"": true, ""candidate_status"": ""Accepted"", ""rejection_reason"": null, ""validation_record_status"": ""valid""}, {""row_index"": 945, ""target_field"": ""sub_type"", ""algorithm"": ""clustering"", ""predicted_value"": ""Over The Counter"", ""confidence"": 0.8148148148148148, ""prediction_source"": ""cluster_majority"", ""passes_threshold"": true, ""candidate_status"": ""Accepted"", ""rejection_reason"": null, ""validation_record_status"": ""valid""}, {""row_index"": 945, ""target_field"": ""sub_type"", ""algorithm"": ""knn"", ""predicted_value"": ""Over The Counter"", ""confidence"": 1.0, ""prediction_source"": ""nearest_neighbors"", ""passes_threshold"": true, ""candidate_status"": ""Accepted"", ""rejection_reason"": null, ""validation_record_status"": ""valid""}]",
950,sub_type,Over The Counter,1,Over The Counter,0.9920185974428516,Accepted,unanimous_vote,association_rules,"[""association_rules"", ""clustering"", ""grouped_majority"", ""knn""]",4,4,4,4,0.0,valid,True,"[{""row_index"": 950, ""target_field"": ""sub_type"", ""algorithm"": ""grouped_majority"", ""predicted_value"": ""Over The Counter"", ""confidence"": 0.9793103448275862, ""prediction_source"": ""group_majority"", ""passes_threshold"": true, ""candidate_status"": ""Accepted"", ""rejection_reason"": null, ""validation_record_status"": ""valid""}, {""row_index"": 950, ""target_field"": ""sub_type"", ""algorithm"": ""association_rules"", ""predicted_value"": ""Over The Counter"", ""confidence"": 1.0, ""prediction_source"": ""matched_rules"", ""passes_threshold"": true, ""candidate_status"": ""Accepted"", ""rejection_reason"": null, ""validation_record_status"": ""valid""}, {""row_index"": 950, ""target_field"": ""sub_type"", ""algorithm"": ""clustering"", ""predicted_value"": ""Over The Counter"", ""confidence"": 0.9887640449438202, ""prediction_source"": ""cluster_majority"", ""passes_threshold"": true, ""candidate_status"": ""Accepted"", ""rejection_reason"": null, ""validation_record_status"": ""valid""}, {""row_index"": 950, ""target_field"": ""sub_type"", ""algorithm"": ""knn"", ""predicted_value"": ""Over The Counter"", ""confidence"": 1.0, ""prediction_source"": ""nearest_neighbors"", ""passes_threshold"": true, ""candidate_status"": ""Accepted"", ""rejection_reason"": null, ""validation_record_status"": ""valid""}]",
951,sub_type,Over The Counter,1,Over The Counter,0.8466794380587483,Accepted,unanimous_vote,association_rules,"[""association_rules"", ""clustering"", ""grouped_majority"", ""knn""]",4,4,4,4,0.0,valid,True,"[{""row_index"": 951, ""target_field"": ""sub_type"", ""algorithm"": ""grouped_majority"", ""predicted_value"": ""Over The Counter"", ""confidence"": 0.9793103448275862, ""prediction_source"": ""group_majority"", ""passes_threshold"": true, ""candidate_status"": ""Accepted"", ""rejection_reason"": null, ""validation_record_status"": ""valid""}, {""row_index"": 951, ""target_field"": ""sub_type"", ""algorithm"": ""association_rules"", ""predicted_value"": ""Over The Counter"", ""confidence"": 1.0, ""prediction_source"": ""matched_rules"", ""passes_threshold"": true, ""candidate_status"": ""Accepted"", ""rejection_reason"": null, ""validation_record_status"": ""valid""}, {""row_index"": 951, ""target_field"": ""sub_type"", ""algorithm"": ""clustering"", ""predicted_value"": ""Over The Counter"", ""confidence"": 0.4074074074074074, ""prediction_source"": ""cluster_majority"", ""passes_threshold"": true, ""candidate_status"": ""Accepted"", ""rejection_reason"": null, ""validation_record_status"": ""valid""}, {""row_index"": 951, ""target_field"": ""sub_type"", ""algorithm"": ""knn"", ""predicted_value"": ""Over The Counter"", ""confidence"": 1.0, ""prediction_source"": ""nearest_neighbors"", ""passes_threshold"": true, ""candidate_status"": ""Accepted"", ""rejection_reason"": null, ""validation_record_status"": ""valid""}]",
954,sub_type,Over The Counter,1,Over The Counter,0.9001209921355112,Accepted,majority_vote,grouped_majority,"[""clustering"", ""grouped_majority"", ""knn""]",3,4,4,4,0.0,valid,True,"[{""row_index"": 954, ""target_field"": ""sub_type"", ""algorithm"": ""grouped_majority"", ""predicted_value"": ""Over The Counter"", ""confidence"": 0.9793103448275862, ""prediction_source"": ""group_majority"", ""passes_threshold"": true, ""candidate_status"": ""Accepted"", ""rejection_reason"": null, ""validation_record_status"": ""valid""}, {""row_index"": 954, ""target_field"": ""sub_type"", ""algorithm"": ""association_rules"", ""predicted_value"": ""Residential Building Report"", ""confidence"": 0.55, ""prediction_source"": ""matched_rules"", ""passes_threshold"": true, ""candidate_status"": ""Accepted"", ""rejection_reason"": null, ""validation_record_status"": ""valid""}, {""row_index"": 954, ""target_field"": ""sub_type"", ""algorithm"": ""clustering"", ""predicted_value"": ""Over The Counter"", ""confidence"": 0.9210526315789473, ""prediction_source"": ""cluster_majority"", ""passes_threshold"": true, ""candidate_status"": ""Accepted"", ""rejection_reason"": null, ""validation_record_status"": ""valid""}, {""row_index"": 954, ""target_field"": ""sub_type"", ""algorithm"": ""knn"", ""predicted_value"": ""Over The Counter"", ""confidence"": 0.8, ""prediction_source"": ""nearest_neighbors"", ""passes_threshold"": true, ""candidate_status"": ""Accepted"", ""rejection_reason"": null, ""validation_record_status"": ""valid""}]",
955,sub_type,Over The Counter,1,Over The Counter,0.9920185974428516,Accepted,unanimous_vote,association_rules,"[""association_rules"", ""clustering"", ""grouped_majority"", ""knn""]",4,4,4,4,0.0,valid,True,"[{""row_index"": 955, ""target_field"": ""sub_type"", ""algorithm"": ""grouped_majority"", ""predicted_value"": ""Over The Counter"", ""confidence"": 0.9793103448275862, ""prediction_source"": ""group_majority"", ""passes_threshold"": true, ""candidate_status"": ""Accepted"", ""rejection_reason"": null, ""validation_record_status"": ""valid""}, {""row_index"": 955, ""target_field"": ""sub_type"", ""algorithm"": ""association_rules"", ""predicted_value"": ""Over The Counter"", ""confidence"": 1.0, ""prediction_source"": ""matched_rules"", ""passes_threshold"": true, ""candidate_status"": ""Accepted"", ""rejection_reason"": null, ""validation_record_status"": ""valid""}, {""row_index"": 955, ""target_field"": ""sub_type"", ""algorithm"": ""clustering"", ""predicted_value"": ""Over The Counter"", ""confidence"": 0.9887640449438202, ""prediction_source"": ""cluster_majority"", ""passes_threshold"": true, ""candidate_status"": ""Accepted"", ""rejection_reason"": null, ""validation_record_status"": ""valid""}, {""row_index"": 955, ""target_field"": ""sub_type"", ""algorithm"": ""knn"", ""predicted_value"": ""Over The Counter"", ""confidence"": 1.0, ""prediction_source"": ""nearest_neighbors"", ""passes_threshold"": true, ""candidate_status"": ""Accepted"", ""rejection_reason"": null, ""validation_record_status"": ""valid""}]",
957,sub_type,Over The Counter,1,Over The Counter,0.9906888102088091,Accepted,unanimous_vote,knn,"[""association_rules"", ""clustering"", ""grouped_majority"", ""knn""]",4,4,4,4,0.0,valid,True,"[{""row_index"": 957, ""target_field"": ""sub_type"", ""algorithm"": ""grouped_majority"", ""predicted_value"": ""Over The Counter"", ""confidence"": 0.9793103448275862, ""prediction_source"": ""group_majority"", ""passes_threshold"": true, ""candidate_status"": ""Accepted"", ""rejection_reason"": null, ""validation_record_status"": ""valid""}, {""row_index"": 957, ""target_field"": ""sub_type"", ""algorithm"": ""association_rules"", ""predicted_value"": ""Over The Counter"", ""confidence"": 0.9946808510638299, ""prediction_source"": ""matched_rules"", ""passes_threshold"": true, ""candidate_status"": ""Accepted"", ""rejection_reason"": null, ""validation_record_status"": ""valid""}, {""row_index"": 957, ""target_field"": ""sub_type"", ""algorithm"": ""clustering"", ""predicted_value"": ""Over The Counter"", ""confidence"": 0.9887640449438202, ""prediction_source"": ""cluster_majority"", ""passes_threshold"": true, ""candidate_status"": ""Accepted"", ""rejection_reason"": null, ""validation_record_status"": ""valid""}, {""row_index"": 957, ""target_field"": ""sub_type"", ""algorithm"": ""knn"", ""predicted_value"": ""Over The Counter"", ""confidence"": 1.0, ""prediction_source"": ""nearest_neighbors"", ""passes_threshold"": true, ""candidate_status"": ""Accepted"", ""rejection_reason"": null, ""validation_record_status"": ""valid""}]",
958,sub_type,Over The Counter,1,Over The Counter,0.9906888102088091,Accepted,unanimous_vote,knn,"[""association_rules"", ""clustering"", ""grouped_majority"", ""knn""]",4,4,4,4,0.0,valid,True,"[{""row_index"": 958, ""target_field"": ""sub_type"", ""algorithm"": ""grouped_majority"", ""predicted_value"": ""Over The Counter"", ""confidence"": 0.9793103448275862, ""prediction_source"": ""group_majority"", ""passes_threshold"": true, ""candidate_status"": ""Accepted"", ""rejection_reason"": null, ""validation_record_status"": ""valid""}, {""row_index"": 958, ""target_field"": ""sub_type"", ""algorithm"": ""association_rules"", ""predicted_value"": ""Over The Counter"", ""confidence"": 0.9946808510638299, ""prediction_source"": ""matched_rules"", ""passes_threshold"": true, ""candidate_status"": ""Accepted"", ""rejection_reason"": null, ""validation_record_status"": ""valid""}, {""row_index"": 958, ""target_field"": ""sub_type"", ""algorithm"": ""clustering"", ""predicted_value"": ""Over The Counter"", ""confidence"": 0.9887640449438202, ""prediction_source"": ""cluster_majority"", ""passes_threshold"": true, ""candidate_status"": ""Accepted"", ""rejection_reason"": null, ""validation_record_status"": ""valid""}, {""row_index"": 958, ""target_field"": ""sub_type"", ""algorithm"": ""knn"", ""predicted_value"": ""Over The Counter"", ""confidence"": 1.0, ""prediction_source"": ""nearest_neighbors"", ""passes_threshold"": true, ""candidate_status"": ""Accepted"", ""rejection_reason"": null, ""validation_record_status"": ""valid""}]",
959,sub_type,Over The Counter,1,Over The Counter,0.9750907441016334,Accepted,unanimous_vote,association_rules,"[""association_rules"", ""clustering"", ""grouped_majority"", ""knn""]",4,4,4,4,0.0,valid,True,"[{""row_index"": 959, ""target_field"": ""sub_type"", ""algorithm"": ""grouped_majority"", ""predicted_value"": ""Over The Counter"", ""confidence"": 0.9793103448275862, ""prediction_source"": ""group_majority"", ""passes_threshold"": true, ""candidate_status"": ""Accepted"", ""rejection_reason"": null, ""validation_record_status"": ""valid""}, {""row_index"": 959, ""target_field"": ""sub_type"", ""algorithm"": ""association_rules"", ""predicted_value"": ""Over The Counter"", ""confidence"": 1.0, ""prediction_source"": ""matched_rules"", ""passes_threshold"": true, ""candidate_status"": ""Accepted"", ""rejection_reason"": null, ""validation_record_status"": ""valid""}, {""row_index"": 959, ""target_field"": ""sub_type"", ""algorithm"": ""clustering"", ""predicted_value"": ""Over The Counter"", ""confidence"": 0.9210526315789473, ""prediction_source"": ""cluster_majority"", ""passes_threshold"": true, ""candidate_status"": ""Accepted"", ""rejection_reason"": null, ""validation_record_status"": ""valid""}, {""row_index"": 959, ""target_field"": ""sub_type"", ""algorithm"": ""knn"", ""predicted_value"": ""Over The Counter"", ""confidence"": 1.0, ""prediction_source"": ""nearest_neighbors"", ""passes_threshold"": true, ""candidate_status"": ""Accepted"", ""rejection_reason"": null, ""validation_record_status"": ""valid""}]",
962,sub_type,Over The Counter,1,Over The Counter,0.9750907441016334,Accepted,unanimous_vote,association_rules,"[""association_rules"", ""clustering"", ""grouped_majority"", ""knn""]",4,4,4,4,0.0,valid,True,"[{""row_index"": 962, ""target_field"": ""sub_type"", ""algorithm"": ""grouped_majority"", ""predicted_value"": ""Over The Counter"", ""confidence"": 0.9793103448275862, ""prediction_source"": ""group_majority"", ""passes_threshold"": true, ""candidate_status"": ""Accepted"", ""rejection_reason"": null, ""validation_record_status"": ""valid""}, {""row_index"": 962, ""target_field"": ""sub_type"", ""algorithm"": ""association_rules"", ""predicted_value"": ""Over The Counter"", ""confidence"": 1.0, ""prediction_source"": ""matched_rules"", ""passes_threshold"": true, ""candidate_status"": ""Accepted"", ""rejection_reason"": null, ""validation_record_status"": ""valid""}, {""row_index"": 962, ""target_field"": ""sub_type"", ""algorithm"": ""clustering"", ""predicted_value"": ""Over The Counter"", ""confidence"": 0.9210526315789473, ""prediction_source"": ""cluster_majority"", ""passes_threshold"": true, ""candidate_status"": ""Accepted"", ""rejection_reason"": null, ""validation_record_status"": ""valid""}, {""row_index"": 962, ""target_field"": ""sub_type"", ""algorithm"": ""knn"", ""predicted_value"": ""Over The Counter"", ""confidence"": 1.0, ""prediction_source"": ""nearest_neighbors"", ""passes_threshold"": true, ""candidate_status"": ""Accepted"", ""rejection_reason"": null, ""validation_record_status"": ""valid""}]",
964,sub_type,Over The Counter,1,Over The Counter,0.9906888102088091,Accepted,unanimous_vote,knn,"[""association_rules"", ""clustering"", ""grouped_majority"", ""knn""]",4,4,4,4,0.0,valid,True,"[{""row_index"": 964, ""target_field"": ""sub_type"", ""algorithm"": ""grouped_majority"", ""predicted_value"": ""Over The Counter"", ""confidence"": 0.9793103448275862, ""prediction_source"": ""group_majority"", ""passes_threshold"": true, ""candidate_status"": ""Accepted"", ""rejection_reason"": null, ""validation_record_status"": ""valid""}, {""row_index"": 964, ""target_field"": ""sub_type"", ""algorithm"": ""association_rules"", ""predicted_value"": ""Over The Counter"", ""confidence"": 0.9946808510638299, ""prediction_source"": ""matched_rules"", ""passes_threshold"": true, ""candidate_status"": ""Accepted"", ""rejection_reason"": null, ""validation_record_status"": ""valid""}, {""row_index"": 964, ""target_field"": ""sub_type"", ""algorithm"": ""clustering"", ""predicted_value"": ""Over The Counter"", ""confidence"": 0.9887640449438202, ""prediction_source"": ""cluster_majority"", ""passes_threshold"": true, ""candidate_status"": ""Accepted"", ""rejection_reason"": null, ""validation_record_status"": ""valid""}, {""row_index"": 964, ""target_field"": ""sub_type"", ""algorithm"": ""knn"", ""predicted_value"": ""Over The Counter"", ""confidence"": 1.0, ""prediction_source"": ""nearest_neighbors"", ""passes_threshold"": true, ""candidate_status"": ""Accepted"", ""rejection_reason"": null, ""validation_record_status"": ""valid""}]",
966,sub_type,Over The Counter,1,Over The Counter,0.9699183303085299,Accepted,unanimous_vote,knn,"[""association_rules"", ""clustering"", ""grouped_majority"", ""knn""]",4,4,4,4,0.0,valid,True,"[{""row_index"": 966, ""target_field"": ""sub_type"", ""algorithm"": ""grouped_majority"", ""predicted_value"": ""Over The Counter"", ""confidence"": 0.9793103448275862, ""prediction_source"": ""group_majority"", ""passes_threshold"": true, ""candidate_status"": ""Accepted"", ""rejection_reason"": null, ""validation_record_status"": ""valid""}, {""row_index"": 966, ""target_field"": ""sub_type"", ""algorithm"": ""association_rules"", ""predicted_value"": ""Over The Counter"", ""confidence"": 0.9793103448275863, ""prediction_source"": ""matched_rules"", ""passes_threshold"": true, ""candidate_status"": ""Accepted"", ""rejection_reason"": null, ""validation_record_status"": ""valid""}, {""row_index"": 966, ""target_field"": ""sub_type"", ""algorithm"": ""clustering"", ""predicted_value"": ""Over The Counter"", ""confidence"": 0.9210526315789473, ""prediction_source"": ""cluster_majority"", ""passes_threshold"": true, ""candidate_status"": ""Accepted"", ""rejection_reason"": null, ""validation_record_status"": ""valid""}, {""row_index"": 966, ""target_field"": ""sub_type"", ""algorithm"": ""knn"", ""predicted_value"": ""Over The Counter"", ""confidence"": 1.0, ""prediction_source"": ""nearest_neighbors"", ""passes_threshold"": true, ""candidate_status"": ""Accepted"", ""rejection_reason"": null, ""validation_record_status"": ""valid""}]",
975,sub_type,Over The Counter,1,Over The Counter,1.0,Accepted,unanimous_vote,association_rules,"[""association_rules"", ""clustering"", ""grouped_majority"", ""knn""]",4,4,4,4,0.0,valid,True,"[{""row_index"": 975, ""target_field"": ""sub_type"", ""algorithm"": ""grouped_majority"", ""predicted_value"": ""Over The Counter"", ""confidence"": 1.0, ""prediction_source"": ""group_majority"", ""passes_threshold"": true, ""candidate_status"": ""Accepted"", ""rejection_reason"": null, ""validation_record_status"": ""valid""}, {""row_index"": 975, ""target_field"": ""sub_type"", ""algorithm"": ""association_rules"", ""predicted_value"": ""Over The Counter"", ""confidence"": 1.0, ""prediction_source"": ""matched_rules"", ""passes_threshold"": true, ""candidate_status"": ""Accepted"", ""rejection_reason"": null, ""validation_record_status"": ""valid""}, {""row_index"": 975, ""target_field"": ""sub_type"", ""algorithm"": ""clustering"", ""predicted_value"": ""Over The Counter"", ""confidence"": 1.0, ""prediction_source"": ""cluster_majority"", ""passes_threshold"": true, ""candidate_status"": ""Accepted"", ""rejection_reason"": null, ""validation_record_status"": ""valid""}, {""row_index"": 975, ""target_field"": ""sub_type"", ""algorithm"": ""knn"", ""predicted_value"": ""Over The Counter"", ""confidence"": 1.0, ""prediction_source"": ""nearest_neighbors"", ""passes_threshold"": true, ""candidate_status"": ""Accepted"", ""rejection_reason"": null, ""validation_record_status"": ""valid""}]",
978,sub_type,Over The Counter,1,Over The Counter,1.0,Accepted,unanimous_vote,association_rules,"[""association_rules"", ""clustering"", ""grouped_majority"", ""knn""]",4,4,4,4,0.0,valid,True,"[{""row_index"": 978, ""target_field"": ""sub_type"", ""algorithm"": ""grouped_majority"", ""predicted_value"": ""Over The Counter"", ""confidence"": 1.0, ""prediction_source"": ""group_majority"", ""passes_threshold"": true, ""candidate_status"": ""Accepted"", ""rejection_reason"": null, ""validation_record_status"": ""valid""}, {""row_index"": 978, ""target_field"": ""sub_type"", ""algorithm"": ""association_rules"", ""predicted_value"": ""Over The Counter"", ""confidence"": 1.0, ""prediction_source"": ""matched_rules"", ""passes_threshold"": true, ""candidate_status"": ""Accepted"", ""rejection_reason"": null, ""validation_record_status"": ""valid""}, {""row_index"": 978, ""target_field"": ""sub_type"", ""algorithm"": ""clustering"", ""predicted_value"": ""Over The Counter"", ""confidence"": 1.0, ""prediction_source"": ""cluster_majority"", ""passes_threshold"": true, ""candidate_status"": ""Accepted"", ""rejection_reason"": null, ""validation_record_status"": ""valid""}, {""row_index"": 978, ""target_field"": ""sub_type"", ""algorithm"": ""knn"", ""predicted_value"": ""Over The Counter"", ""confidence"": 1.0, ""prediction_source"": ""nearest_neighbors"", ""passes_threshold"": true, ""candidate_status"": ""Accepted"", ""rejection_reason"": null, ""validation_record_status"": ""valid""}]",
980,sub_type,Over The Counter,1,Over The Counter,1.0,Accepted,unanimous_vote,association_rules,"[""association_rules"", ""clustering"", ""grouped_majority"", ""knn""]",4,4,4,4,0.0,valid,True,"[{""row_index"": 980, ""target_field"": ""sub_type"", ""algorithm"": ""grouped_majority"", ""predicted_value"": ""Over The Counter"", ""confidence"": 1.0, ""prediction_source"": ""group_majority"", ""passes_threshold"": true, ""candidate_status"": ""Accepted"", ""rejection_reason"": null, ""validation_record_status"": ""valid""}, {""row_index"": 980, ""target_field"": ""sub_type"", ""algorithm"": ""association_rules"", ""predicted_value"": ""Over The Counter"", ""confidence"": 1.0, ""prediction_source"": ""matched_rules"", ""passes_threshold"": true, ""candidate_status"": ""Accepted"", ""rejection_reason"": null, ""validation_record_status"": ""valid""}, {""row_index"": 980, ""target_field"": ""sub_type"", ""algorithm"": ""clustering"", ""predicted_value"": ""Over The Counter"", ""confidence"": 1.0, ""prediction_source"": ""cluster_majority"", ""passes_threshold"": true, ""candidate_status"": ""Accepted"", ""rejection_reason"": null, ""validation_record_status"": ""valid""}, {""row_index"": 980, ""target_field"": ""sub_type"", ""algorithm"": ""knn"", ""predicted_value"": ""Over The Counter"", ""confidence"": 1.0, ""prediction_source"": ""nearest_neighbors"", ""passes_threshold"": true, ""candidate_status"": ""Accepted"", ""rejection_reason"": null, ""validation_record_status"": ""valid""}]",
981,sub_type,Over The Counter,1,Over The Counter,0.9736842105263158,Accepted,majority_vote,grouped_majority,"[""clustering"", ""grouped_majority"", ""knn""]",3,4,4,4,0.0,valid,True,"[{""row_index"": 981, ""target_field"": ""sub_type"", ""algorithm"": ""grouped_majority"", ""predicted_value"": ""Over The Counter"", ""confidence"": 1.0, ""prediction_source"": ""group_majority"", ""passes_threshold"": true, ""candidate_status"": ""Accepted"", ""rejection_reason"": null, ""validation_record_status"": ""valid""}, {""row_index"": 981, ""target_field"": ""sub_type"", ""algorithm"": ""association_rules"", ""predicted_value"": ""Residential Building Report"", ""confidence"": 0.5913978494623656, ""prediction_source"": ""matched_rules"", ""passes_threshold"": true, ""candidate_status"": ""Accepted"", ""rejection_reason"": null, ""validation_record_status"": ""valid""}, {""row_index"": 981, ""target_field"": ""sub_type"", ""algorithm"": ""clustering"", ""predicted_value"": ""Over The Counter"", ""confidence"": 0.9210526315789473, ""prediction_source"": ""cluster_majority"", ""passes_threshold"": true, ""candidate_status"": ""Accepted"", ""rejection_reason"": null, ""validation_record_status"": ""valid""}, {""row_index"": 981, ""target_field"": ""sub_type"", ""algorithm"": ""knn"", ""predicted_value"": ""Over The Counter"", ""confidence"": 1.0, ""prediction_source"": ""nearest_neighbors"", ""passes_threshold"": true, ""candidate_status"": ""Accepted"", ""rejection_reason"": null, ""validation_record_status"": ""valid""}]",
982,sub_type,Over The Counter,1,Over The Counter,0.9802631578947368,Accepted,unanimous_vote,association_rules,"[""association_rules"", ""clustering"", ""grouped_majority"", ""knn""]",4,4,4,4,0.0,valid,True,"[{""row_index"": 982, ""target_field"": ""sub_type"", ""algorithm"": ""grouped_majority"", ""predicted_value"": ""Over The Counter"", ""confidence"": 1.0, ""prediction_source"": ""group_majority"", ""passes_threshold"": true, ""candidate_status"": ""Accepted"", ""rejection_reason"": null, ""validation_record_status"": ""valid""}, {""row_index"": 982, ""target_field"": ""sub_type"", ""algorithm"": ""association_rules"", ""predicted_value"": ""Over The Counter"", ""confidence"": 1.0, ""prediction_source"": ""matched_rules"", ""passes_threshold"": true, ""candidate_status"": ""Accepted"", ""rejection_reason"": null, ""validation_record_status"": ""valid""}, {""row_index"": 982, ""target_field"": ""sub_type"", ""algorithm"": ""clustering"", ""predicted_value"": ""Over The Counter"", ""confidence"": 0.9210526315789473, ""prediction_source"": ""cluster_majority"", ""passes_threshold"": true, ""candidate_status"": ""Accepted"", ""rejection_reason"": null, ""validation_record_status"": ""valid""}, {""row_index"": 982, ""target_field"": ""sub_type"", ""algorithm"": ""knn"", ""predicted_value"": ""Over The Counter"", ""confidence"": 1.0, ""prediction_source"": ""nearest_neighbors"", ""passes_threshold"": true, ""candidate_status"": ""Accepted"", ""rejection_reason"": null, ""validation_record_status"": ""valid""}]",
986,sub_type,Over The Counter,1,Over The Counter,0.9802631578947368,Accepted,unanimous_vote,association_rules,"[""association_rules"", ""clustering"", ""grouped_majority"", ""knn""]",4,4,4,4,0.0,valid,True,"[{""row_index"": 986, ""target_field"": ""sub_type"", ""algorithm"": ""grouped_majority"", ""predicted_value"": ""Over The Counter"", ""confidence"": 1.0, ""prediction_source"": ""group_majority"", ""passes_threshold"": true, ""candidate_status"": ""Accepted"", ""rejection_reason"": null, ""validation_record_status"": ""valid""}, {""row_index"": 986, ""target_field"": ""sub_type"", ""algorithm"": ""association_rules"", ""predicted_value"": ""Over The Counter"", ""confidence"": 1.0, ""prediction_source"": ""matched_rules"", ""passes_threshold"": true, ""candidate_status"": ""Accepted"", ""rejection_reason"": null, ""validation_record_status"": ""valid""}, {""row_index"": 986, ""target_field"": ""sub_type"", ""algorithm"": ""clustering"", ""predicted_value"": ""Over The Counter"", ""confidence"": 0.9210526315789473, ""prediction_source"": ""cluster_majority"", ""passes_threshold"": true, ""candidate_status"": ""Accepted"", ""rejection_reason"": null, ""validation_record_status"": ""valid""}, {""row_index"": 986, ""target_field"": ""sub_type"", ""algorithm"": ""knn"", ""predicted_value"": ""Over The Counter"", ""confidence"": 1.0, ""prediction_source"": ""nearest_neighbors"", ""passes_threshold"": true, ""candidate_status"": ""Accepted"", ""rejection_reason"": null, ""validation_record_status"": ""valid""}]",
987,sub_type,Over The Counter,1,Over The Counter,0.9736842105263158,Accepted,majority_vote,grouped_majority,"[""clustering"", ""grouped_majority"", ""knn""]",3,4,4,4,0.0,valid,True,"[{""row_index"": 987, ""target_field"": ""sub_type"", ""algorithm"": ""grouped_majority"", ""predicted_value"": ""Over The Counter"", ""confidence"": 1.0, ""prediction_source"": ""group_majority"", ""passes_threshold"": true, ""candidate_status"": ""Accepted"", ""rejection_reason"": null, ""validation_record_status"": ""valid""}, {""row_index"": 987, ""target_field"": ""sub_type"", ""algorithm"": ""association_rules"", ""predicted_value"": ""Residential Building Report"", ""confidence"": 0.5913978494623656, ""prediction_source"": ""matched_rules"", ""passes_threshold"": true, ""candidate_status"": ""Accepted"", ""rejection_reason"": null, ""validation_record_status"": ""valid""}, {""row_index"": 987, ""target_field"": ""sub_type"", ""algorithm"": ""clustering"", ""predicted_value"": ""Over The Counter"", ""confidence"": 0.9210526315789473, ""prediction_source"": ""cluster_majority"", ""passes_threshold"": true, ""candidate_status"": ""Accepted"", ""rejection_reason"": null, ""validation_record_status"": ""valid""}, {""row_index"": 987, ""target_field"": ""sub_type"", ""algorithm"": ""knn"", ""predicted_value"": ""Over The Counter"", ""confidence"": 1.0, ""prediction_source"": ""nearest_neighbors"", ""passes_threshold"": true, ""candidate_status"": ""Accepted"", ""rejection_reason"": null, ""validation_record_status"": ""valid""}]",
990,sub_type,Over The Counter,1,Over The Counter,0.9972222222222222,Accepted,unanimous_vote,association_rules,"[""association_rules"", ""clustering"", ""grouped_majority"", ""knn""]",4,4,4,4,0.0,valid,True,"[{""row_index"": 990, ""target_field"": ""sub_type"", ""algorithm"": ""grouped_majority"", ""predicted_value"": ""Over The Counter"", ""confidence"": 0.9888888888888889, ""prediction_source"": ""group_majority"", ""passes_threshold"": true, ""candidate_status"": ""Accepted"", ""rejection_reason"": null, ""validation_record_status"": ""valid""}, {""row_index"": 990, ""target_field"": ""sub_type"", ""algorithm"": ""association_rules"", ""predicted_value"": ""Over The Counter"", ""confidence"": 1.0, ""prediction_source"": ""matched_rules"", ""passes_threshold"": true, ""candidate_status"": ""Accepted"", ""rejection_reason"": null, ""validation_record_status"": ""valid""}, {""row_index"": 990, ""target_field"": ""sub_type"", ""algorithm"": ""clustering"", ""predicted_value"": ""Over The Counter"", ""confidence"": 1.0, ""prediction_source"": ""cluster_majority"", ""passes_threshold"": true, ""candidate_status"": ""Accepted"", ""rejection_reason"": null, ""validation_record_status"": ""valid""}, {""row_index"": 990, ""target_field"": ""sub_type"", ""algorithm"": ""knn"", ""predicted_value"": ""Over The Counter"", ""confidence"": 1.0, ""prediction_source"": ""nearest_neighbors"", ""passes_threshold"": true, ""candidate_status"": ""Accepted"", ""rejection_reason"": null, ""validation_record_status"": ""valid""}]",
995,sub_type,Over The Counter,1,Over The Counter,0.9972222222222222,Accepted,unanimous_vote,association_rules,"[""association_rules"", ""clustering"", ""grouped_majority"", ""knn""]",4,4,4,4,0.0,valid,True,"[{""row_index"": 995, ""target_field"": ""sub_type"", ""algorithm"": ""grouped_majority"", ""predicted_value"": ""Over The Counter"", ""confidence"": 0.9888888888888889, ""prediction_source"": ""group_majority"", ""passes_threshold"": true, ""candidate_status"": ""Accepted"", ""rejection_reason"": null, ""validation_record_status"": ""valid""}, {""row_index"": 995, ""target_field"": ""sub_type"", ""algorithm"": ""association_rules"", ""predicted_value"": ""Over The Counter"", ""confidence"": 1.0, ""prediction_source"": ""matched_rules"", ""passes_threshold"": true, ""candidate_status"": ""Accepted"", ""rejection_reason"": null, ""validation_record_status"": ""valid""}, {""row_index"": 995, ""target_field"": ""sub_type"", ""algorithm"": ""clustering"", ""predicted_value"": ""Over The Counter"", ""confidence"": 1.0, ""prediction_source"": ""cluster_majority"", ""passes_threshold"": true, ""candidate_status"": ""Accepted"", ""rejection_reason"": null, ""validation_record_status"": ""valid""}, {""row_index"": 995, ""target_field"": ""sub_type"", ""algorithm"": ""knn"", ""predicted_value"": ""Over The Counter"", ""confidence"": 1.0, ""prediction_source"": ""nearest_neighbors"", ""passes_threshold"": true, ""candidate_status"": ""Accepted"", ""rejection_reason"": null, ""validation_record_status"": ""valid""}]",
997,sub_type,Over The Counter,1,Over The Counter,0.9972222222222222,Accepted,unanimous_vote,association_rules,"[""association_rules"", ""clustering"", ""grouped_majority"", ""knn""]",4,4,4,4,0.0,valid,True,"[{""row_index"": 997, ""target_field"": ""sub_type"", ""algorithm"": ""grouped_majority"", ""predicted_value"": ""Over The Counter"", ""confidence"": 0.9888888888888889, ""prediction_source"": ""group_majority"", ""passes_threshold"": true, ""candidate_status"": ""Accepted"", ""rejection_reason"": null, ""validation_record_status"": ""valid""}, {""row_index"": 997, ""target_field"": ""sub_type"", ""algorithm"": ""association_rules"", ""predicted_value"": ""Over The Counter"", ""confidence"": 1.0, ""prediction_source"": ""matched_rules"", ""passes_threshold"": true, ""candidate_status"": ""Accepted"", ""rejection_reason"": null, ""validation_record_status"": ""valid""}, {""row_index"": 997, ""target_field"": ""sub_type"", ""algorithm"": ""clustering"", ""predicted_value"": ""Over The Counter"", ""confidence"": 1.0, ""prediction_source"": ""cluster_majority"", ""passes_threshold"": true, ""candidate_status"": ""Accepted"", ""rejection_reason"": null, ""validation_record_status"": ""valid""}, {""row_index"": 997, ""target_field"": ""sub_type"", ""algorithm"": ""knn"", ""predicted_value"": ""Over The Counter"", ""confidence"": 1.0, ""prediction_source"": ""nearest_neighbors"", ""passes_threshold"": true, ""candidate_status"": ""Accepted"", ""rejection_reason"": null, ""validation_record_status"": ""valid""}]",
1000,sub_type,Over The Counter,1,Over The Counter,0.9774853801169591,Accepted,unanimous_vote,association_rules,"[""association_rules"", ""clustering"", ""grouped_majority"", ""knn""]",4,4,4,4,0.0,valid,True,"[{""row_index"": 1000, ""target_field"": ""sub_type"", ""algorithm"": ""grouped_majority"", ""predicted_value"": ""Over The Counter"", ""confidence"": 0.9888888888888889, ""prediction_source"": ""group_majority"", ""passes_threshold"": true, ""candidate_status"": ""Accepted"", ""rejection_reason"": null, ""validation_record_status"": ""valid""}, {""row_index"": 1000, ""target_field"": ""sub_type"", ""algorithm"": ""association_rules"", ""predicted_value"": ""Over The Counter"", ""confidence"": 1.0, ""prediction_source"": ""matched_rules"", ""passes_threshold"": true, ""candidate_status"": ""Accepted"", ""rejection_reason"": null, ""validation_record_status"": ""valid""}, {""row_index"": 1000, ""target_field"": ""sub_type"", ""algorithm"": ""clustering"", ""predicted_value"": ""Over The Counter"", ""confidence"": 0.9210526315789473, ""prediction_source"": ""cluster_majority"", ""passes_threshold"": true, ""candidate_status"": ""Accepted"", ""rejection_reason"": null, ""validation_record_status"": ""valid""}, {""row_index"": 1000, ""target_field"": ""sub_type"", ""algorithm"": ""knn"", ""predicted_value"": ""Over The Counter"", ""confidence"": 1.0, ""prediction_source"": ""nearest_neighbors"", ""passes_threshold"": true, ""candidate_status"": ""Accepted"", ""rejection_reason"": null, ""validation_record_status"": ""valid""}]",
1003,sub_type,Over The Counter,1,Over The Counter,0.9972222222222222,Accepted,unanimous_vote,association_rules,"[""association_rules"", ""clustering"", ""grouped_majority"", ""knn""]",4,4,4,4,0.0,valid,True,"[{""row_index"": 1003, ""target_field"": ""sub_type"", ""algorithm"": ""grouped_majority"", ""predicted_value"": ""Over The Counter"", ""confidence"": 0.9888888888888889, ""prediction_source"": ""group_majority"", ""passes_threshold"": true, ""candidate_status"": ""Accepted"", ""rejection_reason"": null, ""validation_record_status"": ""valid""}, {""row_index"": 1003, ""target_field"": ""sub_type"", ""algorithm"": ""association_rules"", ""predicted_value"": ""Over The Counter"", ""confidence"": 1.0, ""prediction_source"": ""matched_rules"", ""passes_threshold"": true, ""candidate_status"": ""Accepted"", ""rejection_reason"": null, ""validation_record_status"": ""valid""}, {""row_index"": 1003, ""target_field"": ""sub_type"", ""algorithm"": ""clustering"", ""predicted_value"": ""Over The Counter"", ""confidence"": 1.0, ""prediction_source"": ""cluster_majority"", ""passes_threshold"": true, ""candidate_status"": ""Accepted"", ""rejection_reason"": null, ""validation_record_status"": ""valid""}, {""row_index"": 1003, ""target_field"": ""sub_type"", ""algorithm"": ""knn"", ""predicted_value"": ""Over The Counter"", ""confidence"": 1.0, ""prediction_source"": ""nearest_neighbors"", ""passes_threshold"": true, ""candidate_status"": ""Accepted"", ""rejection_reason"": null, ""validation_record_status"": ""valid""}]",
1004,sub_type,Over The Counter,1,Over The Counter,0.9774853801169591,Accepted,unanimous_vote,association_rules,"[""association_rules"", ""clustering"", ""grouped_majority"", ""knn""]",4,4,4,4,0.0,valid,True,"[{""row_index"": 1004, ""target_field"": ""sub_type"", ""algorithm"": ""grouped_majority"", ""predicted_value"": ""Over The Counter"", ""confidence"": 0.9888888888888889, ""prediction_source"": ""group_majority"", ""passes_threshold"": true, ""candidate_status"": ""Accepted"", ""rejection_reason"": null, ""validation_record_status"": ""valid""}, {""row_index"": 1004, ""target_field"": ""sub_type"", ""algorithm"": ""association_rules"", ""predicted_value"": ""Over The Counter"", ""confidence"": 1.0, ""prediction_source"": ""matched_rules"", ""passes_threshold"": true, ""candidate_status"": ""Accepted"", ""rejection_reason"": null, ""validation_record_status"": ""valid""}, {""row_index"": 1004, ""target_field"": ""sub_type"", ""algorithm"": ""clustering"", ""predicted_value"": ""Over The Counter"", ""confidence"": 0.9210526315789473, ""prediction_source"": ""cluster_majority"", ""passes_threshold"": true, ""candidate_status"": ""Accepted"", ""rejection_reason"": null, ""validation_record_status"": ""valid""}, {""row_index"": 1004, ""target_field"": ""sub_type"", ""algorithm"": ""knn"", ""predicted_value"": ""Over The Counter"", ""confidence"": 1.0, ""prediction_source"": ""nearest_neighbors"", ""passes_threshold"": true, ""candidate_status"": ""Accepted"", ""rejection_reason"": null, ""validation_record_status"": ""valid""}]",
1005,sub_type,Over The Counter,1,Over The Counter,0.9972222222222222,Accepted,unanimous_vote,association_rules,"[""association_rules"", ""clustering"", ""grouped_majority"", ""knn""]",4,4,4,4,0.0,valid,True,"[{""row_index"": 1005, ""target_field"": ""sub_type"", ""algorithm"": ""grouped_majority"", ""predicted_value"": ""Over The Counter"", ""confidence"": 0.9888888888888889, ""prediction_source"": ""group_majority"", ""passes_threshold"": true, ""candidate_status"": ""Accepted"", ""rejection_reason"": null, ""validation_record_status"": ""valid""}, {""row_index"": 1005, ""target_field"": ""sub_type"", ""algorithm"": ""association_rules"", ""predicted_value"": ""Over The Counter"", ""confidence"": 1.0, ""prediction_source"": ""matched_rules"", ""passes_threshold"": true, ""candidate_status"": ""Accepted"", ""rejection_reason"": null, ""validation_record_status"": ""valid""}, {""row_index"": 1005, ""target_field"": ""sub_type"", ""algorithm"": ""clustering"", ""predicted_value"": ""Over The Counter"", ""confidence"": 1.0, ""prediction_source"": ""cluster_majority"", ""passes_threshold"": true, ""candidate_status"": ""Accepted"", ""rejection_reason"": null, ""validation_record_status"": ""valid""}, {""row_index"": 1005, ""target_field"": ""sub_type"", ""algorithm"": ""knn"", ""predicted_value"": ""Over The Counter"", ""confidence"": 1.0, ""prediction_source"": ""nearest_neighbors"", ""passes_threshold"": true, ""candidate_status"": ""Accepted"", ""rejection_reason"": null, ""validation_record_status"": ""valid""}]",
1007,sub_type,Over The Counter,1,Over The Counter,0.9972222222222222,Accepted,unanimous_vote,association_rules,"[""association_rules"", ""clustering"", ""grouped_majority"", ""knn""]",4,4,4,4,0.0,valid,True,"[{""row_index"": 1007, ""target_field"": ""sub_type"", ""algorithm"": ""grouped_majority"", ""predicted_value"": ""Over The Counter"", ""confidence"": 0.9888888888888889, ""prediction_source"": ""group_majority"", ""passes_threshold"": true, ""candidate_status"": ""Accepted"", ""rejection_reason"": null, ""validation_record_status"": ""valid""}, {""row_index"": 1007, ""target_field"": ""sub_type"", ""algorithm"": ""association_rules"", ""predicted_value"": ""Over The Counter"", ""confidence"": 1.0, ""prediction_source"": ""matched_rules"", ""passes_threshold"": true, ""candidate_status"": ""Accepted"", ""rejection_reason"": null, ""validation_record_status"": ""valid""}, {""row_index"": 1007, ""target_field"": ""sub_type"", ""algorithm"": ""clustering"", ""predicted_value"": ""Over The Counter"", ""confidence"": 1.0, ""prediction_source"": ""cluster_majority"", ""passes_threshold"": true, ""candidate_status"": ""Accepted"", ""rejection_reason"": null, ""validation_record_status"": ""valid""}, {""row_index"": 1007, ""target_field"": ""sub_type"", ""algorithm"": ""knn"", ""predicted_value"": ""Over The Counter"", ""confidence"": 1.0, ""prediction_source"": ""nearest_neighbors"", ""passes_threshold"": true, ""candidate_status"": ""Accepted"", ""rejection_reason"": null, ""validation_record_status"": ""valid""}]",
1008,sub_type,Over The Counter,1,Over The Counter,0.969980506822612,Accepted,majority_vote,knn,"[""clustering"", ""grouped_majority"", ""knn""]",3,4,4,4,0.0,valid,True,"[{""row_index"": 1008, ""target_field"": ""sub_type"", ""algorithm"": ""grouped_majority"", ""predicted_value"": ""Over The Counter"", ""confidence"": 0.9888888888888889, ""prediction_source"": ""group_majority"", ""passes_threshold"": true, ""candidate_status"": ""Accepted"", ""rejection_reason"": null, ""validation_record_status"": ""valid""}, {""row_index"": 1008, ""target_field"": ""sub_type"", ""algorithm"": ""association_rules"", ""predicted_value"": ""Residential Building Report"", ""confidence"": 0.5913978494623656, ""prediction_source"": ""matched_rules"", ""passes_threshold"": true, ""candidate_status"": ""Accepted"", ""rejection_reason"": null, ""validation_record_status"": ""valid""}, {""row_index"": 1008, ""target_field"": ""sub_type"", ""algorithm"": ""clustering"", ""predicted_value"": ""Over The Counter"", ""confidence"": 0.9210526315789473, ""prediction_source"": ""cluster_majority"", ""passes_threshold"": true, ""candidate_status"": ""Accepted"", ""rejection_reason"": null, ""validation_record_status"": ""valid""}, {""row_index"": 1008, ""target_field"": ""sub_type"", ""algorithm"": ""knn"", ""predicted_value"": ""Over The Counter"", ""confidence"": 1.0, ""prediction_source"": ""nearest_neighbors"", ""passes_threshold"": true, ""candidate_status"": ""Accepted"", ""rejection_reason"": null, ""validation_record_status"": ""valid""}]",
1018,sub_type,Residential Building Report,1,Residential Building Report,0.9097005884389062,Accepted,unanimous_vote,knn,"[""association_rules"", ""clustering"", ""grouped_majority"", ""knn""]",4,4,4,4,0.0,valid,True,"[{""row_index"": 1018, ""target_field"": ""sub_type"", ""algorithm"": ""grouped_majority"", ""predicted_value"": ""Residential Building Report"", ""confidence"": 0.9814814814814815, ""prediction_source"": ""group_majority"", ""passes_threshold"": true, ""candidate_status"": ""Accepted"", ""rejection_reason"": null, ""validation_record_status"": ""valid""}, {""row_index"": 1018, ""target_field"": ""sub_type"", ""algorithm"": ""association_rules"", ""predicted_value"": ""Residential Building Report"", ""confidence"": 0.9906542056074769, ""prediction_source"": ""matched_rules"", ""passes_threshold"": true, ""candidate_status"": ""Accepted"", ""rejection_reason"": null, ""validation_record_status"": ""valid""}, {""row_index"": 1018, ""target_field"": ""sub_type"", ""algorithm"": ""clustering"", ""predicted_value"": ""Residential Building Report"", ""confidence"": 0.6666666666666666, ""prediction_source"": ""cluster_majority"", ""passes_threshold"": true, ""candidate_status"": ""Accepted"", ""rejection_reason"": null, ""validation_record_status"": ""valid""}, {""row_index"": 1018, ""target_field"": ""sub_type"", ""algorithm"": ""knn"", ""predicted_value"": ""Residential Building Report"", ""confidence"": 1.0, ""prediction_source"": ""nearest_neighbors"", ""passes_threshold"": true, ""candidate_status"": ""Accepted"", ""rejection_reason"": null, ""validation_record_status"": ""valid""}]",
1036,sub_type,Over The Counter,1,Over The Counter,0.7675904818192052,Accepted,unanimous_vote,association_rules,"[""association_rules"", ""clustering"", ""grouped_majority"", ""knn""]",4,4,4,4,0.0,valid,True,"[{""row_index"": 1036, ""target_field"": ""sub_type"", ""algorithm"": ""grouped_majority"", ""predicted_value"": ""Over The Counter"", ""confidence"": 0.5567375886524822, ""prediction_source"": ""group_majority"", ""passes_threshold"": true, ""candidate_status"": ""Accepted"", ""rejection_reason"": null, ""validation_record_status"": ""valid""}, {""row_index"": 1036, ""target_field"": ""sub_type"", ""algorithm"": ""association_rules"", ""predicted_value"": ""Over The Counter"", ""confidence"": 0.8988095238095238, ""prediction_source"": ""matched_rules"", ""passes_threshold"": true, ""candidate_status"": ""Accepted"", ""rejection_reason"": null, ""validation_record_status"": ""valid""}, {""row_index"": 1036, ""target_field"": ""sub_type"", ""algorithm"": ""clustering"", ""predicted_value"": ""Over The Counter"", ""confidence"": 0.8148148148148148, ""prediction_source"": ""cluster_majority"", ""passes_threshold"": true, ""candidate_status"": ""Accepted"", ""rejection_reason"": null, ""validation_record_status"": ""valid""}, {""row_index"": 1036, ""target_field"": ""sub_type"", ""algorithm"": ""knn"", ""predicted_value"": ""Over The Counter"", ""confidence"": 0.8, ""prediction_source"": ""nearest_neighbors"", ""passes_threshold"": true, ""candidate_status"": ""Accepted"", ""rejection_reason"": null, ""validation_record_status"": ""valid""}]",
1038,sub_type,Over The Counter,1,,0.9534883720930232,Requires Review,average_confidence_tiebreak,knn,"[""grouped_majority"", ""knn""]",2,4,4,4,0.0,valid,False,"[{""row_index"": 1038, ""target_field"": ""sub_type"", ""algorithm"": ""grouped_majority"", ""predicted_value"": ""Over The Counter"", ""confidence"": 0.9069767441860465, ""prediction_source"": ""group_majority"", ""passes_threshold"": true, ""candidate_status"": ""Accepted"", ""rejection_reason"": null, ""validation_record_status"": ""valid""}, {""row_index"": 1038, ""target_field"": ""sub_type"", ""algorithm"": ""association_rules"", ""predicted_value"": ""Residential Building Report"", ""confidence"": 0.6708860759493671, ""prediction_source"": ""matched_rules"", ""passes_threshold"": true, ""candidate_status"": ""Accepted"", ""rejection_reason"": null, ""validation_record_status"": ""valid""}, {""row_index"": 1038, ""target_field"": ""sub_type"", ""algorithm"": ""clustering"", ""predicted_value"": ""Residential Building Report"", ""confidence"": 0.6666666666666666, ""prediction_source"": ""cluster_majority"", ""passes_threshold"": true, ""candidate_status"": ""Accepted"", ""rejection_reason"": null, ""validation_record_status"": ""valid""}, {""row_index"": 1038, ""target_field"": ""sub_type"", ""algorithm"": ""knn"", ""predicted_value"": ""Over The Counter"", ""confidence"": 1.0, ""prediction_source"": ""nearest_neighbors"", ""passes_threshold"": true, ""candidate_status"": ""Accepted"", ""rejection_reason"": null, ""validation_record_status"": ""valid""}]",
1039,sub_type,Over The Counter,1,,0.9534883720930232,Requires Review,average_confidence_tiebreak,knn,"[""grouped_majority"", ""knn""]",2,4,4,4,0.0,valid,False,"[{""row_index"": 1039, ""target_field"": ""sub_type"", ""algorithm"": ""grouped_majority"", ""predicted_value"": ""Over The Counter"", ""confidence"": 0.9069767441860465, ""prediction_source"": ""group_majority"", ""passes_threshold"": true, ""candidate_status"": ""Accepted"", ""rejection_reason"": null, ""validation_record_status"": ""valid""}, {""row_index"": 1039, ""target_field"": ""sub_type"", ""algorithm"": ""association_rules"", ""predicted_value"": ""Residential Building Report"", ""confidence"": 0.6708860759493671, ""prediction_source"": ""matched_rules"", ""passes_threshold"": true, ""candidate_status"": ""Accepted"", ""rejection_reason"": null, ""validation_record_status"": ""valid""}, {""row_index"": 1039, ""target_field"": ""sub_type"", ""algorithm"": ""clustering"", ""predicted_value"": ""Residential Building Report"", ""confidence"": 0.6666666666666666, ""prediction_source"": ""cluster_majority"", ""passes_threshold"": true, ""candidate_status"": ""Accepted"", ""rejection_reason"": null, ""validation_record_status"": ""valid""}, {""row_index"": 1039, ""target_field"": ""sub_type"", ""algorithm"": ""knn"", ""predicted_value"": ""Over The Counter"", ""confidence"": 1.0, ""prediction_source"": ""nearest_neighbors"", ""passes_threshold"": true, ""candidate_status"": ""Accepted"", ""rejection_reason"": null, ""validation_record_status"": ""valid""}]",
1040,sub_type,Over The Counter,1,Over The Counter,0.4820724980299448,Accepted,majority_vote,grouped_majority,"[""clustering"", ""grouped_majority""]",2,4,4,4,0.0,valid,True,"[{""row_index"": 1040, ""target_field"": ""sub_type"", ""algorithm"": ""grouped_majority"", ""predicted_value"": ""Over The Counter"", ""confidence"": 0.5567375886524822, ""prediction_source"": ""group_majority"", ""passes_threshold"": true, ""candidate_status"": ""Accepted"", ""rejection_reason"": null, ""validation_record_status"": ""valid""}, {""row_index"": 1040, ""target_field"": ""sub_type"", ""algorithm"": ""association_rules"", ""predicted_value"": ""Full Plan Check"", ""confidence"": 0.5714285714285715, ""prediction_source"": ""matched_rules"", ""passes_threshold"": true, ""candidate_status"": ""Accepted"", ""rejection_reason"": null, ""validation_record_status"": ""valid""}, {""row_index"": 1040, ""target_field"": ""sub_type"", ""algorithm"": ""clustering"", ""predicted_value"": ""Over The Counter"", ""confidence"": 0.4074074074074074, ""prediction_source"": ""cluster_majority"", ""passes_threshold"": true, ""candidate_status"": ""Accepted"", ""rejection_reason"": null, ""validation_record_status"": ""valid""}, {""row_index"": 1040, ""target_field"": ""sub_type"", ""algorithm"": ""knn"", ""predicted_value"": ""In House Plan Check"", ""confidence"": 0.6, ""prediction_source"": ""nearest_neighbors"", ""passes_threshold"": true, ""candidate_status"": ""Accepted"", ""rejection_reason"": null, ""validation_record_status"": ""valid""}]",
1043,sub_type,Over The Counter,1,Over The Counter,0.5809445068833513,Accepted,majority_vote,association_rules,"[""association_rules"", ""clustering"", ""grouped_majority""]",3,4,4,4,0.0,valid,True,"[{""row_index"": 1043, ""target_field"": ""sub_type"", ""algorithm"": ""grouped_majority"", ""predicted_value"": ""Over The Counter"", ""confidence"": 0.5567375886524822, ""prediction_source"": ""group_majority"", ""passes_threshold"": true, ""candidate_status"": ""Accepted"", ""rejection_reason"": null, ""validation_record_status"": ""valid""}, {""row_index"": 1043, ""target_field"": ""sub_type"", ""algorithm"": ""association_rules"", ""predicted_value"": ""Over The Counter"", ""confidence"": 0.778688524590164, ""prediction_source"": ""matched_rules"", ""passes_threshold"": true, ""candidate_status"": ""Accepted"", ""rejection_reason"": null, ""validation_record_status"": ""valid""}, {""row_index"": 1043, ""target_field"": ""sub_type"", ""algorithm"": ""clustering"", ""predicted_value"": ""Over The Counter"", ""confidence"": 0.4074074074074074, ""prediction_source"": ""cluster_majority"", ""passes_threshold"": true, ""candidate_status"": ""Accepted"", ""rejection_reason"": null, ""validation_record_status"": ""valid""}, {""row_index"": 1043, ""target_field"": ""sub_type"", ""algorithm"": ""knn"", ""predicted_value"": ""Full Plan Check"", ""confidence"": 0.4, ""prediction_source"": ""nearest_neighbors"", ""passes_threshold"": true, ""candidate_status"": ""Accepted"", ""rejection_reason"": null, ""validation_record_status"": ""valid""}]",
1047,sub_type,Over The Counter,1,Over The Counter,0.581657627590043,Accepted,majority_vote,knn,"[""clustering"", ""grouped_majority"", ""knn""]",3,4,4,4,0.0,valid,True,"[{""row_index"": 1047, ""target_field"": ""sub_type"", ""algorithm"": ""grouped_majority"", ""predicted_value"": ""Over The Counter"", ""confidence"": 0.5567375886524822, ""prediction_source"": ""group_majority"", ""passes_threshold"": true, ""candidate_status"": ""Accepted"", ""rejection_reason"": null, ""validation_record_status"": ""valid""}, {""row_index"": 1047, ""target_field"": ""sub_type"", ""algorithm"": ""association_rules"", ""predicted_value"": ""Residential Building Report"", ""confidence"": 0.5913978494623656, ""prediction_source"": ""matched_rules"", ""passes_threshold"": true, ""candidate_status"": ""Accepted"", ""rejection_reason"": null, ""validation_record_status"": ""valid""}, {""row_index"": 1047, ""target_field"": ""sub_type"", ""algorithm"": ""clustering"", ""predicted_value"": ""Over The Counter"", ""confidence"": 0.5882352941176471, ""prediction_source"": ""cluster_majority"", ""passes_threshold"": true, ""candidate_status"": ""Accepted"", ""rejection_reason"": null, ""validation_record_status"": ""valid""}, {""row_index"": 1047, ""target_field"": ""sub_type"", ""algorithm"": ""knn"", ""predicted_value"": ""Over The Counter"", ""confidence"": 0.6, ""prediction_source"": ""nearest_neighbors"", ""passes_threshold"": true, ""candidate_status"": ""Accepted"", ""rejection_reason"": null, ""validation_record_status"": ""valid""}]",
1049,sub_type,Over The Counter,1,Over The Counter,0.8039071084307262,Accepted,unanimous_vote,knn,"[""association_rules"", ""clustering"", ""grouped_majority"", ""knn""]",4,4,4,4,0.0,valid,True,"[{""row_index"": 1049, ""target_field"": ""sub_type"", ""algorithm"": ""grouped_majority"", ""predicted_value"": ""Over The Counter"", ""confidence"": 0.5567375886524822, ""prediction_source"": ""group_majority"", ""passes_threshold"": true, ""candidate_status"": ""Accepted"", ""rejection_reason"": null, ""validation_record_status"": ""valid""}, {""row_index"": 1049, ""target_field"": ""sub_type"", ""algorithm"": ""association_rules"", ""predicted_value"": ""Over The Counter"", ""confidence"": 0.96875, ""prediction_source"": ""matched_rules"", ""passes_threshold"": true, ""candidate_status"": ""Accepted"", ""rejection_reason"": null, ""validation_record_status"": ""valid""}, {""row_index"": 1049, ""target_field"": ""sub_type"", ""algorithm"": ""clustering"", ""predicted_value"": ""Over The Counter"", ""confidence"": 0.6901408450704225, ""prediction_source"": ""cluster_majority"", ""passes_threshold"": true, ""candidate_status"": ""Accepted"", ""rejection_reason"": null, ""validation_record_status"": ""valid""}, {""row_index"": 1049, ""target_field"": ""sub_type"", ""algorithm"": ""knn"", ""predicted_value"": ""Over The Counter"", ""confidence"": 1.0, ""prediction_source"": ""nearest_neighbors"", ""passes_threshold"": true, ""candidate_status"": ""Accepted"", ""rejection_reason"": null, ""validation_record_status"": ""valid""}]",
1051,sub_type,Over The Counter,1,Over The Counter,0.7203185631582858,Accepted,unanimous_vote,association_rules,"[""association_rules"", ""clustering"", ""grouped_majority"", ""knn""]",4,4,4,4,0.0,valid,True,"[{""row_index"": 1051, ""target_field"": ""sub_type"", ""algorithm"": ""grouped_majority"", ""predicted_value"": ""Over The Counter"", ""confidence"": 0.5567375886524822, ""prediction_source"": ""group_majority"", ""passes_threshold"": true, ""candidate_status"": ""Accepted"", ""rejection_reason"": null, ""validation_record_status"": ""valid""}, {""row_index"": 1051, ""target_field"": ""sub_type"", ""algorithm"": ""association_rules"", ""predicted_value"": ""Over The Counter"", ""confidence"": 0.9863013698630138, ""prediction_source"": ""matched_rules"", ""passes_threshold"": true, ""candidate_status"": ""Accepted"", ""rejection_reason"": null, ""validation_record_status"": ""valid""}, {""row_index"": 1051, ""target_field"": ""sub_type"", ""algorithm"": ""clustering"", ""predicted_value"": ""Over The Counter"", ""confidence"": 0.5882352941176471, ""prediction_source"": ""cluster_majority"", ""passes_threshold"": true, ""candidate_status"": ""Accepted"", ""rejection_reason"": null, ""validation_record_status"": ""valid""}, {""row_index"": 1051, ""target_field"": ""sub_type"", ""algorithm"": ""knn"", ""predicted_value"": ""Over The Counter"", ""confidence"": 0.75, ""prediction_source"": ""nearest_neighbors"", ""passes_threshold"": true, ""candidate_status"": ""Accepted"", ""rejection_reason"": null, ""validation_record_status"": ""valid""}]",
1054,sub_type,Over The Counter,1,Over The Counter,0.7862432206925324,Accepted,unanimous_vote,association_rules,"[""association_rules"", ""clustering"", ""grouped_majority"", ""knn""]",4,4,4,4,0.0,valid,True,"[{""row_index"": 1054, ""target_field"": ""sub_type"", ""algorithm"": ""grouped_majority"", ""predicted_value"": ""Over The Counter"", ""confidence"": 0.5567375886524822, ""prediction_source"": ""group_majority"", ""passes_threshold"": true, ""candidate_status"": ""Accepted"", ""rejection_reason"": null, ""validation_record_status"": ""valid""}, {""row_index"": 1054, ""target_field"": ""sub_type"", ""algorithm"": ""association_rules"", ""predicted_value"": ""Over The Counter"", ""confidence"": 1.0, ""prediction_source"": ""matched_rules"", ""passes_threshold"": true, ""candidate_status"": ""Accepted"", ""rejection_reason"": null, ""validation_record_status"": ""valid""}, {""row_index"": 1054, ""target_field"": ""sub_type"", ""algorithm"": ""clustering"", ""predicted_value"": ""Over The Counter"", ""confidence"": 0.5882352941176471, ""prediction_source"": ""cluster_majority"", ""passes_threshold"": true, ""candidate_status"": ""Accepted"", ""rejection_reason"": null, ""validation_record_status"": ""valid""}, {""row_index"": 1054, ""target_field"": ""sub_type"", ""algorithm"": ""knn"", ""predicted_value"": ""Over The Counter"", ""confidence"": 1.0, ""prediction_source"": ""nearest_neighbors"", ""passes_threshold"": true, ""candidate_status"": ""Accepted"", ""rejection_reason"": null, ""validation_record_status"": ""valid""}]",
1056,sub_type,Over The Counter,1,Over The Counter,0.7675904818192052,Accepted,unanimous_vote,association_rules,"[""association_rules"", ""clustering"", ""grouped_majority"", ""knn""]",4,4,4,4,0.0,valid,True,"[{""row_index"": 1056, ""target_field"": ""sub_type"", ""algorithm"": ""grouped_majority"", ""predicted_value"": ""Over The Counter"", ""confidence"": 0.5567375886524822, ""prediction_source"": ""group_majority"", ""passes_threshold"": true, ""candidate_status"": ""Accepted"", ""rejection_reason"": null, ""validation_record_status"": ""valid""}, {""row_index"": 1056, ""target_field"": ""sub_type"", ""algorithm"": ""association_rules"", ""predicted_value"": ""Over The Counter"", ""confidence"": 0.8988095238095238, ""prediction_source"": ""matched_rules"", ""passes_threshold"": true, ""candidate_status"": ""Accepted"", ""rejection_reason"": null, ""validation_record_status"": ""valid""}, {""row_index"": 1056, ""target_field"": ""sub_type"", ""algorithm"": ""clustering"", ""predicted_value"": ""Over The Counter"", ""confidence"": 0.8148148148148148, ""prediction_source"": ""cluster_majority"", ""passes_threshold"": true, ""candidate_status"": ""Accepted"", ""rejection_reason"": null, ""validation_record_status"": ""valid""}, {""row_index"": 1056, ""target_field"": ""sub_type"", ""algorithm"": ""knn"", ""predicted_value"": ""Over The Counter"", ""confidence"": 0.8, ""prediction_source"": ""nearest_neighbors"", ""passes_threshold"": true, ""candidate_status"": ""Accepted"", ""rejection_reason"": null, ""validation_record_status"": ""valid""}]",
1059,sub_type,Over The Counter,1,Over The Counter,0.7675904818192052,Accepted,unanimous_vote,association_rules,"[""association_rules"", ""clustering"", ""grouped_majority"", ""knn""]",4,4,4,4,0.0,valid,True,"[{""row_index"": 1059, ""target_field"": ""sub_type"", ""algorithm"": ""grouped_majority"", ""predicted_value"": ""Over The Counter"", ""confidence"": 0.5567375886524822, ""prediction_source"": ""group_majority"", ""passes_threshold"": true, ""candidate_status"": ""Accepted"", ""rejection_reason"": null, ""validation_record_status"": ""valid""}, {""row_index"": 1059, ""target_field"": ""sub_type"", ""algorithm"": ""association_rules"", ""predicted_value"": ""Over The Counter"", ""confidence"": 0.8988095238095238, ""prediction_source"": ""matched_rules"", ""passes_threshold"": true, ""candidate_status"": ""Accepted"", ""rejection_reason"": null, ""validation_record_status"": ""valid""}, {""row_index"": 1059, ""target_field"": ""sub_type"", ""algorithm"": ""clustering"", ""predicted_value"": ""Over The Counter"", ""confidence"": 0.8148148148148148, ""prediction_source"": ""cluster_majority"", ""passes_threshold"": true, ""candidate_status"": ""Accepted"", ""rejection_reason"": null, ""validation_record_status"": ""valid""}, {""row_index"": 1059, ""target_field"": ""sub_type"", ""algorithm"": ""knn"", ""predicted_value"": ""Over The Counter"", ""confidence"": 0.8, ""prediction_source"": ""nearest_neighbors"", ""passes_threshold"": true, ""candidate_status"": ""Accepted"", ""rejection_reason"": null, ""validation_record_status"": ""valid""}]",
1060,sub_type,Over The Counter,1,Over The Counter,0.6558089762876997,Accepted,unanimous_vote,association_rules,"[""association_rules"", ""clustering"", ""grouped_majority"", ""knn""]",4,4,4,4,0.0,valid,True,"[{""row_index"": 1060, ""target_field"": ""sub_type"", ""algorithm"": ""grouped_majority"", ""predicted_value"": ""Over The Counter"", ""confidence"": 0.5567375886524822, ""prediction_source"": ""group_majority"", ""passes_threshold"": true, ""candidate_status"": ""Accepted"", ""rejection_reason"": null, ""validation_record_status"": ""valid""}, {""row_index"": 1060, ""target_field"": ""sub_type"", ""algorithm"": ""association_rules"", ""predicted_value"": ""Over The Counter"", ""confidence"": 0.9090909090909091, ""prediction_source"": ""matched_rules"", ""passes_threshold"": true, ""candidate_status"": ""Accepted"", ""rejection_reason"": null, ""validation_record_status"": ""valid""}, {""row_index"": 1060, ""target_field"": ""sub_type"", ""algorithm"": ""clustering"", ""predicted_value"": ""Over The Counter"", ""confidence"": 0.4074074074074074, ""prediction_source"": ""cluster_majority"", ""passes_threshold"": true, ""candidate_status"": ""Accepted"", ""rejection_reason"": null, ""validation_record_status"": ""valid""}, {""row_index"": 1060, ""target_field"": ""sub_type"", ""algorithm"": ""knn"", ""predicted_value"": ""Over The Counter"", ""confidence"": 0.75, ""prediction_source"": ""nearest_neighbors"", ""passes_threshold"": true, ""candidate_status"": ""Accepted"", ""rejection_reason"": null, ""validation_record_status"": ""valid""}]",
1062,sub_type,Over The Counter,1,Over The Counter,0.8428881008668243,Accepted,unanimous_vote,association_rules,"[""association_rules"", ""clustering"", ""grouped_majority"", ""knn""]",4,4,4,4,0.0,valid,True,"[{""row_index"": 1062, ""target_field"": ""sub_type"", ""algorithm"": ""grouped_majority"", ""predicted_value"": ""Over The Counter"", ""confidence"": 0.5567375886524822, ""prediction_source"": ""group_majority"", ""passes_threshold"": true, ""candidate_status"": ""Accepted"", ""rejection_reason"": null, ""validation_record_status"": ""valid""}, {""row_index"": 1062, ""target_field"": ""sub_type"", ""algorithm"": ""association_rules"", ""predicted_value"": ""Over The Counter"", ""confidence"": 1.0, ""prediction_source"": ""matched_rules"", ""passes_threshold"": true, ""candidate_status"": ""Accepted"", ""rejection_reason"": null, ""validation_record_status"": ""valid""}, {""row_index"": 1062, ""target_field"": ""sub_type"", ""algorithm"": ""clustering"", ""predicted_value"": ""Over The Counter"", ""confidence"": 0.8148148148148148, ""prediction_source"": ""cluster_majority"", ""passes_threshold"": true, ""candidate_status"": ""Accepted"", ""rejection_reason"": null, ""validation_record_status"": ""valid""}, {""row_index"": 1062, ""target_field"": ""sub_type"", ""algorithm"": ""knn"", ""predicted_value"": ""Over The Counter"", ""confidence"": 1.0, ""prediction_source"": ""nearest_neighbors"", ""passes_threshold"": true, ""candidate_status"": ""Accepted"", ""rejection_reason"": null, ""validation_record_status"": ""valid""}]",
1064,sub_type,Over The Counter,1,Over The Counter,0.9906888102088091,Accepted,unanimous_vote,knn,"[""association_rules"", ""clustering"", ""grouped_majority"", ""knn""]",4,4,4,4,0.0,valid,True,"[{""row_index"": 1064, ""target_field"": ""sub_type"", ""algorithm"": ""grouped_majority"", ""predicted_value"": ""Over The Counter"", ""confidence"": 0.9793103448275862, ""prediction_source"": ""group_majority"", ""passes_threshold"": true, ""candidate_status"": ""Accepted"", ""rejection_reason"": null, ""validation_record_status"": ""valid""}, {""row_index"": 1064, ""target_field"": ""sub_type"", ""algorithm"": ""association_rules"", ""predicted_value"": ""Over The Counter"", ""confidence"": 0.9946808510638299, ""prediction_source"": ""matched_rules"", ""passes_threshold"": true, ""candidate_status"": ""Accepted"", ""rejection_reason"": null, ""validation_record_status"": ""valid""}, {""row_index"": 1064, ""target_field"": ""sub_type"", ""algorithm"": ""clustering"", ""predicted_value"": ""Over The Counter"", ""confidence"": 0.9887640449438202, ""prediction_source"": ""cluster_majority"", ""passes_threshold"": true, ""candidate_status"": ""Accepted"", ""rejection_reason"": null, ""validation_record_status"": ""valid""}, {""row_index"": 1064, ""target_field"": ""sub_type"", ""algorithm"": ""knn"", ""predicted_value"": ""Over The Counter"", ""confidence"": 1.0, ""prediction_source"": ""nearest_neighbors"", ""passes_threshold"": true, ""candidate_status"": ""Accepted"", ""rejection_reason"": null, ""validation_record_status"": ""valid""}]",
1066,sub_type,Over The Counter,1,Over The Counter,0.9858380149812733,Accepted,majority_vote,knn,"[""clustering"", ""grouped_majority"", ""knn""]",3,4,4,4,0.0,valid,True,"[{""row_index"": 1066, ""target_field"": ""sub_type"", ""algorithm"": ""grouped_majority"", ""predicted_value"": ""Over The Counter"", ""confidence"": 0.96875, ""prediction_source"": ""group_majority"", ""passes_threshold"": true, ""candidate_status"": ""Accepted"", ""rejection_reason"": null, ""validation_record_status"": ""valid""}, {""row_index"": 1066, ""target_field"": ""sub_type"", ""algorithm"": ""association_rules"", ""predicted_value"": ""Residential Building Report"", ""confidence"": 0.5824175824175825, ""prediction_source"": ""matched_rules"", ""passes_threshold"": true, ""candidate_status"": ""Accepted"", ""rejection_reason"": null, ""validation_record_status"": ""valid""}, {""row_index"": 1066, ""target_field"": ""sub_type"", ""algorithm"": ""clustering"", ""predicted_value"": ""Over The Counter"", ""confidence"": 0.9887640449438202, ""prediction_source"": ""cluster_majority"", ""passes_threshold"": true, ""candidate_status"": ""Accepted"", ""rejection_reason"": null, ""validation_record_status"": ""valid""}, {""row_index"": 1066, ""target_field"": ""sub_type"", ""algorithm"": ""knn"", ""predicted_value"": ""Over The Counter"", ""confidence"": 1.0, ""prediction_source"": ""nearest_neighbors"", ""passes_threshold"": true, ""candidate_status"": ""Accepted"", ""rejection_reason"": null, ""validation_record_status"": ""valid""}]",
1067,sub_type,Over The Counter,1,Over The Counter,0.9920185974428516,Accepted,unanimous_vote,association_rules,"[""association_rules"", ""clustering"", ""grouped_majority"", ""knn""]",4,4,4,4,0.0,valid,True,"[{""row_index"": 1067, ""target_field"": ""sub_type"", ""algorithm"": ""grouped_majority"", ""predicted_value"": ""Over The Counter"", ""confidence"": 0.9793103448275862, ""prediction_source"": ""group_majority"", ""passes_threshold"": true, ""candidate_status"": ""Accepted"", ""rejection_reason"": null, ""validation_record_status"": ""valid""}, {""row_index"": 1067, ""target_field"": ""sub_type"", ""algorithm"": ""association_rules"", ""predicted_value"": ""Over The Counter"", ""confidence"": 1.0, ""prediction_source"": ""matched_rules"", ""passes_threshold"": true, ""candidate_status"": ""Accepted"", ""rejection_reason"": null, ""validation_record_status"": ""valid""}, {""row_index"": 1067, ""target_field"": ""sub_type"", ""algorithm"": ""clustering"", ""predicted_value"": ""Over The Counter"", ""confidence"": 0.9887640449438202, ""prediction_source"": ""cluster_majority"", ""passes_threshold"": true, ""candidate_status"": ""Accepted"", ""rejection_reason"": null, ""validation_record_status"": ""valid""}, {""row_index"": 1067, ""target_field"": ""sub_type"", ""algorithm"": ""knn"", ""predicted_value"": ""Over The Counter"", ""confidence"": 1.0, ""prediction_source"": ""nearest_neighbors"", ""passes_threshold"": true, ""candidate_status"": ""Accepted"", ""rejection_reason"": null, ""validation_record_status"": ""valid""}]",
1070,sub_type,Over The Counter,1,Over The Counter,0.9920185974428516,Accepted,unanimous_vote,association_rules,"[""association_rules"", ""clustering"", ""grouped_majority"", ""knn""]",4,4,4,4,0.0,valid,True,"[{""row_index"": 1070, ""target_field"": ""sub_type"", ""algorithm"": ""grouped_majority"", ""predicted_value"": ""Over The Counter"", ""confidence"": 0.9793103448275862, ""prediction_source"": ""group_majority"", ""passes_threshold"": true, ""candidate_status"": ""Accepted"", ""rejection_reason"": null, ""validation_record_status"": ""valid""}, {""row_index"": 1070, ""target_field"": ""sub_type"", ""algorithm"": ""association_rules"", ""predicted_value"": ""Over The Counter"", ""confidence"": 1.0, ""prediction_source"": ""matched_rules"", ""passes_threshold"": true, ""candidate_status"": ""Accepted"", ""rejection_reason"": null, ""validation_record_status"": ""valid""}, {""row_index"": 1070, ""target_field"": ""sub_type"", ""algorithm"": ""clustering"", ""predicted_value"": ""Over The Counter"", ""confidence"": 0.9887640449438202, ""prediction_source"": ""cluster_majority"", ""passes_threshold"": true, ""candidate_status"": ""Accepted"", ""rejection_reason"": null, ""validation_record_status"": ""valid""}, {""row_index"": 1070, ""target_field"": ""sub_type"", ""algorithm"": ""knn"", ""predicted_value"": ""Over The Counter"", ""confidence"": 1.0, ""prediction_source"": ""nearest_neighbors"", ""passes_threshold"": true, ""candidate_status"": ""Accepted"", ""rejection_reason"": null, ""validation_record_status"": ""valid""}]",
1074,sub_type,Over The Counter,1,Over The Counter,0.9858380149812733,Accepted,majority_vote,knn,"[""clustering"", ""grouped_majority"", ""knn""]",3,4,4,4,0.0,valid,True,"[{""row_index"": 1074, ""target_field"": ""sub_type"", ""algorithm"": ""grouped_majority"", ""predicted_value"": ""Over The Counter"", ""confidence"": 0.96875, ""prediction_source"": ""group_majority"", ""passes_threshold"": true, ""candidate_status"": ""Accepted"", ""rejection_reason"": null, ""validation_record_status"": ""valid""}, {""row_index"": 1074, ""target_field"": ""sub_type"", ""algorithm"": ""association_rules"", ""predicted_value"": ""Residential Building Report"", ""confidence"": 0.5824175824175825, ""prediction_source"": ""matched_rules"", ""passes_threshold"": true, ""candidate_status"": ""Accepted"", ""rejection_reason"": null, ""validation_record_status"": ""valid""}, {""row_index"": 1074, ""target_field"": ""sub_type"", ""algorithm"": ""clustering"", ""predicted_value"": ""Over The Counter"", ""confidence"": 0.9887640449438202, ""prediction_source"": ""cluster_majority"", ""passes_threshold"": true, ""candidate_status"": ""Accepted"", ""rejection_reason"": null, ""validation_record_status"": ""valid""}, {""row_index"": 1074, ""target_field"": ""sub_type"", ""algorithm"": ""knn"", ""predicted_value"": ""Over The Counter"", ""confidence"": 1.0, ""prediction_source"": ""nearest_neighbors"", ""passes_threshold"": true, ""candidate_status"": ""Accepted"", ""rejection_reason"": null, ""validation_record_status"": ""valid""}]",
1076,sub_type,Over The Counter,1,Over The Counter,0.9920185974428516,Accepted,unanimous_vote,association_rules,"[""association_rules"", ""clustering"", ""grouped_majority"", ""knn""]",4,4,4,4,0.0,valid,True,"[{""row_index"": 1076, ""target_field"": ""sub_type"", ""algorithm"": ""grouped_majority"", ""predicted_value"": ""Over The Counter"", ""confidence"": 0.9793103448275862, ""prediction_source"": ""group_majority"", ""passes_threshold"": true, ""candidate_status"": ""Accepted"", ""rejection_reason"": null, ""validation_record_status"": ""valid""}, {""row_index"": 1076, ""target_field"": ""sub_type"", ""algorithm"": ""association_rules"", ""predicted_value"": ""Over The Counter"", ""confidence"": 1.0, ""prediction_source"": ""matched_rules"", ""passes_threshold"": true, ""candidate_status"": ""Accepted"", ""rejection_reason"": null, ""validation_record_status"": ""valid""}, {""row_index"": 1076, ""target_field"": ""sub_type"", ""algorithm"": ""clustering"", ""predicted_value"": ""Over The Counter"", ""confidence"": 0.9887640449438202, ""prediction_source"": ""cluster_majority"", ""passes_threshold"": true, ""candidate_status"": ""Accepted"", ""rejection_reason"": null, ""validation_record_status"": ""valid""}, {""row_index"": 1076, ""target_field"": ""sub_type"", ""algorithm"": ""knn"", ""predicted_value"": ""Over The Counter"", ""confidence"": 1.0, ""prediction_source"": ""nearest_neighbors"", ""passes_threshold"": true, ""candidate_status"": ""Accepted"", ""rejection_reason"": null, ""validation_record_status"": ""valid""}]",
1079,sub_type,Over The Counter,1,Over The Counter,1.0,Accepted,unanimous_vote,association_rules,"[""association_rules"", ""clustering"", ""grouped_majority"", ""knn""]",4,4,4,4,0.0,valid,True,"[{""row_index"": 1079, ""target_field"": ""sub_type"", ""algorithm"": ""grouped_majority"", ""predicted_value"": ""Over The Counter"", ""confidence"": 1.0, ""prediction_source"": ""group_majority"", ""passes_threshold"": true, ""candidate_status"": ""Accepted"", ""rejection_reason"": null, ""validation_record_status"": ""valid""}, {""row_index"": 1079, ""target_field"": ""sub_type"", ""algorithm"": ""association_rules"", ""predicted_value"": ""Over The Counter"", ""confidence"": 1.0, ""prediction_source"": ""matched_rules"", ""passes_threshold"": true, ""candidate_status"": ""Accepted"", ""rejection_reason"": null, ""validation_record_status"": ""valid""}, {""row_index"": 1079, ""target_field"": ""sub_type"", ""algorithm"": ""clustering"", ""predicted_value"": ""Over The Counter"", ""confidence"": 1.0, ""prediction_source"": ""cluster_majority"", ""passes_threshold"": true, ""candidate_status"": ""Accepted"", ""rejection_reason"": null, ""validation_record_status"": ""valid""}, {""row_index"": 1079, ""target_field"": ""sub_type"", ""algorithm"": ""knn"", ""predicted_value"": ""Over The Counter"", ""confidence"": 1.0, ""prediction_source"": ""nearest_neighbors"", ""passes_threshold"": true, ""candidate_status"": ""Accepted"", ""rejection_reason"": null, ""validation_record_status"": ""valid""}]",
1080,sub_type,Over The Counter,1,Over The Counter,1.0,Accepted,unanimous_vote,association_rules,"[""association_rules"", ""clustering"", ""grouped_majority"", ""knn""]",4,4,4,4,0.0,valid,True,"[{""row_index"": 1080, ""target_field"": ""sub_type"", ""algorithm"": ""grouped_majority"", ""predicted_value"": ""Over The Counter"", ""confidence"": 1.0, ""prediction_source"": ""group_majority"", ""passes_threshold"": true, ""candidate_status"": ""Accepted"", ""rejection_reason"": null, ""validation_record_status"": ""valid""}, {""row_index"": 1080, ""target_field"": ""sub_type"", ""algorithm"": ""association_rules"", ""predicted_value"": ""Over The Counter"", ""confidence"": 1.0, ""prediction_source"": ""matched_rules"", ""passes_threshold"": true, ""candidate_status"": ""Accepted"", ""rejection_reason"": null, ""validation_record_status"": ""valid""}, {""row_index"": 1080, ""target_field"": ""sub_type"", ""algorithm"": ""clustering"", ""predicted_value"": ""Over The Counter"", ""confidence"": 1.0, ""prediction_source"": ""cluster_majority"", ""passes_threshold"": true, ""candidate_status"": ""Accepted"", ""rejection_reason"": null, ""validation_record_status"": ""valid""}, {""row_index"": 1080, ""target_field"": ""sub_type"", ""algorithm"": ""knn"", ""predicted_value"": ""Over The Counter"", ""confidence"": 1.0, ""prediction_source"": ""nearest_neighbors"", ""passes_threshold"": true, ""candidate_status"": ""Accepted"", ""rejection_reason"": null, ""validation_record_status"": ""valid""}]",
1081,sub_type,Over The Counter,1,Over The Counter,1.0,Accepted,unanimous_vote,association_rules,"[""association_rules"", ""clustering"", ""grouped_majority"", ""knn""]",4,4,4,4,0.0,valid,True,"[{""row_index"": 1081, ""target_field"": ""sub_type"", ""algorithm"": ""grouped_majority"", ""predicted_value"": ""Over The Counter"", ""confidence"": 1.0, ""prediction_source"": ""group_majority"", ""passes_threshold"": true, ""candidate_status"": ""Accepted"", ""rejection_reason"": null, ""validation_record_status"": ""valid""}, {""row_index"": 1081, ""target_field"": ""sub_type"", ""algorithm"": ""association_rules"", ""predicted_value"": ""Over The Counter"", ""confidence"": 1.0, ""prediction_source"": ""matched_rules"", ""passes_threshold"": true, ""candidate_status"": ""Accepted"", ""rejection_reason"": null, ""validation_record_status"": ""valid""}, {""row_index"": 1081, ""target_field"": ""sub_type"", ""algorithm"": ""clustering"", ""predicted_value"": ""Over The Counter"", ""confidence"": 1.0, ""prediction_source"": ""cluster_majority"", ""passes_threshold"": true, ""candidate_status"": ""Accepted"", ""rejection_reason"": null, ""validation_record_status"": ""valid""}, {""row_index"": 1081, ""target_field"": ""sub_type"", ""algorithm"": ""knn"", ""predicted_value"": ""Over The Counter"", ""confidence"": 1.0, ""prediction_source"": ""nearest_neighbors"", ""passes_threshold"": true, ""candidate_status"": ""Accepted"", ""rejection_reason"": null, ""validation_record_status"": ""valid""}]",
1088,sub_type,Over The Counter,1,Over The Counter,1.0,Accepted,unanimous_vote,association_rules,"[""association_rules"", ""clustering"", ""grouped_majority"", ""knn""]",4,4,4,4,0.0,valid,True,"[{""row_index"": 1088, ""target_field"": ""sub_type"", ""algorithm"": ""grouped_majority"", ""predicted_value"": ""Over The Counter"", ""confidence"": 1.0, ""prediction_source"": ""group_majority"", ""passes_threshold"": true, ""candidate_status"": ""Accepted"", ""rejection_reason"": null, ""validation_record_status"": ""valid""}, {""row_index"": 1088, ""target_field"": ""sub_type"", ""algorithm"": ""association_rules"", ""predicted_value"": ""Over The Counter"", ""confidence"": 1.0, ""prediction_source"": ""matched_rules"", ""passes_threshold"": true, ""candidate_status"": ""Accepted"", ""rejection_reason"": null, ""validation_record_status"": ""valid""}, {""row_index"": 1088, ""target_field"": ""sub_type"", ""algorithm"": ""clustering"", ""predicted_value"": ""Over The Counter"", ""confidence"": 1.0, ""prediction_source"": ""cluster_majority"", ""passes_threshold"": true, ""candidate_status"": ""Accepted"", ""rejection_reason"": null, ""validation_record_status"": ""valid""}, {""row_index"": 1088, ""target_field"": ""sub_type"", ""algorithm"": ""knn"", ""predicted_value"": ""Over The Counter"", ""confidence"": 1.0, ""prediction_source"": ""nearest_neighbors"", ""passes_threshold"": true, ""candidate_status"": ""Accepted"", ""rejection_reason"": null, ""validation_record_status"": ""valid""}]",
1090,sub_type,Over The Counter,1,Over The Counter,0.9972222222222222,Accepted,unanimous_vote,association_rules,"[""association_rules"", ""clustering"", ""grouped_majority"", ""knn""]",4,4,4,4,0.0,valid,True,"[{""row_index"": 1090, ""target_field"": ""sub_type"", ""algorithm"": ""grouped_majority"", ""predicted_value"": ""Over The Counter"", ""confidence"": 0.9888888888888889, ""prediction_source"": ""group_majority"", ""passes_threshold"": true, ""candidate_status"": ""Accepted"", ""rejection_reason"": null, ""validation_record_status"": ""valid""}, {""row_index"": 1090, ""target_field"": ""sub_type"", ""algorithm"": ""association_rules"", ""predicted_value"": ""Over The Counter"", ""confidence"": 1.0, ""prediction_source"": ""matched_rules"", ""passes_threshold"": true, ""candidate_status"": ""Accepted"", ""rejection_reason"": null, ""validation_record_status"": ""valid""}, {""row_index"": 1090, ""target_field"": ""sub_type"", ""algorithm"": ""clustering"", ""predicted_value"": ""Over The Counter"", ""confidence"": 1.0, ""prediction_source"": ""cluster_majority"", ""passes_threshold"": true, ""candidate_status"": ""Accepted"", ""rejection_reason"": null, ""validation_record_status"": ""valid""}, {""row_index"": 1090, ""target_field"": ""sub_type"", ""algorithm"": ""knn"", ""predicted_value"": ""Over The Counter"", ""confidence"": 1.0, ""prediction_source"": ""nearest_neighbors"", ""passes_threshold"": true, ""candidate_status"": ""Accepted"", ""rejection_reason"": null, ""validation_record_status"": ""valid""}]",
1094,sub_type,Over The Counter,1,Over The Counter,0.9972222222222222,Accepted,unanimous_vote,association_rules,"[""association_rules"", ""clustering"", ""grouped_majority"", ""knn""]",4,4,4,4,0.0,valid,True,"[{""row_index"": 1094, ""target_field"": ""sub_type"", ""algorithm"": ""grouped_majority"", ""predicted_value"": ""Over The Counter"", ""confidence"": 0.9888888888888889, ""prediction_source"": ""group_majority"", ""passes_threshold"": true, ""candidate_status"": ""Accepted"", ""rejection_reason"": null, ""validation_record_status"": ""valid""}, {""row_index"": 1094, ""target_field"": ""sub_type"", ""algorithm"": ""association_rules"", ""predicted_value"": ""Over The Counter"", ""confidence"": 1.0, ""prediction_source"": ""matched_rules"", ""passes_threshold"": true, ""candidate_status"": ""Accepted"", ""rejection_reason"": null, ""validation_record_status"": ""valid""}, {""row_index"": 1094, ""target_field"": ""sub_type"", ""algorithm"": ""clustering"", ""predicted_value"": ""Over The Counter"", ""confidence"": 1.0, ""prediction_source"": ""cluster_majority"", ""passes_threshold"": true, ""candidate_status"": ""Accepted"", ""rejection_reason"": null, ""validation_record_status"": ""valid""}, {""row_index"": 1094, ""target_field"": ""sub_type"", ""algorithm"": ""knn"", ""predicted_value"": ""Over The Counter"", ""confidence"": 1.0, ""prediction_source"": ""nearest_neighbors"", ""passes_threshold"": true, ""candidate_status"": ""Accepted"", ""rejection_reason"": null, ""validation_record_status"": ""valid""}]",
1099,sub_type,Over The Counter,1,Over The Counter,0.9972222222222222,Accepted,unanimous_vote,association_rules,"[""association_rules"", ""clustering"", ""grouped_majority"", ""knn""]",4,4,4,4,0.0,valid,True,"[{""row_index"": 1099, ""target_field"": ""sub_type"", ""algorithm"": ""grouped_majority"", ""predicted_value"": ""Over The Counter"", ""confidence"": 0.9888888888888889, ""prediction_source"": ""group_majority"", ""passes_threshold"": true, ""candidate_status"": ""Accepted"", ""rejection_reason"": null, ""validation_record_status"": ""valid""}, {""row_index"": 1099, ""target_field"": ""sub_type"", ""algorithm"": ""association_rules"", ""predicted_value"": ""Over The Counter"", ""confidence"": 1.0, ""prediction_source"": ""matched_rules"", ""passes_threshold"": true, ""candidate_status"": ""Accepted"", ""rejection_reason"": null, ""validation_record_status"": ""valid""}, {""row_index"": 1099, ""target_field"": ""sub_type"", ""algorithm"": ""clustering"", ""predicted_value"": ""Over The Counter"", ""confidence"": 1.0, ""prediction_source"": ""cluster_majority"", ""passes_threshold"": true, ""candidate_status"": ""Accepted"", ""rejection_reason"": null, ""validation_record_status"": ""valid""}, {""row_index"": 1099, ""target_field"": ""sub_type"", ""algorithm"": ""knn"", ""predicted_value"": ""Over The Counter"", ""confidence"": 1.0, ""prediction_source"": ""nearest_neighbors"", ""passes_threshold"": true, ""candidate_status"": ""Accepted"", ""rejection_reason"": null, ""validation_record_status"": ""valid""}]",
1106,sub_type,Residential Building Report,1,Residential Building Report,0.9097005884389062,Accepted,unanimous_vote,knn,"[""association_rules"", ""clustering"", ""grouped_majority"", ""knn""]",4,4,4,4,0.0,valid,True,"[{""row_index"": 1106, ""target_field"": ""sub_type"", ""algorithm"": ""grouped_majority"", ""predicted_value"": ""Residential Building Report"", ""confidence"": 0.9814814814814815, ""prediction_source"": ""group_majority"", ""passes_threshold"": true, ""candidate_status"": ""Accepted"", ""rejection_reason"": null, ""validation_record_status"": ""valid""}, {""row_index"": 1106, ""target_field"": ""sub_type"", ""algorithm"": ""association_rules"", ""predicted_value"": ""Residential Building Report"", ""confidence"": 0.9906542056074769, ""prediction_source"": ""matched_rules"", ""passes_threshold"": true, ""candidate_status"": ""Accepted"", ""rejection_reason"": null, ""validation_record_status"": ""valid""}, {""row_index"": 1106, ""target_field"": ""sub_type"", ""algorithm"": ""clustering"", ""predicted_value"": ""Residential Building Report"", ""confidence"": 0.6666666666666666, ""prediction_source"": ""cluster_majority"", ""passes_threshold"": true, ""candidate_status"": ""Accepted"", ""rejection_reason"": null, ""validation_record_status"": ""valid""}, {""row_index"": 1106, ""target_field"": ""sub_type"", ""algorithm"": ""knn"", ""predicted_value"": ""Residential Building Report"", ""confidence"": 1.0, ""prediction_source"": ""nearest_neighbors"", ""passes_threshold"": true, ""candidate_status"": ""Accepted"", ""rejection_reason"": null, ""validation_record_status"": ""valid""}]",
1109,sub_type,Residential Building Report,1,Residential Building Report,0.9097005884389062,Accepted,unanimous_vote,knn,"[""association_rules"", ""clustering"", ""grouped_majority"", ""knn""]",4,4,4,4,0.0,valid,True,"[{""row_index"": 1109, ""target_field"": ""sub_type"", ""algorithm"": ""grouped_majority"", ""predicted_value"": ""Residential Building Report"", ""confidence"": 0.9814814814814815, ""prediction_source"": ""group_majority"", ""passes_threshold"": true, ""candidate_status"": ""Accepted"", ""rejection_reason"": null, ""validation_record_status"": ""valid""}, {""row_index"": 1109, ""target_field"": ""sub_type"", ""algorithm"": ""association_rules"", ""predicted_value"": ""Residential Building Report"", ""confidence"": 0.9906542056074769, ""prediction_source"": ""matched_rules"", ""passes_threshold"": true, ""candidate_status"": ""Accepted"", ""rejection_reason"": null, ""validation_record_status"": ""valid""}, {""row_index"": 1109, ""target_field"": ""sub_type"", ""algorithm"": ""clustering"", ""predicted_value"": ""Residential Building Report"", ""confidence"": 0.6666666666666666, ""prediction_source"": ""cluster_majority"", ""passes_threshold"": true, ""candidate_status"": ""Accepted"", ""rejection_reason"": null, ""validation_record_status"": ""valid""}, {""row_index"": 1109, ""target_field"": ""sub_type"", ""algorithm"": ""knn"", ""predicted_value"": ""Residential Building Report"", ""confidence"": 1.0, ""prediction_source"": ""nearest_neighbors"", ""passes_threshold"": true, ""candidate_status"": ""Accepted"", ""rejection_reason"": null, ""validation_record_status"": ""valid""}]",
1115,sub_type,Solar,1,Over The Counter,0.8175904818192052,Accepted,unanimous_vote,knn,"[""association_rules"", ""clustering"", ""grouped_majority"", ""knn""]",4,4,4,4,0.0,valid,True,"[{""row_index"": 1115, ""target_field"": ""sub_type"", ""algorithm"": ""grouped_majority"", ""predicted_value"": ""Over The Counter"", ""confidence"": 0.5567375886524822, ""prediction_source"": ""group_majority"", ""passes_threshold"": true, ""candidate_status"": ""Accepted"", ""rejection_reason"": null, ""validation_record_status"": ""valid""}, {""row_index"": 1115, ""target_field"": ""sub_type"", ""algorithm"": ""association_rules"", ""predicted_value"": ""Over The Counter"", ""confidence"": 0.8988095238095238, ""prediction_source"": ""matched_rules"", ""passes_threshold"": true, ""candidate_status"": ""Accepted"", ""rejection_reason"": null, ""validation_record_status"": ""valid""}, {""row_index"": 1115, ""target_field"": ""sub_type"", ""algorithm"": ""clustering"", ""predicted_value"": ""Over The Counter"", ""confidence"": 0.8148148148148148, ""prediction_source"": ""cluster_majority"", ""passes_threshold"": true, ""candidate_status"": ""Accepted"", ""rejection_reason"": null, ""validation_record_status"": ""valid""}, {""row_index"": 1115, ""target_field"": ""sub_type"", ""algorithm"": ""knn"", ""predicted_value"": ""Over The Counter"", ""confidence"": 1.0, ""prediction_source"": ""nearest_neighbors"", ""passes_threshold"": true, ""candidate_status"": ""Accepted"", ""rejection_reason"": null, ""validation_record_status"": ""valid""}]",
1117,sub_type,Full Plan Check,1,,0.8285714285714286,Requires Review,average_confidence_tiebreak,association_rules,"[""association_rules"", ""knn""]",2,4,4,4,0.0,valid,False,"[{""row_index"": 1117, ""target_field"": ""sub_type"", ""algorithm"": ""grouped_majority"", ""predicted_value"": ""Over The Counter"", ""confidence"": 0.5567375886524822, ""prediction_source"": ""group_majority"", ""passes_threshold"": true, ""candidate_status"": ""Accepted"", ""rejection_reason"": null, ""validation_record_status"": ""valid""}, {""row_index"": 1117, ""target_field"": ""sub_type"", ""algorithm"": ""association_rules"", ""predicted_value"": ""Full Plan Check"", ""confidence"": 0.8571428571428572, ""prediction_source"": ""matched_rules"", ""passes_threshold"": true, ""candidate_status"": ""Accepted"", ""rejection_reason"": null, ""validation_record_status"": ""valid""}, {""row_index"": 1117, ""target_field"": ""sub_type"", ""algorithm"": ""clustering"", ""predicted_value"": ""Over The Counter"", ""confidence"": 0.4074074074074074, ""prediction_source"": ""cluster_majority"", ""passes_threshold"": true, ""candidate_status"": ""Accepted"", ""rejection_reason"": null, ""validation_record_status"": ""valid""}, {""row_index"": 1117, ""target_field"": ""sub_type"", ""algorithm"": ""knn"", ""predicted_value"": ""Full Plan Check"", ""confidence"": 0.8, ""prediction_source"": ""nearest_neighbors"", ""passes_threshold"": true, ""candidate_status"": ""Accepted"", ""rejection_reason"": null, ""validation_record_status"": ""valid""}]",
1120,sub_type,In House Plan Check,1,Over The Counter,0.581657627590043,Accepted,majority_vote,knn,"[""clustering"", ""grouped_majority"", ""knn""]",3,4,4,4,0.0,valid,True,"[{""row_index"": 1120, ""target_field"": ""sub_type"", ""algorithm"": ""grouped_majority"", ""predicted_value"": ""Over The Counter"", ""confidence"": 0.5567375886524822, ""prediction_source"": ""group_majority"", ""passes_threshold"": true, ""candidate_status"": ""Accepted"", ""rejection_reason"": null, ""validation_record_status"": ""valid""}, {""row_index"": 1120, ""target_field"": ""sub_type"", ""algorithm"": ""association_rules"", ""predicted_value"": ""Residential Building Report"", ""confidence"": 0.5913978494623656, ""prediction_source"": ""matched_rules"", ""passes_threshold"": true, ""candidate_status"": ""Accepted"", ""rejection_reason"": null, ""validation_record_status"": ""valid""}, {""row_index"": 1120, ""target_field"": ""sub_type"", ""algorithm"": ""clustering"", ""predicted_value"": ""Over The Counter"", ""confidence"": 0.5882352941176471, ""prediction_source"": ""cluster_majority"", ""passes_threshold"": true, ""candidate_status"": ""Accepted"", ""rejection_reason"": null, ""validation_record_status"": ""valid""}, {""row_index"": 1120, ""target_field"": ""sub_type"", ""algorithm"": ""knn"", ""predicted_value"": ""Over The Counter"", ""confidence"": 0.6, ""prediction_source"": ""nearest_neighbors"", ""passes_threshold"": true, ""candidate_status"": ""Accepted"", ""rejection_reason"": null, ""validation_record_status"": ""valid""}]",
1121,sub_type,In House Plan Check,1,,0.5724864413850647,Requires Review,average_confidence_tiebreak,clustering,"[""clustering"", ""grouped_majority""]",2,4,4,4,0.0,valid,False,"[{""row_index"": 1121, ""target_field"": ""sub_type"", ""algorithm"": ""grouped_majority"", ""predicted_value"": ""Over The Counter"", ""confidence"": 0.5567375886524822, ""prediction_source"": ""group_majority"", ""passes_threshold"": true, ""candidate_status"": ""Accepted"", ""rejection_reason"": null, ""validation_record_status"": ""valid""}, {""row_index"": 1121, ""target_field"": ""sub_type"", ""algorithm"": ""association_rules"", ""predicted_value"": ""In House Plan Check"", ""confidence"": 0.5, ""prediction_source"": ""matched_rules"", ""passes_threshold"": true, ""candidate_status"": ""Accepted"", ""rejection_reason"": null, ""validation_record_status"": ""valid""}, {""row_index"": 1121, ""target_field"": ""sub_type"", ""algorithm"": ""clustering"", ""predicted_value"": ""Over The Counter"", ""confidence"": 0.5882352941176471, ""prediction_source"": ""cluster_majority"", ""passes_threshold"": true, ""candidate_status"": ""Accepted"", ""rejection_reason"": null, ""validation_record_status"": ""valid""}, {""row_index"": 1121, ""target_field"": ""sub_type"", ""algorithm"": ""knn"", ""predicted_value"": ""In House Plan Check"", ""confidence"": 0.4, ""prediction_source"": ""nearest_neighbors"", ""passes_threshold"": true, ""candidate_status"": ""Accepted"", ""rejection_reason"": null, ""validation_record_status"": ""valid""}]",
1122,sub_type,In House Plan Check,1,,0.55,Requires Review,average_confidence_tiebreak,knn,"[""association_rules"", ""knn""]",2,4,4,4,0.0,valid,False,"[{""row_index"": 1122, ""target_field"": ""sub_type"", ""algorithm"": ""grouped_majority"", ""predicted_value"": ""Over The Counter"", ""confidence"": 0.5567375886524822, ""prediction_source"": ""group_majority"", ""passes_threshold"": true, ""candidate_status"": ""Accepted"", ""rejection_reason"": null, ""validation_record_status"": ""valid""}, {""row_index"": 1122, ""target_field"": ""sub_type"", ""algorithm"": ""association_rules"", ""predicted_value"": ""In House Plan Check"", ""confidence"": 0.5, ""prediction_source"": ""matched_rules"", ""passes_threshold"": true, ""candidate_status"": ""Accepted"", ""rejection_reason"": null, ""validation_record_status"": ""valid""}, {""row_index"": 1122, ""target_field"": ""sub_type"", ""algorithm"": ""clustering"", ""predicted_value"": ""Over The Counter"", ""confidence"": 0.4074074074074074, ""prediction_source"": ""cluster_majority"", ""passes_threshold"": true, ""candidate_status"": ""Accepted"", ""rejection_reason"": null, ""validation_record_status"": ""valid""}, {""row_index"": 1122, ""target_field"": ""sub_type"", ""algorithm"": ""knn"", ""predicted_value"": ""In House Plan Check"", ""confidence"": 0.6, ""prediction_source"": ""nearest_neighbors"", ""passes_threshold"": true, ""candidate_status"": ""Accepted"", ""rejection_reason"": null, ""validation_record_status"": ""valid""}]",
1127,sub_type,In House Plan Check,1,Over The Counter,0.6862872572196728,Accepted,majority_vote,association_rules,"[""association_rules"", ""clustering"", ""grouped_majority""]",3,4,4,4,0.0,valid,True,"[{""row_index"": 1127, ""target_field"": ""sub_type"", ""algorithm"": ""grouped_majority"", ""predicted_value"": ""Over The Counter"", ""confidence"": 0.5567375886524822, ""prediction_source"": ""group_majority"", ""passes_threshold"": true, ""candidate_status"": ""Accepted"", ""rejection_reason"": null, ""validation_record_status"": ""valid""}, {""row_index"": 1127, ""target_field"": ""sub_type"", ""algorithm"": ""association_rules"", ""predicted_value"": ""Over The Counter"", ""confidence"": 0.9138888888888889, ""prediction_source"": ""matched_rules"", ""passes_threshold"": true, ""candidate_status"": ""Accepted"", ""rejection_reason"": null, ""validation_record_status"": ""valid""}, {""row_index"": 1127, ""target_field"": ""sub_type"", ""algorithm"": ""clustering"", ""predicted_value"": ""Over The Counter"", ""confidence"": 0.5882352941176471, ""prediction_source"": ""cluster_majority"", ""passes_threshold"": true, ""candidate_status"": ""Accepted"", ""rejection_reason"": null, ""validation_record_status"": ""valid""}, {""row_index"": 1127, ""target_field"": ""sub_type"", ""algorithm"": ""knn"", ""predicted_value"": ""In House Plan Check"", ""confidence"": 0.6, ""prediction_source"": ""nearest_neighbors"", ""passes_threshold"": true, ""candidate_status"": ""Accepted"", ""rejection_reason"": null, ""validation_record_status"": ""valid""}]",
1129,sub_type,Over The Counter,1,Over The Counter,0.7152293191774762,Accepted,majority_vote,association_rules,"[""association_rules"", ""clustering"", ""grouped_majority""]",3,4,4,4,0.0,valid,True,"[{""row_index"": 1129, ""target_field"": ""sub_type"", ""algorithm"": ""grouped_majority"", ""predicted_value"": ""Over The Counter"", ""confidence"": 0.5567375886524822, ""prediction_source"": ""group_majority"", ""passes_threshold"": true, ""candidate_status"": ""Accepted"", ""rejection_reason"": null, ""validation_record_status"": ""valid""}, {""row_index"": 1129, ""target_field"": ""sub_type"", ""algorithm"": ""association_rules"", ""predicted_value"": ""Over The Counter"", ""confidence"": 0.8988095238095238, ""prediction_source"": ""matched_rules"", ""passes_threshold"": true, ""candidate_status"": ""Accepted"", ""rejection_reason"": null, ""validation_record_status"": ""valid""}, {""row_index"": 1129, ""target_field"": ""sub_type"", ""algorithm"": ""clustering"", ""predicted_value"": ""Over The Counter"", ""confidence"": 0.6901408450704225, ""prediction_source"": ""cluster_majority"", ""passes_threshold"": true, ""candidate_status"": ""Accepted"", ""rejection_reason"": null, ""validation_record_status"": ""valid""}, {""row_index"": 1129, ""target_field"": ""sub_type"", ""algorithm"": ""knn"", ""predicted_value"": ""In House Plan Check"", ""confidence"": 0.6, ""prediction_source"": ""nearest_neighbors"", ""passes_threshold"": true, ""candidate_status"": ""Accepted"", ""rejection_reason"": null, ""validation_record_status"": ""valid""}]",
1130,sub_type,Over The Counter,1,Over The Counter,0.8657058630854896,Accepted,majority_vote,knn,"[""clustering"", ""grouped_majority"", ""knn""]",3,4,4,4,0.0,valid,True,"[{""row_index"": 1130, ""target_field"": ""sub_type"", ""algorithm"": ""grouped_majority"", ""predicted_value"": ""Over The Counter"", ""confidence"": 0.9069767441860465, ""prediction_source"": ""group_majority"", ""passes_threshold"": true, ""candidate_status"": ""Accepted"", ""rejection_reason"": null, ""validation_record_status"": ""valid""}, {""row_index"": 1130, ""target_field"": ""sub_type"", ""algorithm"": ""association_rules"", ""predicted_value"": ""Residential Building Report"", ""confidence"": 0.5247524752475248, ""prediction_source"": ""matched_rules"", ""passes_threshold"": true, ""candidate_status"": ""Accepted"", ""rejection_reason"": null, ""validation_record_status"": ""valid""}, {""row_index"": 1130, ""target_field"": ""sub_type"", ""algorithm"": ""clustering"", ""predicted_value"": ""Over The Counter"", ""confidence"": 0.6901408450704225, ""prediction_source"": ""cluster_majority"", ""passes_threshold"": true, ""candidate_status"": ""Accepted"", ""rejection_reason"": null, ""validation_record_status"": ""valid""}, {""row_index"": 1130, ""target_field"": ""sub_type"", ""algorithm"": ""knn"", ""predicted_value"": ""Over The Counter"", ""confidence"": 1.0, ""prediction_source"": ""nearest_neighbors"", ""passes_threshold"": true, ""candidate_status"": ""Accepted"", ""rejection_reason"": null, ""validation_record_status"": ""valid""}]",
1131,sub_type,Over The Counter,1,Over The Counter,0.7258265540258657,Accepted,unanimous_vote,association_rules,"[""association_rules"", ""clustering"", ""grouped_majority"", ""knn""]",4,4,4,4,0.0,valid,True,"[{""row_index"": 1131, ""target_field"": ""sub_type"", ""algorithm"": ""grouped_majority"", ""predicted_value"": ""Over The Counter"", ""confidence"": 0.5567375886524822, ""prediction_source"": ""group_majority"", ""passes_threshold"": true, ""candidate_status"": ""Accepted"", ""rejection_reason"": null, ""validation_record_status"": ""valid""}, {""row_index"": 1131, ""target_field"": ""sub_type"", ""algorithm"": ""association_rules"", ""predicted_value"": ""Over The Counter"", ""confidence"": 0.9583333333333333, ""prediction_source"": ""matched_rules"", ""passes_threshold"": true, ""candidate_status"": ""Accepted"", ""rejection_reason"": null, ""validation_record_status"": ""valid""}, {""row_index"": 1131, ""target_field"": ""sub_type"", ""algorithm"": ""clustering"", ""predicted_value"": ""Over The Counter"", ""confidence"": 0.5882352941176471, ""prediction_source"": ""cluster_majority"", ""passes_threshold"": true, ""candidate_status"": ""Accepted"", ""rejection_reason"": null, ""validation_record_status"": ""valid""}, {""row_index"": 1131, ""target_field"": ""sub_type"", ""algorithm"": ""knn"", ""predicted_value"": ""Over The Counter"", ""confidence"": 0.8, ""prediction_source"": ""nearest_neighbors"", ""passes_threshold"": true, ""candidate_status"": ""Accepted"", ""rejection_reason"": null, ""validation_record_status"": ""valid""}]",
1137,sub_type,Over The Counter,1,,0.9534883720930232,Requires Review,average_confidence_tiebreak,knn,"[""grouped_majority"", ""knn""]",2,4,4,4,0.0,valid,False,"[{""row_index"": 1137, ""target_field"": ""sub_type"", ""algorithm"": ""grouped_majority"", ""predicted_value"": ""Over The Counter"", ""confidence"": 0.9069767441860465, ""prediction_source"": ""group_majority"", ""passes_threshold"": true, ""candidate_status"": ""Accepted"", ""rejection_reason"": null, ""validation_record_status"": ""valid""}, {""row_index"": 1137, ""target_field"": ""sub_type"", ""algorithm"": ""association_rules"", ""predicted_value"": ""Residential Building Report"", ""confidence"": 0.6708860759493671, ""prediction_source"": ""matched_rules"", ""passes_threshold"": true, ""candidate_status"": ""Accepted"", ""rejection_reason"": null, ""validation_record_status"": ""valid""}, {""row_index"": 1137, ""target_field"": ""sub_type"", ""algorithm"": ""clustering"", ""predicted_value"": ""Residential Building Report"", ""confidence"": 0.6666666666666666, ""prediction_source"": ""cluster_majority"", ""passes_threshold"": true, ""candidate_status"": ""Accepted"", ""rejection_reason"": null, ""validation_record_status"": ""valid""}, {""row_index"": 1137, ""target_field"": ""sub_type"", ""algorithm"": ""knn"", ""predicted_value"": ""Over The Counter"", ""confidence"": 1.0, ""prediction_source"": ""nearest_neighbors"", ""passes_threshold"": true, ""candidate_status"": ""Accepted"", ""rejection_reason"": null, ""validation_record_status"": ""valid""}]",
1139,sub_type,Over The Counter,1,,0.9534883720930232,Requires Review,average_confidence_tiebreak,knn,"[""grouped_majority"", ""knn""]",2,4,4,4,0.0,valid,False,"[{""row_index"": 1139, ""target_field"": ""sub_type"", ""algorithm"": ""grouped_majority"", ""predicted_value"": ""Over The Counter"", ""confidence"": 0.9069767441860465, ""prediction_source"": ""group_majority"", ""passes_threshold"": true, ""candidate_status"": ""Accepted"", ""rejection_reason"": null, ""validation_record_status"": ""valid""}, {""row_index"": 1139, ""target_field"": ""sub_type"", ""algorithm"": ""association_rules"", ""predicted_value"": ""Residential Building Report"", ""confidence"": 0.6708860759493671, ""prediction_source"": ""matched_rules"", ""passes_threshold"": true, ""candidate_status"": ""Accepted"", ""rejection_reason"": null, ""validation_record_status"": ""valid""}, {""row_index"": 1139, ""target_field"": ""sub_type"", ""algorithm"": ""clustering"", ""predicted_value"": ""Residential Building Report"", ""confidence"": 0.6666666666666666, ""prediction_source"": ""cluster_majority"", ""passes_threshold"": true, ""candidate_status"": ""Accepted"", ""rejection_reason"": null, ""validation_record_status"": ""valid""}, {""row_index"": 1139, ""target_field"": ""sub_type"", ""algorithm"": ""knn"", ""predicted_value"": ""Over The Counter"", ""confidence"": 1.0, ""prediction_source"": ""nearest_neighbors"", ""passes_threshold"": true, ""candidate_status"": ""Accepted"", ""rejection_reason"": null, ""validation_record_status"": ""valid""}]",
1140,sub_type,Over The Counter,1,Over The Counter,0.8324714342001576,Accepted,unanimous_vote,knn,"[""association_rules"", ""clustering"", ""grouped_majority"", ""knn""]",4,4,4,4,0.0,valid,True,"[{""row_index"": 1140, ""target_field"": ""sub_type"", ""algorithm"": ""grouped_majority"", ""predicted_value"": ""Over The Counter"", ""confidence"": 0.5567375886524822, ""prediction_source"": ""group_majority"", ""passes_threshold"": true, ""candidate_status"": ""Accepted"", ""rejection_reason"": null, ""validation_record_status"": ""valid""}, {""row_index"": 1140, ""target_field"": ""sub_type"", ""algorithm"": ""association_rules"", ""predicted_value"": ""Over The Counter"", ""confidence"": 0.9583333333333333, ""prediction_source"": ""matched_rules"", ""passes_threshold"": true, ""candidate_status"": ""Accepted"", ""rejection_reason"": null, ""validation_record_status"": ""valid""}, {""row_index"": 1140, ""target_field"": ""sub_type"", ""algorithm"": ""clustering"", ""predicted_value"": ""Over The Counter"", ""confidence"": 0.8148148148148148, ""prediction_source"": ""cluster_majority"", ""passes_threshold"": true, ""candidate_status"": ""Accepted"", ""rejection_reason"": null, ""validation_record_status"": ""valid""}, {""row_index"": 1140, ""target_field"": ""sub_type"", ""algorithm"": ""knn"", ""predicted_value"": ""Over The Counter"", ""confidence"": 1.0, ""prediction_source"": ""nearest_neighbors"", ""passes_threshold"": true, ""candidate_status"": ""Accepted"", ""rejection_reason"": null, ""validation_record_status"": ""valid""}]",
1141,sub_type,Over The Counter,1,Over The Counter,0.7527910370021547,Accepted,unanimous_vote,association_rules,"[""association_rules"", ""clustering"", ""grouped_majority"", ""knn""]",4,4,4,4,0.0,valid,True,"[{""row_index"": 1141, ""target_field"": ""sub_type"", ""algorithm"": ""grouped_majority"", ""predicted_value"": ""Over The Counter"", ""confidence"": 0.5567375886524822, ""prediction_source"": ""group_majority"", ""passes_threshold"": true, ""candidate_status"": ""Accepted"", ""rejection_reason"": null, ""validation_record_status"": ""valid""}, {""row_index"": 1141, ""target_field"": ""sub_type"", ""algorithm"": ""association_rules"", ""predicted_value"": ""Over The Counter"", ""confidence"": 0.9642857142857143, ""prediction_source"": ""matched_rules"", ""passes_threshold"": true, ""candidate_status"": ""Accepted"", ""rejection_reason"": null, ""validation_record_status"": ""valid""}, {""row_index"": 1141, ""target_field"": ""sub_type"", ""algorithm"": ""clustering"", ""predicted_value"": ""Over The Counter"", ""confidence"": 0.6901408450704225, ""prediction_source"": ""cluster_majority"", ""passes_threshold"": true, ""candidate_status"": ""Accepted"", ""rejection_reason"": null, ""validation_record_status"": ""valid""}, {""row_index"": 1141, ""target_field"": ""sub_type"", ""algorithm"": ""knn"", ""predicted_value"": ""Over The Counter"", ""confidence"": 0.8, ""prediction_source"": ""nearest_neighbors"", ""passes_threshold"": true, ""candidate_status"": ""Accepted"", ""rejection_reason"": null, ""validation_record_status"": ""valid""}]",
1142,sub_type,Over The Counter,1,Over The Counter,0.692909887359199,Accepted,unanimous_vote,association_rules,"[""association_rules"", ""clustering"", ""grouped_majority"", ""knn""]",4,4,4,4,0.0,valid,True,"[{""row_index"": 1142, ""target_field"": ""sub_type"", ""algorithm"": ""grouped_majority"", ""predicted_value"": ""Over The Counter"", ""confidence"": 0.5567375886524822, ""prediction_source"": ""group_majority"", ""passes_threshold"": true, ""candidate_status"": ""Accepted"", ""rejection_reason"": null, ""validation_record_status"": ""valid""}, {""row_index"": 1142, ""target_field"": ""sub_type"", ""algorithm"": ""association_rules"", ""predicted_value"": ""Over The Counter"", ""confidence"": 0.9600000000000001, ""prediction_source"": ""matched_rules"", ""passes_threshold"": true, ""candidate_status"": ""Accepted"", ""rejection_reason"": null, ""validation_record_status"": ""valid""}, {""row_index"": 1142, ""target_field"": ""sub_type"", ""algorithm"": ""clustering"", ""predicted_value"": ""Over The Counter"", ""confidence"": 0.5882352941176471, ""prediction_source"": ""cluster_majority"", ""passes_threshold"": true, ""candidate_status"": ""Accepted"", ""rejection_reason"": null, ""validation_record_status"": ""valid""}, {""row_index"": 1142, ""target_field"": ""sub_type"", ""algorithm"": ""knn"", ""predicted_value"": ""Over The Counter"", ""confidence"": 0.6666666666666666, ""prediction_source"": ""nearest_neighbors"", ""passes_threshold"": true, ""candidate_status"": ""Accepted"", ""rejection_reason"": null, ""validation_record_status"": ""valid""}]",
1144,sub_type,Over The Counter,1,,0.9534883720930232,Requires Review,average_confidence_tiebreak,knn,"[""grouped_majority"", ""knn""]",2,4,4,4,0.0,valid,False,"[{""row_index"": 1144, ""target_field"": ""sub_type"", ""algorithm"": ""grouped_majority"", ""predicted_value"": ""Over The Counter"", ""confidence"": 0.9069767441860465, ""prediction_source"": ""group_majority"", ""passes_threshold"": true, ""candidate_status"": ""Accepted"", ""rejection_reason"": null, ""validation_record_status"": ""valid""}, {""row_index"": 1144, ""target_field"": ""sub_type"", ""algorithm"": ""association_rules"", ""predicted_value"": ""Residential Building Report"", ""confidence"": 0.6708860759493671, ""prediction_source"": ""matched_rules"", ""passes_threshold"": true, ""candidate_status"": ""Accepted"", ""rejection_reason"": null, ""validation_record_status"": ""valid""}, {""row_index"": 1144, ""target_field"": ""sub_type"", ""algorithm"": ""clustering"", ""predicted_value"": ""Residential Building Report"", ""confidence"": 0.6666666666666666, ""prediction_source"": ""cluster_majority"", ""passes_threshold"": true, ""candidate_status"": ""Accepted"", ""rejection_reason"": null, ""validation_record_status"": ""valid""}, {""row_index"": 1144, ""target_field"": ""sub_type"", ""algorithm"": ""knn"", ""predicted_value"": ""Over The Counter"", ""confidence"": 1.0, ""prediction_source"": ""nearest_neighbors"", ""passes_threshold"": true, ""candidate_status"": ""Accepted"", ""rejection_reason"": null, ""validation_record_status"": ""valid""}]",
1146,sub_type,Over The Counter,1,Over The Counter,0.8657058630854896,Accepted,majority_vote,knn,"[""clustering"", ""grouped_majority"", ""knn""]",3,4,4,4,0.0,valid,True,"[{""row_index"": 1146, ""target_field"": ""sub_type"", ""algorithm"": ""grouped_majority"", ""predicted_value"": ""Over The Counter"", ""confidence"": 0.9069767441860465, ""prediction_source"": ""group_majority"", ""passes_threshold"": true, ""candidate_status"": ""Accepted"", ""rejection_reason"": null, ""validation_record_status"": ""valid""}, {""row_index"": 1146, ""target_field"": ""sub_type"", ""algorithm"": ""association_rules"", ""predicted_value"": ""Residential Building Report"", ""confidence"": 0.5247524752475248, ""prediction_source"": ""matched_rules"", ""passes_threshold"": true, ""candidate_status"": ""Accepted"", ""rejection_reason"": null, ""validation_record_status"": ""valid""}, {""row_index"": 1146, ""target_field"": ""sub_type"", ""algorithm"": ""clustering"", ""predicted_value"": ""Over The Counter"", ""confidence"": 0.6901408450704225, ""prediction_source"": ""cluster_majority"", ""passes_threshold"": true, ""candidate_status"": ""Accepted"", ""rejection_reason"": null, ""validation_record_status"": ""valid""}, {""row_index"": 1146, ""target_field"": ""sub_type"", ""algorithm"": ""knn"", ""predicted_value"": ""Over The Counter"", ""confidence"": 1.0, ""prediction_source"": ""nearest_neighbors"", ""passes_threshold"": true, ""candidate_status"": ""Accepted"", ""rejection_reason"": null, ""validation_record_status"": ""valid""}]",
1147,sub_type,Over The Counter,1,Over The Counter,0.6547149986866299,Accepted,majority_vote,knn,"[""clustering"", ""grouped_majority"", ""knn""]",3,4,4,4,0.0,valid,True,"[{""row_index"": 1147, ""target_field"": ""sub_type"", ""algorithm"": ""grouped_majority"", ""predicted_value"": ""Over The Counter"", ""confidence"": 0.5567375886524822, ""prediction_source"": ""group_majority"", ""passes_threshold"": true, ""candidate_status"": ""Accepted"", ""rejection_reason"": null, ""validation_record_status"": ""valid""}, {""row_index"": 1147, ""target_field"": ""sub_type"", ""algorithm"": ""association_rules"", ""predicted_value"": ""Full Plan Check"", ""confidence"": 0.5714285714285715, ""prediction_source"": ""matched_rules"", ""passes_threshold"": true, ""candidate_status"": ""Accepted"", ""rejection_reason"": null, ""validation_record_status"": ""valid""}, {""row_index"": 1147, ""target_field"": ""sub_type"", ""algorithm"": ""clustering"", ""predicted_value"": ""Over The Counter"", ""confidence"": 0.4074074074074074, ""prediction_source"": ""cluster_majority"", ""passes_threshold"": true, ""candidate_status"": ""Accepted"", ""rejection_reason"": null, ""validation_record_status"": ""valid""}, {""row_index"": 1147, ""target_field"": ""sub_type"", ""algorithm"": ""knn"", ""predicted_value"": ""Over The Counter"", ""confidence"": 1.0, ""prediction_source"": ""nearest_neighbors"", ""passes_threshold"": true, ""candidate_status"": ""Accepted"", ""rejection_reason"": null, ""validation_record_status"": ""valid""}]",
1149,sub_type,Over The Counter,1,Over The Counter,0.7675904818192052,Accepted,unanimous_vote,association_rules,"[""association_rules"", ""clustering"", ""grouped_majority"", ""knn""]",4,4,4,4,0.0,valid,True,"[{""row_index"": 1149, ""target_field"": ""sub_type"", ""algorithm"": ""grouped_majority"", ""predicted_value"": ""Over The Counter"", ""confidence"": 0.5567375886524822, ""prediction_source"": ""group_majority"", ""passes_threshold"": true, ""candidate_status"": ""Accepted"", ""rejection_reason"": null, ""validation_record_status"": ""valid""}, {""row_index"": 1149, ""target_field"": ""sub_type"", ""algorithm"": ""association_rules"", ""predicted_value"": ""Over The Counter"", ""confidence"": 0.8988095238095238, ""prediction_source"": ""matched_rules"", ""passes_threshold"": true, ""candidate_status"": ""Accepted"", ""rejection_reason"": null, ""validation_record_status"": ""valid""}, {""row_index"": 1149, ""target_field"": ""sub_type"", ""algorithm"": ""clustering"", ""predicted_value"": ""Over The Counter"", ""confidence"": 0.8148148148148148, ""prediction_source"": ""cluster_majority"", ""passes_threshold"": true, ""candidate_status"": ""Accepted"", ""rejection_reason"": null, ""validation_record_status"": ""valid""}, {""row_index"": 1149, ""target_field"": ""sub_type"", ""algorithm"": ""knn"", ""predicted_value"": ""Over The Counter"", ""confidence"": 0.8, ""prediction_source"": ""nearest_neighbors"", ""passes_threshold"": true, ""candidate_status"": ""Accepted"", ""rejection_reason"": null, ""validation_record_status"": ""valid""}]",
1151,sub_type,Over The Counter,1,Over The Counter,0.887854609929078,Accepted,unanimous_vote,clustering,"[""association_rules"", ""clustering"", ""grouped_majority"", ""knn""]",4,4,4,4,0.0,valid,True,"[{""row_index"": 1151, ""target_field"": ""sub_type"", ""algorithm"": ""grouped_majority"", ""predicted_value"": ""Over The Counter"", ""confidence"": 0.5567375886524822, ""prediction_source"": ""group_majority"", ""passes_threshold"": true, ""candidate_status"": ""Accepted"", ""rejection_reason"": null, ""validation_record_status"": ""valid""}, {""row_index"": 1151, ""target_field"": ""sub_type"", ""algorithm"": ""association_rules"", ""predicted_value"": ""Over The Counter"", ""confidence"": 0.9946808510638299, ""prediction_source"": ""matched_rules"", ""passes_threshold"": true, ""candidate_status"": ""Accepted"", ""rejection_reason"": null, ""validation_record_status"": ""valid""}, {""row_index"": 1151, ""target_field"": ""sub_type"", ""algorithm"": ""clustering"", ""predicted_value"": ""Over The Counter"", ""confidence"": 1.0, ""prediction_source"": ""cluster_majority"", ""passes_threshold"": true, ""candidate_status"": ""Accepted"", ""rejection_reason"": null, ""validation_record_status"": ""valid""}, {""row_index"": 1151, ""target_field"": ""sub_type"", ""algorithm"": ""knn"", ""predicted_value"": ""Over The Counter"", ""confidence"": 1.0, ""prediction_source"": ""nearest_neighbors"", ""passes_threshold"": true, ""candidate_status"": ""Accepted"", ""rejection_reason"": null, ""validation_record_status"": ""valid""}]",
1152,sub_type,Over The Counter,1,,0.9534883720930232,Requires Review,average_confidence_tiebreak,knn,"[""grouped_majority"", ""knn""]",2,4,4,4,0.0,valid,False,"[{""row_index"": 1152, ""target_field"": ""sub_type"", ""algorithm"": ""grouped_majority"", ""predicted_value"": ""Over The Counter"", ""confidence"": 0.9069767441860465, ""prediction_source"": ""group_majority"", ""passes_threshold"": true, ""candidate_status"": ""Accepted"", ""rejection_reason"": null, ""validation_record_status"": ""valid""}, {""row_index"": 1152, ""target_field"": ""sub_type"", ""algorithm"": ""association_rules"", ""predicted_value"": ""Residential Building Report"", ""confidence"": 0.6708860759493671, ""prediction_source"": ""matched_rules"", ""passes_threshold"": true, ""candidate_status"": ""Accepted"", ""rejection_reason"": null, ""validation_record_status"": ""valid""}, {""row_index"": 1152, ""target_field"": ""sub_type"", ""algorithm"": ""clustering"", ""predicted_value"": ""Residential Building Report"", ""confidence"": 0.6666666666666666, ""prediction_source"": ""cluster_majority"", ""passes_threshold"": true, ""candidate_status"": ""Accepted"", ""rejection_reason"": null, ""validation_record_status"": ""valid""}, {""row_index"": 1152, ""target_field"": ""sub_type"", ""algorithm"": ""knn"", ""predicted_value"": ""Over The Counter"", ""confidence"": 1.0, ""prediction_source"": ""nearest_neighbors"", ""passes_threshold"": true, ""candidate_status"": ""Accepted"", ""rejection_reason"": null, ""validation_record_status"": ""valid""}]",
1156,sub_type,Over The Counter,1,Over The Counter,0.7292078911075134,Accepted,majority_vote,knn,"[""clustering"", ""grouped_majority"", ""knn""]",3,4,4,4,0.0,valid,True,"[{""row_index"": 1156, ""target_field"": ""sub_type"", ""algorithm"": ""grouped_majority"", ""predicted_value"": ""Over The Counter"", ""confidence"": 0.599388379204893, ""prediction_source"": ""group_majority"", ""passes_threshold"": true, ""candidate_status"": ""Accepted"", ""rejection_reason"": null, ""validation_record_status"": ""valid""}, {""row_index"": 1156, ""target_field"": ""sub_type"", ""algorithm"": ""association_rules"", ""predicted_value"": ""Residential Building Report"", ""confidence"": 0.5913978494623656, ""prediction_source"": ""matched_rules"", ""passes_threshold"": true, ""candidate_status"": ""Accepted"", ""rejection_reason"": null, ""validation_record_status"": ""valid""}, {""row_index"": 1156, ""target_field"": ""sub_type"", ""algorithm"": ""clustering"", ""predicted_value"": ""Over The Counter"", ""confidence"": 0.5882352941176471, ""prediction_source"": ""cluster_majority"", ""passes_threshold"": true, ""candidate_status"": ""Accepted"", ""rejection_reason"": null, ""validation_record_status"": ""valid""}, {""row_index"": 1156, ""target_field"": ""sub_type"", ""algorithm"": ""knn"", ""predicted_value"": ""Over The Counter"", ""confidence"": 1.0, ""prediction_source"": ""nearest_neighbors"", ""passes_threshold"": true, ""candidate_status"": ""Accepted"", ""rejection_reason"": null, ""validation_record_status"": ""valid""}]",
1157,sub_type,Over The Counter,1,Over The Counter,0.8117196084307262,Accepted,unanimous_vote,association_rules,"[""association_rules"", ""clustering"", ""grouped_majority"", ""knn""]",4,4,4,4,0.0,valid,True,"[{""row_index"": 1157, ""target_field"": ""sub_type"", ""algorithm"": ""grouped_majority"", ""predicted_value"": ""Over The Counter"", ""confidence"": 0.5567375886524822, ""prediction_source"": ""group_majority"", ""passes_threshold"": true, ""candidate_status"": ""Accepted"", ""rejection_reason"": null, ""validation_record_status"": ""valid""}, {""row_index"": 1157, ""target_field"": ""sub_type"", ""algorithm"": ""association_rules"", ""predicted_value"": ""Over The Counter"", ""confidence"": 1.0, ""prediction_source"": ""matched_rules"", ""passes_threshold"": true, ""candidate_status"": ""Accepted"", ""rejection_reason"": null, ""validation_record_status"": ""valid""}, {""row_index"": 1157, ""target_field"": ""sub_type"", ""algorithm"": ""clustering"", ""predicted_value"": ""Over The Counter"", ""confidence"": 0.6901408450704225, ""prediction_source"": ""cluster_majority"", ""passes_threshold"": true, ""candidate_status"": ""Accepted"", ""rejection_reason"": null, ""validation_record_status"": ""valid""}, {""row_index"": 1157, ""target_field"": ""sub_type"", ""algorithm"": ""knn"", ""predicted_value"": ""Over The Counter"", ""confidence"": 1.0, ""prediction_source"": ""nearest_neighbors"", ""passes_threshold"": true, ""candidate_status"": ""Accepted"", ""rejection_reason"": null, ""validation_record_status"": ""valid""}]",
1163,sub_type,Over The Counter,1,Over The Counter,0.7675904818192052,Accepted,unanimous_vote,association_rules,"[""association_rules"", ""clustering"", ""grouped_majority"", ""knn""]",4,4,4,4,0.0,valid,True,"[{""row_index"": 1163, ""target_field"": ""sub_type"", ""algorithm"": ""grouped_majority"", ""predicted_value"": ""Over The Counter"", ""confidence"": 0.5567375886524822, ""prediction_source"": ""group_majority"", ""passes_threshold"": true, ""candidate_status"": ""Accepted"", ""rejection_reason"": null, ""validation_record_status"": ""valid""}, {""row_index"": 1163, ""target_field"": ""sub_type"", ""algorithm"": ""association_rules"", ""predicted_value"": ""Over The Counter"", ""confidence"": 0.8988095238095238, ""prediction_source"": ""matched_rules"", ""passes_threshold"": true, ""candidate_status"": ""Accepted"", ""rejection_reason"": null, ""validation_record_status"": ""valid""}, {""row_index"": 1163, ""target_field"": ""sub_type"", ""algorithm"": ""clustering"", ""predicted_value"": ""Over The Counter"", ""confidence"": 0.8148148148148148, ""prediction_source"": ""cluster_majority"", ""passes_threshold"": true, ""candidate_status"": ""Accepted"", ""rejection_reason"": null, ""validation_record_status"": ""valid""}, {""row_index"": 1163, ""target_field"": ""sub_type"", ""algorithm"": ""knn"", ""predicted_value"": ""Over The Counter"", ""confidence"": 0.8, ""prediction_source"": ""nearest_neighbors"", ""passes_threshold"": true, ""candidate_status"": ""Accepted"", ""rejection_reason"": null, ""validation_record_status"": ""valid""}]",
1168,sub_type,Over The Counter,1,Over The Counter,0.8466794380587483,Accepted,unanimous_vote,association_rules,"[""association_rules"", ""clustering"", ""grouped_majority"", ""knn""]",4,4,4,4,0.0,valid,True,"[{""row_index"": 1168, ""target_field"": ""sub_type"", ""algorithm"": ""grouped_majority"", ""predicted_value"": ""Over The Counter"", ""confidence"": 0.9793103448275862, ""prediction_source"": ""group_majority"", ""passes_threshold"": true, ""candidate_status"": ""Accepted"", ""rejection_reason"": null, ""validation_record_status"": ""valid""}, {""row_index"": 1168, ""target_field"": ""sub_type"", ""algorithm"": ""association_rules"", ""predicted_value"": ""Over The Counter"", ""confidence"": 1.0, ""prediction_source"": ""matched_rules"", ""passes_threshold"": true, ""candidate_status"": ""Accepted"", ""rejection_reason"": null, ""validation_record_status"": ""valid""}, {""row_index"": 1168, ""target_field"": ""sub_type"", ""algorithm"": ""clustering"", ""predicted_value"": ""Over The Counter"", ""confidence"": 0.4074074074074074, ""prediction_source"": ""cluster_majority"", ""passes_threshold"": true, ""candidate_status"": ""Accepted"", ""rejection_reason"": null, ""validation_record_status"": ""valid""}, {""row_index"": 1168, ""target_field"": ""sub_type"", ""algorithm"": ""knn"", ""predicted_value"": ""Over The Counter"", ""confidence"": 1.0, ""prediction_source"": ""nearest_neighbors"", ""passes_threshold"": true, ""candidate_status"": ""Accepted"", ""rejection_reason"": null, ""validation_record_status"": ""valid""}]",
1169,sub_type,Over The Counter,1,Over The Counter,0.9001209921355112,Accepted,majority_vote,grouped_majority,"[""clustering"", ""grouped_majority"", ""knn""]",3,4,4,4,0.0,valid,True,"[{""row_index"": 1169, ""target_field"": ""sub_type"", ""algorithm"": ""grouped_majority"", ""predicted_value"": ""Over The Counter"", ""confidence"": 0.9793103448275862, ""prediction_source"": ""group_majority"", ""passes_threshold"": true, ""candidate_status"": ""Accepted"", ""rejection_reason"": null, ""validation_record_status"": ""valid""}, {""row_index"": 1169, ""target_field"": ""sub_type"", ""algorithm"": ""association_rules"", ""predicted_value"": ""Residential Building Report"", ""confidence"": 0.5913978494623656, ""prediction_source"": ""matched_rules"", ""passes_threshold"": true, ""candidate_status"": ""Accepted"", ""rejection_reason"": null, ""validation_record_status"": ""valid""}, {""row_index"": 1169, ""target_field"": ""sub_type"", ""algorithm"": ""clustering"", ""predicted_value"": ""Over The Counter"", ""confidence"": 0.9210526315789473, ""prediction_source"": ""cluster_majority"", ""passes_threshold"": true, ""candidate_status"": ""Accepted"", ""rejection_reason"": null, ""validation_record_status"": ""valid""}, {""row_index"": 1169, ""target_field"": ""sub_type"", ""algorithm"": ""knn"", ""predicted_value"": ""Over The Counter"", ""confidence"": 0.8, ""prediction_source"": ""nearest_neighbors"", ""passes_threshold"": true, ""candidate_status"": ""Accepted"", ""rejection_reason"": null, ""validation_record_status"": ""valid""}]",
1170,sub_type,Over The Counter,1,Over The Counter,0.9920185974428516,Accepted,unanimous_vote,association_rules,"[""association_rules"", ""clustering"", ""grouped_majority"", ""knn""]",4,4,4,4,0.0,valid,True,"[{""row_index"": 1170, ""target_field"": ""sub_type"", ""algorithm"": ""grouped_majority"", ""predicted_value"": ""Over The Counter"", ""confidence"": 0.9793103448275862, ""prediction_source"": ""group_majority"", ""passes_threshold"": true, ""candidate_status"": ""Accepted"", ""rejection_reason"": null, ""validation_record_status"": ""valid""}, {""row_index"": 1170, ""target_field"": ""sub_type"", ""algorithm"": ""association_rules"", ""predicted_value"": ""Over The Counter"", ""confidence"": 1.0, ""prediction_source"": ""matched_rules"", ""passes_threshold"": true, ""candidate_status"": ""Accepted"", ""rejection_reason"": null, ""validation_record_status"": ""valid""}, {""row_index"": 1170, ""target_field"": ""sub_type"", ""algorithm"": ""clustering"", ""predicted_value"": ""Over The Counter"", ""confidence"": 0.9887640449438202, ""prediction_source"": ""cluster_majority"", ""passes_threshold"": true, ""candidate_status"": ""Accepted"", ""rejection_reason"": null, ""validation_record_status"": ""valid""}, {""row_index"": 1170, ""target_field"": ""sub_type"", ""algorithm"": ""knn"", ""predicted_value"": ""Over The Counter"", ""confidence"": 1.0, ""prediction_source"": ""nearest_neighbors"", ""passes_threshold"": true, ""candidate_status"": ""Accepted"", ""rejection_reason"": null, ""validation_record_status"": ""valid""}]",
1177,sub_type,Over The Counter,1,Over The Counter,0.9858380149812733,Accepted,majority_vote,knn,"[""clustering"", ""grouped_majority"", ""knn""]",3,4,4,4,0.0,valid,True,"[{""row_index"": 1177, ""target_field"": ""sub_type"", ""algorithm"": ""grouped_majority"", ""predicted_value"": ""Over The Counter"", ""confidence"": 0.96875, ""prediction_source"": ""group_majority"", ""passes_threshold"": true, ""candidate_status"": ""Accepted"", ""rejection_reason"": null, ""validation_record_status"": ""valid""}, {""row_index"": 1177, ""target_field"": ""sub_type"", ""algorithm"": ""association_rules"", ""predicted_value"": ""Residential Building Report"", ""confidence"": 0.5760869565217392, ""prediction_source"": ""matched_rules"", ""passes_threshold"": true, ""candidate_status"": ""Accepted"", ""rejection_reason"": null, ""validation_record_status"": ""valid""}, {""row_index"": 1177, ""target_field"": ""sub_type"", ""algorithm"": ""clustering"", ""predicted_value"": ""Over The Counter"", ""confidence"": 0.9887640449438202, ""prediction_source"": ""cluster_majority"", ""passes_threshold"": true, ""candidate_status"": ""Accepted"", ""rejection_reason"": null, ""validation_record_status"": ""valid""}, {""row_index"": 1177, ""target_field"": ""sub_type"", ""algorithm"": ""knn"", ""predicted_value"": ""Over The Counter"", ""confidence"": 1.0, ""prediction_source"": ""nearest_neighbors"", ""passes_threshold"": true, ""candidate_status"": ""Accepted"", ""rejection_reason"": null, ""validation_record_status"": ""valid""}]",
1179,sub_type,Over The Counter,1,Over The Counter,0.9906888102088091,Accepted,unanimous_vote,knn,"[""association_rules"", ""clustering"", ""grouped_majority"", ""knn""]",4,4,4,4,0.0,valid,True,"[{""row_index"": 1179, ""target_field"": ""sub_type"", ""algorithm"": ""grouped_majority"", ""predicted_value"": ""Over The Counter"", ""confidence"": 0.9793103448275862, ""prediction_source"": ""group_majority"", ""passes_threshold"": true, ""candidate_status"": ""Accepted"", ""rejection_reason"": null, ""validation_record_status"": ""valid""}, {""row_index"": 1179, ""target_field"": ""sub_type"", ""algorithm"": ""association_rules"", ""predicted_value"": ""Over The Counter"", ""confidence"": 0.9946808510638299, ""prediction_source"": ""matched_rules"", ""passes_threshold"": true, ""candidate_status"": ""Accepted"", ""rejection_reason"": null, ""validation_record_status"": ""valid""}, {""row_index"": 1179, ""target_field"": ""sub_type"", ""algorithm"": ""clustering"", ""predicted_value"": ""Over The Counter"", ""confidence"": 0.9887640449438202, ""prediction_source"": ""cluster_majority"", ""passes_threshold"": true, ""candidate_status"": ""Accepted"", ""rejection_reason"": null, ""validation_record_status"": ""valid""}, {""row_index"": 1179, ""target_field"": ""sub_type"", ""algorithm"": ""knn"", ""predicted_value"": ""Over The Counter"", ""confidence"": 1.0, ""prediction_source"": ""nearest_neighbors"", ""passes_threshold"": true, ""candidate_status"": ""Accepted"", ""rejection_reason"": null, ""validation_record_status"": ""valid""}]",
1180,sub_type,Over The Counter,1,Over The Counter,0.9920185974428516,Accepted,unanimous_vote,association_rules,"[""association_rules"", ""clustering"", ""grouped_majority"", ""knn""]",4,4,4,4,0.0,valid,True,"[{""row_index"": 1180, ""target_field"": ""sub_type"", ""algorithm"": ""grouped_majority"", ""predicted_value"": ""Over The Counter"", ""confidence"": 0.9793103448275862, ""prediction_source"": ""group_majority"", ""passes_threshold"": true, ""candidate_status"": ""Accepted"", ""rejection_reason"": null, ""validation_record_status"": ""valid""}, {""row_index"": 1180, ""target_field"": ""sub_type"", ""algorithm"": ""association_rules"", ""predicted_value"": ""Over The Counter"", ""confidence"": 1.0, ""prediction_source"": ""matched_rules"", ""passes_threshold"": true, ""candidate_status"": ""Accepted"", ""rejection_reason"": null, ""validation_record_status"": ""valid""}, {""row_index"": 1180, ""target_field"": ""sub_type"", ""algorithm"": ""clustering"", ""predicted_value"": ""Over The Counter"", ""confidence"": 0.9887640449438202, ""prediction_source"": ""cluster_majority"", ""passes_threshold"": true, ""candidate_status"": ""Accepted"", ""rejection_reason"": null, ""validation_record_status"": ""valid""}, {""row_index"": 1180, ""target_field"": ""sub_type"", ""algorithm"": ""knn"", ""predicted_value"": ""Over The Counter"", ""confidence"": 1.0, ""prediction_source"": ""nearest_neighbors"", ""passes_threshold"": true, ""candidate_status"": ""Accepted"", ""rejection_reason"": null, ""validation_record_status"": ""valid""}]",
1183,sub_type,Over The Counter,1,Over The Counter,0.9750907441016334,Accepted,unanimous_vote,association_rules,"[""association_rules"", ""clustering"", ""grouped_majority"", ""knn""]",4,4,4,4,0.0,valid,True,"[{""row_index"": 1183, ""target_field"": ""sub_type"", ""algorithm"": ""grouped_majority"", ""predicted_value"": ""Over The Counter"", ""confidence"": 0.9793103448275862, ""prediction_source"": ""group_majority"", ""passes_threshold"": true, ""candidate_status"": ""Accepted"", ""rejection_reason"": null, ""validation_record_status"": ""valid""}, {""row_index"": 1183, ""target_field"": ""sub_type"", ""algorithm"": ""association_rules"", ""predicted_value"": ""Over The Counter"", ""confidence"": 1.0, ""prediction_source"": ""matched_rules"", ""passes_threshold"": true, ""candidate_status"": ""Accepted"", ""rejection_reason"": null, ""validation_record_status"": ""valid""}, {""row_index"": 1183, ""target_field"": ""sub_type"", ""algorithm"": ""clustering"", ""predicted_value"": ""Over The Counter"", ""confidence"": 0.9210526315789473, ""prediction_source"": ""cluster_majority"", ""passes_threshold"": true, ""candidate_status"": ""Accepted"", ""rejection_reason"": null, ""validation_record_status"": ""valid""}, {""row_index"": 1183, ""target_field"": ""sub_type"", ""algorithm"": ""knn"", ""predicted_value"": ""Over The Counter"", ""confidence"": 1.0, ""prediction_source"": ""nearest_neighbors"", ""passes_threshold"": true, ""candidate_status"": ""Accepted"", ""rejection_reason"": null, ""validation_record_status"": ""valid""}]",
1186,sub_type,Over The Counter,1,Over The Counter,0.9920185974428516,Accepted,unanimous_vote,association_rules,"[""association_rules"", ""clustering"", ""grouped_majority"", ""knn""]",4,4,4,4,0.0,valid,True,"[{""row_index"": 1186, ""target_field"": ""sub_type"", ""algorithm"": ""grouped_majority"", ""predicted_value"": ""Over The Counter"", ""confidence"": 0.9793103448275862, ""prediction_source"": ""group_majority"", ""passes_threshold"": true, ""candidate_status"": ""Accepted"", ""rejection_reason"": null, ""validation_record_status"": ""valid""}, {""row_index"": 1186, ""target_field"": ""sub_type"", ""algorithm"": ""association_rules"", ""predicted_value"": ""Over The Counter"", ""confidence"": 1.0, ""prediction_source"": ""matched_rules"", ""passes_threshold"": true, ""candidate_status"": ""Accepted"", ""rejection_reason"": null, ""validation_record_status"": ""valid""}, {""row_index"": 1186, ""target_field"": ""sub_type"", ""algorithm"": ""clustering"", ""predicted_value"": ""Over The Counter"", ""confidence"": 0.9887640449438202, ""prediction_source"": ""cluster_majority"", ""passes_threshold"": true, ""candidate_status"": ""Accepted"", ""rejection_reason"": null, ""validation_record_status"": ""valid""}, {""row_index"": 1186, ""target_field"": ""sub_type"", ""algorithm"": ""knn"", ""predicted_value"": ""Over The Counter"", ""confidence"": 1.0, ""prediction_source"": ""nearest_neighbors"", ""passes_threshold"": true, ""candidate_status"": ""Accepted"", ""rejection_reason"": null, ""validation_record_status"": ""valid""}]",
1190,sub_type,Over The Counter,1,Over The Counter,1.0,Accepted,unanimous_vote,association_rules,"[""association_rules"", ""clustering"", ""grouped_majority"", ""knn""]",4,4,4,4,0.0,valid,True,"[{""row_index"": 1190, ""target_field"": ""sub_type"", ""algorithm"": ""grouped_majority"", ""predicted_value"": ""Over The Counter"", ""confidence"": 1.0, ""prediction_source"": ""group_majority"", ""passes_threshold"": true, ""candidate_status"": ""Accepted"", ""rejection_reason"": null, ""validation_record_status"": ""valid""}, {""row_index"": 1190, ""target_field"": ""sub_type"", ""algorithm"": ""association_rules"", ""predicted_value"": ""Over The Counter"", ""confidence"": 1.0, ""prediction_source"": ""matched_rules"", ""passes_threshold"": true, ""candidate_status"": ""Accepted"", ""rejection_reason"": null, ""validation_record_status"": ""valid""}, {""row_index"": 1190, ""target_field"": ""sub_type"", ""algorithm"": ""clustering"", ""predicted_value"": ""Over The Counter"", ""confidence"": 1.0, ""prediction_source"": ""cluster_majority"", ""passes_threshold"": true, ""candidate_status"": ""Accepted"", ""rejection_reason"": null, ""validation_record_status"": ""valid""}, {""row_index"": 1190, ""target_field"": ""sub_type"", ""algorithm"": ""knn"", ""predicted_value"": ""Over The Counter"", ""confidence"": 1.0, ""prediction_source"": ""nearest_neighbors"", ""passes_threshold"": true, ""candidate_status"": ""Accepted"", ""rejection_reason"": null, ""validation_record_status"": ""valid""}]",
1191,sub_type,Over The Counter,1,Over The Counter,1.0,Accepted,unanimous_vote,association_rules,"[""association_rules"", ""clustering"", ""grouped_majority"", ""knn""]",4,4,4,4,0.0,valid,True,"[{""row_index"": 1191, ""target_field"": ""sub_type"", ""algorithm"": ""grouped_majority"", ""predicted_value"": ""Over The Counter"", ""confidence"": 1.0, ""prediction_source"": ""group_majority"", ""passes_threshold"": true, ""candidate_status"": ""Accepted"", ""rejection_reason"": null, ""validation_record_status"": ""valid""}, {""row_index"": 1191, ""target_field"": ""sub_type"", ""algorithm"": ""association_rules"", ""predicted_value"": ""Over The Counter"", ""confidence"": 1.0, ""prediction_source"": ""matched_rules"", ""passes_threshold"": true, ""candidate_status"": ""Accepted"", ""rejection_reason"": null, ""validation_record_status"": ""valid""}, {""row_index"": 1191, ""target_field"": ""sub_type"", ""algorithm"": ""clustering"", ""predicted_value"": ""Over The Counter"", ""confidence"": 1.0, ""prediction_source"": ""cluster_majority"", ""passes_threshold"": true, ""candidate_status"": ""Accepted"", ""rejection_reason"": null, ""validation_record_status"": ""valid""}, {""row_index"": 1191, ""target_field"": ""sub_type"", ""algorithm"": ""knn"", ""predicted_value"": ""Over The Counter"", ""confidence"": 1.0, ""prediction_source"": ""nearest_neighbors"", ""passes_threshold"": true, ""candidate_status"": ""Accepted"", ""rejection_reason"": null, ""validation_record_status"": ""valid""}]",
1200,sub_type,Over The Counter,1,Over The Counter,0.9972222222222222,Accepted,unanimous_vote,association_rules,"[""association_rules"", ""clustering"", ""grouped_majority"", ""knn""]",4,4,4,4,0.0,valid,True,"[{""row_index"": 1200, ""target_field"": ""sub_type"", ""algorithm"": ""grouped_majority"", ""predicted_value"": ""Over The Counter"", ""confidence"": 0.9888888888888889, ""prediction_source"": ""group_majority"", ""passes_threshold"": true, ""candidate_status"": ""Accepted"", ""rejection_reason"": null, ""validation_record_status"": ""valid""}, {""row_index"": 1200, ""target_field"": ""sub_type"", ""algorithm"": ""association_rules"", ""predicted_value"": ""Over The Counter"", ""confidence"": 1.0, ""prediction_source"": ""matched_rules"", ""passes_threshold"": true, ""candidate_status"": ""Accepted"", ""rejection_reason"": null, ""validation_record_status"": ""valid""}, {""row_index"": 1200, ""target_field"": ""sub_type"", ""algorithm"": ""clustering"", ""predicted_value"": ""Over The Counter"", ""confidence"": 1.0, ""prediction_source"": ""cluster_majority"", ""passes_threshold"": true, ""candidate_status"": ""Accepted"", ""rejection_reason"": null, ""validation_record_status"": ""valid""}, {""row_index"": 1200, ""target_field"": ""sub_type"", ""algorithm"": ""knn"", ""predicted_value"": ""Over The Counter"", ""confidence"": 1.0, ""prediction_source"": ""nearest_neighbors"", ""passes_threshold"": true, ""candidate_status"": ""Accepted"", ""rejection_reason"": null, ""validation_record_status"": ""valid""}]",
1201,sub_type,Over The Counter,1,Over The Counter,1.0,Accepted,majority_vote,clustering,"[""clustering"", ""grouped_majority"", ""knn""]",3,4,4,4,0.0,valid,True,"[{""row_index"": 1201, ""target_field"": ""sub_type"", ""algorithm"": ""grouped_majority"", ""predicted_value"": ""Over The Counter"", ""confidence"": 1.0, ""prediction_source"": ""group_majority"", ""passes_threshold"": true, ""candidate_status"": ""Accepted"", ""rejection_reason"": null, ""validation_record_status"": ""valid""}, {""row_index"": 1201, ""target_field"": ""sub_type"", ""algorithm"": ""association_rules"", ""predicted_value"": ""Residential Building Report"", ""confidence"": 0.5824175824175825, ""prediction_source"": ""matched_rules"", ""passes_threshold"": true, ""candidate_status"": ""Accepted"", ""rejection_reason"": null, ""validation_record_status"": ""valid""}, {""row_index"": 1201, ""target_field"": ""sub_type"", ""algorithm"": ""clustering"", ""predicted_value"": ""Over The Counter"", ""confidence"": 1.0, ""prediction_source"": ""cluster_majority"", ""passes_threshold"": true, ""candidate_status"": ""Accepted"", ""rejection_reason"": null, ""validation_record_status"": ""valid""}, {""row_index"": 1201, ""target_field"": ""sub_type"", ""algorithm"": ""knn"", ""predicted_value"": ""Over The Counter"", ""confidence"": 1.0, ""prediction_source"": ""nearest_neighbors"", ""passes_threshold"": true, ""candidate_status"": ""Accepted"", ""rejection_reason"": null, ""validation_record_status"": ""valid""}]",
1202,sub_type,Over The Counter,1,Over The Counter,0.9972222222222222,Accepted,unanimous_vote,association_rules,"[""association_rules"", ""clustering"", ""grouped_majority"", ""knn""]",4,4,4,4,0.0,valid,True,"[{""row_index"": 1202, ""target_field"": ""sub_type"", ""algorithm"": ""grouped_majority"", ""predicted_value"": ""Over The Counter"", ""confidence"": 0.9888888888888889, ""prediction_source"": ""group_majority"", ""passes_threshold"": true, ""candidate_status"": ""Accepted"", ""rejection_reason"": null, ""validation_record_status"": ""valid""}, {""row_index"": 1202, ""target_field"": ""sub_type"", ""algorithm"": ""association_rules"", ""predicted_value"": ""Over The Counter"", ""confidence"": 1.0, ""prediction_source"": ""matched_rules"", ""passes_threshold"": true, ""candidate_status"": ""Accepted"", ""rejection_reason"": null, ""validation_record_status"": ""valid""}, {""row_index"": 1202, ""target_field"": ""sub_type"", ""algorithm"": ""clustering"", ""predicted_value"": ""Over The Counter"", ""confidence"": 1.0, ""prediction_source"": ""cluster_majority"", ""passes_threshold"": true, ""candidate_status"": ""Accepted"", ""rejection_reason"": null, ""validation_record_status"": ""valid""}, {""row_index"": 1202, ""target_field"": ""sub_type"", ""algorithm"": ""knn"", ""predicted_value"": ""Over The Counter"", ""confidence"": 1.0, ""prediction_source"": ""nearest_neighbors"", ""passes_threshold"": true, ""candidate_status"": ""Accepted"", ""rejection_reason"": null, ""validation_record_status"": ""valid""}]",
1204,sub_type,Over The Counter,1,Over The Counter,0.9972222222222222,Accepted,unanimous_vote,association_rules,"[""association_rules"", ""clustering"", ""grouped_majority"", ""knn""]",4,4,4,4,0.0,valid,True,"[{""row_index"": 1204, ""target_field"": ""sub_type"", ""algorithm"": ""grouped_majority"", ""predicted_value"": ""Over The Counter"", ""confidence"": 0.9888888888888889, ""prediction_source"": ""group_majority"", ""passes_threshold"": true, ""candidate_status"": ""Accepted"", ""rejection_reason"": null, ""validation_record_status"": ""valid""}, {""row_index"": 1204, ""target_field"": ""sub_type"", ""algorithm"": ""association_rules"", ""predicted_value"": ""Over The Counter"", ""confidence"": 1.0, ""prediction_source"": ""matched_rules"", ""passes_threshold"": true, ""candidate_status"": ""Accepted"", ""rejection_reason"": null, ""validation_record_status"": ""valid""}, {""row_index"": 1204, ""target_field"": ""sub_type"", ""algorithm"": ""clustering"", ""predicted_value"": ""Over The Counter"", ""confidence"": 1.0, ""prediction_source"": ""cluster_majority"", ""passes_threshold"": true, ""candidate_status"": ""Accepted"", ""rejection_reason"": null, ""validation_record_status"": ""valid""}, {""row_index"": 1204, ""target_field"": ""sub_type"", ""algorithm"": ""knn"", ""predicted_value"": ""Over The Counter"", ""confidence"": 1.0, ""prediction_source"": ""nearest_neighbors"", ""passes_threshold"": true, ""candidate_status"": ""Accepted"", ""rejection_reason"": null, ""validation_record_status"": ""valid""}]",
1205,sub_type,Over The Counter,1,Over The Counter,0.9774853801169591,Accepted,unanimous_vote,association_rules,"[""association_rules"", ""clustering"", ""grouped_majority"", ""knn""]",4,4,4,4,0.0,valid,True,"[{""row_index"": 1205, ""target_field"": ""sub_type"", ""algorithm"": ""grouped_majority"", ""predicted_value"": ""Over The Counter"", ""confidence"": 0.9888888888888889, ""prediction_source"": ""group_majority"", ""passes_threshold"": true, ""candidate_status"": ""Accepted"", ""rejection_reason"": null, ""validation_record_status"": ""valid""}, {""row_index"": 1205, ""target_field"": ""sub_type"", ""algorithm"": ""association_rules"", ""predicted_value"": ""Over The Counter"", ""confidence"": 1.0, ""prediction_source"": ""matched_rules"", ""passes_threshold"": true, ""candidate_status"": ""Accepted"", ""rejection_reason"": null, ""validation_record_status"": ""valid""}, {""row_index"": 1205, ""target_field"": ""sub_type"", ""algorithm"": ""clustering"", ""predicted_value"": ""Over The Counter"", ""confidence"": 0.9210526315789473, ""prediction_source"": ""cluster_majority"", ""passes_threshold"": true, ""candidate_status"": ""Accepted"", ""rejection_reason"": null, ""validation_record_status"": ""valid""}, {""row_index"": 1205, ""target_field"": ""sub_type"", ""algorithm"": ""knn"", ""predicted_value"": ""Over The Counter"", ""confidence"": 1.0, ""prediction_source"": ""nearest_neighbors"", ""passes_threshold"": true, ""candidate_status"": ""Accepted"", ""rejection_reason"": null, ""validation_record_status"": ""valid""}]",
1207,sub_type,Over The Counter,1,Over The Counter,0.9972222222222222,Accepted,unanimous_vote,association_rules,"[""association_rules"", ""clustering"", ""grouped_majority"", ""knn""]",4,4,4,4,0.0,valid,True,"[{""row_index"": 1207, ""target_field"": ""sub_type"", ""algorithm"": ""grouped_majority"", ""predicted_value"": ""Over The Counter"", ""confidence"": 0.9888888888888889, ""prediction_source"": ""group_majority"", ""passes_threshold"": true, ""candidate_status"": ""Accepted"", ""rejection_reason"": null, ""validation_record_status"": ""valid""}, {""row_index"": 1207, ""target_field"": ""sub_type"", ""algorithm"": ""association_rules"", ""predicted_value"": ""Over The Counter"", ""confidence"": 1.0, ""prediction_source"": ""matched_rules"", ""passes_threshold"": true, ""candidate_status"": ""Accepted"", ""rejection_reason"": null, ""validation_record_status"": ""valid""}, {""row_index"": 1207, ""target_field"": ""sub_type"", ""algorithm"": ""clustering"", ""predicted_value"": ""Over The Counter"", ""confidence"": 1.0, ""prediction_source"": ""cluster_majority"", ""passes_threshold"": true, ""candidate_status"": ""Accepted"", ""rejection_reason"": null, ""validation_record_status"": ""valid""}, {""row_index"": 1207, ""target_field"": ""sub_type"", ""algorithm"": ""knn"", ""predicted_value"": ""Over The Counter"", ""confidence"": 1.0, ""prediction_source"": ""nearest_neighbors"", ""passes_threshold"": true, ""candidate_status"": ""Accepted"", ""rejection_reason"": null, ""validation_record_status"": ""valid""}]",
1210,sub_type,Residential Building Report,1,Residential Building Report,0.9097005884389062,Accepted,unanimous_vote,knn,"[""association_rules"", ""clustering"", ""grouped_majority"", ""knn""]",4,4,4,4,0.0,valid,True,"[{""row_index"": 1210, ""target_field"": ""sub_type"", ""algorithm"": ""grouped_majority"", ""predicted_value"": ""Residential Building Report"", ""confidence"": 0.9814814814814815, ""prediction_source"": ""group_majority"", ""passes_threshold"": true, ""candidate_status"": ""Accepted"", ""rejection_reason"": null, ""validation_record_status"": ""valid""}, {""row_index"": 1210, ""target_field"": ""sub_type"", ""algorithm"": ""association_rules"", ""predicted_value"": ""Residential Building Report"", ""confidence"": 0.9906542056074769, ""prediction_source"": ""matched_rules"", ""passes_threshold"": true, ""candidate_status"": ""Accepted"", ""rejection_reason"": null, ""validation_record_status"": ""valid""}, {""row_index"": 1210, ""target_field"": ""sub_type"", ""algorithm"": ""clustering"", ""predicted_value"": ""Residential Building Report"", ""confidence"": 0.6666666666666666, ""prediction_source"": ""cluster_majority"", ""passes_threshold"": true, ""candidate_status"": ""Accepted"", ""rejection_reason"": null, ""validation_record_status"": ""valid""}, {""row_index"": 1210, ""target_field"": ""sub_type"", ""algorithm"": ""knn"", ""predicted_value"": ""Residential Building Report"", ""confidence"": 1.0, ""prediction_source"": ""nearest_neighbors"", ""passes_threshold"": true, ""candidate_status"": ""Accepted"", ""rejection_reason"": null, ""validation_record_status"": ""valid""}]",
1211,sub_type,Residential Building Report,1,Residential Building Report,0.9097005884389062,Accepted,unanimous_vote,knn,"[""association_rules"", ""clustering"", ""grouped_majority"", ""knn""]",4,4,4,4,0.0,valid,True,"[{""row_index"": 1211, ""target_field"": ""sub_type"", ""algorithm"": ""grouped_majority"", ""predicted_value"": ""Residential Building Report"", ""confidence"": 0.9814814814814815, ""prediction_source"": ""group_majority"", ""passes_threshold"": true, ""candidate_status"": ""Accepted"", ""rejection_reason"": null, ""validation_record_status"": ""valid""}, {""row_index"": 1211, ""target_field"": ""sub_type"", ""algorithm"": ""association_rules"", ""predicted_value"": ""Residential Building Report"", ""confidence"": 0.9906542056074769, ""prediction_source"": ""matched_rules"", ""passes_threshold"": true, ""candidate_status"": ""Accepted"", ""rejection_reason"": null, ""validation_record_status"": ""valid""}, {""row_index"": 1211, ""target_field"": ""sub_type"", ""algorithm"": ""clustering"", ""predicted_value"": ""Residential Building Report"", ""confidence"": 0.6666666666666666, ""prediction_source"": ""cluster_majority"", ""passes_threshold"": true, ""candidate_status"": ""Accepted"", ""rejection_reason"": null, ""validation_record_status"": ""valid""}, {""row_index"": 1211, ""target_field"": ""sub_type"", ""algorithm"": ""knn"", ""predicted_value"": ""Residential Building Report"", ""confidence"": 1.0, ""prediction_source"": ""nearest_neighbors"", ""passes_threshold"": true, ""candidate_status"": ""Accepted"", ""rejection_reason"": null, ""validation_record_status"": ""valid""}]",
1212,sub_type,Residential Building Report,1,Residential Building Report,0.9097005884389062,Accepted,unanimous_vote,knn,"[""association_rules"", ""clustering"", ""grouped_majority"", ""knn""]",4,4,4,4,0.0,valid,True,"[{""row_index"": 1212, ""target_field"": ""sub_type"", ""algorithm"": ""grouped_majority"", ""predicted_value"": ""Residential Building Report"", ""confidence"": 0.9814814814814815, ""prediction_source"": ""group_majority"", ""passes_threshold"": true, ""candidate_status"": ""Accepted"", ""rejection_reason"": null, ""validation_record_status"": ""valid""}, {""row_index"": 1212, ""target_field"": ""sub_type"", ""algorithm"": ""association_rules"", ""predicted_value"": ""Residential Building Report"", ""confidence"": 0.9906542056074769, ""prediction_source"": ""matched_rules"", ""passes_threshold"": true, ""candidate_status"": ""Accepted"", ""rejection_reason"": null, ""validation_record_status"": ""valid""}, {""row_index"": 1212, ""target_field"": ""sub_type"", ""algorithm"": ""clustering"", ""predicted_value"": ""Residential Building Report"", ""confidence"": 0.6666666666666666, ""prediction_source"": ""cluster_majority"", ""passes_threshold"": true, ""candidate_status"": ""Accepted"", ""rejection_reason"": null, ""validation_record_status"": ""valid""}, {""row_index"": 1212, ""target_field"": ""sub_type"", ""algorithm"": ""knn"", ""predicted_value"": ""Residential Building Report"", ""confidence"": 1.0, ""prediction_source"": ""nearest_neighbors"", ""passes_threshold"": true, ""candidate_status"": ""Accepted"", ""rejection_reason"": null, ""validation_record_status"": ""valid""}]",
1214,sub_type,Residential Building Report,1,Residential Building Report,0.9097005884389062,Accepted,unanimous_vote,knn,"[""association_rules"", ""clustering"", ""grouped_majority"", ""knn""]",4,4,4,4,0.0,valid,True,"[{""row_index"": 1214, ""target_field"": ""sub_type"", ""algorithm"": ""grouped_majority"", ""predicted_value"": ""Residential Building Report"", ""confidence"": 0.9814814814814815, ""prediction_source"": ""group_majority"", ""passes_threshold"": true, ""candidate_status"": ""Accepted"", ""rejection_reason"": null, ""validation_record_status"": ""valid""}, {""row_index"": 1214, ""target_field"": ""sub_type"", ""algorithm"": ""association_rules"", ""predicted_value"": ""Residential Building Report"", ""confidence"": 0.9906542056074769, ""prediction_source"": ""matched_rules"", ""passes_threshold"": true, ""candidate_status"": ""Accepted"", ""rejection_reason"": null, ""validation_record_status"": ""valid""}, {""row_index"": 1214, ""target_field"": ""sub_type"", ""algorithm"": ""clustering"", ""predicted_value"": ""Residential Building Report"", ""confidence"": 0.6666666666666666, ""prediction_source"": ""cluster_majority"", ""passes_threshold"": true, ""candidate_status"": ""Accepted"", ""rejection_reason"": null, ""validation_record_status"": ""valid""}, {""row_index"": 1214, ""target_field"": ""sub_type"", ""algorithm"": ""knn"", ""predicted_value"": ""Residential Building Report"", ""confidence"": 1.0, ""prediction_source"": ""nearest_neighbors"", ""passes_threshold"": true, ""candidate_status"": ""Accepted"", ""rejection_reason"": null, ""validation_record_status"": ""valid""}]",
1217,sub_type,Solar,1,Over The Counter,0.7647154429147546,Accepted,unanimous_vote,knn,"[""association_rules"", ""clustering"", ""grouped_majority"", ""knn""]",4,4,4,4,0.0,valid,True,"[{""row_index"": 1217, ""target_field"": ""sub_type"", ""algorithm"": ""grouped_majority"", ""predicted_value"": ""Over The Counter"", ""confidence"": 0.5567375886524822, ""prediction_source"": ""group_majority"", ""passes_threshold"": true, ""candidate_status"": ""Accepted"", ""rejection_reason"": null, ""validation_record_status"": ""valid""}, {""row_index"": 1217, ""target_field"": ""sub_type"", ""algorithm"": ""association_rules"", ""predicted_value"": ""Over The Counter"", ""confidence"": 0.9138888888888889, ""prediction_source"": ""matched_rules"", ""passes_threshold"": true, ""candidate_status"": ""Accepted"", ""rejection_reason"": null, ""validation_record_status"": ""valid""}, {""row_index"": 1217, ""target_field"": ""sub_type"", ""algorithm"": ""clustering"", ""predicted_value"": ""Over The Counter"", ""confidence"": 0.5882352941176471, ""prediction_source"": ""cluster_majority"", ""passes_threshold"": true, ""candidate_status"": ""Accepted"", ""rejection_reason"": null, ""validation_record_status"": ""valid""}, {""row_index"": 1217, ""target_field"": ""sub_type"", ""algorithm"": ""knn"", ""predicted_value"": ""Over The Counter"", ""confidence"": 1.0, ""prediction_source"": ""nearest_neighbors"", ""passes_threshold"": true, ""candidate_status"": ""Accepted"", ""rejection_reason"": null, ""validation_record_status"": ""valid""}]",
1218,sub_type,Solar,1,Over The Counter,0.7864219893831071,Accepted,unanimous_vote,knn,"[""association_rules"", ""clustering"", ""grouped_majority"", ""knn""]",4,4,4,4,0.0,valid,True,"[{""row_index"": 1218, ""target_field"": ""sub_type"", ""algorithm"": ""grouped_majority"", ""predicted_value"": ""Over The Counter"", ""confidence"": 0.5567375886524822, ""prediction_source"": ""group_majority"", ""passes_threshold"": true, ""candidate_status"": ""Accepted"", ""rejection_reason"": null, ""validation_record_status"": ""valid""}, {""row_index"": 1218, ""target_field"": ""sub_type"", ""algorithm"": ""association_rules"", ""predicted_value"": ""Over The Counter"", ""confidence"": 0.8988095238095238, ""prediction_source"": ""matched_rules"", ""passes_threshold"": true, ""candidate_status"": ""Accepted"", ""rejection_reason"": null, ""validation_record_status"": ""valid""}, {""row_index"": 1218, ""target_field"": ""sub_type"", ""algorithm"": ""clustering"", ""predicted_value"": ""Over The Counter"", ""confidence"": 0.6901408450704225, ""prediction_source"": ""cluster_majority"", ""passes_threshold"": true, ""candidate_status"": ""Accepted"", ""rejection_reason"": null, ""validation_record_status"": ""valid""}, {""row_index"": 1218, ""target_field"": ""sub_type"", ""algorithm"": ""knn"", ""predicted_value"": ""Over The Counter"", ""confidence"": 1.0, ""prediction_source"": ""nearest_neighbors"", ""passes_threshold"": true, ""candidate_status"": ""Accepted"", ""rejection_reason"": null, ""validation_record_status"": ""valid""}]",
1220,sub_type,Full Plan Check,1,,0.8285714285714286,Requires Review,average_confidence_tiebreak,association_rules,"[""association_rules"", ""knn""]",2,4,4,4,0.0,valid,False,"[{""row_index"": 1220, ""target_field"": ""sub_type"", ""algorithm"": ""grouped_majority"", ""predicted_value"": ""Over The Counter"", ""confidence"": 0.5567375886524822, ""prediction_source"": ""group_majority"", ""passes_threshold"": true, ""candidate_status"": ""Accepted"", ""rejection_reason"": null, ""validation_record_status"": ""valid""}, {""row_index"": 1220, ""target_field"": ""sub_type"", ""algorithm"": ""association_rules"", ""predicted_value"": ""Full Plan Check"", ""confidence"": 0.8571428571428572, ""prediction_source"": ""matched_rules"", ""passes_threshold"": true, ""candidate_status"": ""Accepted"", ""rejection_reason"": null, ""validation_record_status"": ""valid""}, {""row_index"": 1220, ""target_field"": ""sub_type"", ""algorithm"": ""clustering"", ""predicted_value"": ""Over The Counter"", ""confidence"": 0.4074074074074074, ""prediction_source"": ""cluster_majority"", ""passes_threshold"": true, ""candidate_status"": ""Accepted"", ""rejection_reason"": null, ""validation_record_status"": ""valid""}, {""row_index"": 1220, ""target_field"": ""sub_type"", ""algorithm"": ""knn"", ""predicted_value"": ""Full Plan Check"", ""confidence"": 0.8, ""prediction_source"": ""nearest_neighbors"", ""passes_threshold"": true, ""candidate_status"": ""Accepted"", ""rejection_reason"": null, ""validation_record_status"": ""valid""}]",
1222,sub_type,Full Plan Check,1,Over The Counter,0.5857083801625135,Accepted,unanimous_vote,association_rules,"[""association_rules"", ""clustering"", ""grouped_majority"", ""knn""]",4,4,4,4,0.0,valid,True,"[{""row_index"": 1222, ""target_field"": ""sub_type"", ""algorithm"": ""grouped_majority"", ""predicted_value"": ""Over The Counter"", ""confidence"": 0.5567375886524822, ""prediction_source"": ""group_majority"", ""passes_threshold"": true, ""candidate_status"": ""Accepted"", ""rejection_reason"": null, ""validation_record_status"": ""valid""}, {""row_index"": 1222, ""target_field"": ""sub_type"", ""algorithm"": ""association_rules"", ""predicted_value"": ""Over The Counter"", ""confidence"": 0.778688524590164, ""prediction_source"": ""matched_rules"", ""passes_threshold"": true, ""candidate_status"": ""Accepted"", ""rejection_reason"": null, ""validation_record_status"": ""valid""}, {""row_index"": 1222, ""target_field"": ""sub_type"", ""algorithm"": ""clustering"", ""predicted_value"": ""Over The Counter"", ""confidence"": 0.4074074074074074, ""prediction_source"": ""cluster_majority"", ""passes_threshold"": true, ""candidate_status"": ""Accepted"", ""rejection_reason"": null, ""validation_record_status"": ""valid""}, {""row_index"": 1222, ""target_field"": ""sub_type"", ""algorithm"": ""knn"", ""predicted_value"": ""Over The Counter"", ""confidence"": 0.6, ""prediction_source"": ""nearest_neighbors"", ""passes_threshold"": true, ""candidate_status"": ""Accepted"", ""rejection_reason"": null, ""validation_record_status"": ""valid""}]",
1224,sub_type,Full Plan Check,1,,0.7285714285714286,Requires Review,average_confidence_tiebreak,association_rules,"[""association_rules"", ""knn""]",2,4,4,4,0.0,valid,False,"[{""row_index"": 1224, ""target_field"": ""sub_type"", ""algorithm"": ""grouped_majority"", ""predicted_value"": ""Over The Counter"", ""confidence"": 0.5567375886524822, ""prediction_source"": ""group_majority"", ""passes_threshold"": true, ""candidate_status"": ""Accepted"", ""rejection_reason"": null, ""validation_record_status"": ""valid""}, {""row_index"": 1224, ""target_field"": ""sub_type"", ""algorithm"": ""association_rules"", ""predicted_value"": ""Full Plan Check"", ""confidence"": 0.8571428571428572, ""prediction_source"": ""matched_rules"", ""passes_threshold"": true, ""candidate_status"": ""Accepted"", ""rejection_reason"": null, ""validation_record_status"": ""valid""}, {""row_index"": 1224, ""target_field"": ""sub_type"", ""algorithm"": ""clustering"", ""predicted_value"": ""Over The Counter"", ""confidence"": 0.4074074074074074, ""prediction_source"": ""cluster_majority"", ""passes_threshold"": true, ""candidate_status"": ""Accepted"", ""rejection_reason"": null, ""validation_record_status"": ""valid""}, {""row_index"": 1224, ""target_field"": ""sub_type"", ""algorithm"": ""knn"", ""predicted_value"": ""Full Plan Check"", ""confidence"": 0.6, ""prediction_source"": ""nearest_neighbors"", ""passes_threshold"": true, ""candidate_status"": ""Accepted"", ""rejection_reason"": null, ""validation_record_status"": ""valid""}]",
1225,sub_type,Full Plan Check,1,,0.5357142857142858,Requires Review,average_confidence_tiebreak,association_rules,"[""association_rules"", ""knn""]",2,4,4,4,0.0,valid,False,"[{""row_index"": 1225, ""target_field"": ""sub_type"", ""algorithm"": ""grouped_majority"", ""predicted_value"": ""Over The Counter"", ""confidence"": 0.5567375886524822, ""prediction_source"": ""group_majority"", ""passes_threshold"": true, ""candidate_status"": ""Accepted"", ""rejection_reason"": null, ""validation_record_status"": ""valid""}, {""row_index"": 1225, ""target_field"": ""sub_type"", ""algorithm"": ""association_rules"", ""predicted_value"": ""Full Plan Check"", ""confidence"": 0.5714285714285715, ""prediction_source"": ""matched_rules"", ""passes_threshold"": true, ""candidate_status"": ""Accepted"", ""rejection_reason"": null, ""validation_record_status"": ""valid""}, {""row_index"": 1225, ""target_field"": ""sub_type"", ""algorithm"": ""clustering"", ""predicted_value"": ""Over The Counter"", ""confidence"": 0.4074074074074074, ""prediction_source"": ""cluster_majority"", ""passes_threshold"": true, ""candidate_status"": ""Accepted"", ""rejection_reason"": null, ""validation_record_status"": ""valid""}, {""row_index"": 1225, ""target_field"": ""sub_type"", ""algorithm"": ""knn"", ""predicted_value"": ""Full Plan Check"", ""confidence"": 0.5, ""prediction_source"": ""nearest_neighbors"", ""passes_threshold"": true, ""candidate_status"": ""Accepted"", ""rejection_reason"": null, ""validation_record_status"": ""valid""}]",
1226,sub_type,Full Plan Check,1,,0.5357142857142858,Requires Review,average_confidence_tiebreak,association_rules,"[""association_rules"", ""knn""]",2,4,4,4,0.0,valid,False,"[{""row_index"": 1226, ""target_field"": ""sub_type"", ""algorithm"": ""grouped_majority"", ""predicted_value"": ""Over The Counter"", ""confidence"": 0.5567375886524822, ""prediction_source"": ""group_majority"", ""passes_threshold"": true, ""candidate_status"": ""Accepted"", ""rejection_reason"": null, ""validation_record_status"": ""valid""}, {""row_index"": 1226, ""target_field"": ""sub_type"", ""algorithm"": ""association_rules"", ""predicted_value"": ""Full Plan Check"", ""confidence"": 0.5714285714285715, ""prediction_source"": ""matched_rules"", ""passes_threshold"": true, ""candidate_status"": ""Accepted"", ""rejection_reason"": null, ""validation_record_status"": ""valid""}, {""row_index"": 1226, ""target_field"": ""sub_type"", ""algorithm"": ""clustering"", ""predicted_value"": ""Over The Counter"", ""confidence"": 0.4074074074074074, ""prediction_source"": ""cluster_majority"", ""passes_threshold"": true, ""candidate_status"": ""Accepted"", ""rejection_reason"": null, ""validation_record_status"": ""valid""}, {""row_index"": 1226, ""target_field"": ""sub_type"", ""algorithm"": ""knn"", ""predicted_value"": ""Full Plan Check"", ""confidence"": 0.5, ""prediction_source"": ""nearest_neighbors"", ""passes_threshold"": true, ""candidate_status"": ""Accepted"", ""rejection_reason"": null, ""validation_record_status"": ""valid""}]",
1227,sub_type,Full Plan Check,1,Over The Counter,0.7179696084307261,Accepted,unanimous_vote,association_rules,"[""association_rules"", ""clustering"", ""grouped_majority"", ""knn""]",4,4,4,4,0.0,valid,True,"[{""row_index"": 1227, ""target_field"": ""sub_type"", ""algorithm"": ""grouped_majority"", ""predicted_value"": ""Over The Counter"", ""confidence"": 0.5567375886524822, ""prediction_source"": ""group_majority"", ""passes_threshold"": true, ""candidate_status"": ""Accepted"", ""rejection_reason"": null, ""validation_record_status"": ""valid""}, {""row_index"": 1227, ""target_field"": ""sub_type"", ""algorithm"": ""association_rules"", ""predicted_value"": ""Over The Counter"", ""confidence"": 0.9583333333333333, ""prediction_source"": ""matched_rules"", ""passes_threshold"": true, ""candidate_status"": ""Accepted"", ""rejection_reason"": null, ""validation_record_status"": ""valid""}, {""row_index"": 1227, ""target_field"": ""sub_type"", ""algorithm"": ""clustering"", ""predicted_value"": ""Over The Counter"", ""confidence"": 0.6901408450704225, ""prediction_source"": ""cluster_majority"", ""passes_threshold"": true, ""candidate_status"": ""Accepted"", ""rejection_reason"": null, ""validation_record_status"": ""valid""}, {""row_index"": 1227, ""target_field"": ""sub_type"", ""algorithm"": ""knn"", ""predicted_value"": ""Over The Counter"", ""confidence"": 0.6666666666666666, ""prediction_source"": ""nearest_neighbors"", ""passes_threshold"": true, ""candidate_status"": ""Accepted"", ""rejection_reason"": null, ""validation_record_status"": ""valid""}]",
1228,sub_type,Full Plan Check,1,Over The Counter,0.7131662976156092,Accepted,unanimous_vote,association_rules,"[""association_rules"", ""clustering"", ""grouped_majority"", ""knn""]",4,4,4,4,0.0,valid,True,"[{""row_index"": 1228, ""target_field"": ""sub_type"", ""algorithm"": ""grouped_majority"", ""predicted_value"": ""Over The Counter"", ""confidence"": 0.5567375886524822, ""prediction_source"": ""group_majority"", ""passes_threshold"": true, ""candidate_status"": ""Accepted"", ""rejection_reason"": null, ""validation_record_status"": ""valid""}, {""row_index"": 1228, ""target_field"": ""sub_type"", ""algorithm"": ""association_rules"", ""predicted_value"": ""Over The Counter"", ""confidence"": 0.9076923076923077, ""prediction_source"": ""matched_rules"", ""passes_threshold"": true, ""candidate_status"": ""Accepted"", ""rejection_reason"": null, ""validation_record_status"": ""valid""}, {""row_index"": 1228, ""target_field"": ""sub_type"", ""algorithm"": ""clustering"", ""predicted_value"": ""Over The Counter"", ""confidence"": 0.5882352941176471, ""prediction_source"": ""cluster_majority"", ""passes_threshold"": true, ""candidate_status"": ""Accepted"", ""rejection_reason"": null, ""validation_record_status"": ""valid""}, {""row_index"": 1228, ""target_field"": ""sub_type"", ""algorithm"": ""knn"", ""predicted_value"": ""Over The Counter"", ""confidence"": 0.8, ""prediction_source"": ""nearest_neighbors"", ""passes_threshold"": true, ""candidate_status"": ""Accepted"", ""rejection_reason"": null, ""validation_record_status"": ""valid""}]",
1229,sub_type,In House Plan Check,1,,0.5857142857142857,Requires Review,average_confidence_tiebreak,knn,"[""association_rules"", ""knn""]",2,4,4,4,0.0,valid,False,"[{""row_index"": 1229, ""target_field"": ""sub_type"", ""algorithm"": ""grouped_majority"", ""predicted_value"": ""Over The Counter"", ""confidence"": 0.5567375886524822, ""prediction_source"": ""group_majority"", ""passes_threshold"": true, ""candidate_status"": ""Accepted"", ""rejection_reason"": null, ""validation_record_status"": ""valid""}, {""row_index"": 1229, ""target_field"": ""sub_type"", ""algorithm"": ""association_rules"", ""predicted_value"": ""Full Plan Check"", ""confidence"": 0.5714285714285715, ""prediction_source"": ""matched_rules"", ""passes_threshold"": true, ""candidate_status"": ""Accepted"", ""rejection_reason"": null, ""validation_record_status"": ""valid""}, {""row_index"": 1229, ""target_field"": ""sub_type"", ""algorithm"": ""clustering"", ""predicted_value"": ""Over The Counter"", ""confidence"": 0.4074074074074074, ""prediction_source"": ""cluster_majority"", ""passes_threshold"": true, ""candidate_status"": ""Accepted"", ""rejection_reason"": null, ""validation_record_status"": ""valid""}, {""row_index"": 1229, ""target_field"": ""sub_type"", ""algorithm"": ""knn"", ""predicted_value"": ""Full Plan Check"", ""confidence"": 0.6, ""prediction_source"": ""nearest_neighbors"", ""passes_threshold"": true, ""candidate_status"": ""Accepted"", ""rejection_reason"": null, ""validation_record_status"": ""valid""}]",
1233,sub_type,In House Plan Check,1,Over The Counter,0.5809445068833513,Accepted,majority_vote,association_rules,"[""association_rules"", ""clustering"", ""grouped_majority""]",3,4,4,4,0.0,valid,True,"[{""row_index"": 1233, ""target_field"": ""sub_type"", ""algorithm"": ""grouped_majority"", ""predicted_value"": ""Over The Counter"", ""confidence"": 0.5567375886524822, ""prediction_source"": ""group_majority"", ""passes_threshold"": true, ""candidate_status"": ""Accepted"", ""rejection_reason"": null, ""validation_record_status"": ""valid""}, {""row_index"": 1233, ""target_field"": ""sub_type"", ""algorithm"": ""association_rules"", ""predicted_value"": ""Over The Counter"", ""confidence"": 0.778688524590164, ""prediction_source"": ""matched_rules"", ""passes_threshold"": true, ""candidate_status"": ""Accepted"", ""rejection_reason"": null, ""validation_record_status"": ""valid""}, {""row_index"": 1233, ""target_field"": ""sub_type"", ""algorithm"": ""clustering"", ""predicted_value"": ""Over The Counter"", ""confidence"": 0.4074074074074074, ""prediction_source"": ""cluster_majority"", ""passes_threshold"": true, ""candidate_status"": ""Accepted"", ""rejection_reason"": null, ""validation_record_status"": ""valid""}, {""row_index"": 1233, ""target_field"": ""sub_type"", ""algorithm"": ""knn"", ""predicted_value"": ""Full Plan Check"", ""confidence"": 0.4, ""prediction_source"": ""nearest_neighbors"", ""passes_threshold"": true, ""candidate_status"": ""Accepted"", ""rejection_reason"": null, ""validation_record_status"": ""valid""}]",
1236,sub_type,In House Plan Check,1,Over The Counter,0.7862432206925324,Accepted,unanimous_vote,association_rules,"[""association_rules"", ""clustering"", ""grouped_majority"", ""knn""]",4,4,4,4,0.0,valid,True,"[{""row_index"": 1236, ""target_field"": ""sub_type"", ""algorithm"": ""grouped_majority"", ""predicted_value"": ""Over The Counter"", ""confidence"": 0.5567375886524822, ""prediction_source"": ""group_majority"", ""passes_threshold"": true, ""candidate_status"": ""Accepted"", ""rejection_reason"": null, ""validation_record_status"": ""valid""}, {""row_index"": 1236, ""target_field"": ""sub_type"", ""algorithm"": ""association_rules"", ""predicted_value"": ""Over The Counter"", ""confidence"": 1.0, ""prediction_source"": ""matched_rules"", ""passes_threshold"": true, ""candidate_status"": ""Accepted"", ""rejection_reason"": null, ""validation_record_status"": ""valid""}, {""row_index"": 1236, ""target_field"": ""sub_type"", ""algorithm"": ""clustering"", ""predicted_value"": ""Over The Counter"", ""confidence"": 0.5882352941176471, ""prediction_source"": ""cluster_majority"", ""passes_threshold"": true, ""candidate_status"": ""Accepted"", ""rejection_reason"": null, ""validation_record_status"": ""valid""}, {""row_index"": 1236, ""target_field"": ""sub_type"", ""algorithm"": ""knn"", ""predicted_value"": ""Over The Counter"", ""confidence"": 1.0, ""prediction_source"": ""nearest_neighbors"", ""passes_threshold"": true, ""candidate_status"": ""Accepted"", ""rejection_reason"": null, ""validation_record_status"": ""valid""}]",
1240,sub_type,Over The Counter,1,Over The Counter,0.5857083801625135,Accepted,unanimous_vote,association_rules,"[""association_rules"", ""clustering"", ""grouped_majority"", ""knn""]",4,4,4,4,0.0,valid,True,"[{""row_index"": 1240, ""target_field"": ""sub_type"", ""algorithm"": ""grouped_majority"", ""predicted_value"": ""Over The Counter"", ""confidence"": 0.5567375886524822, ""prediction_source"": ""group_majority"", ""passes_threshold"": true, ""candidate_status"": ""Accepted"", ""rejection_reason"": null, ""validation_record_status"": ""valid""}, {""row_index"": 1240, ""target_field"": ""sub_type"", ""algorithm"": ""association_rules"", ""predicted_value"": ""Over The Counter"", ""confidence"": 0.778688524590164, ""prediction_source"": ""matched_rules"", ""passes_threshold"": true, ""candidate_status"": ""Accepted"", ""rejection_reason"": null, ""validation_record_status"": ""valid""}, {""row_index"": 1240, ""target_field"": ""sub_type"", ""algorithm"": ""clustering"", ""predicted_value"": ""Over The Counter"", ""confidence"": 0.4074074074074074, ""prediction_source"": ""cluster_majority"", ""passes_threshold"": true, ""candidate_status"": ""Accepted"", ""rejection_reason"": null, ""validation_record_status"": ""valid""}, {""row_index"": 1240, ""target_field"": ""sub_type"", ""algorithm"": ""knn"", ""predicted_value"": ""Over The Counter"", ""confidence"": 0.6, ""prediction_source"": ""nearest_neighbors"", ""passes_threshold"": true, ""candidate_status"": ""Accepted"", ""rejection_reason"": null, ""validation_record_status"": ""valid""}]",
1244,sub_type,Over The Counter,1,Over The Counter,0.8657058630854896,Accepted,majority_vote,knn,"[""clustering"", ""grouped_majority"", ""knn""]",3,4,4,4,0.0,valid,True,"[{""row_index"": 1244, ""target_field"": ""sub_type"", ""algorithm"": ""grouped_majority"", ""predicted_value"": ""Over The Counter"", ""confidence"": 0.9069767441860465, ""prediction_source"": ""group_majority"", ""passes_threshold"": true, ""candidate_status"": ""Accepted"", ""rejection_reason"": null, ""validation_record_status"": ""valid""}, {""row_index"": 1244, ""target_field"": ""sub_type"", ""algorithm"": ""association_rules"", ""predicted_value"": ""Residential Building Report"", ""confidence"": 0.5247524752475248, ""prediction_source"": ""matched_rules"", ""passes_threshold"": true, ""candidate_status"": ""Accepted"", ""rejection_reason"": null, ""validation_record_status"": ""valid""}, {""row_index"": 1244, ""target_field"": ""sub_type"", ""algorithm"": ""clustering"", ""predicted_value"": ""Over The Counter"", ""confidence"": 0.6901408450704225, ""prediction_source"": ""cluster_majority"", ""passes_threshold"": true, ""candidate_status"": ""Accepted"", ""rejection_reason"": null, ""validation_record_status"": ""valid""}, {""row_index"": 1244, ""target_field"": ""sub_type"", ""algorithm"": ""knn"", ""predicted_value"": ""Over The Counter"", ""confidence"": 1.0, ""prediction_source"": ""nearest_neighbors"", ""passes_threshold"": true, ""candidate_status"": ""Accepted"", ""rejection_reason"": null, ""validation_record_status"": ""valid""}]",
1245,sub_type,Over The Counter,1,,0.9534883720930232,Requires Review,average_confidence_tiebreak,knn,"[""grouped_majority"", ""knn""]",2,4,4,4,0.0,valid,False,"[{""row_index"": 1245, ""target_field"": ""sub_type"", ""algorithm"": ""grouped_majority"", ""predicted_value"": ""Over The Counter"", ""confidence"": 0.9069767441860465, ""prediction_source"": ""group_majority"", ""passes_threshold"": true, ""candidate_status"": ""Accepted"", ""rejection_reason"": null, ""validation_record_status"": ""valid""}, {""row_index"": 1245, ""target_field"": ""sub_type"", ""algorithm"": ""association_rules"", ""predicted_value"": ""Residential Building Report"", ""confidence"": 0.6708860759493671, ""prediction_source"": ""matched_rules"", ""passes_threshold"": true, ""candidate_status"": ""Accepted"", ""rejection_reason"": null, ""validation_record_status"": ""valid""}, {""row_index"": 1245, ""target_field"": ""sub_type"", ""algorithm"": ""clustering"", ""predicted_value"": ""Residential Building Report"", ""confidence"": 0.6666666666666666, ""prediction_source"": ""cluster_majority"", ""passes_threshold"": true, ""candidate_status"": ""Accepted"", ""rejection_reason"": null, ""validation_record_status"": ""valid""}, {""row_index"": 1245, ""target_field"": ""sub_type"", ""algorithm"": ""knn"", ""predicted_value"": ""Over The Counter"", ""confidence"": 1.0, ""prediction_source"": ""nearest_neighbors"", ""passes_threshold"": true, ""candidate_status"": ""Accepted"", ""rejection_reason"": null, ""validation_record_status"": ""valid""}]",
1248,sub_type,Over The Counter,1,,0.9534883720930232,Requires Review,average_confidence_tiebreak,knn,"[""grouped_majority"", ""knn""]",2,4,4,4,0.0,valid,False,"[{""row_index"": 1248, ""target_field"": ""sub_type"", ""algorithm"": ""grouped_majority"", ""predicted_value"": ""Over The Counter"", ""confidence"": 0.9069767441860465, ""prediction_source"": ""group_majority"", ""passes_threshold"": true, ""candidate_status"": ""Accepted"", ""rejection_reason"": null, ""validation_record_status"": ""valid""}, {""row_index"": 1248, ""target_field"": ""sub_type"", ""algorithm"": ""association_rules"", ""predicted_value"": ""Residential Building Report"", ""confidence"": 0.6708860759493671, ""prediction_source"": ""matched_rules"", ""passes_threshold"": true, ""candidate_status"": ""Accepted"", ""rejection_reason"": null, ""validation_record_status"": ""valid""}, {""row_index"": 1248, ""target_field"": ""sub_type"", ""algorithm"": ""clustering"", ""predicted_value"": ""Residential Building Report"", ""confidence"": 0.6666666666666666, ""prediction_source"": ""cluster_majority"", ""passes_threshold"": true, ""candidate_status"": ""Accepted"", ""rejection_reason"": null, ""validation_record_status"": ""valid""}, {""row_index"": 1248, ""target_field"": ""sub_type"", ""algorithm"": ""knn"", ""predicted_value"": ""Over The Counter"", ""confidence"": 1.0, ""prediction_source"": ""nearest_neighbors"", ""passes_threshold"": true, ""candidate_status"": ""Accepted"", ""rejection_reason"": null, ""validation_record_status"": ""valid""}]",
1249,sub_type,Over The Counter,1,,0.55,Requires Review,average_confidence_tiebreak,knn,"[""association_rules"", ""knn""]",2,4,4,4,0.0,valid,False,"[{""row_index"": 1249, ""target_field"": ""sub_type"", ""algorithm"": ""grouped_majority"", ""predicted_value"": ""Over The Counter"", ""confidence"": 0.5567375886524822, ""prediction_source"": ""group_majority"", ""passes_threshold"": true, ""candidate_status"": ""Accepted"", ""rejection_reason"": null, ""validation_record_status"": ""valid""}, {""row_index"": 1249, ""target_field"": ""sub_type"", ""algorithm"": ""association_rules"", ""predicted_value"": ""In House Plan Check"", ""confidence"": 0.5, ""prediction_source"": ""matched_rules"", ""passes_threshold"": true, ""candidate_status"": ""Accepted"", ""rejection_reason"": null, ""validation_record_status"": ""valid""}, {""row_index"": 1249, ""target_field"": ""sub_type"", ""algorithm"": ""clustering"", ""predicted_value"": ""Over The Counter"", ""confidence"": 0.4074074074074074, ""prediction_source"": ""cluster_majority"", ""passes_threshold"": true, ""candidate_status"": ""Accepted"", ""rejection_reason"": null, ""validation_record_status"": ""valid""}, {""row_index"": 1249, ""target_field"": ""sub_type"", ""algorithm"": ""knn"", ""predicted_value"": ""In House Plan Check"", ""confidence"": 0.6, ""prediction_source"": ""nearest_neighbors"", ""passes_threshold"": true, ""candidate_status"": ""Accepted"", ""rejection_reason"": null, ""validation_record_status"": ""valid""}]",
1251,sub_type,Over The Counter,1,Over The Counter,0.5724864413850647,Accepted,majority_vote,clustering,"[""clustering"", ""grouped_majority""]",2,4,4,4,0.0,valid,True,"[{""row_index"": 1251, ""target_field"": ""sub_type"", ""algorithm"": ""grouped_majority"", ""predicted_value"": ""Over The Counter"", ""confidence"": 0.5567375886524822, ""prediction_source"": ""group_majority"", ""passes_threshold"": true, ""candidate_status"": ""Accepted"", ""rejection_reason"": null, ""validation_record_status"": ""valid""}, {""row_index"": 1251, ""target_field"": ""sub_type"", ""algorithm"": ""association_rules"", ""predicted_value"": ""Residential Building Report"", ""confidence"": 0.55, ""prediction_source"": ""matched_rules"", ""passes_threshold"": true, ""candidate_status"": ""Accepted"", ""rejection_reason"": null, ""validation_record_status"": ""valid""}, {""row_index"": 1251, ""target_field"": ""sub_type"", ""algorithm"": ""clustering"", ""predicted_value"": ""Over The Counter"", ""confidence"": 0.5882352941176471, ""prediction_source"": ""cluster_majority"", ""passes_threshold"": true, ""candidate_status"": ""Accepted"", ""rejection_reason"": null, ""validation_record_status"": ""valid""}, {""row_index"": 1251, ""target_field"": ""sub_type"", ""algorithm"": ""knn"", ""predicted_value"": ""Full Plan Check"", ""confidence"": 0.5, ""prediction_source"": ""nearest_neighbors"", ""passes_threshold"": true, ""candidate_status"": ""Accepted"", ""rejection_reason"": null, ""validation_record_status"": ""valid""}]",
1256,sub_type,Over The Counter,1,Over The Counter,0.692909887359199,Accepted,unanimous_vote,association_rules,"[""association_rules"", ""clustering"", ""grouped_majority"", ""knn""]",4,4,4,4,0.0,valid,True,"[{""row_index"": 1256, ""target_field"": ""sub_type"", ""algorithm"": ""grouped_majority"", ""predicted_value"": ""Over The Counter"", ""confidence"": 0.5567375886524822, ""prediction_source"": ""group_majority"", ""passes_threshold"": true, ""candidate_status"": ""Accepted"", ""rejection_reason"": null, ""validation_record_status"": ""valid""}, {""row_index"": 1256, ""target_field"": ""sub_type"", ""algorithm"": ""association_rules"", ""predicted_value"": ""Over The Counter"", ""confidence"": 0.9600000000000001, ""prediction_source"": ""matched_rules"", ""passes_threshold"": true, ""candidate_status"": ""Accepted"", ""rejection_reason"": null, ""validation_record_status"": ""valid""}, {""row_index"": 1256, ""target_field"": ""sub_type"", ""algorithm"": ""clustering"", ""predicted_value"": ""Over The Counter"", ""confidence"": 0.5882352941176471, ""prediction_source"": ""cluster_majority"", ""passes_threshold"": true, ""candidate_status"": ""Accepted"", ""rejection_reason"": null, ""validation_record_status"": ""valid""}, {""row_index"": 1256, ""target_field"": ""sub_type"", ""algorithm"": ""knn"", ""predicted_value"": ""Over The Counter"", ""confidence"": 0.6666666666666666, ""prediction_source"": ""nearest_neighbors"", ""passes_threshold"": true, ""candidate_status"": ""Accepted"", ""rejection_reason"": null, ""validation_record_status"": ""valid""}]",
1257,sub_type,Over The Counter,1,Over The Counter,0.581657627590043,Accepted,majority_vote,knn,"[""clustering"", ""grouped_majority"", ""knn""]",3,4,4,4,0.0,valid,True,"[{""row_index"": 1257, ""target_field"": ""sub_type"", ""algorithm"": ""grouped_majority"", ""predicted_value"": ""Over The Counter"", ""confidence"": 0.5567375886524822, ""prediction_source"": ""group_majority"", ""passes_threshold"": true, ""candidate_status"": ""Accepted"", ""rejection_reason"": null, ""validation_record_status"": ""valid""}, {""row_index"": 1257, ""target_field"": ""sub_type"", ""algorithm"": ""association_rules"", ""predicted_value"": ""Residential Building Report"", ""confidence"": 0.5913978494623656, ""prediction_source"": ""matched_rules"", ""passes_threshold"": true, ""candidate_status"": ""Accepted"", ""rejection_reason"": null, ""validation_record_status"": ""valid""}, {""row_index"": 1257, ""target_field"": ""sub_type"", ""algorithm"": ""clustering"", ""predicted_value"": ""Over The Counter"", ""confidence"": 0.5882352941176471, ""prediction_source"": ""cluster_majority"", ""passes_threshold"": true, ""candidate_status"": ""Accepted"", ""rejection_reason"": null, ""validation_record_status"": ""valid""}, {""row_index"": 1257, ""target_field"": ""sub_type"", ""algorithm"": ""knn"", ""predicted_value"": ""Over The Counter"", ""confidence"": 0.6, ""prediction_source"": ""nearest_neighbors"", ""passes_threshold"": true, ""candidate_status"": ""Accepted"", ""rejection_reason"": null, ""validation_record_status"": ""valid""}]",
1259,sub_type,Over The Counter,1,Over The Counter,0.7152293191774762,Accepted,majority_vote,association_rules,"[""association_rules"", ""clustering"", ""grouped_majority""]",3,4,4,4,0.0,valid,True,"[{""row_index"": 1259, ""target_field"": ""sub_type"", ""algorithm"": ""grouped_majority"", ""predicted_value"": ""Over The Counter"", ""confidence"": 0.5567375886524822, ""prediction_source"": ""group_majority"", ""passes_threshold"": true, ""candidate_status"": ""Accepted"", ""rejection_reason"": null, ""validation_record_status"": ""valid""}, {""row_index"": 1259, ""target_field"": ""sub_type"", ""algorithm"": ""association_rules"", ""predicted_value"": ""Over The Counter"", ""confidence"": 0.8988095238095238, ""prediction_source"": ""matched_rules"", ""passes_threshold"": true, ""candidate_status"": ""Accepted"", ""rejection_reason"": null, ""validation_record_status"": ""valid""}, {""row_index"": 1259, ""target_field"": ""sub_type"", ""algorithm"": ""clustering"", ""predicted_value"": ""Over The Counter"", ""confidence"": 0.6901408450704225, ""prediction_source"": ""cluster_majority"", ""passes_threshold"": true, ""candidate_status"": ""Accepted"", ""rejection_reason"": null, ""validation_record_status"": ""valid""}, {""row_index"": 1259, ""target_field"": ""sub_type"", ""algorithm"": ""knn"", ""predicted_value"": ""In House Plan Check"", ""confidence"": 0.6, ""prediction_source"": ""nearest_neighbors"", ""passes_threshold"": true, ""candidate_status"": ""Accepted"", ""rejection_reason"": null, ""validation_record_status"": ""valid""}]",
1261,sub_type,Over The Counter,1,Over The Counter,0.7179696084307261,Accepted,unanimous_vote,association_rules,"[""association_rules"", ""clustering"", ""grouped_majority"", ""knn""]",4,4,4,4,0.0,valid,True,"[{""row_index"": 1261, ""target_field"": ""sub_type"", ""algorithm"": ""grouped_majority"", ""predicted_value"": ""Over The Counter"", ""confidence"": 0.5567375886524822, ""prediction_source"": ""group_majority"", ""passes_threshold"": true, ""candidate_status"": ""Accepted"", ""rejection_reason"": null, ""validation_record_status"": ""valid""}, {""row_index"": 1261, ""target_field"": ""sub_type"", ""algorithm"": ""association_rules"", ""predicted_value"": ""Over The Counter"", ""confidence"": 0.9583333333333333, ""prediction_source"": ""matched_rules"", ""passes_threshold"": true, ""candidate_status"": ""Accepted"", ""rejection_reason"": null, ""validation_record_status"": ""valid""}, {""row_index"": 1261, ""target_field"": ""sub_type"", ""algorithm"": ""clustering"", ""predicted_value"": ""Over The Counter"", ""confidence"": 0.6901408450704225, ""prediction_source"": ""cluster_majority"", ""passes_threshold"": true, ""candidate_status"": ""Accepted"", ""rejection_reason"": null, ""validation_record_status"": ""valid""}, {""row_index"": 1261, ""target_field"": ""sub_type"", ""algorithm"": ""knn"", ""predicted_value"": ""Over The Counter"", ""confidence"": 0.6666666666666666, ""prediction_source"": ""nearest_neighbors"", ""passes_threshold"": true, ""candidate_status"": ""Accepted"", ""rejection_reason"": null, ""validation_record_status"": ""valid""}]",
1264,sub_type,Over The Counter,1,Over The Counter,0.8068176476464124,Accepted,unanimous_vote,knn,"[""association_rules"", ""clustering"", ""grouped_majority"", ""knn""]",4,4,4,4,0.0,valid,True,"[{""row_index"": 1264, ""target_field"": ""sub_type"", ""algorithm"": ""grouped_majority"", ""predicted_value"": ""Over The Counter"", ""confidence"": 0.5567375886524822, ""prediction_source"": ""group_majority"", ""passes_threshold"": true, ""candidate_status"": ""Accepted"", ""rejection_reason"": null, ""validation_record_status"": ""valid""}, {""row_index"": 1264, ""target_field"": ""sub_type"", ""algorithm"": ""association_rules"", ""predicted_value"": ""Over The Counter"", ""confidence"": 0.9803921568627451, ""prediction_source"": ""matched_rules"", ""passes_threshold"": true, ""candidate_status"": ""Accepted"", ""rejection_reason"": null, ""validation_record_status"": ""valid""}, {""row_index"": 1264, ""target_field"": ""sub_type"", ""algorithm"": ""clustering"", ""predicted_value"": ""Over The Counter"", ""confidence"": 0.6901408450704225, ""prediction_source"": ""cluster_majority"", ""passes_threshold"": true, ""candidate_status"": ""Accepted"", ""rejection_reason"": null, ""validation_record_status"": ""valid""}, {""row_index"": 1264, ""target_field"": ""sub_type"", ""algorithm"": ""knn"", ""predicted_value"": ""Over The Counter"", ""confidence"": 1.0, ""prediction_source"": ""nearest_neighbors"", ""passes_threshold"": true, ""candidate_status"": ""Accepted"", ""rejection_reason"": null, ""validation_record_status"": ""valid""}]",
1267,sub_type,Over The Counter,1,Over The Counter,0.8405971863336203,Accepted,majority_vote,grouped_majority,"[""clustering"", ""grouped_majority"", ""knn""]",3,4,4,4,0.0,valid,True,"[{""row_index"": 1267, ""target_field"": ""sub_type"", ""algorithm"": ""grouped_majority"", ""predicted_value"": ""Over The Counter"", ""confidence"": 0.9069767441860465, ""prediction_source"": ""group_majority"", ""passes_threshold"": true, ""candidate_status"": ""Accepted"", ""rejection_reason"": null, ""validation_record_status"": ""valid""}, {""row_index"": 1267, ""target_field"": ""sub_type"", ""algorithm"": ""association_rules"", ""predicted_value"": ""Residential Building Report"", ""confidence"": 0.5247524752475248, ""prediction_source"": ""matched_rules"", ""passes_threshold"": true, ""candidate_status"": ""Accepted"", ""rejection_reason"": null, ""validation_record_status"": ""valid""}, {""row_index"": 1267, ""target_field"": ""sub_type"", ""algorithm"": ""clustering"", ""predicted_value"": ""Over The Counter"", ""confidence"": 0.8148148148148148, ""prediction_source"": ""cluster_majority"", ""passes_threshold"": true, ""candidate_status"": ""Accepted"", ""rejection_reason"": null, ""validation_record_status"": ""valid""}, {""row_index"": 1267, ""target_field"": ""sub_type"", ""algorithm"": ""knn"", ""predicted_value"": ""Over The Counter"", ""confidence"": 0.8, ""prediction_source"": ""nearest_neighbors"", ""passes_threshold"": true, ""candidate_status"": ""Accepted"", ""rejection_reason"": null, ""validation_record_status"": ""valid""}]",
1270,sub_type,Over The Counter,1,Over The Counter,0.7342571484858719,Accepted,unanimous_vote,association_rules,"[""association_rules"", ""clustering"", ""grouped_majority"", ""knn""]",4,4,4,4,0.0,valid,True,"[{""row_index"": 1270, ""target_field"": ""sub_type"", ""algorithm"": ""grouped_majority"", ""predicted_value"": ""Over The Counter"", ""confidence"": 0.5567375886524822, ""prediction_source"": ""group_majority"", ""passes_threshold"": true, ""candidate_status"": ""Accepted"", ""rejection_reason"": null, ""validation_record_status"": ""valid""}, {""row_index"": 1270, ""target_field"": ""sub_type"", ""algorithm"": ""association_rules"", ""predicted_value"": ""Over The Counter"", ""confidence"": 0.8988095238095238, ""prediction_source"": ""matched_rules"", ""passes_threshold"": true, ""candidate_status"": ""Accepted"", ""rejection_reason"": null, ""validation_record_status"": ""valid""}, {""row_index"": 1270, ""target_field"": ""sub_type"", ""algorithm"": ""clustering"", ""predicted_value"": ""Over The Counter"", ""confidence"": 0.8148148148148148, ""prediction_source"": ""cluster_majority"", ""passes_threshold"": true, ""candidate_status"": ""Accepted"", ""rejection_reason"": null, ""validation_record_status"": ""valid""}, {""row_index"": 1270, ""target_field"": ""sub_type"", ""algorithm"": ""knn"", ""predicted_value"": ""Over The Counter"", ""confidence"": 0.6666666666666666, ""prediction_source"": ""nearest_neighbors"", ""passes_threshold"": true, ""candidate_status"": ""Accepted"", ""rejection_reason"": null, ""validation_record_status"": ""valid""}]",
1271,sub_type,Over The Counter,1,Over The Counter,0.8428881008668243,Accepted,unanimous_vote,association_rules,"[""association_rules"", ""clustering"", ""grouped_majority"", ""knn""]",4,4,4,4,0.0,valid,True,"[{""row_index"": 1271, ""target_field"": ""sub_type"", ""algorithm"": ""grouped_majority"", ""predicted_value"": ""Over The Counter"", ""confidence"": 0.5567375886524822, ""prediction_source"": ""group_majority"", ""passes_threshold"": true, ""candidate_status"": ""Accepted"", ""rejection_reason"": null, ""validation_record_status"": ""valid""}, {""row_index"": 1271, ""target_field"": ""sub_type"", ""algorithm"": ""association_rules"", ""predicted_value"": ""Over The Counter"", ""confidence"": 1.0, ""prediction_source"": ""matched_rules"", ""passes_threshold"": true, ""candidate_status"": ""Accepted"", ""rejection_reason"": null, ""validation_record_status"": ""valid""}, {""row_index"": 1271, ""target_field"": ""sub_type"", ""algorithm"": ""clustering"", ""predicted_value"": ""Over The Counter"", ""confidence"": 0.8148148148148148, ""prediction_source"": ""cluster_majority"", ""passes_threshold"": true, ""candidate_status"": ""Accepted"", ""rejection_reason"": null, ""validation_record_status"": ""valid""}, {""row_index"": 1271, ""target_field"": ""sub_type"", ""algorithm"": ""knn"", ""predicted_value"": ""Over The Counter"", ""confidence"": 1.0, ""prediction_source"": ""nearest_neighbors"", ""passes_threshold"": true, ""candidate_status"": ""Accepted"", ""rejection_reason"": null, ""validation_record_status"": ""valid""}]",
1273,sub_type,Over The Counter,1,Over The Counter,0.9750907441016334,Accepted,unanimous_vote,association_rules,"[""association_rules"", ""clustering"", ""grouped_majority"", ""knn""]",4,4,4,4,0.0,valid,True,"[{""row_index"": 1273, ""target_field"": ""sub_type"", ""algorithm"": ""grouped_majority"", ""predicted_value"": ""Over The Counter"", ""confidence"": 0.9793103448275862, ""prediction_source"": ""group_majority"", ""passes_threshold"": true, ""candidate_status"": ""Accepted"", ""rejection_reason"": null, ""validation_record_status"": ""valid""}, {""row_index"": 1273, ""target_field"": ""sub_type"", ""algorithm"": ""association_rules"", ""predicted_value"": ""Over The Counter"", ""confidence"": 1.0, ""prediction_source"": ""matched_rules"", ""passes_threshold"": true, ""candidate_status"": ""Accepted"", ""rejection_reason"": null, ""validation_record_status"": ""valid""}, {""row_index"": 1273, ""target_field"": ""sub_type"", ""algorithm"": ""clustering"", ""predicted_value"": ""Over The Counter"", ""confidence"": 0.9210526315789473, ""prediction_source"": ""cluster_majority"", ""passes_threshold"": true, ""candidate_status"": ""Accepted"", ""rejection_reason"": null, ""validation_record_status"": ""valid""}, {""row_index"": 1273, ""target_field"": ""sub_type"", ""algorithm"": ""knn"", ""predicted_value"": ""Over The Counter"", ""confidence"": 1.0, ""prediction_source"": ""nearest_neighbors"", ""passes_threshold"": true, ""candidate_status"": ""Accepted"", ""rejection_reason"": null, ""validation_record_status"": ""valid""}]",
1274,sub_type,Over The Counter,1,Over The Counter,0.8466794380587483,Accepted,unanimous_vote,association_rules,"[""association_rules"", ""clustering"", ""grouped_majority"", ""knn""]",4,4,4,4,0.0,valid,True,"[{""row_index"": 1274, ""target_field"": ""sub_type"", ""algorithm"": ""grouped_majority"", ""predicted_value"": ""Over The Counter"", ""confidence"": 0.9793103448275862, ""prediction_source"": ""group_majority"", ""passes_threshold"": true, ""candidate_status"": ""Accepted"", ""rejection_reason"": null, ""validation_record_status"": ""valid""}, {""row_index"": 1274, ""target_field"": ""sub_type"", ""algorithm"": ""association_rules"", ""predicted_value"": ""Over The Counter"", ""confidence"": 1.0, ""prediction_source"": ""matched_rules"", ""passes_threshold"": true, ""candidate_status"": ""Accepted"", ""rejection_reason"": null, ""validation_record_status"": ""valid""}, {""row_index"": 1274, ""target_field"": ""sub_type"", ""algorithm"": ""clustering"", ""predicted_value"": ""Over The Counter"", ""confidence"": 0.4074074074074074, ""prediction_source"": ""cluster_majority"", ""passes_threshold"": true, ""candidate_status"": ""Accepted"", ""rejection_reason"": null, ""validation_record_status"": ""valid""}, {""row_index"": 1274, ""target_field"": ""sub_type"", ""algorithm"": ""knn"", ""predicted_value"": ""Over The Counter"", ""confidence"": 1.0, ""prediction_source"": ""nearest_neighbors"", ""passes_threshold"": true, ""candidate_status"": ""Accepted"", ""rejection_reason"": null, ""validation_record_status"": ""valid""}]",
1275,sub_type,Over The Counter,1,Over The Counter,0.9001209921355112,Accepted,majority_vote,grouped_majority,"[""clustering"", ""grouped_majority"", ""knn""]",3,4,4,4,0.0,valid,True,"[{""row_index"": 1275, ""target_field"": ""sub_type"", ""algorithm"": ""grouped_majority"", ""predicted_value"": ""Over The Counter"", ""confidence"": 0.9793103448275862, ""prediction_source"": ""group_majority"", ""passes_threshold"": true, ""candidate_status"": ""Accepted"", ""rejection_reason"": null, ""validation_record_status"": ""valid""}, {""row_index"": 1275, ""target_field"": ""sub_type"", ""algorithm"": ""association_rules"", ""predicted_value"": ""Residential Building Report"", ""confidence"": 0.5913978494623656, ""prediction_source"": ""matched_rules"", ""passes_threshold"": true, ""candidate_status"": ""Accepted"", ""rejection_reason"": null, ""validation_record_status"": ""valid""}, {""row_index"": 1275, ""target_field"": ""sub_type"", ""algorithm"": ""clustering"", ""predicted_value"": ""Over The Counter"", ""confidence"": 0.9210526315789473, ""prediction_source"": ""cluster_majority"", ""passes_threshold"": true, ""candidate_status"": ""Accepted"", ""rejection_reason"": null, ""validation_record_status"": ""valid""}, {""row_index"": 1275, ""target_field"": ""sub_type"", ""algorithm"": ""knn"", ""predicted_value"": ""Over The Counter"", ""confidence"": 0.8, ""prediction_source"": ""nearest_neighbors"", ""passes_threshold"": true, ""candidate_status"": ""Accepted"", ""rejection_reason"": null, ""validation_record_status"": ""valid""}]",
1277,sub_type,Over The Counter,1,Over The Counter,0.9001209921355112,Accepted,majority_vote,grouped_majority,"[""clustering"", ""grouped_majority"", ""knn""]",3,4,4,4,0.0,valid,True,"[{""row_index"": 1277, ""target_field"": ""sub_type"", ""algorithm"": ""grouped_majority"", ""predicted_value"": ""Over The Counter"", ""confidence"": 0.9793103448275862, ""prediction_source"": ""group_majority"", ""passes_threshold"": true, ""candidate_status"": ""Accepted"", ""rejection_reason"": null, ""validation_record_status"": ""valid""}, {""row_index"": 1277, ""target_field"": ""sub_type"", ""algorithm"": ""association_rules"", ""predicted_value"": ""Residential Building Report"", ""confidence"": 0.5913978494623656, ""prediction_source"": ""matched_rules"", ""passes_threshold"": true, ""candidate_status"": ""Accepted"", ""rejection_reason"": null, ""validation_record_status"": ""valid""}, {""row_index"": 1277, ""target_field"": ""sub_type"", ""algorithm"": ""clustering"", ""predicted_value"": ""Over The Counter"", ""confidence"": 0.9210526315789473, ""prediction_source"": ""cluster_majority"", ""passes_threshold"": true, ""candidate_status"": ""Accepted"", ""rejection_reason"": null, ""validation_record_status"": ""valid""}, {""row_index"": 1277, ""target_field"": ""sub_type"", ""algorithm"": ""knn"", ""predicted_value"": ""Over The Counter"", ""confidence"": 0.8, ""prediction_source"": ""nearest_neighbors"", ""passes_threshold"": true, ""candidate_status"": ""Accepted"", ""rejection_reason"": null, ""validation_record_status"": ""valid""}]",
1278,sub_type,Over The Counter,1,Over The Counter,0.9250907441016334,Accepted,unanimous_vote,association_rules,"[""association_rules"", ""clustering"", ""grouped_majority"", ""knn""]",4,4,4,4,0.0,valid,True,"[{""row_index"": 1278, ""target_field"": ""sub_type"", ""algorithm"": ""grouped_majority"", ""predicted_value"": ""Over The Counter"", ""confidence"": 0.9793103448275862, ""prediction_source"": ""group_majority"", ""passes_threshold"": true, ""candidate_status"": ""Accepted"", ""rejection_reason"": null, ""validation_record_status"": ""valid""}, {""row_index"": 1278, ""target_field"": ""sub_type"", ""algorithm"": ""association_rules"", ""predicted_value"": ""Over The Counter"", ""confidence"": 1.0, ""prediction_source"": ""matched_rules"", ""passes_threshold"": true, ""candidate_status"": ""Accepted"", ""rejection_reason"": null, ""validation_record_status"": ""valid""}, {""row_index"": 1278, ""target_field"": ""sub_type"", ""algorithm"": ""clustering"", ""predicted_value"": ""Over The Counter"", ""confidence"": 0.9210526315789473, ""prediction_source"": ""cluster_majority"", ""passes_threshold"": true, ""candidate_status"": ""Accepted"", ""rejection_reason"": null, ""validation_record_status"": ""valid""}, {""row_index"": 1278, ""target_field"": ""sub_type"", ""algorithm"": ""knn"", ""predicted_value"": ""Over The Counter"", ""confidence"": 0.8, ""prediction_source"": ""nearest_neighbors"", ""passes_threshold"": true, ""candidate_status"": ""Accepted"", ""rejection_reason"": null, ""validation_record_status"": ""valid""}]",
1279,sub_type,Over The Counter,1,Over The Counter,0.9250907441016334,Accepted,unanimous_vote,association_rules,"[""association_rules"", ""clustering"", ""grouped_majority"", ""knn""]",4,4,4,4,0.0,valid,True,"[{""row_index"": 1279, ""target_field"": ""sub_type"", ""algorithm"": ""grouped_majority"", ""predicted_value"": ""Over The Counter"", ""confidence"": 0.9793103448275862, ""prediction_source"": ""group_majority"", ""passes_threshold"": true, ""candidate_status"": ""Accepted"", ""rejection_reason"": null, ""validation_record_status"": ""valid""}, {""row_index"": 1279, ""target_field"": ""sub_type"", ""algorithm"": ""association_rules"", ""predicted_value"": ""Over The Counter"", ""confidence"": 1.0, ""prediction_source"": ""matched_rules"", ""passes_threshold"": true, ""candidate_status"": ""Accepted"", ""rejection_reason"": null, ""validation_record_status"": ""valid""}, {""row_index"": 1279, ""target_field"": ""sub_type"", ""algorithm"": ""clustering"", ""predicted_value"": ""Over The Counter"", ""confidence"": 0.9210526315789473, ""prediction_source"": ""cluster_majority"", ""passes_threshold"": true, ""candidate_status"": ""Accepted"", ""rejection_reason"": null, ""validation_record_status"": ""valid""}, {""row_index"": 1279, ""target_field"": ""sub_type"", ""algorithm"": ""knn"", ""predicted_value"": ""Over The Counter"", ""confidence"": 0.8, ""prediction_source"": ""nearest_neighbors"", ""passes_threshold"": true, ""candidate_status"": ""Accepted"", ""rejection_reason"": null, ""validation_record_status"": ""valid""}]",
1281,sub_type,Over The Counter,1,Over The Counter,0.9920185974428516,Accepted,unanimous_vote,association_rules,"[""association_rules"", ""clustering"", ""grouped_majority"", ""knn""]",4,4,4,4,0.0,valid,True,"[{""row_index"": 1281, ""target_field"": ""sub_type"", ""algorithm"": ""grouped_majority"", ""predicted_value"": ""Over The Counter"", ""confidence"": 0.9793103448275862, ""prediction_source"": ""group_majority"", ""passes_threshold"": true, ""candidate_status"": ""Accepted"", ""rejection_reason"": null, ""validation_record_status"": ""valid""}, {""row_index"": 1281, ""target_field"": ""sub_type"", ""algorithm"": ""association_rules"", ""predicted_value"": ""Over The Counter"", ""confidence"": 1.0, ""prediction_source"": ""matched_rules"", ""passes_threshold"": true, ""candidate_status"": ""Accepted"", ""rejection_reason"": null, ""validation_record_status"": ""valid""}, {""row_index"": 1281, ""target_field"": ""sub_type"", ""algorithm"": ""clustering"", ""predicted_value"": ""Over The Counter"", ""confidence"": 0.9887640449438202, ""prediction_source"": ""cluster_majority"", ""passes_threshold"": true, ""candidate_status"": ""Accepted"", ""rejection_reason"": null, ""validation_record_status"": ""valid""}, {""row_index"": 1281, ""target_field"": ""sub_type"", ""algorithm"": ""knn"", ""predicted_value"": ""Over The Counter"", ""confidence"": 1.0, ""prediction_source"": ""nearest_neighbors"", ""passes_threshold"": true, ""candidate_status"": ""Accepted"", ""rejection_reason"": null, ""validation_record_status"": ""valid""}]",
1282,sub_type,Over The Counter,1,Over The Counter,0.9750907441016334,Accepted,unanimous_vote,association_rules,"[""association_rules"", ""clustering"", ""grouped_majority"", ""knn""]",4,4,4,4,0.0,valid,True,"[{""row_index"": 1282, ""target_field"": ""sub_type"", ""algorithm"": ""grouped_majority"", ""predicted_value"": ""Over The Counter"", ""confidence"": 0.9793103448275862, ""prediction_source"": ""group_majority"", ""passes_threshold"": true, ""candidate_status"": ""Accepted"", ""rejection_reason"": null, ""validation_record_status"": ""valid""}, {""row_index"": 1282, ""target_field"": ""sub_type"", ""algorithm"": ""association_rules"", ""predicted_value"": ""Over The Counter"", ""confidence"": 1.0, ""prediction_source"": ""matched_rules"", ""passes_threshold"": true, ""candidate_status"": ""Accepted"", ""rejection_reason"": null, ""validation_record_status"": ""valid""}, {""row_index"": 1282, ""target_field"": ""sub_type"", ""algorithm"": ""clustering"", ""predicted_value"": ""Over The Counter"", ""confidence"": 0.9210526315789473, ""prediction_source"": ""cluster_majority"", ""passes_threshold"": true, ""candidate_status"": ""Accepted"", ""rejection_reason"": null, ""validation_record_status"": ""valid""}, {""row_index"": 1282, ""target_field"": ""sub_type"", ""algorithm"": ""knn"", ""predicted_value"": ""Over The Counter"", ""confidence"": 1.0, ""prediction_source"": ""nearest_neighbors"", ""passes_threshold"": true, ""candidate_status"": ""Accepted"", ""rejection_reason"": null, ""validation_record_status"": ""valid""}]",
1285,sub_type,Over The Counter,1,Over The Counter,0.9906888102088091,Accepted,unanimous_vote,knn,"[""association_rules"", ""clustering"", ""grouped_majority"", ""knn""]",4,4,4,4,0.0,valid,True,"[{""row_index"": 1285, ""target_field"": ""sub_type"", ""algorithm"": ""grouped_majority"", ""predicted_value"": ""Over The Counter"", ""confidence"": 0.9793103448275862, ""prediction_source"": ""group_majority"", ""passes_threshold"": true, ""candidate_status"": ""Accepted"", ""rejection_reason"": null, ""validation_record_status"": ""valid""}, {""row_index"": 1285, ""target_field"": ""sub_type"", ""algorithm"": ""association_rules"", ""predicted_value"": ""Over The Counter"", ""confidence"": 0.9946808510638299, ""prediction_source"": ""matched_rules"", ""passes_threshold"": true, ""candidate_status"": ""Accepted"", ""rejection_reason"": null, ""validation_record_status"": ""valid""}, {""row_index"": 1285, ""target_field"": ""sub_type"", ""algorithm"": ""clustering"", ""predicted_value"": ""Over The Counter"", ""confidence"": 0.9887640449438202, ""prediction_source"": ""cluster_majority"", ""passes_threshold"": true, ""candidate_status"": ""Accepted"", ""rejection_reason"": null, ""validation_record_status"": ""valid""}, {""row_index"": 1285, ""target_field"": ""sub_type"", ""algorithm"": ""knn"", ""predicted_value"": ""Over The Counter"", ""confidence"": 1.0, ""prediction_source"": ""nearest_neighbors"", ""passes_threshold"": true, ""candidate_status"": ""Accepted"", ""rejection_reason"": null, ""validation_record_status"": ""valid""}]",
1289,sub_type,Over The Counter,1,Over The Counter,0.9920185974428516,Accepted,unanimous_vote,association_rules,"[""association_rules"", ""clustering"", ""grouped_majority"", ""knn""]",4,4,4,4,0.0,valid,True,"[{""row_index"": 1289, ""target_field"": ""sub_type"", ""algorithm"": ""grouped_majority"", ""predicted_value"": ""Over The Counter"", ""confidence"": 0.9793103448275862, ""prediction_source"": ""group_majority"", ""passes_threshold"": true, ""candidate_status"": ""Accepted"", ""rejection_reason"": null, ""validation_record_status"": ""valid""}, {""row_index"": 1289, ""target_field"": ""sub_type"", ""algorithm"": ""association_rules"", ""predicted_value"": ""Over The Counter"", ""confidence"": 1.0, ""prediction_source"": ""matched_rules"", ""passes_threshold"": true, ""candidate_status"": ""Accepted"", ""rejection_reason"": null, ""validation_record_status"": ""valid""}, {""row_index"": 1289, ""target_field"": ""sub_type"", ""algorithm"": ""clustering"", ""predicted_value"": ""Over The Counter"", ""confidence"": 0.9887640449438202, ""prediction_source"": ""cluster_majority"", ""passes_threshold"": true, ""candidate_status"": ""Accepted"", ""rejection_reason"": null, ""validation_record_status"": ""valid""}, {""row_index"": 1289, ""target_field"": ""sub_type"", ""algorithm"": ""knn"", ""predicted_value"": ""Over The Counter"", ""confidence"": 1.0, ""prediction_source"": ""nearest_neighbors"", ""passes_threshold"": true, ""candidate_status"": ""Accepted"", ""rejection_reason"": null, ""validation_record_status"": ""valid""}]",
1291,sub_type,Over The Counter,1,Over The Counter,0.9906888102088091,Accepted,unanimous_vote,knn,"[""association_rules"", ""clustering"", ""grouped_majority"", ""knn""]",4,4,4,4,0.0,valid,True,"[{""row_index"": 1291, ""target_field"": ""sub_type"", ""algorithm"": ""grouped_majority"", ""predicted_value"": ""Over The Counter"", ""confidence"": 0.9793103448275862, ""prediction_source"": ""group_majority"", ""passes_threshold"": true, ""candidate_status"": ""Accepted"", ""rejection_reason"": null, ""validation_record_status"": ""valid""}, {""row_index"": 1291, ""target_field"": ""sub_type"", ""algorithm"": ""association_rules"", ""predicted_value"": ""Over The Counter"", ""confidence"": 0.9946808510638299, ""prediction_source"": ""matched_rules"", ""passes_threshold"": true, ""candidate_status"": ""Accepted"", ""rejection_reason"": null, ""validation_record_status"": ""valid""}, {""row_index"": 1291, ""target_field"": ""sub_type"", ""algorithm"": ""clustering"", ""predicted_value"": ""Over The Counter"", ""confidence"": 0.9887640449438202, ""prediction_source"": ""cluster_majority"", ""passes_threshold"": true, ""candidate_status"": ""Accepted"", ""rejection_reason"": null, ""validation_record_status"": ""valid""}, {""row_index"": 1291, ""target_field"": ""sub_type"", ""algorithm"": ""knn"", ""predicted_value"": ""Over The Counter"", ""confidence"": 1.0, ""prediction_source"": ""nearest_neighbors"", ""passes_threshold"": true, ""candidate_status"": ""Accepted"", ""rejection_reason"": null, ""validation_record_status"": ""valid""}]",
1292,sub_type,Over The Counter,1,,0.984375,Requires Review,average_confidence_tiebreak,knn,"[""grouped_majority"", ""knn""]",2,4,4,4,0.0,valid,False,"[{""row_index"": 1292, ""target_field"": ""sub_type"", ""algorithm"": ""grouped_majority"", ""predicted_value"": ""Over The Counter"", ""confidence"": 0.96875, ""prediction_source"": ""group_majority"", ""passes_threshold"": true, ""candidate_status"": ""Accepted"", ""rejection_reason"": null, ""validation_record_status"": ""valid""}, {""row_index"": 1292, ""target_field"": ""sub_type"", ""algorithm"": ""association_rules"", ""predicted_value"": ""Residential Building Report"", ""confidence"": 0.8346456692913387, ""prediction_source"": ""matched_rules"", ""passes_threshold"": true, ""candidate_status"": ""Accepted"", ""rejection_reason"": null, ""validation_record_status"": ""valid""}, {""row_index"": 1292, ""target_field"": ""sub_type"", ""algorithm"": ""clustering"", ""predicted_value"": ""Residential Building Report"", ""confidence"": 0.6666666666666666, ""prediction_source"": ""cluster_majority"", ""passes_threshold"": true, ""candidate_status"": ""Accepted"", ""rejection_reason"": null, ""validation_record_status"": ""valid""}, {""row_index"": 1292, ""target_field"": ""sub_type"", ""algorithm"": ""knn"", ""predicted_value"": ""Over The Counter"", ""confidence"": 1.0, ""prediction_source"": ""nearest_neighbors"", ""passes_threshold"": true, ""candidate_status"": ""Accepted"", ""rejection_reason"": null, ""validation_record_status"": ""valid""}]",
1296,sub_type,Over The Counter,1,,0.984375,Requires Review,average_confidence_tiebreak,knn,"[""grouped_majority"", ""knn""]",2,4,4,4,0.0,valid,False,"[{""row_index"": 1296, ""target_field"": ""sub_type"", ""algorithm"": ""grouped_majority"", ""predicted_value"": ""Over The Counter"", ""confidence"": 0.96875, ""prediction_source"": ""group_majority"", ""passes_threshold"": true, ""candidate_status"": ""Accepted"", ""rejection_reason"": null, ""validation_record_status"": ""valid""}, {""row_index"": 1296, ""target_field"": ""sub_type"", ""algorithm"": ""association_rules"", ""predicted_value"": ""Residential Building Report"", ""confidence"": 0.8346456692913387, ""prediction_source"": ""matched_rules"", ""passes_threshold"": true, ""candidate_status"": ""Accepted"", ""rejection_reason"": null, ""validation_record_status"": ""valid""}, {""row_index"": 1296, ""target_field"": ""sub_type"", ""algorithm"": ""clustering"", ""predicted_value"": ""Residential Building Report"", ""confidence"": 0.6666666666666666, ""prediction_source"": ""cluster_majority"", ""passes_threshold"": true, ""candidate_status"": ""Accepted"", ""rejection_reason"": null, ""validation_record_status"": ""valid""}, {""row_index"": 1296, ""target_field"": ""sub_type"", ""algorithm"": ""knn"", ""predicted_value"": ""Over The Counter"", ""confidence"": 1.0, ""prediction_source"": ""nearest_neighbors"", ""passes_threshold"": true, ""candidate_status"": ""Accepted"", ""rejection_reason"": null, ""validation_record_status"": ""valid""}]",
1301,sub_type,Over The Counter,1,Over The Counter,0.9920185974428516,Accepted,unanimous_vote,association_rules,"[""association_rules"", ""clustering"", ""grouped_majority"", ""knn""]",4,4,4,4,0.0,valid,True,"[{""row_index"": 1301, ""target_field"": ""sub_type"", ""algorithm"": ""grouped_majority"", ""predicted_value"": ""Over The Counter"", ""confidence"": 0.9793103448275862, ""prediction_source"": ""group_majority"", ""passes_threshold"": true, ""candidate_status"": ""Accepted"", ""rejection_reason"": null, ""validation_record_status"": ""valid""}, {""row_index"": 1301, ""target_field"": ""sub_type"", ""algorithm"": ""association_rules"", ""predicted_value"": ""Over The Counter"", ""confidence"": 1.0, ""prediction_source"": ""matched_rules"", ""passes_threshold"": true, ""candidate_status"": ""Accepted"", ""rejection_reason"": null, ""validation_record_status"": ""valid""}, {""row_index"": 1301, ""target_field"": ""sub_type"", ""algorithm"": ""clustering"", ""predicted_value"": ""Over The Counter"", ""confidence"": 0.9887640449438202, ""prediction_source"": ""cluster_majority"", ""passes_threshold"": true, ""candidate_status"": ""Accepted"", ""rejection_reason"": null, ""validation_record_status"": ""valid""}, {""row_index"": 1301, ""target_field"": ""sub_type"", ""algorithm"": ""knn"", ""predicted_value"": ""Over The Counter"", ""confidence"": 1.0, ""prediction_source"": ""nearest_neighbors"", ""passes_threshold"": true, ""candidate_status"": ""Accepted"", ""rejection_reason"": null, ""validation_record_status"": ""valid""}]",
1304,sub_type,Over The Counter,1,Over The Counter,0.9750907441016334,Accepted,unanimous_vote,association_rules,"[""association_rules"", ""clustering"", ""grouped_majority"", ""knn""]",4,4,4,4,0.0,valid,True,"[{""row_index"": 1304, ""target_field"": ""sub_type"", ""algorithm"": ""grouped_majority"", ""predicted_value"": ""Over The Counter"", ""confidence"": 0.9793103448275862, ""prediction_source"": ""group_majority"", ""passes_threshold"": true, ""candidate_status"": ""Accepted"", ""rejection_reason"": null, ""validation_record_status"": ""valid""}, {""row_index"": 1304, ""target_field"": ""sub_type"", ""algorithm"": ""association_rules"", ""predicted_value"": ""Over The Counter"", ""confidence"": 1.0, ""prediction_source"": ""matched_rules"", ""passes_threshold"": true, ""candidate_status"": ""Accepted"", ""rejection_reason"": null, ""validation_record_status"": ""valid""}, {""row_index"": 1304, ""target_field"": ""sub_type"", ""algorithm"": ""clustering"", ""predicted_value"": ""Over The Counter"", ""confidence"": 0.9210526315789473, ""prediction_source"": ""cluster_majority"", ""passes_threshold"": true, ""candidate_status"": ""Accepted"", ""rejection_reason"": null, ""validation_record_status"": ""valid""}, {""row_index"": 1304, ""target_field"": ""sub_type"", ""algorithm"": ""knn"", ""predicted_value"": ""Over The Counter"", ""confidence"": 1.0, ""prediction_source"": ""nearest_neighbors"", ""passes_threshold"": true, ""candidate_status"": ""Accepted"", ""rejection_reason"": null, ""validation_record_status"": ""valid""}]",
1305,sub_type,Over The Counter,1,Over The Counter,0.8518518518518519,Accepted,unanimous_vote,association_rules,"[""association_rules"", ""clustering"", ""grouped_majority"", ""knn""]",4,4,4,4,0.0,valid,True,"[{""row_index"": 1305, ""target_field"": ""sub_type"", ""algorithm"": ""grouped_majority"", ""predicted_value"": ""Over The Counter"", ""confidence"": 1.0, ""prediction_source"": ""group_majority"", ""passes_threshold"": true, ""candidate_status"": ""Accepted"", ""rejection_reason"": null, ""validation_record_status"": ""valid""}, {""row_index"": 1305, ""target_field"": ""sub_type"", ""algorithm"": ""association_rules"", ""predicted_value"": ""Over The Counter"", ""confidence"": 1.0, ""prediction_source"": ""matched_rules"", ""passes_threshold"": true, ""candidate_status"": ""Accepted"", ""rejection_reason"": null, ""validation_record_status"": ""valid""}, {""row_index"": 1305, ""target_field"": ""sub_type"", ""algorithm"": ""clustering"", ""predicted_value"": ""Over The Counter"", ""confidence"": 0.4074074074074074, ""prediction_source"": ""cluster_majority"", ""passes_threshold"": true, ""candidate_status"": ""Accepted"", ""rejection_reason"": null, ""validation_record_status"": ""valid""}, {""row_index"": 1305, ""target_field"": ""sub_type"", ""algorithm"": ""knn"", ""predicted_value"": ""Over The Counter"", ""confidence"": 1.0, ""prediction_source"": ""nearest_neighbors"", ""passes_threshold"": true, ""candidate_status"": ""Accepted"", ""rejection_reason"": null, ""validation_record_status"": ""valid""}]",
1306,sub_type,Over The Counter,1,Over The Counter,1.0,Accepted,unanimous_vote,association_rules,"[""association_rules"", ""clustering"", ""grouped_majority"", ""knn""]",4,4,4,4,0.0,valid,True,"[{""row_index"": 1306, ""target_field"": ""sub_type"", ""algorithm"": ""grouped_majority"", ""predicted_value"": ""Over The Counter"", ""confidence"": 1.0, ""prediction_source"": ""group_majority"", ""passes_threshold"": true, ""candidate_status"": ""Accepted"", ""rejection_reason"": null, ""validation_record_status"": ""valid""}, {""row_index"": 1306, ""target_field"": ""sub_type"", ""algorithm"": ""association_rules"", ""predicted_value"": ""Over The Counter"", ""confidence"": 1.0, ""prediction_source"": ""matched_rules"", ""passes_threshold"": true, ""candidate_status"": ""Accepted"", ""rejection_reason"": null, ""validation_record_status"": ""valid""}, {""row_index"": 1306, ""target_field"": ""sub_type"", ""algorithm"": ""clustering"", ""predicted_value"": ""Over The Counter"", ""confidence"": 1.0, ""prediction_source"": ""cluster_majority"", ""passes_threshold"": true, ""candidate_status"": ""Accepted"", ""rejection_reason"": null, ""validation_record_status"": ""valid""}, {""row_index"": 1306, ""target_field"": ""sub_type"", ""algorithm"": ""knn"", ""predicted_value"": ""Over The Counter"", ""confidence"": 1.0, ""prediction_source"": ""nearest_neighbors"", ""passes_threshold"": true, ""candidate_status"": ""Accepted"", ""rejection_reason"": null, ""validation_record_status"": ""valid""}]",
1307,sub_type,Over The Counter,1,Over The Counter,0.9802631578947368,Accepted,unanimous_vote,association_rules,"[""association_rules"", ""clustering"", ""grouped_majority"", ""knn""]",4,4,4,4,0.0,valid,True,"[{""row_index"": 1307, ""target_field"": ""sub_type"", ""algorithm"": ""grouped_majority"", ""predicted_value"": ""Over The Counter"", ""confidence"": 1.0, ""prediction_source"": ""group_majority"", ""passes_threshold"": true, ""candidate_status"": ""Accepted"", ""rejection_reason"": null, ""validation_record_status"": ""valid""}, {""row_index"": 1307, ""target_field"": ""sub_type"", ""algorithm"": ""association_rules"", ""predicted_value"": ""Over The Counter"", ""confidence"": 1.0, ""prediction_source"": ""matched_rules"", ""passes_threshold"": true, ""candidate_status"": ""Accepted"", ""rejection_reason"": null, ""validation_record_status"": ""valid""}, {""row_index"": 1307, ""target_field"": ""sub_type"", ""algorithm"": ""clustering"", ""predicted_value"": ""Over The Counter"", ""confidence"": 0.9210526315789473, ""prediction_source"": ""cluster_majority"", ""passes_threshold"": true, ""candidate_status"": ""Accepted"", ""rejection_reason"": null, ""validation_record_status"": ""valid""}, {""row_index"": 1307, ""target_field"": ""sub_type"", ""algorithm"": ""knn"", ""predicted_value"": ""Over The Counter"", ""confidence"": 1.0, ""prediction_source"": ""nearest_neighbors"", ""passes_threshold"": true, ""candidate_status"": ""Accepted"", ""rejection_reason"": null, ""validation_record_status"": ""valid""}]",
1308,sub_type,Over The Counter,1,Over The Counter,0.9802631578947368,Accepted,unanimous_vote,association_rules,"[""association_rules"", ""clustering"", ""grouped_majority"", ""knn""]",4,4,4,4,0.0,valid,True,"[{""row_index"": 1308, ""target_field"": ""sub_type"", ""algorithm"": ""grouped_majority"", ""predicted_value"": ""Over The Counter"", ""confidence"": 1.0, ""prediction_source"": ""group_majority"", ""passes_threshold"": true, ""candidate_status"": ""Accepted"", ""rejection_reason"": null, ""validation_record_status"": ""valid""}, {""row_index"": 1308, ""target_field"": ""sub_type"", ""algorithm"": ""association_rules"", ""predicted_value"": ""Over The Counter"", ""confidence"": 1.0, ""prediction_source"": ""matched_rules"", ""passes_threshold"": true, ""candidate_status"": ""Accepted"", ""rejection_reason"": null, ""validation_record_status"": ""valid""}, {""row_index"": 1308, ""target_field"": ""sub_type"", ""algorithm"": ""clustering"", ""predicted_value"": ""Over The Counter"", ""confidence"": 0.9210526315789473, ""prediction_source"": ""cluster_majority"", ""passes_threshold"": true, ""candidate_status"": ""Accepted"", ""rejection_reason"": null, ""validation_record_status"": ""valid""}, {""row_index"": 1308, ""target_field"": ""sub_type"", ""algorithm"": ""knn"", ""predicted_value"": ""Over The Counter"", ""confidence"": 1.0, ""prediction_source"": ""nearest_neighbors"", ""passes_threshold"": true, ""candidate_status"": ""Accepted"", ""rejection_reason"": null, ""validation_record_status"": ""valid""}]",
1317,sub_type,Over The Counter,1,Over The Counter,1.0,Accepted,unanimous_vote,association_rules,"[""association_rules"", ""clustering"", ""grouped_majority"", ""knn""]",4,4,4,4,0.0,valid,True,"[{""row_index"": 1317, ""target_field"": ""sub_type"", ""algorithm"": ""grouped_majority"", ""predicted_value"": ""Over The Counter"", ""confidence"": 1.0, ""prediction_source"": ""group_majority"", ""passes_threshold"": true, ""candidate_status"": ""Accepted"", ""rejection_reason"": null, ""validation_record_status"": ""valid""}, {""row_index"": 1317, ""target_field"": ""sub_type"", ""algorithm"": ""association_rules"", ""predicted_value"": ""Over The Counter"", ""confidence"": 1.0, ""prediction_source"": ""matched_rules"", ""passes_threshold"": true, ""candidate_status"": ""Accepted"", ""rejection_reason"": null, ""validation_record_status"": ""valid""}, {""row_index"": 1317, ""target_field"": ""sub_type"", ""algorithm"": ""clustering"", ""predicted_value"": ""Over The Counter"", ""confidence"": 1.0, ""prediction_source"": ""cluster_majority"", ""passes_threshold"": true, ""candidate_status"": ""Accepted"", ""rejection_reason"": null, ""validation_record_status"": ""valid""}, {""row_index"": 1317, ""target_field"": ""sub_type"", ""algorithm"": ""knn"", ""predicted_value"": ""Over The Counter"", ""confidence"": 1.0, ""prediction_source"": ""nearest_neighbors"", ""passes_threshold"": true, ""candidate_status"": ""Accepted"", ""rejection_reason"": null, ""validation_record_status"": ""valid""}]",
1319,sub_type,Over The Counter,1,Over The Counter,1.0,Accepted,unanimous_vote,association_rules,"[""association_rules"", ""clustering"", ""grouped_majority"", ""knn""]",4,4,4,4,0.0,valid,True,"[{""row_index"": 1319, ""target_field"": ""sub_type"", ""algorithm"": ""grouped_majority"", ""predicted_value"": ""Over The Counter"", ""confidence"": 1.0, ""prediction_source"": ""group_majority"", ""passes_threshold"": true, ""candidate_status"": ""Accepted"", ""rejection_reason"": null, ""validation_record_status"": ""valid""}, {""row_index"": 1319, ""target_field"": ""sub_type"", ""algorithm"": ""association_rules"", ""predicted_value"": ""Over The Counter"", ""confidence"": 1.0, ""prediction_source"": ""matched_rules"", ""passes_threshold"": true, ""candidate_status"": ""Accepted"", ""rejection_reason"": null, ""validation_record_status"": ""valid""}, {""row_index"": 1319, ""target_field"": ""sub_type"", ""algorithm"": ""clustering"", ""predicted_value"": ""Over The Counter"", ""confidence"": 1.0, ""prediction_source"": ""cluster_majority"", ""passes_threshold"": true, ""candidate_status"": ""Accepted"", ""rejection_reason"": null, ""validation_record_status"": ""valid""}, {""row_index"": 1319, ""target_field"": ""sub_type"", ""algorithm"": ""knn"", ""predicted_value"": ""Over The Counter"", ""confidence"": 1.0, ""prediction_source"": ""nearest_neighbors"", ""passes_threshold"": true, ""candidate_status"": ""Accepted"", ""rejection_reason"": null, ""validation_record_status"": ""valid""}]",
1323,sub_type,Over The Counter,1,Over The Counter,0.9972222222222222,Accepted,unanimous_vote,association_rules,"[""association_rules"", ""clustering"", ""grouped_majority"", ""knn""]",4,4,4,4,0.0,valid,True,"[{""row_index"": 1323, ""target_field"": ""sub_type"", ""algorithm"": ""grouped_majority"", ""predicted_value"": ""Over The Counter"", ""confidence"": 0.9888888888888889, ""prediction_source"": ""group_majority"", ""passes_threshold"": true, ""candidate_status"": ""Accepted"", ""rejection_reason"": null, ""validation_record_status"": ""valid""}, {""row_index"": 1323, ""target_field"": ""sub_type"", ""algorithm"": ""association_rules"", ""predicted_value"": ""Over The Counter"", ""confidence"": 1.0, ""prediction_source"": ""matched_rules"", ""passes_threshold"": true, ""candidate_status"": ""Accepted"", ""rejection_reason"": null, ""validation_record_status"": ""valid""}, {""row_index"": 1323, ""target_field"": ""sub_type"", ""algorithm"": ""clustering"", ""predicted_value"": ""Over The Counter"", ""confidence"": 1.0, ""prediction_source"": ""cluster_majority"", ""passes_threshold"": true, ""candidate_status"": ""Accepted"", ""rejection_reason"": null, ""validation_record_status"": ""valid""}, {""row_index"": 1323, ""target_field"": ""sub_type"", ""algorithm"": ""knn"", ""predicted_value"": ""Over The Counter"", ""confidence"": 1.0, ""prediction_source"": ""nearest_neighbors"", ""passes_threshold"": true, ""candidate_status"": ""Accepted"", ""rejection_reason"": null, ""validation_record_status"": ""valid""}]",
1324,sub_type,Over The Counter,1,Over The Counter,0.894281045751634,Accepted,unanimous_vote,association_rules,"[""association_rules"", ""clustering"", ""grouped_majority"", ""knn""]",4,4,4,4,0.0,valid,True,"[{""row_index"": 1324, ""target_field"": ""sub_type"", ""algorithm"": ""grouped_majority"", ""predicted_value"": ""Over The Counter"", ""confidence"": 0.9888888888888889, ""prediction_source"": ""group_majority"", ""passes_threshold"": true, ""candidate_status"": ""Accepted"", ""rejection_reason"": null, ""validation_record_status"": ""valid""}, {""row_index"": 1324, ""target_field"": ""sub_type"", ""algorithm"": ""association_rules"", ""predicted_value"": ""Over The Counter"", ""confidence"": 1.0, ""prediction_source"": ""matched_rules"", ""passes_threshold"": true, ""candidate_status"": ""Accepted"", ""rejection_reason"": null, ""validation_record_status"": ""valid""}, {""row_index"": 1324, ""target_field"": ""sub_type"", ""algorithm"": ""clustering"", ""predicted_value"": ""Over The Counter"", ""confidence"": 0.5882352941176471, ""prediction_source"": ""cluster_majority"", ""passes_threshold"": true, ""candidate_status"": ""Accepted"", ""rejection_reason"": null, ""validation_record_status"": ""valid""}, {""row_index"": 1324, ""target_field"": ""sub_type"", ""algorithm"": ""knn"", ""predicted_value"": ""Over The Counter"", ""confidence"": 1.0, ""prediction_source"": ""nearest_neighbors"", ""passes_threshold"": true, ""candidate_status"": ""Accepted"", ""rejection_reason"": null, ""validation_record_status"": ""valid""}]",
1325,sub_type,Over The Counter,1,Over The Counter,0.894281045751634,Accepted,unanimous_vote,association_rules,"[""association_rules"", ""clustering"", ""grouped_majority"", ""knn""]",4,4,4,4,0.0,valid,True,"[{""row_index"": 1325, ""target_field"": ""sub_type"", ""algorithm"": ""grouped_majority"", ""predicted_value"": ""Over The Counter"", ""confidence"": 0.9888888888888889, ""prediction_source"": ""group_majority"", ""passes_threshold"": true, ""candidate_status"": ""Accepted"", ""rejection_reason"": null, ""validation_record_status"": ""valid""}, {""row_index"": 1325, ""target_field"": ""sub_type"", ""algorithm"": ""association_rules"", ""predicted_value"": ""Over The Counter"", ""confidence"": 1.0, ""prediction_source"": ""matched_rules"", ""passes_threshold"": true, ""candidate_status"": ""Accepted"", ""rejection_reason"": null, ""validation_record_status"": ""valid""}, {""row_index"": 1325, ""target_field"": ""sub_type"", ""algorithm"": ""clustering"", ""predicted_value"": ""Over The Counter"", ""confidence"": 0.5882352941176471, ""prediction_source"": ""cluster_majority"", ""passes_threshold"": true, ""candidate_status"": ""Accepted"", ""rejection_reason"": null, ""validation_record_status"": ""valid""}, {""row_index"": 1325, ""target_field"": ""sub_type"", ""algorithm"": ""knn"", ""predicted_value"": ""Over The Counter"", ""confidence"": 1.0, ""prediction_source"": ""nearest_neighbors"", ""passes_threshold"": true, ""candidate_status"": ""Accepted"", ""rejection_reason"": null, ""validation_record_status"": ""valid""}]",
1326,sub_type,Over The Counter,1,Over The Counter,0.9774853801169591,Accepted,unanimous_vote,association_rules,"[""association_rules"", ""clustering"", ""grouped_majority"", ""knn""]",4,4,4,4,0.0,valid,True,"[{""row_index"": 1326, ""target_field"": ""sub_type"", ""algorithm"": ""grouped_majority"", ""predicted_value"": ""Over The Counter"", ""confidence"": 0.9888888888888889, ""prediction_source"": ""group_majority"", ""passes_threshold"": true, ""candidate_status"": ""Accepted"", ""rejection_reason"": null, ""validation_record_status"": ""valid""}, {""row_index"": 1326, ""target_field"": ""sub_type"", ""algorithm"": ""association_rules"", ""predicted_value"": ""Over The Counter"", ""confidence"": 1.0, ""prediction_source"": ""matched_rules"", ""passes_threshold"": true, ""candidate_status"": ""Accepted"", ""rejection_reason"": null, ""validation_record_status"": ""valid""}, {""row_index"": 1326, ""target_field"": ""sub_type"", ""algorithm"": ""clustering"", ""predicted_value"": ""Over The Counter"", ""confidence"": 0.9210526315789473, ""prediction_source"": ""cluster_majority"", ""passes_threshold"": true, ""candidate_status"": ""Accepted"", ""rejection_reason"": null, ""validation_record_status"": ""valid""}, {""row_index"": 1326, ""target_field"": ""sub_type"", ""algorithm"": ""knn"", ""predicted_value"": ""Over The Counter"", ""confidence"": 1.0, ""prediction_source"": ""nearest_neighbors"", ""passes_threshold"": true, ""candidate_status"": ""Accepted"", ""rejection_reason"": null, ""validation_record_status"": ""valid""}]",
1327,sub_type,Over The Counter,1,Over The Counter,0.9972222222222222,Accepted,unanimous_vote,association_rules,"[""association_rules"", ""clustering"", ""grouped_majority"", ""knn""]",4,4,4,4,0.0,valid,True,"[{""row_index"": 1327, ""target_field"": ""sub_type"", ""algorithm"": ""grouped_majority"", ""predicted_value"": ""Over The Counter"", ""confidence"": 0.9888888888888889, ""prediction_source"": ""group_majority"", ""passes_threshold"": true, ""candidate_status"": ""Accepted"", ""rejection_reason"": null, ""validation_record_status"": ""valid""}, {""row_index"": 1327, ""target_field"": ""sub_type"", ""algorithm"": ""association_rules"", ""predicted_value"": ""Over The Counter"", ""confidence"": 1.0, ""prediction_source"": ""matched_rules"", ""passes_threshold"": true, ""candidate_status"": ""Accepted"", ""rejection_reason"": null, ""validation_record_status"": ""valid""}, {""row_index"": 1327, ""target_field"": ""sub_type"", ""algorithm"": ""clustering"", ""predicted_value"": ""Over The Counter"", ""confidence"": 1.0, ""prediction_source"": ""cluster_majority"", ""passes_threshold"": true, ""candidate_status"": ""Accepted"", ""rejection_reason"": null, ""validation_record_status"": ""valid""}, {""row_index"": 1327, ""target_field"": ""sub_type"", ""algorithm"": ""knn"", ""predicted_value"": ""Over The Counter"", ""confidence"": 1.0, ""prediction_source"": ""nearest_neighbors"", ""passes_threshold"": true, ""candidate_status"": ""Accepted"", ""rejection_reason"": null, ""validation_record_status"": ""valid""}]",
1330,sub_type,Over The Counter,1,Over The Counter,1.0,Accepted,majority_vote,clustering,"[""clustering"", ""grouped_majority"", ""knn""]",3,4,4,4,0.0,valid,True,"[{""row_index"": 1330, ""target_field"": ""sub_type"", ""algorithm"": ""grouped_majority"", ""predicted_value"": ""Over The Counter"", ""confidence"": 1.0, ""prediction_source"": ""group_majority"", ""passes_threshold"": true, ""candidate_status"": ""Accepted"", ""rejection_reason"": null, ""validation_record_status"": ""valid""}, {""row_index"": 1330, ""target_field"": ""sub_type"", ""algorithm"": ""association_rules"", ""predicted_value"": ""Residential Building Report"", ""confidence"": 0.5824175824175825, ""prediction_source"": ""matched_rules"", ""passes_threshold"": true, ""candidate_status"": ""Accepted"", ""rejection_reason"": null, ""validation_record_status"": ""valid""}, {""row_index"": 1330, ""target_field"": ""sub_type"", ""algorithm"": ""clustering"", ""predicted_value"": ""Over The Counter"", ""confidence"": 1.0, ""prediction_source"": ""cluster_majority"", ""passes_threshold"": true, ""candidate_status"": ""Accepted"", ""rejection_reason"": null, ""validation_record_status"": ""valid""}, {""row_index"": 1330, ""target_field"": ""sub_type"", ""algorithm"": ""knn"", ""predicted_value"": ""Over The Counter"", ""confidence"": 1.0, ""prediction_source"": ""nearest_neighbors"", ""passes_threshold"": true, ""candidate_status"": ""Accepted"", ""rejection_reason"": null, ""validation_record_status"": ""valid""}]",
1331,sub_type,Over The Counter,1,Over The Counter,0.9972222222222222,Accepted,unanimous_vote,association_rules,"[""association_rules"", ""clustering"", ""grouped_majority"", ""knn""]",4,4,4,4,0.0,valid,True,"[{""row_index"": 1331, ""target_field"": ""sub_type"", ""algorithm"": ""grouped_majority"", ""predicted_value"": ""Over The Counter"", ""confidence"": 0.9888888888888889, ""prediction_source"": ""group_majority"", ""passes_threshold"": true, ""candidate_status"": ""Accepted"", ""rejection_reason"": null, ""validation_record_status"": ""valid""}, {""row_index"": 1331, ""target_field"": ""sub_type"", ""algorithm"": ""association_rules"", ""predicted_value"": ""Over The Counter"", ""confidence"": 1.0, ""prediction_source"": ""matched_rules"", ""passes_threshold"": true, ""candidate_status"": ""Accepted"", ""rejection_reason"": null, ""validation_record_status"": ""valid""}, {""row_index"": 1331, ""target_field"": ""sub_type"", ""algorithm"": ""clustering"", ""predicted_value"": ""Over The Counter"", ""confidence"": 1.0, ""prediction_source"": ""cluster_majority"", ""passes_threshold"": true, ""candidate_status"": ""Accepted"", ""rejection_reason"": null, ""validation_record_status"": ""valid""}, {""row_index"": 1331, ""target_field"": ""sub_type"", ""algorithm"": ""knn"", ""predicted_value"": ""Over The Counter"", ""confidence"": 1.0, ""prediction_source"": ""nearest_neighbors"", ""passes_threshold"": true, ""candidate_status"": ""Accepted"", ""rejection_reason"": null, ""validation_record_status"": ""valid""}]",
1332,sub_type,Over The Counter,1,Over The Counter,0.9972222222222222,Accepted,unanimous_vote,association_rules,"[""association_rules"", ""clustering"", ""grouped_majority"", ""knn""]",4,4,4,4,0.0,valid,True,"[{""row_index"": 1332, ""target_field"": ""sub_type"", ""algorithm"": ""grouped_majority"", ""predicted_value"": ""Over The Counter"", ""confidence"": 0.9888888888888889, ""prediction_source"": ""group_majority"", ""passes_threshold"": true, ""candidate_status"": ""Accepted"", ""rejection_reason"": null, ""validation_record_status"": ""valid""}, {""row_index"": 1332, ""target_field"": ""sub_type"", ""algorithm"": ""association_rules"", ""predicted_value"": ""Over The Counter"", ""confidence"": 1.0, ""prediction_source"": ""matched_rules"", ""passes_threshold"": true, ""candidate_status"": ""Accepted"", ""rejection_reason"": null, ""validation_record_status"": ""valid""}, {""row_index"": 1332, ""target_field"": ""sub_type"", ""algorithm"": ""clustering"", ""predicted_value"": ""Over The Counter"", ""confidence"": 1.0, ""prediction_source"": ""cluster_majority"", ""passes_threshold"": true, ""candidate_status"": ""Accepted"", ""rejection_reason"": null, ""validation_record_status"": ""valid""}, {""row_index"": 1332, ""target_field"": ""sub_type"", ""algorithm"": ""knn"", ""predicted_value"": ""Over The Counter"", ""confidence"": 1.0, ""prediction_source"": ""nearest_neighbors"", ""passes_threshold"": true, ""candidate_status"": ""Accepted"", ""rejection_reason"": null, ""validation_record_status"": ""valid""}]",
1336,sub_type,Over The Counter,1,Over The Counter,0.9774853801169591,Accepted,unanimous_vote,association_rules,"[""association_rules"", ""clustering"", ""grouped_majority"", ""knn""]",4,4,4,4,0.0,valid,True,"[{""row_index"": 1336, ""target_field"": ""sub_type"", ""algorithm"": ""grouped_majority"", ""predicted_value"": ""Over The Counter"", ""confidence"": 0.9888888888888889, ""prediction_source"": ""group_majority"", ""passes_threshold"": true, ""candidate_status"": ""Accepted"", ""rejection_reason"": null, ""validation_record_status"": ""valid""}, {""row_index"": 1336, ""target_field"": ""sub_type"", ""algorithm"": ""association_rules"", ""predicted_value"": ""Over The Counter"", ""confidence"": 1.0, ""prediction_source"": ""matched_rules"", ""passes_threshold"": true, ""candidate_status"": ""Accepted"", ""rejection_reason"": null, ""validation_record_status"": ""valid""}, {""row_index"": 1336, ""target_field"": ""sub_type"", ""algorithm"": ""clustering"", ""predicted_value"": ""Over The Counter"", ""confidence"": 0.9210526315789473, ""prediction_source"": ""cluster_majority"", ""passes_threshold"": true, ""candidate_status"": ""Accepted"", ""rejection_reason"": null, ""validation_record_status"": ""valid""}, {""row_index"": 1336, ""target_field"": ""sub_type"", ""algorithm"": ""knn"", ""predicted_value"": ""Over The Counter"", ""confidence"": 1.0, ""prediction_source"": ""nearest_neighbors"", ""passes_threshold"": true, ""candidate_status"": ""Accepted"", ""rejection_reason"": null, ""validation_record_status"": ""valid""}]",
1339,sub_type,Over The Counter,1,Over The Counter,0.9972222222222222,Accepted,unanimous_vote,association_rules,"[""association_rules"", ""clustering"", ""grouped_majority"", ""knn""]",4,4,4,4,0.0,valid,True,"[{""row_index"": 1339, ""target_field"": ""sub_type"", ""algorithm"": ""grouped_majority"", ""predicted_value"": ""Over The Counter"", ""confidence"": 0.9888888888888889, ""prediction_source"": ""group_majority"", ""passes_threshold"": true, ""candidate_status"": ""Accepted"", ""rejection_reason"": null, ""validation_record_status"": ""valid""}, {""row_index"": 1339, ""target_field"": ""sub_type"", ""algorithm"": ""association_rules"", ""predicted_value"": ""Over The Counter"", ""confidence"": 1.0, ""prediction_source"": ""matched_rules"", ""passes_threshold"": true, ""candidate_status"": ""Accepted"", ""rejection_reason"": null, ""validation_record_status"": ""valid""}, {""row_index"": 1339, ""target_field"": ""sub_type"", ""algorithm"": ""clustering"", ""predicted_value"": ""Over The Counter"", ""confidence"": 1.0, ""prediction_source"": ""cluster_majority"", ""passes_threshold"": true, ""candidate_status"": ""Accepted"", ""rejection_reason"": null, ""validation_record_status"": ""valid""}, {""row_index"": 1339, ""target_field"": ""sub_type"", ""algorithm"": ""knn"", ""predicted_value"": ""Over The Counter"", ""confidence"": 1.0, ""prediction_source"": ""nearest_neighbors"", ""passes_threshold"": true, ""candidate_status"": ""Accepted"", ""rejection_reason"": null, ""validation_record_status"": ""valid""}]",
1340,sub_type,Over The Counter,1,Over The Counter,0.9972222222222222,Accepted,unanimous_vote,association_rules,"[""association_rules"", ""clustering"", ""grouped_majority"", ""knn""]",4,4,4,4,0.0,valid,True,"[{""row_index"": 1340, ""target_field"": ""sub_type"", ""algorithm"": ""grouped_majority"", ""predicted_value"": ""Over The Counter"", ""confidence"": 0.9888888888888889, ""prediction_source"": ""group_majority"", ""passes_threshold"": true, ""candidate_status"": ""Accepted"", ""rejection_reason"": null, ""validation_record_status"": ""valid""}, {""row_index"": 1340, ""target_field"": ""sub_type"", ""algorithm"": ""association_rules"", ""predicted_value"": ""Over The Counter"", ""confidence"": 1.0, ""prediction_source"": ""matched_rules"", ""passes_threshold"": true, ""candidate_status"": ""Accepted"", ""rejection_reason"": null, ""validation_record_status"": ""valid""}, {""row_index"": 1340, ""target_field"": ""sub_type"", ""algorithm"": ""clustering"", ""predicted_value"": ""Over The Counter"", ""confidence"": 1.0, ""prediction_source"": ""cluster_majority"", ""passes_threshold"": true, ""candidate_status"": ""Accepted"", ""rejection_reason"": null, ""validation_record_status"": ""valid""}, {""row_index"": 1340, ""target_field"": ""sub_type"", ""algorithm"": ""knn"", ""predicted_value"": ""Over The Counter"", ""confidence"": 1.0, ""prediction_source"": ""nearest_neighbors"", ""passes_threshold"": true, ""candidate_status"": ""Accepted"", ""rejection_reason"": null, ""validation_record_status"": ""valid""}]",
1344,sub_type,Over The Counter,1,Over The Counter,0.9972222222222222,Accepted,unanimous_vote,association_rules,"[""association_rules"", ""clustering"", ""grouped_majority"", ""knn""]",4,4,4,4,0.0,valid,True,"[{""row_index"": 1344, ""target_field"": ""sub_type"", ""algorithm"": ""grouped_majority"", ""predicted_value"": ""Over The Counter"", ""confidence"": 0.9888888888888889, ""prediction_source"": ""group_majority"", ""passes_threshold"": true, ""candidate_status"": ""Accepted"", ""rejection_reason"": null, ""validation_record_status"": ""valid""}, {""row_index"": 1344, ""target_field"": ""sub_type"", ""algorithm"": ""association_rules"", ""predicted_value"": ""Over The Counter"", ""confidence"": 1.0, ""prediction_source"": ""matched_rules"", ""passes_threshold"": true, ""candidate_status"": ""Accepted"", ""rejection_reason"": null, ""validation_record_status"": ""valid""}, {""row_index"": 1344, ""target_field"": ""sub_type"", ""algorithm"": ""clustering"", ""predicted_value"": ""Over The Counter"", ""confidence"": 1.0, ""prediction_source"": ""cluster_majority"", ""passes_threshold"": true, ""candidate_status"": ""Accepted"", ""rejection_reason"": null, ""validation_record_status"": ""valid""}, {""row_index"": 1344, ""target_field"": ""sub_type"", ""algorithm"": ""knn"", ""predicted_value"": ""Over The Counter"", ""confidence"": 1.0, ""prediction_source"": ""nearest_neighbors"", ""passes_threshold"": true, ""candidate_status"": ""Accepted"", ""rejection_reason"": null, ""validation_record_status"": ""valid""}]",
1345,sub_type,Over The Counter,1,Over The Counter,0.9972222222222222,Accepted,unanimous_vote,association_rules,"[""association_rules"", ""clustering"", ""grouped_majority"", ""knn""]",4,4,4,4,0.0,valid,True,"[{""row_index"": 1345, ""target_field"": ""sub_type"", ""algorithm"": ""grouped_majority"", ""predicted_value"": ""Over The Counter"", ""confidence"": 0.9888888888888889, ""prediction_source"": ""group_majority"", ""passes_threshold"": true, ""candidate_status"": ""Accepted"", ""rejection_reason"": null, ""validation_record_status"": ""valid""}, {""row_index"": 1345, ""target_field"": ""sub_type"", ""algorithm"": ""association_rules"", ""predicted_value"": ""Over The Counter"", ""confidence"": 1.0, ""prediction_source"": ""matched_rules"", ""passes_threshold"": true, ""candidate_status"": ""Accepted"", ""rejection_reason"": null, ""validation_record_status"": ""valid""}, {""row_index"": 1345, ""target_field"": ""sub_type"", ""algorithm"": ""clustering"", ""predicted_value"": ""Over The Counter"", ""confidence"": 1.0, ""prediction_source"": ""cluster_majority"", ""passes_threshold"": true, ""candidate_status"": ""Accepted"", ""rejection_reason"": null, ""validation_record_status"": ""valid""}, {""row_index"": 1345, ""target_field"": ""sub_type"", ""algorithm"": ""knn"", ""predicted_value"": ""Over The Counter"", ""confidence"": 1.0, ""prediction_source"": ""nearest_neighbors"", ""passes_threshold"": true, ""candidate_status"": ""Accepted"", ""rejection_reason"": null, ""validation_record_status"": ""valid""}]",
1346,sub_type,Over The Counter,1,Over The Counter,0.9972222222222222,Accepted,unanimous_vote,association_rules,"[""association_rules"", ""clustering"", ""grouped_majority"", ""knn""]",4,4,4,4,0.0,valid,True,"[{""row_index"": 1346, ""target_field"": ""sub_type"", ""algorithm"": ""grouped_majority"", ""predicted_value"": ""Over The Counter"", ""confidence"": 0.9888888888888889, ""prediction_source"": ""group_majority"", ""passes_threshold"": true, ""candidate_status"": ""Accepted"", ""rejection_reason"": null, ""validation_record_status"": ""valid""}, {""row_index"": 1346, ""target_field"": ""sub_type"", ""algorithm"": ""association_rules"", ""predicted_value"": ""Over The Counter"", ""confidence"": 1.0, ""prediction_source"": ""matched_rules"", ""passes_threshold"": true, ""candidate_status"": ""Accepted"", ""rejection_reason"": null, ""validation_record_status"": ""valid""}, {""row_index"": 1346, ""target_field"": ""sub_type"", ""algorithm"": ""clustering"", ""predicted_value"": ""Over The Counter"", ""confidence"": 1.0, ""prediction_source"": ""cluster_majority"", ""passes_threshold"": true, ""candidate_status"": ""Accepted"", ""rejection_reason"": null, ""validation_record_status"": ""valid""}, {""row_index"": 1346, ""target_field"": ""sub_type"", ""algorithm"": ""knn"", ""predicted_value"": ""Over The Counter"", ""confidence"": 1.0, ""prediction_source"": ""nearest_neighbors"", ""passes_threshold"": true, ""candidate_status"": ""Accepted"", ""rejection_reason"": null, ""validation_record_status"": ""valid""}]",
1347,sub_type,Residential Building Report,1,Residential Building Report,0.9097005884389062,Accepted,unanimous_vote,knn,"[""association_rules"", ""clustering"", ""grouped_majority"", ""knn""]",4,4,4,4,0.0,valid,True,"[{""row_index"": 1347, ""target_field"": ""sub_type"", ""algorithm"": ""grouped_majority"", ""predicted_value"": ""Residential Building Report"", ""confidence"": 0.9814814814814815, ""prediction_source"": ""group_majority"", ""passes_threshold"": true, ""candidate_status"": ""Accepted"", ""rejection_reason"": null, ""validation_record_status"": ""valid""}, {""row_index"": 1347, ""target_field"": ""sub_type"", ""algorithm"": ""association_rules"", ""predicted_value"": ""Residential Building Report"", ""confidence"": 0.9906542056074769, ""prediction_source"": ""matched_rules"", ""passes_threshold"": true, ""candidate_status"": ""Accepted"", ""rejection_reason"": null, ""validation_record_status"": ""valid""}, {""row_index"": 1347, ""target_field"": ""sub_type"", ""algorithm"": ""clustering"", ""predicted_value"": ""Residential Building Report"", ""confidence"": 0.6666666666666666, ""prediction_source"": ""cluster_majority"", ""passes_threshold"": true, ""candidate_status"": ""Accepted"", ""rejection_reason"": null, ""validation_record_status"": ""valid""}, {""row_index"": 1347, ""target_field"": ""sub_type"", ""algorithm"": ""knn"", ""predicted_value"": ""Residential Building Report"", ""confidence"": 1.0, ""prediction_source"": ""nearest_neighbors"", ""passes_threshold"": true, ""candidate_status"": ""Accepted"", ""rejection_reason"": null, ""validation_record_status"": ""valid""}]",
1348,sub_type,Residential Building Report,1,Residential Building Report,0.9097005884389062,Accepted,unanimous_vote,knn,"[""association_rules"", ""clustering"", ""grouped_majority"", ""knn""]",4,4,4,4,0.0,valid,True,"[{""row_index"": 1348, ""target_field"": ""sub_type"", ""algorithm"": ""grouped_majority"", ""predicted_value"": ""Residential Building Report"", ""confidence"": 0.9814814814814815, ""prediction_source"": ""group_majority"", ""passes_threshold"": true, ""candidate_status"": ""Accepted"", ""rejection_reason"": null, ""validation_record_status"": ""valid""}, {""row_index"": 1348, ""target_field"": ""sub_type"", ""algorithm"": ""association_rules"", ""predicted_value"": ""Residential Building Report"", ""confidence"": 0.9906542056074769, ""prediction_source"": ""matched_rules"", ""passes_threshold"": true, ""candidate_status"": ""Accepted"", ""rejection_reason"": null, ""validation_record_status"": ""valid""}, {""row_index"": 1348, ""target_field"": ""sub_type"", ""algorithm"": ""clustering"", ""predicted_value"": ""Residential Building Report"", ""confidence"": 0.6666666666666666, ""prediction_source"": ""cluster_majority"", ""passes_threshold"": true, ""candidate_status"": ""Accepted"", ""rejection_reason"": null, ""validation_record_status"": ""valid""}, {""row_index"": 1348, ""target_field"": ""sub_type"", ""algorithm"": ""knn"", ""predicted_value"": ""Residential Building Report"", ""confidence"": 1.0, ""prediction_source"": ""nearest_neighbors"", ""passes_threshold"": true, ""candidate_status"": ""Accepted"", ""rejection_reason"": null, ""validation_record_status"": ""valid""}]",
1350,sub_type,Residential Building Report,1,Residential Building Report,0.9097005884389062,Accepted,unanimous_vote,knn,"[""association_rules"", ""clustering"", ""grouped_majority"", ""knn""]",4,4,4,4,0.0,valid,True,"[{""row_index"": 1350, ""target_field"": ""sub_type"", ""algorithm"": ""grouped_majority"", ""predicted_value"": ""Residential Building Report"", ""confidence"": 0.9814814814814815, ""prediction_source"": ""group_majority"", ""passes_threshold"": true, ""candidate_status"": ""Accepted"", ""rejection_reason"": null, ""validation_record_status"": ""valid""}, {""row_index"": 1350, ""target_field"": ""sub_type"", ""algorithm"": ""association_rules"", ""predicted_value"": ""Residential Building Report"", ""confidence"": 0.9906542056074769, ""prediction_source"": ""matched_rules"", ""passes_threshold"": true, ""candidate_status"": ""Accepted"", ""rejection_reason"": null, ""validation_record_status"": ""valid""}, {""row_index"": 1350, ""target_field"": ""sub_type"", ""algorithm"": ""clustering"", ""predicted_value"": ""Residential Building Report"", ""confidence"": 0.6666666666666666, ""prediction_source"": ""cluster_majority"", ""passes_threshold"": true, ""candidate_status"": ""Accepted"", ""rejection_reason"": null, ""validation_record_status"": ""valid""}, {""row_index"": 1350, ""target_field"": ""sub_type"", ""algorithm"": ""knn"", ""predicted_value"": ""Residential Building Report"", ""confidence"": 1.0, ""prediction_source"": ""nearest_neighbors"", ""passes_threshold"": true, ""candidate_status"": ""Accepted"", ""rejection_reason"": null, ""validation_record_status"": ""valid""}]",
1351,sub_type,Residential Building Report,1,Residential Building Report,0.9097005884389062,Accepted,unanimous_vote,knn,"[""association_rules"", ""clustering"", ""grouped_majority"", ""knn""]",4,4,4,4,0.0,valid,True,"[{""row_index"": 1351, ""target_field"": ""sub_type"", ""algorithm"": ""grouped_majority"", ""predicted_value"": ""Residential Building Report"", ""confidence"": 0.9814814814814815, ""prediction_source"": ""group_majority"", ""passes_threshold"": true, ""candidate_status"": ""Accepted"", ""rejection_reason"": null, ""validation_record_status"": ""valid""}, {""row_index"": 1351, ""target_field"": ""sub_type"", ""algorithm"": ""association_rules"", ""predicted_value"": ""Residential Building Report"", ""confidence"": 0.9906542056074769, ""prediction_source"": ""matched_rules"", ""passes_threshold"": true, ""candidate_status"": ""Accepted"", ""rejection_reason"": null, ""validation_record_status"": ""valid""}, {""row_index"": 1351, ""target_field"": ""sub_type"", ""algorithm"": ""clustering"", ""predicted_value"": ""Residential Building Report"", ""confidence"": 0.6666666666666666, ""prediction_source"": ""cluster_majority"", ""passes_threshold"": true, ""candidate_status"": ""Accepted"", ""rejection_reason"": null, ""validation_record_status"": ""valid""}, {""row_index"": 1351, ""target_field"": ""sub_type"", ""algorithm"": ""knn"", ""predicted_value"": ""Residential Building Report"", ""confidence"": 1.0, ""prediction_source"": ""nearest_neighbors"", ""passes_threshold"": true, ""candidate_status"": ""Accepted"", ""rejection_reason"": null, ""validation_record_status"": ""valid""}]",
1354,sub_type,Residential Building Report,1,Residential Building Report,0.9097005884389062,Accepted,unanimous_vote,knn,"[""association_rules"", ""clustering"", ""grouped_majority"", ""knn""]",4,4,4,4,0.0,valid,True,"[{""row_index"": 1354, ""target_field"": ""sub_type"", ""algorithm"": ""grouped_majority"", ""predicted_value"": ""Residential Building Report"", ""confidence"": 0.9814814814814815, ""prediction_source"": ""group_majority"", ""passes_threshold"": true, ""candidate_status"": ""Accepted"", ""rejection_reason"": null, ""validation_record_status"": ""valid""}, {""row_index"": 1354, ""target_field"": ""sub_type"", ""algorithm"": ""association_rules"", ""predicted_value"": ""Residential Building Report"", ""confidence"": 0.9906542056074769, ""prediction_source"": ""matched_rules"", ""passes_threshold"": true, ""candidate_status"": ""Accepted"", ""rejection_reason"": null, ""validation_record_status"": ""valid""}, {""row_index"": 1354, ""target_field"": ""sub_type"", ""algorithm"": ""clustering"", ""predicted_value"": ""Residential Building Report"", ""confidence"": 0.6666666666666666, ""prediction_source"": ""cluster_majority"", ""passes_threshold"": true, ""candidate_status"": ""Accepted"", ""rejection_reason"": null, ""validation_record_status"": ""valid""}, {""row_index"": 1354, ""target_field"": ""sub_type"", ""algorithm"": ""knn"", ""predicted_value"": ""Residential Building Report"", ""confidence"": 1.0, ""prediction_source"": ""nearest_neighbors"", ""passes_threshold"": true, ""candidate_status"": ""Accepted"", ""rejection_reason"": null, ""validation_record_status"": ""valid""}]",
1358,sub_type,Residential Building Report,1,Residential Building Report,0.9097005884389062,Accepted,unanimous_vote,knn,"[""association_rules"", ""clustering"", ""grouped_majority"", ""knn""]",4,4,4,4,0.0,valid,True,"[{""row_index"": 1358, ""target_field"": ""sub_type"", ""algorithm"": ""grouped_majority"", ""predicted_value"": ""Residential Building Report"", ""confidence"": 0.9814814814814815, ""prediction_source"": ""group_majority"", ""passes_threshold"": true, ""candidate_status"": ""Accepted"", ""rejection_reason"": null, ""validation_record_status"": ""valid""}, {""row_index"": 1358, ""target_field"": ""sub_type"", ""algorithm"": ""association_rules"", ""predicted_value"": ""Residential Building Report"", ""confidence"": 0.9906542056074769, ""prediction_source"": ""matched_rules"", ""passes_threshold"": true, ""candidate_status"": ""Accepted"", ""rejection_reason"": null, ""validation_record_status"": ""valid""}, {""row_index"": 1358, ""target_field"": ""sub_type"", ""algorithm"": ""clustering"", ""predicted_value"": ""Residential Building Report"", ""confidence"": 0.6666666666666666, ""prediction_source"": ""cluster_majority"", ""passes_threshold"": true, ""candidate_status"": ""Accepted"", ""rejection_reason"": null, ""validation_record_status"": ""valid""}, {""row_index"": 1358, ""target_field"": ""sub_type"", ""algorithm"": ""knn"", ""predicted_value"": ""Residential Building Report"", ""confidence"": 1.0, ""prediction_source"": ""nearest_neighbors"", ""passes_threshold"": true, ""candidate_status"": ""Accepted"", ""rejection_reason"": null, ""validation_record_status"": ""valid""}]",
1359,sub_type,Residential Building Report,1,Residential Building Report,0.9097005884389062,Accepted,unanimous_vote,knn,"[""association_rules"", ""clustering"", ""grouped_majority"", ""knn""]",4,4,4,4,0.0,valid,True,"[{""row_index"": 1359, ""target_field"": ""sub_type"", ""algorithm"": ""grouped_majority"", ""predicted_value"": ""Residential Building Report"", ""confidence"": 0.9814814814814815, ""prediction_source"": ""group_majority"", ""passes_threshold"": true, ""candidate_status"": ""Accepted"", ""rejection_reason"": null, ""validation_record_status"": ""valid""}, {""row_index"": 1359, ""target_field"": ""sub_type"", ""algorithm"": ""association_rules"", ""predicted_value"": ""Residential Building Report"", ""confidence"": 0.9906542056074769, ""prediction_source"": ""matched_rules"", ""passes_threshold"": true, ""candidate_status"": ""Accepted"", ""rejection_reason"": null, ""validation_record_status"": ""valid""}, {""row_index"": 1359, ""target_field"": ""sub_type"", ""algorithm"": ""clustering"", ""predicted_value"": ""Residential Building Report"", ""confidence"": 0.6666666666666666, ""prediction_source"": ""cluster_majority"", ""passes_threshold"": true, ""candidate_status"": ""Accepted"", ""rejection_reason"": null, ""validation_record_status"": ""valid""}, {""row_index"": 1359, ""target_field"": ""sub_type"", ""algorithm"": ""knn"", ""predicted_value"": ""Residential Building Report"", ""confidence"": 1.0, ""prediction_source"": ""nearest_neighbors"", ""passes_threshold"": true, ""candidate_status"": ""Accepted"", ""rejection_reason"": null, ""validation_record_status"": ""valid""}]",
1360,sub_type,Residential Building Report,1,Residential Building Report,0.9097005884389062,Accepted,unanimous_vote,knn,"[""association_rules"", ""clustering"", ""grouped_majority"", ""knn""]",4,4,4,4,0.0,valid,True,"[{""row_index"": 1360, ""target_field"": ""sub_type"", ""algorithm"": ""grouped_majority"", ""predicted_value"": ""Residential Building Report"", ""confidence"": 0.9814814814814815, ""prediction_source"": ""group_majority"", ""passes_threshold"": true, ""candidate_status"": ""Accepted"", ""rejection_reason"": null, ""validation_record_status"": ""valid""}, {""row_index"": 1360, ""target_field"": ""sub_type"", ""algorithm"": ""association_rules"", ""predicted_value"": ""Residential Building Report"", ""confidence"": 0.9906542056074769, ""prediction_source"": ""matched_rules"", ""passes_threshold"": true, ""candidate_status"": ""Accepted"", ""rejection_reason"": null, ""validation_record_status"": ""valid""}, {""row_index"": 1360, ""target_field"": ""sub_type"", ""algorithm"": ""clustering"", ""predicted_value"": ""Residential Building Report"", ""confidence"": 0.6666666666666666, ""prediction_source"": ""cluster_majority"", ""passes_threshold"": true, ""candidate_status"": ""Accepted"", ""rejection_reason"": null, ""validation_record_status"": ""valid""}, {""row_index"": 1360, ""target_field"": ""sub_type"", ""algorithm"": ""knn"", ""predicted_value"": ""Residential Building Report"", ""confidence"": 1.0, ""prediction_source"": ""nearest_neighbors"", ""passes_threshold"": true, ""candidate_status"": ""Accepted"", ""rejection_reason"": null, ""validation_record_status"": ""valid""}]",
