permit_number,status,permit_type,applied_date,issued_date,address,parcel_number,fee,valuation,description
BLD25-6705,Issued,"Building Permit No Plan Check",11/2/2025,11/04/2025,"1460 High School Rd Graton [GRA]",060-303-011,$374.76,,"SFD, UNINSTALL/REINSTALLPROJECT UNINSTALL AND REINSTALL OF 17 (E) SOLARCITY SC325 SOLARMODULES AF"
BLD25-6706,Finaled,"Building Permit No Plan Check",11/3/2025,11/03/2025,"1460 High School Rd Graton [GRA]",060-303-011,$557.62,$0.00,"Remove & dispose off existing roofing material, install new roof, re-flash pipes, vent to code."
BLD25-6707,Issued,"Building Permit No Plan Check",11/3/2025,11/03/2025,"1150 Butler Ave Bellevue [BEL]",134-051-005,$374.76,$0.00,"Replacement 100 AMP service panel for agricultural well."
BLD25-6708,"Pre- Due","Building Permit No Plan Check",11/3/2025,,"4305 Hwy 116 S Sebastopol [SEB]",062-070-005,$555.88,$0.00,"Re.roof. Removing existing roof materials and installing 47 squares of GAF Timberline HDZ RS roofing system on a single family dwelling. Job value: $29,738.33. Self-certified."
BLD25-6709,Issued,"Building Permit No Plan Check",11/3/2025,11/03/2025,"2987 Parnell Rd Santa Rosa [SRO]",059-060-020,$374.76,$0.00,"Remove a 100 Amp Main Panel and Replace with a 225 Amp Main Panel."
BLD25-6710,Issued,"Building Permit No Plan Check",11/3/2025,11/03/2025,"5280 Las Flores Rd Bodega Bay [BBY]",101-240-008,$374.76,$0.00,"replace meter main electrical panel like for like 100 amp"
BLD25-6711,Issued,"Building Permit No Plan Check",11/3/2025,11/03/2025,"3337 Calistoga Rd Rincon Valley [RIN]",028-320-043,$374.76,$0.00,"ELECTRIC FOR SEPTIC (189)"
BLD25-6713,"Pre- Due","Building Permit No Plan Check",11/3/2025,,"655 Gull Dr Bodega Bay [BBY]",100-370-028,$924.88,$0.00,"Re roof house. Flashings, gutters, and downspouts are heavy copper in good shape and are to remain unless damage is found. Replace insulation and repair drywall damage in garage ceiling. Replace 1 exterior GFCI outlet that quit working."
BLD25-6714,Issued,"Building Permit No Plan Check",11/3/2025,12/02/2025,"1500 Country Club Dr Petaluma [PET]",019-220-042,$553.61,$0.00,"replace like for like grease trap"
BLD25-6715,Issued,"Building Permit No Plan Check",11/3/2025,11/03/2025,"15186 Hwy 12 Glen Ellen [GLE]",056-011-015,$559.83,$0.00,"Existing pool remodel. Project valuation: $52,500"
BLD25-6719,Issued,"Building Permit No Plan Check",11/3/2025,11/03/2025,"183 Wikiup Meadows Dr Windsor [WIN]",039-360-022,$553.48,$0.00,"TEAR OFF AND REROOF RESIDENCE, INSTALL ""CLASS A"" FIRE RATED ASPHALT SHINGLES, INSTALL 21 SQ IN TOTAL, SELF CERTIFIED W/COUNTY, SFD."
BLD25-6720,Issued,"Building Permit No Plan Check",11/3/2025,11/05/2025,"8455 Brand Ln Penngrove [PEN]",047-201-008,$374.76,$0.00,"SFD- REMOVE WALL FURNACE. ADD DUCTLESS MINI SPLIT SYSTEM"
BLD25-6727,Finaled,"Building Permit No Plan Check",11/3/2025,11/04/2025,"7021 Dry Creek Rd Geyserville [GEY]",139-170-043,$374.76,$0.00,"SFD, Replace Water Supply Line in Crawlspace with (N) Copper Piping & Stub up through Floor to Connect to (E) In-Wall Piping"
BLD25-6728,Issued,"Building Permit No Plan Check",11/3/2025,11/07/2025,"1653 Abramson Rd Santa Rosa [SRO]",034-081-038,$374.76,$0.00,"SFD, Replace 80% AFUE Furnace with a (N) 96% & Replace Ducting"
BLD25-6732,Finaled,"Building Permit No Plan Check",11/3/2025,11/05/2025,"7370 Dry Creek Rd Geyserville [GEY]",139-130-052,$402.60,$0.00,"Reroof Detached Garage- 7410 Dry creek is the correct address, 12 sq full tear off and re roof with a class A GAF HDZ roof system"
BLD25-6733,Finaled,"Building Permit No Plan Check",11/3/2025,11/05/2025,"7370 Dry Creek Rd Geyserville [GEY]",139-130-052,$221.27,$0.00,"Reroof accessory structure - 7410 Dry creek Rd is the correct address - 2 sq tear off and re roof with a class A GAF HDZ roof system, self cert this is for the she shed behind the gym valuation $1,500"
BLD25-6734,Issued,"Building Permit No Plan Check",11/3/2025,11/06/2025,"5925 Hall Rd Santa Rosa [SRO]",130-200-064,$374.76,$0.00,"SFD - Change-out 60,000 BTU 97 AFUE furnace in attic. Replace (7) supply and (1) return R8 ducts in attic."
BLD25-6735,Issued,"Building Permit No Plan Check",11/3/2025,11/05/2025,"2298 W Dry Creek Rd Healdsburg [HEA]",089-190-046,$374.76,$0.00,"Replace (8) R8 supply ducts under home."
BLD25-6736,Finaled,"Building Permit No Plan Check",11/3/2025,11/03/2025,"792 Foreman Ln Healdsburg [HEA]",110-080-003,$374.76,$0.00,"Replace LP furnace/ac to an electric Heat pump fan coil."
BLD25-6738,Issued,"Building Permit No Plan Check",11/3/2025,11/03/2025,"6942 Cliff Ave Bodega Bay [BBY]",101-140-043,$374.76,$0.00,"Remove a 125 Amp Electrical Panel and Replace with a new 125 Amp Panel."
BLD25-6739,Issued,"Building Permit No Plan Check",11/3/2025,11/03/2025,"8810 Petaluma Hill Rd Penngrove [PEN]",047-191-055,$374.76,$0.00,"Surface mounted 200 amp panel upgrade in existing meter location."
BLD25-6741,Issued,"Building Permit No Plan Check",11/4/2025,11/04/2025,"14910 Rio Nido Rd Guerneville [GUE]",070-210-020,$374.76,$0.00,"Replace existing Zinsco 100 amp meter main combo with new 100 amp meter main combo (like for like)"
BLD25-6742,Issued,"Building Permit No Plan Check",11/4/2025,11/04/2025,"18935 5th St W Agua Caliente [AGU]",127-101-018,$374.76,$0.00,"Replace existing meter main panel with like."
BLD25-6747,Issued,"Building Permit No Plan Check",11/4/2025,11/04/2025,"5455 Vine Hill Rd Graton [GRA]",078-120-065,$374.76,$0.00,"SFD- REPLACE FURNACE IN SAME LOCATION"
BLD25-6748,Issued,"Building Permit No Plan Check",11/4/2025,11/07/2025,"1084 Sholem Ln Twin Hills [TWI]",076-071-046,$374.76,$0.00,"SFD, REPLACING EXISTING FAU IN HALLWAY CLOSET WITH MIDEA 3T EVOX G3 VARIABLE CAPACITY AIR HANDLER IN SAME LOCATION - REPLACING EXISTING A/C UNIT ON LEFT HAND SIDE OF THE HOME WITH MIDEA 3T EVOX G3 VARIABLE CAPACITY COMPRESSOR HEAT PUMP IN SAME LOCATION"
BLD25-6753,Issued,"Building Permit No Plan Check",11/4/2025,11/04/2025,"540 Gold Ridge Rd Twin Hills [TWI]",077-200-014,$553.94,$0.00,"Tear off existing single layer roof, install 27 squares life time comp shingle/ SFD/ Self Certify"
BLD25-6754,Issued,"Building Permit No Plan Check",11/4/2025,11/04/2025,"1630 Hurlbut Ln Graton [GRA]",060-321-071,$374.76,$0.00,"Upgrade Main Service Panel 100 AMP to 200 AMP, SFD"
BLD25-6755,Issued,"Building Permit No Plan Check",11/4/2025,11/07/2025,"526 Duer Rd Santa Rosa [SRO]",060-020-064,$374.76,$0.00,"SFD-Replacing existing gas furnace & AC with new Daikin heat pump & air handler. Replacing 10 duct runs with R8 AlumaFlex, like for like."
BLD25-6759,Finaled,"Building Permit No Plan Check",11/4/2025,11/04/2025,"1340 Bodega Ave Bodega Bay [BBY]",100-080-033,$374.76,$0.00,"Replace (E) 200A main panel located on side of house with like for like"
BLD25-6761,Issued,"Building Permit No Plan Check",11/4/2025,11/04/2025,"6489 Lone Pine Rd Twin Hills [TWI]",063-073-047,$374.76,$0.00,"New Sub Panel for 20x20 garage permit number: BLD25-3035. including plugs, lights, and switches."
BLD25-6763,Issued,"Building Permit No Plan Check",11/4/2025,11/04/2025,"7637 Hwy 12 Kenwood [KEN]",051-020-044,$374.76,$0.00,"installing a furnace AFUE: 97%"
BLD25-6767,Issued,"Building Permit No Plan Check",11/4/2025,11/04/2025,"2590 N Fitch Mountain Rd Healdsburg [HEA]",087-092-003,$374.76,$0.00,"Replace existing water heater with a new one in the top floor residence. Insulate & Strap the water heater to the framing of the home as needed. Provide a 3/4"" drain line for the high pressure relief valve to the exterior of the building. Terminate within 6 inches of the ground. Insulate the hot water pipes inside the closet."
BLD25-6768,Issued,"Building Permit No Plan Check",11/4/2025,11/04/2025,"2590 N Fitch Mountain Rd Healdsburg [HEA]",087-092-003,$374.76,$0.00,"Replace existing water heater with a new one in the bottom floor residence. Insulate & Strap the water heater to the framing of the home as needed. Provide a 3/4"" drain line for the high pressure relief valve to the exterior of the building. Terminate within 6 inches of the ground. Insulate the hot water pipes inside the closet."
BLD25-6769,"Pre- Due","Building Permit No Plan Check",11/4/2025,11/04/2025,"30645 River Rd Cloverdale [CLO]",116-200-001,$753.77,$0.00,"SFD, Legalize VBU25-0217 Partial Reroof Class A Comp Shingles w/ Replacement of Damaged Roof Sheathing - Approx 175 SF total"
BLD25-6771,Issued,"Building Permit No Plan Check",11/4/2025,11/04/2025,"100 Vineyard Cir Sonoma [SON]",142-152-022,$374.76,$0.00,"Remove existing furnace located in hall closet . remove duct work under sub floor . Install new R 8 DUCT SYSTEM located in attic new heat pump and air handler located in garage ."
BLD25-6772,Issued,"Building Permit No Plan Check",11/4/2025,11/04/2025,"16096 Coleman Valley Rd Camp Meeker [CAM]",074-160-024,$623.68,$0.00,"SFD; 17sqs; Self Certified contractor; Remove existing roof. Install with new Lifetime Class A composition shingles and 2sqs of TPO to Main House"
BLD25-6778,Issued,"Building Permit No Plan Check",11/5/2025,11/07/2025,"193 Airport Blvd E Windsor [WIN]",039-025-067,$374.76,$0.00,"For Apt #115: Replace (E) heater w/ (N) Goodman (40k btu's/80%efficiency) heater, replace (E) A/C w/ (N) York(1.5ton/14seer) A/C unit. No electrical needed. Job Valuation: $9,500.00"
BLD25-6779,Issued,"Building Permit No Plan Check",11/5/2025,11/05/2025,"4653 Stage Gulch Rd Sonoma [SON]",142-052-022,$374.76,$0.00,"New 200 amp electrical panel for pge meter and electrical conduit"
BLD25-6783,Issued,"Building Permit No Plan Check",11/5/2025,11/05/2025,"40 Geyser Ridge Way Geyserville [GEY]",140-160-016,$374.76,$0.00,"100 AMP PANEL CHANGE OUT SERVING MAIN HOUSE"
BLD25-6784,Issued,"Building Permit No Plan Check",11/5/2025,11/05/2025,"9271 Country Ln Twin Hills [TWI]",061-143-030,$374.76,$0.00,"SFD, Main Panel Upgrade from 100A to 200A"
BLD25-6787,Finaled,"Building Permit No Plan Check",11/5/2025,11/05/2025,"612 Von Reimers Ln Santa Rosa [SRO]",130-223-037,$209.64,,"electrical inspection for electrical meter upgrade. BLD24-5444"
BLD25-6789,Issued,"Building Permit No Plan Check",11/5/2025,11/05/2025,"386 Mark West Station Rd Windsor [WIN]",059-284-019,$374.76,$0.00,"Install new 200 AMP service and meter on new power pole in the front section of property approximately 15ft from PG&E pole. New service to be ran to garage building (200 AMPS), then 100 AMPS ran to the house in the back of the property. All new power supply to be installed underground in PVC chase's, along with communication cables (Comcast and AT&T)."
BLD25-6790,Finaled,"Building Permit No Plan Check",11/5/2025,11/05/2025,"1185 Hwy 116 N Forestville [FOR]",085-070-006,$552.38,$0.00,"remove existing composition roofing, install new class A dimensional composition shingles over 15lb felt, new flashings and ohagin vents and new ridge cap."
BLD25-6791,Issued,"Building Permit No Plan Check",11/5/2025,11/05/2025,"4180 Mill Creek Rd Healdsburg [HEA]",110-030-005,$374.76,$0.00,"REPLACING (2) FAILED 80% FURNACE 3 TON WITH (2) 96% 3 TON FURNACES"
BLD25-6793,Finaled,"Building Permit No Plan Check",11/5/2025,11/06/2025,"114 Serres Dr Glen Ellen [GLE]",056-063-005,$374.76,$0.00,"PLUMBING - HOOK UP TO DISTRICT WATER Plumbing permit with no plan check needed to hook up to district water. Valley of the Moon Water has completed their work, with a new meter in front. We are currently doing a remodel under BLD-24-7718, and our contractor is ready to connect to this new service."
BLD25-6795,Issued,"Building Permit No Plan Check",11/5/2025,11/13/2025,"22298 Moscow Rd Monte Rio [MRO]",096-200-024,$926.66,$0.00,"Replace siding on Pre-Code Structure, Dry rot repair as needed (not to exceed 40 Lineal Feet), Reroof existing porch roof, including repair/replace some sheathing/rafters/fascia as needed with inspection prior to roofing over repairs. Minor electrical and plumbing repair by licensed plumbing/electrical contractors with inspection. Thank you."
BLD25-6796,Issued,"Building Permit No Plan Check",11/5/2025,11/05/2025,"26000 Asti Rd Cloverdale [CLO]",118-020-004,$374.76,$0.00,"New 225A main panel upgrade."
BLD25-6797,Finaled,"Building Permit No Plan Check",11/5/2025,11/05/2025,"130 Fetters Ave Agua Caliente [AGU]",056-312-010,$374.76,$0.00,"Final inspection of electrical service upgrade from 2017. Original permit expired with the final inspection not completed."
BLD25-6798,Issued,"Building Permit No Plan Check",11/5/2025,11/06/2025,"1553 Laguna Rd Graton [GRA]",130-480-023,$374.76,$0.00,"SFD, Replace R8 Ducts under home with 10 Supply 0 Return"
BLD25-6799,Finaled,"Building Permit No Plan Check",11/5/2025,11/05/2025,"564 Purvine Rd Two Rock [TWO]",022-230-007,$402.60,$0.00,"RE-ROOF SHED"
BLD25-6802,Issued,"Building Permit No Plan Check",11/5/2025,11/05/2025,"3655 Bisordi Ln Santa Rosa [SRO]",059-180-025,$374.76,$0.00,"Schoenstein Barn, Replace 125amp Electric Meter Panel"
BLD25-6803,Issued,"Building Permit No Plan Check",11/5/2025,11/05/2025,"3655 Bisordi Ln Santa Rosa [SRO]",059-180-025,$374.76,$0.00,"Schoenstein Main House, Replace 200amp Electric Meter Panel"
BLD25-6806,Issued,"Building Permit No Plan Check",11/5/2025,11/06/2025,"9965 Bodega Hwy Twin Hills [TWI]",077-010-049,$221.27,$0.00,"Reroof Detached Garage; Self Certified contractor; Remove existing roof. Install with new Lifetime Class A composition shingles"
BLD25-6807,Issued,"Building Permit No Plan Check",11/5/2025,12/01/2025,"8269 Trenton Rd Forestville [FOR]",083-160-068,$402.62,$0.00,"Secondary SFD, Tear off / Reroof 7 SQ with Class A Comp Shingles and Repair Water Damaged Areas (as needed)"
BLD25-6808,Issued,"Building Permit No Plan Check",11/5/2025,11/05/2025,"2060 Madrone Ave Healdsburg [HEA]",087-173-006,$553.38,$0.00,"T/O 16 SQ OF EXISTING ROOFING SYSTEM; RE-ROOF WITH CLASS A RATED COMP SHINGLES AT PITCHED ROOFS AND CLASS A RATED APP TORCH DOWN AT LOW SLOPE ROOFS; SFD; SELF CERT"
BLD25-6809,Finaled,"Building Permit No Plan Check",11/5/2025,11/05/2025,"970 Laurel Ave Agua Caliente [AGU]",052-362-028,$553.48,$0.00,"T/O 28 SQ COMP SHINGLE; RE-ROOF WITH CLASS A RATED COMP SHINGLE; SFD; SELF CERT"
BLD25-6811,Issued,"Building Permit No Plan Check",11/6/2025,11/06/2025,"9098 Gilroy Ave Forestville [FOR]",085-060-012,$552.68,$0.00,"SFD. Tear off and reroof 14 squares using class ""A"" composition shingles over roofing felt. SELF CERT."
BLD25-6814,Issued,"Building Permit No Plan Check",11/6/2025,11/06/2025,"3437 Hidden Hills Dr Mark West Springs [MWS]",029-250-011,$374.76,$0.00,"Replace damaged electrical service with new 320A electrical service"
BLD25-6821,Issued,"Building Permit No Plan Check",11/6/2025,11/07/2025,"411 Las Casitas A Windsor [WIN]",039-070-024,$374.76,$0.00,"SFD-Replace 7 runs ducting located in attic. For unit # A"
BLD25-6823,Issued,"Building Permit No Plan Check",11/6/2025,11/10/2025,"1359 Ferguson Rd Twin Hills [TWI]",061-143-011,$374.76,$0.00,"SFD - Replace Furnace in Garage Like for Like, Add Coil, & Replace (6) Duct Runs in Crawlspace"
BLD25-6826,Issued,"Building Permit No Plan Check",11/6/2025,11/12/2025,"10825 Canyon Rd Forestville [FOR]",081-190-030,$374.76,$0.00,"SFD, Replace Heat Pump Like for Like"
BLD25-6827,Issued,"Building Permit No Plan Check",11/6/2025,11/06/2025,"72 Heron Sea Ranch [SEA]",156-520-004,$374.76,$0.00,"45K BTUS 97% FURNACE CHANGEOUT SAME LOCATION OUTSIDE CLOSET"
BLD25-6829,Issued,"Building Permit No Plan Check",11/6/2025,11/06/2025,"1678 Bloomfield Rd Twin Hills [TWI]",063-350-007,$374.76,$0.00,"40 GAL GAS WATER HEATER CHANGEOUT GARAGE"
BLD25-6832,Issued,"Building Permit No Plan Check",11/6/2025,11/06/2025,"1300 Castle Rd Sonoma [SON]",127-111-061,$556.02,$0.00,"SFD; 47sqs; Self Certified contractor; Remove existing roof. Install with new Lifetime Class A composition shingles. Main House"
BLD25-6835,Issued,"Building Permit No Plan Check",11/7/2025,11/07/2025,"987 San Clemente Dr Santa Rosa [SRO]",044-171-011,$553.35,$0.00,"Tear off existing roof (one layer) and replace 21 squares with Class A composition shingles and 3 squares with Class A TPO heat wielded seams. Self-certify this permit"
BLD25-6839,Issued,"Building Permit No Plan Check",11/7/2025,11/07/2025,"321 Foreman Ln Healdsburg [HEA]",110-130-007,$374.76,$0.00,"Panel Upgrade"
BLD25-6841,Issued,"Building Permit No Plan Check",11/7/2025,11/07/2025,"185 Mark West Commons Cir Windsor [WIN]",039-420-015,$374.76,$0.00,"REPLACE FURNACE"
BLD25-6842,Issued,"Building Permit No Plan Check",11/7/2025,11/07/2025,"700 Michael Dr Agua Caliente [AGU]",127-372-001,$221.27,$0.00,"SFD; 9sqs; Self Certified contractor; Remove existing roof. Install with new Lifetime Class A composition shingles to detached garage"
BLD25-6843,Finaled,"Building Permit No Plan Check",11/7/2025,11/07/2025,"3010 Alexander Dr Santa Rosa [SRO]",036-035-023,$552.18,$0.00,"RE-ROOF 18SQ TORCH DOWN"
BLD25-6844,Issued,"Building Permit No Plan Check",11/7/2025,11/10/2025,"15121 Kinley Dr Healdsburg [HEA]",089-081-011,$374.76,$0.00,"INSTALL DUAL WALL WALL FURNACE"
BLD25-6845,Issued,"Building Permit No Plan Check",11/7/2025,11/07/2025,"5068 Harville Rd Rincon Valley [RIN]",029-280-019,$402.75,$0.00,"tear off re roof 8 squares using class A comp shingles to the garage SELF CERTIFICATE"
BLD25-6846,Issued,"Building Permit No Plan Check",11/7/2025,11/12/2025,"13200 Hwy 12 Glen Ellen [GLE]",053-120-052,$374.76,$0.00,"Air conditioning and Air Force furnace"
BLD25-6847,Issued,"Building Permit No Plan Check",11/7/2025,11/10/2025,"15101 River Rd Guerneville [GUE]",070-150-035,$374.76,$0.00,"R/R AIR HANDLER, HEAT PUMP"
BLD25-6860,Issued,"Building Permit No Plan Check",11/7/2025,11/07/2025,"1520 Darby Rd Twin Hills [TWI]",076-221-012,$557.76,$0.00,"Remove and replace existing composition shingle roof with new Class A fire rated composition shingle roofing system 40 SQ SELF CERT"
BLD25-6866,Issued,"Building Permit No Plan Check",11/8/2025,11/08/2025,"1525 Timber Hill Rd Graton [GRA]",130-440-015,$374.76,$0.00,"Upgrade electrical service at same location."
BLD25-6869,Issued,"Building Permit No Plan Check",11/9/2025,11/09/2025,"12879 Bodega Hwy Twin Hills [TWI]",073-080-082,$553.43,$0.00,"SELF CERT_ Remove old roofing material Singles and reinstall new roofing material with new cool roof series shingles"
BLD25-6872,Issued,"Building Permit No Plan Check",11/10/2025,11/10/2025,"5195 Hall Rd Santa Rosa [SRO]",130-230-025,$402.75,$0.00,"SFD, Install (2) Nail Fin Windows Like for Like - No Structural Changes"
BLD25-6874,Issued,"Building Permit No Plan Check",11/10/2025,11/10/2025,"1586 Fowler Creek Rd Sonoma [SON]",142-180-026,$374.76,$0.00,"REPLACE (50) GALLON ELECTRIC HYBRID HEAT PUMP WATER HEATER WITH AN ELECTRICAL WATER HEATER"
BLD25-6875,Finaled,"Building Permit No Plan Check",11/10/2025,11/10/2025,"271 Maple Ave Kenwood [KEN]",050-275-029,$374.76,$0.00,"REPLACE WATER MAIN 1 1/4in PVC APPROX 35 FT"
BLD25-6877,Issued,"Building Permit No Plan Check",11/10/2025,11/10/2025,"5237 Blank Rd Sebastopol [SEB]",062-130-011,$555.54,$0.00,"Roof Replacement from Asphalt shingle to asphalt shingles"
BLD25-6879,Issued,"Building Permit No Plan Check",11/10/2025,11/12/2025,"4722 Cambridge Ct Windsor [WIN]",058-194-009,$374.76,$0.00,"SFD, Replace Main Panel Like for Like 100A"
BLD25-6880,Issued,"Building Permit No Plan Check",11/10/2025,11/13/2025,"22650 Broadway Sonoma [SON]",,$374.76,$0.00,"Install ductless mini split (22.5 SEER /11.5 HSPF /12 kbtu) with (1) indoor head. 128-422-057"
BLD25-6881,Issued,"Building Permit No Plan Check",11/10/2025,12/04/2025,"7200 Grove Ct Sonoma [SON]",064-260-009,$1289.76,$0.00,"SFD - Legalize two permit exempt structures >120 SF to clear violation #VBU25- 0385 This submittal is in response to PRMD Building Violation #VBU25-0385 dated 10/10/2025. The intent is these two (2) new proposed structures are permit- exempted as verified by Code Enforcement Officer Nathan Peacock, however they are within 50 feet of each other requiring additional review by PRMD. New proposed chicken coop and shed, with breezeway. Two (2) structures 120 square feet each, separated 10 feet apart by a breezeway. Concrete slab on grade under both structures and continuous through breezeway, to front apron. Aggregate baserock and gravel surround the structures as fire defensible space. Siding utilizes natural Conheart Redwood materials to compliment surrounding rural environment per PRMD Tayor & Sonoma Mountain Development Guidelines, and HOA requirements. HOA previously approved the construction of this project."
BLD25-6883,Issued,"Building Permit No Plan Check",11/10/2025,11/12/2025,"4107 Barnes Rd Santa Rosa [SRO]",059-090-007,$553.02,$0.00,"REPLACE 7 WINDOWS WITH NAIL FIN VINYL WINDOWS."
BLD25-6885,Issued,"Building Permit No Plan Check",11/10/2025,11/10/2025,"10124 Green Meadow Rd Graton [GRA]",061-040-044,$374.76,$0.00,"Meter Release, MAIN HOUSE"
BLD25-6886,Issued,"Building Permit No Plan Check",11/10/2025,11/10/2025,"2617 WOOLSEY Rd Santa Rosa [SRO]",059-320-017,$374.76,$0.00,"Replacement/upgrade to two main service panels on the property located at 2617 Woolsey Rd. One is attached to the main house and the other is located across the property outdoors and serves a small cottage as well as the barn and an out building. The panels are both 30+ years old. The outdoor panel will also have the riser and weather-head assembly replaced. The main service panel connected tot he house is a 200A panel and it will be replaced with another 200A panel. The outdoor main service panel is currently 125A and will be upgraded to a 200A service. PGE has been contacted and stated the incoming utility lines can handle up to 320amps for this service."
BLD25-6887,Issued,"Building Permit No Plan Check",11/10/2025,11/17/2025,"17919 Railroad Ave Agua Caliente [AGU]",133-192-021,$374.76,$0.00,"REPLACING FAILED FURNACE AND AC FOR NEW HEAT PUMP AND AIR HANDLER"
BLD25-6888,Issued,"Building Permit No Plan Check",11/10/2025,11/10/2025,"8990 Hwy 116 N Graton [GRA]",084-230-007,$374.76,$0.00,"MSP upgrade to 200A."
BLD25-6889,Issued,"Building Permit No Plan Check",11/10/2025,11/10/2025,"2853 Bowen St Graton [GRA]",130-153-020,$374.76,$0.00,"Replacing Furnace. Like for like."
BLD25-6890,Issued,"Building Permit No Plan Check",11/10/2025,11/26/2025,"1900 Petaluma Blvd N Petaluma [PET]",048-200-002,$554.90,$0.00,"COMMERCIAL - FEMA - Remove and replace with 16 SQ Mod Bit"
BLD25-6892,Issued,"Building Permit No Plan Check",11/10/2025,11/10/2025,"7895 Elphick Rd Twin Hills [TWI]",076-030-046,$374.76,$0.00,"Remove wall furnace, replace with single zone mini split."
BLD25-6893,Finaled,"Building Permit No Plan Check",11/10/2025,11/11/2025,"2775 Joy Rd Occidental [OCC]",073-220-050,$374.76,$0.00,"Electrical for septic system"
BLD25-6895,Issued,"Building Permit No Plan Check",11/10/2025,11/10/2025,"1061 Tilton Rd Twin Hills [TWI]",077-060-048,$374.76,$0.00,"SFD, Main Panel Replacement 200A"
BLD25-6898,Issued,"Building Permit No Plan Check",11/10/2025,11/12/2025,"400 Sea Stack Sea Ranch [SEA]",156-440-010,$374.76,$0.00,"CHANGE OUT 2 FURNACES WITH DUCT WORK (10 RETURNS/ 1 SUPPLY) LIKE FOR LIKE IN SAME LOCATIONS (1) - 97 AFUE, 88K BTU, IN GARAGE (2)- 97 AFUE, 66K BTU, IN GARAGE"
BLD25-6899,Finaled,"Building Permit No Plan Check",11/10/2025,11/12/2025,"11107 Cherry Ridge Rd Twin Hills [TWI]",061-120-039,$374.76,$0.00,"SPLIT SYSTEM CHANGE OUT LIKE FOR LIKE IN SAME LOCATION WITH DUCTWORK, 3.5 TON, 16 SEER, 8 HSPF, HAT PUMP- RIGHT SIDE YARD, AIR HANDLER- CRAWLSPACE"
BLD25-6900,Issued,"Building Permit No Plan Check",11/10/2025,11/10/2025,"18501 Riverside Dr Agua Caliente [AGU]",052-231-026,$374.76,$0.00,"REPLACE FURNACE. INSTALL 96% AFUE"
BLD25-6901,Issued,"Building Permit No Plan Check",11/10/2025,11/10/2025,"1495 Lupine Dr Santa Rosa [SRO]",034-072-025,$374.76,$0.00,"upgrade 100-amp zinsco panel to a 200-amp surface mount BR style panel. install new panel 3ft away from gas per PGE and move circuits to new panel."
BLD25-6904,Issued,"Building Permit No Plan Check",11/11/2025,11/11/2025,"8167 Park Ave Forestville [FOR]",082-035-008,$402.60,$0.00,"re-roof house 7 squares of roofing"
BLD25-6905,Issued,"Building Permit No Plan Check",11/11/2025,11/11/2025,"1584 SEA Way Bodega Bay [BBY]",100-350-044,$374.76,$0.00,"Replace (1) 50 gallon heat pump water heater in garage."
BLD25-6906,Issued,"Building Permit No Plan Check",11/11/2025,11/17/2025,"17878 Orchard Ave Forestville [FOR]",071-250-003,$374.76,$0.00,"Installing Ductless Mini-Split. SEER2: 20 HSPF: 9.5"
BLD25-6907,Issued,"Building Permit No Plan Check",11/11/2025,11/11/2025,"19092 Shady Dr Monte Rio [MRO]",094-170-018,$374.76,$0.00,"Replacing Furnace. AFUE: 80%"
BLD25-6908,Issued,"Building Permit No Plan Check",11/11/2025,11/11/2025,"2350 Oak Knoll Dr Santa Rosa [SRO]",034-122-011,$374.76,$0.00,"Replace 100A main with a 200A meter/main combo in the same location - Add to scope 11/19/25: Rewire entire home"
BLD25-6909,Finaled,"Building Permit No Plan Check",11/11/2025,11/12/2025,"61 Center Rd Petaluma [PET]",113-120-068,$374.76,$0.00,"Install aaprox 160ft of 2"" galvy gas piping along the exterior of the home. Approx 15ft total run will be installed underground using 2"" Poly(PE) pipe."
BLD25-6912,Issued,"Building Permit No Plan Check",11/11/2025,11/11/2025,"4200 Ross Rd Graton [GRA]",130-080-080,$552.57,$0.00,"4200 Ross Rd, Sebastopol, CA 95472 - Remove existing asphalt shingles and install new asphalt shingles - Self Certification - Class A installation - 909 Sq Ft"
BLD25-6914,Issued,"Building Permit No Plan Check",11/11/2025,11/11/2025,"12700 Dunbar Rd Glen Ellen [GLE]",053-120-080,$374.76,$0.00,"SFD-FURNACE REPLACEMENT ONLY"
BLD25-6916,Finaled,"Building Permit No Plan Check",11/11/2025,11/17/2025,"1643 Furlong Rd Twin Hills [TWI]",080-090-012,$374.76,$0.00,"SFD, Replace A/C & Furnace with Heat Pump and Air Handler"
BLD25-6917,Issued,"Building Permit No Plan Check",11/11/2025,11/11/2025,"115 Davis Ln Penngrove [PEN]",047-231-028,$374.76,$0.00,"SFD- FURNACE REPLACEMENT ONLY"
BLD25-6919,Issued,"Building Permit No Plan Check",11/11/2025,11/11/2025,"1359 Ferguson Rd Twin Hills [TWI]",061-143-011,$374.76,$0.00,"Replace 100A Main with a 200A main combo in the same location."
BLD25-6920,Issued,"Building Permit No Plan Check",11/11/2025,11/11/2025,"109 Warm Springs Rd Kenwood [KEN]",050-263-062,$374.76,$0.00,"Upgrade outdated panel from 200amp to 200amp"
BLD25-6921,Issued,"Building Permit No Plan Check",11/11/2025,11/11/2025,"2089 Redwood Dr Healdsburg [HEA]",087-051-004,$374.76,$0.00,"SFD-REPLACE FURNACE ONLY"
BLD25-6922,Issued,"Building Permit No Plan Check",11/11/2025,11/17/2025,"130 Calle Petite Sarah Sonoma [SON]",142-221-004,$374.76,$0.00,"SFD Replace (E) Fireplace Insert & Replace (E) One-Sided Direct-Vent Gas Fireplace w/ Metal Flue with (N) Two-Sided Direct Vent Gas Fireplace w/ Metal Flue"
BLD25-6932,Issued,"Building Permit No Plan Check",11/12/2025,11/12/2025,"18038 Benson Rd Forestville [FOR]",071-321-019,$374.76,$0.00,"Remove(E) NG WH in the laundry room area Install (N) LIQ Propane WH in the same location."
BLD25-6942,Issued,"Building Permit No Plan Check",11/12/2025,11/12/2025,"311 De Chene Ave Agua Caliente [AGU]",056-291-005,$374.76,$0.00,"removal of existing 100 amp zinsco and upgrading to a 200 amp panel"
BLD25-6944,Issued,"Building Permit No Plan Check",11/13/2025,11/13/2025,"12805 Henno Rd Glen Ellen [GLE]",053-110-037,$374.76,$0.00,"REMOVE AND REPLACE GAS TANKLESS WATER HEATER ON EXTERIOR WALL. LIKE FOR LIKE SAME LOCATION."
BLD25-6946,Finaled,"Building Permit No Plan Check",11/13/2025,11/13/2025,"5489 Corbett Cir Windsor [WIN]",039-351-030,$374.76,$0.00,"REMOVE AND REPLACE 40 GALLON GAS WATER HEATER IN GARAGE. LIKE FOR LIKE SAME LOCATION."
BLD25-6947,Finaled,"Building Permit No Plan Check",11/13/2025,11/13/2025,"3227 Edison St Graton [GRA]",130-101-038,$374.76,$0.00,"REMOVE AND REPLACE 40 GALLON GAS WATER HEATER IN GARAGE. LIKE FOR LIKE SAME LOCATION."
BLD25-6948,Finaled,"Building Permit No Plan Check",11/13/2025,11/13/2025,"656 Sparkes Rd Twin Hills [TWI]",063-320-005,$374.76,$0.00,"Install ductless air handler and heat pump."
BLD25-6950,Issued,"Building Permit No Plan Check",11/13/2025,11/18/2025,"10905 Moonshine Rd Twin Hills [TWI]",073-030-029,$552.31,$0.00,"SFD, Install hardiplank siding over existing plywood siding"
BLD25-6952,Issued,"Building Permit No Plan Check",11/13/2025,11/13/2025,"2051 Laughlin Rd Santa Rosa [SRO]",059-180-020,$374.76,$0.00,"RPLC (E) POWER POLE 200A"
BLD25-6955,Issued,"Building Permit No Plan Check",11/13/2025,11/13/2025,"918 Dorthel St Twin Hills [TWI]",060-270-056,$553.37,$0.00,"Remove and dispose of existing composition shingle roof on single-family dwelling. New roof material is GAF Timberline HDZ U.L. Class A architectural laminate fiberglass comp shingle roof."
BLD25-6956,Issued,"Building Permit No Plan Check",11/13/2025,11/13/2025,"372 Sparkes Rd Twin Hills [TWI]",063-310-003,$374.76,$0.00,"Upgrade existing 100A Zinsco Sylvania electrical meter main panel to a new, code-compliant 100A meter main panel with modern breakers"
BLD25-6957,Issued,"Building Permit No Plan Check",11/13/2025,11/13/2025,"5059 Deerwood Dr Windsor [WIN]",058-331-041,$374.76,$0.00,"FOR SFD, 60' R8 DUCTWORK CHANGE OUT IN CRAWLSPACE."
BLD25-6958,Issued,"Building Permit No Plan Check",11/13/2025,11/13/2025,"710 Deer Creek Ln Petaluma [PET]",019-310-025,$374.76,$0.00,"Furnace and AC replacement. Removal the existing system and install the new model # PVA-AA42NL # PUZ- AK42NL."
BLD25-6959,Issued,"Building Permit No Plan Check",11/13/2025,11/13/2025,"4314 Sonoma Mountain Rd Bennett Valley [BEN]",049-071-025,$374.76,$0.00,"Residential: INSTALL 2.5T, 15.2 SEER2 AC IN THE BACK YARD"
BLD25-6965,Issued,"Building Permit No Plan Check",11/13/2025,11/13/2025,"19300 Coleman Valley Rd Bodega Bay [BBY]",101-090-013,$374.76,$0.00,"Remove(E) NG WH Located in mechanical room Install(N) TANKLESS WH LP in same location With designated gas line."
BLD25-6966,Issued,"Building Permit No Plan Check",11/13/2025,11/13/2025,"11250 Barnett Valley Rd Twin Hills [TWI]",073-071-066,$374.76,$0.00,"Replacing 100 AMP panel like for like (no added loads)"
BLD25-6967,Finaled,"Building Permit No Plan Check",11/13/2025,11/13/2025,"10300 Brooks Rd Windsor [WIN]",161-080-002,$627.85,$0.00,"SFD-RE-ROOF T/O EXISTING COMP 1 LATER INSTALL GAF HDZ CLASS A IN WEATHERED WOOD 37 DQUARES PITCH 5/12 NO RESHEETING SELF CERTIFY"
BLD25-6970,Issued,"Building Permit No Plan Check",11/13/2025,11/13/2025,"7775 Apple Blossom Ln Graton [GRA]",060-400-041,$374.76,$0.00,"MSP upgrade 200A like-for-like"
BLD25-6971,Issued,"Building Permit No Plan Check",11/13/2025,11/19/2025,"1045 Butler Ave Bellevue [BEL]",134-061-006,$374.76,$0.00,"Install Mini Split heat Pump To the left side of the back yard, Install tw head units."
BLD25-6972,Issued,"Building Permit No Plan Check",11/13/2025,11/13/2025,"3575 Stony Point Rd Bellevue [BEL]",134-082-053,$786.04,,"LIKE FOR LIKE SIDING/ELEC REPAIR AFTER FIRE"
BLD25-6973,Issued,"Building Permit No Plan Check",11/13/2025,11/18/2025,"9353 Champs De Elysees Forestville [FOR]",082-102-030,$374.76,$0.00,"Replacing Heat Pump and Air Handler."
BLD25-6974,Issued,"Building Permit No Plan Check",11/13/2025,11/17/2025,"20771 Temelec Dr Sonoma [SON]",142-170-032,$374.76,$0.00,"2 BATH DRAIN REPIPE ABS 1 1/2"", 2"", 3"" APPROX 120'"
BLD25-6976,Issued,"Building Permit No Plan Check",11/13/2025,11/13/2025,"1029 Wild Rose Dr Santa Rosa [SRO]",037-022-017,$374.76,$0.00,"replaced furnace"
BLD25-6978,Issued,"Building Permit No Plan Check",11/14/2025,11/14/2025,"3938 Piner Rd Santa Rosa [SRO]",057-022-002,$374.76,$0.00,"Install (1) Mitsubishi 4 ton outdoor heat pump unit. Install (1) Mitsubishi 4 ton air handler."
BLD25-6981,Issued,"Building Permit No Plan Check",11/14/2025,11/14/2025,"1958 Moraga Dr Santa Rosa [SRO]",044-173-008,$374.76,,"Install new 9K Lennox heat pump on the left side of the home."
BLD25-6982,Issued,"Building Permit No Plan Check",11/14/2025,11/14/2025,"17200 Keaton Ave Agua Caliente [AGU]",056-213-023,$374.76,$0.00,"Main Service Electric Panel Upgrade"
BLD25-6984,Issued,"Building Permit No Plan Check",11/14/2025,11/14/2025,"13365 Bodega Hwy Twin Hills [TWI]",026-090-008,$553.47,$0.00,"T/O 18 SQ COMP SHINGLES; REROOF WITH CLASS A RATED COMP SHINGLES AT PITCHED ROOF AND CLASS A RATED APP TORCH DOWN AT LOW SLOPE ROOF; SFD; SELF CERT"
BLD25-6989,Issued,"Building Permit No Plan Check",11/14/2025,11/14/2025,"21891 Russian River Ave Monte Rio [MRO]",095-052-002,$402.75,$0.00,"install new roofing material"
BLD25-6990,Finaled,"Building Permit No Plan Check",11/14/2025,11/14/2025,"9601 Occidental Rd Twin Hills [TWI]",061-100-071,$374.76,$0.00,"mitsubishi ductless mini splitt. one outdoor unit 2 indoor wall mount units"
BLD25-6992,Issued,"Building Permit No Plan Check",11/14/2025,11/14/2025,"4273 Hessel Rd Sebastopol [SEB]",062-092-008,$553.38,$0.00,"T/O 30 SQ COMP SHINGLES; REROOF WITH CLASS A RATED COMP SHINGLES; SFD; SELF CERT."
BLD25-6993,Issued,"Building Permit No Plan Check",11/14/2025,11/18/2025,"4595 Creekmont Ct Rincon Valley [RIN]",029-050-070,$374.76,$0.00,"REPLACE DUCTWORK (15 SUPPLIES) IN CRAWLSPACE"
BLD25-6994,"Awaiting Applicant Response","Building Permit No Plan Check",11/14/2025,,"850 Grove St Agua Caliente [AGU]",052-364-032,$0.00,$0.00,"Changing out single electrical meter panel to a two meter panel"
BLD25-6996,Finaled,"Building Permit No Plan Check",11/14/2025,11/14/2025,"20178 Osprey Dr Bodega Bay [BBY]",100-420-020,$555.43,$0.00,"Tear off and reroof 30 squares with a class a fire rated roof system using GAF Tiger Paw underlayment and GAF Lifetime Shingle. Self Cert."
BLD25-6997,Issued,"Building Permit No Plan Check",11/14/2025,11/18/2025,"6678 Norcliff Dr Twin Hills [TWI]",063-200-008,$374.76,$0.00,"SPLIT SYSTEM CONVERSION (GAS TO ELECTRIC) HEAT PUMP AND AIR HANDLER. 3 TON, 19.5 SEER2, 9.2 HSPF2. HEAT PUMP-LEFT SIDE YARD, AIR HANDLER-CLOSET"
BLD25-6998,Issued,"Building Permit No Plan Check",11/14/2025,11/18/2025,"110 Anthony Ct Agua Caliente [AGU]",056-433-093,$374.76,$0.00,"REPLACE DUCTWORK (10 SUPPLIES) IN CRAWLSPACE"
BLD25-6999,Issued,"Building Permit No Plan Check",11/14/2025,11/14/2025,"21145 Via Colombard Sonoma [SON]",142-260-030,$554.26,$0.00,"21145 Vía Colombard, Sonoma, CA 95476 - Remove existing asphalt shingles and install new asphalt shingles to the 13 square shingle section - Install GAF EverGuard TPO Single Ply Overlay Roofing System on Low Slope. Low slope section currently has sufficient slope to existing drains.) - Class A Installation - Self Certification"
BLD25-7003,Issued,"Building Permit No Plan Check",11/16/2025,11/16/2025,"2107 Chester Dr Penngrove [PEN]",047-271-005,$374.76,$0.00,"replacing water heater with on demand heater."
BLD25-7012,Issued,"Building Permit No Plan Check",11/17/2025,11/17/2025,"140 Surfbird Ct Bodega Bay [BBY]",100-252-043,$374.76,$0.00,"EMERGENCY 200A PANEL REPLACEMENT SERVING SFD"
BLD25-7013,Issued,"Building Permit No Plan Check",11/17/2025,11/18/2025,"1258 Wood Rd Santa Rosa [SRO]",034-030-028,$374.76,$0.00,"Install a Mini Split System at 1258 Wood Rd M# MXZ-5D36NL"
BLD25-7014,Issued,"Building Permit No Plan Check",11/17/2025,11/17/2025,"5414 Hessel Ave Twin Hills [TWI]",062-114-001,$556.56,$0.00,"Dry Rot Repair to Exterior of Residence Including all Siding/Plywood to find extent of damages"
BLD25-7021,Finaled,"Building Permit No Plan Check",11/17/2025,11/18/2025,"20771 Temelec Dr Sonoma [SON]",142-170-032,$374.76,$0.00,"FURNACE CHANGE OUT 60K BTU, 80 AFUE - GARAGE, DUCTWORK REPLACEMENT (7 SUPPLIES, 1 RETURN)"
BLD25-7023,Issued,"Building Permit No Plan Check",11/17/2025,11/17/2025,"4385 Bodega Ave Petaluma [PET]",021-081-028,$374.76,$0.00,"change 200-amp main electrical meter panel to new 200-amp main electrical panel."
BLD25-7025,Issued,"Building Permit No Plan Check",11/17/2025,11/17/2025,"9668 MILL STATION Rd Twin Hills [TWI]",061-100-028,$554.26,$0.00,"Re-roof primary residence with 24 gauge snap lock metal roofing, including gutters and downspouts. 23 squares."
BLD25-7026,Issued,"Building Permit No Plan Check",11/17/2025,11/17/2025,"20930 Hyde Rd Sonoma [SON]",126-042-014,$555.63,$0.00,"SFD Dwelling - re-roof. Single Story. Asphalt shingle to asphalt shingle. tear-off and re-roof"
BLD25-7028,Issued,"Building Permit No Plan Check",11/17/2025,11/17/2025,"16 Temelec Cir Sonoma [SON]",142-140-049,$552.12,$0.00,"Sweep off existing roof material. Replace with foam overlay. 6 squares. Only 6 squares flat portion of roof."
BLD25-7031,Issued,"Building Permit No Plan Check",11/17/2025,11/17/2025,"2809 Pleasant Hill Rd Twin Hills [TWI]",076-141-018,$553.32,$0.00,"DETACHED GARAGE ONLY: TEAR OFF, RESHEET AND REROOF WITH 13 SQUARES OF NEW GAF HIGH DEF SHINGLES. PLACE NEW VENTS, CAPS AND JACKS. INSTALL (2) NEW SKYLIGHTS AND FLASHINGS."
BLD25-7032,Issued,"Building Permit No Plan Check",11/17/2025,11/17/2025,"2857 Rio Lindo Ave Healdsburg [HEA]",087-070-006,$374.76,$0.00,"Replace 100a OH fed Zinsco electric meter panel with 200a OH panel, same location, no added load. SFD"
BLD25-7034,Issued,"Building Permit No Plan Check",11/17/2025,11/18/2025,"5537 Windsor Rd Windsor [WIN]",066-260-037,$552.31,$0.00,"SFD, replacing siding trim & windows like for like"
BLD25-7035,Issued,"Building Permit No Plan Check",11/17/2025,11/17/2025,"256 SPYGLASS Ct Bodega Bay [BBY]",100-340-078,$555.31,$0.00,"SFD; 35sqs; Self Certified contractor; Remove existing roof. Install with new Lifetime Class A composition shingles. Main House"
BLD25-7036,Finaled,"Building Permit No Plan Check",11/17/2025,11/17/2025,"61 Center Rd Petaluma [PET]",113-120-068,$374.76,$0.00,"Remove(E) NG WH located in garage Install(N) NG WH in the same location."
BLD25-7045,Issued,"Building Permit No Plan Check",11/18/2025,11/21/2025,"163 Hop Ranch Rd Windsor [WIN]",058-341-030,$374.76,$0.00,"Replace furnace located in the garage, replace five duct runs located in the crawl space like for like in the same location."
BLD25-7046,Issued,"Building Permit No Plan Check",11/18/2025,11/18/2025,"20857 Burndale Rd Sonoma [SON]",126-052-012,$374.76,$0.00,"In main house, install (1) 12,000 BTU Mitsubishi one way ceiling cassette. Install (1) 18,000 BTU Mitsubishi one way ceiling cassette. Install (1) 30,000 BTU Mitsubishi multi-zone outdoor heat pump unit. In barn, install 30,000 BTU Mitsubishi outdoor heat pump unit. Install 2.5 ton Mitsubishi multi-zone air handler."
BLD25-7047,Issued,"Building Permit No Plan Check",11/18/2025,11/18/2025,"363 Sanderling Ct Bodega Bay [BBY]",100-242-047,$374.76,$0.00,"200amp to 200amp mpu"
BLD25-7048,Issued,"Building Permit No Plan Check",11/18/2025,11/18/2025,"925 Joy Rd Bodega Bay [BBY]",103-100-058,$552.81,$0.00,"REPLACE 4 WINDOWS & 1 PATIO DOOR WITH NAIL FIN VINYL WINDOWS AND RETROFIT VINYL PATIO DOOR."
BLD25-7049,Issued,"Building Permit No Plan Check",11/18/2025,11/29/2025,"3201 Napa Rd Sonoma [SON]",126-102-017,$374.76,$0.00,"Septic Electric 189 to final Septic Permit SEP20-0044 (3201 Napa Rd)"
BLD25-7050,Issued,"Building Permit No Plan Check",11/18/2025,11/18/2025,"918 Seaeagle Loop Bodega Bay [BBY]",100-430-007,$552.14,$0.00,"Remove composition roofing on front elevation over existing corner window only. Install class A composition roofing per manufacturers specifications on the aforementioned area. 6 squares."
BLD25-7051,Issued,"Building Permit No Plan Check",11/18/2025,11/18/2025,"193 Airport Blvd E Windsor [WIN]",039-025-067,$374.76,$0.00,"For Apt #134: Replace (E) heater w/ (N) Goodman (40k btu's/80%efficiency) heater, replace (E) A/C w/ (N) York(1.5ton/14seer) A/C unit. No electrical needed. Job Valuation: $9,750.00"
BLD25-7052,Issued,"Building Permit No Plan Check",11/18/2025,11/18/2025,"326 Mark West Station Rd Windsor [WIN]",059-284-002,$374.76,$0.00,"Pump House Electrical Sub Panel Replacement"
BLD25-7053,Issued,"Building Permit No Plan Check",11/18/2025,11/18/2025,"3949 Vine Hill Rd 1 Graton [GRA]",130-050-027,$374.76,$0.00,"Install 100A Critical load panel and 100A Anker Brand Transfer switch for use with Anker Battery backup system."
BLD25-7056,Issued,"Building Permit No Plan Check",11/18/2025,11/18/2025,"600 Michael Dr Agua Caliente [AGU]",127-102-025,$555.65,$0.00,"Re-roof - Demo all existing roof approx. 4,000 Sq Ft. (1 layer). Remove all existing vents and flashing. Install new synthetic underlayment waterproofing on top of the existing plywood approx. 4,000 Sq Ft. Install all new flashing, new vents and new shingles approx. 4,000 Sq Ft."
BLD25-7057,Issued,"Building Permit No Plan Check",11/18/2025,11/18/2025,"4322 Sonoma Mountain Rd Bennett Valley [BEN]",049-071-029,$374.76,$0.00,"We are going to change out the existing 200amp Challenger meter main panel with a new 200 amp Eaton meter main panel in the same location. because the insurance company is asking for this to be done."
BLD25-7060,Issued,"Building Permit No Plan Check",11/19/2025,11/19/2025,"3532 Skillman Ln Petaluma [PET]",021-122-010,$374.76,$0.00,"Replace water heater. 40 gallon gas. Same location."
BLD25-7067,Issued,"Building Permit No Plan Check",11/19/2025,11/20/2025,"19504 Franquelin Pl Agua Caliente [AGU]",052-800-008,$374.76,$0.00,"SFD Main Panel Replacement 100A (like for like), Install (N) Recessed Lighting, LED Lighting, Devices/Plates throughout. Wiring to be Fished in Walls"
BLD25-7068,Finaled,"Building Permit No Plan Check",11/19/2025,11/19/2025,"2657 Olsen Rd Twin Hills [TWI]",076-120-046,$552.29,$0.00,"Reroof - full reroof with tear off, GAF comp shingles, Tiger Paw underlayment. on Detached Garage"
BLD25-7069,Issued,"Building Permit No Plan Check",11/19/2025,11/19/2025,"4365 Hessel Rd Sebastopol [SEB]",,$555.51,$0.00,"SFD, Reroof and tearoff, GAF comp Shingles, replace 1 1/8 dry rot in overhang 062-092-010"
BLD25-7070,Issued,"Building Permit No Plan Check",11/19/2025,11/19/2025,"216 De Chene Ave Agua Caliente [AGU]",056-201-021,$374.76,$0.00,"200A (E) PANEL CHANGE OUT/UPGRADE"
BLD25-7072,"Awaiting Applicant Response","Building Permit No Plan Check",11/19/2025,,"Bellevue [BEL]",134-256-005,$374.76,$0.00,"Install ""New"" 125A PG&E service. This new service will be powering up existing well pump."
BLD25-7073,Issued,"Building Permit No Plan Check",11/19/2025,11/19/2025,"1160 Hwy 116 N Twin Hills [TWI]",060-311-022,$553.10,$0.00,"SFD. Single Story. Asphalt Shingle to Asphalt shingle."
BLD25-7074,Issued,"Building Permit No Plan Check",11/19/2025,11/24/2025,"31 Ely Rd Penngrove [PEN]",047-214-016,$374.76,$0.00,"SFD, Replace (9) Runs of Ducting"
BLD25-7076,Issued,"Building Permit No Plan Check",11/19/2025,11/19/2025,"4809 Pressley Rd Bennett Valley [BEN]",049-101-014,$374.76,$0.00,"SFD- REPLACE FURNACE IN CRAWL SPACE"
BLD25-7080,Issued,"Building Permit No Plan Check",11/19/2025,11/24/2025,"17365 Buena Vista Ave Agua Caliente [AGU]",056-262-027,$374.76,$0.00,"SFD, Install EVCS, Tesla 48A inside attached garage"
BLD25-7083,Issued,"Building Permit No Plan Check",11/19/2025,11/20/2025,"1325 Wilson Rd Cloverdale [CLO]",116-220-001,$374.76,$0.00,"Install high efficiency dual zone electric split heat pump system."
BLD25-7088,Issued,"Building Permit No Plan Check",11/20/2025,11/20/2025,"20890 Heron Dr Bodega Bay [BBY]",100-242-041,$374.76,$0.00,"Replacement of 200amp sub panel, New 30A EV Outlet, & Replacing (3) Receptacles with GFI in Kitchen"
BLD25-7089,Issued,"Building Permit No Plan Check",11/20/2025,11/20/2025,"1298 High School Rd Graton [GRA]",060-303-028,$553.58,$0.00,"Remove and dispose of existing composition shingle roof on single-family dwelling. New roof material is GAF Timberline HDZ U.L. Class A architectural laminate fiberglass comp shingle roof."
BLD25-7093,"Awaiting Applicant Response","Building Permit No Plan Check",11/20/2025,,"1883 London Ranch Rd Glen Ellen [GLE]",054-040-092,$0.00,$0.00,"Comm, Tear off (E) metal panels and install 18 sq (N) comp shingle with single layer of polypropylene underlayment to achieve class ""A"" fire rating."
BLD25-7094,Issued,"Building Permit No Plan Check",11/20/2025,11/20/2025,"3690 Wallace Rd Rincon Valley [RIN]",029-180-015,$374.76,$0.00,"Install new electrical backboard with a 320 amp continuous Meter main panel"
BLD25-7096,Finaled,"Building Permit No Plan Check",11/20/2025,11/20/2025,"773 Ernest Dr Agua Caliente [AGU]",127-440-008,$553.09,$0.00,"SFD, Reroof, Overlay 15 sqrs. Install Class A Comp."
BLD25-7100,Issued,"Building Permit No Plan Check",11/20/2025,11/20/2025,"10959 Westside Rd Forestville [FOR]",085-010-013,$374.76,$0.00,"MSP upgrade 200A like for like"
BLD25-7101,Issued,"Building Permit No Plan Check",11/20/2025,11/20/2025,"22296 Moscow Rd Monte Rio [MRO]",096-200-004,$552.86,$0.00,"Tear off and reroof - 1,500 SF"
BLD25-7103,Issued,"Building Permit No Plan Check",11/20/2025,11/20/2025,"17345 Hillside Ave Agua Caliente [AGU]",056-261-050,$552.68,$0.00,"TEAR OFF & RE-ROOF 21 SQUARES WITH CLASS A, LIFETIME GAF TIMBERLINE HDZ SHINGLES, SFD."
BLD25-7112,Issued,"Building Permit No Plan Check",11/20/2025,11/20/2025,"575 W Dry Creek Rd Healdsburg [HEA]",089-150-015,$374.76,$0.00,"Replace existing 200 amp Zinsco meter main panel with new 200 amp meter main panel."
BLD25-7114,Issued,"Building Permit No Plan Check",11/21/2025,11/21/2025,"2340 Laguna Rd Graton [GRA]",078-130-010,$374.76,$0.00,"100 to 200 main panel safety upgrade no added loads same location 100 amp sub panel safety replacment like for like same location"
BLD25-7115,Issued,"Building Permit No Plan Check",11/21/2025,11/21/2025,"19591 Redwood Dr Monte Rio [MRO]",094-250-052,$374.76,$0.00,"REPLACE EXISTING 100 AMP MAIN PANEL WITH NEW 200 AMP MAIN PANEL."
BLD25-7117,Issued,"Building Permit No Plan Check",11/21/2025,11/21/2025,"125 Ely Rd Penngrove [PEN]",137-020-101,$374.76,$0.00,"Install modern standard electrical 200 AMP sub-panel in place of existing smart panel"
BLD25-7119,Issued,"Building Permit No Plan Check",11/21/2025,11/21/2025,"47 McClure Ave Camp Meeker [CAM]",075-243-002,$374.76,$0.00,"replace furnace like for like"
BLD25-7126,Issued,"Building Permit No Plan Check",11/21/2025,11/21/2025,"510 Limelight Pl Windsor [WIN]",039-340-055,$553.57,$0.00,"SFD; 32sqs; Self Certified contractor; Remove existing roof. Install with new Lifetime Class A composition shingles. Main House"
BLD25-7127,Issued,"Building Permit No Plan Check",11/21/2025,11/21/2025,"814 Grandview Rd Twin Hills [TWI]",077-100-076,$560.26,$0.00,"T/O 40 SQ COMP SHINGLES; REROOF WITH CLASS A RATED COMP SHINGLES; SFD; SELF CERT"
BLD25-7128,Finaled,"Building Permit No Plan Check",11/21/2025,11/21/2025,"1426 Bloomfield Rd Twin Hills [TWI]",063-350-035,$402.77,$0.00,"Flat rear roof replacement- existing materials is single ply membrane 1 layer no tear over installing IB 50 mil white class a pvc membrane 5 squares, pitch 1/12 * self certify"
BLD25-7129,Issued,"Building Permit No Plan Check",11/21/2025,11/21/2025,"3000 Joy Rd Occidental [OCC]",073-220-054,$552.66,$0.00,"SFD- Partial Flat Center Re-Roof T/O exisitng tar and gravel roof one layer installing IB 50 mil pvc membrane class A in Gray, no resheeing, 5 squares, pitch flat . *self certify"
BLD25-7131,Issued,"Building Permit No Plan Check",11/21/2025,11/21/2025,"490 Lohrman Ln Petaluma [PET]",021-010-027,$553.48,$0.00,"490-492 ENTIRE BUILDING: TEAR OFF AND REROOF WITH 30 SQUARES OF NEW GAF HDZ SHINGLES."
BLD25-7132,"Pre- Due","Building Permit No Plan Check",11/21/2025,,"3615 Skillman Ln Petaluma [PET]",021-125-012,$552.31,$0.00,"SFD_ REROOF APPROX 42 SQS COMP SHINGLE"
BLD25-7137,Issued,"Building Permit No Plan Check",11/21/2025,11/21/2025,"220 Temelec Cir Sonoma [SON]",142-170-018,$552.10,$0.00,"T/O 10 SQ COMP SHINGLES; REROOF WITH CLASS A RATED COMP SHINGLES; DETACHED POOL HOUSE; SELF CERT"
BLD25-7138,Issued,"Building Permit No Plan Check",11/21/2025,11/21/2025,"1380 Mission Dr Sonoma [SON]",142-154-034,$402.82,$0.00,"T/O 2 SQ COMP SHINGLES; REROOF WITH CLASS A RATED COMP SHINGLES AT PITCHED ROOF AND CLASS A RATED APP TORCH DOWN AT FLAT ROOF; POOL HOUSE; SELF CERT"
BLD25-7140,Issued,"Building Permit No Plan Check",11/21/2025,11/26/2025,"788 Ferguson Rd Twin Hills [TWI]",077-120-026,$374.76,$0.00,"Installing a furnace and 11 runs of R8"
BLD25-7141,"Awaiting Applicant Response","Building Permit No Plan Check",11/21/2025,,"3350 Calistoga Rd Rincon Valley [RIN]",028-290-043,$0.00,$0.00,"Replace gas line with new, from existing diesel generator in shed to existing holding tank. Including: 1. PE Fuel Pipe – 1"" PE 4710, SDR 11, UL 971-listed for petroleum liquids. 2. Con-Stab Mechanical Fittings – UL 971-listed stab-in couplings – NO heat fusion. 3. #14 AWG tracer wire taped every 5 ft, terminated in (2) above-grade test stations. 4. Black steel riser at tank and shed, epoxy-coated for weather/corrosion protection. 5. Listed PE-to-steel transition fittings. 6. Pressure test – 1.5× operating pressure (min. 50 psi) for 1 hour, zero leakage. 7. Burial warning tape (yellow “CAUTION: DIESEL FUEL LINE BELOW”) supplied to customer for placement 12"" above pipe."
BLD25-7142,Issued,"Building Permit No Plan Check",11/21/2025,11/21/2025,"719 Madison Dr Agua Caliente [AGU]",052-202-005,$374.76,$0.00,"100AMP LIKE FOR LIKE CHANGEOUT SERVING HOUSE"
BLD25-7143,Issued,"Building Permit No Plan Check",11/21/2025,11/25/2025,"21855 Hyde Rd Sonoma [SON]",126-083-002,$374.76,$0.00,"Replace existing furnace & AC. Tie into all existing electrical, flue and supply ducting."
BLD25-7145,"Pre- Due","Building Permit No Plan Check",11/21/2025,,"1315 Yuba Dr Bellevue [BEL]",035-221-010,$374.76,$0.00,"Replace furnace with air handler located in the attic, add heat pump located on the left side of the house."
BLD25-7146,Issued,"Building Permit No Plan Check",11/22/2025,11/22/2025,"39061 Hedgegate Rd Sea Ranch [SEA]",156-120-014,$374.76,$0.00,"FURNACE CHANGE OUT 36K BTU, 97 AFUE IN CRAWLSPACE"
BLD25-7153,Issued,"Building Permit No Plan Check",11/23/2025,11/23/2025,"5051 Deerwood Dr Windsor [WIN]",058-331-039,$553.16,$0.00,"remove and replace roof with class a composition shingle"
BLD25-7154,Issued,"Building Permit No Plan Check",11/23/2025,11/23/2025,"152 Horn Ave Petaluma [PET]",021-152-012,$552.65,$0.00,"Full reroof with tear off, GAF comp shingles, over tiger paw underlayment."
BLD25-7157,Issued,"Building Permit No Plan Check",11/24/2025,11/24/2025,"12310 Fiori Ln Twin Hills [TWI]",080-060-079,$374.76,$0.00,"Replace 200amp main panel"
BLD25-7158,Issued,"Building Permit No Plan Check",11/24/2025,11/25/2025,"28 McClure Ave Camp Meeker [CAM]",075-243-009,$552.60,$0.00,"SFD, REPLACE 8 WINDOWS WITH NAIL FIN VINYL WINDOWS."
BLD25-7159,Issued,"Building Permit No Plan Check",11/24/2025,11/24/2025,"110 Theresa Dr Cloverdale [CLO]",117-020-022,$552.58,$0.00,"Tear-off & re-shingle 14sq"
BLD25-7160,Issued,"Building Permit No Plan Check",11/24/2025,11/26/2025,"425 Grant Ave Healdsburg [HEA]",086-020-010,$374.76,$0.00,"INSTALL NEW 3 PHASE 120/240 V 100 AMP SERVICE FOR WELL"
BLD25-7161,Issued,"Building Permit No Plan Check",11/24/2025,11/24/2025,"1400 Big Cedar Ln Twin Hills [TWI]",063-360-003,$374.76,$0.00,"SFD-REPLACE FURNACE IN CRAWL SPACE."
BLD25-7163,Issued,"Building Permit No Plan Check",11/24/2025,11/25/2025,"285 Haverfield Ln Petaluma [PET]",048-121-054,$374.76,$0.00,"HVAC Changeout of existing furnace; replace like for like in existing location -- add AC condenser."
BLD25-7164,Issued,"Building Permit No Plan Check",11/24/2025,11/24/2025,"3115 Brayton Ln Petaluma [PET]",048-105-035,$374.76,$0.00,"Remove furnace and ac, replace with heat pump and air handler in same location."
BLD25-7166,Issued,"Building Permit No Plan Check",11/24/2025,11/25/2025,"4331 Panorama Dr Bennett Valley [BEN]",049-350-015,$374.76,$0.00,"SFD, Replace all horizontal drain lines under the house using ABS *11/25/25 Routed to Code Enforcement but work is unrelated to VBU24-0320*"
BLD25-7167,Issued,"Building Permit No Plan Check",11/24/2025,11/24/2025,"2095 Buena Vista Ave Healdsburg [HEA]",087-171-007,$374.76,$0.00,"Replace 40 gallon gas tank water heater located in an outdoor closet, like for like in the same location."
BLD25-7169,Issued,"Building Permit No Plan Check",11/24/2025,11/24/2025,"100 Davis Ln Penngrove [PEN]",047-232-041,$374.76,$0.00,"SFD-REPLACE FURNACE IN SAME LOCATION"
BLD25-7170,"Pre- Due","Building Permit No Plan Check",11/24/2025,,"97 Eton Ct Windsor [WIN]",058-161-006,$374.76,$0.00,"install a 2-meter box with only one meter installed ( future ADU meter will be installed when permit for ADU is applied)"
BLD25-7172,Issued,"Building Permit No Plan Check",11/24/2025,11/26/2025,"14615 River Rd Guerneville [GUE]",070-400-001,$374.76,$0.00,"Additional permit for electrical inspection. PGE to reinstall meter for power to house. Repairs per BLD24-2497 My house was re-tagged following a house fire 2 years ago and has since been restored to its exact prior condition. On 11/3/25 Dermot Gilmartin issued partial approval for rough electrical under the permit (BLD24–2497) issued for the rebuilding. I am seeking an additional permit so you can give permission to PGE to reinstall my meter so I can have power again and move back in ASAP, thank you!"
BLD25-7173,Issued,"Building Permit No Plan Check",11/24/2025,12/04/2025,"2207 Diamond Mountain Rd Mark West Springs [MWS] Remove all existing exterior siding and replace with new fiber-cement siding",120-240-011,$559.55,$0.00,"(2,585.60 SF). Remove and replace all exterior trim associated with the siding replacement (428.07 LF)."
BLD25-7175,Issued,"Building Permit No Plan Check",11/24/2025,11/24/2025,"26805 Freezeout Rd Monte Rio [MRO]",096-100-039,$553.42,$0.00,"SFD. Tear off and reroof 24 squares using torch-on rolled roofing material. SELF CERT."
BLD25-7180,Issued,"Building Permit No Plan Check",11/25/2025,12/02/2025,"3596 Verde Vista Dr Bennett Valley [BEN]",049-270-018,$374.76,$0.00,"Remove and replace ducts in crawl space due to rodents. Replace a like in kind."
BLD25-7187,Issued,"Building Permit No Plan Check",11/25/2025,12/02/2025,"15673 Old River Rd Guerneville [GUE]",070-100-005,$374.76,$0.00,"Replacement of 100amp to 200amp main panel 20amp, 120vt dedicated RV circuit"
BLD25-7191,Issued,"Building Permit No Plan Check",11/25/2025,11/25/2025,"8969 Cypress Ave Cotati [COT]",046-440-002,$374.76,$0.00,"REPLACE FURNACE"
BLD25-7192,Issued,"Building Permit No Plan Check",11/25/2025,11/25/2025,"17001 Mt Jackson Trl Guerneville [GUE]",070-255-003,$374.76,$0.00,"SFD-REPLACE FURNACE IN SAME LOCATION"
BLD25-7193,Issued,"Building Permit No Plan Check",11/25/2025,11/26/2025,"4728 Snyder Ln Penngrove [PEN]",045-222-019,$374.76,$0.00,"R/R HEAT PUMP, AIR HANDLER, 10 DUCTS AND ELECTRIC 50 GAL WATER HEATER"
BLD25-7195,Issued,"Building Permit No Plan Check",11/25/2025,11/26/2025,"17501 Neeley Rd Forestville [FOR]",071-230-063,$374.76,$0.00,"SFD-REPLACE WALL FURNACE"
BLD25-7196,Issued,"Building Permit No Plan Check",11/25/2025,11/25/2025,"96 Davis Ln Penngrove [PEN]",047-232-041,$374.76,$0.00,"ADU - REPLACE FURNACE IN GARAGE"
BLD25-7198,Issued,"Building Permit No Plan Check",11/25/2025,11/25/2025,"17219 Hillside Ave Agua Caliente [AGU]",056-221-015,$555.82,$0.00,"Self-certified single-family dwelling. 42 sq. Remove shingle roof and replace roof with Standing seam metal SL-100 w/striations - 16"" Panel and XFR SA FR Underlayment"
BLD25-7200,Issued,"Building Permit No Plan Check",11/25/2025,11/25/2025,"5511 Hwy 128 Geyserville [GEY]",131-240-003,$374.76,$0.00,"REPLACING FAILED PACKAGE UNIT WITH NEW PACKAGE UNIT 4TON"
BLD25-7201,Finaled,"Building Permit No Plan Check",11/25/2025,12/01/2025,"521 Eastman Ln Petaluma [PET]",021-024-005,$374.76,$0.00,"septic panel electrical inspection #189"
BLD25-7202,Issued,"Building Permit No Plan Check",11/25/2025,12/01/2025,"203 Manka Cir Windsor [WIN]",039-320-001,$374.76,$0.00,"WATER HEATER CHANGEOUT TANKED TO TANKED, WHOLE HOME WATER AND WASTE REPIPE"
BLD25-7203,"Pre- Due","Building Permit No Plan Check",11/25/2025,,"521 Eastman Ln Petaluma [PET]",021-024-005,$374.76,$0.00,"septic panel electrical inspection #189"
BLD25-7206,Issued,"Building Permit No Plan Check",11/25/2025,12/02/2025,"19427 Redwood Dr Monte Rio [MRO]",094-200-014,$374.76,$0.00,"SFD, FURNACE CHANGE OUT 66K BTU, 97 AFUE - ATTIC WITH DUCTWORK (8 SUPPLY, 1 RETURN) - 5.76% Valuation of Improvements"
BLD25-7207,Issued,"Building Permit No Plan Check",11/25/2025,11/28/2025,"3480 Thorn Rd Twin Hills [TWI]",076-230-027,$374.76,$0.00,"SFD, Replace Ductwork (10 Supplies) in Crawlspace"
BLD25-7209,Issued,"Building Permit No Plan Check",11/26/2025,12/02/2025,"14154 Arnold Dr Glen Ellen [GLE]",054-070-040,$374.76,$0.00,"Residential: Build electrical panel board and move electrical to that panel from PGE distribution box in advance of remodel of main home. Also cap gas line at street."
BLD25-7212,Issued,"Building Permit No Plan Check",11/26/2025,11/26/2025,"4401 Hwy 116 N Graton [GRA]",130-060-056,$374.76,$0.00,"Upgrade/upsize (existing) 200amp 120/240VAC single phase underground electrical service and meter/main panel to (new) class 320amp solar ready 120/240VAC single phase underground electrical service and meter/main panel."
BLD25-7214,Issued,"Building Permit No Plan Check",11/26/2025,11/26/2025,"21937 Hwy 116 N Monte Rio [MRO]",094-025-018,$374.76,$0.00,"Replacing old MSP do to emergency with like for like 100amp MSP"
BLD25-7216,Issued,"Building Permit No Plan Check",11/26/2025,12/02/2025,"366 Avenida Barbera Sonoma [SON]",142-210-056,$374.76,$0.00,"SFD Replace A/C, Furnace, & Coil"
BLD25-7217,Issued,"Building Permit No Plan Check",11/26/2025,11/26/2025,"9482 Westside Rd Forestville [FOR]",082-113-004,$552.96,$0.00,"Self Certified SDF Reroof Tear-Off Old Roof , Installation Roofing system 40 YR Torch Down Roofing System Debris Pertaining to Job Disposed of 515 Fireproof Base Sheeting will be Applied Smooth Torch Down Installed Granulated Torch Down Installed All Flashings pertaining to Job will be Replaced All Edge Metal will be Replaced All Flashings will be Painted with Higher Grade Paint than Typical Roofing Painting Used Homeowner Will Pay For Permit"
BLD25-7218,"Pre- Due","Building Permit No Plan Check",11/26/2025,,"211 Vila Rd Forestville [FOR]",082-094-091,$1289.76,$0.00,"Legalize Water Heater to clear VBU25-0400"
BLD25-7219,Issued,"Building Permit No Plan Check",11/26/2025,11/26/2025,"397 Pipers Reach Sea Ranch [SEA]",156-260-004,$556.81,$0.00,"397 Pipers Reach> Tear off and re- roof with Malarkey 'vista' in black color. for 26 1/2 squares. SFD"
BLD25-7221,Issued,"Building Permit No Plan Check",11/26/2025,11/26/2025,"918 Seaeagle Loop Bodega Bay [BBY]",100-430-007,$554.22,$0.00,"Remove existing composition roofing. Replace with Class A composition roofing per manufacturers specifications. Install synthetic underlayment per manufacturers specifications. Note: A permit was pulled for a partial reroof on 11/18/25, we are now reroofing the rest of the roof."
BLD25-7223,Issued,"Building Permit No Plan Check",11/26/2025,11/26/2025,"8337 Singing Hills Trl Windsor [WIN]",079-280-003,$374.76,$0.00,"Bedroom system #1 - Replace existing 90% AFUE gas furnace and AC with new Carrier 4-ton ducted air handler and 4-ton Heat pump. Living room system #2 - Replace existing 90% AFUE gas furnace and AC with new Carrier 95% AFUE gas furnace and 5-ton Carrier Heat pump."
BLD25-7226,Issued,"Building Permit No Plan Check",11/26/2025,11/26/2025,"1515 Lawndale Rd Kenwood [KEN]",050-100-023,$374.76,$0.00,"REPLACE FURNACE"
BLD25-7228,Issued,"Building Permit No Plan Check",11/26/2025,11/26/2025,"65 Okelley Way Windsor [WIN]",058-351-003,$374.76,$0.00,"Replace gas furnace located in the garage like for like in the same location."
BLD25-7231,Issued,"Building Permit No Plan Check",11/26/2025,11/26/2025,"1165 Hwy 1 Bodega Bay [BBY]",100-091-007,$552.96,$0.00,"SFD, Reroof, tear off, new class A comp shingles, 12sq * Self Cerity*"
BLD25-7232,Issued,"Building Permit No Plan Check",11/26/2025,11/28/2025,"2920 Thorn Rd Twin Hills [TWI]",076-180-022,$374.76,$0.00,"Upgrade main PGE service panel to 200 amps from 100 amps"
BLD25-7236,Issued,"Building Permit No Plan Check",11/28/2025,11/28/2025,"37135 Albatross Reach Sea Ranch [SEA]",156-100-003,$374.76,$0.00,"FURNACE CHANGEOUT IN CRAWLSPACE, 66K BTUS, 80 AFUE"
BLD25-7237,Issued,"Building Permit No Plan Check",11/28/2025,11/28/2025,"15617 Old Cazadero Rd Guerneville [GUE]",072-310-011,$374.76,$0.00,"Electrical panel upgrade & installation of a LP 22kw generator"
BLD25-7238,Issued,"Building Permit No Plan Check",11/28/2025,11/28/2025,"72 Fairlie Dr Windsor [WIN]",058-141-003,$554.17,$0.00,"1. Remove entire roof system down to the deck 1 layer max 2. Install Synthetic underlayment entire roof 3. Install Intake smart vents on the front side of roof 45’ max 4. Install single ply membrane over transition from gazebo roof to main house roof 5. Install all new flashings and paint to blend with color of roof a. Custom chimney saddle and counter flashing b. Custom skylight saddle 96”x4” with cricket on Gazebo 6. Install new asphalt shingles- Class A a. CertainTeed Landmark- 39sqs max 7. Install new ridge vent attic exhaust vents 100’ 8. Install new ridge cap 200’ 9. Clean and remove all related debris"
BLD25-7240,Issued,"Building Permit No Plan Check",11/29/2025,11/29/2025,"960 Rose Ave Penngrove [PEN]",047-021-020,$374.76,$0.00,"replace furnace in crawlspace location. install 96% afue furnace"
BLD25-6704,"Plan Check Comments Sent","Building Permit With Plan Check",11/1/2025,,"1435 Brack Rd Healdsburg [HEA]",089-200-031,$2081.16,,"New gunite pool with an automatic safety cover."
BLD25-6712,"Waiting for Other Approvals","Building Permit With Plan Check",11/3/2025,,"5636 Thomas Rd Graton [GRA]",104-020-019,$482.75,,"SFD - (N) 17.36kW Ground-mount PV System w/ 16.12kWh ESS Ground-mount PV 17.36kW DC (22.80kW AC) and ESS 16.12kWh AC."
BLD25-6721,Issued,"Building Permit With Plan Check",11/3/2025,12/02/2025,"3100 Burkhart Ln Twin Hills [TWI]",073-360-003,$629.25,,"Residential -SFD (N) 4.6kW Roof-mount PV System w/ 15kWh ESS Roof-mount PV 4.60kW DC (9.60kW AC) and ESS 15.0kWh AC."
BLD25-6723,"Awaiting Applicant Response","Building Permit With Plan Check",11/3/2025,,"4336 Hessel Rd Twin Hills [TWI]",062-091-007,$0.00,$42285.00,"Proposed Barn - 1500SF"
BLD25-6725,"Awaiting Applicant Response","Building Permit With Plan Check",11/3/2025,,"4300 Old Redwood Hwy Windsor [WIN]",058-050-070,$0.00,$0.00,"THE PROJECT GENERALLY CONSISTS OF SELECT DEMOLITION & CONSTRUCTION OF PORTABLE CLASSROOM, UTILITIES AND SITE RELATED IMPROVEMENTS."
BLD25-6726,"Resubmittal Received","Building Permit With Plan Check",11/3/2025,,"775 Carmody Rd Two Rock [TWO]",027-240-004,$0.00,,"SFD, Roof Mount Solar Install 5.52kW & ESS 15kWh AC"
BLD25-6729,"Awaiting Applicant Response","Building Permit With Plan Check",11/3/2025,,"683 Gossage Ave Petaluma [PET]",048-170-012,$0.00,,"New SFD (3,716 SF) Deck (628 SF), Cov'd Porch (490 SF) New single family residence."
BLD25-6730,Check,"Building Permit With Plan Check",11/3/2025,,"3155 Frei Rd Graton [GRA]",130-180-079,$1933.39,$77958.84,"Detached Garage, Converted into ADU (744 SF) New Deck (342 SF) Existing detached garage to be converted into an ADU with the addition of a deck."
BLD25-6731,"Awaiting Applicant Response","Building Permit With Plan Check",11/3/2025,,"683 Gossage Ave Petaluma [PET]",048-170-012,$0.00,,"New ADU (1,065 SF) Over 3-Car Garage (1,065 SF) Cov'd Breezeway (524 SF), Stairs and landing (76 SF) New detached ADU over 3-car garage. See BLD25-6729 for new residence associated with this new ADU/garage."
BLD25-6737,"Awaiting Applicant Response","Building Permit With Plan Check",11/3/2025,,"8880 Poplar Ave Cotati [COT]",046-222-035,$0.00,$0.00,"Purpose: Fire safety and code compliance upgrades per plan review comments 1. Fire-Rated Sheetrock Installation Install Type X 5/8” fire-rated sheetrock around the exterior walls of the bedroom and end of hallway adjacent to the non-living area. Tape, mud, and finish all joints to meet 1-hour fire separation rating requirements. 2. Fire-Safe Doors Install fire-rated doors(2 total) (minimum 20-minute rated) at both hallway entrances leading to the non-living area. Doors to be self-closing and self-latching per fire code specifications. 3. Ceiling Insulation and Finish Insulate the ceiling of all conditioned living spaces to a minimum R-28 insulation value or greater. Apply 5/8” Type X sheetrock to ceiling, tape, mud, and finish to code. 4. Foundation Plan (As Proposed) Add foundation plan to reflect proposed structural improvements and ensure compliance with building department requirements based on previous conversations. 5. Entry Deck Modification Modify entry deck design to convert to stairs as shown in the revised plans. Ensure stair construction meets code for rise/run, handrail, and guardrail requirements."
BLD25-6740,Issued,"Building Permit With Plan Check",11/3/2025,11/10/2025,"232 Kiva Pl Windsor [WIN]",039-290-063,$629.25,,"SFD - Adding an additional 435W of Roof-mount PV panels and 13.5kWh ESS to (E) PV System I currently have a 6.5KWH system with 20 panels, an inverter and a Tesla gateway powershare system. I am adding 5 additional solar panels and removing the inverter/optimizers. I will wire the 25 panels to the Tesla Powerwall 3 using 3 string and Tesla MCUs. The Powerwall will then feed power to my Gateway 3 which will then power my whole home through a Tesla load center."
BLD25-6743,"Awaiting Applicant Response","Building Permit With Plan Check",11/4/2025,,"17037 Hwy 12 Agua Caliente [AGU]",056-151-051,$0.00,$0.00,"Two story addition over existing garage. New ADU."
BLD25-6746,Issued,"Building Permit With Plan Check",11/4/2025,11/11/2025,"4323 Wallace Rd Mark West Springs [MWS]",029-110-030,$629.25,,"2017 COMPLEX FIRE - 1. INSTALL 7.83kW PV SOLAR NON-EXPORT EXPN SYSTEM ON SFD ROOF / REMOVE (E) BATTERY & COMBINER / INSTALL (N) 20kWh ENERGY STORAGE SYSTEM 1. INSTALL 7.83kW PV SOLAR NON-EXPORT EXPN SYSTEM ON SFD ROOF 2. REMOVE (E) SONNEN BATTERY & COMBINER IN GAR 3. INSTALL (N) 20kWh ENERGY STORAGE SYSTEM NON-EXPORT EXPN IN GAR"
BLD25-6749,Issued,"Building Permit With Plan Check",11/4/2025,11/06/2025,"12104 Summerhome Park Rd Forestville [FOR]",081-292-058,$479.10,,"New 13.5 kWh Energy Storage System on existing single family dwelling."
BLD25-6750,Check,"Building Permit With Plan Check",11/4/2025,,"18182 Fitzpatrick Ln Occidental [OCC]",073-270-066,$2689.35,,"New Studio (1,290 SF), Loft (270 SF), New Deck, Stairs and Landings (465 SF), Cov'd Porch (75 SF) new 1290 sq. ft. Studio building, accessory building on a SFD property"
BLD25-6751,"Awaiting Applicant Response","Building Permit With Plan Check",11/4/2025,,"5834 Petaluma Hill Rd Penngrove [PEN]",045-231-012,$0.00,$0.00,"New ADU (1,068 SF) Mechanical Rm (129 SF) Construction of a new 1197 SF accessory dwelling unit on a level 9.89 parcel. ADU consists of 1068 SF of conditioned space and a 129 SF mechanical room."
BLD25-6752,"Awaiting Applicant Response","Building Permit With Plan Check",11/4/2025,,"18315 Hwy 12 Agua Caliente [AGU]",056-441-016,$0.00,$0.00,"Channel Letters attached to a metal cabinet backer with 1 1/2"" standoffs. Backer cabinet is through bolted through wall into blocking."
BLD25-6760,Issued,"Building Permit With Plan Check",11/4/2025,12/03/2025,"6015 Grove St Sonoma [SON]",064-260-004,$4593.92,$95000.00,"New Inground Pool with Interior Spa & Auto Cover"
BLD25-6764,"Awaiting Applicant Response","Building Permit With Plan Check",11/4/2025,,"17862 Carriger Rd Agua Caliente [AGU]",133-020-041,$0.00,$0.00,"Construct approximately.750 sq.ft. ADU per plan drawn by Michael Schilling"
BLD25-6765,Check,"Building Permit With Plan Check",11/4/2025,,"2684 Guerneville Rd Santa Rosa [SRO]",034-110-045,$1928.29,,"Legalize VBU25-0303, Convert 2nd Floor of Workshop to Unconditioned Rec Room (1,440 SF)"
BLD25-6766,"Awaiting Applicant Response","Building Permit With Plan Check",11/4/2025,,"21684 8th St E 700 Sonoma [SON]",128-381-053,$0.00,$0.00,"Commercial - Replacing (2) Trane 10 Ton Split Systems - Furnish and install indoor air handlers using scissor lift - Furnish and install outdoor condensers on roof top using crane"
BLD25-6773,Check,"Building Permit With Plan Check",11/4/2025,,"7110 Baker Ln Twin Hills [TWI]",063-330-019,$2260.17,$82390.84,"Attached ADU (646SF)"
BLD25-6774,"Plan Check Comments Sent","Building Permit With Plan Check",11/4/2025,,"1435 Brack Rd Healdsburg [HEA]",089-200-031,$366.09,$10719.11,"Res: Pool Deck (790 SF), Pool Equipment Room (49 SF) Propose adding a Pool Deck and an Accessory structure which is a Pool Equipment Room to support a pool submitted on 11.03.25 under permit application BLD25-6704."
BLD25-6775,Issued,"Building Permit With Plan Check",11/4/2025,11/19/2025,"4629 Stony Point Rd Bellevue [BEL]",134-253-029,$764.25,,"SFD - (N) 24kW Roof-mount PV System w/ 41kWh ESS, (N) 200A Main Service Panel 24.080 KW ROOFTOP SOLAR WITH (56) MODULES (1) TESLA POWERWALL 3 & (2) EXPANSION UNIT BATTERY WITH TESLA BACKUP GATEWAY NEW MAIN SERVICE PANEL, 225A RATED 240V WITH 200A MAIN CIRCUIT BREAKER"
BLD25-6776,Check,"Building Permit With Plan Check",11/5/2025,,"4383 Parker Hill Rd Mark West Springs [MWS]",029-160-054,$1563.90,$23679.60,"Metal Garage (840 SF) New 24 x 35 Metal constructed garage"
BLD25-6777,"Awaiting Applicant Response","Building Permit With Plan Check",11/5/2025,,"850 Edwards Ln Twin Hills [TWI]",063-293-064,$0.00,$0.00,"Permit for backup generator that was installed before purchase of house so solar system can be installed."
BLD25-6780,"Awaiting Applicant Response","Building Permit With Plan Check",11/5/2025,,"7094 Hwy 116 S Cotati [COT]",046-081-032,$0.00,$16011.92,"(N) 568 SF Storage Building to clear violation: VBU21-0484 Storage shed in back yard."
BLD25-6781,Check,"Building Permit With Plan Check",11/5/2025,,"20171 Willow Rd Monte Rio [MRO]",095-244-003,$482.75,,"SFD, Ground Mount Solar Panel Install 10kW with ESS batter back up 5kWh. (2) Suntactics sTracker dual-axis ground-mounted solar trackers supporting an Enphase microinverter-based PV system with battery backup. Each tracker carries four Renogy 435 W PV modules (eight modules total). Each module is paired with an Enphase IQ8PLUS-72-2-US microinverter. The microinverters aggregate into Enphase IQ Combiner(s) and are managed by an Enphase IQ System Controller 3G. Energy storage and backup are provided by an Enphase IQ 5P battery system. The system is grid-connected and will be installed per manufacturer instructions, NEC, and local utility interconnection requirements."
BLD25-6782,"Resubmittal Received","Building Permit With Plan Check",11/5/2025,,"1633 Willowside Rd Santa Rosa [SRO]",057-012-054,$3388.26,,"SFD - 2,559 SF Structural Remodel, (N) 252 SF Cond. Addition, (N) 42 SF Cov. Entry, (N) 286 SF Cov. Deck, (N) 260 SF Deck Remodel and 252 square foot addition to an existing one story single family dwelling."
BLD25-6786,"Resubmittal Requested","Building Permit With Plan Check",11/5/2025,,"1730 Donner Dr Mark West Springs [MWS]",067-150-018,$0.00,$72387.84,"TO COMPLETE BLD18-4354: EVT17-05649: (576 SF) DETACHED GARAGE W/ (714 SF) ART STUDIO ABOVE & (220 SF) DECK"
BLD25-6792,Issued,"Building Permit With Plan Check",11/5/2025,11/12/2025,"1010 Stadler Ln Petaluma [PET]",021-050-068,$479.10,,"New 13.5 kWh Energy Storage System on existing single family dwelling."
BLD25-6794,"Resubmittal Requested","Building Permit With Plan Check",11/5/2025,,"26000 Asti Rd Cloverdale [CLO]",118-020-004,$587.00,,"Ground mount solar 12.30KW consisting of 30 modules, 2 batteries, and adding new 225A/200A backup load panel."
BLD25-6800,"Awaiting Applicant Response","Building Permit With Plan Check",11/5/2025,,"11139 Cherry Ridge Rd Twin Hills [TWI]",061-120-024,$0.00,$0.00,"Add Shop/Storage to back of existing garage"
BLD25-6801,"Awaiting Applicant Response","Building Permit With Plan Check",11/5/2025,,"4104 Wallace Rd Rincon Valley [RIN]",029-140-012,$0.00,$0.00,"Addition of family room and bathroom Renovation of kitchen, dining room, gathering room and power room"
BLD25-6804,"Awaiting Applicant Response","Building Permit With Plan Check",11/5/2025,,"4915 Conch Ave Bodega Bay [BBY]",101-050-003,$0.00,$69844.70,"To add an addition to the rear of an existing house and remodel an existing kitchen - remodeled kitchen is 196 sq ft"
BLD25-6805,"Awaiting Applicant Response","Building Permit With Plan Check",11/5/2025,,"2255 Hwy 1 Bodega Bay [BBY]",100-220-008,$0.00,$0.00,"Project proposes to construct approximately 0.60 miles of the Bodega Bay Trail - Coastal North Harbor Segment that consists of the following: 1) 8 feet wide by 1,825 linear feet of stabilized aggregate surface; 2) two boardwalks with the following dimensions: 8 feet wide by 48 feet long and 8 feet wide by 38 feet long. There is an existing ADA parking stall and pathway that connects to the proposed trail."
BLD25-6810,Check,"Building Permit With Plan Check",11/6/2025,,"2011 Chapman Ln Petaluma [PET]",021-030-065,$1682.07,$13612.40,"install Manufactured Home ADU"
BLD25-6812,"Awaiting Applicant Response","Building Permit With Plan Check",11/6/2025,,"2864 Dry Creek Rd Geyserville [GEY]",091-160-028,$0.00,$0.00,"25.52kW (63) Panel Ground mount PV System w/ (2) ESS w/ New 225A Sub Panel w/ PCS."
BLD25-6813,Finaled,"Building Permit With Plan Check",11/6/2025,11/12/2025,"4993 Canfield Hill Ln Sebastopol [SEB]",025-120-009,$454.00,$0.00,"SFD, Roof Mount Solar Panel Install 20 Roof mount solar modules, DC system size 8.2kW"
BLD25-6815,Issued,"Building Permit With Plan Check",11/6/2025,11/12/2025,"2675 Dale Ave Sonoma [SON]",135-043-019,$629.25,,"SFD, Roof Mount Solar Install 12.865kW, 4X Enphase Battery, Derate 100A/200A, Add (N) 225A Generation Subpanel, & Stand Alone IQ Gateway"
BLD25-6816,Check,"Building Permit With Plan Check",11/6/2025,,"2207 Peachland Ave Graton [GRA]",130-270-037,$366.08,$10617.15,"SFD, Decommission bedroom (185 SF) in association w /BLD25-5596"
BLD25-6817,Issued,"Building Permit With Plan Check",11/6/2025,11/11/2025,"36 St Patrick Ct Sonoma [SON]",142-311-005,$479.10,,"SFD, Install (N) ESS 13.5kWh"
BLD25-6818,"Awaiting Applicant Response","Building Permit With Plan Check",11/6/2025,,"770 W Agua Caliente Rd Agua Caliente [AGU]",133-140-031,$0.00,$26148.00,"SFD, Foundation repair using 5 Push Piers, 4 Intellijacks, and 20LF of supplemental Beam"
BLD25-6819,Started,"Building Permit With Plan Check",11/6/2025,,"14462 Mcdonough Heights Rd Healdsburg [HEA]",087-232-001,$0.00,$0.00,"Interior remodel, one structural wall removed as per engineering specs, replace existing flooring, remove existing fireplace, replace bank of windows with one glass door, replace kitchen cabinets, countertops, add sink in new kitchen island."
BLD25-6820,"Resubmittal Requested","Building Permit With Plan Check",11/6/2025,,"1000 Freestone Ranch Rd Twin Hills [TWI]",026-090-018,$1438.75,,"SFD, Ground Mount Solar Panel Install 66 panel, 29.7 kW PV, Battery back up 85.8 kWh"
BLD25-6822,Check,"Building Permit With Plan Check",11/6/2025,,"1671 Bloomfield Rd Twin Hills [TWI]",063-081-002,$482.75,,"SFD, Ground Mount Solar Panel Install 5.4kW, 24 kw ESS"
BLD25-6824,,"Plan Check",11/6/2025,,"8580 Graton Rd Graton [GRA]",130-180-021,$2054.07,$84429.05,"New Manufactured Steel Garage (2,995 SF)"
BLD25-6828,Issued,"Building Permit With Plan Check",11/6/2025,11/19/2025,"6610 Barbara Dr Sebastopol [SEB]",063-020-018,$629.25,,"SFD, Install Roof-mount PV 9.20kW DC, and ESS 18.82kWh AC. Roof-mount PV 9.20kW DC, and ESS 18.82kWh AC."
BLD25-6830,"Resubmittal Received","Building Permit With Plan Check",11/6/2025,,"90 Maple Ave Kenwood [KEN]",050-277-004,$187.89,$3266.00,"SFD, seismic retrofit per Standard Plan A"
BLD25-6831,"Resubmittal Requested","Building Permit With Plan Check",11/6/2025,,"4605 Dry Creek Rd Geyserville [GEY]",090-210-025,$447.61,$97000.00,"New inground gunite pool, spa and automated cover (STK24-0002) $97,000"
BLD25-6833,Issued,"Building Permit With Plan Check",11/6/2025,11/13/2025,"97 Eton Ct Windsor [WIN]",058-161-006,$629.25,,"SFD, Installation of Rooftop 8.70kW PV Solar & 13.5kW Battery System (20) PV Modules (10) RSD Modules (1) Battery/Inverter (1) Controller (2) RSD Switch (2) Bollard"
BLD25-6834,Issued,"Building Permit With Plan Check",11/6/2025,12/04/2025,"20400 Coleman Valley Rd Bodega Bay [BBY]",101-090-001,$406.85,,"Renew at 5% BLD18-7129: 20'x22' addition to permitted barn. All inspections complete except for final for BLD18-7129"
BLD25-6840,Issued,"Building Permit With Plan Check",11/7/2025,11/14/2025,"1252 W Sexton Rd Twin Hills [TWI]",077-040-006,$479.10,,"SFD - (N) 32kWh ESS Expansion being added to (E) PV System"
BLD25-6848,"Resubmittal Received","Building Permit With Plan Check",11/7/2025,,"2108 Westside Rd Healdsburg [HEA]",110-130-034,$0.00,$40000.00,"1. REMOVAL OF PG&E 12 kV OVERHEAD LINES & POLES FEEDING (E) RESIDENCE AND AG METERS. 2. INSTALLATION OF NEW UNDERGROUND PG&E SERVICE TO NEW UTILITY PAD. 3. INSTALLATION OF NEW UNDERGROUND DISTRIBUTION TO RESIDENCE AND (E) AG WELL. 4. INSTALLATION OF NEW 600A 120/208V 3PH 4W METER FOR RESIDENCE. 5. INSTALLATION OF NEW 200A 120/208V 3PH 4W METER FOR AG WELL."
BLD25-6849,Issued,"Building Permit With Plan Check",11/7/2025,12/04/2025,"605 Hunter Ln Bellevue [BEL]",045-141-079,$629.25,,"Installing new 7.830 kWp PV system w/ess"
BLD25-6850,Issued,"Building Permit With Plan Check",11/7/2025,11/20/2025,"2015 Redwood Hill Rd Mark West Springs [MWS]",079-100-026,$407.76,,"To Complete BLD17-3907 @ 15% - EVT17-02032 New ADU 998 SF - 2017 Sonoma Complex Fire"
BLD25-6851,"Awaiting Applicant Response","Building Permit With Plan Check",11/7/2025,,"1485 Olivet Rd Santa Rosa [SRO]",057-011-062,$0.00,$0.00,"8 X 20 Cargo Container"
BLD25-6854,"Resubmittal Requested","Building Permit With Plan Check",11/7/2025,,"5050 Lavender Ln Mark West Springs [MWS]",067-160-019,$103.00,,"Generator permit"
BLD25-6855,"Awaiting Applicant Response","Building Permit With Plan Check",11/7/2025,,"14270 Valley Ford Rd Twin Hills [TWI]",026-010-077,$0.00,$31009.00,"New Detached Garage 1100SF, with 66 SF associated flatwork, demolish (E) garage 590SF"
BLD25-6856,,"Plan Check",11/7/2025,,"638 Hunter Ln Penngrove [PEN]",045-141-050,$1839.13,$83108.97,"New Barn 2,016 SF with cov'd porch 1,113 SF, accessory post frame barn"
BLD25-6857,Issued,"Building Permit With Plan Check",11/7/2025,11/13/2025,"4876 Bodega Ave Petaluma [PET]",021-110-012,$454.00,$0.00,"Res, Roof Mount Solar Panel Install PV 3.96kW on ADU"
BLD25-6858,Issued,"Building Permit With Plan Check",11/7/2025,11/14/2025,"2375 Eastman Ln Petaluma [PET]",021-050-075,$629.25,,"SFD - Adding 2.49kW of Roof-mounted solar modules to existing PV System, 5kWh ESS, 200A Main Service Panel upgrade. 6 Roof solar Modules, DC system size 2.49kW, 1 X Enphase battery, Main Panel Upgrade 200A/225A, cut and swing, add small battery shade cover"
BLD25-6859,Issued,"Building Permit With Plan Check",11/7/2025,11/18/2025,"20037 Oyster Catcher Loop Bodega Bay [BBY]",100-420-037,$629.25,,"SFD, Roof Mount Solar Install 12.88kW & ESS 30kWh"
BLD25-6861,Issued,"Building Permit With Plan Check",11/7/2025,11/20/2025,"5062 Lavender Ln Mark West Springs [MWS]",067-160-019,$407.76,,"To Complete BLD18-0039 - EVT17-05094 New 998 SF ADU - 2017 Sonoma Complex FireTo Complete BLD18-0039 @ 15% - EVT17-05094 New 998 SF ADU - 2017 Sonoma Complex Fire RENEW @ 15%"
BLD25-6862,Issued,"Building Permit With Plan Check",11/7/2025,11/26/2025,"127 Cabrillo Close Sea Ranch [SEA]",156-100-008,$479.10,,"SFD - (N) 30kWh ESS, transfer switch, and Tesla wall connector being installed inside garage Two Franklin WH batteries with Franklin WH agate transfer switch with Tesla wall connector to be installed inside of garage."
BLD25-6863,Issued,"Building Permit With Plan Check",11/7/2025,11/14/2025,"13378 Arnold Dr Glen Ellen [GLE]",054-260-036,$479.10,,"SFD, New ESS 10kWh AC to Connect to (E) PV"
BLD25-6864,"Resubmittal Received","Building Permit With Plan Check",11/7/2025,,"370 Fish Rock Sea Ranch [SEA]",156-400-017,$479.10,,"SFD - (N) 10kWh ESS and (N) Transfer switch Franklin WH battery back up with a Franklin agate."
BLD25-6865,Issued,"Building Permit With Plan Check",11/7/2025,11/13/2025,"3300 Westwind Blvd Santa Rosa [SRO]",059-370-021,$752.41,$10000.00,"PROPOSED NEW ROOF PENETRATION ON AN (E) ROOF FOR VENTS"
BLD25-6873,Issued,"Building Permit With Plan Check",11/10/2025,12/01/2025,"21005 Peary Ave Sonoma [SON]",126-052-018,$3665.46,$39606.00,"690 SF Remodel to convert ADU into an Art Studio - ORIGINAL ADU CONVERSION INTO ART STUDIO - ""NON STRUCTURAL"" - (E) ART STUDIO: CONFIRMING THIS STRUCTURE IS AN ""ART STUDIO"" (FORMERLY AN ADU)"
BLD25-6876,Check,"Building Permit With Plan Check",11/10/2025,,"9615 Lau Ln Penngrove [PEN]",047-011-013,$968.15,$18888.00,"Residential - (N) 800 SF Roof extension being added to (E) Barn - Creating Covered Porch Construct a 6-foot deep by 100-foot long shed-style roof extension with an 20- inch overhang. The new roof section will be structurally integrated with existing framing and supported by posts and beams. Roofing materials, pitch, and drainage will match or complement existing construction. Work includes installation of fascia and drip edge to ensure weather protection and code compliance. No change to building footprint or occupancy."
BLD25-6882,"Awaiting Applicant Response","Building Permit With Plan Check",11/10/2025,,"3949 Vine Hill Rd 1 Graton [GRA]",130-050-027,$0.00,$0.00,"Placement of up to three SEA-LAND shipping containers (two at no more than 20ft long, and 1 at no more than 40ft long) along the South East side of the property on a temporary basis for storage only. The placement is away from the street frontage on Vine Hill Rd to the West, and looks toward the industrial hemp seed facility to the South. These will be set 10ft off the property line for set back."
BLD25-6891,Issued,"Building Permit With Plan Check",11/10/2025,11/15/2025,"17 Winter Brook Ln Mark West Springs [MWS]",067-240-032,$670.82,,"1. INSTALL 20.01 kW SFD ROOF-TOP PHOTOVOLTAIC SOLAR SYSTEM 2. INSTALL 94.5 kWh ENERGY STORAGE SYSTEM IN DETACHED GARAGE"
BLD25-6894,,"Plan Check",11/10/2025,,"2760 Rollo Rd Bennett Valley [BEN]",055-220-004,$2121.68,,"EVT17-04620: Swimming Pool w/ Spa and Automatic Safety Cover 14' x 32' Swimming Pool w/ Spa and Automatic Safety Cover Project Valuation: $124,000"
BLD25-6896,,"Plan Check",11/10/2025,,"3255 Joy Rd Occidental [OCC]",073-220-046,$1709.36,$67656.00,"Accessory Structure: Garage / Storage (2,400 SF) w/ electrical & 1/5 bath To construct a 2400 sf accessory structure/garage. It contains one half bath with one sink and one toilet."
BLD25-6897,"Awaiting Applicant Response","Building Permit With Plan Check",11/10/2025,,"7300 Old Lakeville Rd 3 Lakeville [LAK]",068-110-011,$0.00,$0.00,remodel
BLD25-6903,Issued,"Building Permit With Plan Check",11/11/2025,11/18/2025,"1401 Spring Hill Rd Petaluma [PET]",020-050-019,$629.25,,"SFD, Roof Mount Solar Panel Install, DC system 6.56kW, 1 X Tesla Inc AC powerwall"
BLD25-6910,"Awaiting Applicant Response","Building Permit With Plan Check",11/11/2025,,"4275 Whistler Ave Bellevue [BEL]",045-031-018,$0.00,$30721.60,"Legalize with permit, Barn addition - storage and bathroom 728 SF, covered porch 728 SF. Code enforcement plan set for additional square footage added to existing barn."
BLD25-6911,Issued,"Building Permit With Plan Check",11/11/2025,11/17/2025,"19299 Carriger Rd Sonoma [SON]",052-371-021,$629.25,,"SFD, Roof Mount Solar 5.98kW with ESS 15kWh"
BLD25-6915,Check,"Building Permit With Plan Check",11/11/2025,,"8950 Old Redwood Hwy Cotati [COT]",046-233-010,$3194.77,,"New SFD (1,900 SF) with Decks (225 SF total) - Det'd Garage under BLD25- 7037. Connect to (E) 4-BDR Septic & Water Supply Provided by 10 GPM Well"
BLD25-6923,"Awaiting Applicant Response","Building Permit With Plan Check",11/11/2025,,"11007 Moonshine Rd Twin Hills [TWI]",073-030-023,$0.00,$0.00,"-31 SQFT. CONVERSION OF REGULAR SHOWER TO STEAM SHOWER -WATER DAMAGE REPAIR TO SUB FLOOR AND FRAMING AS REQ'D -REPLACE TWO WINDOWS WITH A SINGLE, SMALLER, TEMPERED, NON- OPPERABLE WINDOW WITHIN THE SAME OPENING"
BLD25-6924,Check,"Building Permit With Plan Check",11/11/2025,,"1755 Brush Creek Rd Rincon Valley [RIN]",181-020-009,$1698.21,$62440.32,"SFD, Interior Alteration w/ all new electrical throughout (1,088 SF) of existing residence closest to Brush Cr."
BLD25-6925,Started,"Building Permit With Plan Check",11/12/2025,,"3176 Guerneville Rd Santa Rosa [SRO]",130-020-020,$0.00,$0.00,"bathroom and laundry room remodel to resolve VBU25-0397"
BLD25-6926,Issued,"Building Permit With Plan Check",11/12/2025,11/19/2025,"130 Fern Ave Penngrove [PEN]",047-032-019,$479.10,,"SFD, Install ESS 20.0 kWh and (2) Battery, (1)(N) AC COMBINER(S), (1)(N) AC DISCONNEC, (2)(N) AC DISCONNECT, (1)(N)ENPHASE IQ METER COLLAR"
BLD25-6927,"Awaiting Applicant Response","Building Permit With Plan Check",11/12/2025,,"1600 Sobre Vista Rd Glen Ellen [GLE]",133-082-006,$0.00,$0.00,"Replace deck structure and decking and railing in-kind with steel framing members instead of wood. Dimensions and location stays the same. Rebuilding and design deck structure from wood to steel with Fortress brand steel components. See Fortress Specifications in this Plan Submittal. $150,115"
BLD25-6928,Check,"Building Permit With Plan Check",11/12/2025,,"8960 Hwy 12 Kenwood [KEN]",050-161-020,$620.67,$20522.32,"Tuff Shed - Shed 1 of 2, (728 SF) (26'w x 28'l) Detached Tuff Shed Storage Sheds"
BLD25-6930,Issued,"Building Permit With Plan Check",11/12/2025,11/17/2025,"907 Los Robles Dr Agua Caliente [AGU]",056-583-021,$629.25,,"SFD, Roof Mount Solar Install 13.92kW DC & ESS 45kWh AC (unrelated violation is VBU25-0163)"
BLD25-6931,"Awaiting Applicant Response","Building Permit With Plan Check",11/12/2025,,"6275 Big Cedar Ct Twin Hills [TWI]",063-360-005,$0.00,$0.00,"SFD - (N) 218 SF Covered Porch Addition Addition of covered back porch"
BLD25-6933,Check,"Building Permit With Plan Check",11/12/2025,,"1650 Moraga Dr Santa Rosa [SRO]",044-162-007,$577.33,$18881.31,"SFD, Remodel Attached Garage 329 SF, VBU23-0339. interior remodel to remove unpermitted alterations. converted (E) garage to conditioned bonus rm, restore to its original use as unconditioned garage for vehicle parking and storage. Work includes removal of unpermitted interior partitions and window alterations and removal or correction of unpermitted electrical and mechanical work."
BLD25-6934,Check,"Building Permit With Plan Check",11/12/2025,,"1650 Moraga Dr Santa Rosa [SRO]",044-162-007,$1449.21,$77132.16,"SFD, Repairs to attached Garage to remove Violation Abatement-VBU23-0340 and VBU23-0341, interior remodel, replace windows- no alterations. Building safety abatement permit to address dangerous and substandard conditions. Removal of accumulated debris and unsanitary conditions, restoration of clear and code compliant ingress/egress pathways and repair of deteriorated interior finishes and non load bearing elements as required for safe occupancy. Two bedroom windows will be replaced with new emergency escape and rescue openings-meeting CRC R310, installed within rough openings and without alteration to exterior wall configuration to maintain legal sleeping room use, minor electrical ""make-safe"" repairs may be completed as required by inspection. No changes to building footprint, structural systdems or habitable area are proposed."
BLD25-6935,Check,"Building Permit With Plan Check",11/12/2025,,"6443 Rutgers Dr Twin Hills [TWI]",063-300-024,$573.67,$14088.00,"Residential - 480 SF Non engineered CRC prescriptive roof repair. Contract Value $14,088 (per call w/ licensed professional) Homeowner contracted with solar contractor to install solar power system on her garage (BLD24-1218). Inspector has required 1.5” sag in garage roof span is addressed before final inspection of solar system can be approved. Center of rafter span will be lifted 1.5” and temporarily braced while framing is improved. No existing roof framing will be removed, but rather added to and strengthened. Roof will be temporarily lifted and braced 1.5” to flatten roofline. Existing roof framing to be sistered with additional framing members and the installation of plywood gussets at joints."
BLD25-6936,Issued,"Building Permit With Plan Check",11/12/2025,11/18/2025,"7760 Dos Palos Ln Twin Hills [TWI]",076-110-045,$454.00,$0.00,"SFD, Roof Mount Solar Install/Expansion 5.720kW - Existing PV Array is on Detached Shade Structure"
BLD25-6937,"Awaiting Applicant Response","Building Permit With Plan Check",11/12/2025,,"450 Bloomfield Rd Twin Hills [TWI]",063-213-001,$0.00,$70475.00,"We are proposing to add approximately to 280 square feet of office space to an existing guest cottage (286 square feet) on our 450 Bloomfield Rd property. Our main home is 1591 square feet and there is a detatched garage workshop on the property of 400 square feet. The cottage has a full bath and is used for visiting guests. It currently has a bed and a desk in the studio space. This expansion will allow us and our guests to use the space more comfortably . This guest cottage was existing at the time of our property purchase in 1989. The plans for this project design was fully permitted for a remodel in 1990 but due to family changes (we had a baby) we decided to not proceed with the project. I would like to proceed with this remodel and have been trying to assess the likely approval of this project before I pay for a full digital updating of the proposed plans. I have had an updated plot plan completed so that you can see that our proposed remodel leaves us at 6.98% of building lot coverage. I am attempting to assess the feasibility of this project under current county rules before I proceed with significant other costs of redoing the remodel plan."
BLD25-6938,"Resubmittal Requested","Building Permit With Plan Check",11/12/2025,,"19141 Baytree Sonoma [SON]",142-280-047,$2492.92,,"New Inground Gunite Swimming Pool & Spa (16' x 40') with Auto Safety Cover and Propane Heater - Excavation: All Excavated Soil to be Hauled off site to a county approved location"
BLD25-6939,"Resubmittal Received","Building Permit With Plan Check",11/12/2025,,"1670 Ridge Rd Sonoma [SON]",127-361-005,$2110.37,,"(N) 836 SF Detached 1bd/1ba ADU above 836 SF 2-car garage w/ shop/storage space, 100 SF Storage, 30 SF Balcony, 48 SF Deck. Planning permit: ADR25-0075 Replacement 836 square foot 1-bedroom, 1-bathroom Accessory Dwelling Unit above 2-car garage with shop/storage. Planning permit: ADR25-0075"
BLD25-6940,"Plan Check Comments Sent","Building Permit With Plan Check",11/12/2025,,"5060 Warm Springs Rd Glen Ellen [GLE]",054-310-026,$672.64,$15000.00,"2017 SONOMA COMPLEX FIRE - NEW INGROUND POOL AND SPA - 12' X 30' AND 4' - 6' DEPTH - EVT17-03801"
BLD25-6941,,"Plan Check",11/12/2025,,"4600 Scanlon Rd Guerneville [GUE]",106-200-002,$4119.98,,"Replacement SFD, (2,725 SF), Carport (384 SF), Cov'd Porch (765 SF) Proposed replacement SFD for existing 960 sq ft SFD. The existing dwelling will be demolished under a separate permit. The proposed single story single family replacement dwelling is 2,725 sq ft with 4-bedrooms, 3-bathrooms, attached 1-car porte cochere, and detached solar pavilion shade structure."
BLD25-6943,Issued,"Building Permit With Plan Check",11/13/2025,11/17/2025,"8802 Egg Farm Ln Kenwood [KEN]",050-161-022,$629.25,,"SFD, Install 7.04kW Roof Mount Solar Expansion with 13.5kWh ESS"
BLD25-6945,Issued,"Building Permit With Plan Check",11/13/2025,11/14/2025,"17339 Hillside Ave Agua Caliente [AGU]",056-261-046,$479.10,,"SFD, Install (2) Battery backups 13.5kWh"
BLD25-6949,Check,"Building Permit With Plan Check",11/13/2025,,"2210 Schaeffer Rd Twin Hills [TWI]",025-030-093,$377.50,$0.00,"Res, Ground Mount Solar Panel Install 12.75kW dc PV on elevated rack structure. PV modules are mounted to the structure using an ironridge racking system."
BLD25-6951,Issued,"Building Permit With Plan Check",11/13/2025,11/20/2025,"6908 Gloria Dr Penngrove [PEN]",047-351-009,$629.25,,"SFD, Roof Mount Solar Install 5.39kW, 2X Enphase Battery"
BLD25-6954,Issued,"Building Permit With Plan Check",11/13/2025,11/19/2025,"3720 Primrose Ave Bellevue [BEL]",134-092-027,$629.25,,"SFD, Roof Mount Solar Install 8.10kW with ESS 28.60kWh"
BLD25-6960,"Resubmittal Requested","Building Permit With Plan Check",11/13/2025,,"7225 Malone Rd Forestville [FOR]",083-020-071,$0.00,,"Roof-mount PV 9.2kW DC and ESS 30kWh AC."
BLD25-6961,"Awaiting Applicant Response","Building Permit With Plan Check",11/13/2025,,"80 Queens Ln Petaluma [PET]",113-100-049,$0.00,$0.00,"Backup Generator for Residence"
BLD25-6962,Check,"Building Permit With Plan Check",11/13/2025,,"2107 Chester Dr Penngrove [PEN]",047-271-005,$859.15,$10907.82,"Install Awning 462 SF, to back of shop VBU25-0276 - DEM25-0301)"
BLD25-6968,Check,"Building Permit With Plan Check",11/13/2025,,"42189 Leeward Rd Sea Ranch [SEA]",156-570-034,$3085.14,,"NEW SFD - 1927 SF / GARAGE - 383 SF / COV PORCH - 264 SF / DECK - 50 SF (GH) New one-story single-family residence"
BLD25-6975,,"Plan Check",11/13/2025,,"8835 Brown Ave Kenwood [KEN]",050-175-026,$2583.84,,"SFD, Addition (320 SF), Remodel (1,162 SF), Cov'd Porch (110 SF) Reduce the garage size, new electrical throughout (459 SF) Proposed remodel and addition of an existing 1,162 sq ft single story, 3- bedroom, 1.5-bathroom SFD. The proposed addition of 320 sq ft is concentrated at the front gable and back right corner under the existing roof framing. The proposed plans for remodel and addition result in a single story, 3 bedroom, 2-bathroom SFD with existing 2-car garage."
BLD25-6977,"Awaiting Applicant Response","Building Permit With Plan Check",11/14/2025,,"2131 Joy Ridge Rd Occidental [OCC]",073-330-037,$0.00,$0.00,"SFD, Addition 1247 SF of a primary bedroom/bathroom and remodel updating"
BLD25-6979,Issued,"Building Permit With Plan Check",11/14/2025,11/19/2025,"7233 Malone Rd Forestville [FOR]",083-020-057,$629.25,,"SFD_Roof-mount PV 8.28kW DC and ESS 15kWh AC."
BLD25-6983,"Resubmittal Requested","Building Permit With Plan Check",11/14/2025,,"7366 Baker Ln Twin Hills [TWI]",076-100-034,$0.00,$4961.44,"AS-BUILT - LEGALIZE EXISTING 176 S.F. UNPERMITTED PUMPHOUSE PER CORRECTION NOTICE ISSUED 10/24/25 BY ROBERT HYNES FOR PERMIT #BLD25-6021"
BLD25-6985,Check,"Building Permit With Plan Check",11/14/2025,,"4981 Canfield Hill Ln Sebastopol [SEB]",025-120-008,$772.65,$7007.88,"REBUILD BACK DECKS. REBUILD FRONT BALCONY & EXTERIOR GARBAGE STORAGE BELOW"
BLD25-6986,Check,"Building Permit With Plan Check",11/14/2025,,"904 Fitch View Ln Windsor [WIN]",086-150-049,$1413.98,$13089.60,"(N) 1134 SF Double-wide Manufactured SFD (42'x27'), (2x) 16 SF Decks, (2x) 24 SF Decks new manufactured SFD"
BLD25-6987,"Awaiting Applicant Response","Building Permit With Plan Check",11/14/2025,,"1170 Kinnybrook Dr Kenwood [KEN]",051-230-005,$0.00,$0.00,"Res, New California frame over existing valleys, remove (E) concrete tile roofing, and re-roof with standing seam metal roofing."
BLD25-6988,Issued,"Building Permit With Plan Check",11/14/2025,11/18/2025,"805 San Domingo Dr Santa Rosa [SRO]",044-172-024,$524.91,,"SFD, Roof Mount Solar Panel Install PV 10 modules; 4.1kW; with (1) ESS."
BLD25-6991,Issued,"Building Permit With Plan Check",11/14/2025,11/19/2025,"3999 Roblar Rd Sebastopol [SEB]",024-031-053,$629.25,,"SFD, Roof Mount Solar Panel Install 8.6kW PV (20 panels), (2) Tesla Powerwall 3 (27 kwh) batteries"
BLD25-6995,"Awaiting Applicant Response","Building Permit With Plan Check",11/14/2025,,"7800 Occidental Rd Graton [GRA]",130-261-029,$0.00,$0.00,"***Due 12/1*** Two car detached carport"
BLD25-7000,Issued,"Building Permit With Plan Check",11/14/2025,11/19/2025,"930 Clover Dr Santa Rosa [SRO]",037-032-002,$454.00,$0.00,"Roof-mount PV 6.9kW DC (11.4kW AC)"
BLD25-7001,Issued,"Building Permit With Plan Check",11/14/2025,11/21/2025,"792 Foreman Ln Healdsburg [HEA]",110-080-003,$454.00,$0.00,"SFD_Roof-mount PV 10.66kW DC"
BLD25-7002,,"Plan Check",11/14/2025,,"440 Aviation Blvd Santa Rosa [SRO]",059-350-091,$15385.89,,"COMMERCIAL REROOF (METAL ROOFING)- REMOVE/REINSTALL HVAC THE PROJECT GENERALLY CONSISTS OF the REROOFING THE EXISTING LOW SLOPED AND STEEP SLOPED METAL ROOFING; REPLACING ALL ROOF CAPS / VENTS, MECHANICAL EQUIPMENT, AND CURBS; INSTALLATION OF FIXED ACCESS LADDERS AND ROOF HATCH; REPAINTING THE BUILDING EXTERIOR; AND ALL ASSOCIATED INCIDENTAL WORK."
BLD25-7005,Issued,"Building Permit With Plan Check",11/16/2025,11/20/2025,"1061 Tilton Rd Twin Hills [TWI]",077-060-048,$629.25,,"SFD, Roof Mount PV Install 11.745kW with (2) 13.5 kWh (27kWh total) Backup Battery"
BLD25-7006,Issued,"Building Permit With Plan Check",11/16/2025,11/19/2025,"970 Laurel Ave Agua Caliente [AGU]",052-362-028,$629.25,,"SFD, Roof Mount Solar Panel Install 5.2 kW PV, ESS 20kW, reinstall 3.36kW (E) PV NEW ROOFTOP SOLAR WITH MICROINVERTERS,"
BLD25-7007,"Awaiting Applicant Response","Building Permit With Plan Check",11/16/2025,,"9850 River Rd Forestville [FOR]",082-141-003,$0.00,$0.00,"Reinforce existing deck to accommodate a hot tub. Structural engineering has been done by Johnson, Debois & Forrest."
BLD25-7008,"Resubmittal Received","Building Permit With Plan Check",11/17/2025,,"601 Pleasant Hill Rd Twin Hills [TWI]",076-060-005,$0.00,,"Main house and Cottage, Roof Top PV System, Total System is less than 10 KW Roof Top PV System For Main house in Cottage . Total System is less than 10 KW"
BLD25-7009,Issued,"Building Permit With Plan Check",11/17/2025,11/21/2025,"1029 Yuba Dr Bellevue [BEL]",134-022-013,$629.25,,"Res, Roof Mount Solar Panel Install 12.2kW PV, ESS 20kWh, enphase microinverters and battery system, no DC circut - on Detached Garage"
BLD25-7010,Issued,"Building Permit With Plan Check",11/17/2025,11/25/2025,"2125 Curtis Dr Penngrove [PEN]",047-273-043,$479.10,,"SFD, Install Battery 10kWh enphase, meter collar and enphase solar combiner box"
BLD25-7011,Issued,"Building Permit With Plan Check",11/17/2025,11/19/2025,"84 Compass Close Sea Ranch [SEA]",122-400-024,$374.76,,"INSTALL NEW 10 KILOWATT HOUR ENPHASE BATTERY AND METER COLLAR ON HOME AND INTEGRATE WITH EXISTING RECENTLY INSTALLED SOLAR SYSTEM"
BLD25-7015,Check,"Building Permit With Plan Check",11/17/2025,,"616 Forest Dr Twin Hills [TWI]",077-100-015,$944.30,,"Res. Ground Mount 5.22 kW PV Solar Replacement on Existing Racking System. No change to Existing Structure. 32 kWh Battery Storage Installation."
BLD25-7016,Check,"Building Permit With Plan Check",11/17/2025,,"16880 Coleman Valley Rd Occidental [OCC]",074-170-037,$2145.70,$48330.90,"VBU25-0262: Existing Unconditioned Art Studio (320 SF), Deck (465 SF), Cov'd Porch (180 SF) Legalize existing unconditioned art studio (VBU25-0262)"
BLD25-7017,Check,"Building Permit With Plan Check",11/17/2025,,"16880 Coleman Valley Rd Occidental [OCC]",074-170-037,$1527.52,$33546.10,"VBU25-0261: Existing Utility Barn (1,190 SF) legalize existing utility barn (VBU25-0261)"
BLD25-7018,Issued,"Building Permit With Plan Check",11/17/2025,11/21/2025,"4233 Browns Ln Petaluma [PET]",068-010-016,$734.25,,"(N) 22kW Roof-mount PV System on barn w/ 81kWh ESS tying in to (E) 6kW PV System. Includes 220 ft. trench from meter to barn and 115 ft. trench from meter to concrete pad 4233 Browns Lane - Install 22 kW PV system on roof of barn structure and 81 kWh energy storage system (ESS). Includes 220 ft trench from meter to barn structure and 115 ft trench from meter to concrete pad."
BLD25-7019,Check,"Building Permit With Plan Check",11/17/2025,,"2684 Guerneville Rd Santa Rosa [SRO]",034-110-045,$940.24,$13192.92,"Tractor Shed 468 SF, permit to resolve (VBU25-0302)"
BLD25-7020,Check,"Building Permit With Plan Check",11/17/2025,,"2684 Guerneville Rd Santa Rosa [SRO]",034-110-045,$731.85,$5949.72,"Pergola 252 SF, permit to resolve (VBU25-0301)"
BLD25-7022,Check,"Building Permit With Plan Check",11/17/2025,,"2915 Pepper Rd Two Rock [TWO]",022-100-034,$2630.19,,"Dairy: Compost Storage Barn 40 x100 = (4,000 SF) This project proposes the installation of a engineering building, roof-only metal agricultural structure to be used as a Compost Storage Barn in support of existing agricultural operations on the property. The structure will provide covered protection for the temporary storage, curing, and management of on- site generated compost materials consistent with permitted agricultural activities within Sonoma County."
BLD25-7024,Issued,"Building Permit With Plan Check",11/17/2025,11/20/2025,"4450 La Paz Ln Bennett Valley [BEN]",049-630-009,$479.10,,"ESS 16.14kWh AC to tie in with existing PV."
BLD25-7027,Check,"Building Permit With Plan Check",11/17/2025,,"4002 Old Barn Rd Healdsburg [HEA]",088-240-028,$464.72,$8321.55,"SFD Interior Remodel (145 SF) to Convert Family Room to Bedroom #4"
BLD25-7029,,"Plan Check",11/17/2025,,"5696 McFarlane Rd Twin Hills [TWI]",062-021-061,$1336.28,$54018.72,"Conversion of existing unconditioned accessory structure into a conditioned art studio with a bathroom ( 504 SF)"
BLD25-7033,Issued,"Building Permit With Plan Check",11/17/2025,11/24/2025,"19190 Orange Ave Agua Caliente [AGU]",052-371-033,$629.25,,"SFD - (N) 6.15kW Roof-mount PV Array w/ 27kWh ESS tying into (E) 4.32kW PV System Install (15) roof mount solar panels at 6.15 kW and 2 batteries. 1 EV charger"
BLD25-7037,Check,"Building Permit With Plan Check",11/17/2025,,"8950 Old Redwood Hwy Cotati [COT]",046-233-010,$1158.64,$16914.00,"New Detached 2-Car Garage (600 SF) - New SFD under BLD25-6915"
BLD25-7038,"Awaiting Applicant Response","Building Permit With Plan Check",11/17/2025,,"4121 Chico Ave Bellevue [BEL]",035-071-047,$0.00,$0.00,"Addition and remodel of existing as built ADU, that catch fire in the front of the porch. remove and replace all drywall, electrical plumbing, kitchen, bathroom, doors and windows."
BLD25-7039,"Awaiting Applicant Response","Building Permit With Plan Check",11/18/2025,,"5797 Hwy 128 Geyserville [GEY]",131-100-019,$0.00,$7862.13,"(F2) New Deck Cover to (E) detached Deck 333 SF"
BLD25-7040,"Awaiting Applicant Response","Building Permit With Plan Check",11/18/2025,,"4183 Old Vineyard Ln Mark West Springs [MWS]",029-250-017,$0.00,$0.00,"EVT17-04406 New Pool House, 332 SF with cov'd patio 452 SF"
BLD25-7041,"Awaiting Applicant Response","Building Permit With Plan Check",11/18/2025,,"291 Buckeye Sea Ranch [SEA]",156-600-043,$0.00,$0.00,"NEW CONSTRUCTION OF A SINGLE FAMILY RESIDENCE WITH 1,000 SF OF LIVING SPACE AND AN ATTACHED SINGLE CAR GARGE."
BLD25-7042,Issued,"Building Permit With Plan Check",11/18/2025,11/20/2025,"1134 RUNGE Ln Petaluma [PET]",048-051-034,$629.25,,"SFD, Roof-mount PV 3.92kW DC (3.14kW AC) and ESS 10.00kWh AC."
BLD25-7054,"Awaiting Applicant Response","Building Permit With Plan Check",11/18/2025,,"1325 Austin Creek Rd Guerneville [GUE]",097-060-026,$0.00,$0.00,"Interior renovation of an existing single family residence. Reconfiguring of the interior partitions, addition of a (N) office, bathroom and WC. Partial remodel of the kitchen. (N) windows as drawn, including 2 (N) skylights. Partial removal and replacement of garage roof."
BLD25-7055,Check,"Building Permit With Plan Check",11/18/2025,,"100 Sparkes Rd Twin Hills [TWI]",063-011-027,$1887.62,$21975.90,"NEW HUD HCD APPROVED 1600 SF MFR HOME / 514 SF DECKS / 42 SF PORCH New HUD-HCD approved 1,600 sq ft manufactured home as a Single Family Dwelling. There is a new septic system (SEP25-0210). Separate encroachment permit will be applied for, along with a waiver of covered parking. Thank you."
BLD25-7058,Check,"Building Permit With Plan Check",11/19/2025,,"970 Thompson Ln Petaluma [PET]",021-130-091,$1066.82,$21649.92,"Res - (N) 768 SF (24'x32') Metal Barn. No electrical or plumbing. This project is to build a new metal barn 24' x 32' (768sqft). There is no electrical and no plumbing."
BLD25-7059,"Awaiting Applicant Response","Building Permit With Plan Check",11/19/2025,,"14154 Arnold Dr Glen Ellen [GLE]",054-070-040,$0.00,$0.00,"11/25 wrong type of permit applied for. Chase Coordinate with PGE to cap gas line at street and build new electrical panel board"
BLD25-7063,"Awaiting Applicant Response","Building Permit With Plan Check",11/19/2025,,"7260 Grove Ct Sonoma [SON]",064-260-008,$0.00,$0.00,"Remodel Kitchen including: new cabinets, new flooring tile, some new drywall, new appliances, new gas line to range, change 1 window size, move some electrical switches"
BLD25-7071,Check,"Building Permit With Plan Check",11/19/2025,,"2501 Geysers Rd Geyserville [GEY]",131-030-006,$1495.96,$62102.57,"EVT19-02288 New Barn/Shop Building (2,203 SF) in Same Location as Previous Secondary SFD Destroyed in 2019 Kincade Fire"
BLD25-7078,"Awaiting Applicant Response","Building Permit With Plan Check",11/19/2025,,"18375 Neeley Rd Forestville [FOR]",071-260-037,$0.00,$0.00,"Foundation Repair, REPLACEMENT OF (E) CRAWLSPACE POST W (N) WOOD POST (24 TOTAL) RESTING ON (N) CONCRETE SPREAD FOOTINGS W (N) WOOD BRACING. INSTALLATIONS DOES NOT AFFECT THE EXTERIOR APPEARANCE OF THE STRUCTURE"
BLD25-7079,"Awaiting Applicant Response","Building Permit With Plan Check",11/19/2025,,"8965 Valley Ford Rd Two Rock [TWO]",027-250-009,$0.00,$0.00,"Installation of professionally engineered and installed carport that is 18' wide x 50' long x 14' tall. This will be installed on top of and anchored into a new 4"" thick concrete slab. Currently underneath that is 8-12"" of road base that has been professionally compacted and in place for almost a year."
BLD25-7081,"Awaiting Applicant Response","Building Permit With Plan Check",11/19/2025,,"725 Austin Creek Rd Guerneville [GUE]",097-070-013,$0.00,$0.00,"(N) (02) FRANKLINWH APOWER 2 (APR-10K15V1-US)(SI1-SB) (N) (01) FRANKLINWH AGATE (AGT-R1V1-US)(CRD-PCS NON-EXPORT) (N) (01) LOCKABLE DISCONNECT SWITCH (IMO SI16-PEL64R-2)"
BLD25-7082,"Awaiting Applicant Response","Building Permit With Plan Check",11/19/2025,,"22135 Amanita Cir Timber Cove [TIM]",109-380-007,$0.00,,"New SFD (1,112 SF) with Covered Porch (107 SF) & Decking (257 SF)"
BLD25-7084,"Awaiting Applicant Response","Building Permit With Plan Check",11/19/2025,,"5015 Warm Springs Rd Glen Ellen [GLE]",054-240-005,$0.00,$0.00,"EVT17-05403 Rebuild 1-Story 1,352 SF SFD, 192 SF Attached Garage 2017 Sonoma Complex Fire 2017 COMPLEX FIRE 1,352 SQ FT NEW SINGLE FAMILY DWELLING WITH 192 SQ FT ATTACHED CARPORT. PERMIT FOR 240 SQ FT DETACHED CARPORT TO BE SUBMITTED SEPARATELY."
BLD25-7085,"Awaiting Applicant Response","Building Permit With Plan Check",11/20/2025,,"5015 Warm Springs Rd Glen Ellen [GLE]",054-240-005,$0.00,$0.00,"EVT17-05403 (N) 240 SF (12'x20') Detached Sonoma County Standard Carport Design 2017 COMPLEX FIRE NEW 240 SQ FT DETACHED CARPORT PER SONOMA COUNTY PRMD STANDARD CARPORT DESIGN."
BLD25-7086,"Resubmittal Requested","Building Permit With Plan Check",11/20/2025,,"1460 High School Rd Graton [GRA]",060-303-011,$0.00,$0.00,"SFD, Roof Mount Solar Panel Install 3.08kW PV addition to (E) PV, (7) Solar Modules, (7) Micro Inverter, (1) Combiner, AC Disconnect, Load Center"
BLD25-7090,Issued,"Building Permit With Plan Check",11/20/2025,11/26/2025,"1700 CARRIGER HILLS Ln Glen Ellen [GLE]",133-220-004,$629.25,,"SFD, Roof Mount Solar Panel Instal 11.31kW DC PV, ESS 27kWh BESS installation"
BLD25-7092,"Awaiting Applicant Response","Building Permit With Plan Check",11/20/2025,,"1530 WILLOWSIDE Rd 2 Santa Rosa [SRO]",034-072-055,$0.00,$0.00,"Remodel (E) ADU, remove to convert back to original accessory structure BLD13-3474, VBU25-0389"
BLD25-7097,Issued,"Building Permit With Plan Check",11/20/2025,11/24/2025,"4400 Todd Rd Sebastopol [SEB]",060-070-011,$629.25,,"SFD, Roof Mount solar modules, DC system size 5.39kW PV, 2 X enphase battery,"
BLD25-7099,"Awaiting Applicant Response","Building Permit With Plan Check",11/20/2025,,"20364 Hill St Monte Rio [MRO]",094-122-005,$0.00,$0.00,"Retaining Wall to clear Yellow Tab associated with EVT25-00008"
BLD25-7102,"Awaiting Applicant Response","Building Permit With Plan Check",11/20/2025,,"8989 Graton Rd Graton [GRA]",130-162-007,$0.00,$0.00,"Tenant improvement, convert existing building to yoga studio. Removing 2 walls, square footage 1350."
BLD25-7104,Issued,"Building Permit With Plan Check",11/20/2025,11/24/2025,"230 Davis Ln Penngrove [PEN]",047-232-004,$629.25,,"SFD_8 Solar Roof modules, DC system size 3.32kW,INSTALLING 1X ENPHASE TOU BATTERY 5P"
BLD25-7105,Issued,"Building Permit With Plan Check",11/20/2025,11/25/2025,"9428 Chalk Hill Rd Windsor [WIN]",079-220-010,$629.25,,"SFD, Roof mount solar Install 10.75kW PV, ESS 13.5kWh"
BLD25-7106,Issued,"Building Permit With Plan Check",11/20/2025,11/25/2025,"1488 Furlong Rd Twin Hills [TWI]",080-090-029,$629.25,,"SFD, Roof Mount Solar Panel Install 7.74kW PV, ESS 13.5kWh"
BLD25-7107,Issued,"Building Permit With Plan Check",11/20/2025,11/25/2025,"4636 Grove St Sonoma [SON]",064-070-008,$629.25,,"SFD, Roof Mount Solar Panel Install 4.73kW PV, ESS 13.5kWh"
BLD25-7108,"Awaiting Applicant Response","Building Permit With Plan Check",11/20/2025,,"711 Furlong Rd Twin Hills [TWI]",080-140-018,$0.00,$0.00,"Ground-mount PV 11.04kW DC (11.40kW AC) and ESS 21.52kWh AC."
BLD25-7109,Issued,"Building Permit With Plan Check",11/20/2025,11/25/2025,"8933 Poplar Ave Cotati [COT]",046-221-039,$629.25,,"SFD_Install new 6.45kW solar PV system with a new energy storage system."
BLD25-7110,"Resubmittal Requested","Building Permit With Plan Check",11/20/2025,,"9200 Winery Ter Kenwood [KEN]",051-230-013,$0.00,,"SFD_Install new 11.61kW solar PV system with a new energy storage system."
BLD25-7111,"Awaiting Applicant Response","Building Permit With Plan Check",11/20/2025,,"2595 Napa Rd Sonoma [SON]",126-061-022,$0.00,$0.00,"new detached garage (unconditioned)"
BLD25-7116,Check,"Building Permit With Plan Check",11/21/2025,,"3780 Wallace Creek Rd Healdsburg [HEA]",110-260-038,$1714.30,$68119.62,"New Booster Pump to (E) Water System, Install (4) 5,000 Gallon Water Tanks for Forbearance Conservation Project"
BLD25-7118,"Awaiting Applicant Response","Building Permit With Plan Check",11/21/2025,,"33550 Pine Mountain Rd Cloverdale [CLO]",117-240-051,$0.00,$0.00,"Pine Mountain Emergency Generator & Battery backup"
BLD25-7120,Check,"Building Permit With Plan Check",11/21/2025,,"8960 Hwy 12 Kenwood [KEN]",050-161-020,$1113.70,$20522.32,"Tuff Shed - HASLAM #2 Project Detached Accessory Storage Shed Tuff Shed (28' x 26') 728 sq ft"
BLD25-7121,Issued,"Building Permit With Plan Check",11/21/2025,11/26/2025,"2449 Burnside Rd Twin Hills [TWI]",073-062-053,$629.25,,"2449 Burnside Rd - SFD, Install 5.28 kW PV system and 24 kWh energy storage system (ESS)"
BLD25-7122,Issued,"Building Permit With Plan Check",11/21/2025,12/03/2025,"6023 Volkerts Rd Twin Hills [TWI]",025-070-025,$629.25,,"SFD - Install 8.8 kW PV system on roof and 27 kWh energy storage system (ESS). Install EV charger - 6033 Volkerts Rd"
BLD25-7123,Issued,"Building Permit With Plan Check",11/21/2025,11/26/2025,"1233 Bags Blvd Sonoma [SON]",127-630-002,$574.00,$0.00,"SFD_Roof-mount PV 22.54kW DC"
BLD25-7124,Issued,"Building Permit With Plan Check",11/21/2025,11/26/2025,"40 Thomas Ln Petaluma [PET]",021-041-007,$479.10,,"SFD_ESS 30kWh AC, to tie in with existing PV."
BLD25-7125,"Awaiting Applicant Response","Building Permit With Plan Check",11/21/2025,,"6049 Mark West Ln Mark West Springs [MWS]",067-270-013,$0.00,$0.00,"metal prefab garage"
BLD25-7130,Issued,"Building Permit With Plan Check",11/21/2025,11/24/2025,"17600 Willow Creek Rd Camp Meeker [CAM]",074-180-046,$479.10,,"SFD_ ESS 32.24kWh AC, to tie into existing PV"
BLD25-7133,Issued,"Building Permit With Plan Check",11/21/2025,11/25/2025,"1735 Goodwin Ave Penngrove [PEN]",047-073-022,$479.10,,"Residential - Replace (E) PV modules and rails on (E) Ground-mount PV System. Remove existing modules on existing ground mount racking. Install new modules on existing ground mount racking and wire to existing PV inverter. 6.16 kw, (14) 440W modules"
BLD25-7134,Issued,"Building Permit With Plan Check",11/21/2025,11/24/2025,"5665 Ross Branch Rd Forestville [FOR]",084-180-023,$629.25,,"SFD_Roof-mount PV 12.88kW DC and ESS 30kWh AC."
BLD25-7135,"Awaiting Applicant Response","Building Permit With Plan Check",11/21/2025,,"12100 Fiori Ln Twin Hills [TWI]",080-060-045,$0.00,$0.00,"NEW PHOTOVOLTAIC GROUND MOUNT MOUNTED SYSTEM - 15.580 KW DC/14.309 KW CEC AC12100 FIOR LANE, SEBASTOPOL, CA95472& ENERGY STORAGE SYSTEM - 30 KWH"
BLD25-7136,Issued,"Building Permit With Plan Check",11/21/2025,11/25/2025,"16700 Fitzpatrick Ln Occidental [OCC]",074-170-041,$629.25,,"SFD_Roof-mount PV 9.66kW DC and ESS 15kWh AC."
BLD25-7144,"Awaiting Applicant Response","Building Permit With Plan Check",11/21/2025,,"36347 Timber Ridge Rd Sea Ranch [SEA]",155-440-024,$0.00,$0.00,"Add New 2900 SF SFD and 484 SF Detached Garage"
BLD25-7147,"Awaiting Applicant Response","Building Permit With Plan Check",11/22/2025,,"15700 Arnold Dr Glen Ellen [GLE]",133-070-053,$0.00,$0.00,"Residential - (N) 856 SF Detached ADU w/ 428 SF Covered Porch new detached ADU"
BLD25-7148,"Awaiting Applicant Response","Building Permit With Plan Check",11/22/2025,,"15700 Arnold Dr Glen Ellen [GLE]",133-070-053,$0.00,$0.00,"SFD, Addition 110 SF, convert portion of garage and remodel"
BLD25-7149,"Awaiting Applicant Response","Building Permit With Plan Check",11/22/2025,,"114 Serres Dr Glen Ellen [GLE]",056-063-005,$0.00,$0.00,"pv system+ microinverters + ESS"
BLD25-7150,"Awaiting Applicant Response","Building Permit With Plan Check",11/23/2025,,"2131 Curtis Dr Penngrove [PEN]",047-273-042,$0.00,$0.00,"SFD, Seismic Retrofit as per Plan A"
BLD25-7151,Issued,"Building Permit With Plan Check",11/23/2025,11/25/2025,"5429 Wilshire Dr Mark West Springs [MWS]",067-100-010,$629.25,,"SFD, ROOF MOUNT INSTALLATION OF 7.83 KW DC PHOTOVOLTAIC SYSTEM WITH 1, 13.5 KWH (13.5 KWH) HOME BACKUP BATTERY"
BLD25-7152,,"Plan Check",11/23/2025,,"729 E Macarthur St Sonoma [SON]",128-111-056,$564.03,$9010.23,"Residential - Decommission 157 SF Bedroom for a new ADU to clear VBU25- 0207"
BLD25-7155,Check,"Building Permit With Plan Check",11/24/2025,,"1033 Westside Rd Healdsburg [HEA]",110-350-013,$1496.67,$12770.76,"New Det'd Workshop (396 SF) with Front Deck (136 SF)"
BLD25-7156,"Awaiting Applicant Response","Building Permit With Plan Check",11/24/2025,,"15830 Riverlands Rd Forestville [FOR]",071-140-020,$0.00,$0.00,"EVT19-00318 SFD - (N) 13.5kWh ESS 2019 Winter Storms and Flooding New 13.5 kWh Energy Storage System on existing single family dwelling."
BLD25-7162,Check,"Building Permit With Plan Check",11/24/2025,,"2547 Lewis Dr Graton [GRA]",078-140-061,$1573.14,$80855.60,"SFD Interior Remodel (623 SF) & Convert Enclosed Storage to Living Space (294 SF). No increase to building footprint or envelope. No increase to building height"
BLD25-7165,"Application Accepted/In Review","Building Permit With Plan Check",11/24/2025,,"6023 Volkerts Rd Twin Hills [TWI]",025-070-025,$0.00,,"ADU - (N) 5.28 kW Roof-mount PV System w/ 13.5kWh ESS and EV charger 6023 Volkerts Rd - ADU - Install 5.28 kW PV system on roof and 13.5 kWh energy storage system (ESS). Install EV charger."
BLD25-7168,"Awaiting Applicant Response","Building Permit With Plan Check",11/24/2025,,"17644 Highland Blvd Agua Caliente [AGU]",056-334-022,$0.00,$43731.18,"SFD, Interior Remodel, Kitchen/Bath,- reconfigure new kitchen cabinets, countertops and appliances, new AC, new lighting throughout Bathroom- New shower pan, shower wall panels, shower door, vanity, toilet Replace current windows with retro fit windows in bedrooms, living room, kitchen and bathroom Install new mini split ac/heater (curently no ac. heat only) add recessed lights to bedrooms, living and kitchen"
BLD25-7171,"Awaiting Applicant Response","Building Permit With Plan Check",11/24/2025,,"1729 Airport Blvd Santa Rosa [SRO]",059-271-006,$0.00,$0.00,"Building Permit for the Frito Lay Distribution facility related to PLP25-0005"
BLD25-7174,"Awaiting Applicant Response","Building Permit With Plan Check",11/24/2025,,"835 Ernest Dr Agua Caliente [AGU]",127-074-011,$0.00,,"· Addition & remodeling to the existing one-story, single-family residence. · Build an addition to the rear of the existing building. · Remodel existing interior spaces; Relocate the kitchen to the new addition. · Remodel the Master Bathroom, relocate the second bathroom, and build a new bathroom. · Add new foundation and wall framing at new addition as required. · Replace the water heater with a new tankless water heater. · Replace the existing furnace with a new HVAC."
BLD25-7176,"Plan Check Approved","Building Permit With Plan Check",11/24/2025,,"500 Ross Ln Graton [GRA]",084-140-012,$0.00,,"Reducing (E) ground mount array from 15kW to 11kW (ground mount solar permit (BLD25-1047). No structural changes, no increase in electrical loads, and all conductors remain within original permitted ampacity"
BLD25-7177,,"Plan Check",11/25/2025,,"4863 Grange Rd Bennett Valley [BEN]",049-160-074,$706.37,$4764.11,"New Detached Shed (169 sf)"
BLD25-7178,"Pre- Due","Building Permit With Plan Check",11/25/2025,,"8987 Hwy 12 Kenwood [KEN]",051-160-035,$479.10,,"Replace (E) Ground Mount Solar inverters (2x Sol ark 12kw) and ESS (40 kwh Storz) with upgraded inverters (2x Sol ark 15 kw) and ESS (60 kwh Storz) size."
BLD25-7181,Check,"Building Permit With Plan Check",11/25/2025,,"1250 Sperring Rd Sonoma [SON]",142-024-003,$2232.33,$89976.39,"New Pool House (693 SF) w/ Outdoor Kitchen (308 SF) & Covered Patio (357 SF)"
BLD25-7182,Issued,"Building Permit With Plan Check",11/25/2025,11/26/2025,"1101 Bohemian Ln Twin Hills [TWI]",073-170-026,$479.10,,"Res, Install new 15kWh Energy Storage System and 14kW Generator on existing SFD."
BLD25-7183,Check,"Building Permit With Plan Check",11/25/2025,,"2869 Bristol Rd Kenwood [KEN]",050-110-050,$2753.63,,"2017 SONOMA COMPLEX FIRE - NEW SFD 2777 SF / GARAGE - 722 SF / COV PORCH - 112 SF (EVT17-04538) ADU ON SEPARATE PERMIT (BLD25- 7186) & DEM16-1171 2,777 SF 2-bedroom, 2.5 bath main residence and 1,187 1-bedroom, 1 bath ADU with a pool on a 2.64 acre fire re-build site."
BLD25-7184,Issued,"Building Permit With Plan Check",11/25/2025,11/26/2025,"155 Robles Sereno Ct Glen Ellen [GLE]",056-660-002,$374.76,,"New 13.5 kWh Energy Storage System on existing single family dwelling."
BLD25-7185,,"Plan Check",11/25/2025,,"1246 Sperring Rd Sonoma [SON]",142-024-003,$880.01,$5102.39,"ADU, New Cellar Addition (181 SF) - Unconditioned"
BLD25-7186,Check,"Building Permit With Plan Check",11/25/2025,,"2869 Bristol Rd Kenwood [KEN]",050-110-050,$1945.76,$98623.73,"2017 SONOMA COMPLEX FIRE - ADU 1187 SF / STORAGE - 307 SF / PORCH - 40 SF 1,187 SF 1-bedroom, 1-bath ADU"
BLD25-7188,Issued,"Building Permit With Plan Check",11/25/2025,11/26/2025,"1250 Helman Ln Cotati [COT]",046-032-009,$629.25,,"SFD, 22 Roof mount Solar panels, DC system size 9.13kW, 2 X Enphase battery,"
BLD25-7189,Check,"Building Permit With Plan Check",11/25/2025,,"4693 Wallace Rd Mark West Springs [MWS]",029-120-027,$1083.50,$36280.53,"EVT17-04271 New Detached Garage 1,287 SF, unconditioned 2-Car w/ storage rm, 2017 COMPLEX FIRE"
BLD25-7190,"Awaiting Applicant Response","Building Permit With Plan Check",11/25/2025,,"1140 Highland Ranch Rd Cloverdale [CLO]",117-110-007,$927.00,$195.00,"Installation of fence per plans. Installation of an automated gate per plans."
BLD25-7194,Issued,"Building Permit With Plan Check",11/25/2025,11/26/2025,"3175 Sullivan Rd Graton [GRA]",130-090-024,$479.10,,"INSTALL AN ENERGY STORAGE SYSTEM, COMPRISING: · (01) SOL-ARK-15K-2P-N INVERTER · (02) PYTES V-BOX-OC (23.04KW, 30.72KWH) · (01) ENERGY SYSTEM DISCONNECT MODIFY EXISTING SOLAR STRUCTURE, AS PER ENGINEER'S INSTRUCTIONS (ATTACHED)"
BLD25-7197,Issued,"Building Permit With Plan Check",11/25/2025,11/28/2025,"1630 Reiman Ln Windsor [WIN]",066-210-034,$629.25,,"SFD, NEW PHOTOVOLTAIC PITCHED ROOF MOUNTED SYSTEM - 7.380 KW DC/6.807 KW CEC AC & ENERGY STORAGE SYSTEM - 16.12 KWH"
BLD25-7199,Started,"Building Permit With Plan Check",11/25/2025,,"19404 Wyatt Rd Sonoma [SON]",142-180-059,$0.00,$0.00,"145 SQ. FT. SUNROOM ADDITION TO EXSITING 2785 SF RESIDENCE. NEW BATHROOM IN EXISTING LAUNDRY LOCATION, NEW LAUNDRY ROOM"
BLD25-7204,Issued,"Building Permit With Plan Check",11/25/2025,12/04/2025,"2001 Denmark St Sonoma [SON]",126-140-006,$704.25,,"BARN: (NEW) FLUSH MOUNTED PV SYSTEM W/ GRID TIED MICROINVERTERS, WITH (NEW) BATTERY STORAGE, (EXISTING) MAIN SERVICE PANEL"
BLD25-7205,Check,"Building Permit With Plan Check",11/25/2025,,"4188 Price Ave Bellevue [BEL]",035-082-049,$335.65,$5000.00,"Legalization of existing wood archways allowed by UPE23-0039."
BLD25-7211,"Application Accepted/In Review","Building Permit With Plan Check",11/26/2025,,"1529 Lupine Dr Santa Rosa [SRO]",034-072-009,$0.00,,"SFD, 9 kW-DC Residential Roof Mount Solar PV System Installation w/15 kWh Energy Storage for self consumption only (no backup)."
BLD25-7213,Started,"Building Permit With Plan Check",11/26/2025,,"498 Bloomfield Rd Twin Hills [TWI]",063-213-034,$0.00,$0.00,"Residential ADU and Garage Addition at 498 Bloomfield Rd, Sebastopol, CA."
BLD25-7222,Started,"Building Permit With Plan Check",11/26/2025,,"17700 Carriger Rd Sonoma [SON]",133-020-058,$0.00,$0.00,"Parcel 2 - New two-story, 6177 sq ft, single-family dwelling with 6 bedrooms, 6.5 bathrooms and 3-car garage."
BLD25-7225,Issued,"Building Permit With Plan Check",11/26/2025,12/02/2025,"998 W Sexton Rd Twin Hills [TWI]",077-040-076,$629.25,,"SFD, Roof Mount Solar Install 7.83kW DC and ESS 21.0kWh AC"
BLD25-7227,"Awaiting Applicant Response","Building Permit With Plan Check",11/26/2025,,"1701 Mark West Springs Rd Mark West Springs [MWS] NEW PHOTOVOLTAIC PITCHED ROOF MOUNTED SYSTEM - 15.990 KW",067-280-010,$0.00,$0.00,"DC/14.748 KW CEC AC & ENERGY STORAGE SYSTEM - 32.24 KWH"
BLD25-7229,Issued,"Building Permit With Plan Check",11/26/2025,12/03/2025,"1675 Mountain View Ave Petaluma [PET]",019-382-001,$629.25,,"SFD, (N) Pitched Roof Mount Solar System 2.870 kW & ESS 8.06 kWh"
BLD25-7230,"Application Accepted/In Review","Building Permit With Plan Check",11/26/2025,,"10959 Westside Rd Forestville [FOR]",085-010-013,$1213.75,,"SFD - (N) 5.52kW Ground-mount PV System w/ 15kWh ESS Ground-mount PV 5.52kW DC and ESS 15kWh AC."
BLD25-7233,"Awaiting Applicant Response","Building Permit With Plan Check",11/27/2025,,"703 Verano Ave Agua Caliente [AGU]",052-343-028,$0.00,$0.00,"SFD, Interior Remodel, add (N) Bathroom and remodel (E) Bathroom, new electrical, relocate (E) interior non-load bearing walls."
BLD25-7235,Issued,"Building Permit With Plan Check",11/28/2025,12/04/2025,"6056 Ross Branch Rd Forestville [FOR]",084-050-020,$659.25,,"Install PV 16.24 kW DC rated roof mounted solar system and 30 kWh ESS. Install IQ meter collar at Main Service Panel. Dig ~120’ trench on shop/storage building"
BLD25-7239,,"Plan Check",11/28/2025,,"12200 Brooks Rd Windsor [WIN]",086-090-019,$487.55,,"SFD Ground Mount Solar Panel Install 33.48 kW DC, (N) ESS 76.8 kWh, (72) REC Solar REC620 Pro M solar panels, (3) Sol-Ark Limitless 15K-240V inverters, (4) HomeGrid Stack'D Series 19.2 kWh batteries, (1) Combiner panel, (2) 200A Double Pull AC Disconnects"
BLD25-7241,Issued,"Building Permit With Plan Check",11/29/2025,12/03/2025,"316 Monte Vista Ln Petaluma [PET]",021-100-026,$456.25,,"SFD_NEW INSTALLATION OF 6.09 KW DC SOLAR INTO EXISTING 12.3 KW DC SOLAR SYSTEM WITH 40KWH HOME STORAGE BATTERY"
BLD25-7242,,"Plan Check",11/30/2025,,"8120 Whited Rd Twin Hills [TWI]",060-221-015,$806.92,$30921.70,"SFD Interior Remodel (373 SF) - Open Walls in Living Room/Kitchen Area & Create Laundry Room"
DEM25-0394,Finaled,"Demolition Permit",11/3/2025,11/24/2025,"3300 Thorn Rd Twin Hills [TWI]",076-160-046,$252.08,$0.00,"Demo (E) MFG Ag Worker Housing (708 SF), Covered Entry (249 SF), & Deck (240 SF) for Replacement MFG Home under BLD25-5447"
DEM25-0395,"Awaiting Applicant Response","Demolition Permit",11/4/2025,,"14020 Green Valley Rd Forestville [FOR]",085-200-015,$0.00,$0.00,"Demo of culvert in RC without permit"
DEM25-0396,Issued,"Demolition Permit",11/4/2025,11/05/2025,"2844 Adobe Rd Petaluma [PET]",017-070-004,$1024.08,$0.00,"Demo Unpermitted Metal Building #1 (800 SF) to clear VBU24-0302"
DEM25-0397,Issued,"Demolition Permit",11/5/2025,11/05/2025,"2844 Adobe Rd Petaluma [PET]",017-070-004,$1024.08,$0.00,"Demo Unpermitted Metal Building #2/Tank House (775 SF) to clear VBU24- 0303"
DEM25-0398,Issued,"Demolition Permit",11/5/2025,11/05/2025,"2844 Adobe Rd Petaluma [PET]",017-070-004,$1024.08,$0.00,"Demo Unpermitted Metal Building #3 (480 SF) to clear VBU24-0304"
DEM25-0399,Issued,"Demolition Permit",11/5/2025,11/05/2025,"2844 Adobe Rd Petaluma [PET]",017-070-004,$1024.08,$0.00,"Demo Building #4 (Tank House) 256 SF"
DEM25-0400,"Application Accepted/In Review","Demolition Permit",11/5/2025,,"6150 Eastside Rd Forestville [FOR]",083-010-043,$0.00,$0.00,"(11/5/25 Pending Septic Tank Destruct Permit) Demo Unpermitted Mobile Home to clear VBU01-0807 (has already been removed from property)"
DEM25-0401,"Awaiting Applicant Response","Demolition Permit",11/6/2025,,"11856 Redwood Rd Forestville [FOR]",081-271-038,$0.00,$0.00,"Demo unpermitted addition of a bathroom and kitchen (violations: VBU21-0755, VBU21-0756)"
DEM25-0402,Finaled,"Demolition Permit",11/7/2025,11/07/2025,"2301 Nuns Canyon Rd Glen Ellen [GLE]",053-051-039,$0.00,$0.00,"EVT17-03951 Demo SFD (1,272 SF) Lost in 2017 Sonoma Complex Fire"
DEM25-0403,"Pre- Due","Demolition Permit",11/8/2025,,"2211 Sanders Rd Twin Hills [TWI]",076-110-070,$1024.08,$0.00,"Demo permit to remove cargo container to correct violation VBU19-0327"
DEM25-0404,"Pre- Due","Demolition Permit",11/8/2025,,"2211 Sanders Rd Twin Hills [TWI]",076-110-070,$1024.08,$0.00,"Demo permit to remove electrical in 120sqft accessory structure, non-dwelling to correct VBU19-0326"
DEM25-0405,"Pre- Due","Demolition Permit",11/8/2025,,"2211 Sanders Rd Twin Hills [TWI]",076-110-070,$1024.08,$0.00,"Demo permit to remove tenant improvements to exiting barn including cultivation lighting, HVAC (air-conditioning units), and irrigation line. Existing single bulb lighting to remain. To correct VBU19-0325"
DEM25-0406,"Awaiting Applicant Response","Demolition Permit",11/10/2025,,"520 Stage Gulch Rd Lakeville [LAK]",068-020-017,$0.00,$0.00,"The property is an abandoned cannabis farm formerly operated by lessee, Toley Farms, LLC. The applicant is the trustee of the Thomas P. Altenreuther Revocable Living Trust. We are cleaning up a large mess left by the former tenant. The purpose of this permit is to demolish and remove a commercial coach and clear up violation VBU-0561"
DEM25-0407,"Application Accepted/In Review","Demolition Permit",11/11/2025,,"20601 Bohemian Ave Monte Rio [MRO]",097-110-005,$0.00,$0.00,"(Well & Septic Comments Sent 11/24/25) Demo of (E) Lodge Building in Preparation for Replacement under BLD25-3099 (Approx. 1200 SF)"
DEM25-0408,Issued,"Demolition Permit",11/12/2025,11/18/2025,"9155 Mill Station Rd Twin Hills [TWI]",061-142-006,$252.08,$0.00,"Demo Shed 500 SF, remains from fire"
DEM25-0409,"Application Accepted/In Review","Demolition Permit",11/12/2025,,"79 Plymouth St Camp Meeker [CAM]",075-155-003,$0.00,$0.00,"Demo carport and unpermitted roof-mount solar panel cluster to clear violation # VBU25-0405"
DEM25-0410,Finaled,"Demolition Permit",11/13/2025,11/13/2025,"173 Meadowcroft Way Mark West Springs [MWS]",029-070-048,$0.00,$0.00,"EVT17-04229 Demolish primary residence with garage 2017 Sonoma Complex Fire"
DEM25-0411,"Pre- Due","Demolition Permit",11/13/2025,,"20601 Bohemian Ave Monte Rio [MRO]",097-110-005,$252.08,$0.00,"Demo (E) kitchen to prepare for BLD25-3100"
DEM25-0412,"Pre- Due","Demolition Permit",11/14/2025,,"9155 Mill Station Rd Twin Hills [TWI]",061-142-006,$252.08,$0.00,"Demo Detached Garage 700 SF, remains from fire"
DEM25-0413,Issued,"Demolition Permit",11/14/2025,11/18/2025,"4300 Carmelita Ct Bennett Valley [BEN]",049-400-021,$252.08,$0.00,"Demo Pool, removal and off-haul of existing pool"
DEM25-0414,Issued,"Demolition Permit",11/15/2025,11/17/2025,"4233 Browns Ln Petaluma [PET]",068-010-016,$252.08,$0.00,"DEMO OLD WOODEN SHEEP SHED 16x16 We would like a demolition permit to take down an old wooden shed built for housing sheep. It is 16 ft x 16 ft (256 sq ft) with a dirt floor and no plumbing or electrical connection. We believe this unpermitted agricultural structure was built by the previous owner of the property roughly 30-40 years ago."
DEM25-0416,"Awaiting Applicant Response","Demolition Permit",11/19/2025,,"16315 4th St Guerneville [GUE]",070-030-026,$0.00,$0.00,"Tear. Down un permitted structure"
DEM25-0417,Issued,"Demolition Permit",11/20/2025,11/21/2025,"5566 Hwy 116 N Forestville [FOR]",084-170-001,$252.08,$0.00,"Comm, Demo Bunk House 834 SF for Red Car Winery at 5566 Hwy 116 Forestville. fully removed to grade. See plans for additional details Red Car Winery purchased the Kozlowski farms property and will convert to a functioning winery under permit BLD25-3072. The conversion requires modification of the existing facility buildings including structures in significant disrepair which need to be removed to allow for the proposed improvements."
ENC25-0386,Paid,Encroachment,11/3/2025,,"5321 Old Redwood Hwy Windsor [WIN]",039-025-029,$289.72,$0.00,"[PC Invoiced] Destruction of Monitoring wells - all well removal activities will be done on private property or in the parking lane on the side of the road. Stratus does not expect any work activities to interfere with traffic on the roadways."
ENC25-0387,Paid,Encroachment,11/4/2025,,"19389 Hidden Valley Rd Guerneville [GUE]",072-060-059,$289.72,$0.00,"[PC Invoiced] PM 35658888 - PG&E to install pole and OH services, remove tree attachments"
ENC25-0388,Paid,Encroachment,11/4/2025,,"1250 River Rd Santa Rosa [SRO]",059-130-023,$289.72,$0.00,"[PC Invoiced] Drilling and sampling of 2 geotechnical borings for a California American Water project near parcels APN 059-130-023 and 059-140-001. The borings will be drilled through the asphalt and sampled to a depth of 25 feet below the ground surface. Upon completion, the borings will be backfilled with neat cement grout and patched at the surface with black-dyed rapid set concrete."
ENC25-0390,Paid,Encroachment,11/6/2025,,"4444 Sunland Ave Bellevue [BEL]",134-243-036,$289.72,$0.00,"PG&E to cut and kick existing joint pole. Install new pole, OH Tx and OH services. Temporary Road closure is need to complete work. PM 35660525."
ENC25-0391,Paid,Encroachment,11/7/2025,,"21000 Fort Ross Rd Fort Ross [FTR]",107-320-005,$289.72,$0.00,"[PC Invoiced] FRONTIER FTTH 5386211: Frontier to overlash aerial cable to existing strand and place cable in to existing conduit along various locations. Please see TCP for details.No excavation required."
ENC25-0392,Paid,Encroachment,11/10/2025,,"3321 Mueller Rd Graton [GRA]",130-180-017,$289.72,$0.00,"[PC Invoiced] Proposed work entails: 10' open cut and 1 bore pit to place fiber optic cable underground."
ENC25-0394,Paid,Encroachment,11/11/2025,,"320 Greene St Kenwood [KEN]",050-162-012,$289.72,$0.00,"[PC Invoiced] Excavate in PRW to install new water service. Backfill and Pave per Sonoma County standard 219B."
ENC25-0395,Paid,Encroachment,11/12/2025,,"10473 Willig Dr Jenner [JEN]",099-113-004,$289.72,$0.00,"[PC Invoiced] FRONTIER FTTH 5386213: Frontier to overlash aerial cable to existing strand and place cable in to existing conduit along various locations. Place conduit and 17""X30"" HH along Willig Dr. Please see TCP for details."
ENC25-0396,Paid,Encroachment,11/13/2025,,"160 Dorchester Ct N Windsor [WIN]",058-241-013,$289.72,$0.00,"[PC Invoiced] Fire Rebuild- Install driveway apron"
ENC25-0397,Paid,Encroachment,11/13/2025,,"9825 Old Redwood Hwy Penngrove [PEN]",047-022-013,$289.72,$0.00,"[PC Invoiced] FOR SHOULDER CLOSURE TO ACCESS SAI #1 AND POLE #1 ON MINNESOTA AVE. AT&T JOB A05BT3G"
ENC25-0399,"Plan Check Encroachment",,11/14/2025,,"9450 Spring Hill School Rd Twin Hills [TWI]",077-110-068,$289.72,$0.00,"[Paid 11/17/2025] Upgrading the existing gravel driveway entrance. Associated BLD25-3861"
ENC25-0400,Paid,Encroachment,11/14/2025,,"683 Gossage Ave Petaluma [PET]",048-170-012,$289.72,$0.00,"[PC Invoiced] Trench and install electrical conduit, gas and communication"
ENC25-0401,Paid,Encroachment,11/17/2025,,"181 Airport Blvd E Windsor [WIN]",039-025-067,$289.72,$0.00,"[PC Invoiced] PLACE NEW AT&T 864 PFP (40.5""H X 42.8""W X 19.9""D) CABINET ON NEW CONCRETE PAD (55""W X 25.6""D). TRENCH AND PLACE ±2' OF 1-4"" CPC FROM (E)MH #3058(LID 1) TO NEW PFP CABINET. REMOVE AND RESTORE (30 SQ FT) OF CONCRETE SIDEWALK SURFACE. #A054JH9"
ENC25-0402,Paid,Encroachment,11/17/2025,,"203 Hatchery Rd Penngrove [PEN]",047-152-018,$289.72,$0.00,"[PC Invoiced] PG&E to pinpoint and excavate to repair gas leak. Permit to include all necessary restoration. Temporary road closure and detour route needed to complete work. PM 47281944"
ENC25-0403,Paid,Encroachment,11/17/2025,,"7219 Lynch Rd Twin Hills [TWI]",060-150-013,$289.72,$0.00,"[PC Invoiced] Pave existing driveway"
ENC25-0404,Paid,Encroachment,11/18/2025,,"1745 Aviation Blvd Santa Rosa [SRO]",059-430-007,$289.72,$0.00,"[PC Invoiced] Removal of one existing driveway off Aviation Blvd. on the projects southeast frontage. Installation of two new driveway along Aviation Blvd ."
ENC25-0405,Paid,Encroachment,11/21/2025,,"18789 King Ridge Dr Guerneville [GUE]",106-260-037,$289.72,$0.00,"[PC Invoiced] FRONTIER FTTH 5386214: Frontier to overlash aerial cable on to New/existing strand along various locations. Please see TCP for details.No excavation required."
ENC25-0406,Paid,Encroachment,11/21/2025,,"4540 Primrose Ave Bellevue [BEL]",134-265-004,$289.72,$0.00,"[PC Invoiced] PG&E to replace joint pole, install OH Tx and OH services to meter location. Temporary road closure and detour plan required to complete work. PM 35671017"
ENC25-0407,Paid,Encroachment,11/21/2025,,"3381 McMaude Pl Bellevue [BEL]",134-102-063,$289.72,$0.00,"[PC Invoiced] OVERLASH NEW CABLE ON PRIVATE PROPERTY - TEMPORARY TCP TO SPLICE CABLE AT MULTIPLE LOCATIONS"
ENC25-0408,Paid,Encroachment,11/24/2025,,"840 Horn Ave Glen Ellen [GLE]",054-270-015,$289.72,$0.00,"{Pc Invoiced] Encroachment Permit for SEW25-0120"
ENC25-0409,Paid,Encroachment,11/24/2025,,"10140 Canyon Rd Forestville [FOR]",082-202-043,$289.72,$0.00,"[PC Invoiced] Provide a new storm drain for a proposed storm drain shift"
ENC25-0410,Paid,Encroachment,11/25/2025,,"360 Ursuline Rd Windsor [WIN]",,$289.72,$0.00,"[PC Invoiced] Boulder placement inside right of way, 7' from road asphalt edge. 058-060-035"
ENC25-0411,Paid,Encroachment,11/25/2025,,"3511 Phillips Ave Bellevue [BEL]",134-081-015,$289.72,$0.00,"[PC Invoiced] New 15-foot-wide driveway to the parcel from Phillips Avenue"
ENC25-0412,Paid,Encroachment,11/26/2025,,"100 Sparks Rd",063011027,$289.72,$0.00,"[PC Invoiced] Asphalt paving driveway entrance and replace 40' of drainage pipe running along entrance to driveway at street"
ENC25-0413,Started,Encroachment,11/26/2025,,"10221 Old Redwood Hwy Windsor [WIN]",086-220-009,$0.00,$0.00,"**Will Void**. This project proposes to place traffic control signage within COUNTY OF SONOMA jurisdiction for the work being performed in TOWN OF WINDSOR jurisdiction."
ENC25-0414,Paid,Encroachment,11/26/2025,,"25971 Freezeout Rd Monte Rio [MRO]",096-110-029,$289.72,$0.00,"[PC Invoiced] Proposal for Temporary Gravel Driveway During Construction Proposed Under GRD25-0009"
GRD22-,,,,,,,,,
0232.R01,Check,"Grading Permit",11/4/2025,,"7400 Shiloh Ridge Rd Windsor [WIN]",079-260-012,$0.00,$0.00,"Grading and drainage for building pads for gym (BLD22-7710), garages (BLD22-7753), SFD (BLD22-7347), pickle ball court & pool, storm water mitigation, retaining walls (BLD23-4022), auto courts & associated site improvements. Revision adds tanks & pad, walking paths, moves pickle ball court & fire pit, modifies drainage, & adds landscape retaining walls. (Non DPR)"
GRD24-,,,,,,,,,
0044.R01,"Plan Check Comments Sent","Grading Permit",11/3/2025,,"1985 Westside Rd A Healdsburg [HEA]",110-150-021,$0.00,$0.00,
"GRD25-0189 Ready for Plan",Check,"Grading Permit",11/3/2025,,"3915 Llano Rd Bellevue [BEL]",063-180-045,$3452.30,$0.00,"Site improvements including grading, driveway, patio, and utilities in support of proposed ADU under bedroom swap per WSR25-0065"
GRD25-0192,,,11/12/2025,,"5566 Hwy 116 N Forestville [FOR]",084-170-001,$3084.80,$0.00,"Grading & drainage improvements associated with the construction of a process wastewater pond to serve the wine making on site."
"GRD25-0193 Ready for Plan",Check,"Grading Permit",11/13/2025,,"2060 Woodhawk Ln Cloverdale [CLO]",117-270-017,$3244.85,$0.00,"*** Emergency Repair Permit** Grading and Drainage Improvements for an emergency repair of an existing slide area within an active vineyard"
"GRD25-0194 Ready for Plan",Check,"Grading Permit",11/14/2025,,"22108 Koftinow Dr Timber Cove [TIM]",109-410-020,$3452.30,$0.00,"The purpose of this grading plan is for the construction of driveway for a new residence. Drainage improvements have been designed to route existing drainage around and over the driveway and maintain existing drainage patterns."
"GRD25-0195 Ready for Plan",Check,"Grading Permit",11/17/2025,,"5688 Lakeville Hwy Lakeville [LAK]",068-060-050,$0.00,$0.00,"** EP250036 To Complete GRD16-0179, Commercial Grading & Drainage for Future Restaurant Remodel and Parking Area. *Needs Full Plan Check since over 2 Code Cycles*"
GRD25-0196,,,11/20/2025,,"3217 Lovall Valley Rd Sonoma [SON]",127-062-015,$3452.30,$0.00,"(EVT17-05139) Grading and Drainage Improvements for construction of new structure and associated site improvements to replace a previously existing residence that was lost in the 2017 fires"
"GRD25-0197 Ready for Plan",Check,"Grading Permit",11/21/2025,,"Sonoma [SON]",133-020-059,$3452.30,$0.00,"Grading and drainage associated with proposed residential development consisting of a new SFD, ADU, and other residential accessory structures"
"GRD25-0198 Ready for Plan",Check,"Grading Permit",11/21/2025,,"17700 Carriger Rd Sonoma [SON]",133-020-058,$3452.30,$0.00,"Grading and drainage associated with proposed residential development consisting of a new SFD, ADU, and other residential accessory structures"
GRD25-0199,,,11/28/2025,,"11835 Hwy 116 N Forestville [FOR]",085-140-001,$3093.50,$0.00,"Legalize Placement of Rock Rip Rap for Essential Bridge Abutment Protection to clear VPL25-0389"
SEP25-0354,"Plan Check Comments Sent","Septic Permit",11/3/2025,,"Sonoma [SON]",133-020-059,$1430.44,$0.00,"Drip system to serve 8 bedrooms at 960 GPD. To renew SEP21-0519."
SEP25-0355,Check,"Septic Permit",11/3/2025,,"21786 Moscow Rd Monte Rio [MRO]",095-066-005,$631.09,$0.00,"Septic tank installation permit and review septic reserve area"
SEP25-0356,"Application Accepted/In Review","Septic Permit",11/4/2025,,"1195 San Antonio Rd Petaluma [PET]",019-250-007,$1226.21,$0.00,"Legalize New Standard Septic System 3-bedroom (1195 San Antonio Rd)"
SEP25-0357,"Plan Check Comments Sent","Septic Permit",11/4/2025,,"4747 Sullivan Way Santa Rosa [SR]",031-180-021,$141.82,$0.00,"septic tank destruct connect to sewer"
SEP25-0358,Check,"Septic Permit",11/4/2025,,"1670 Ridge Rd Sonoma [SON]",127-361-005,$1265.21,$0.00,"Standard septic system repair permit with drip irrigation reserve (1670 Ridge Rd)"
SEP25-0359,"Application Accepted/In Review","Septic Permit",11/4/2025,,"1185 Hart Ln Santa Rosa [SRO]",059-130-011,$1430.44,$0.00,"New Non Standard At Grade Drip Septic System for proposed 5 bedrooms"
SEP25-0360,Finaled,"Septic Permit",11/5/2025,11/13/2025,"825 Rose Ave Penngrove [PEN]",047-021-047,$1293.09,$0.00,"Emergency Septic Tank Installation Permit"
SEP25-0361,"Plan Check Comments Sent","Septic Permit",11/6/2025,,"1633 Willowside Rd Santa Rosa [SRO]",057-012-054,$631.09,$0.00,"1633 WILLOWSIDE ROAD (TANK ONLY)"
SEP25-0362,Check,"Septic Permit",11/6/2025,,"3690 Wallace Rd Rincon Valley [RIN]",029-180-015,$810.60,$0.00,"EVT17-04353 7-bedroom non- standard drip irrigation system design for a parcel undergoing a minor subdivision (ref. MNS25-0012) 2017 Sonoma Complex Fire (3690 Wallace Rd)"
SEP25-0363,Check,"Septic Permit",11/10/2025,,"351 Paula Ln Petaluma [PET]",019-080-019,$1430.44,$0.00,"5 bedrooms, Drip Dispersal System installed at grade with fill new drip system to serve 5 bedrooms at 600 GPD"
SEP25-0364,"Plan Check Comments Sent","Septic Permit",11/14/2025,,"160 Dorchester Ct N Windsor [WIN]",058-241-013,$140.00,$0.00,"EVT17-04790 Septic Tank Destruct, Connect to Sewer - 2017 Sonoma Complex Fire"
SEP25-0365,Check,"Septic Permit",11/17/2025,,"3762 Lovall Valley Rd Sonoma [SON]",127-061-017,$1391.44,$0.00,"5-bedroom drip irrigation system design (3762 Lovall Valley Rd)"
SEP25-0366,Pre-Issue,"Septic Permit",11/17/2025,,"3948 Lovall Valley Rd Sonoma [SON]",127-061-019,$3151.44,$0.00,"8-bedroom drip irrigation septic system design (Lovall Valley Rd)"
SEP25-0367,"Plan Check Comments Sent","Septic Permit",11/17/2025,,"3850 Lovall Valley Rd Sonoma [SON]",127-061-061,$1391.44,$0.00,"5-bedroom drip irrigation system design (Lovall Valley Rd)"
SEP25-0368,Check,"Septic Permit",11/17/2025,,"3850 Lovall Valley Rd Sonoma [SON]",127-061-061,$1391.44,$0.00,"NEW NONSTANDARD 8 BEDROOM DRIP SYSTEM 8-bedroom drip irrigation septic system design (3850 Lovall Valley Rd)"
SEP25-0369,Check,"Septic Permit",11/17/2025,,"960 Maacama Ln Geyserville [GEY]",132-070-024,$1391.44,$0.00,"NEW NONSTANDARD 7-BEDROOM DRIP IRRIGATION FOR 4 BEDROOM RESIDENCE AND 3 BEDROOM FARM FAMILY DWELLING 7-bedroom drip irrigation system design (960 Maacama Ln)"
SEP25-0370,"Plan Check Comments Sent","Septic Permit",11/18/2025,,"2175 London Ranch Rd Glen Ellen [GLE]",054-040-068,$947.97,$0.00,"Septic System Repair – Remove (E) Plastic Septic Tank, Install (N) 1250 Gal Roth Fraco MOD DRMT Septic Tank (IAPMO Approved), Repair (E) Leach Lines within same trench dimensions. Replace (E) Soil, Leach Line, & Gravel, Dispose of waste materials in approved landfill"
SEP25-0371,Check,"Septic Permit",11/18/2025,,"777 Fair Ave Petaluma [PET]",048-031-025,$1391.44,$0.00,"New 2-Bedroom At-Grade System w/ 200% Expansion Area for (N) 2-BR ADU & (E) 3-BR SFD. Initially for VESTING"
SEP25-0372,"Application Accepted/In Review","Septic Permit",11/19/2025,,"8929 Water Rd Cotati [CO]",144-370-002,$0.00,$0.00,"Demolish existing septic tank in preparation to connect to City of Cotati sewer."
SEP25-0373,Check,"Septic Permit",11/20/2025,,"2011 Chapman Ln Petaluma [PET]",021-030-065,$1265.21,$0.00,"New Standard Septic System 6 BDRM (2011 CHAPMAN LANE)"
SEP25-0374,"Application Accepted/In Review","Septic Permit",11/24/2025,,"756 Bailhache Ave Healdsburg [HEA]",088-110-027,$1265.21,$0.00,"Standard Pressure Distribution System for Potential 8 bedrooms"
SEP25-0376,"Application Accepted/In Review","Septic Permit",11/26/2025,,"22296 Moscow Rd Monte Rio [MRO]",096-200-004,$631.09,$0.00,"THIS PLAN IS FOR A CESSPOOL REPLACEMENT IN ACCORDANCE WITH SECTION 20.3 OF THE OWTS MANUAL. THIS SYSTEM IS INTENDED TO SERVE EXISTING RESIDENTIAL USES ON-SITE"
"SEW25-0141 Ready for Plan",Check,"Sewer Construction",11/7/2025,,"5135 Vista Grande Dr Windsor [WIN]",039-110-005,$290.73,$0.00,"EVT17-04421 Construct upper lateral for replacement SFD - sewer service fees due on separate Fee-Only SEW"
"SEW25-0142 Ready for Plan",Check,"Sewer Construction",11/13/2025,,"42189 Leeward Rd Sea Ranch [SEA]",156-570-034,$290.73,$0.00,"Connect sewer for a new SFD to the existing Sea Ranch sewer property line lateral stub out."
"SEW25-0143 Ready for Plan",Check,"Sewer Construction",11/17/2025,,"369 5th St W Sonoma [SO]",127-204-018,$1312.85,$0.00,"Connect sewer for sweetwater spectrum M8 office"
"SEW25-0144 Ready for Plan",Check,"Sewer Construction",11/20/2025,,"308 Stirrup Ct Windsor [WIN]",039-300-008,$290.73,$0.00,"Replace 3"" sewer lateral to street for 3 bath house wastewater repipe with ABS (appx. 250 ft.)."
SEW25-0145,"Awaiting Applicant Response","Sewer Construction",11/20/2025,,"160 Dorchester Ct N Windsor [WIN]",058-241-013,$0.00,$0.00,"Install new 4-inch sewer lateral from new single-family residence to existing County sewer main located in Dorchester Court. Work includes trenching, bedding, pipe installation, cleanouts per County standard, and connection to the public sewer main. Existing septic tank to be abandoned under separate permit."
"SEW25-0147 Ready for Plan",Check,"Sewer Construction",11/24/2025,,"637 5th St E Sonoma [SO]",018-321-024,$290.73,$0.00,"Replace lower sewer lateral from the edge of the property on the driveway to the city main connection located in the street."
SEW25-0148,Started,"Sewer Construction",11/26/2025,,"2234 Francisco Ave Santa Rosa [SR]",034-022-005,$0.00,$0.00,"Demolition of septic tank in advance of city sewer hook up"
SEW25-0137,Finaled,"Sewer Fee Only",11/4/2025,,"43 Wild Iris Sea Ranch [SEA]",156-620-004,$1349.87,$0.00,"1.00 ESD service fees only for new SFD"
SEW25-0139,Finaled,"Sewer Fee Only",11/6/2025,,"20540 David St Sonoma [SON]",128-311-013,$7627.34,$0.00,"Add 0.40 ESD for 495sf ADU. New parcel assessment 1.40 ESD."
SEW25-0146,Paid,"Sewer Land Use Authority",11/21/2025,,"Sonoma [SON]",128-162-020,$7213.57,$0.00,"Annexation to SVCSD for Minatta"
BLD25-6703,Issued,Solar-SolarAPP,11/1/2025,11/01/2025,"1478 Olivet Rd B Santa Rosa [SRO]",057-130-080,$454.00,$0.00,"Install 8.4kw dc roof mount solar system with pre-engineered mounting system for ADU unit."
BLD25-6716,Issued,Solar-SolarAPP,11/3/2025,11/03/2025,"100 Goodwin Ln Penngrove [PEN]",047-041-057,$524.91,$0.00,"Install (25) roof mount solar panels at 10.25 kW and 1 battery"
BLD25-6717,Issued,Solar-SolarAPP,11/3/2025,11/03/2025,"554 Shady Acres Ln Kenwood [KEN]",051-020-016,$644.91,$0.00,"Dan Tran Solar Application"
BLD25-6718,Issued,Solar-SolarAPP,11/3/2025,11/03/2025,"4054 Woolsey Rd Santa Rosa [SRO]",057-040-028,$524.91,$0.00,"11.75kW (29) Panel Roof mount PV System w/ (2) ESS w/ PCS"
BLD25-6722,Issued,Solar-SolarAPP,11/3/2025,11/03/2025,"8401 Brand Ln Penngrove [PEN]",047-201-004,$524.91,$0.00,"2.84kW (7) Panel Roof mount PV System w/ ESS"
BLD25-6724,Issued,Solar-SolarAPP,11/3/2025,11/03/2025,"4321 Daywalt Rd Sebastopol [SEB]",062-070-024,$524.91,$0.00,"2.87kW (7) Panel Roof mount PV System w/ ESS w/ PCS"
BLD25-6756,Issued,Solar-SolarAPP,11/4/2025,11/04/2025,"4589 Todd Rd Sebastopol [SEB]",063-180-019,$539.91,$0.00,"PV System of 15.34KW-DC (35) modules de 440W, 1 Tesla Inverter/Battery and 1 Expansion Unit"
BLD25-6757,Issued,Solar-SolarAPP,11/4/2025,11/04/2025,"21012 Pelican Loop Bodega Bay [BBY]",100-450-033,$524.91,$0.00,"SYSTEM SIZE: 4.150 KW DC 2.900 KW AC MODULE TYPE & AMOUNT: (10) Q.PEAK DUO BLK ML-G10+ 415W MODULES MODULE DIMENSIONS: (L/W/H) 74.0""/41.1""/1.26"" MICRO-INVERTER: (10) ENPHASE IQ8PLUS-72-2-US [240V] MICROINVERTERS"
BLD25-6758,Issued,Solar-SolarAPP,11/4/2025,11/04/2025,"14902 Melody Ave Forestville [FOR]",071-050-032,$524.91,$0.00,"8.51kW (21) Panel Roof mount PV System w/ ESS w/ PCS."
BLD25-6762,Issued,Solar-SolarAPP,11/4/2025,11/04/2025,"18050 7th St E Sonoma [SON]",127-540-028,$524.91,$0.00,"Rooftop Mounted Solar Energy System PV+ST 17 REC460AA Pure-RX solar modules 2 1707000-XX-Y {240V, 11.5kW} inverters 2 1707000-XX-Y {11.5kW} ESS System Size: 7.82 kW DC (23 kW AC)"
BLD25-6785,Issued,Solar-SolarAPP,11/5/2025,11/05/2025,"5381 Volkerts Rd Twin Hills [TWI]",062-113-007,$524.91,$0.00,"ROOF MOUNTED PHOTOVOLTAIC SYSTEM SIZE: 6.16 kW-DC/ 11.50 kW- AC WITH INSTALLING ENERGY STORAGE SYSTEM SIZE: 13.50 kWh. 14 - SILFAB SIL-440 QD SOLAR MODULE, 1 - TESLA POWERWALL 3 (INVERTER+ESS), 1 - 200A TESLA BACKUP SWITCH AND 1 - ESS DISCONNECT SWITCH"
BLD25-6825,Issued,Solar-SolarAPP,11/6/2025,11/06/2025,"22165 Umland Cir Timber Cove [TIM]",109-420-017,$524.91,$0.00,"ROOFMOUNTED SOLAR SYSTEM SIZE: 7.92 kW-DC/11.50 kW-AC WITH INSTALLING ESS SYSTEM SIZE: 13.50 kWh 18- JA SOLAR JAM54D41-440/MB SOLAR MODULES, 1- TESLA POWERWALL 3 (INVERTER+ESS), 1- 200A TESLA BACKUP SWITCH, 1- ESS DISCONNECT SWITCH"
BLD25-6836,Issued,Solar-SolarAPP,11/7/2025,11/07/2025,"701 Amherst Cir Agua Caliente [AGU]",052-830-035,$524.91,$0.00,"10.94kW (27) Panel Roof mount PV System w/ ESS."
BLD25-6837,Issued,Solar-SolarAPP,11/7/2025,11/07/2025,"3444 Warm Springs Rd Glen Ellen [GLE]",053-160-022,$524.91,$0.00,"Install (29) roof mount solar panels at 11.89 kW and 2 batteries."
BLD25-6852,Issued,Solar-SolarAPP,11/7/2025,11/07/2025,"6676 Lower Ridge Rd Mark West Springs [MWS]",028-360-013,$454.00,$0.00,"34 REC460AA Pure-RX solar modules 34 IQ8X-80-M-US {240V} microinverters System Size: 15.64 kW DC (12.92 kW AC)"
BLD25-6853,Issued,Solar-SolarAPP,11/7/2025,11/07/2025,"664 Craig Ave Agua Caliente [AGU]",052-740-034,$524.91,$0.00,"Rooftop Mounted Solar Energy System PV+ST 15 DNA-120-MF10-460W solar modules 1 1707000-XX-Y {10kW} inverter 1 1707000-XX-Y {7.6kW} ESS New Busbar count - 1 System Size: 6.9 kW DC (10 kW AC)"
BLD25-6867,Issued,Solar-SolarAPP,11/8/2025,11/08/2025,"1403 Schaeffer Rd Twin Hills [TWI]",063-280-041,$524.91,$0.00,"Installation of Rooftop 13.8 kW Solar System with 30 kWh ESS. Scope of work includes (30) REC Solar REC460AA RX panels, (30) Enphase IQ8X microinverters, (2) Franklin aPower 15 kWh batteries and (1) Franklin aGate ATS"
BLD25-6878,Issued,Solar-SolarAPP,11/10/2025,11/10/2025,"2855 Old Gravenstein Hwy Sebastopol [SEB]",063-130-021,$629.91,$0.00,"2855 Old Gravenstein Hwy - Install 21.56 kW PV system (24 panels on main residence and 25 panels on secondary residence). Install 54 kWh energy storage system, including 2 Powerwall 3s and expansion units on a new concrete pad; 50 ft trench."
BLD25-6884,Issued,Solar-SolarAPP,11/10/2025,11/10/2025,"690 King Rd Petaluma [PET]",113-120-053,$524.91,$0.00,"Rooftop Mounted Solar Energy System PV+ST 11 Q.TRON BLK M-G2+ 430 solar modules 1 Q.TRON BLK M-G2.H1+/AC 430 {240V} inverter 1 1707000-XX-Y {11.5kW} ESS New Busbar count - 2 System Size: 4.73 kW DC (3.84 kW AC)"
BLD25-6902,Issued,Solar-SolarAPP,11/11/2025,11/11/2025,"575 W Dry Creek Rd Healdsburg [HEA]",089-150-015,$524.91,$0.00,"5kw roof mount solar with energy storage system"
BLD25-6913,Issued,Solar-SolarAPP,11/11/2025,11/11/2025,"3950 I St Petaluma [PET]",019-260-009,$454.00,$0.00,"13kw roof mount solar array(existing solar and ess)"
BLD25-6953,Issued,Solar-SolarAPP,11/13/2025,11/13/2025,"110 Theresa Dr Cloverdale [CLO]",117-020-022,$524.91,$0.00,"PV Roof Mount 15 modules, 11.5kW, Existing 100A/200BUSS; Tesla Powerwall 3"
BLD25-6969,Issued,Solar-SolarAPP,11/13/2025,11/13/2025,"10 Chelsea Dr Windsor [WIN]",058-253-001,$524.91,$0.00,"4.510 KW DC ROOF MOUNT SOLAR PV SYSTEM WITH 11 HANWHA QCELLS: Q.PEAK_DUO_BLK_ML-G10+ 410W PV MODULES WITH 04 TESLA: MCI-2 RAPID SHUTDOWN DEVICE WITH 01 TESLA POWERWALL 3 [(1707000-21-M) (5.8KW) (240V)] INTEGRATED SOLAR & BATTERY 13.5kWH [SI1-SB] 01 TESLA POWERWALL 3 [(1807000-21-M) (EXPANSION)] BATTERY 13.5kWH [SI1-SB] DERATE MAIN BREAKER FROM 200A MAIN BREAKER TO 175A MAIN BREAKER"
BLD25-7004,Issued,Solar-SolarAPP,11/16/2025,11/16/2025,"8183 Appian Way Forestville [FOR]",084-100-049,$524.91,$0.00,"Roof Mount PV System with Storage"
BLD25-7043,Issued,Solar-SolarAPP,11/18/2025,11/18/2025,"340 Fairway Dr Rincon Valley [RIN]",031-220-008,$524.91,$0.00,"13.77kW (34) Panel Roof mount PV System w/ (2) ESS w/ PCS."
BLD25-7044,Issued,Solar-SolarAPP,11/18/2025,11/18/2025,"1636 Moraga Dr Santa Rosa [SRO]",044-162-006,$524.91,$0.00,"PV Roof Mount 13 modules, 11.5kW, New Main 125A/225BUSS; Tesla Powerwall 3"
BLD25-7075,Issued,Solar-SolarAPP,11/19/2025,11/19/2025,"17365 Buena Vista Ave Agua Caliente [AGU]",056-262-027,$524.91,$0.00,"Installing Roof Mounted Solar & ESS"
BLD25-7091,Issued,Solar-SolarAPP,11/20/2025,11/20/2025,"1798 Wood Rd Santa Rosa [SRO]",034-050-043,$524.91,$0.00,"3.52kw PV system with 16kwh battery backup. (8) 440w modules, (1) 12kw inverter with power control systems backing up existing subpanel in home"
BLD25-7095,Issued,Solar-SolarAPP,11/20/2025,11/20/2025,"631 Vista Grande Pl Windsor [WIN]",039-100-008,$524.91,$0.00,"12.32kw PV system mounted on rooftop with 27kwh battery storage system. (12) 440W modules"
BLD25-7179,Issued,Solar-SolarAPP,11/25/2025,11/25/2025,"3163 Juniper Ave Bellevue [BEL]",134-074-005,$524.91,$0.00,"11.440 KW DC PV, 15.0 KWH ESS, (26) Solar Modules, (26) Micro Inverters, (3) ESS Batteries, (1) System Controller, (1) Combiner, (2) AC Disconnect, (1) Heat Alarm, (1) Meter Collar, (1) ESS Disconnect Switch"
BLD25-7210,Issued,Solar-SolarAPP,11/26/2025,11/26/2025,"5537 Windsor Rd Windsor [WIN]",066-260-037,$524.91,$0.00,"Rooftop Mounted Solar Energy System PV+ST 19 JAM54S31-405/MR solar modules 1 1707000-XX-Y {10kW} inverter 1 1707000-XX-Y {10kW} ESS System Size: 7.7 kW DC (10 kW AC)"
BLD25-7215,Issued,Solar-SolarAPP,11/26/2025,11/26/2025,"414 Thompson Ln Petaluma [PET]",021-152-032,$524.91,$0.00,"NEW PHOTOVOLTAIC PITCHED ROOF MOUNTED SYSTEM - 7.790 KW DC/7.184 KW CEC AC & ENERGY STORAGE SYSTEM - 16.12 KWH"
BLD25-7220,Issued,Solar-SolarAPP,11/26/2025,11/26/2025,"4728 Snyder Ln Penngrove [PEN]",045-222-019,$524.91,$0.00,"NEW PHOTOVOLTAIC PITCHED ROOF MOUNTED SYSTEM - 12.300 KW DC/11.343 KW CEC AC & ENERGY STORAGE SYSTEM - 16.12 KWH"
BLD25-7224,Issued,Solar-SolarAPP,11/26/2025,11/26/2025,"6346 Bennett Valley Rd Bennett Valley [BEN]",049-010-069,$524.91,$0.00,"NEW PHOTOVOLTAIC PITCHED ROOF MOUNTED SYSTEM - 4.920 KW DC/4.538 KW CEC AC & ENERGY STORAGE SYSTEM - 8.06 KW"
WEL25-0415,"Resubmittal Received","Well Permit",11/4/2025,,"326 Mark West Station Rd Windsor [WIN]",059-284-002,$2483.69,$0.00,"Geo exchange, Geothermal Heating & Cooling"
WEL25-0416,,,11/4/2025,,"101 Wilson St Petaluma [PE]",007-081-014,$628.48,$0.00,"5 geotechnical borings - residential"
WEL25-0417,"Resubmittal Requested","Well Permit",11/5/2025,,"3571 Adobe Rd Petaluma [PET]",017-130-008,$623.81,$0.00,"Drill 200' Deep Well Anode- cathodic protection well"
WEL25-0418,"Resubmittal Requested","Well Permit",11/5/2025,,"23105 Millerick Rd Sonoma [SON]",128-445-006,$790.17,$0.00,"Out Of Water Replacement Residential Well"
WEL25-0419,Issued,"Well Permit",11/6/2025,12/03/2025,"21101 Burndale Rd Sonoma [SON]",126-062-007,$1766.17,$0.00,"Drill and construct a new Class 1 water supply well to supplement the existing well"
WEL25-0420,"Waiting for Other Approvals","Well Permit",11/7/2025,,"6195 Lakeville Hwy Lakeville [LAK]",068-060-003,$523.99,$0.00,"Drill and construct a new Dual-nested groundwater monitoring well on Old Lakeville Rd No 2 in the county right-of-way"
WEL25-0421,Issued,"Well Permit",11/7/2025,12/02/2025,"4765 Burnside Rd Twin Hills [TWI]",073-050-010,$1727.17,$0.00,"Drill and construct a new water supply well to supplement the existing well"
WEL25-0423,Finaled,"Well Permit",11/10/2025,11/26/2025,"321 S Cloverdale Blvd Cloverdale [CL]",001-440-052,$1188.25,$0.00,"(8) CPT Borings"
WEL25-0424,Issued,"Well Permit",11/12/2025,11/19/2025,"5300 Denver Ln Twin Hills [TWI]",062-032-020,$1880.13,$0.00,"NEW RESIDENTIAL, CLASS II WELL TO REPLACE EXISTING FAILING WELL. .66 ACRES - ZONE 2"
"WEL25-0425 Ready for Plan",Check,"Well Permit",11/12/2025,,"2150 Adobe Rd Penngrove [PEN]",136-130-001,$790.17,$0.00,"Drill and construct a new water supply well and destruct the existing well"
"WEL25-0426 Ready for Plan",Check,"Well Permit",11/13/2025,,"4663 Hillsborough Dr Penngrove [PEN]",136-480-016,$790.17,$0.00,"Drill and construct a new water supply well for property development"
WEL25-0427,"Resubmittal Received","Well Permit",11/13/2025,,"4151 Mark West Station Rd Windsor [WIN]",066-280-047,$623.81,$0.00,"drilling cathodic protection well 230 feet deep x 10 inch diameter"
WEL25-0429,"Resubmittal Requested","Well Permit",11/14/2025,,"2145 Goldleaf Ln Santa Rosa [SR]",034-750-007,$623.81,$0.00,"Drill Cathodic Protection Anode Well 230 FT deep x 10 Inch Diameter"
WEL25-0430,"Resubmittal Received","Well Permit",11/14/2025,,"2070 W Steele Ln Santa Rosa [SR]",015-741-002,$623.81,$0.00,"Drill Cathodic Protection Anode Well 260 FT Deep x 10 Inch Diameter"
WEL25-0431,"Resubmittal Requested","Well Permit",11/14/2025,,"211 Lincoln St Santa Rosa [SR]",010-111-008,$623.81,$0.00,"Drill Cathodic Protection Anode Well 260 FT Deep x 10 Inch Diameter"
WEL25-0432,"Resubmittal Requested","Well Permit",11/14/2025,,"3535 Sonoma Ave Santa Rosa [SR]",013-093-004,$623.81,$0.00,"Drilling Cathodic Protection Anode Well 260 FT Deep x 10 Inch Diameter"
WEL25-0433,"Resubmittal Requested","Well Permit",11/14/2025,,"7945 River Rd Forestville [FOR]",083-020-093,$623.81,$0.00,"Drill Cathodic Protection Anode Well 260 FT Deep x 10 Inch Diameter"
WEL25-0434,"Resubmittal Received","Well Permit",11/14/2025,,"1533 Laguna Rd Graton [GRA]",130-411-024,$623.81,$0.00,"Drill Cathodic Protection Anode Well 260 FT Deep x 10 Inch Diameter - Well location is 38.453881, -122.846744 ENC25-0316"
WEL25-0435,"Pre- Due","Well Permit",11/17/2025,,"1265 Fulton Rd Santa Rosa [SR]",034-110-089,$1050.48,$0.00,"(2) Geotech Borings to Maximum Depths of 50 FT using truck-mounted drill rig equipped with 8"" diameter augers and backfill with neat cement grout to their entire depth via tremie"
WEL25-0435,"Pre- Due","Well Permit",11/17/2025,,"1265 Fulton Rd Santa Rosa [SR]",034-110-089,$1050.48,$0.00,"(2) Geotech Borings to Maximum Depths of 50 FT using truck-mounted drill rig equipped with 8"" diameter augers and backfill with neat cement grout to their entire depth via tremie"
WEL25-0435,"Pre- Due","Well Permit",11/17/2025,,"1265 Fulton Rd Santa Rosa [SRO]",034-110-089,$1050.48,$0.00,"(2) Geotech Borings to Maximum Depths of 50 FT using truck-mounted drill rig equipped with 8"" diameter augers and backfill with neat cement grout to their entire depth via tremie"
WEL25-0436,"Resubmittal Requested","Well Permit",11/17/2025,,"1265 Fulton Rd Santa Rosa [SR]",034-110-089,$628.48,$0.00,"(6) Cone Penetration Tests (CPTs) to Maximum Depths of 100 FT using 2"" diameter probe & backfill with neat cement grout via tremie"
WEL25-0437,"Resubmittal Requested","Well Permit",11/17/2025,,"1287 Fulton Rd Santa Rosa [SR]",034-110-090,$628.48,$0.00,"(1) Cone Penetration Test (CPT) to Maximum Depth of 100 FT using 2"" diameter prove & backfill with neat cement grout to its entire depth via tremie"
WEL25-0438,Issued,"Well Permit",11/17/2025,12/03/2025,"1170 I St Petaluma [PE]",019-193-029,$1050.48,$0.00,"(1) Cone Penetration Test (CPT) to an approximate depth of 50 FT below ground surface. A 2-inch diameter cone will be utilized & backfill with neat cement grout via tremie pipe"
WEL25-0439,"Pre- Due","Well Permit",11/17/2025,,"450 Violetti Rd Santa Rosa [SR]",013-191-011,$1050.48,$0.00,"Drill (2) CPT's & (1) Boring in Vicinity to Spring Lake to Determine the Likelihood of Slope/Pipe Failure Related to Strong Earth Shaking. Information will be used to inform a relocation of 27"" water supply pipe to the Sonoma Valley"
WEL25-0440,"Resubmittal Requested","Well Permit",11/18/2025,,"1178 Clover Dr Santa Rosa [SR]",010-521-009,$790.17,$0.00,"*Emergency* (N) Class I Water Well with 100ft Seal & Abandon (E) Old Steel Well"
"WEL25-0441 Ready for Plan",Check,"Well Permit",11/18/2025,,"Kenwood [KEN]",030-060-007,$829.17,$0.00,"NEW CLASS 1 WATER WELL AS SOURCE OF WATER FOR FUTURE HOME DEVELOPMENT. ZONE 4, 157.88 ACRES"
"WEL25-0442 Ready for Plan",Check,"Well Permit",11/19/2025,,"6745 Roberts Ranch Ln Penngrove [PEN]",047-111-044,$829.17,$0.00,"New 5 inch PVC Class I water well. No existing well on property, currently hooked to shared well. The parcel the well will to be located on is 047-111-053"
WEL25-0443,Issued,"Well Permit",11/19/2025,12/03/2025,"1500 Copperhill Pky A Santa Rosa [SRO]",059-250-011,$699.98,$0.00,"Abandon old 8"" x 106ft steel well"
"WEL25-0444 Ready for Plan",Check,"Well Permit",11/21/2025,,"3300 Mill Creek Rd Healdsburg [HEA]",110-060-010,$790.17,$0.00,"Drill & Construct (N) Class I Water Supply Well"
"WEL25-0445 Ready for Plan",Check,"Well Permit",11/26/2025,,"Geyserville [GEY]",090-220-035,$790.17,$0.00,"Drill & Construct Class I Well on Vacant Lot"
