permit_number,status,permit_type,applied_date,issued_date,address,parcel_number,fee,valuation,description
BLD25-5278,Finaled,"Building Permit No Plan Check",9/1/2025,09/01/2025,"16700 Bodega Hwy Bodega Bay [BBY]",103-100-018,$553.06,$0.00,"Reroof – Removal of existing roof material and roof decking as required. Install new OSB sheathing and Malarkey Ecoasis roofing system on a single-family dwelling, 1,263 sq. ft. roof area. Work valuation $15,745.00. Self-certified."
BLD25-5280,Issued,"Building Permit No Plan Check",9/1/2025,09/02/2025,"3910 Meadowview Ln Penngrove [PEN]",047-351-004,$374.76,$0.00,"MSP UPGRADE FROM 100A to 200A (225A Buss); CAR CHARGER PLUG (50A)"
BLD25-5281,Issued,"Building Permit No Plan Check",9/1/2025,09/01/2025,"1882 Weiss Ln Penngrove [PEN]",047-292-060,$554.09,$0.00,"T/O 34 SQ COMP SHINGLE; RE-ROOF WITH CLASS A RATED COMP SHINGLE; SFD; SELF CERT"
BLD25-5282,Issued,"Building Permit No Plan Check",9/1/2025,09/03/2025,"1610 Napa Rd Sonoma [SON]",126-150-005,$555.65,$0.00,"Kitchen and Two Bathrooms Remodel like-4-like"
BLD25-5283,Issued,"Building Permit No Plan Check",9/1/2025,09/01/2025,"14810 Northern Ave Forestville [FOR]",071-025-007,$374.76,$0.00,"Upgrading 100AMP panel to 200AMP panel"
BLD25-5287,Issued,"Building Permit No Plan Check",9/2/2025,09/02/2025,"3819 Zieber Rd Rincon Valley [RIN]",181-480-014,$564.46,$0.00,"Remove and dispose of existing roofing. Install new class 'A' fire rated roofing."
BLD25-5290,Issued,"Building Permit No Plan Check",9/2/2025,09/02/2025,"13285 Arnold Dr Glen Ellen [GLE]",054-281-002,$554.26,$0.00,"Tear off hot tar and gravel roof, approx 1200 sq ft. Install 75lb basesheet underlayment. Install a double layer APP modified torch down roof."
BLD25-5291,Finaled,"Building Permit No Plan Check",9/2/2025,09/02/2025,"40 Whalers Reach Sea Ranch [SEA]",122-450-008,$556.56,$0.00,"Tear-off existing roofing materials. Repair any dry-rot if found. Off-haul debris to landfill. Install new Asphalt Shingles roofing system."
BLD25-5292,Issued,"Building Permit No Plan Check",9/2/2025,09/03/2025,"3400 Rolling Oaks Rd Rincon Valley [RIN]",029-240-002,$374.76,$0.00,"3400 Rolling Oaks Road - 189 Septic Electrical Inspection"
BLD25-5293,Finaled,"Building Permit No Plan Check",9/2/2025,09/02/2025,"9299 Champs De Elysses Forestville [FOR]",082-081-061,$552.49,$0.00,"reroof remove old comp roof install new osb sheathing install a new class A composition roof"
BLD25-5294,Finaled,"Building Permit No Plan Check",9/2/2025,09/02/2025,"5286 McFarlane Rd Twin Hills [TWI]",062-042-063,$374.76,$0.00,"Building electrical permit to check septic alarm box"
BLD25-5298,Issued,"Building Permit No Plan Check",9/2/2025,09/02/2025,"36517 Sculpture Point Dr Sea Ranch [SEA]",156-020-011,$556.07,$0.00,"SFD-Re-Roof T/O existing comp roof one layer, install GAF Natual Shadow Class A shingles in Weatheredwood, 22 sq, no resheeting, pitch 4/12 ***self-certify***"
BLD25-5299,Issued,"Building Permit No Plan Check",9/2/2025,09/02/2025,"1621 Geysers Rd Geyserville [GEY]",131-060-018,$555.91,$0.00,"Replace siding on existing home. No framing alterations"
BLD25-5300,Issued,"Building Permit No Plan Check",9/2/2025,09/02/2025,"142 Alexander Valley Rd Healdsburg [HEA]",091-070-005,$556.01,$0.00,"reroof layover existing one layer of roofing and new torch down roofing on pitch less than 2/12"
BLD25-5301,Issued,"Building Permit No Plan Check",9/2/2025,09/02/2025,"401 Wilson Rd Twin Hills [TWI]",077-140-008,$552.56,$0.00,"SFD. Remove & dispose existing roof. Install 16sq of GAF architectural roofing shingles."
BLD25-5302,Finaled,"Building Permit No Plan Check",9/2/2025,09/02/2025,"228 Cleveland Ln Petaluma [PET]",019-100-024,$402.60,$0.00,"Detached Garage: T/O 8 sqrs install Class A Comp**SELF CERT"
BLD25-5305,Finaled,"Building Permit No Plan Check",9/2/2025,09/02/2025,"169 Condor Ct Bodega Bay [BBY]",100-242-005,$374.76,$0.00,"Remove (E) 200A Sub Panel in garage. Install (N) SPAN Panel in same location. Install (N) 50A EV Charger from (N) SPAN Panel appx 2 feet. Install (N) 30A circuit from SPAN Panel to dryer"
BLD25-5306,Issued,"Building Permit No Plan Check",9/2/2025,09/02/2025,"13610 Railroad Ave Glen Ellen [GLE]",054-290-024,$553.61,$0.00,"Reroof and Siding, tearoff, Class A comp Shingles, 100sq and sheathing and plywood repair as needed, Hardy siding on cinder walls ( approx 1000 SF)"
BLD25-5307,Issued,"Building Permit No Plan Check",9/2/2025,09/02/2025,"16354 Melody Ln Guerneville [GUE]",069-240-036,$553.75,$0.00,"19 roof square. single story. asphalt tear off to asphalt shingle with partial re- sheet"
BLD25-5308,Issued,"Building Permit No Plan Check",9/2/2025,09/02/2025,"3535 Joy Rd Occidental [OCC]",073-280-082,$556.69,$0.00,"Roof shingle installation base on 42 SQ roof area Landmark 30 years class A. Demos old roof shingle, install new underlayment, install pipes"
BLD25-5309,Issued,"Building Permit No Plan Check",9/2/2025,09/02/2025,"3960 W Sausal Ln Geyserville [GEY]",131-190-023,$374.76,$0.00,"Replace 200a overhead fed electric service with new pole and meter panel for SFD. Refeed existing loads. No added load 30' trench"
BLD25-5310,Finaled,"Building Permit No Plan Check",9/2/2025,09/02/2025,"9645 Kelly Ln Penngrove [PEN]",047-011-070,$555.65,$0.00,"Area of the house and car garage shop. Roof shingle installation - Base on 40 SQ. of roof area, PABCO 30 years Class A. COLOR: Weatherwood. Install underlayment."
BLD25-5312,Issued,"Building Permit No Plan Check",9/2/2025,09/02/2025,"5300 Thomas Rd Graton [GRA]",104-020-028,$374.76,$0.00,"Remove existing Zinsco 100 amp meter main panel and upgrade with new Eaton 200 amp meter main panel, overhead service."
BLD25-5314,Issued,"Building Permit No Plan Check",9/2/2025,09/02/2025,"5381 Volkerts Rd Twin Hills [TWI]",062-113-007,$552.12,$0.00,"RE-ROOF COMP TO COMP SHINGLE, 37 SQUARES"
BLD25-5315,Finaled,"Building Permit No Plan Check",9/2/2025,09/02/2025,"4410 Acacia Way Penngrove [PEN]",047-351-029,$374.76,$0.00,"Supply and install tankless water heater with gas upgrade and standard code upgrades. Reconnect existing return line."
BLD25-5317,Finaled,"Building Permit No Plan Check",9/2/2025,09/02/2025,"335 Kiva Pl Windsor [WIN]",039-290-038,$374.76,$0.00,"125 amp like for like panel install in the existing location."
BLD25-5320,"Pre- Due","Building Permit No Plan Check",9/3/2025,,"3281 Fulton Rd Santa Rosa [SRO]",059-100-009,$445.67,$0.00,"Repair and replace electrical outlets in bedrooms. Replace subpanel."
BLD25-5321,Issued,"Building Permit No Plan Check",9/3/2025,09/03/2025,"165 Huckleberry Rd Annapolis [ANN]",122-080-037,$552.16,$0.00,"TEAR OFF AND RE-ROOF WITH CLASS A COMP SHINGLES/NO SHEATHING/ SELF-CERTIFIED 22 SQS."
BLD25-5322,Finaled,"Building Permit No Plan Check",9/3/2025,09/03/2025,"475 Loon Ct Bodega Bay [BBY]",100-390-005,$553.68,$0.00,"SFD; 17sqs; Self Certified contractor; Remove existing roof. Install with new Lifetime Class A composition shingles and Over existing mineral surface, install a 60mil TPO roof system 7sqs."
BLD25-5323,Issued,"Building Permit No Plan Check",9/3/2025,09/03/2025,"937 Midpine Way Twin Hills [TWI]",063-350-028,$378.81,,"Install Elec & Plumbing for Temp Caregiver Trailer Permitted Under TEM25- 0114 - Includes Trenching"
BLD25-5324,"Pre- Due","Building Permit No Plan Check",9/3/2025,,"13444 Arnold Dr Glen Ellen [GLE]",054-284-002,$374.76,$0.00,"Remove (E) AC. Install (N) AC in same location"
BLD25-5326,Issued,"Building Permit No Plan Check",9/3/2025,09/03/2025,"1378 Mission Dr Sonoma [SON]",142-154-035,$608.76,,"Remove FPE main service panel. Install (1) 100 amp 120/240 volt single phase underground main service panel. Install grounding as required by code. Remove and replace: (10) single pole switches, (11) duplex receptacles, (3) GFCI receptacles. Hardwire (3) detectors. Add GFCI plugs in kitchen where needed. Add (8) LED canless fixtures in kitchen area with a dimmer. Make minor electrical repairs if any are found when work is being completed. add sub panel"
BLD25-5327,Issued,"Building Permit No Plan Check",9/3/2025,09/03/2025,"5028 Deerwood Dr Windsor [WIN]",058-321-057,$378.81,,"Duct work replacement 7 runs of R-8 downstairs only"
BLD25-5328,"Pre- Due","Building Permit No Plan Check",9/3/2025,,"1376 Mission Dr Sonoma [SON]",142-154-036,$374.76,$0.00,"Remove (E) AC. Install (N) AC in same location"
BLD25-5330,Issued,"Building Permit No Plan Check",9/3/2025,09/03/2025,"469 Woodward Ave Penngrove [PEN]",047-165-003,$374.76,$0.00,"SFD. Install a single-zone ductless mini-split"
BLD25-5332,Finaled,"Building Permit No Plan Check",9/3/2025,09/03/2025,"17343 Park Ave Guerneville [GUE]",072-160-017,$552.18,$0.00,"Re-Roof Tear off existing roof to bare deck, re-roof with GAF Timberline HDZ RS shingles."
BLD25-5333,Issued,"Building Permit No Plan Check",9/3/2025,09/03/2025,"2999 Eastman Ln Petaluma [PET]",021-070-007,$374.76,$0.00,"replace main power panel"
BLD25-5334,Finaled,"Building Permit No Plan Check",9/3/2025,09/04/2025,"568 Bellevue Ave Bellevue [BEL]",134-272-038,$374.76,$0.00,"SFD, Replace all horizontal water lines under the house using PEX"
BLD25-5335,Issued,"Building Permit No Plan Check",9/3/2025,09/03/2025,"133 Tan Oak Ave Camp Meeker [CAM]",075-110-013,$552.70,$0.00,"SFD_T/O REROOF 24 SQS COMP SHINGLE"
BLD25-5336,Issued,"Building Permit No Plan Check",9/3/2025,09/03/2025,"529 Hunter Lane Ext Bellevue [BEL]",045-131-026,$374.76,$0.00,"remove a defective on demand water heater. replace with new water heater that is also on demand"
BLD25-5337,Issued,"Building Permit No Plan Check",9/3/2025,09/03/2025,"470 Sea Stack Sea Ranch [SEA]",156-440-001,$555.74,$0.00,"SFD, Tear off & Reroof (16 SQ) Class A 50-YR Comp Shingles"
BLD25-5338,Issued,"Building Permit No Plan Check",9/3/2025,09/03/2025,"470 Sea Stack Sea Ranch [SEA]",156-440-001,$552.61,$0.00,"Det'd Garage, Tear off & Reroof (5 SQ) Class A 50-YR Shingles"
BLD25-5339,Issued,"Building Permit No Plan Check",9/3/2025,09/03/2025,"1981 Westshore Rd Bodega Bay [BBY]",100-030-051,$552.96,$0.00,"RPLC SIDING ON SFD"
BLD25-5345,Issued,"Building Permit No Plan Check",9/3/2025,09/03/2025,"8333 Bohemian Hwy Camp Meeker [CAM]",074-240-012,$374.76,$0.00,"Replace existing 200 amp Zinsco meter main combo with new Square D or equivalent 200 amp meter main combo. Like for like."
BLD25-5346,Issued,"Building Permit No Plan Check",9/3/2025,09/03/2025,"7112 E Hurlbut Ave Graton [GRA]",060-303-083,$292.18,$0.00,"To Complete BLD19-3387 - Tear off & Reroof 61 SQ Class A Comp"
BLD25-5347,Issued,"Building Permit No Plan Check",9/3/2025,09/03/2025,"3220 Hicks Rd Graton [GRA]",130-146-028,$374.76,$0.00,"Replace old hazardous panel with new, same size, panel. A Like-For-Like panel change."
BLD25-5348,Issued,"Building Permit No Plan Check",9/3/2025,09/10/2025,"19594 Redwood Dr Monte Rio [MRO]",094-250-029,$553.74,$0.00,"Reroof- Comp A shingles"
BLD25-5349,Issued,"Building Permit No Plan Check",9/3/2025,09/04/2025,"301 Baines Ave Agua Caliente [AGU]",056-442-014,$374.76,$0.00,"Replace deteriorating overhead service wires and grounding system to main service panel."
BLD25-5350,Issued,"Building Permit No Plan Check",9/4/2025,09/04/2025,"1952 Middle Two Rock Rd Petaluma [PET]",021-070-045,$374.76,$0.00,"New main panel upgrade from 100 amp to 200 amp, 20/40 space panel. Install a new 2"" riser and weather-head. Install 2- 8ft ground rods and bond to hot, cold and gas pipes Relocate existing circuits to new panel Install 1- screw in porcelain insulator on trim board Install whole house surge protector Install grounding bridge Install new Eaton BR style breakers Label all circuits Install a 60Amp 240Volt circuit from main panel to EV charger location, set 1- LEVEL 2 48Amp EV charger and hardwire. Terminate wires on a standard style 2pole 60amp breaker in panel and label circuit."
BLD25-5351,Issued,"Building Permit No Plan Check",9/4/2025,09/26/2025,"18235 Neeley Rd Forestville [FOR]",071-260-018,$1970.60,$0.00,"To legalize VBU25-0297; SFD Roof repair approx 1sq, asphalt shingles and repair wood siding"
BLD25-5353,Finaled,"Building Permit No Plan Check",9/4/2025,09/04/2025,"21573 Highland Ter Monte Rio [MRO]",095-111-007,$374.76,$0.00,"Install a 100A subpanel, with 50A main breaker. 50A hookup for future sauna installation. 20A GFCI convenience outlet."
BLD25-5354,Finaled,"Building Permit No Plan Check",9/4/2025,09/04/2025,"4865 Occidental Rd Santa Rosa [SRO]",130-223-017,$552.31,$0.00,"re-roof GAF timberline, comp to comp shingles"
BLD25-5356,Issued,"Building Permit No Plan Check",9/4/2025,09/10/2025,"9881 Minnesota Ave Penngrove [PEN]",047-021-009,$1970.99,$6830.60,"KITCHEN REMODEL VBU25-0304 installed new lighting, outlets and switches, laminate flooring , kitchen cabinets, and appliances. Swapped out 2 windows. Violation # VCM25-0712"
BLD25-5358,Issued,"Building Permit No Plan Check",9/4/2025,09/17/2025,"304 White Tail Sea Ranch [SEA]",122-520-023,$963.26,,"SFD 832 SF Interior and Exterior Remodel. Convert all gas appliances to electric, Replace all windows/siding/and entry deck in kind. Replace all mechanical/electrical/and plumbing fixtures. Cap gas at meter Nonstructural interior / exterior remodel. Remove and replace like for like. Convert all gas appliances to electric. Cap gas at meter. Remove and replace all windows in kind. Remove and replace all siding in kind. Replace entry deck in kind. Replace all mechanical, electrical, and plumbing fixtures."
BLD25-5359,Issued,"Building Permit No Plan Check",9/4/2025,09/10/2025,"178 St James Dr Sonoma [SON]",142-313-013,$924.62,$0.00,"SFD - Remodel Primary Bathroom - nonstructural. Remove shower pan, cap off plumbing, replace walls and flooring in area (to be empty space). Replace tub with shower pan. Replace wet walls, valve, and exhaust fan. Install vacancy sensor, and 2 GFCI outlets. Build new wing wall."
BLD25-5360,Finaled,"Building Permit No Plan Check",9/4/2025,09/04/2025,"20169 Osprey Dr Bodega Bay [BBY]",100-420-024,$553.04,$0.00,"Remove and dispose of existing composition shingle roof on single-family dwelling. New roof material is GAF Timberline HDZ U.L. Class A architectural laminate fiberglass comp shingle roof."
BLD25-5362,Issued,"Building Permit No Plan Check",9/4/2025,09/04/2025,"1643 Furlong Rd Twin Hills [TWI]",080-090-012,$374.76,$0.00,"Main service panel upgrade 200A."
BLD25-5365,Issued,"Building Permit No Plan Check",9/4/2025,09/09/2025,"575 Coachlight Pl Windsor [WIN]",039-340-048,$374.76,$0.00,"Replace (11) supply and (1) return R8 duct under home."
BLD25-5367,Issued,"Building Permit No Plan Check",9/4/2025,09/04/2025,"14652 Canyon 1 Rd Guerneville [GUE]",070-280-031,$552.57,$0.00,"SFD, T/O less than 3 SQRS install class a comp. Repair the siding dry rot, replace 2 windows like for like, Replace damaged deck boards."
BLD25-5369,Issued,"Building Permit No Plan Check",9/4/2025,09/04/2025,"3241 Oak Farm Ln Santa Rosa [SRO]",034-290-004,$374.76,$0.00,"Like for like change-out of tankless water heater in garage with gas line to meter."
BLD25-5370,Issued,"Building Permit No Plan Check",9/4/2025,09/04/2025,"322 Las Plumas Ct Bodega Bay [BBY]",101-240-007,$553.97,$0.00,"Full reroof with tear off, GAF comp shingles over Tiger Paw underlayment."
BLD25-5373,Issued,"Building Permit No Plan Check",9/4/2025,09/04/2025,"30 Bloomfield Rd Twin Hills [TWI]",063-040-036,$374.76,$0.00,"service upgrade from 110 to 220"
BLD25-5374,Issued,"Building Permit No Plan Check",9/5/2025,09/05/2025,"15803 Norton Rd Healdsburg [HEA]",089-050-015,$374.76,$0.00,"LIKE FOR LIKE 200A MAIN SERVICE PANEL. MOVE MAIN SERVICE PANEL FROM HOUSE APROX 400FT DOWN THE HILL TO NEW BACKBOARD CLOSER TO PGE POLE. THE OVERHEAD PGE WIRE NEEDS TO BE REMOVED BECAUSE THE OWNERS ARE ADDING AN ADU ON PROPERTY.(SEPARATE PERMIT) RUN NEW CONDUIT UP TO HOUSE AND PULL NEW FEED WIRE TO HOUSE FROM NEW MSP LOCATION"
BLD25-5376,Issued,"Building Permit No Plan Check",9/5/2025,09/05/2025,"160 El Portola Dr Glen Ellen [GLE]",056-634-004,$374.76,$0.00,"(1) 50 GALLON NATURAL GAS TANKED WATER HEATER LIKE FOR LIKE CHANGEOUT LOCATED IN THE GARAGE"
BLD25-5377,Issued,"Building Permit No Plan Check",9/5/2025,09/11/2025,"10225 Green Valley Rd Graton [GRA]",104-050-018,$773.35,$0.00,"SFD - Bathroom remodel (tub/shower, pony wall, plumbing, fan/light/switch/elec.) Remove and replace tub/shower. Install new shower pan and acrylic walls, build pony wall. Install new valve and shower system. Plumbing fixtures will move pony wall side, drain will remain on the same location. Replace fan with new fan/light, add a new switch."
BLD25-5380,Issued,"Building Permit No Plan Check",9/5/2025,09/08/2025,"237 Westside Rd Healdsburg [HEA]",088-220-007,$370.00,$0.00,"EVT20-00844 Remove 100 amp Zinsco panel and replace with 100 amp Square D panel 2020 Glass Fire"
BLD25-5381,Issued,"Building Permit No Plan Check",9/5/2025,09/05/2025,"15526 Monte Rosa Ave Guerneville [GUE]",072-031-036,$374.76,$0.00,"(1) 40 GALLON NATURAL GAS TANKED WATER HEATER LIKE FOR LIKE CHANGEOUT LOCATED IN THE CLOSET INSIDE THE HOME."
BLD25-5382,Issued,"Building Permit No Plan Check",9/5/2025,09/05/2025,"10185 Valley Ford Rd Two Rock [TWO]",022-310-013,$559.91,$0.00,"residential reroof, tear off old shingles and install new class A shingles"
BLD25-5383,Issued,"Building Permit No Plan Check",9/5/2025,09/05/2025,"21620 Pearson Ave Sonoma [SON]",126-073-031,$374.76,$0.00,"Replace 100 amp service and service pole. The existing pole is rotten and dangerious. Clean up esisting electrical and ground to code."
BLD25-5384,Issued,"Building Permit No Plan Check",9/5/2025,09/05/2025,"485 Ormsby Ln Penngrove [PEN]",137-020-079,$558.05,$0.00,"Reroof - Removal of existing roof material, installing Malarkey ecoasis roofing system on a single family dwelling, 4,980 square feet. Work valuation $42,464.00. Self-certified"
BLD25-5386,Issued,"Building Permit No Plan Check",9/5/2025,09/08/2025,"1787 Olivet Rd Santa Rosa [SRO]",057-022-016,$374.76,$0.00,"Installation of ductless multi zone Mitsubishi heat pump."
BLD25-5388,Issued,"Building Permit No Plan Check",9/5/2025,09/08/2025,"5170 Oak Meadow Dr Santa Rosa [SRO]",130-353-008,$374.76,$0.00,"Install Post Mounted EV charger adjacent to driveway"
BLD25-5389,Issued,"Building Permit No Plan Check",9/5/2025,09/05/2025,"4016 Old Barn Rd Healdsburg [HEA]",088-240-021,$374.76,$0.00,"Removal of an existing 50-gallon liquid propane (LP) gas water heater located in the laundry room of the residence. In its place, two Navien tankless water heaters 199,900 BTU each will be installed on the exterior of the home, connected to the existing water distribution system to provide on-demand hot water. A new medium-pressure gas line (operating at 5 psi) will be installed, running approximately 100 feet from the service riser to the new tankless units, where it will terminate with a gas regulator reducing pressure to 11 inches water column (WC) for safe operation. Additionally, a hot water recirculation loop will be implemented, controlled internally by the tankless water heaters’ built-in system to ensure efficient water circulation and minimize waste. All work will comply with local building codes, including proper venting, and safety standards for gas and plumbing installations."
BLD25-5391,Issued,"Building Permit No Plan Check",9/5/2025,09/09/2025,"3617 Guerneville Rd Santa Rosa [SRO]",057-130-087,$374.76,$0.00,"RELOCATE ELEC METER"
BLD25-5393,Issued,"Building Permit No Plan Check",9/5/2025,09/05/2025,"741 Amherst Cir Agua Caliente [AGU]",052-830-046,$374.76,$0.00,"Install a new underground 1 1/4"" poly gas line from the existing meter to the newly added outdoor BBQ and Firepit"
BLD25-5395,Issued,"Building Permit No Plan Check",9/5/2025,09/05/2025,"22115 Amanita Cir Timber Cove [TIM]",109-380-019,$402.62,$0.00,"existing roofing to be overlaid with new 50 year comp roofing. approximately 20 squares"
BLD25-5403,Issued,"Building Permit No Plan Check",9/7/2025,09/07/2025,"1088 High School Rd Graton [GRA]",060-303-040,$553.09,$0.00,"SFD. Remove & dispose of existing roof on house. Install 22sq of Malarkey Highlander shingles."
BLD25-5405,Issued,"Building Permit No Plan Check",9/8/2025,09/08/2025,"914 Butler Ave Bellevue [BEL]",134-063-003,$374.76,$0.00,"Electrical Service Upgrade existing 100amp meter to 400amp farm panel with distribution and backboard."
BLD25-5406,"Awaiting Applicant Response","Building Permit No Plan Check",9/8/2025,,"1500 Country Club Dr Petaluma [PET]",019-220-042,$0.00,$0.00,"TEAR OFF AND REROOF GOLF CART BARN, INSTALL ""CLASS A"" FIRE RATED TPO SINGLE PLY MEMBRANE, INSTALL 11 SQUARES IN TOTAL, SELF CERTIFIED W/COUNTY."
BLD25-5408,Issued,"Building Permit No Plan Check",9/8/2025,09/08/2025,"384 Madrone Meadow Sea Ranch [SEA]",155-490-024,$374.76,$0.00,"REPLACING EXISTING 200AMP MAIN SERVICE PANEL, LIKE FOR LIKE, NO ADDED LOAD, NO RELOCATION, UNDERGROUND."
BLD25-5409,Issued,"Building Permit No Plan Check",9/8/2025,09/10/2025,"211 Bailhache Ave Healdsburg [HEA]",088-160-017,$922.87,$8527.00,"SFD - Whole whose repipe. Install 38gal 240V Electric Water Heater Repipe: -We propose to secure required permits. -Starting at main house shut off valve on riser line, repipe all domestic water lines to all existing fixtures and hose bibs. -Cut out and remove existing pipes where accessible. -Install new pex piping with copper stub outs to kitchen, 2 bathrooms, laundry, water heater. -Cut and remove sheetrock on backside of shower valves to expose riser lines in wall. -Install new angle valves and supply hoses at fixtures. Connect supply hoses to fixtures. -Strap and secure all piping. -Insulate hot water lines. -Install new main shut off valve. -Test lines for leaks. -Clean up and remove job debris. Drain: -We propose to secure required permits. -Unless otherwise noted, walls to be opened in specific areas of home. Clean all dust/debris. -Starting at beginning of building drain, replace all interior drain lines below subfloor. -Remove all accessible drain piping. Any piping that will compromise structure or create work outside of our scope upon removal will stay. -Install new ABS type drain piping to all existing fixtures. -Existing closet bends to be removed and replaced unless structural boundaries prevent replacement. If subfloor condition is found to be compromised, existing closet bends will stay. -Reconnect to the existing sewer line in crawl space at foundation. -Install new waste tees and traps at fixtures and tie to vent line. -Install new 2"" clean out at kitchen and laundry per code -Unless otherwise noted, all existing basket strainers and pop up assemblies to stay. -During the course of project if existing drain fixture is found to be improperly"
BLD25-5411,Issued,"Building Permit No Plan Check",9/8/2025,09/09/2025,"20958 Heron Dr Bodega Bay [BBY]",100-242-035,$221.27,$0.00,"Replace Garden window in the kitchen damaged by golf ball with new WUI 70"" by 33.5 side by side slider window."
BLD25-5413,Finaled,"Building Permit No Plan Check",9/8/2025,09/09/2025,"50 Marigold Ln Forestville [FOR]",081-090-030,$374.76,$0.00,"SFD - Replacement of existing Furnace and Air Conditioning unit with Heat Pump and Fan Coil"
BLD25-5415,Finaled,"Building Permit No Plan Check",9/8/2025,09/08/2025,"885 Austin Creek Rd Guerneville [GUE]",097-070-004,$374.76,$0.00,"REMOVE AND REPLACE 40 GALLON PROPANE WATER HEATER IN HALL CLOSET. LIKE FOR LIKE SAME LOCATION."
BLD25-5418,"Awaiting Applicant Response","Building Permit No Plan Check",9/8/2025,,"26894 Old Orchard Rd Cloverdale [CLO]",117-320-012,$0.00,$0.00,"Install agriculture meter"
BLD25-5419,Finaled,"Building Permit No Plan Check",9/8/2025,09/11/2025,"40 Balma Ln Cotati [COT]",024-103-010,$374.76,$0.00,"SFD - Install Level 2 charging for Ford Mach E. Install #6 AWG copper wire on a 30A breaker in a subpanel on the north wall of the garage to support a Ford Connected charger on the south wall of the garage."
BLD25-5423,Issued,"Building Permit No Plan Check",9/8/2025,09/08/2025,"625 Sexton Rd Twin Hills [TWI]",077-030-072,$374.76,,"Remove and reinstall original solar equipment for the purposes of a reroof project with a separate contractor - no changes."
BLD25-5425,Issued,"Building Permit No Plan Check",9/8/2025,09/08/2025,"1770 Alexander Valley Rd Healdsburg [HEA]",091-030-034,$374.76,$0.00,"Replace existing Zinsco sub panel with new GE sub panel"
BLD25-5426,Issued,"Building Permit No Plan Check",9/8/2025,09/08/2025,"6825 Giusti Rd Forestville [FOR]",083-120-035,$374.76,$0.00,"SFD - High efficiency heat pump installation with new ductwork."
BLD25-5428,Issued,"Building Permit No Plan Check",9/8/2025,09/08/2025,"7522 Elphick Rd Twin Hills [TWI]",076-012-027,$555.91,$0.00,"1.Remove entire roof system down to the deck 1 layer max 4. Install all new skylights and new saddle flashings a. 3 main house low-E Glass fixed- size to match existing b. 2 ADU Low-E glass Fixed- size to match existing 5. Install Synthetic underlayment entire roof 6. Install all new flashings and paint to blend with color of roof a. Custom chimney saddle and counter flashing 7. Install new asphalt shingles- Class A a. PABCO Premier 32 sqs MH and 12 sqs ADU 8. Install new O’Hagin FR attic exhaust vents 6 MH and 2 ADU 9. Install new ridge cap 140’ 10. Clean and remove all related debris"
BLD25-5430,Issued,"Building Permit No Plan Check",9/8/2025,09/08/2025,"5757 Old Redwood Hwy Windsor [WIN]",059-290-003,$374.76,$0.00,"GAS LINE REPAIR - UNIT 4"
BLD25-5431,Finaled,"Building Permit No Plan Check",9/8/2025,09/08/2025,"1600 Sperring Rd Sonoma [SON]",142-026-002,$374.76,$0.00,"Septic Electric 189 inspection for SEP25-0203 (1600 Sperring Rd)"
BLD25-5433,Finaled,"Building Permit No Plan Check",9/8/2025,09/08/2025,"7200 Hwy 116 N Forestville [FOR]",084-031-018,$552.58,$0.00,"self certified/ main house/ sfd/ remove existing composition shingle roofing/ install new 30yr. composition shingles/ class A/ 22 squares/ Nason residence/ 7200 Hwy 116"
BLD25-5434,Issued,"Building Permit No Plan Check",9/8/2025,09/11/2025,"862 St Jean Ct Kenwood [KEN]",051-150-032,$374.76,$0.00,"Repipe 250ft of PEX fresh water pipe for the whole house. (2) bathrooms, (3) total fixtures."
BLD25-5440,Issued,"Building Permit No Plan Check",9/8/2025,09/08/2025,"4250 Susan Ln Penngrove [PEN]",047-351-011,$374.76,$0.00,"REMOVE AND REPLACE EXISITNG HEATPUMP SYSTEM. INSTALL MITSUBISHI FORCED AIR HEATPUMP"
BLD25-5442,Issued,"Building Permit No Plan Check",9/8/2025,09/08/2025,"2658 Guerneville Rd Santa Rosa [SRO]",034-110-048,$374.76,$0.00,"Replace existing electrical service with a new 200 amp service on pole"
BLD25-5443,Issued,"Building Permit No Plan Check",9/8/2025,09/08/2025,"10533 Westside Rd Forestville [FOR]",110-280-017,$557.21,$0.00,"removal of existing roof materials and dispose install new class A asphalt shingles roof"
BLD25-5445,Issued,"Building Permit No Plan Check",9/9/2025,09/11/2025,"8341 Cimarron Dr Forestville [FOR]",084-100-035,$374.76,$0.00,"CUT IN NEW DUCTLESS HP MINISPLIT IN BACKYARD AND INDOORS. 11.1 HSPF2 23 SEER2 4 TON"
BLD25-5448,Issued,"Building Permit No Plan Check",9/9/2025,09/09/2025,"23 Lile Ln Cloverdale [CLO]",116-290-002,$552.68,$0.00,"OVERLAY OF EXISTING COMPOSITION ROOF WITH NEW COMPOSITION ROOF, 27 SQUARES. GARAGE OVERLAY WITH MODIFIED BITUMEN. CURRENTLY 1 LAYER EXISTS."
BLD25-5450,Issued,"Building Permit No Plan Check",9/9/2025,09/10/2025,"6610 BLOOMFIELD Rd Bloomfield [BLO]",027-153-011,$402.80,$0.00,"Community project to Replace approximately 10 percent of weathered horizontal siding on storage building and re roof with rolled roofing. Project funded by Bloomfield community club a non profit organization that serves the community of Bloomfield and maintains Emme Herbert memorial park"
BLD25-5451,Issued,"Building Permit No Plan Check",9/9/2025,09/09/2025,"18825 Nikki Dr Agua Caliente [AGU]",052-770-027,$553.56,$0.00,"Remove and dispose of existing composition shingle roof on single-family dwelling. New roof material is GAF Timberline HDZ U.L. Class A architectural laminate fiberglass comp shingle roof."
BLD25-5454,Finaled,"Building Permit No Plan Check",9/9/2025,09/09/2025,"7030 Cold Springs Rd Penngrove [PEN]",047-351-053,$374.76,$0.00,"Shower valve replacement in existing location (Master Bathroom)."
BLD25-5457,Issued,"Building Permit No Plan Check",9/9/2025,09/09/2025,"40555 Sleepy Hollow Rd Annapolis [ANN]",122-090-005,$554.06,$0.00,"TEAR OFF AND REROOF WITH 40 SQUARES OF NEW GAF TIMBERLINE HDZ SHINGLES."
BLD25-5459,Issued,"Building Permit No Plan Check",9/9/2025,09/09/2025,"6343 Jamison Rd Bennett Valley [BEN]",049-010-025,$555.78,$0.00,"SIDING REPLACEMENT / 2 WINDOWS LIKE FOR LIKE 1)Remove trim on left, right and front Walls. 2) Install James Hardie Weather Barrier. 3)Install James Hardie Lap Siding on left, right and front walls of 1100sqft. 4)Replace 2 Windows, like for like."
BLD25-5460,Finaled,"Building Permit No Plan Check",9/9/2025,09/09/2025,"13863 Village Ave Healdsburg [HEA]",088-120-006,$556.22,$0.00,"Remove and replace existing composition shingle roof with new Class A fire rated composition shingle roofing system 35 SQ SELF CERT"
BLD25-5461,Issued,"Building Permit No Plan Check",9/9/2025,09/09/2025,"1006 Verano Ave Agua Caliente [AGU]",052-332-002,$374.76,$0.00,"Upgrading an existing meter main service from 100A to 200A"
BLD25-5464,Issued,"Building Permit No Plan Check",9/9/2025,09/09/2025,"20215 Willow Rd Monte Rio [MRO]",095-224-005,$552.62,$0.00,"Remove and dispose of existing composition shingle roof on single-family dwelling. New roof material is GAF Timberline HDZ U.L. Class A architectural laminate fiberglass comp shingle roof."
BLD25-5465,"Awaiting Applicant Response","Building Permit No Plan Check",9/9/2025,,"420 W Agua Caliente Rd Agua Caliente [AGU]",056-072-042,$0.00,$0.00,"water heater replacement like for like"
BLD25-5472,"Awaiting Applicant Response","Building Permit No Plan Check",9/9/2025,,"4490 D St Petaluma [PET]",020-120-005,$0.00,$0.00,"Residing an existing ag-exempt barn."
BLD25-5473,Issued,"Building Permit No Plan Check",9/9/2025,09/09/2025,"6109 Anderson Rd Forestville [FOR]",083-030-067,$374.76,$0.00,"SFD. Replace gas furnace and ac with new heat pump and air handler"
BLD25-5474,Issued,"Building Permit No Plan Check",9/9/2025,09/10/2025,"4222 Browns Ln Petaluma [PET]",068-010-016,$561.98,$0.00,"Barn Structure - Tear off roof of existing barn structure, replace and/or repair sheathing, and install new metal shingle roof. Approx. 3150 sf metal shingle roof. Roofer will self-certify."
BLD25-5475,Issued,"Building Permit No Plan Check",9/9/2025,09/09/2025,"1499 Jahn Dr Santa Rosa [SRO]",034-073-016,$374.76,$0.00,"Replace, relocate, and upgrade existing 100 MAP main electrical service panel. Replace and upgrade existing 100 AMP electrical sub-panel to 200AMPS and new circuit breakers."
BLD25-5476,Finaled,"Building Permit No Plan Check",9/9/2025,09/12/2025,"12601 Dupont Rd Graton [GRA]",074-020-023,$1289.76,$0.00,"After the face interior remodel of an existing SDU. including interior electrical and sheetrock and exterior siding to correct VBU25-0290"
BLD25-5477,Issued,"Building Permit No Plan Check",9/9/2025,09/09/2025,"19127 Baytree Sonoma [SON]",142-280-013,$374.76,$0.00,"Main service panel replacement like for like 200A to 200A."
BLD25-5479,Finaled,"Building Permit No Plan Check",9/9/2025,09/09/2025,"17362 Park Ave Guerneville [GUE]",072-160-073,$374.76,$0.00,"SFD. Install a Mitsubishi Heat Pump, and replace 9 runs of R8"
BLD25-5480,Issued,"Building Permit No Plan Check",9/9/2025,09/09/2025,"274 Cambria Way Windsor [WIN]",058-380-013,$556.57,$0.00,"SFD; 33sqs; Self Certified contractor; Remove existing roof. Install with new Presidential Lifetime Class A composition shingles. Main House and shed"
BLD25-5481,Issued,"Building Permit No Plan Check",9/9/2025,09/09/2025,"30500 River Rd Cloverdale [CLO]",116-210-025,$553.71,$0.00,"Full reroof with tear off, GAF comp shingles over Tiger Paw underlayment"
BLD25-5482,Issued,"Building Permit No Plan Check",9/9/2025,09/09/2025,"201 Avenida Barbera Sonoma [SON]",142-231-005,$554.17,$0.00,"Tear off & Re-Roof 14 squares. Re-Roof with Class A, 25 YR 3-Ply Torch-On Roofing, sfd. Tear & Re-Roof 12 squares. Re-Roof with Class A, Lifetime GAF Timberline HDZ shingle, sfd. (SAME HOUSE- Has Steep & Flat)"
BLD25-5483,Issued,"Building Permit No Plan Check",9/9/2025,09/09/2025,"15186 Hwy 12 Glen Ellen [GLE]",056-011-015,$554.03,$0.00,"Remove and replace existing composition shingle roof & flat roof with new Class A fire rated composition shingle roofing & PVC system 21 SQ combined (15sq comp, 6sq PVC) SELF CERT"
BLD25-5485,Issued,"Building Permit No Plan Check",9/9/2025,09/09/2025,"4810 Occidental Rd Santa Rosa [SRO]",060-030-024,$374.76,$0.00,"REPLACING EXISTING FAU IN OUTDOOR CLOSET ON RIGHT HAND SIDE OF HOME WITH LENNOX 4T TWO STAGE FAU IN SAME LOCATION."
BLD25-5487,Issued,"Building Permit No Plan Check",9/9/2025,09/09/2025,"20 Mosswood Cir Guerneville [GUE]",097-250-018,$374.76,$0.00,"Replace 100A Federal Pacific main panel with new 200A main panel."
BLD25-5488,Issued,"Building Permit No Plan Check",9/9/2025,09/09/2025,"18375 Cottonwood Ave Agua Caliente [AGU]",052-216-004,$374.76,$0.00,"Tankless water heater installation in existing location (Exterior Closet)."
BLD25-5493,Issued,"Building Permit No Plan Check",9/9/2025,09/11/2025,"3025 Laguna Rd Forestville [FOR]",078-020-006,$374.76,$0.00,"REPLACE DAMAGED 200AMP METER/MAIN AND OVERHEAD MAST."
BLD25-5495,Issued,"Building Permit No Plan Check",9/10/2025,09/10/2025,"20760 Hyde Rd Sonoma [SON]",126-042-022,$374.76,$0.00,"SFD, Replace (15) Runs of Ductwork Like for Like"
BLD25-5496,Issued,"Building Permit No Plan Check",9/10/2025,09/10/2025,"19365 Lovall Valley Ct Sonoma [SON]",127-420-006,$374.76,$0.00,"SFD, Replace 75 Gallon Water Heater in a dedicated radiant floor heating system application"
BLD25-5499,Issued,"Building Permit No Plan Check",9/10/2025,09/11/2025,"2241 N Fitch Mountain Rd Healdsburg [HEA]",087-051-017,$557.21,$0.00,"SFD, Dry Rot Repair at (2) Back Doors & Deck Ledger (less than 20'), including stucco repairs"
BLD25-5502,Issued,"Building Permit No Plan Check",9/10/2025,09/10/2025,"142 Gio Dr Bellevue [BEL]",043-250-015,$1383.01,$0.00,"UNPERMITTED REROOF (SFD) COMP SHINGLE 21 SQS (VBU25-0311)"
BLD25-5504,Issued,"Building Permit No Plan Check",9/10/2025,09/10/2025,"35600 Verdant View Sea Ranch [SEA]",155-470-017,$552.26,$0.00,"Tear off and re-roof with Malarkey 'Vista' in Black color"
BLD25-5505,Issued,"Building Permit No Plan Check",9/10/2025,09/10/2025,"1039 Sexton Rd Twin Hills [TWI]",077-040-073,$562.03,$0.00,"Remove and replace existing composition shingle roof with new Class A fire rated composition shingle roofing system 44 SQ SELF CERT"
BLD25-5506,Issued,"Building Permit No Plan Check",9/10/2025,09/10/2025,"6630 Dry Creek Rd Geyserville [GEY]",090-240-026,$553.29,$0.00,"RE-ROOF 26SQARES WITH THE 30 YR CLASS A FIBERGLASS SHINGLES. IM SELF CERTIFICADE."
BLD25-5507,Issued,"Building Permit No Plan Check",9/10/2025,09/10/2025,"1941 Adobe Rd Penngrove [PEN]",137-090-008,$402.60,$0.00,"Southern-facing side of 6/12 pitch roof is showing granule loss on existing single layer of architectural shingles. Plan to overlay new architectural shingles and #15 synthetic underlayment on approximately 8 squares, one whole side, of the roof."
BLD25-5508,Issued,"Building Permit No Plan Check",9/10/2025,09/11/2025,"5001 Maddocks Rd Graton [GRA]",104-010-020,$374.76,$0.00,"SFD. Replace old furnace and AC with new ducted heat pump system"
BLD25-5509,Issued,"Building Permit No Plan Check",9/10/2025,09/10/2025,"935 Crocker Rd Cloverdale [CLO]",116-240-022,$374.76,$0.00,"SFD. Install 9 runs of R8 aluma flex"
BLD25-5510,Issued,"Building Permit No Plan Check",9/10/2025,09/10/2025,"549 Los Altos Ct Windsor [WIN]",039-080-015,$627.84,$0.00,"Re-roof. Removal of existing roof materials and installation of GAF Timberline HDZ roofing system on a single family dwelling, 3,655 square feet. Includes removal and reinstallation of 23 solar panels. Panels to be stored on-site, and reinstalled using the same layout after roof replacement. Self-certified."
BLD25-5512,Issued,"Building Permit No Plan Check",9/10/2025,09/10/2025,"23021 Vineyard Rd Geyserville [GEY]",141-230-015,$555.33,$0.00,"T/O 37 SQ COMP COMP SHINGLE; RE-ROOF WITH CLASS A RATED SHINGLE; SFD; SELF CERT"
BLD25-5516,Finaled,"Building Permit No Plan Check",9/10/2025,09/10/2025,"10489 Colfax Ct Forestville [FOR]",085-272-013,$623.90,$0.00,"SFD. Tear off and reroof 12 squares using class ""A"" composition shingles over roofing felt. SELF CERT."
BLD25-5517,Issued,"Building Permit No Plan Check",9/10/2025,09/12/2025,"9800 Courtney Dr Kenwood [KEN]",051-230-020,$374.76,$0.00,"REPLACE (E) A/C UNIT ON RIGHT HAND SIDE OF HOME WITH LENNOX 5T 19 SEER VARIABLE STAGE COMPRESSOR AC UNIT IN SAME LOCATION"
BLD25-5519,Issued,"Building Permit No Plan Check",9/10/2025,09/10/2025,"5381 Volkerts Rd Twin Hills [TWI]",062-113-007,$374.76,$0.00,"MSP UPGRADE 200 AMPS WITH 225 AMPS BUSS"
BLD25-5521,Issued,"Building Permit No Plan Check",9/11/2025,09/11/2025,"2550 Mountain Ranch Rd Penngrove [PEN]",137-040-018,$553.24,$0.00,"BARN-Remove and replace existing composition shingle roof with new Class A fire rated composition shingle roofing system 18 SQ SELF CERT"
BLD25-5522,Issued,"Building Permit No Plan Check",9/11/2025,09/11/2025,"3443 Warm Springs Rd Glen Ellen [GLE]",054-010-026,$553.01,$0.00,"Tear off and dispose of existing roofing down to roofing substrate. Adhere GAF weather Watch Peel and Stick membrane, ridges, rake edges, rake walls, around pipes and other leak prone areas. Install GAF Tiger Paw Synthetic underlayment on all main facets of house. Install GAF Timberline HDZ shingles with GAF Z ridge cap."
BLD25-5523,Issued,"Building Permit No Plan Check",9/11/2025,09/11/2025,"156 San Antonio Rd Petaluma [PET]",019-280-017,$402.60,$0.00,"TEAR OFF AND DISPOSE OF EXISTING ROOFING DOWN TO ROOFING SUBSTRATE. INSTALL 30 LBS OF FELT UNDERLAYMENT AND PRO START ON FACETS OF HOUSE. INSTALL GAF TIMBERLINE HDZ SHINGLES WITH GAF Z RIDGE CAP."
BLD25-5524,Finaled,"Building Permit No Plan Check",9/11/2025,09/11/2025,"9065 Old Redwood Hwy Cotati [COT]",046-223-045,$374.76,$0.00,"Remove (E) NG tanked WH in outdoor closet area. Install (N) NG 40G WH in same location"
BLD25-5525,Issued,"Building Permit No Plan Check",9/11/2025,09/25/2025,"21200 Pelican Loop Bodega Bay [BBY]",100-450-049,$565.20,,"Install Underground propane tank"
BLD25-5526,Issued,"Building Permit No Plan Check",9/11/2025,09/11/2025,"40600 Leeward Rd Sea Ranch [SEA]",156-500-013,$557.17,$0.00,"40600 Leeward RD/Del Mar Pool Center> Tear off and re-roof for 39 squares using Malarkey 'vista' in black color. SFD Self-Cert"
BLD25-5531,Issued,"Building Permit No Plan Check",9/11/2025,09/11/2025,"6320 Trenton Healdsburg Rd Forestville [FOR]",078-010-026,$553.22,$0.00,"SFD, T/O 18 sqrs Reroof / Sheathing. Install Class A Comp."
BLD25-5532,Finaled,"Building Permit No Plan Check",9/11/2025,09/11/2025,"1138 Sonoma Glen Cir Glen Ellen [GLE]",054-440-022,$374.76,$0.00,"Remove (E) NG tanked WH in garage. Install (N) NG 50G WH in same location."
BLD25-5535,Issued,"Building Permit No Plan Check",9/11/2025,09/11/2025,"384 Spring Hill Rd Petaluma [PET]",020-040-022,$374.76,$0.00,"Removal of Zinsco 200 amp main panel and installation of new 200 amp panel in same location"
BLD25-5538,Issued,"Building Permit No Plan Check",9/11/2025,09/11/2025,"6560 Rutgers Dr Twin Hills [TWI]",063-300-008,$552.31,$0.00,"Roofing Repair and Sheetrock repair - Will need to repair roofing after demolition of chimney under 1 square total. Sheathing of roof where chimney stack was located will be replaced, fire and ice/ GAF tiger paw underlayment will be tied into the existing roofing underlayment. Next, we will install Timberline HD Reflector series 3-tab architectural shingles tied into the existing roof to complete the repair. Roof was installed 6 years ago and is in good condition and does not need to be replaced or repaired in any other locations than where the chimney is located. total cost of roof repairs $3,500 Interior: Slight sheetrock replacement where fireplace insert and tile surround of the fireplace was located. This consists of backing installation if needed to allow for the sheetrock repair to be consistent with the rest of the home. Includes corner metal installation on all corners of drywall that are to be replaced, Installation of ~10 feet of baseboard to match existing profiles. includes painting of all replaced sheetrock and trim. Total cost of these repairs $6,640. Total cost of all repairs: $10,140"
BLD25-5539,Issued,"Building Permit No Plan Check",9/11/2025,09/11/2025,"5274 Marigold Ln Windsor [WIN]",039-310-058,$553.89,$0.00,"Remove and dispose of existing comp shingle roof system. Replace in kind with new comp shingle roof system. This system achieves a class ""A"" rating by the underwriter's laboratory."
BLD25-5540,Issued,"Building Permit No Plan Check",9/11/2025,09/12/2025,"36650 Mariners Dr Sea Ranch [SEA]",156-060-003,$374.76,$0.00,"SFD. Replace furnace"
BLD25-5541,Issued,"Building Permit No Plan Check",9/11/2025,09/11/2025,"18573 Melody Ln Agua Caliente [AGU]",056-491-024,$553.22,$0.00,"Self-certified single-family dwelling 27 sq. remove and replace roof with class A fire-rated asphalt composition shingles."
BLD25-5542,Issued,"Building Permit No Plan Check",9/11/2025,09/11/2025,"276 Scenic Ave Bellevue [BEL]",045-033-003,$374.76,$0.00,"RELOCATE (E) 100 METER FOR WELL TO BACKBOARD ADDING METER FOR ADU -(DUAL METERS) W/ 55' TRENCHING"
BLD25-5544,Issued,"Building Permit No Plan Check",9/11/2025,09/11/2025,"3350 Calistoga Rd Rincon Valley [RIN]",028-290-043,$374.76,$0.00,"Replace existing furnace with a GE heat pump system"
BLD25-5545,Issued,"Building Permit No Plan Check",9/11/2025,09/11/2025,"2403 Helena View Twin Hills [TWI]",076-190-021,$556.05,$0.00,Reroof
BLD25-5546,Issued,"Building Permit No Plan Check",9/11/2025,09/11/2025,"8414 Appleseed Way Twin Hills [TWI]",076-100-029,$553.15,$0.00,"Self-certified single-family dwelling, 27 sq. remove and replace the roof with class A fire-rated asphalt composition shingles"
BLD25-5554,Issued,"Building Permit No Plan Check",9/11/2025,09/11/2025,"3720 Primrose Ave Bellevue [BEL]",134-092-027,$402.88,$0.00,"We are re-roofing our home. Removing old roof and applying new roof"
BLD25-5555,Issued,"Building Permit No Plan Check",9/11/2025,09/11/2025,"9141 Ross Station Rd Forestville [FOR]",084-170-006,$374.76,$0.00,"Replace existing 200 amp service with (2) 100 amp meters with new 200 amp duplex meter service."
BLD25-5556,Issued,"Building Permit No Plan Check",9/12/2025,10/01/2025,"3075 Old Gravenstein Hwy Sebastopol [SEB]",063-120-012,$374.76,$0.00,"SFD - Replace failing 100amp panel with new 200amp panel. No added loads."
BLD25-5557,Finaled,"Building Permit No Plan Check",9/12/2025,09/12/2025,"8810 Barnett Valley Rd Twin Hills [TWI]",076-110-033,$402.90,$0.00,"DETACHED GARAGE: Tear off and reroof 10 squares with a class a fire rated roof system. Self Cert."
BLD25-5558,Issued,"Building Permit No Plan Check",9/12/2025,09/12/2025,"1083 Tilton Rd Twin Hills [TWI]",077-050-069,$374.76,$0.00,"like for like replacement of fed pac panel"
BLD25-5560,Issued,"Building Permit No Plan Check",9/12/2025,09/12/2025,"129 Masthead Reach Sea Ranch [SEA]",156-320-011,$374.76,$0.00,"200 amp panel change like for like"
BLD25-5561,Issued,"Building Permit No Plan Check",9/12/2025,09/12/2025,"3860 Primrose Ave Bellevue [BEL]",134-162-011,$374.76,$0.00,"REMOVE AND REPLACE 50 GALLON GAS WATER HEATER IN GARAGE. LIKE FOR LIKE SAME LOCATION."
BLD25-5562,Issued,"Building Permit No Plan Check",9/12/2025,09/12/2025,"17345 Park Ave Agua Caliente [AGU]",056-252-059,$374.76,$0.00,"upgrade electrical panel from 120 to 200"
BLD25-5564,Issued,"Building Permit No Plan Check",9/12/2025,09/12/2025,"4250 Susan Ln Penngrove [PEN]",047-351-011,$561.00,$0.00,"tear off re roof 33 squares existing tile using concrete tiles SELF CERTIFICATE"
BLD25-5565,Issued,"Building Permit No Plan Check",9/12/2025,09/12/2025,"1810 Wagner Ln Penngrove [PEN]",137-080-017,$374.76,$0.00,"update existing main electrical panel"
BLD25-5567,Issued,"Building Permit No Plan Check",9/12/2025,09/12/2025,"2333 Oak Knoll Dr Santa Rosa [SRO]",034-123-017,$552.96,$0.00,"T/O REROOF 16 SQS COMP SHINGLE"
BLD25-5570,Issued,"Building Permit No Plan Check",9/12/2025,09/15/2025,"12781 Fiori Ln Twin Hills [TWI]",080-200-015,$374.76,$0.00,"REPLACING EXISTING HORIZONTAL FAU UNDER HOME WITH LENNOX 4T HIGH EFFICIENT VARIABLE SPEED HORIZONTAL FAU IN SAME LOCATION - REPLACING 10 SUPPLY RUNS ALUMAFLEX R8 UNDER THE HOME"
BLD25-5571,Issued,"Building Permit No Plan Check",9/12/2025,09/15/2025,"18782 Polley Ln Agua Caliente [AGU]",052-750-015,$374.76,$0.00,"REPLACING 8 SUPPLY RUNS WIREFLEX R8 UNDER THE HOME"
BLD25-5572,Issued,"Building Permit No Plan Check",9/12/2025,09/16/2025,"3038 Jaylee Dr Rincon Valley [RIN]",182-010-017,$374.76,,"SFD, Remove & Replace (E) Solar Panels Due to Reroof in the Same Layout as before"
BLD25-5574,Issued,"Building Permit No Plan Check",9/12/2025,09/12/2025,"1870 Mountain View Ave Petaluma [PET]",019-382-041,$374.76,$0.00,"REMOVE AND REPLACE 50 GALLON TANK WATER HEATER"
BLD25-5576,Issued,"Building Permit No Plan Check",9/12/2025,09/12/2025,"1159 Santa Barbara Dr Santa Rosa [SRO]",044-163-028,$553.33,$0.00,"Residential Reroof- 1159 Santa Barbara Dr removal of the existing flat roof shingles, removal of black paper or underlayment, and removal of flashings and disposal. After we will be installing glass base underlayment, and then we will be installing any flashings, and then we are going to install the final layer of torchdown shingle (Self Cert)"
BLD25-5578,Finaled,"Building Permit No Plan Check",9/12/2025,09/12/2025,"9 Spring Hill Dr Guerneville [GUE]",097-220-022,$553.41,$0.00,"SFD; 25sqs; Self Certified contractor; Remove existing roof. Install with new Lifetime Class A composition shingles. Main House only and double layer of Mule hide self adhered over hog valley"
BLD25-5579,Issued,"Building Permit No Plan Check",9/12/2025,09/15/2025,"118 Highland Ave Penngrove [PEN]",047-011-043,$553.61,$0.00,"SFD, Siding Replacement with James Hardie Fiber Cement Siding (Approx. 2000 SF) & Replace (2) Anlin Windows and (3) Patio Doors Like for Like"
BLD25-5581,Issued,"Building Permit No Plan Check",9/12/2025,09/12/2025,"17339 Hillside Ave Agua Caliente [AGU]",056-261-046,$374.76,$0.00,"Replace 100 amp Zinsco panel with new 200 amp panel"
BLD25-5582,Issued,"Building Permit No Plan Check",9/12/2025,09/12/2025,"10147 Field Ln Forestville [FOR]",082-202-046,$553.41,$0.00,"SFD; 9 composition sqs and 15 TPO sqs; Self Certified contractor; Remove existing roof. Install with new Lifetime Class A composition shingles and 60 mil TPO on flat section. Main House"
BLD25-5583,Issued,"Building Permit No Plan Check",9/12/2025,09/12/2025,"15865 Old Cazadero Rd Guerneville [GUE]",072-320-003,$374.76,$0.00,"REPLACING EXISTING FAU UNDER THE HOME WITH LENNOX 3T UPFLOW HIGH EFFICIENCY FAU IN SAME LOCATION."
BLD25-5585,Issued,"Building Permit No Plan Check",9/13/2025,09/13/2025,"5051 Hawks Feather Ln Twin Hills [TWI]",077-120-045,$374.76,$0.00,"Replace Electrical Panel Replace 100A with 200A Same location"
BLD25-5591,Issued,"Building Permit No Plan Check",9/15/2025,09/15/2025,"35100 Crows Nest Dr Sea Ranch [SEA]",155-350-007,$374.76,$0.00,"REPLACING EXISTING 200AMP MAIN SERVICE PANEL, LIKE FOR LIKE, NO ADDED LOAD, NO RELOCATION."
BLD25-5592,Finaled,"Building Permit No Plan Check",9/15/2025,09/15/2025,"4931 Occidental Rd Santa Rosa [SRO]",130-223-009,$402.64,$0.00,"To Complete BLD15-2120, Reroof Shed - T/O 8 SQ Class A Life Comp Shingles"
BLD25-5593,Finaled,"Building Permit No Plan Check",9/15/2025,09/15/2025,"4931 Occidental Rd Santa Rosa [SRO]",130-223-009,$402.60,$0.00,"To Complete BLD14-4903, Reroof Det'd Garage / Tear off / Class A Comp - Self Cert"
BLD25-5594,Finaled,"Building Permit No Plan Check",9/15/2025,09/15/2025,"2280 Magnolia Ave Petaluma [PET]",048-091-030,$552.18,$0.00,"remove and replace with class a composition shingle"
BLD25-5595,Issued,"Building Permit No Plan Check",9/15/2025,09/19/2025,"4447 Miles Ave Bellevue [BEL]",035-082-030,$553.91,$0.00,"ADU, Siding Replacement – Remove 1400 SF of T-11 Siding & Replace w/ 1400 SF of Sheathing, Tyvek, and Composite Vinyl Siding per Manufacturer’s Recommendations"
BLD25-5597,Issued,"Building Permit No Plan Check",9/15/2025,09/15/2025,"5507 Inverness Ave Bennett Valley [BEN]",045-330-024,$553.61,$0.00,Reroof
BLD25-5598,Issued,"Building Permit No Plan Check",9/15/2025,09/15/2025,"3413 Petaluma Blvd N Petaluma [PET]",048-074-036,$556.14,$0.00,"Self-Certified Removed Layer of existing roof and installed new GAF comp shingle 33 of roof squares in color charcoal"
BLD25-5599,Finaled,"Building Permit No Plan Check",9/15/2025,09/15/2025,"150 Sutter Rd Cloverdale [CLO]",115-050-006,$374.76,$0.00,"SFD, Main Panel Upgrade from 100A to 200A in Same Location"
BLD25-5601,Issued,"Building Permit No Plan Check",9/15/2025,09/15/2025,"1195 Wild Rose Dr Santa Rosa [SRO]",037-022-027,$552.56,$0.00,"T/O existing flat roof section, on back rear roof / install IB 50 mil pvc membrane, class A, in white, pitch is flat. 6 squares, no resheeting. self certify"
BLD25-5604,Finaled,"Building Permit No Plan Check",9/15/2025,09/16/2025,"16120 Watson Rd Guerneville [GUE]",069-200-010,$374.76,$0.00,"SFD. Install ducted mini split"
BLD25-5606,Issued,"Building Permit No Plan Check",9/15/2025,09/15/2025,"21500 Starrett Hill Dr Monte Rio [MRO]",095-152-016,$374.76,$0.00,"RPLC 100 AMP METER"
BLD25-5607,Finaled,"Building Permit No Plan Check",9/15/2025,09/15/2025,"2167 Redwood Dr Healdsburg [HEA]",087-052-011,$552.11,$0.00,"re-roof of home and porch. tear-off and roof of asphalt shingle. 6 sheets of plywood."
BLD25-5608,Finaled,"Building Permit No Plan Check",9/15/2025,09/15/2025,"12500 Sutton St Bloomfield [BLO]",027-130-004,$553.61,$0.00,"Tear off existing roof and replace with class A shingles. No structural changes will be made."
BLD25-5611,Finaled,"Building Permit No Plan Check",9/15/2025,09/15/2025,"112 Casabella Dr Agua Caliente [AGU]",056-132-003,$374.76,$0.00,"SFD, Install 60A Circuit for Hot Tub"
BLD25-5613,Issued,"Building Permit No Plan Check",9/15/2025,09/16/2025,"18500 Fitzpatrick Ln Occidental [OCC]",073-270-052,$374.76,$0.00,"Residential: UPGRADE EXISTING 200A ELECTRICAL SERVICE TO 400A. WIRE EXISTING 200A SUBPANEL IN TRACTOR BARN TO NEW SERVICE. TRENCH FROM 400A SERVICE TO HOUSE AND INSTALL NEW 200A SUPANEL AND WIRE TOGETHER. WIRE EXISTING CIRCUITS INTO NEW SUBPANEL. INSTALL NEW 200A ATS FOR HOUSE SUBPANEL. INSTALL NEW 20AMP OUTLET IN GARAGE. REPLACE EXISTING CAR CHARGING RECEPTACLES WITH TWO NEW 50A CHARGING RECEPTACLES. INSTALL NEW 50A CIRCUIT FOR FUTURE POOL HEATER PUMP."
BLD25-5615,Issued,"Building Permit No Plan Check",9/15/2025,09/15/2025,"4289 Hessel Rd Sebastopol [SEB]",062-092-003,$553.98,$0.00,"4289 Hessel RD> Tear off and re-roof with Malarkey 'highlander' in Storm grey. 31 squares. SFD. Self-Cert"
BLD25-5616,Issued,"Building Permit No Plan Check",9/15/2025,09/15/2025,"903 Santa Barbara Dr Santa Rosa [SRO]",044-152-015,$553.01,$0.00,"Remove the old roof, install TPO roofing on the flat sections, and install shingles on the upper section."
BLD25-5620,Finaled,"Building Permit No Plan Check",9/15/2025,09/17/2025,"4321 Daywalt Rd Sebastopol [SEB]",062-070-024,$553.15,$0.00,"Reroof - Removal of existing roof material, installing 1687 sq ft of Malarkey ecoasis roofing system and 476 sq ft of Modified Bitumen on a single family dwelling. Work valuation $16,495.00. Self-certified"
BLD25-5621,"Pre- Due","Building Permit No Plan Check",9/15/2025,,"3495 Dry Creek Rd Geyserville [GEY]",090-160-029,$633.81,,"Commercial reroof of Dry Creek General Store - Associated with ADR25-0079."
BLD25-5624,Issued,"Building Permit No Plan Check",9/16/2025,09/16/2025,"17499 Old Monte Rio Rd Guerneville [GUE]",072-200-022,$374.76,$0.00,"Replace the existing 200-amp meter main electrical panel with a new 200-amp panel (same rating)."
BLD25-5626,Finaled,"Building Permit No Plan Check",9/16/2025,09/16/2025,"881 Dorthel St Twin Hills [TWI]",060-270-050,$374.76,$0.00,"Replace 65 gallon hybrid water heater"
BLD25-5634,Issued,"Building Permit No Plan Check",9/16/2025,09/16/2025,"2574 Lawndale Rd Kenwood [KEN]",050-120-054,$374.76,$0.00,"Supply and install 1 Lennox Dual Fuel heat pump system, includes evaporator coil, refrigerant lines and plenum extension."
BLD25-5635,Issued,"Building Permit No Plan Check",9/16/2025,09/16/2025,"1900 Jones Rd Windsor [WIN]",066-210-014,$553.42,$0.00,"Remove and dispose of existing composition shingle roof on single-family dwelling. New roof material is GAF Timberline HDZ U.L. Class A architectural laminate fiberglass comp shingle roof."
BLD25-5636,Issued,"Building Permit No Plan Check",9/16/2025,09/25/2025,"8672 Trenton Rd Forestville [FOR]",082-052-022,$374.76,$0.00,"Kitchen, Plumbing & Electrical Remodel"
BLD25-5637,"Application Accepted/In Review","Building Permit No Plan Check",9/16/2025,,"3694 Skillman Ln Petaluma [PET]",021-122-006,$0.00,$0.00,"New Meter 200AMP to serve WEL2-0397 and future construction"
BLD25-5640,Issued,"Building Permit No Plan Check",9/16/2025,09/16/2025,"9343 Ross Station Rd Forestville [FOR]",084-150-051,$556.92,$0.00,"Tear off and reroof with a GAF Timberline HDZ Asphalt/Energy Shingle roof system"
BLD25-5645,Issued,"Building Permit No Plan Check",9/16/2025,09/17/2025,"5327 Hall Rd Santa Rosa [SRO]",130-210-010,$374.76,$0.00,"Installation of wiring and conduit, and an Enphase 50 amp rated Electric Vehicle Charger."
BLD25-5651,Issued,"Building Permit No Plan Check",9/16/2025,09/16/2025,"6306 Petersen Rd Sebastopol [SEB]",024-010-005,$374.76,$0.00,"Install a new 200amp sub-panel for pre-fab shop"
BLD25-5652,Finaled,"Building Permit No Plan Check",9/16/2025,09/16/2025,"5300 Volkerts Rd Twin Hills [TWI]",062-091-030,$403.01,$0.00,"Reroof the house with pitch over 4/12 with 40 year shingles. Reroof the sections of the house with pitch under 2/12 with torch down roll roofing."
BLD25-5655,Issued,"Building Permit No Plan Check",9/16/2025,09/16/2025,"2657 Elizabeth Ct Graton [GRA]",078-140-040,$374.76,$0.00,"Like for like Swap of Main Electrical Panel and associated grounding"
BLD25-5667,Issued,"Building Permit No Plan Check",9/17/2025,09/17/2025,"2487 Olivet Rd Santa Rosa [SRO]",057-040-091,$374.76,$0.00,"200a Main panel replacement. Like for like."
BLD25-5672,Issued,"Building Permit No Plan Check",9/17/2025,09/17/2025,"122 Nolan Ct Forestville [FOR]",083-130-072,$555.91,$0.00,"OVERLAY SIDING AND REPLACE WINDOWS LIKE FOR LIKE"
BLD25-5673,Issued,"Building Permit No Plan Check",9/17/2025,09/17/2025,"1620 Big Cedar Ln Twin Hills [TWI]",063-090-029,$553.74,$0.00,"*SELF CERT* Tear off and Reroof and sheathing 1982 SF Class Comp A shingles, $21000"
BLD25-5674,Issued,"Building Permit No Plan Check",9/17/2025,09/17/2025,"14242 Lovers Ln Guerneville [GUE]",072-140-003,$374.76,$0.00,"RPLC 100A PANEL WITH 200A_SERVING HOUSE"
BLD25-5675,Issued,"Building Permit No Plan Check",9/17/2025,09/17/2025,"8455 Brand Ln Penngrove [PEN]",047-201-008,$374.76,$0.00,"100A to 200A main panel upgrade with relocation 7 ft to the left"
BLD25-5676,Issued,"Building Permit No Plan Check",9/17/2025,09/17/2025,"5765 Cuneo Ct Graton [GRA]",078-110-005,$552.44,$0.00,"GARAGE_T/O, Re sheath & Install Metal Roof"
BLD25-5677,Finaled,"Building Permit No Plan Check",9/17/2025,09/17/2025,"9645 Kelly Ln Penngrove [PEN]",047-011-070,$402.60,$0.00,"Reroof car garage area 6 sq roof area"
BLD25-5678,Issued,"Building Permit No Plan Check",9/17/2025,09/17/2025,"402 Ormsby Ln Penngrove [PEN]",137-030-041,$553.48,$0.00,"Tear off existing shingle roof and replace with new felt, flashings and composition shingles."
BLD25-5681,Issued,"Building Permit No Plan Check",9/17/2025,09/17/2025,"9205 Redtail Hawk Ln Cotati [COT]",046-224-023,$374.76,$0.00,"Upgrade overhead main panel from 100 to 200amps in existing location"
BLD25-5682,Issued,"Building Permit No Plan Check",9/17/2025,09/17/2025,"858 Wildwood Trl Kenwood [KEN]",030-282-013,$374.76,$0.00,"Replace 100A FPE main panel / meter combo with new Square D 200A Homeline meter combo, surface mount. No added load. Same location."
BLD25-5683,Issued,"Building Permit No Plan Check",9/17/2025,09/17/2025,"3444 Warm Springs Rd Glen Ellen [GLE]",053-160-022,$374.76,$0.00,"SFD - Replace water heater with (N) 80 gallon Heat Pump Water Heater in same location"
BLD25-5685,Issued,"Building Permit No Plan Check",9/17/2025,09/17/2025,"961 Central Ave Agua Caliente [AGU]",056-473-024,$374.76,$0.00,"remove old service install new service"
BLD25-5686,Issued,"Building Permit No Plan Check",9/17/2025,09/24/2025,"1122 Limerick Ln Windsor [WIN]",,$374.76,$0.00,"New EV charger install, exterior wall, 40amp emporia charger no additional load 086-080-071"
BLD25-5687,Issued,"Building Permit No Plan Check",9/17/2025,09/23/2025,"1787 Olivet Rd Santa Rosa [SRO]",057-022-016,$374.76,$0.00,"50A added electrical"
BLD25-5688,Issued,"Building Permit No Plan Check",9/17/2025,09/24/2025,"67 Sea Pine Reach Sea Ranch [SEA]",156-290-002,$558.51,$0.00,"Replacing sections of siding that are in disrepair on north and south elevations of the house."
BLD25-5693,Issued,"Building Permit No Plan Check",9/18/2025,09/18/2025,"17412 Orchard Ave Forestville [FOR]",071-220-009,$553.44,$0.00,"Remove and dispose of existing composition shingle roof on single-family dwelling. New roof material is GAF Timberline HDZ U.L. Class A architectural laminate fiberglass comp shingle roof."
BLD25-5697,Issued,"Building Permit No Plan Check",9/18/2025,09/18/2025,"2715 Skillman Ln Petaluma [PET]",021-130-058,$555.65,$0.00,"remove 1 layer composition shingles approx 4300sqft install 15lb tiger paw underlayment, edge metal, 9"" starter at entire perimeter install all new flashing at penetrations and paint to match roof install 30yr hdz gaf shingles install continious lomanco ridge vent along with manufacturer ridge cap at ridge units. install 121ft of 7"" seamless gutter with 6 downspouts."
BLD25-5703,Issued,"Building Permit No Plan Check",9/18/2025,09/18/2025,"1333 Nut Tree Ln Sonoma [SON]",127-521-001,$552.41,$0.00,"Tear off, reroof, install GAF cool roof shingles, comp to comp, 27 squares."
BLD25-5705,Issued,"Building Permit No Plan Check",9/18/2025,09/18/2025,"16660 Jennifer Dr Occidental [OCC]",073-350-003,$552.10,$0.00,"Roll Comp over existing roof (Overlay) 1400sq. ft."
BLD25-5706,Issued,"Building Permit No Plan Check",9/18/2025,09/18/2025,"250 Maple Ave Kenwood [KEN]",050-277-047,$552.88,$14347.50,"SFD, Interior kitchen remodel (250 SF)"
BLD25-5707,Issued,"Building Permit No Plan Check",9/18/2025,09/18/2025,"22900 Conifer Dr Monte Rio [MRO]",096-211-009,$374.76,$0.00,"Upgrade existing 100A Zinsco Sylvania electrical meter main panel to a new, code-compliant 200A meter main panel with modern breakers"
BLD25-5708,Issued,"Building Permit No Plan Check",9/18/2025,09/22/2025,"2175 Airport Blvd Santa Rosa [SRO]",059-260-010,$563.59,$41371.00,"So. County Airport: Facility Bldg: SR Road Yard. Overlay 36 sqrs, Install Cool Roof System Foam Coating"
BLD25-5712,"Application Accepted/In Review","Building Permit No Plan Check",9/18/2025,,"4233 Browns Ln Petaluma [PET]",068-010-016,$374.76,$0.00,"Relocate 200 amp agricultural electric meter at west edge of parcel east to location closer to agricultural use."
BLD25-5714,Finaled,"Building Permit No Plan Check",9/18/2025,09/18/2025,"15905 Drake Rd Forestville [FOR]",071-310-036,$553.61,$0.00,"SFD SELF CERTIFIED TEAR-OFF RE-ROOF INSTALLATION OF FULL GAF ROOFING SYSTEM ALL FLASHINGS WILL BE REPLACED DURING INSTALLATION ALL DEBRIS WILL BE DISOPSED OF FULL 20 YR GAF ROOFING SYSTEM INSTALLED GUTTERS WILL BE CLEANED DURING PROJECT IF NOT REPLACED ALL FLASHINGS WILL BE SECURED WITH GASKET SCREWS AT END OF PROJECT ALL FLASHINGS WILL BE PAINTED WITH GOOD QUALITY PAINT AT END OF PROJECT WITH A HIGHER GRADE PAINT THAN TYPICAL ROOFING PAINT ALL PIPE JACKS ALL VALLEYS WILL HAVE SYNTHETIC GAF WEATHER WATCH INSTALLED ALL PIPE JACLKS WILL HAVE SYNTHETIC GAF WEATHER EATCH AROUND THEM ALL PIPE JACKS WILL HAVE UPDATED STORM COLLARS CHIMNEYS OR SKYLIGHTS WILL HAVE NEW 24 GAGE SHEET METAL SADDLES MADE BY HAND AS WELL AS COUNTER FLASHINGS WILL BE REPLACED AND RE-INSTALLED INTO THE MOTAR OF THE CHIMNEY ALL WOODWORK WILL BE DONE ON A TIME AND MATERIAL BASIS AT $90.00 PER MAN PER HOUR AFTER APPROVAL IS MADE BY THE HOMEOWNER HOMEOWNER WILL PAY FOR PERMIT"
BLD25-5715,Issued,"Building Permit No Plan Check",9/18/2025,09/18/2025,"4647 Guerneville Rd Graton [GRA]",130-450-024,$554.02,$0.00,"Full reroof with tear off, GAF comp shingles over Tiger Paw underlayment."
BLD25-5716,Issued,"Building Permit No Plan Check",9/18/2025,09/18/2025,"1530 Sea Way Bodega Bay [BBY]",100-284-001,$553.84,$0.00,"*** Self Cert*** Garage & House Area with Wood Shingles Only - Remove existing roof down to sheathing for new roof. Prepare existing sheathing for new roof. Install GAF Timberline HDZ Lifetime Shingles."
BLD25-5717,Finaled,"Building Permit No Plan Check",9/18/2025,09/18/2025,"7124 Cold Springs Rd Penngrove [PEN]",047-351-022,$374.76,$0.00,"Replaced broken electric water heater with a new, Heat-pump water heater."
BLD25-5718,Issued,"Building Permit No Plan Check",9/18/2025,09/18/2025,"193 La Mancha Way Agua Caliente [AGU]",052-690-031,$374.76,$0.00,"Removal of existing Zinsco 100 amp meter main panel and replace with Eaton 100 amp meter main panel"
BLD25-5719,Finaled,"Building Permit No Plan Check",9/18/2025,09/18/2025,"19097 Bay St Agua Caliente [AGU]",052-351-012,$553.09,$0.00,"31 squares tear off reroof comp shingles, synthetic underlayment"
BLD25-5720,"Pre- Due","Building Permit No Plan Check",9/18/2025,,"16579 Meadow Oaks Dr Glen Ellen [GLE]",056-740-015,$374.76,$0.00,"SFD - Replace existing furnace and AC, tie into all existing ducting and electrical."
BLD25-5723,Issued,"Building Permit No Plan Check",9/18/2025,09/18/2025,"539 Irwin Ln Santa Rosa [SRO]",130-223-043,$374.76,$0.00,"REPLACING EXISTING FAU IN INDOOR CLOSET WITH LENNOX 4T TWO STAGE HIGH EFFICIENT DF FAU IN SAME LOCATION"
BLD25-5724,Issued,"Building Permit No Plan Check",9/18/2025,09/19/2025,"1321 Heaven Hill Rd Glen Ellen [GLE]",133-070-060,$374.76,$0.00,"SFD - Remove Furnace & AC, Install Air Handler & Heat Pump"
BLD25-5725,Issued,"Building Permit No Plan Check",9/18/2025,09/19/2025,"741 Amherst Cir Agua Caliente [AGU]",052-830-046,$374.76,$0.00,"Install Electrial -underground from meter panel to new spa Plus add 20 amp circuit to front yard."
BLD25-5728,Finaled,"Building Permit No Plan Check",9/18/2025,09/18/2025,"155 Fairview Ln Agua Caliente [AGU]",056-611-059,$553.11,$0.00,"Re-roof. Removal of existing roof material, installing 1847 sq ft of GAF Timberline HDZ Reflector Series roofing system on a single family dwelling. Work valuation $16,150.00. Self-certified."
BLD25-5729,Issued,"Building Permit No Plan Check",9/18/2025,09/18/2025,"21698 Broadway Sonoma [SON]",128-411-005,$554.15,$0.00,"Full reroof with tear off. GAF comp shingles over Tiger Paw underlayment. Re- sheet entire home with 1/2 in CDX plywood. Replace 4-2x6 facia boards on front side of home and 2-1/6 facias on back left side."
BLD25-5730,Finaled,"Building Permit No Plan Check",9/18/2025,09/18/2025,"10113 Field Ln Forestville [FOR]",082-202-050,$403.14,$0.00,"Reroof, tear off, 16 SQ. Shingles"
BLD25-5731,Issued,"Building Permit No Plan Check",9/18/2025,09/18/2025,"693 Cherry Ln Agua Caliente [AGU]",052-211-047,$374.76,$0.00,"REPLACING EXISTING HORIZONTAL FAU IN ATTIC WITH DAIKIN 3.5T FIT VARIABLE CAPACITY HORIZONTAL AIR HANDLER IN SAME LOCATION. REPLACING EXISTING A/C UNIT ON LEFT HAND SIDE OF HOME WITH DAIKIN 3.5T 17 SEER INVERTER HEAT PUMP IN SAME LOCATION."
BLD25-5739,Issued,"Building Permit No Plan Check",9/19/2025,09/19/2025,"248 Maria Ln Rincon Valley [RIN]",031-250-019,$374.76,$0.00,"Replace existing 100A Zinsco Sylvania electrical meter main panel with a new 200A meter main panel and modern breakers to bring up to NEC code"
BLD25-5740,"Pre- Due","Building Permit No Plan Check",9/19/2025,,"12422 Westside Rd Forestville [FOR]",081-052-044,$374.76,$0.00,"Add circuit for hot tub."
BLD25-5741,Issued,"Building Permit No Plan Check",9/19/2025,09/19/2025,"667 Alexander Valley Rd Geyserville [GEY]",091-081-061,$556.65,$0.00,"SFD. Remove & dispose 1 layer of existing roof. Install 34sq of GAF architectural roofing shingles."
BLD25-5745,Issued,"Building Permit No Plan Check",9/19/2025,09/22/2025,"971 Central Ave Agua Caliente [AGU]",056-473-023,$374.76,$0.00,"SFD - Install ducted mini split"
BLD25-5747,Issued,"Building Permit No Plan Check",9/19/2025,09/19/2025,"18795 Riverside Dr Agua Caliente [AGU]",052-281-036,$374.76,$0.00,"remove old zinsco service provide new service"
BLD25-5750,Finaled,"Building Permit No Plan Check",9/19/2025,09/19/2025,"2867 Bardy Rd Bennett Valley [BEN]",055-170-029,$374.76,$0.00,"water heater replacement 50 gal electric"
BLD25-5756,Issued,"Building Permit No Plan Check",9/19/2025,09/22/2025,"2011 Burnside Rd Twin Hills [TWI]",076-221-018,$374.76,$0.00,"SFD - (1) R8 DUCTS SUPPLY 6 RETURN 1."
BLD25-5761,"Awaiting Applicant Response","Building Permit No Plan Check",9/20/2025,,"728 E Thomson Ave Agua Caliente [AGU]",056-475-005,$0.00,$0.00,"replacing the house siding, t-11 plywood, and adding stucco."
BLD25-5763,Finaled,"Building Permit No Plan Check",9/20/2025,09/20/2025,"1527 Willowside Rd Santa Rosa [SRO]",034-072-015,$553.48,$0.00,"Tear Off existing composition shingle roof, repair any dry-rot if necessary, install new composition shingle roof."
BLD25-5764,Issued,"Building Permit No Plan Check",9/20/2025,09/30/2025,"1787 Olivet Rd Santa Rosa [SRO]",057-022-016,$3185.70,$0.00,"SFD - Interior remodel of kitchen and bathroom to legalize: VBU25-0354. Scope includes plumbing and electrical. No structural, exterior work, change to footprint or occupancy. Interior, non-structural as-built remodel to legalize previously completed work. Scope includes kitchen and bathroom plumbing and electrical only, with no structural changes, no exterior work, and no change to the building footprint or occupancy. • Drywall repair to lower half of walls, including taping, mudding, and texturing to match existing upper wall finish. • Kitchen Electrical: Added/moved outlets, branch circuits, and lighting within the kitchen only. No service upgrade or panel work. No electrical changes outside kitchen. • Kitchen Plumbing: Replaced/relocated sink and appliance connections within existing walls and floors. No new framing or structural alterations. • Bathrooms: No walls moved or added. No reconfiguration or relocation of piping inside walls. Work limited to fixture replacements (toilets, sinks, tubs/showers) and installation of waterproofing for shower/tub areas (membranes, tile, etc.). Request inspection and flood test of shower pan or waterproofing membrane before tile installation. Purpose of permit is to legalize interior trade work and finishes, ensure waterproofing meets current code, and complete final inspections."
BLD25-5765,Issued,"Building Permit No Plan Check",9/21/2025,09/21/2025,"2690 Meier Rd Sebastopol [SEB]",063-150-003,$374.76,$0.00,"Upgrade electrical service"
BLD25-5771,Issued,"Building Permit No Plan Check",9/22/2025,09/23/2025,"1488 Furlong Rd Twin Hills [TWI]",080-090-029,$553.67,$0.00,"SFD - Tear off/re-roof 37 squares of asphalt shingles - selfcert"
BLD25-5772,Issued,"Building Permit No Plan Check",9/22/2025,09/22/2025,"19120 Linden St Agua Caliente [AGU]",052-364-034,$552.49,$0.00,"SFD; 15sqs; Self Certified contractor; Remove existing roof. Install with new Lifetime Class A composition shingles. Main House only"
BLD25-5773,Issued,"Building Permit No Plan Check",9/22/2025,09/22/2025,"6343 Jamison Rd Bennett Valley [BEN]",049-010-025,$555.71,$0.00,"SFD; 43sqs; Self Certified contractor; Remove existing roof. Install with new Lifetime Class A composition shingles. Main House only"
BLD25-5778,Issued,"Building Permit No Plan Check",9/22/2025,09/22/2025,"7512 Elphick Rd Twin Hills [TWI]",076-012-025,$374.76,$0.00,"SFD - Install (N) NG furnace in indoor closet. Install (N) AC on side of house"
BLD25-5781,Issued,"Building Permit No Plan Check",9/22/2025,09/22/2025,"565 Middle Two Rock Rd Petaluma [PET]",021-041-050,$553.29,$0.00,"tear off re roof 21 squares using class A comp shingles SELF CERTIFICATE"
BLD25-5784,Issued,"Building Permit No Plan Check",9/22/2025,09/22/2025,"14262 Laurel Pl Guerneville [GUE]",072-090-057,$374.76,$0.00,"Installing 9 runs of r8 aluma flex."
BLD25-5786,Issued,"Building Permit No Plan Check",9/22/2025,09/22/2025,"19400 McCray Ridge Rd Guerneville [GUE]",069-030-006,$374.76,$0.00,"REPLACING EXISTING FAU UNDER THE HOME WITH 3T MIDEA EVOX G3 VARIABLE CAPACITY AIR HANDLER IN SAME LOCATION. REPLACING EXISTING A/C UNIT ON LEFT HAND SIDE OF HOME WITH 3T MIDEA EVOX G3 VARIABLE CAPACITY HEAT PUMP AND RELOCATING IT TO THE RIGHT HAND SIDE OF THE HOME."
BLD25-5788,Issued,"Building Permit No Plan Check",9/22/2025,09/23/2025,"4701 Old Redwood Hwy Windsor [WIN]",058-171-001,$374.76,$0.00,"Install (N) heat pump located on back patio"
BLD25-5790,Issued,"Building Permit No Plan Check",9/22/2025,09/24/2025,"14095 Woodland Dr Guerneville [GUE]",070-060-039,$570.37,$0.00,"Commercial, Tear off and reroof using class “A” composition shingles over roofing felt. Church"
BLD25-5791,Issued,"Building Permit No Plan Check",9/22/2025,09/22/2025,"3478 Bennett Valley Rd Bennett Valley [BEN]",049-300-003,$374.76,$0.00,"MSP upgrade to 200A"
BLD25-5792,Issued,"Building Permit No Plan Check",9/22/2025,09/22/2025,"17936 Neeley Rd Forestville [FOR]",071-321-011,$374.76,$0.00,"Remove and replace existing furnace like for like in same location 40,000 BTUs"
BLD25-5798,"Pre- Due","Building Permit No Plan Check",9/23/2025,,"1817 William Dr Penngrove [PEN]",047-292-061,$374.76,$0.00,"Install ductless mini split (19 SEER / 12 HSPF / 2 ton / 18 kbtu) with (1) indoor head. Removal of wood burning stove and non-operational gas furnace."
BLD25-5800,"Awaiting Applicant Response","Building Permit No Plan Check",9/23/2025,,"12901 Old Redwood Hwy Windsor [WIN]",086-030-007,$0.00,$0.00,"TEAR OFF AND REROOF BARN, INSTALL ""CLASS A"" FIRE RATED COMP SHINGLES, INSTALL 12 SQ IN TOTAL, SELF CERTIFIED W/COUNTY"
BLD25-5802,Issued,"Building Permit No Plan Check",9/23/2025,09/23/2025,"3794 Selvage Rd Santa Rosa [SRO]",057-105-036,$374.76,$0.00,"Replace the existing furnace with a 96% efficient 60k BTU Trane furnace"
BLD25-5803,Issued,"Building Permit No Plan Check",9/23/2025,09/23/2025,"14821 Old Cazadero Rd Guerneville [GUE]",072-040-016,$374.76,$0.00,"Mini split Wall-mounted Install New wall-mounted unites model # MSZ-GX30NL # MUZ-GX30NL"
BLD25-5804,Issued,"Building Permit No Plan Check",9/23/2025,09/23/2025,"564 Purvine Rd Two Rock [TWO]",022-230-007,$552.85,$0.00,"Tear off and dispose of existing roofing down to roofing substrate. Adhere GAF weather watch peel and stick membrane to valleys, ridges, rake edges, rake walls, around pipes and other leak prone areas. Install GAF Tiger Paw synthetic underlayment on all main facets of house. Install new pipe flashings and vent assemblies. Install a pre-painted 2x2 nosing on rake edges. Install GAF Timberline HDZ shingles with GAF Z ridge cap. Install GAF cobra ridge on all main ridges. Mechanically install and fasten 2 gutter systems."
BLD25-5805,Issued,"Building Permit No Plan Check",9/23/2025,09/23/2025,"5783 La Sierra Dr Kenwood [KEN]",030-350-012,$374.76,$0.00,"MSP upgrade 100A to 200A, and relocating 3' east."
BLD25-5807,Issued,"Building Permit No Plan Check",9/23/2025,09/23/2025,"175 Vineyard Cir Sonoma [SON]",142-156-042,$402.60,$0.00,"INSTALL 500 SQFT OF TPO OVERLAY - COLOR WHITE"
BLD25-5809,Issued,"Building Permit No Plan Check",9/23/2025,09/25/2025,"6069 Hyland Way Penngrove [PEN]",136-251-011,$374.76,$0.00,"Replace heat pump condenser"
BLD25-5812,Issued,"Building Permit No Plan Check",9/23/2025,09/23/2025,"18022 Bonita Way Agua Caliente [AGU]",056-386-005,$552.78,$0.00,"SFD; 13sqs; Self Certified contractor; Remove existing roof. Install with new Lifetime Class A composition shingles. Main House only"
BLD25-5818,Issued,"Building Permit No Plan Check",9/23/2025,09/23/2025,"109 Lupine Close Sea Ranch [SEA]",155-290-020,$374.76,$0.00,"(1) 90K BTUs FURNACE CHANGEOUT IN BASEMENT."
BLD25-5819,Issued,"Building Permit No Plan Check",9/23/2025,09/23/2025,"2605 Alton Ln Santa Rosa [SRO]",034-030-075,$553.96,$0.00,"T/O 38 SQ COMP SHINGLE; RE-ROOF WITH CLASS A RATED COMP SHINGLE; SFD; SELF CERT"
BLD25-5821,Issued,"Building Permit No Plan Check",9/23/2025,09/24/2025,"2375 Eastman Ln Petaluma [PET]",021-050-075,$374.76,$0.00,"SFD, Replace 10 Supply Runs of Wireflex R8 under home"
BLD25-5829,Issued,"Building Permit No Plan Check",9/24/2025,09/24/2025,"2970 Sonoma Mountain Rd Penngrove [PEN]",136-210-042,$374.76,$0.00,"Replace existing water heaters with (2) HTP PH199-119 gas water heaters."
BLD25-5831,Issued,"Building Permit No Plan Check",9/24/2025,09/24/2025,"1100 Sexton Rd Twin Hills [TWI]",077-040-054,$553.48,$0.00,"- 1100 Sexton Rd, Sebastopol, CA 95472 - House & Detached Garage - Remove existing asphalt shingles and install new asphalt shingles - Class A installation - Self Certification - House - 1,590 sq ft of roofing - Garage - 682 sq ft - 2,272 sq ft of roofing total"
BLD25-5835,Issued,"Building Permit No Plan Check",9/24/2025,09/24/2025,"601 Cherry Ave Agua Caliente [AGU]",052-860-002,$374.76,$0.00,"40 GAL TRADITIONAL WATER HEATER CHANGE OUT IN THE HOUSE CLOSET"
BLD25-5837,Issued,"Building Permit No Plan Check",9/24/2025,09/24/2025,"2755 Joy Rd Occidental [OCC]",073-220-022,$374.76,$0.00,"SFD, Replace (E) Water Heater w/ (N) Heat Pump - 80 Gallon Rheem"
BLD25-5838,Issued,"Building Permit No Plan Check",9/24/2025,09/29/2025,"4740 Londonberry Dr Windsor [WIN]",058-202-009,$374.76,$0.00,"SFD. Replace furnace and ducting"
BLD25-5839,Issued,"Building Permit No Plan Check",9/24/2025,09/26/2025,"17030 Park Ave Agua Caliente [AGU]",056-110-003,$374.76,$0.00,"Install Tankles Water heater, Remove and haul away 1 failed Voyager tank type boiler, replace 1 Navien NCB combi boiler and connect the new boiler to the existing radiant floor heating, domestic hot water system and zone control system. Supply and install new 2” PVC flue vent pipe from the new Navien combi and connect to the existing 3"" PVC flue vent that terminates to the outside, install 1 new gas shut off valve with flex supply and drip leg, 2- new expansion tanks with strap kits, 1 new backflow preventer, 1 new pressure reducing valve, near boiler pipe and fittings and insulation. Fill purge and fire the system."
BLD25-5841,Issued,"Building Permit No Plan Check",9/24/2025,09/24/2025,"3936 Piner Rd Santa Rosa [SRO]",057-022-002,$552.39,$0.00,"Remove existing comp shingles and replace with new comp shingles"
BLD25-5842,Issued,"Building Permit No Plan Check",9/24/2025,09/24/2025,"36846 Mariners Dr Sea Ranch [SEA]",156-080-011,$374.76,$0.00,"Like for like panel change. Replacing 200 amp panel to a new 200 amp panel"
BLD25-5843,Issued,"Building Permit No Plan Check",9/24/2025,09/24/2025,"7096 Murray Acre Ln Twin Hills [TWI]",025-030-039,$374.76,$0.00,"SFD, Replace Water Line & Conduit from Well Head to Home"
BLD25-5844,Issued,"Building Permit No Plan Check",9/24/2025,09/24/2025,"4895 Adobe Rd Sonoma [SON]",068-050-028,$552.48,$0.00,"Overlay existing comp shingle roofing with new comp shingles"
BLD25-5845,Issued,"Building Permit No Plan Check",9/24/2025,09/24/2025,"5000 Carroll Rd Bloomfield [BLO]",073-020-009,$374.76,$0.00,"Replace 200A Old Zinsco Meter Panel with a new 200A like for like - in same location."
BLD25-5846,Issued,"Building Permit No Plan Check",9/24/2025,09/24/2025,"65 Okelley Way Windsor [WIN]",058-351-003,$555.91,$0.00,"EVT25-00028 SFD Minor Damage Repair to Exterior T1-11 Siding into Kitchen. Reconnect Gas & Electrical"
BLD25-5849,Issued,"Building Permit No Plan Check",9/24/2025,09/24/2025,"2000 Wood Rd Santa Rosa [SRO]",034-050-018,$374.76,$0.00,"Main service panel upgrade."
BLD25-5851,Issued,"Building Permit No Plan Check",9/24/2025,09/24/2025,"4511 Bartleson Rd Sebastopol [SEB]",062-230-022,$374.76,$0.00,"Remove (E) 40G NG tanked WH located in garage Install (N) 40G NG tanked WH in same location"
BLD25-5852,"Pre- Due","Building Permit No Plan Check",9/24/2025,,"6250 Vine Hill Rd Graton [GRA]",078-020-042,$374.76,$0.00,"Remove and Replace 50 Gallon Gas Water heater with new 65 Gallon Heat Pump Water Heater"
BLD25-5862,Issued,"Building Permit No Plan Check",9/25/2025,09/25/2025,"1771 Hwy 1 Bodega Bay [BBY]",,$402.96,$0.00,"SFD, Minor Siding Repair, Install insulation in attic and crawl space. Add a vent. 100-200-036"
BLD25-5863,Issued,"Building Permit No Plan Check",9/25/2025,09/25/2025,"7388 Hidden Lake Rd Forestville [FOR]",084-031-033,$374.76,$0.00,"Upgrade service from house to garage. From 100 amp to 200 amps. Feed house from new service on garage."
BLD25-5864,Issued,"Building Permit No Plan Check",9/25/2025,09/25/2025,"4050 Vine Hill Rd Graton [GRA]",130-060-078,$374.76,$0.00,"Replace existing 200K BTU gas tankless water heater with new 200K BTU gas tankless water heater, like for like."
BLD25-5865,Issued,"Building Permit No Plan Check",9/25/2025,09/29/2025,"2893 Scotts Right Of Way Graton [GRA]",130-190-063,$374.76,$0.00,"SFD-REPLACE DUCTLESS MINI SPLIT SYSTEM"
BLD25-5866,Issued,"Building Permit No Plan Check",9/25/2025,09/25/2025,"281 Skillman Ln B Petaluma [PET]",048-075-017,$374.76,$0.00,"ELEC METER DUAL 200A Serving 281 Skillman A"
BLD25-5867,Issued,"Building Permit No Plan Check",9/25/2025,09/25/2025,"831 Cleveland Ave Petaluma [PET]",020-020-063,$374.76,$0.00,"REPLACING EXISTING FAU IN OUTDOOR CLOSET WITH LENNOX 80% TWO STAGE VARIABLE SPEED FAU IN SAME LOCATION."
BLD25-5868,Issued,"Building Permit No Plan Check",9/25/2025,09/25/2025,"18464 7th St E Sonoma [SON]",127-540-031,$566.91,$0.00,"SFD; 78sqs; Self Certified contractor; Remove existing roof. Install with new Lifetime Class A composition shingles. Main House and Pool House"
BLD25-5869,Issued,"Building Permit No Plan Check",9/25/2025,09/25/2025,"19949 7th St E Sonoma [SON]",128-111-028,$374.76,$0.00,"REPLACING 8 SUPPLY RUNS ALUMAFLEX R8 UNDER THE HOME"
BLD25-5870,Issued,"Building Permit No Plan Check",9/25/2025,09/25/2025,"475 Sandretto Dr Twin Hills [TWI]",077-100-078,$374.76,$0.00,"Remove the current HVAC system and replace it with a GE heat pump/air handler system"
BLD25-5872,Issued,"Building Permit No Plan Check",9/25/2025,09/25/2025,"17090 Hwy 12 Agua Caliente [AGU]",056-141-047,$553.59,$0.00,"SFD; 26sqs; Self Certified contractor; Remove existing roof. Install with new Lifetime Class A composition shingles and areas with TPO. Main House and detached unit"
BLD25-5874,Issued,"Building Permit No Plan Check",9/25/2025,09/25/2025,"4455 Concord Ave Bellevue [BEL]",035-151-028,$374.76,$0.00,"2 BATHROOM WHOLE HOUSE WATER PEX REPIPE 4 FIXTURE WHOLE HOUSE GAS GALVANIZED AND TRAC REPIPE"
BLD25-5875,Issued,"Building Permit No Plan Check",9/25/2025,09/25/2025,"15556 Maplewood Dr Glen Ellen [GLE]",054-372-019,$624.63,$0.00,"SFD; 34sqs; Self Certified contractor; Remove existing roof. Install with new Lifetime Class A composition shingles and section of TPO Main House and shed."
BLD25-5876,Issued,"Building Permit No Plan Check",9/25/2025,09/25/2025,"17354 Hillside Ave Agua Caliente [AGU]",056-262-054,$553.21,$0.00,"SFD; 26sqs; Self Certified contractor; Remove existing roof. Install with new Lifetime Class A composition shingles and TPO in hog valley section. Main House only"
BLD25-5877,Issued,"Building Permit No Plan Check",9/25/2025,09/25/2025,"4994 Old Redwood Hwy Windsor [WIN]",058-111-012,$374.76,$0.00,"2 BATHROOM WHOLE HOUSE WASTE ABS REPIPE, 250FT ABS. 3FIXTURES."
BLD25-5878,Issued,"Building Permit No Plan Check",9/25/2025,09/25/2025,"426 King Rd Petaluma [PET]",113-080-060,$554.06,$0.00,"SFD; 37sqs; Self Certified contractor; Remove existing roof. Install with new Lifetime Class A composition shingles. Main House only"
BLD25-5879,Issued,"Building Permit No Plan Check",9/25/2025,09/25/2025,"5360 Douglas Ln Forestville [FOR]",084-150-023,$374.76,$0.00,"2 BATHROOM WHOLE HOUSE WASTE ABS REPIPE, 250FT ABS. 3FIXTURES."
BLD25-5880,Issued,"Building Permit No Plan Check",9/25/2025,09/30/2025,"2699 Bloomfield Rd Twin Hills [TWI]",025-030-050,$374.76,$0.00,"SFD. Replace furnace and ducting"
BLD25-5881,Issued,"Building Permit No Plan Check",9/25/2025,09/25/2025,"134 Country Club Dr Santa Rosa [SRO]",130-372-031,$555.83,$0.00,"SFD; 47sqs; Self Certified contractor; Remove existing roof. Install with new Lifetime Class A composition shingles and section of TPO. Main House only"
BLD25-5882,Issued,"Building Permit No Plan Check",9/25/2025,09/25/2025,"125 Renz Ln Geyserville [GEY]",140-270-007,$374.76,$0.00,"(1) 50 GALLON NATURAL GAS SKINNY TANKED WATER HEATER LOCATED IN THE GARAGE."
BLD25-5883,Issued,"Building Permit No Plan Check",9/25/2025,09/25/2025,"8688 Quail Haven Ln Twin Hills [TWI]",061-151-029,$374.76,$0.00,"Upgrading existing main service from 100 to 200 amps"
BLD25-5884,"Pre- Due","Building Permit No Plan Check",9/25/2025,,"1415 Cazadero Hwy Guerneville [GUE]",097-050-012,$374.76,$0.00,"Install (N) Dehumidifier, Install Air scrubber"
BLD25-5885,Issued,"Building Permit No Plan Check",9/25/2025,10/01/2025,"256 Sutton Pl 101 Bellevue [BEL]",134-102-089,$646.01,,"Cap Sheet Entire Roof, CeramaFlex Elastomeric Coating, No alteration to roof deck. Value $301,524"
BLD25-5887,Issued,"Building Permit No Plan Check",9/25/2025,09/25/2025,"21877 Hyde Rd Sonoma [SON]",126-083-019,$374.76,$0.00,"Replace 125 amp damaged Zinsco panel with new 200 amp main service panel, update grounding nad bonding. Install surge protector and ground bridge."
BLD25-5890,Issued,"Building Permit No Plan Check",9/26/2025,09/28/2025,"40511 Tide Pool Sea Ranch [SEA]",156-520-012,$552.59,$0.00,"T/O RE-ROOF SFD W/CLASS A COMP 50 YR BLACK. 27 SQUARES. SELF CERT. T/O AND REPLACE 74 SQ. FT. CLEAR REDWOOD 1 X 6 T & G SIDING OVER EXISTING SHEAR PLY. REPLACE 1 WINDOW W/ MILGUARD IN EXISTING OPENING."
BLD25-5897,Issued,"Building Permit No Plan Check",9/26/2025,09/26/2025,"2325 Curtis Dr Penngrove [PEN]",047-274-013,$374.76,$0.00,"SFD - Install (N) A/C"
BLD25-5898,Issued,"Building Permit No Plan Check",9/26/2025,09/29/2025,"364 Mark West Commons Cir Windsor [WIN]",039-420-026,$374.76,$0.00,"SFD - Replacing A/C, Coil, and Furnace. Furnace in attic and A/C in Backyard. AFUE: 80% SEER2: 14.3"
BLD25-5902,Issued,"Building Permit No Plan Check",9/26/2025,09/26/2025,"20540 David St Sonoma [SON]",128-311-013,$374.76,$0.00,"SFD - Upgrade/replace gas meter to serve swimming pool"
BLD25-5903,Issued,"Building Permit No Plan Check",9/26/2025,09/26/2025,"5525 Inverness Ave Bennett Valley [BEN]",045-330-026,$374.76,$0.00,"Main service panel upgrade."
BLD25-5905,Issued,"Building Permit No Plan Check",9/26/2025,09/26/2025,"6536 Wayne Ct Forestville [FOR]",083-110-052,$561.13,$0.00,"SFD - Remove and replace siding, weather barrier, trim 1. Remove existing siding on home of 2650 sq feet. 2. Install James Hardie weather barrier. 3. Install new James Hardie lap siding and trim on home of 2650 sq feet."
BLD25-5906,Issued,"Building Permit No Plan Check",9/26/2025,09/26/2025,"5300 Arnica Way Windsor [WIN]",039-310-021,$374.76,$0.00,"remove FPE service install new service"
BLD25-5912,Issued,"Building Permit No Plan Check",9/26/2025,10/03/2025,"3410 Guerneville Rd Santa Rosa [SRO]",130-030-019,$923.66,$0.00,"Whole house gas repipe with 4 fixtures."
BLD25-5918,Issued,"Building Permit No Plan Check",9/27/2025,09/30/2025,"1111 Shiloh Crest Windsor [WIN]",079-250-012,$552.83,$0.00,"Install James Hardie fiber cement siding to upper exterior walls of home. Approx 1400 Sq. Ft."
BLD25-5919,Issued,"Building Permit No Plan Check",9/28/2025,09/28/2025,"2615 Scotts Right Of Way Graton [GRA]",130-190-048,$374.76,$0.00,"Upgrade the existing 100-amp electrical panel to a 200-amp electrical panel"
BLD25-5920,Issued,"Building Permit No Plan Check",9/28/2025,09/28/2025,"520 Bokman Pl Agua Caliente [AGU]",056-721-043,$553.61,$0.00,"Tear off existing 2 layers of compsition shingles about 2400 sq feet. repair any dryrot if necessary. Install new ridgvent and composition shingle."
BLD25-5922,Issued,"Building Permit No Plan Check",9/29/2025,09/29/2025,"456 Sea Stack Sea Ranch [SEA]",156-440-003,$560.81,$0.00,"REPLACE EXTERIOR DECK MEMBRANE, INSTALL 4 NEW FLEETWOOD WINDOWS AND 1 SLIDING DOOR IN EXISTING OPENING AT DECK AREA. RESIDE 600 SQ FT WITH CEDAR #1 SIDEWALL SHINGLES."
BLD25-5929,Issued,"Building Permit No Plan Check",9/29/2025,09/29/2025,"3380 Fulton Rd Santa Rosa [SRO]",059-140-019,$221.27,$0.00,"SIDING REPLACEMENT IN FRONT OF CHURCH BUILDING"
BLD25-5930,Issued,"Building Permit No Plan Check",9/29/2025,09/30/2025,"9435 Argonne Way Forestville [FOR]",082-061-070,$374.76,$0.00,"Replace existing 100 amp Federal Pacific main electrical panel with new Eaton, for insurance, and safety."
BLD25-5932,Issued,"Building Permit No Plan Check",9/29/2025,09/29/2025,"14097 Buttner Rd Guerneville [GUE]",070-060-023,$552.28,$0.00,"tear off re roof 12 squares using class A comp shingles SELF CERTIFICATE"
BLD25-5934,Issued,"Building Permit No Plan Check",9/29/2025,09/29/2025,"124 Calle Petite Sarah Sonoma [SON]",142-221-005,$553.48,$0.00,"Reroof 2600 sqft. Install new Torch down and Asphalt Shingles"
BLD25-5935,"Pre- Due","Building Permit No Plan Check",9/29/2025,,"4475 Hall Rd Santa Rosa [SRO]",130-402-001,$1289.76,$0.00,"Legalize electrical attached to fence to clear VBU25-0353"
BLD25-5937,Issued,"Building Permit No Plan Check",9/29/2025,09/29/2025,"2011 Adobe Canyon Rd Kenwood [KEN]",051-140-007,$374.76,$0.00,"SFD. Replace air handler and heat pump condenser. Replace ducting."
BLD25-5938,"Awaiting Applicant Response","Building Permit No Plan Check",9/29/2025,,"8401 Brand Ln Penngrove [PEN]",047-201-004,$0.00,$0.00,"Reroof (asphalt shingle), Replace existing windows, Replace existing T1-11 siding with like on existing storage shed"
BLD25-5941,Issued,"Building Permit No Plan Check",9/29/2025,09/29/2025,"8595 Graton Rd Graton [GRA]",130-176-007,$402.62,$0.00,"Replace apx 400 sq ft of siding and replace trim where necessary"
BLD25-5942,Issued,"Building Permit No Plan Check",9/29/2025,09/29/2025,"8053 Speer Ranch Rd Forestville [FOR]",083-110-014,$374.76,$0.00,"Direct replace existing surface mount 200amp meter main with a new 200amp Eaton panel"
BLD25-5943,Issued,"Building Permit No Plan Check",9/29/2025,09/29/2025,"11827 Redwood Rd Forestville [FOR]",081-250-050,$1289.76,$0.00,"Electrify a 10 x 12 storage shed with overhead light, switch and GFI outlet. No trenching required. VBU25-0363"
BLD25-5944,Issued,"Building Permit No Plan Check",9/29/2025,09/29/2025,"19424 Marna Ln Agua Caliente [AGU]",052-491-019,$374.76,$0.00,"MSP upgrade to 200A panel."
BLD25-5945,"Pre- Due","Building Permit No Plan Check",9/29/2025,,"30645 River Rd Cloverdale [CLO]",116-200-001,$1289.76,$0.00,"Legalize with permit mini-split HVAC to clear violation, VCM25-0428 / VBU25- 0218 install without permit"
BLD25-5949,Issued,"Building Permit No Plan Check",9/29/2025,09/29/2025,"4191 Sunland Ave Bellevue [BEL]",134-212-007,$374.76,$0.00,"Remove and Replace same like for like Main Electrical Panel"
BLD25-5951,Issued,"Building Permit No Plan Check",9/29/2025,09/29/2025,"5331 Todd Rd Sebastopol [SEB]",063-110-064,$374.76,$0.00,"Remove (E) NG furnace located in garage Install (N) NG furnace in same location"
BLD25-5952,"Pre- Due","Building Permit No Plan Check",9/29/2025,,"20760 Hyde Rd Sonoma [SON]",126-042-022,$552.57,$0.00,"SFD, Kitchen remodel, no structural alterations, Replace Subpanel 100AMP like for like, (2) patio doors (1) window like for like, (E) ENTRY DOOR W/ NEW, KITCHEN CABINETS AND APPLIANCES IN KITCHEN WITH NEW, ALL ELECTRICAL RECEPTACLES AND LIGHTING IN KITCHEN $12000"
BLD25-5953,Issued,"Building Permit No Plan Check",9/29/2025,09/30/2025,"1465 Cazadero Hwy Guerneville [GUE]",097-050-039,$374.76,$0.00,"Install (N) heat pump located on outdoor side of house"
BLD25-5955,Issued,"Building Permit No Plan Check",9/29/2025,09/29/2025,"300 Ryan Ranch Rd Twin Hills [TWI]",077-081-006,$374.76,$0.00,"remove and replace federal pacific sub panel in living room called out by insurance"
BLD25-5960,Issued,"Building Permit No Plan Check",9/30/2025,09/30/2025,"4080 Heather Ln Graton [GRA]",074-060-039,$625.04,$0.00,"Re-roof. Removal of existing roof material, installing 840 sq ft of GAF Timberline® HDZ RS roofing system and 2499 square feet of Modified bitumen on a single family dwelling. Removal and reinstallation of 26 solar panels. Panels to be stored on-site, and reinstalled after roof replacement. Work valuation $24,000.00. Self-certified."
BLD25-5961,Issued,"Building Permit No Plan Check",9/30/2025,09/30/2025,"4020 Hessel Rd Twin Hills [TWI]",062-042-014,$552.21,$0.00,"SFD; 13sqs; Self Certified contractor; Remove existing roof. Install with new Lifetime Class A composition shingles. Main House only"
BLD25-5963,Issued,"Building Permit No Plan Check",9/30/2025,09/30/2025,"312 Sparkes Rd Twin Hills [TWI]",063-310-016,$553.12,$0.00,"SFD; 22sqs; Self Certified contractor; Remove existing roof. Install with new Lifetime Class A composition shingles. Main House only"
BLD25-5964,Issued,"Building Permit No Plan Check",9/30/2025,09/30/2025,"17911 San Carlos Dr Agua Caliente [AGU]",133-193-005,$552.93,$0.00,"SFD; 27sqs; Self Certified contractor; Remove existing roof. Install with new Lifetime Class A composition shingles. Main House only"
BLD25-5969,Issued,"Building Permit No Plan Check",9/30/2025,09/30/2025,"7330 Baker Ln Twin Hills [TWI]",063-330-036,$374.76,$0.00,"Emergency Repair Main Panel - partial power"
BLD25-5970,Issued,"Building Permit No Plan Check",9/30/2025,09/30/2025,"14529 Redwood Ln Forestville [FOR]",071-030-023,$374.76,$0.00,"100a to 125a Main panel replacement"
BLD25-5971,Issued,"Building Permit No Plan Check",9/30/2025,09/30/2025,"4687 Petaluma Blvd N Petaluma [PET]",048-033-013,$374.76,$0.00,"Electrical Service Upgrade"
BLD25-5976,Issued,"Building Permit No Plan Check",9/30/2025,09/30/2025,"5765 Cuneo Ct Graton [GRA]",078-110-005,$374.76,$0.00,"Replace 200A Federal Pacific panel. No added load. Same location."
BLD25-5977,Issued,"Building Permit No Plan Check",9/30/2025,09/30/2025,"1909 Sea Way Bodega Bay [BBY]",100-291-022,$374.76,$0.00,"200amp to 200amp mpu"
BLD25-5980,Issued,"Building Permit No Plan Check",9/30/2025,09/30/2025,"5250 Wendell Ln Sebastopol [SEB]",062-191-021,$374.76,$0.00,"Disconnect existing semi flush 100 amp zinsco panel. Install new 200 amp surface at least 3' from gas meter, PG&E approval TBD. Install grounds and bonds. Install new sub feeds to solar back up system."
BLD25-5983,Issued,"Building Permit No Plan Check",9/30/2025,09/30/2025,"2451 Burnside Rd Twin Hills [TWI]",073-062-055,$554.13,$0.00,"2451 Burnside Rd, Sebastopol, CA 95472 - Remove existing asphalt shingles and install new asphalt shingles - Class A installation - Self certification - 3,041 sq ft"
BLD25-5984,"Awaiting Applicant Response","Building Permit No Plan Check",9/30/2025,,"35405 Fly Cloud Rd Sea Ranch [SEA]",155-090-017,$0.00,$0.00,"SFD, Tear off & Reroof 24 SQ with (N) Underlayment & GAF Class A Shingles. Color Charcoal"
BLD25-5986,Issued,"Building Permit No Plan Check",9/30/2025,09/30/2025,"120 Riverside Dr Cloverdale [CLO]",115-170-052,$374.76,$0.00,"Replace existing Zinsco meter main panel with new meter main panel due to failed bussing."
BLD25-5987,Issued,"Building Permit No Plan Check",9/30/2025,09/30/2025,"1930 Cooper Rd Sebastopol [SEB]",063-250-019,$555.43,$0.00,"SFD; 43sqs; Self Certified contractor; Remove existing roof. Install with new Lifetime Class A composition shingles. Main House only"
BLD25-5285,"Awaiting Applicant Response","Building Permit With Plan Check",9/1/2025,,"82 Ramsgate Ct Windsor [WIN]",058-171-007,$0.00,$0.00,"I have two 8x20 sea land containers I would like to permit and use for storage 1 of 2, VBU25-0270"
BLD25-5286,Issued,"Building Permit With Plan Check",9/1/2025,09/05/2025,"1350 Cooper Rd Sebastopol [SEB]",063-270-013,$629.25,,"SFD_Install 7.74 kW PV solar array. Install 15 kWh battery backup system. BROADER CONSTRUCTION PROJECT COVERED UNDER BLD24-1166."
BLD25-5288,Issued,"Building Permit With Plan Check",9/2/2025,09/19/2025,"14965 Old Cazadero Rd Guerneville [GUE]",072-040-020,$2361.92,$30000.00,"Foundation Repair - Replace failing foundation & piers on SFD"
BLD25-5289,"Pre- Due","Building Permit With Plan Check",9/2/2025,,"9431 Chalk Hill Rd Windsor [WIN]",162-010-024,$1062.68,$12000.00,"AT&T Modification at existing wireless telecommunication site (856211/672287/CCL00460). Remove (6) antennas and (15) radio units. Install (6) antennas and (6) radio units. No increase to height of tower. Ground scope of work to be performed inside of existing equipment shelter: remove and replace (1) power plant, install (8) rectifiers and (7) converters. No changes to footprint of existing ground lease space."
BLD25-5297,Check,"Building Permit With Plan Check",9/2/2025,,"777 Tilton Rd Twin Hills [TWI]",077-070-059,$2084.47,,"SFD, Interior Remodel (1,916 SF) Deck Railing Repair (320 SF) Relocate kitchen and bathrooms. New/relocated windows and doors. No change to number of bedrooms or bathrooms. No change in building volume. Sprinkler location updates under a deferred permit submittal."
BLD25-5304,"Resubmittal Requested","Building Permit With Plan Check",9/2/2025,,"1499 Gumview Rd Windsor [WIN]",066-030-064,$2444.52,,"Residential: New In-Ground Gunite 20' x 38' Swimming Pool w/ Spa and Automatic Safety Cover $140,000"
BLD25-5311,Issued,"Building Permit With Plan Check",9/2/2025,09/19/2025,"1221 Adobe Canyon Rd Kenwood [KEN]",051-070-073,$479.10,,"installation of (1) 22KW Generac Generator and (1) 100A ATS Load Center. No new loads whatsoever."
BLD25-5313,Check,"Building Permit With Plan Check",9/2/2025,,"1015 Westside Rd Healdsburg [HEA]",110-350-006,$328.83,$9948.00,"Remodel two existing bathrooms and add one powder room (120 sf)"
BLD25-5316,Check,"Building Permit With Plan Check",9/2/2025,,"543 Limerick Ln Windsor [WIN]",086-080-006,$3357.74,,"CONVERT (E) BARN TO AN ADU - 1677 SF Permit an existing 1677 sf unpermitted barn conversion to an ADU."
BLD25-5318,"Awaiting Applicant Response","Building Permit With Plan Check",9/3/2025,,"4246 Whistler Ave Bellevue [BEL]",045-032-045,$0.00,$45442.28,"proposed RV cover"
BLD25-5319,Issued,"Building Permit With Plan Check",9/3/2025,09/08/2025,"617 Gull Dr Bodega Bay [BBY]",100-370-031,$454.00,$0.00,"SFD-NEW 6.30 KW DC PV, (14) Solar Modules, (14) Micro Inverter"
BLD25-5325,Check,"Building Permit With Plan Check",9/3/2025,,"13014 Henno Rd Glen Ellen [GLE]",053-120-062,$1689.02,$32587.64,"EVT17-05360 (N) 1,156 SF Detached Carport, Electrical (lighting), plumbing (hose bib) 2017 Sonoma Complex Fire New Carport - project site is a fire rebuild."
BLD25-5329,"Application Accepted/In Review","Building Permit With Plan Check",9/3/2025,,"999 Accela Way",999-999-999,$0.00,$49675.00,"Chase BBLD Test"
BLD25-5331,Issued,"Building Permit With Plan Check",9/3/2025,09/10/2025,"7112 E Hurlbut Ave Graton [GRA]",060-303-083,$629.25,,"SFD, Roof Mount Solar Expansion 11.44kW & 32kWh Battery Installation"
BLD25-5340,,"Plan Check",9/3/2025,,"1150 Tzabaco Creek Rd Geyserville [GEY]",139-210-021,$377.50,$0.00,"SFD, Ground Mount Solar PV Install 30.84kW"
BLD25-5341,Check,"Building Permit With Plan Check",9/3/2025,,"4141 Bayberry Dr Mark West Springs [MWS]",029-233-005,$559.44,$4415.07,"SFD, installing a solid aluminum patio cover attached to back of the home w/ electrical (187 SF) We are installing a solid aluminum patio cover attached to back of the home w/ electrical."
BLD25-5343,Issued,"Building Permit With Plan Check",9/3/2025,09/10/2025,"105 Upland Dr Petaluma [PET]",113-174-047,$637.35,,"SFD, Roof Mount Solar Panel Install, 13 panel DC system size 5.33kW, 1xEnphase IQ Battery 5P"
BLD25-5344,Issued,"Building Permit With Plan Check",9/3/2025,09/10/2025,"6640 St Helena Rd Rincon Valley [RIN]",028-150-020,$689.25,,"SFD, Roof Mount Solar Install 19.35kW with a New ESS"
BLD25-5352,"Resubmittal Received","Building Permit With Plan Check",9/4/2025,,"4359 Raymonde Way Bennett Valley [BEN]",049-220-019,$1604.46,$25258.24,"Detached Accessory Structure / Garage Tuff Shed - Widders Project - (28'w x32'l) (896 sq. ft.)"
BLD25-5352,"Resubmittal Received","Building Permit With Plan Check",9/4/2025,,"4359 Raymonde Way Bennett Valley [BEN]",049-220-019,$1604.46,$25258.24,"Detached Accessory Structure / Garage Tuff Shed - Widders Project - (28'w x32'l) (896 sq. ft.)"
BLD25-5355,"Resubmittal Requested","Building Permit With Plan Check",9/4/2025,,"434 Pacific Heights Dr Windsor [WIN]",058-290-046,$483.00,,"***URGENT***EVT17-01642 New Generator within (E) Verizon Wireless cell site compound, 30kW compact with 55gal diesel fuel tank and 200 amp ATS"
BLD25-5357,Issued,"Building Permit With Plan Check",9/4/2025,09/10/2025,"1305 W Dry Creek Rd Healdsburg [HEA]",089-160-014,$479.10,,"Install new 30 kWh energy storage system."
BLD25-5364,,"Plan Check",9/4/2025,,"9786 Ross Station Rd Forestville [FOR]",084-190-001,$1492.83,$24672.45,"Patio Expansion 1045 SF- Iron Horse Vineyard - - New covered patio at (E). Exterior structure only. No additional conditioned floor area."
BLD25-5366,Check,"Building Permit With Plan Check",9/4/2025,,"11000 Slattery Rd Kenwood [KEN]",053-180-027,$375.40,$11453.58,"Repair and improve an existing deck attached to a residence."
BLD25-5368,Issued,"Building Permit With Plan Check",9/4/2025,09/15/2025,"4950 Turner Rd Twin Hills [TWI]",062-120-006,$629.25,,"Install 9.02 kW DC rated roof mounted solar system and 20 kWh energy storage system. Install IQ meter collar in main service panel. Install level 2 EV charger in garage. For SFD."
BLD25-5371,Issued,"Building Permit With Plan Check",9/4/2025,,"4271 Deer Trail Rd Rincon Valley [RIN]",029-152-001,$479.10,,"SFD - Adding 5kWh ESS to existing PV System Energy Storage System Expansion - Addition of (1) 5-kWhr Battery - 15 kWhr Total Storage Capacity - No Changes to Existing Solar"
BLD25-5372,Check,"Building Permit With Plan Check",9/4/2025,,"2664 Keiser Rd Kenwood [KEN]",050-120-013,$1323.05,$32528.55,"VBU25-0281 WINE CAVE (570SF), COV PORCH & RETAIING WALLS Cut & Cover Wine Cave VBU25-0281 BLDG VBU25-0282 RW VGR25-0028"
BLD25-5375,Check,"Building Permit With Plan Check",9/5/2025,,"26835 Madrone Dr Cloverdale [CLO]",117-280-017,$688.91,$8264.16,"SFD, Remodel of two bathrooms and bedroom 1 closet. (144 SF)"
BLD25-5379,Issued,"Building Permit With Plan Check",9/5/2025,09/16/2025,"7522 Elphick Rd Twin Hills [TWI]",076-012-027,$406.12,,"To Complete B-117818, New Workshop (960 SF) The Permit was issued on 3/15/93, had a few inspections approved, but expired on 10/27/94. We would like to re-open the permit with the original drawing and calculation set. Renew @ 5%"
BLD25-5385,"Resubmittal Received","Building Permit With Plan Check",9/5/2025,,"5170 Oak Meadow Dr Santa Rosa [SRO]",130-353-008,$1007.99,$44102.80,"Reinforce area of existing roof which does not meet the prescriptive requirements for Solar Panel installation for PV system under separate permit # BLD25-5224. Scope includes removal of OSB sheathing and skip sheathing. Installation of new 2x6 sister rafters to existing, over spanned, 2x4 rafters, as well as installation of additional 2x6 rafters between sistered rafters, to achieve a final rafter layout of 2x6 at 12"" O.C. with 13'6"" span, which exceeds the table requirements T802.4.1(1)- CEILING NOT ATTACHED TO RAFTERS. All new 2x6 rafters (sister and single) and OSB sheathing are to be installed per Table 2304.10.2 FASTENING SCHEDULE. Re-roofing is under separate permit # BLD23-7267."
BLD25-5390,Check,"Building Permit With Plan Check",9/5/2025,,"71 Frey Rd Kenwood [KEN]",050-050-028,$1667.15,$58136.07,"SFD, Interior Remodel (1,013 SF) -Kitchen Remodel-Bathrooms remodeling -New Laundry -Existing fireplace and side doors in family room to be replaced with a new door -Door to be removed and replaced by a window in nook area"
BLD25-5394,"Pre- Due","Building Permit With Plan Check",9/5/2025,,"1984 Dalley Dr Bellevue [BEL]",060-050-061,$436.32,$3000.00,"“Voluntary seismic retrofit in accordance w/Plan Set A” (EBB grant, please add quoted language to permit for compliance"
BLD25-5396,Issued,"Building Permit With Plan Check",9/5/2025,09/11/2025,"19025 Kenleigh Dr Sonoma [SON]",064-050-007,$479.10,,"SFD - Adding 27kWh ESS (2 Tesla Powerwall 3 Units) to existing PV System INSTALL 2 BATTERY BACKUPS"
BLD25-5399,"Resubmittal Requested","Building Permit With Plan Check",9/6/2025,,"2788 Winberrie Knls Santa Rosa [SRO]",034-091-043,$2437.69,,"New Inground Gunite Swimming Pool and Spa"
BLD25-5401,Check,"Building Permit With Plan Check",9/7/2025,,"3860 Holland Dr Bennett Valley [BEN]",049-290-022,$704.75,$4728.00,"SFD, Replacement Deck with Stairs (400 SF)"
BLD25-5404,Issued,"Building Permit With Plan Check",9/8/2025,09/12/2025,"1854 Alexander Valley Rd Healdsburg [HEA]",091-030-044,$629.25,,"SFD 11.96 kW ROOF MOUNT SOLAR SYSTEM WITH ESS & 200AMP SOLAR READY SUBPANEL Install 11.96 kW DC rated roof mounted solar system and 30 kWh energy storage system. Install 200-Amp solar ready secondary metered sub panel with new IQ meter collar on (E) backboard. Install two level 2 EV chargers and 125-Amp sub panel inside ADU garage. For SFD."
BLD25-5407,Issued,"Building Permit With Plan Check",9/8/2025,09/09/2025,"5211 Volkerts Rd Twin Hills [TWI]",062-113-010,$2620.92,$40180.00,"SFD REMODEL KITCHEN AND BATHROOM INSULATION & DRYWALL RPLC"
BLD25-5410,Check,"Building Permit With Plan Check",9/8/2025,,"545 Limerick Ln Windsor [WIN]",086-080-006,$1980.21,$68959.48,"VBU25-0307: Unconditioned Art Studio (593 SF), New Deck (457 SF) Permit and bring into compliance an existing 593 sf detached accessory structure for use as an unconditioned Art Studio."
BLD25-5412,Check,"Building Permit With Plan Check",9/8/2025,,"4962 Deerwood Dr Windsor [WIN]",058-111-022,$1585.78,$51406.04,"SFD - (N) 485 SF JADU - 336 SF Addition and 149 SF Remodel = 485 SF -the construction of an addition, adding a studio adu with closet and kitchenette. -close existing doorway and add rated wall to separate spces, using existing bath and laundry for new unit -add rated wall to separate garage 2 to new unit."
BLD25-5414,Issued,"Building Permit With Plan Check",9/8/2025,09/23/2025,"450 Newport Pl Windsor [WIN]",058-290-038,$406.00,,"Renew at 5% To Complete BLD19-0367, Convert Pool House to ADU 1032 SF & Porch 288 SF - EVT17-01638 @ 5%"
BLD25-5417,Issued,"Building Permit With Plan Check",9/8/2025,09/12/2025,"4198 Canfield Rd Sebastopol [SEB]",025-110-006,$629.25,,"6.525 kW Roof-Mounted, Grid-Tied Photovoltaic Solar Installation and 15 kWh Battery Installation"
BLD25-5420,Issued,"Building Permit With Plan Check",9/8/2025,09/12/2025,"170 Larkfield Dr Windsor [WIN]",058-123-001,$479.10,,"SFD - Add (N) 15kWh ESS to (E) PV System ESS 15kWh AC (SFD exterior) to tie in with existing roof-mount PV."
BLD25-5421,Issued,"Building Permit With Plan Check",9/8/2025,09/25/2025,"14107 Armstrong Woods Rd Guerneville [GUE]",070-060-050,$2268.58,$44000.00,"Commercial TI – Replace Siding & Trim as Needed with (N) Flashings, Vapor barrier, and Sheeting. Minor ADA Upgrades in both Bathrooms"
BLD25-5422,Issued,"Building Permit With Plan Check",9/8/2025,09/10/2025,"498 Bloomfield Rd Twin Hills [TWI]",063-213-034,$454.00,$0.00,"SFD_8.1 kW-DC Residential Roof Mount Solar PV System Installation."
BLD25-5429,Issued,"Building Permit With Plan Check",9/8/2025,09/08/2025,"1741 Riebli Rd Mark West Springs [MWS]",067-160-003,$1274.30,,"RENEW TO COMPLETE BLD19-8204 2017 COMPLEX FIRE - **Revision changing occupancy to ADU. Adding Kitchen, Full Bath, Expanding lower deck and adding upper deck, Changing lower door opening** REPLACE BARN WITH ART STUDIO/OFFICE 960 SQ, DECK 384 SQ - EVT17-05090"
BLD25-5432,Issued,"Building Permit With Plan Check",9/8/2025,09/15/2025,"265 Terra Verde Rd Bodega Bay [BBY]",101-230-003,$479.10,,"SFD - Adding (N) 15kWh ESS to (E) PV System Install new 15kWh ESS on existing SFD with existing PV."
BLD25-5435,Check,"Building Permit With Plan Check",9/8/2025,,"5452 Hall Rd Santa Rosa [SRO]",130-240-055,$3494.69,,"Construct a 1.560 sq ft pool house (R3 occupancy) inside existing AEX barn. Convert structure to dual occupancy. Resolves violation VBU24-0128"
BLD25-5436,Issued,"Building Permit With Plan Check",9/8/2025,09/15/2025,"1643 Furlong Rd Twin Hills [TWI]",080-090-012,$479.10,,"SFD - Adding (N) 15kWh ESS to (E) PV System Install new 15kWh ESS on existing SFD with existing PV."
BLD25-5437,"Awaiting Applicant Response","Building Permit With Plan Check",9/8/2025,,"17500 Bodega Hwy Bodega Bay [BBY]",103-010-034,$0.00,,"CONVERT AND REMODEL (E) 2,137 SQ. FT. THREE STORY DUPLEX INTO A 2,896 SQ. FT. THREE STORY, TWO BEDROOM SINGLE FAMILY RESIDENCE. ADD 759 SQ.FT FLOOR AREA. DEMOLISH STRUCTURE ABOVE THE FIRST FLOOR SHEATHING. RETAIN (E) ENTIRE FIRST FLOOR FRAMING AND FOUNDATION. DEMOLISH AND REMOVE (E) FRONT AND REAR DECKS. REPLACE WITH 1,503 SQ FT DECKS. DEMOLISH (E) SINGLE STORY SHED. MAINTAIN USE OF (E) ON-SITE SEPTIC SYSTEM WITH (E) 1,200 GALLON TWO COMPARTMENT CONCRETE TANK AND (E) LEACH FIELD. (N) FIRE TRUCK ACCESS TURNOUT. (N) UNCOVERED TWO CAR PARKING AREA NOT VISIBLE FROM PUBLIC RIGHT OF WAY."
BLD25-5438,Issued,"Building Permit With Plan Check",9/8/2025,10/03/2025,"408 Country Club Dr Santa Rosa [SRO]",130-382-006,$1138.73,$13000.00,"SFD - (E) Pool resurface: remove and replace surface, install channel drain grate. $13k No new equipment, no structural changes."
BLD25-5439,"Awaiting Applicant Response","Building Permit With Plan Check",9/8/2025,,"82 Ramsgate Ct Windsor [WIN]",058-171-007,$0.00,$0.00,"Permit 2 of 2: VBU25-0271, I want to permit an 8x20 shipping container for storage"
BLD25-5441,"Awaiting Applicant Response","Building Permit With Plan Check",9/8/2025,,"4519 Ranchette Rd Rincon Valley [RIN]",029-130-062,$0.00,$0.00,"New carport construction on existing driveway slab. Carport to be separated from existing dwelling. Structural plans are included."
BLD25-5444,Issued,"Building Permit With Plan Check",9/9/2025,09/11/2025,"1130 Hill Rd Glen Ellen [GLE]",054-180-016,$454.00,$0.00,"EVT17-01746 SFD, Roof Mount Solar Panel Install 12.615kW DC, 2, 13.5KWH (27KWH) home backup battery"
BLD25-5447,"Awaiting Applicant Response","Building Permit With Plan Check",9/9/2025,,"3300 Thorn Rd Twin Hills [TWI]",076-160-046,$0.00,$0.00,"Agricultural Worker family replacement with new manufactured home. Remove existing occupied old manufactured home and replace with new manufactured home."
BLD25-5449,Check,"Building Permit With Plan Check",9/9/2025,,"4352 Stony Point Rd Bellevue [BEL]",134-263-011,$708.95,,"PV Ground Mount; 32 modules, 13.12kW, Existing Main 175A, 2 SolarEdge Batteries (9.7kWh, 1 BUI)"
BLD25-5452,,"Plan Check",9/9/2025,,"3511 Deer Trail Ct Rincon Valley [RIN]",029-151-022,$960.91,$14325.84,"SFD, Rebuild existing exterior decks on level 1. Rebuild existing balcony on level 2. (1,212 SF)"
BLD25-5453,Check,"Building Permit With Plan Check",9/9/2025,,"856 Red Tail Rd Windsor [WIN]",086-150-024,$5796.22,,"NEW SFD - 4710 SF, GARAGE - 1065 SF & BALCONY - 125 SF (Pool on Separate Permit) NEW SINGLE FAMILY DWELLING, & LANDSCAPING"
BLD25-5455,Issued,"Building Permit With Plan Check",9/9/2025,09/18/2025,"11135 Cherry Ridge Rd Twin Hills [TWI]",061-120-030,$479.10,,"Install 30 kW energy storage system integrated with existing solar system. Remove existing Main Service Panel and install new 200-amp Main Service Panel. Install 125-Amp sub panel. Original solar permit #BLD21-4497. For SFD."
BLD25-5456,"Awaiting Applicant Response","Building Permit With Plan Check",9/9/2025,,"1180 Sundown Trl Mark West Springs [MWS]",067-190-004,$0.00,$0.00,"EVT17-01085 (N) Detached Garage 759 SF 2017 Sonoma Complex Fire"
BLD25-5462,"Awaiting Applicant Response","Building Permit With Plan Check",9/9/2025,,"3405 Moriconi Dr Santa Rosa [SRO]",034-150-012,$0.00,$0.00,"Remove and reinstall (10) roof mount solar panels at 3 kW."
BLD25-5466,"Awaiting Applicant Response","Building Permit With Plan Check",9/9/2025,,"1633 Madrone Ave Healdsburg [HEA]",087-191-009,$14732.37,,"The work includes, but is not limited to, furnishing all labor, equipment, materials, and supplies to provide for the demolition and replacement of one (1) existing 100,000 gallon water storage tank within the Fitch Mountain Water System near Healdsburg, CA. The existing 100,000 gallon water storage tank will be replaced with the installation of one (1) 200,000 gallon stainless steel potable water storage tank."
BLD25-5469,"Awaiting Applicant Response","Building Permit With Plan Check",9/9/2025,,"419 Scenic Ave Bellevue [BEL]",045-011-006,$0.00,$0.00,"NEW 1,600 S.F. AGRICULTURAL HAY STORAGE W / NO ELECTRICAL"
BLD25-5471,Issued,"Building Permit With Plan Check",9/9/2025,09/12/2025,"9750 Via Canada Kenwood [KEN]",050-191-006,$629.25,,"Install 11.04 kW DC rated roof mounted solar system and 10 kWh energy storage system. Remove existing 400-Amp Main Service Panel and install new 400-Amp Main Service Panel. Remove existing 200-Amp sub panel and replace with new 200-Amp solar ready sub panel. For SFD."
BLD25-5478,Check,"Building Permit With Plan Check",9/9/2025,,"55 Brighton Ct Windsor [WIN]",058-262-002,$783.30,$20000.00,"T-Mobile is looking to replace the batteries within their existing cabinet with new batteries. All of the equipment locations are on ground concrete pads. The scope of work is only battery replacement within the existing cabinets, so there will be no physical changes to the look of the site."
BLD25-5484,Check,"Building Permit With Plan Check",9/9/2025,,"4640 Vine Hill Rd Forestville [FOR]",084-110-015,$880.70,$26498.60,"Detached Garage 940 SF"
BLD25-5486,Check,"Building Permit With Plan Check",9/9/2025,,"13270 Dupont Rd Graton [GRA]",074-020-048,$665.46,$11276.00,"Detached Garage 400 SF, metal on concrete slab. Structure will have a 16ft Wx10ft H insulated, sectional garage door w opener. - Grade site at new structure location. - Provide and Install 20ft x 20ft x 5"" thick slab with foundation - Provide and Install 20ft x 20ft x 12ft ridge fully metal garage - Provide and Install new 16x10 insulated sectional garage door with rectangle windows on top panel only - Provide and Install 70amp subpanel - Provide and Install (2) exterior wall mount light (6) interior truss mounted 4ft led shop lights (7) outlets - (6) inside (1) GFCI outside"
BLD25-5489,Check,"Building Permit With Plan Check",9/9/2025,,"11358 McPeak Rd Forestville [FOR]",081-070-014,$1158.81,,"SFD, Foundation repair 860 SF"
BLD25-5490,Check,"Building Permit With Plan Check",9/9/2025,,"23315 Vineyard Rd Geyserville [GEY]",141-200-023,$2617.95,,"SFD - 575 SF Addition of Bedroom and Bathroom, remodeling 1,517 SF kitchen/interior stairs/den, replace most windows and exterior doors, M/E/P Residential addition of an entry foyer, laundry room and primary bedroom & bathroom. Update existing kitchen. Update existing interior stairs. Replace most existing windows and exterior doors."
BLD25-5491,Issued,"Building Permit With Plan Check",9/9/2025,09/26/2025,"7408 Elphick Rd Twin Hills [TWI]",076-022-014,$629.25,,"SFD, Install 8.2 kW rooftop solar array. Install 10 kWh battery backup system."
BLD25-5492,"Awaiting Applicant Response","Building Permit With Plan Check",9/9/2025,,"5880 Hall Rd Santa Rosa [SRO]",130-240-005,$0.00,$0.00,"existing house to become ADU. change from three bedroom to one bedroom and a office... new dwelling-main residence to be two bedroom with an office"
BLD25-5494,"Awaiting Applicant Response","Building Permit With Plan Check",9/9/2025,,"22188 Umland Cir Timber Cove [TIM]",109-420-037,$0.00,,"(N) SFD - 1,452 SF 1BD/1BA, 551 SF Patio, 766 SF Deck"
BLD25-5500,"Awaiting Applicant Response","Building Permit With Plan Check",9/10/2025,,"1005 Westside Rd Healdsburg [HEA]",110-350-002,$0.00,$0.00,"SEEKING EXPANSION PERMIT - SCOPE BELOW: 1. LEVEL 1 A) REPLACE FRENCH CASEMENT DOORS WITH CLERESTORY WINDOWS AND SLIDERS. B) INTERIOR KITCHEN REMODEL WITH ADDED WALLS FOR PANTRY. C) INTERIOR REMODEL AT GUEST BATH AND NEW PARTITIONS TO ADD OFFICE AND SPLIT BATHROOM. 2. LEVEL 2 A) REMOVE (E) LEAKING TERRACE AT SECOND FLOOR TO ENCOMPASS POTENTIAL ELEVATOR AND ADD A SECONDARY PRIMARY BATH WITH NEW HIGHER EFFICIENCY WINDOWS. B) NEW OVERHANG AT NORTH SIDE TO IMPROVE WATERPROOFING. 3. BOTH LEVELS A) PLAN FOR FUTURE INSTALLATION OF A 2-STORY ELEVATOR."
BLD25-5501,"Resubmittal Requested","Building Permit With Plan Check",9/10/2025,,"1600 Sobre Vista Rd Glen Ellen [GLE]",133-082-006,$2639.15,,"(E) Swimming Pool Remodel - Add Auto Safety Cover, (N) Spa and New Pool Equipment. Project Valuation: $146,000"
BLD25-5503,Check,"Building Permit With Plan Check",9/10/2025,,"15160 Chalk Hill Rd Geyserville [GEY]",132-250-013,$293.96,$3305.40,"CREATE COVERED PORCH 140 SF BY EXTENDING ROOF Roof structure onto existing single-family residence (covered front porch). Repair and enlarging front door. Covered porch open on 2 sides and enclosed on 2 sides of existing building siding."
BLD25-5511,Issued,"Building Permit With Plan Check",9/10/2025,09/12/2025,"5711 St Helena Rd Rincon Valley [RIN]",028-350-050,$479.10,,"SFD Install ESS - (1) Tesla Powerwall 3 13.5kWh, (1) Powerwall 3 DC Expansion Unit 13.5kWh, (1) Tesla Backup Switch, & (1) Energy System Disconnect"
BLD25-5515,Issued,"Building Permit With Plan Check",9/10/2025,09/25/2025,"3300 Westwind Blvd Santa Rosa [SRO]",059-370-021,$479.10,,"Commercial, New Power, Signal, & Branch to (E) Panel"
BLD25-5518,Check,"Building Permit With Plan Check",9/10/2025,,"15967 Laurel Cir Guerneville [GUE]",070-110-068,$2901.44,,"(N) SFD - 1,467 SF Single Story 1bd/1ba, 277 SF Patio"
BLD25-5520,Check,"Building Permit With Plan Check",9/11/2025,,"11361 Barnett Valley Rd Twin Hills [TWI]",026-090-011,$1769.22,$92928.00,"FOUNDATION ONLY** New ADU, 2 BD, 2 BA (1,064 SF) Cabin kit and we are starting with the permit for the foundation. 2 BD, 2 BA log cabin ADU (1064sf) from eLogHomes. Cabin kit and we are starting with the permit for the foundation."
BLD25-5527,Check,"Building Permit With Plan Check",9/11/2025,,"310 Colony Rd Geyserville [GEY]",141-200-020,$1512.97,$21650.36,"Residential: Construction of new screened-in porch cover over existing deck. Unconditioned space. Demolition of existing trellis over existing deck Demolition of existing trellis over existing deck. Construction of new screened- in porch cover over existing deck."
BLD25-5528,Check,"Building Permit With Plan Check",9/11/2025,,"1120 Tapadera Dr Bellevue [BEL]",035-234-011,$1612.60,$36810.46,"NEW 822 SF GARAGE ADDITION, 29 SF HALF-BATH, AND 446 SF COVERED PATIO IN THE BACKYARD. NEW GARAGE WILL BE LOCATED WITHIN THE BUILDING ENVELOPE AND OUTSIDE THE LOT'S SIDE SETBACKS. THE EXISTING EXTERIOR WALL ADJACENT TO THE NEW GARAGE WILL REMAIN; A SECONDARY WALL WILL BE INSTALLED TO SUPPORT THE NEW GARAGE ROOF INDEPENDENTLY FROM THE HOUSE, MAINTAINING STRUCTURAL SEPARATION AND PROVIDING FIRE PROTECTION. PARTIAL DEMOLITION OF EXISTING ROOF EAVES IS PROPOSED TO ACCOMMODATE THE NEW CONSTRUCTION."
BLD25-5529,"Resubmittal Requested","Building Permit With Plan Check",9/11/2025,,"5060 Warm Springs Rd Glen Ellen [GLE]",054-310-026,$2352.49,,"2017 SONOMA COMPLEX FIRE - NEW CONSTRUCTION OF A SINGLE STORY, 2102 SQ FT, 380 SQ FT GARAGE, 3 BEDROOM, 2.5 BATHROOM SFD"
BLD25-5530,,"Plan Check",9/11/2025,,"135 Verano Ave Agua Caliente [AGU]",127-071-005,$1883.40,,"Structural reinforcement of existing CMU wall along the east property line. Structural components will be concealed by wood slat fencing, similar to the fence being constructed on the west property line."
BLD25-5533,Check,"Building Permit With Plan Check",9/11/2025,,"5875 Cannon Ln Lakeville [LAK]",068-060-070,$1986.85,,"Foundation repair using 48 Push piers"
BLD25-5534,Issued,"Building Permit With Plan Check",9/11/2025,09/18/2025,"510 Furlong Rd Twin Hills [TWI]",077-100-090,$927.98,$9970.00,"Main House, Seismic Retrofit to strengthen the structure as per standard plan set A as per EBB & CEA requirements (the paved driveway leads directly to SFD) Seismic Retrofit to a single family residential home. This project is to strengthen an existing structure as per standard plan set A as per EBB & CEA requirements"
BLD25-5536,Check,"Building Permit With Plan Check",9/11/2025,,"11320 Westside Ave Forestville [FOR]",081-023-012,$762.68,$7932.96,"NEW CARPORT/DECK (336 SF) New Detached Parking Deck Build"
BLD25-5537,Check,"Building Permit With Plan Check",9/11/2025,,"4075 Pressley Rd Bennett Valley [BEN]",049-030-092,$1873.58,$60438.48,"Detached Garage 1808 SF with 2nd floor Shop 336 SF"
BLD25-5543,"Resubmittal Requested","Building Permit With Plan Check",9/11/2025,,"276 Scenic Ave Bellevue [BEL]",045-033-003,$0.00,$0.00,"To Complete: BLD19-6460-NEW GUEST HOUSE WITH COVERED DECKS ABOVE GARAGE RENEW @ 65% [ERIC MILLER]"
BLD25-5547,Issued,"Building Permit With Plan Check",9/11/2025,09/17/2025,"2399 Warm Springs Rd Glen Ellen [GLE]",053-180-047,$629.25,,"SFD Roof Mount Solar Panel Install 6.02kW, (N) ESS 13.5kWh"
BLD25-5548,Issued,"Building Permit With Plan Check",9/11/2025,09/16/2025,"1757 Willowside Rd Santa Rosa [SRO]",057-021-032,$629.25,,"Res, Roof Mount Solar Panel Install 6.02kW, (N) ESS 13.5kWh on detached garage"
BLD25-5549,Issued,"Building Permit With Plan Check",9/11/2025,09/17/2025,"10005 Bodega Hwy Twin Hills [TWI]",077-010-063,$454.00,$0.00,"SFD, Roof Mount Solar Panel Install 7.74kW on detached garage"
BLD25-5550,Issued,"Building Permit With Plan Check",9/11/2025,09/17/2025,"353 Buttercup Ct Sonoma [SON]",142-240-039,$454.00,$0.00,"SFD, Roof Mount Solar Panel Install 3.87kW"
BLD25-5551,Check,"Building Permit With Plan Check",9/11/2025,,"2000 Wood Rd Santa Rosa [SRO]",034-050-018,$694.66,,"(N) 6.02kW Ground Mount PV System w/ 13.5kWh ESS Install new Ground Mount 6.02kW solar PV system on a pre-engineered ground mount racking system with a new energy storage system."
BLD25-5552,"Application Accepted/In Review","Building Permit With Plan Check",9/11/2025,,"4501 Trinity Rd Glen Ellen [GLE]",053-260-008,$0.00,,"SFD, Roof Mount Solar Panel Install 9.46kW, ESS 13.5kWh on garage"
BLD25-5553,Check,"Building Permit With Plan Check",9/11/2025,,"18701 Fitzpatrick Ln Occidental [OCC]",073-270-033,$1362.23,$34250.85,"Detached Garage 1215 SF reconstruction on existing footprint"
BLD25-5559,,"Plan Check",9/12/2025,,"200 Piezzi Rd Santa Rosa [SRO]",130-223-075,$3293.32,,"SFD, Addition (713 SF), Remodel (1,591 SF) New Att Garage (674) DEMO UNPERMITTED ADDITION AREA OF EXISTING RESIDENCE. DEMO GARAGE OF EXISTING RESIDENCE. INTERIOR REMODEL OF EXISTING RESIDENCE. NEW ADDITION TO EXISTING RESIDENCE. NEW ATTACHED GARAGE TO EXISTING RESIDENCE. NEW HVAC SYSTEM FOR EXISTING RESIDENCE. NEW ROOF FOR ENTIRE STRUCTURE."
BLD25-5563,"Awaiting Applicant Response","Building Permit With Plan Check",9/12/2025,,"6625 Hillview St Bloomfield [BLO]",027-130-011,$0.00,$95782.54,"New ADU (751 SF) Converting portion of existing metal workshop"
BLD25-5566,,"Plan Check",9/12/2025,,"3900 Wallace Rd Rincon Valley [RIN]",029-050-059,$482.75,,"SFD - (N) 48kW Ground mounted PV System extending across two structures w/ 143kWh ESS and associated equipment Installation of 48 panelx 450w panels on solar carport and 48x 550w solar panels on groundmounts. 1x Eg4 18kpv inverter; 3x Eg4 Flexboss21; 1x Eg4 gridboss; 10x Eg4 all weather powerpro"
BLD25-5568,Started,"Building Permit With Plan Check",9/12/2025,,"999 Accela Way",999-999-999,$0.00,$0.00,Test
BLD25-5569,Check,"Building Permit With Plan Check",9/12/2025,,"2700 Thornsberry Rd Sonoma [SON]",127-332-033,$2265.57,,"NEW RETAINING WALLS (1,996 SF) Concrete Stairs (110 SF) NEW ADU & POOL UNDER SEPARATE PERMITS. ADU PERMIT IS BLD25- 3820"
BLD25-5573,Issued,"Building Permit With Plan Check",9/12/2025,09/19/2025,"820 Midpine Way Twin Hills [TWI]",063-350-056,$629.25,,"SFD, Roof Mount Solar Install 8.7kW with ESS 15kWh"
BLD25-5575,Issued,"Building Permit With Plan Check",9/12/2025,09/19/2025,"16443 Melody Ln Guerneville [GUE]",069-270-023,$629.25,,"SFD - (N) 5.98 kW Roof Mounted PV Solar System and 15kwh ESS"
BLD25-5577,Check,"Building Permit With Plan Check",9/12/2025,,"3910 Meadowview Ln Penngrove [PEN]",047-351-004,$462.07,$8838.06,"Decommission bedroom (with conversion to an office). In coordination with permit application BLD25-3499, which seeks to create an ADU on the property. We have a septic system, so we need to reduce the bedroom count in the existing house by one so that the addition of the ADU does not exceed the capacity of the septic system. Such is the intent of this application."
BLD25-5580,"Awaiting Applicant Response","Building Permit With Plan Check",9/12/2025,,"3753 Porter Creek Rd Mark West Springs [MWS]",028-080-016,$0.00,,"EVT17-03888 (N) ADU - 17.5kW Roof Mount PV System w/ 50kWh ESS 2017 Sonoma Complex Fire PV Solar with battery for Permit #BLD21-9198 as deferred submittal. 17.5 kw pv system with 50kw battery. See attached plans / engr."
BLD25-5587,"Resubmittal Requested","Building Permit With Plan Check",9/14/2025,,"8843 W Dry Creek Rd Geyserville [GEY]",139-150-035,$0.00,,"install 15.73kW (37) PV; (15) TESLA MCI-2 RAPID SHUTDOWN DEVICES (3)TESLA INC./DC COUPLED HYBRID SYSTEM POWERWALL 3 1707000- XX-Y 120V/240V, 11.5KW, 13.5KWH BATTERY (1) TESLA BACKUP GATEWAY 3 1841000-X1-Y WITH INTERNAL PANELBOARD"
BLD25-5588,Issued,"Building Permit With Plan Check",9/15/2025,09/22/2025,"1205 Chauvet Rd Glen Ellen [GLE]",054-360-001,$627.00,,"EVT17-03959 SFD, Roof Mount Solar Install 10.44kW with (1) 5kWh Battery, (1) System Controller, (1) PV Combiner, (1) 30A Switch, 14' Trench - 2017 Sonoma Complex Fire"
BLD25-5590,Check,"Building Permit With Plan Check",9/15/2025,,"1880 Riebli Rd Mark West Springs [MWS]",029-210-025,$225.00,,"EVT17-04372 SFD,Ground Mount Solar Panel Install PV 6.56kW DC (4/64kW AC)."
BLD25-5596,"Awaiting Applicant Response","Building Permit With Plan Check",9/15/2025,,"2207 Peachland Ave Graton [GRA]",130-270-037,$0.00,$63584.00,"Legalize with Permit ADU 640 SF, Detached Garage conversion VBU24-0387"
BLD25-5600,Issued,"Building Permit With Plan Check",9/15/2025,10/01/2025,"11114 Falstaff Rd Twin Hills [TWI]",073-071-087,$629.25,,"Remove existing solar system and install new 5.22 kW DC rated roof mounted solar system. Install 10 kWh energy storage system. For SFD."
BLD25-5603,Issued,"Building Permit With Plan Check",9/15/2025,09/18/2025,"1856 Sperring Rd Sonoma [SON]",142-025-017,$717.15,$6427.68,"SFD, Minor Remodel in Master Bathroom & Guest Bathroom"
BLD25-5605,"Awaiting Applicant Response","Building Permit With Plan Check",9/15/2025,,"2648 S Fitch Mountain Rd Healdsburg [HEA]",087-101-012,$0.00,$10704.79,"SFD, Enclose (E) Covered Porch 103 SF, Replace windows, (N) mini splits for heat and air"
BLD25-5609,Issued,"Building Permit With Plan Check",9/15/2025,09/18/2025,"150 Valley View Dr Petaluma [PET]",113-171-012,$629.25,,"SFD, Roof Mount Solar Install 5.850 kW, (1) Tesla Powerwall with 11.5kW built- in inverter, (1) Tesla Backup Gateway 3, (1) Lockable Disconnect Switch, (7) Tesla Solar Shutdown Device MCI-2"
BLD25-5612,,"Plan Check",9/15/2025,,"20645 8th St E Sonoma [SON]",126-031-034,$1626.98,$33228.84,"New Pool House 288SF with covered patio 100 SF- changing rm with 1/2 bath and strorage"
BLD25-5614,"Awaiting Applicant Response","Building Permit With Plan Check",9/15/2025,,"7330 Lynch Rd Twin Hills [TWI]",060-170-024,$0.00,$0.00,"· NEW OUTDOOR BATHROOM WITH COVERED STRUCTURE and CONNECT TO EXISTING SEWER SYSTEM. · NEW DEDICATED 240V 20A ELECTRICAL CIRCUIT FOR SAUNA · NEW 1"" GAS LINE FOR FIRE PIT"
BLD25-5617,Issued,"Building Permit With Plan Check",9/15/2025,09/18/2025,"639 Greenview Dr Windsor [WIN]",039-190-013,$479.10,,"Install 1 IQ Battery 10C battery to work with an existing solar system"
BLD25-5618,"Awaiting Applicant Response","Building Permit With Plan Check",9/15/2025,,"4820 Wagon Wheel Ln Rincon Valley [RIN]",029-021-033,$0.00,$0.00,"LEGALIZE: Convert portion of attached garage to living space designated as a living room. 19.75' x 11.66' (230sf exterior measure) 2x6 studs 2x10 DF ledgers with 2x10 hangers Add 3 plugs to existing circuit Convert two fluorescent lights to can lights Add ceiling fan hanger and fan Add heat register to existing HVAC system Insulate with r23 Rockwool 3/4 drywall Add vents to existing crawlspace to allow venting Add doorway into existing living space. Move coax from bedroom wall to new living room wall, no new wiring."
BLD25-5619,"Awaiting Applicant Response","Building Permit With Plan Check",9/15/2025,,"4484 Labath Ave A Bellevue [BEL]",045-053-032,$0.00,$0.00,"Permit Accessory buildings Pool House and Guest House Storage"
BLD25-5622,Check,"Building Permit With Plan Check",9/15/2025,,"13940 Village Ave Healdsburg [HEA]",088-120-023,$1187.21,$17233.00,"Owner is performing work along the shoreline of Russian River to resolve a violation. The violation resulted from hand-work Owner implemented to replace a deteriorating wood stairway and boatramp with a stairway and ramp consconstructed from metal gabion baskets filled with natural river cobbles from the river bed. Owner obtained CDFW and RWQCB permits to remove the gabion baskets, restore the pre-existing channel bank slope, and install new replacement stairway and ramp structures. The replacement structures are single piece pre-fabricated aluminum stairway and ramp (2 pieces) that will be fastened to new steel pipe piles driven into the ground and extending above finished grade 6-9"". The owner obtained a geotechnical investigation report and geotechnical-structural design recommendations from Miller-Pacific Engineering group including pipe pile anchoring construction details and hardware details for fastening the pre-fab pieces to the pipe pile caps. The work will be performed by hand with hand tools carried to the work location on foot. There is no construction access for equipment. There is no excavation or stockpiling or production of exposed soil, etc. The Owner appplied for a Zoning Permit and a Grading Permit. All permit issuance is pending approval of a Building Permit."
BLD25-5623,"Awaiting Applicant Response","Building Permit With Plan Check",9/15/2025,,"5575 Hall Rd Santa Rosa [SRO]",130-210-018,$1809.30,$18097.74,"Ag Employee MFG Home (1,136 SF, Stairs and Landing (57 SF) Agricultural Employee Dwelling Unit Project: 2 bedroom dwelling unit"
BLD25-5627,Issued,"Building Permit With Plan Check",9/16/2025,09/29/2025,"1150 Solano Ave Agua Caliente [AGU]",052-441-011,$629.25,,"Res, Roof Mount Solar Panel Install, PV 11 Modules. 4.455kW, (E)MSP 125A; Tesla PW3 on detached garage"
BLD25-5628,Check,"Building Permit With Plan Check",9/16/2025,,"1920 Redwood Hill Rd Mark West Springs [MWS]",079-100-027,$2906.22,,"New Pool House (1,203 SF) Cov'd Porches (407 SF) construction of new 1,203 sq. ft. pool house"
BLD25-5629,"Awaiting Applicant Response","Building Permit With Plan Check",9/16/2025,,"3440 Lemire Ln Twin Hills [TWI]",025-080-024,$0.00,$0.00,"7.44KW ground mount solar electric system with 16KW battery backup"
BLD25-5630,,"Plan Check",9/16/2025,,"3162 Bloomfield Rd Twin Hills [TWI]",025-050-047,$853.00,,"14.8KW ground mount solar electric system with 16KW battery backup"
BLD25-5631,"Pre- Due","Building Permit With Plan Check",9/16/2025,,"246 Screech Owl Sea Ranch [SEA]",156-360-039,$861.78,$3000.00,"Install new propane stove/fireplace"
BLD25-5633,Issued,"Building Permit With Plan Check",9/16/2025,10/02/2025,"18829 Melvin Ave Agua Caliente [AGU]",127-342-053,$1364.21,$2597.10,"Repairing carport due to leak from falling tree branch and pooling water"
BLD25-5639,"Pre- Due","Building Permit With Plan Check",9/16/2025,,"5465 Bravo Toro Ln Santa Rosa [SRO]",130-250-033,$644.25,,"Main House _15.64 kW-DC Residential Roof Mount Solar Installation w/20 kWh Grid-Tied Battery Storage for Self Consumption Only (No Backup)"
BLD25-5643,Issued,"Building Permit With Plan Check",9/16/2025,09/24/2025,"3655 Bisordi Ln Santa Rosa [SRO]",059-180-025,$629.25,,"(Primary Residence) 5.98 kW-DC Residential Roof Mount Solar PV Installation w/10 kWh Battery Storage for Self Consumption Only (No Backup)"
BLD25-5644,Issued,"Building Permit With Plan Check",9/16/2025,09/24/2025,"3655 Bisordi Ln Santa Rosa [SRO]",059-180-025,$629.25,,"(Barn) 5.98 kW-DC Residential Roof Mount Solar PV Installation w/10 kWh Battery Storage for Self Consumption Only (No Backup)"
BLD25-5646,Issued,"Building Permit With Plan Check",9/16/2025,10/03/2025,"10540 Mill Station Rd Graton [GRA]",061-030-030,$1531.83,$0.00,"Install new 7.92kW ground mounted PV solar system."
BLD25-5647,"Awaiting Applicant Response","Building Permit With Plan Check",9/16/2025,,"3 S Temelec Cir Sonoma [SON]",142-300-030,$0.00,$4249.80,"Legalize by permit Covered Patio 180 SF on SFD, AT THE REAR OF MAIN RESIDENCE. PROPOSED PLANS FOR PATIO TO BE WITHIN 5' REQUIRED SETBACK."
BLD25-5648,Issued,"Building Permit With Plan Check",9/16/2025,09/19/2025,"1529 Willowside Rd Santa Rosa [SRO]",057-090-016,$629.25,,"Install new 10.12kW roof mounted PV solar system and 30kWh ESS on existing SFD."
BLD25-5649,Check,"Building Permit With Plan Check",9/16/2025,,"7303 Lynch Rd Twin Hills [TWI]",060-150-008,$1088.20,$19248.72,"Residential: New Carport (672 SF), Tool Shed (120 SF) Carport & Tool Storage Addition to Existing Detached Garage"
BLD25-5654,Issued,"Building Permit With Plan Check",9/16/2025,09/26/2025,"695 Cherry Creek Rd Cloverdale [CLO]",115-230-008,$905.57,,"Install 1600 lf of 2"" diameter underground water line to service an existing adult care facility."
BLD25-5656,Issued,"Building Permit With Plan Check",9/16/2025,09/23/2025,"5010 Bodega Ave Petaluma [PET]",113-020-069,$629.25,,"SFD - (N) 7.31kW Roof Mount PV System w/ 27kWh ESS Install new 7.31kW solar PV system with a new energy storage system."
BLD25-5657,Issued,"Building Permit With Plan Check",9/16/2025,09/23/2025,"5379 Wilshire Dr Mark West Springs [MWS]",067-140-005,$627.00,,"EVT17-05642 SFD - (N) 6.02kW Roof Mount PV System w/ 13.5kWh ESS 2017 Sonoma Complex Fire Install new 6.02kW solar PV system with a new energy storage system."
BLD25-5658,Issued,"Building Permit With Plan Check",9/16/2025,09/23/2025,"300 Adobe Canyon Rd Kenwood [KEN]",051-040-046,$672.00,,"EVT17-04659 SFD - 18.06kW Roof Mount PV System w/ 60kWh ESS 2017 Sonoma Complex Fire Install new 18.06kW solar PV system with a new energy storage system."
BLD25-5660,"Awaiting Applicant Response","Building Permit With Plan Check",9/16/2025,,"7630 Mirabel Rd Forestville [FOR]",083-151-031,$0.00,$0.00,"Install 4.4 kW rooftop solar array on existing detached carport. Install 10 kWh battery backup system. This system fulfills any solar requirements for BLD25- 1060."
BLD25-5661,"Awaiting Applicant Response","Building Permit With Plan Check",9/16/2025,,"3006 Bloomfield Rd Twin Hills [TWI]",025-050-022,$0.00,$0.00,"13.5 kW GROUND MOUNT SOLAR W/BATTERY pv power port ground mount"
BLD25-5662,Issued,"Building Permit With Plan Check",9/16/2025,09/22/2025,"7632 Mirabel Rd Forestville [FOR]",083-151-031,$629.25,,"SFD - Remove (E) 8.4 kW solar array on the garage. Replace w/ 11.92 kW solar array in same location, add (N) 30 kWh ESS"
BLD25-5663,,"Plan Check",9/16/2025,,"1900 Jameson Rd Healdsburg [HEA]",089-180-021,$659.42,,"SFD, Ground Mount Solar Panel Install 13.5kW, ESS 15kWh"
BLD25-5664,Issued,"Building Permit With Plan Check",9/16/2025,09/30/2025,"2571 Laguna Rd Graton [GRA]",078-140-067,$629.25,,"SFD - 8.55kW Roof Mount PV System w/ 30kWh ESS, (2) Franklin WH aGates automatic transfer switches and (19) Enphase Micro Inverters. Installation of (2) Franklin WH aGates automatic transfer switches, (2) Franklin Wh aPowers batteries, (19) Solar PV panels, and (19) Enphase Micro Inverters."
BLD25-5665,Issued,"Building Permit With Plan Check",9/17/2025,09/19/2025,"1344 Wikiup Dr Windsor [WIN]",039-140-003,$627.00,,"EVT17-04433 SFD, Roof Mount Solar Panel Install 10.875 kW, (2) 13.5kWh (27 KWH) Battery backup- on detached garage"
BLD25-5666,,"Plan Check",9/17/2025,,"299 Meadowlark Ln Sonoma [SON]",128-484-041,$4045.55,,"SFD, Addition of (1,208 SF) Remodel (2,742 SF) New Deck (754 SF) 1200 sq ft additon"
BLD25-5668,Issued,"Building Permit With Plan Check",9/17/2025,09/24/2025,"358 Wikiup Dr Windsor [WIN]",039-070-003,$506.46,$4000.00,"“Voluntary seismic retrofit in accordance w/Plan Set A” (EBB grant, please add quoted language to permit for compliance. Thank you!) Valuation = $4,000"
BLD25-5669,Issued,"Building Permit With Plan Check",9/17/2025,09/26/2025,"15940 Drake Rd Forestville [FOR]",071-140-078,$479.10,,"SFD, Install New ESS 13.5 kWh"
BLD25-5670,Check,"Building Permit With Plan Check",9/17/2025,,"909 E Napa St Sonoma [SON]",127-291-022,$1748.66,$51822.41,"NEW POOL HOUSE / POOL CABANA - 415 SF & COV PORCH - 311 SF"
BLD25-5671,"Application Accepted/In Review","Building Permit With Plan Check",9/17/2025,,"3000 Amber Ln Rincon Valley [RIN]",029-050-037,$0.00,,"EVT17-04219 - Construction of 629 SF Pool and 66 SF (in pool )Spa. Pool and Spa will have an automated pool cover"
BLD25-5680,"Awaiting Applicant Response","Building Permit With Plan Check",9/17/2025,,"1777 Bollinger Ln Twin Hills [TWI]",076-030-041,$0.00,$0.00,"New Pool"
BLD25-5684,"Pre- Due","Building Permit With Plan Check",9/17/2025,,"777 Piezzi Rd Santa Rosa [SRO]",130-250-019,$629.25,,"SFD, Roof Mount Solar Panel Install 11.18kW and ESS 15kWh"
BLD25-5689,Issued,"Building Permit With Plan Check",9/18/2025,09/29/2025,"14831 Drake Rd Forestville [FOR]",071-050-039,$479.10,,"SFD, Install (N) ESS 13.5 kWh"
BLD25-5690,,"Plan Check",9/18/2025,,"106 Sunnyside Ave Agua Caliente [AGU]",056-212-030,$841.71,$14634.69,"SFD, Minor Interior Remodel (223 SF) New staircase leading from Level 2 to Level 3. New portion of roof above level 3. New staircase leading from Level 2 to Level 3. New portion of roof above level 3."
BLD25-5691,"Awaiting Applicant Response","Building Permit With Plan Check",9/18/2025,,"4484 Labath Ave A Bellevue [BEL]",045-053-032,$0.00,$0.00,"Guest House Permit"
BLD25-5692,Issued,"Building Permit With Plan Check",9/18/2025,09/25/2025,"10825 Canyon Rd Forestville [FOR]",081-190-030,$718.44,$4305.00,"ENLARGE (E) BATHROOM AND ADD SHOWER"
BLD25-5694,Issued,"Building Permit With Plan Check",9/18/2025,10/03/2025,"5333 Winding View Trl Mark West Springs [MWS]",067-011-020,$473.00,,"EVT17-05561 SFD, INSTALL (N) ESS 13.5 KWH AND ASSOCIATED HARDWARE, 2017 Sonoma Complex Fire"
BLD25-5698,Issued,"Building Permit With Plan Check",9/18/2025,09/24/2025,"1525 Sperring Rd Sonoma [SON]",142-023-018,$454.00,$0.00,"Res, Roof Mount Solar Panel Install 3.44kW on detached garage."
BLD25-5699,Issued,"Building Permit With Plan Check",9/18/2025,09/19/2025,"2415 Coffee Ln Graton [GRA]",061-021-018,$479.10,,"SFD, Install Battery, 24 kWh connected to (E) PV Solar"
BLD25-5700,"Awaiting Applicant Response","Building Permit With Plan Check",9/18/2025,,"8150 W Dry Creek Rd Geyserville [GEY]",139-160-034,$0.00,$36083.20,"New Detached Garage (1,280 SF) Rebuilding an ag garage in existing position. Previous structure has reached it's end of life. Size is increased by 9%. Not sure if this will be ag exempt or reviewed as misc res structure so we need some direction as to the best route, thanks!"
BLD25-5701,Issued,"Building Permit With Plan Check",9/18/2025,09/23/2025,"200 Spring Hill Rd Petaluma [PET]",020-040-032,$629.25,,"SFD, Roof Mount PV System 18 modules / 7.83kW, (1) Tesla Powerwall 3, (N) 125A MPU"
BLD25-5704,Issued,"Building Permit With Plan Check",9/18/2025,09/22/2025,"17660 High Rd Sonoma [SON]",127-022-101,$629.25,,"SFD, Replace and Expand PV Solar 9.2kW, install (N) Battery 32 kWh, Removal of existing modules, replacement"
BLD25-5709,Check,"Building Permit With Plan Check",9/18/2025,,"2788 Winberrie Knls Santa Rosa [SRO]",034-091-043,$2310.49,,"ADU 1197 SF, 2BDRM 2BA, The project will include site planning, architectural design, coordination with structural and civil consultants, and preparation of construction documents for submittal to Sonoma County PRMD. In addition to the living spaces, the scope will address utility connections, grading and drainage coordination, and compliance with local zoning requirements for setbacks, height, and lot coverage. The ADU IS designed to comply with the current 2022 California Building Code (CBC), California Residential Code (CRC), and Title 24 Energy Standards."
BLD25-5710,Issued,"Building Permit With Plan Check",9/18/2025,09/24/2025,"2902 Dale Ave Sonoma [SON]",135-052-009,$454.00,$0.00,"ADU, Roof Mount Solar Panel Install 9.2 kW-DC"
BLD25-5711,Issued,"Building Permit With Plan Check",9/18/2025,09/22/2025,"5493 Winter Creek Rd Mark West Springs [MWS]",067-170-014,$627.00,,"EVT17-01064 SFD, Roof Mount Solar Panel Install 27-PANEL 11.88 kW, Partial home backup battery 20 kWh, FULFILLS SOLAR REQUIREMENTS FOR BLD23-3219."
BLD25-5713,Issued,"Building Permit With Plan Check",9/18/2025,09/30/2025,"39151 Curlew Reach Sea Ranch [SEA]",156-230-025,$479.10,,"SFD, Install Generator, 17kW Cummins with transfer swithch"
BLD25-5721,Issued,"Building Permit With Plan Check",9/18/2025,09/23/2025,"5809 Orchard Ln Forestville [FOR]",083-040-009,$629.25,,"SFD, Roof Mount Solar Panel Install 14.080 kW DC, Battery 15.0 kWh, MSP Upgrade - 32 VSUN solar: VSUN440N-108BMH-BB 440W MONO MODULES WITH 32 ENPHASE IQ8PLUS-72-2-US [240V] [SI1-SB] MICROINVERTERS 01- FRANKLIN WH APOWER 2 15.0 KWH BATTERY WITH MAIN SERVICE PANEL UPGRADE TO SOLAR READY PANEL 200A RATED BUS BAR WITH 200A MAIN BREAKER"
BLD25-5722,Issued,"Building Permit With Plan Check",9/18/2025,09/23/2025,"5810 Orchard Ln Forestville [FOR]",083-040-009,$760.16,,"SFD, Roof Mount Solar Panel Install 19.360 kW DC, 15.0 KWH Battery, MSP Upgrade - on 2nd residence- 44 VSUN SOLAR: VSUN440N-108BMH-BB 440W PV MODULES WITH 44 ENPHASE: IQ8PLUS-72-2-US [240V] [SI1-SB] MICROINVERTERS 02 FRANKLIN WH APOWER 2 15.0 KWH BATTERY MAIN SERVICE PANEL UPGRADE TO SOLAR READY PANEL 200A RATED BUS BAR WITH 200A MAIN BREAKER"
BLD25-5726,Check,"Building Permit With Plan Check",9/18/2025,,"3500 Ridge Oaks Rd Geyserville [GEY]",141-180-035,$706.34,$4510.40,"Install Cargo Container 160 SF, single-use shipping container as pump house and battery backup for fire. Need new address as 3500 Ridge Oaks Rd is a separate parcel adjacent to AP#141-180-035"
BLD25-5727,Issued,"Building Permit With Plan Check",9/18/2025,09/25/2025,"21073 River Blvd 2 Monte Rio [MRO]",095-170-016,$2138.05,$30000.00,"RPLC SIDING RPLC DECK BORADS AND RAILING"
BLD25-5732,"Awaiting Applicant Response","Building Permit With Plan Check",9/19/2025,,"4246 Whistler Ave Bellevue [BEL]",045-032-045,$0.00,$0.00,"ADDITION TO AN (E) BARN TO RESOLVE VBU15-0263"
BLD25-5733,Issued,"Building Permit With Plan Check",9/19/2025,09/25/2025,"42278 Forecastle Sea Ranch [SEA]",156-600-011,$629.25,,"SFD - (N) 9.135kW Roof Mounted PV System w/ 32kWh ESS SFD_Install a 21 panel, 9.135kw roof mounted, grid tied solar system with a 32kwh backup battery system."
BLD25-5734,Issued,"Building Permit With Plan Check",9/19/2025,10/02/2025,"129 Windsweep Sea Ranch [SEA]",156-480-014,$733.59,,"SFD - (N) 5.52kW Roof Mounted PV System w/ 16kWh ESS, (N) 13kW Backup Generator Install a 12 panel, 5.52kw roof mounted, grid tied solar system with a 16kwh backup battery system. Install a 13kw propane generator connected to inverter for backup battery system charging."
BLD25-5736,Issued,"Building Permit With Plan Check",9/19/2025,09/25/2025,"63 Sea Meadow Dr Sea Ranch [SEA]",122-470-003,$629.25,,"SFD, Roof mounted 5.160 kWDC solar system with one Franklin whole home battery back up."
BLD25-5737,Issued,"Building Permit With Plan Check",9/19/2025,10/01/2025,"39295 Pacific Reach Sea Ranch [SEA]",156-220-016,$629.25,,"SFD_Install a 23 panel, 10.58kw roof mounted, grid tied solar system with a 32kwh backup battery system and like for like replacement of 200amp electric subpanel."
BLD25-5738,"Awaiting Applicant Response","Building Permit With Plan Check",9/19/2025,,"639 Duer Rd Santa Rosa [SRO]",060-020-037,$0.00,$0.00,"The address has corrections on non-permitted work performed before our involvement. Those are listed on these plans as well as our plans for renovation."
BLD25-5743,"Pre- Due","Building Permit With Plan Check",9/19/2025,,"1221 Los Robles Dr Agua Caliente [AGU]",056-584-012,$629.25,,"SFD - (N) 4.1kW Roof Mounted PV System w/ 10kWh ESS Roof mounted NEW PHOTOVOLTAIC PITCHED ROOF MOUNTED SYSTEM - 4.100 KW DC/3.758 KW CEC AC & ENERGY STORAGE SYSTEM - 10 KWH"
BLD25-5744,Issued,"Building Permit With Plan Check",9/19/2025,09/25/2025,"306 Wild Moor Reach Sea Ranch [SEA]",156-250-020,$629.25,,"SFD_Install a 22 panel, 10.12kw roof mounted, grid tied solar system with a 32kwh backup battery system."
BLD25-5746,,"Plan Check",9/19/2025,,"657 Furlong Rd Twin Hills [TWI]",077-081-013,$2056.81,$47398.20,"SFD, Interior Remodel (616 SF), Addition (90 SF), New Stairs and landing (48 SF) The scope of this project includes a comprehensive interior renovation of the existing kitchen to improve functionality, layout, and finishes. It also involves the removal of the existing spiral staircase serving the loft and the construction of a new traditional staircase for improved accessibility and safety. In addition, the project includes a 59-square-foot addition of conditioned interior space at the main entry and the enclosure of an existing 30-square-foot porch to enhance the home's overall entry experience and interior flow."
BLD25-5749,Issued,"Building Permit With Plan Check",9/19/2025,10/01/2025,"160 Rainsville Rd Petaluma [PET]",048-012-007,$629.25,,"SFD, Roof Mount Solar Panel Install, PV 11.070 kW DC/10.210 kW CEC AC, ESS 16.12 kWh"
BLD25-5751,"Pre- Due","Building Permit With Plan Check",9/19/2025,,"5055 Westside Rd Healdsburg [HEA]",110-110-006,$629.25,,"SFD - 11.00kw Roof Mounted PV System with 27kwh ESS 11.00 kw dc pv system with powerwall3 and expansion with tesla switch"
BLD25-5752,Issued,"Building Permit With Plan Check",9/19/2025,09/30/2025,"14300 River Rd Guerneville [GUE]",070-180-002,$479.10,,"SFD - (N) 13.5 kWh ESS and Tesla Gateway"
BLD25-5753,Issued,"Building Permit With Plan Check",9/19/2025,09/24/2025,"1198 Limerick Ln Windsor [WIN]",086-160-013,$629.25,,"EVT19-02722 Res, Install new 5.16kW solar PV system with a new energy storage system on detached garage"
BLD25-5754,,"Plan Check",9/19/2025,,"1286 Solano Ave Sonoma [SON]",052-431-010,$2665.88,,"New Detached ADU (1,000 SF) new detached ADU"
BLD25-5755,"Awaiting Applicant Response","Building Permit With Plan Check",9/19/2025,,"9615 Lau Ln Penngrove [PEN]",047-011-013,$0.00,$0.00,"Proposed: West side add an attached carport 20' X 80' to existing 20' x 100' structure East side of the structure there will be an attached awning 8' x 50'"
BLD25-5757,Issued,"Building Permit With Plan Check",9/19/2025,09/23/2025,"22103 Amanita Cir Timber Cove [TIM]",109-380-023,$629.25,,"SFD_11.31 KW ROOF MOUNT Solar PV w/ESS"
BLD25-5758,Issued,"Building Permit With Plan Check",9/19/2025,10/01/2025,"20645 8th St E Sonoma [SON]",126-031-034,$506.44,$3382.80,"Residential: add electrical to existing shed (120 SF)"
BLD25-5759,"Resubmittal Requested","Building Permit With Plan Check",9/19/2025,,"5926 Heights Rd Mark West Springs [MWS]",029-120-085,$2565.86,,"EVT17-04302 Gunite Infinity Edge Pool with automatic safety cover and equipment"
BLD25-5760,"Resubmittal Requested","Building Permit With Plan Check",9/20/2025,,"4236 Miles Ave Bellevue [BEL]",035-152-003,$854.68,$4722.00,"New Det'd Carport (200 SF) - Associated w/ BLD24-2188"
BLD25-5762,"Awaiting Applicant Response","Building Permit With Plan Check",9/20/2025,,"3481 Guerneville Rd Santa Rosa [SRO]",034-072-046,$0.00,$0.00,"Home shop to resolve VBU25-0314"
BLD25-5767,"Pre- Due","Building Permit With Plan Check",9/21/2025,,"4727 Sheehan Ln Bennett Valley [BEN]",049-450-008,$646.91,$5500.00,"Seismic retrofit in accordance with Plan set A, SFD 1200 SF"
BLD25-5768,"Plan Check Comments Sent","Building Permit With Plan Check",9/22/2025,,"999 Wildwood Trl Kenwood [KEN]",030-141-010,$1561.66,$71179.75,"EVT20-00746 Rebuild 2-Story Det'd Garage (2,525 SF) w/ electrical- 2020 Glass Fire"
BLD25-5770,Issued,"Building Permit With Plan Check",9/22/2025,09/25/2025,"109 Live Oak Dr Petaluma [PET]",113-173-011,$629.25,,"SFD, Roof Mount Solar Install 11.96kW with ESS 30kWh"
BLD25-5774,,"Plan Check",9/22/2025,,"18909 Olive Ave Agua Caliente [AGU]",052-253-010,$1398.20,$25234.90,"Convert Att'd Garage to Laundry Room, Pantry, & Full Bath (254 SF)"
BLD25-5775,"Resubmittal Received","Building Permit With Plan Check",9/22/2025,,"13780 Chalk Hill Rd Geyserville [GEY]",132-110-037,$0.00,,"SFD, New 13.5 kwh ESS"
BLD25-5776,"Resubmittal Requested","Building Permit With Plan Check",9/22/2025,,"16581 Hwy 128 Mark West Springs [MWS]",120-070-005,$0.00,,"SFD, Add (1) Tesla Battery & (1) Tesla Expansion Unit to (E) System"
BLD25-5777,Check,"Building Permit With Plan Check",9/22/2025,,"1905 Alice Dr Penngrove [PEN]",047-294-058,$2107.46,,"SFD, Fire damage repair, to include 1-wall and new roof trusses, 2-Interior bath remodels (1,584 SF), Convert a portion garage into stg and gym (560 SF) All windows to be replaced ""like for like"" Fire damage repair, wall and roof trusses replacement. All new windows to be replaced with the same size and location. Bathrooms #1 and #2 ""like for like"" remodel. Shingle roof to be replaced. Existing portion of the garage to be converted to a non-habitable space ."
BLD25-5780,Check,"Building Permit With Plan Check",9/22/2025,,"298 Sea Stack Sea Ranch [SEA]",156-440-020,$3618.55,,"New SFD 2799 SF 3BDRM attached garage 572 SF, cov'd porches"
BLD25-5782,"Awaiting Applicant Response","Building Permit With Plan Check",9/22/2025,,"201 Wikiup Dr Windsor [WIN]",039-040-040,$0.00,$0.00,"Master plan submission to build 3 plans on a new 8-lot subdivision."
BLD25-5783,,"Plan Check",9/22/2025,,"18913 Hidden Valley Rd Guerneville [GUE]",072-050-018,$691.84,$15000.00,"Foundation repair, no change in footprint"
BLD25-5787,,"Plan Check",9/22/2025,,"165 McChristian Ave Bodega Bay [BBY]",101-012-004,$1271.45,$47630.00,"Foundation Repair, and structural repairs is attached. Install 2 sections of foundation below home where failed, replace rotten supports that have failed, complete foundation at garage where footings were installed by prior owner, remove and replace garage termite infestation and rot on floors, walls and roof as needed, new deck supports and framing to replace failed, new 40 year comp roof not on two active permits"
BLD25-5789,"Plan Check Started","Building Permit With Plan Check",9/22/2025,,"1970 Los Alamos Rd Kenwood [KEN]",030-100-022,$1160.84,$19733.00,"EVT20-00694 (N) Manufactured Garage (700 SF) - 2020 Glass Fire"
BLD25-5793,"Awaiting Applicant Response","Building Permit With Plan Check",9/22/2025,,"3657 Church St Occidental [OCC]",074-312-063,$0.00,$0.00,"Replace existing grease trap with new grease trap with increased capacity. Reroute plumbing of the existing dishwashing sink (to be relocated) and the existing triple sink through this new grease trap. (Endura 3950A03 100 lb. 50 GPM Grease Trap with 3"" Hub) - Plan will combine triple sink and single pot sink into a floor sink, with a 3” trap exiting to 100lb -50 GPM grease trap with a 3”inlet and outlet - requires Sewer Review"
BLD25-5794,"Awaiting Applicant Response","Building Permit With Plan Check",9/22/2025,,"167 Dorchester Ct N Windsor [WIN]",058-241-021,$0.00,,"EVT17-04796 Replacement SFD (2,792 SF) w/ Att'd Garage (757 SF) & Porch (34 SF) - 2017 Sonoma Complex Fire"
BLD25-5796,Issued,"Building Permit With Plan Check",9/22/2025,09/25/2025,"4335 La Granda Ln Bennett Valley [BEN]",049-400-032,$629.25,,"SFD_Solar PV roof mount, Module: 15, DC system size: 6.225kW, 1 X Tesla Inc. AC Powerwall 3MPU to 225A."
BLD25-5797,"Resubmittal Requested","Building Permit With Plan Check",9/23/2025,,"1033 Westside Rd Healdsburg [HEA]",110-350-013,$2094.65,,"New in ground gunite swimming pool only Cost is 120,000 Stock Plan STK24-0003 No Grading or Drainage Required All Excavated spoils to be transported to legal site or to the county disposal site Grading question Form encluded."
BLD25-5799,Issued,"Building Permit With Plan Check",9/23/2025,09/26/2025,"16342 3rd St Guerneville [GUE]",070-030-019,$479.10,,"SFD, Remove & Replace (E) ESS 30kWh AC"
BLD25-5801,Issued,"Building Permit With Plan Check",9/23/2025,09/25/2025,"1633 Willowside Rd Santa Rosa [SRO]",057-012-054,$629.25,,"DET'D GARAGE_10.44 kW Grid-Tied PV Solar Installation and 32 kWh PointGuard Backup Battery Installation"
BLD25-5806,,"Plan Check",9/23/2025,,"18945 Viewcrest Dr Sonoma [SON]",064-030-006,$763.75,,"SFD, Ground-mount PV 9.48kW DC (11.40kW AC) and ESS 10.76kWh AC."
BLD25-5808,"Awaiting Applicant Response","Building Permit With Plan Check",9/23/2025,,"5023 Bodega Ave Petaluma [PET]",021-100-052,$0.00,$0.00,"New Barn 1350 SF, metal, for personal and work storage, no electricity, water or sewer. on cement pad"
BLD25-5814,,"Plan Check",9/23/2025,,"5454 Hwy 128 Geyserville [GEY]",131-240-012,$1301.12,$30445.20,"VBU25-0246: Unpermitted barn #1 (1,080 SF) Retroactive Permit for unpermitted barn (#1) under construction. Legalize (VBU25-0246)"
BLD25-5815,Issued,"Building Permit With Plan Check",9/23/2025,10/01/2025,"3280 Hicks Rd Graton [GRA]",130-146-003,$629.25,,"SFD, Roof Mount Solar Install 8.8kW w/ 20kWh time-of-use battery backup. This system does not provide backup power during a utility outage"
BLD25-5817,,"Plan Check",9/23/2025,,"5454 Hwy 128 Geyserville [GEY]",131-240-012,$4782.46,,"VBU25-0247: Unpermitted barn (900 SF) / studio (900 SF) (#2) Cov'd Porch (1,200 SF) Retroactive permit for an existing unpermitted barn(#2). Legalize (VBU25-0247)"
BLD25-5820,"Awaiting Applicant Response","Building Permit With Plan Check",9/23/2025,,"14711 Armstrong Woods Rd Guerneville [GUE]",069-300-020,$0.00,$0.00,"TO RESOLVE THE CODE VIOLATION VBU25-0198 - LEGALIZATION OF UNPERMITTED HOTEL REMODEL WORK TO INTERIOR OF SIX (6) UNITS, IDENTIFIED AS UNITS 8 THROUGH 13"
BLD25-5822,"Awaiting Applicant Response","Building Permit With Plan Check",9/23/2025,,"20889 Pelican Loop Bodega Bay [BBY]",100-450-007,$0.00,$0.00,"Install a 10-panel, 4.4 KW solar system. Install 10 kWh battery backup system."
BLD25-5824,Issued,"Building Permit With Plan Check",9/23/2025,10/01/2025,"8439 Elphick Rd Twin Hills [TWI]",076-093-021,$454.00,$0.00,"Res, Roof Mount Solar Install 9.48kW on (E) Barn"
BLD25-5825,,"Plan Check",9/23/2025,,"14462 Mcdonough Heights Rd Healdsburg [HEA]",087-232-001,$717.30,$16000.00,"SFD, Foundation Repair with 6 push piers. $16,000"
BLD25-5826,"Awaiting Applicant Response","Building Permit With Plan Check",9/24/2025,,"1974 Middle Two Rock Rd Petaluma [PET]",021-070-037,$0.00,$0.00,"The proposed project is to convert the existing barn located at 1974 Middle Two Rock Road (APN 021-070-037) into a workshop accessory to the residence. The structure will remain non-habitable and used solely for workshop purposes, such as equipment storage, small-scale repairs, and personal projects. Scope of Work: • Conduct structural assessment and complete any necessary upgrades to meet current building and safety codes. • Install or upgrade electrical service to support workshop lighting and standard power tools. • Provide proper ventilation and insulation as required by code. • Maintain exterior appearance consistent with existing agricultural/residential character. • No kitchen, living, or sleeping facilities will be installed. • Plumbing limited to a half bathroom (if permitted) for workshop use only. Intended Use: The workshop will serve as a private, accessory structure to the primary residence. It will not be used for commercial operations, rental occupancy, or as a dwelling unit."
BLD25-5827,"Awaiting Applicant Response","Building Permit With Plan Check",9/24/2025,,"307 Bannon Ln Penngrove [PEN]",047-221-039,$0.00,$5638.00,"A 10x20 wooden shed constructed by a licensed contractor. The shed will have no plumbing, electrical, or mechanical. **Per Applicant, shed will be placed on a permanent foundation. J. Smith, 9/26/25**"
BLD25-5828,"Awaiting Applicant Response","Building Permit With Plan Check",9/24/2025,,"6250 Vine Hill Rd Graton [GRA]",078-020-042,$0.00,,"SFD Ground Mount Solar Panel Install, PV 10.56kW, ESS 27 kWh"
BLD25-5832,Issued,"Building Permit With Plan Check",9/24/2025,09/25/2025,"12650 Fiori Ln Twin Hills [TWI]",080-190-003,$479.10,,"SFD, Install (N) ESS 15kWh"
BLD25-5834,Issued,"Building Permit With Plan Check",9/24/2025,10/01/2025,"6914 Westside Rd Forestville [FOR]",110-240-011,$479.10,,"SFD, Install (N) 13.5kWh"
BLD25-5836,"Awaiting Applicant Response","Building Permit With Plan Check",9/24/2025,,"309 Orchard Ln Penngrove [PEN]",047-320-017,$0.00,$0.00,"Remedy violation VBU25-0310; conversion of garage to bedroom"
BLD25-5840,Issued,"Building Permit With Plan Check",9/24/2025,09/25/2025,"26810 Freezeout Rd Monte Rio [MRO]",096-100-006,$629.25,,"SFD, Roof Mount Solar Install 1.84kW with ESS 16.12kWh"
BLD25-5847,"Resubmittal Requested","Building Permit With Plan Check",9/24/2025,,"43 Wild Iris Sea Ranch [SEA]",156-620-004,$0.00,,"SFD, Roof Mount Solar Install 11.48kW with Battery Backup"
BLD25-5848,,"Plan Check",9/24/2025,,"83 Everett Rd Cotati [COT]",024-080-023,$2920.60,,"2 STORY GARAGE REBUILD 875 SF / ADU 1197 SF / PORCH 54 SF & DECK 274 SF 85 Everett Rd; Rebuild of (e) 2 story garage after structure fire with new attached 1195 sq ft ADU. New 54 sq ft porch; New 258 sq ft combined deck area."
BLD25-5850,"Awaiting Applicant Response","Building Permit With Plan Check",9/24/2025,,"2416 Magnolia Ave Petaluma [PET]",021-151-038,$0.00,$0.00,"Installation of a (N) Detached Manufactured ADU 664.4 SQFT and Installation of a (N) water tank for fire suppression system for ADU"
BLD25-5853,"Awaiting Applicant Response","Building Permit With Plan Check",9/24/2025,,"160 Dorchester Ct N Windsor [WIN]",058-241-013,$0.00,,"EVT17-04790 Rebuild 2-Story 1,776 SF SFD, 456 SF Attached Garage, 111 SF Covered Entry Porch, 674 SF Covered Rear Porch, 456 SF Storage above Garage 2017 Sonoma Complex Fire SINGLE FAMILY 2 BEDROOM(3 BEDROOM OPTION) & 2 BATH HOME WITH ATTACHED GARAGE; ENTRY PORCH AND REAR COVERED PATIO WITHIN FIRE REBUILD AREA"
BLD25-5855,Issued,"Building Permit With Plan Check",9/24/2025,09/25/2025,"4300 Cazadero Hwy Guerneville [GUE]",105-190-022,$479.10,,"SFD, Install (N) ESS Expansion"
BLD25-5856,"Awaiting Applicant Response","Building Permit With Plan Check",9/24/2025,,"8275 Pillow Rd Twin Hills [TWI]",076-072-024,$0.00,,"NEW BRIDGE OVER ATASCADERO CREEK"
BLD25-5857,"Awaiting Applicant Response","Building Permit With Plan Check",9/24/2025,,"2381 Eastman Ln Petaluma [PET]",021-050-067,$0.00,$0.00,"Construction of a single family home."
BLD25-5859,"Awaiting Applicant Response","Building Permit With Plan Check",9/25/2025,,"17150 Mt Jackson Trl Guerneville [GUE]",070-270-024,$0.00,$14799.75,"Build free standing garage 21' x 25' 6' from exisiting home, more then 20' from front right of way and more then 5' from side setback."
BLD25-5860,Issued,"Building Permit With Plan Check",9/25/2025,09/25/2025,"14156 Woodland Dr Guerneville [GUE]",070-070-028,$479.10,,"SFD, New 13.5 kWh Energy Storage System"
BLD25-5861,,"Plan Check",9/25/2025,,"1250 E MacArthur St Sonoma [SON]",128-051-013,$552.75,,"(N) 10.56kW PV Array on existing ground mount structure, 32kWh ESS New ground mounted 10.56kW PV array on an existing ground mount structure paired with a 32kWh battery energy storage system. Work includes relocating existing loads to a new backup load panel."
BLD25-5873,Issued,"Building Permit With Plan Check",9/25/2025,09/30/2025,"470 Geysers Rd Cloverdale [CLO]",115-180-002,$629.25,,"SFD, ROOF MOUNT INSTALLATION OF 6.96 KW DC PHOTOVOLTAIC SYSTEM WITH 2, 13.5KWH (27 KWH) HOME BACKUP BATTERY"
BLD25-5886,"Awaiting Applicant Response","Building Permit With Plan Check",9/25/2025,,"20839 Pelican Loop Bodega Bay [BBY]",100-450-011,$0.00,$0.00,"Installation of Kohler 20KW, propane fueled backup generator and Automatic transfer switch, and lockable generator emergency shut off switch."
BLD25-5888,,"Plan Check",9/25/2025,,"7925 St Helena Rd Rincon Valley [RIN]",028-260-054,$484.00,,"Install new 10.75kW solar PV system on a pre-engineered ground mount racking system with a new energy storage system. Remove and replace existing system."
BLD25-5889,,"Plan Check",9/25/2025,,"8150 Occidental Rd Graton [GRA]",130-263-001,$213.37,$5000.00,"SFD, Seismic retrofit in accordance with plan set A"
BLD25-5892,"Application Accepted/In Review","Building Permit With Plan Check",9/26/2025,,"15 Madrone Dr Guerneville [GUE]",097-240-003,$0.00,,"SFD - (N) 30kWh ESS only Install new 30kWh ESS on existing SFD."
BLD25-5895,,"Plan Check",9/26/2025,,"2377 Magnolia Ave Petaluma [PET]",021-152-056,$2136.10,,"Replacement Inground Pool with Auto Safety Cover inside of (E) Inground Pool Shell (pool is changing in shape)"
BLD25-5900,"Application Accepted/In Review","Building Permit With Plan Check",9/26/2025,,"5461 Eagle Ridge Rd Penngrove [PEN]",136-201-022,$0.00,,"SFD - (N) 12.42kW Roof Mount PV System being added to existing PV System, (N) 30kWh ESS Roof-mount PV 12.42kW DC (10.26kW AC) and ESS 30.00kWh AC."
BLD25-5901,Issued,"Building Permit With Plan Check",9/26/2025,10/02/2025,"4035 Alexander Valley Ln Geyserville [GEY]",091-081-025,$479.10,,"27 kWh Battery Backup Energy Storage System Installation added to Existing Solar PV System"
BLD25-5904,"Application Accepted/In Review","Building Permit With Plan Check",9/26/2025,,"505 Kinnybrook Dr Kenwood [KEN]",051-230-029,$0.00,$37069.85,"New 1,315 sq ft single story detached accessory structure/agricultural barn. Planning permit: ADR25-0042"
BLD25-5907,"Awaiting Applicant Response","Building Permit With Plan Check",9/26/2025,,"19600 Cypress Rd Agua Caliente [AGU]",052-472-008,$0.00,$0.00,"T-Mobile: Cell Site Modifications On existing faux water tower, install of new antenna mounts for (6) new antennas and ancillary equipment. All new equipment mounted to tower will be painted to match existing. At ground level install of new 16'x4' concrete pad for the placement of (2) equipment cabinets and HFrame for power/fiber"
BLD25-5908,Issued,"Building Permit With Plan Check",9/26/2025,10/01/2025,"1506 Mt Weske Dr Windsor [WIN]",086-210-004,$629.25,,"Garage/Barn Install new 6.02kW solar system on an existing system with a new energy storage system."
BLD25-5909,"Awaiting Applicant Response","Building Permit With Plan Check",9/26/2025,,"19333 Olive Ave Agua Caliente [AGU]",052-442-016,$0.00,$0.00,"Remodel and Addition of 725 SF to Existing 1406 SF Residence and a New 406 SF Garage"
BLD25-5910,"Awaiting Applicant Response","Building Permit With Plan Check",9/26/2025,,"2050 Yoakim Bridge Rd Geyserville [GEY]",139-130-022,$0.00,$0.00,"New Winery Building"
BLD25-5914,"Pre- Due","Building Permit With Plan Check",9/26/2025,,"11789 Chalk Hill Rd Geyserville [GEY]",132-120-012,$479.10,,"SFD - (N) 13.5kWh ESS and Tesla Backup Gateway New energy storage system on existing main dwelling. Addition of one new Tesla Powerwall 3 / 11.5kW, 13.5kWH #1707000-xx-y [240v, 11.5kW][SI1-SB] battery, one new Tesla Backup Gateway 3 #1841000-xx-y [CRD-PCS Non-Export] and all associated hardware."
BLD25-5915,Check,"Building Permit With Plan Check",9/26/2025,,"22063 Lee Dr Timber Cove [TIM]",109-420-057,$1909.85,,"New SFD 740 SF, with storage and cover'd porch"
BLD25-5917,"Awaiting Applicant Response","Building Permit With Plan Check",9/27/2025,,"1240 Mayacama Club Dr Windsor [WIN]",067-340-042,$0.00,$0.00,"Villa 12, A proposed 2,465 sq. ft. single family dwelling with 2,330 square feet of interior conditioned space, a 254 sq. ft. Covered Entry and 280 square foot Rear Covered Terrace with outdoor BBQ with an additional 265 sq. ft. of uncovered Terrace / Patio area."
BLD25-5923,Issued,"Building Permit With Plan Check",9/29/2025,10/03/2025,"20303 Harrington Dr Sonoma [SON]",128-161-045,$454.00,,"ADU - (N) 3.44kW Roof Mounted PV System (NEW) FLUSH MOUNTED PV SYSTEM W/ GRID TIED MICROINVERTERS, WITHOUT BATTERY STORAGE, (EXISTING) MAIN SERVICE PANEL"
BLD25-5924,"Awaiting Applicant Response","Building Permit With Plan Check",9/29/2025,,"999 Accela Way",999-999-999,$0.00,$5638.00,"Test - ACO"
BLD25-5925,"Awaiting Applicant Response","Building Permit With Plan Check",9/29/2025,,"1021 Milk Barn Rd Windsor [WIN]",086-150-062,$0.00,$30636.32,"Legalize Garage/Carport Remodel (1,040 SF) w/ Addition (104 SF) to clear VBU25-0319"
BLD25-5926,"Awaiting Applicant Response","Building Permit With Plan Check",9/29/2025,,"1083 Jacobsen Ln Penngrove [PEN]",137-030-023,$0.00,$0.00,"774 SF addition to a 1-story, 1333 SF single family residence. Addition includes powder bathroom, laundry room, master bedroom with ensuite & walk-in closet, a covered porch (185 SF) and new front entryway/porch (82 SF). A portion of the addition is to be non-conditioned, for garden storage (109 SF)."
BLD25-5927,"Awaiting Applicant Response","Building Permit With Plan Check",9/29/2025,,"2174 Live Oak Farm Ln Petaluma [PET]",048-121-073,$0.00,$0.00,"Proposed accessory dwelling unit"
BLD25-5928,"Awaiting Applicant Response","Building Permit With Plan Check",9/29/2025,,"4500 Hessel Rd Twin Hills [TWI]",062-091-036,$0.00,$0.00,"THE PROPOSED PROJECT IS FOR THE EXPANSION AND REMODEL TO THE EXISTING FIRE STATION BUILDING. THE ADDITION INCLUDES NEW BATHROOMS WITH SHOWERS, A NEW DORM ROOM AREA AND OPEN OFFICE AREA. THE EXISTING BUNK AREA WILL BE CONVERTED TO A NEW LAUNDRY AND TURNOUT AREA. THE EXISTING KITCHEN TO BE REMODELED AND RENOVATED TO ADD ADDITIONAL APPLIANCES AND CABINETRY. TO THE SOUTH OF THE BUILDING, A NEW CONCRETE PATIO AREA IS PROPOSED. A NEW FIRE SUPPRESSION SYSTEM IS TO BE PROVIDED."
BLD25-5933,"Pre- Due","Building Permit With Plan Check",9/29/2025,,"6601 Lone Pine Rd Twin Hills [TWI]",063-073-034,$454.00,$0.00,"SFD - (N) 5.45 kW Roof Mounted PV system"
BLD25-5936,"Awaiting Applicant Response","Building Permit With Plan Check",9/29/2025,,"18040 Old Cazadero Rd Guerneville [GUE]",105-240-016,$0.00,$0.00,"Equipment Mounting, Chiko USA Premier 2 car residential solar carport 24 – Silfab SIL-430 QD solar panels SMA Sunny Boy SBSE11.5-US-50 Eaton main lug 125A 120/240 single phase 20/40 load center Two SMA USA Sunny Island 6048 Four GB Industries 6-85-11batteries 12-volt 670 AH@ 20 hours 32 KWH of storage This house is very remote and has no reasonably accessible to PGE electricity. The existing solar/ battery system is old and needs to be replaced. I propose to install a new system as described here. Install a Chiko USA 2 car solar carport with 24 – Silfab Solar Panels, SIL-430 QD total 10,320 Pmax watts. The panels will connect to the SMA Sunny Boy SBSE11.5-US-50."
BLD25-5939,Started,"Building Permit With Plan Check",9/29/2025,,"833 Limerick Ln Windsor [WIN]",086-080-049,$0.00,$0.00,"Staircase rebuild"
BLD25-5940,"Awaiting Applicant Response","Building Permit With Plan Check",9/29/2025,,"16101 Neeley Rd Forestville [FOR]",071-290-048,$0.00,$0.00,"COMM INSTALLATION OF SEVEN (7) 48A/240V EVERCHARGE EV002-48 (CELLULAR ENABLED, CTEP COMPLIANT) EV CHARGERS."
BLD25-5946,,"Plan Check",9/29/2025,,"6015 Grove St Sonoma [SON]",064-260-004,$377.50,,"Res, Ground-mount PV 16.56kW DC (22.80kW AC) and ESS 21.50kWh AC."
BLD25-5947,"Awaiting Applicant Response","Building Permit With Plan Check",9/29/2025,,"21390 Hyde Rd Sonoma [SON]",126-073-046,$0.00,$0.00,"3.92 kw ground mount solar and battery installation"
BLD25-5948,"Awaiting Applicant Response","Building Permit With Plan Check",9/29/2025,,"14636 Cherry St Guerneville [GUE]",072-070-056,$0.00,$0.00,"New construction - unfinished storage structure, storage only not for habitation, no electric, no plumbing"
BLD25-5950,"Awaiting Applicant Response","Building Permit With Plan Check",9/29/2025,,"3300 Westwind Blvd Santa Rosa [SRO]",059-370-021,$0.00,$0.00,"7 roof penetrations for passive ventilation. Core a 6"" hole through concrete wall"
BLD25-5954,"Awaiting Applicant Response","Building Permit With Plan Check",9/29/2025,,"364 De Chene Ave Agua Caliente [AGU]",056-291-021,$0.00,$0.00,"Residential remodel including 279 SF primary bedroom and bathroom addition, bathroom remodel, new doors and windows & electrical"
BLD25-5956,Check,"Building Permit With Plan Check",9/29/2025,,"8762 Trenton Rd Forestville [FOR]",082-042-019,$1971.41,,"New 16'x32' inground gunite swimming pool. Valuation 125k."
BLD25-5957,Started,"Building Permit With Plan Check",9/29/2025,,"4346 Lichau Rd Penngrove [PEN]",047-261-029,$0.00,$0.00,"Lex Georgiou 10.27KW Roof Mount w/2 aPower 2"
BLD25-5958,"Awaiting Applicant Response","Building Permit With Plan Check",9/29/2025,,"10733 Slattery Rd Kenwood [KEN]",053-180-060,$0.00,,"NEW DETACHED ADU INCLUDING: ONE BEDROOM, TWO FULL BATHROOMS, KITCHEN, LIVING ROOM, OFFICE / YOGA ROOM & ONE- CARPORT."
BLD25-5959,Issued,"Building Permit With Plan Check",9/29/2025,10/03/2025,"14710 Carrier Ln Guerneville [GUE]",069-290-003,$629.25,,"SFD - (N) 7.48kW Roof Mount PV System and 10kWh ESS being added to (E) 3.42kW PV System Install 17 panel, 7.48 kW rooftop PV system on the main residence. New total PV size 11.7 kW. Install 10 kWh whole-home backup battery system."
BLD25-5962,"Awaiting Applicant Response","Building Permit With Plan Check",9/30/2025,,"4840 Upper Ridge Rd Mark West Springs [MWS]",028-360-016,$0.00,$0.00,"EVT17-04185 (N) 240 SF (12'x20') Carport / Covered Parking 2017 Sonoma Complex Fire NEW 12'X20' CARPORT / COVERED PARKING: 240 SQ.FT."
BLD25-5965,Finaled,"Building Permit With Plan Check",9/30/2025,10/01/2025,"15540 Pozzan Rd Healdsburg [HEA]",089-061-067,$479.10,,"Energy storage sytem 1 franklin battery (Existing 5kw solar)"
BLD25-5966,Issued,"Building Permit With Plan Check",9/30/2025,10/03/2025,"200 Wood Ranch Rd Santa Rosa [SRO]",034-050-051,$629.25,,"10 roof mount solar modules, DC system size 4.15kW, 1 X Enphase battery, trenching 108ft through dirt and gravel"
BLD25-5968,"Pre- Due","Building Permit With Plan Check",9/30/2025,,"189 Starboard Ct Bodega Bay [BBY]",100-281-002,$629.25,,"5.28 kW Roof-Mounted, Grid-Tied Photovoltaic Solar Installation and 16 kWh Battery Installation"
BLD25-5972,Started,"Building Permit With Plan Check",9/30/2025,,"3582 Westwind Blvd Santa Rosa [SRO]",059-210-041,$0.00,$0.00,"Proposal for modular office trailer #1 of 2, utility services, and ADA access improvements. Associated with GRD25-0028, ENC25-0221, ENP25-0020."
BLD25-5973,Issued,"Building Permit With Plan Check",9/30/2025,10/03/2025,"1075 Tilton Rd Twin Hills [TWI]",077-060-067,$629.25,,"Carport_New Roof mounted Solar system 7.83 kW with battery backup. To be installed on Carport roof."
BLD25-5974,Started,"Building Permit With Plan Check",9/30/2025,,"3582 Westwind Blvd Santa Rosa [SRO]",059-210-041,$0.00,$0.00,"Proposal for modular office trailer #2 of 2, utility services, and ADA access improvements. Associated with GRD25-0028, ENC25-0221, ENP25-0020."
BLD25-5975,Issued,"Building Permit With Plan Check",9/30/2025,10/03/2025,"2050 Redwood Hill Rd Mark West Springs [MWS]",079-100-019,$454.00,$0.00,"ADU_Install 3.68kW roof mounted PV solar system on existing SFD."
BLD25-5978,Started,"Building Permit With Plan Check",9/30/2025,,"13135 Geysers Rd Geyserville [GEY]",117-170-002,$0.00,$0.00,"Engineered foundation plans to be constructed for Calpine Geothermal Well Pad ""Prati State 10-12"" for Remote Terminal Unit (RTU) building using new or single use ISO steel shipping container. The container will be modified to contain electrical, radio, instrumentation and control equipment for geothermal steam well production control. Once in place and operational, the buildings will be unoccupied except for equipment maintenance."
BLD25-5979,"Application Accepted/In Review","Building Permit With Plan Check",9/30/2025,,"21998 Moscow Rd Monte Rio [MRO]",095-011-023,$0.00,,"SFD, Roof Mount Solar Install 4.60kW & ESS 5.00kWh AC"
BLD25-5981,,"Plan Check",9/30/2025,,"8990 Hwy 116 N Graton [GRA]",084-230-007,$482.75,,"SFD - (N) 12.42kW Ground-mount PV System w/ 30kWh ESS Ground-mount PV 12.42kW DC (10.26kW AC), and ESS 30.00kWh AC."
BLD25-5985,,"Plan Check",9/30/2025,,"310 Pleasant Ave Windsor [WIN]",163-180-002,$808.12,$8074.62,"342 S.F. COVERED PATIO ATTACHED TO ADU"
BLD25-5988,Started,"Building Permit With Plan Check",9/30/2025,,"5170 Pressley Rd Bennett Valley [BEN]",049-101-037,$0.00,$0.00,"1200 Square Foot ADU Remodeled From Existing Pole Barn. New Engineered Foundation. 264.5 Square FVet Of Decking. New Wood And vinyl Dual Glazed Windows. 2 - 6/0 Sliding Glass Doors. New Electrical Wiring. New Plumbing. Heating - Mini Split. New Septic Installed Under Permit SEP23-0321. Legalizes VBU22-0102"
BLD25-5989,,"Plan Check",9/30/2025,,"19265 7th St E Sonoma [SON]",127-172-016,$2257.03,,"New 12'x24' inground swimming pool and spa. Valuation 125k"
BLD25-5990,"Awaiting Applicant Response","Building Permit With Plan Check",9/30/2025,,"1820 W Dry Creek Rd Healdsburg [HEA]",089-160-029,$0.00,$0.00,"New 1021.5 square foot guest house"
DEM25-0311,Issued,"Demolition Permit",9/3/2025,09/09/2025,"172 Northside Ave Agua Caliente [AGU]",056-371-001,$252.08,$0.00,"Demo 'Wet Bar' in (E) Guest House (Approx. 10 SF) - Disconnect/Cap Plumbing to Meet Definitely of Guesthouse Provided in Section 26-24-170 of the Sonoma County Zoning Code & Comply with Final Conditions of Approval (COA) #36 of MNS23-0013 dated 08/07/2025"
DEM25-0312,Issued,"Demolition Permit",9/3/2025,09/08/2025,"683 Forest Dr Twin Hills [TWI]",077-100-058,$1024.08,$0.00,"RETURN ACCESSORY STRUCTURE TO U OCCUPANCY (REMOVE IMPROVEMENTS & PROPANE TANK) VBU25-0143/VBU25-0123/VBU25- 0124"
DEM25-0313,Issued,"Demolition Permit",9/4/2025,09/08/2025,"4325 W Dry Creek Rd Geyserville [GEY]",090-130-012,$252.08,$0.00,"Remove 1 story Barn (2,070 SF)"
DEM25-0314,Issued,"Demolition Permit",9/4/2025,09/09/2025,"3660 Copperhill Ln Santa Rosa [SRO]",059-250-004,$1217.08,$0.00,"Demo to Remove Office Trailer 675 SF and attached ADA Ramp to Clear Violations at the Batch Plant"
DEM25-0315,Issued,"Demolition Permit",9/4/2025,09/09/2025,"3660 Copperhill Ln Santa Rosa [SRO]",059-250-004,$1217.08,$0.00,"Demo to Remove Batch Plant Structures 1800SF- including the Mixing Plant, 2ea. Silos, and Weigh Scale (connected structures) to Clear Violations per Mike Carey"
DEM25-0316,Issued,"Demolition Permit",9/4/2025,09/09/2025,"3660 Copperhill Ln Santa Rosa [SRO]",059-250-004,$1217.08,$0.00,"Demo to Remove Dye Shed Structure 404 SF to Clear Violations on Batch Plant"
DEM25-0317,Issued,"Demolition Permit",9/4/2025,09/25/2025,"3281 Hwy 116 N Graton [GRA]",130-180-069,$252.08,$0.00,"Demo wooden barn 1650 SF, 60x15x30 disrepair. No asbestos detected per inspection done by Payton Environmental, report attached."
DEM25-0318,Issued,"Demolition Permit",9/4/2025,09/25/2025,"3281 Hwy 116 N Graton [GRA]",130-180-069,$252.08,$0.00,"Demo Garage 144 SF 12x12 and all foundations, footings. No asbestos detected per attached report."
DEM25-0319,Issued,"Demolition Permit",9/4/2025,09/25/2025,"3281 Hwy 116 N Graton [GRA]",130-180-069,$252.08,$0.00,"Demo structure 128 SF 8x16 and all foundation and footings.. No asbestos detected per attached report. No utilities ran to this structure."
DEM25-0320,Issued,"Demolition Permit",9/4/2025,09/25/2025,"3281 Hwy 116 N Graton [GRA]",130-180-069,$252.08,$0.00,"Demo structure 396 SF 33x12including all footings and foundation. No asbestos, no utilities attached."
DEM25-0321,Issued,"Demolition Permit",9/4/2025,09/25/2025,"3281 Hwy 116 N Graton [GRA]",130-180-069,$1024.08,$0.00,"Demo wooden structure 100 SF 10x10, remove all footings and foundation. VBU09-0271"
DEM25-0322,"Pre- Due","Demolition Permit",9/4/2025,,"3281 Hwy 116 N Graton [GRA]",130-180-069,$252.08,$0.00,"Demo wooden shed 192 SF 12x16"
DEM25-0323,Issued,"Demolition Permit",9/4/2025,09/09/2025,"3660 Copperhill Ln Santa Rosa [SRO]",059-250-004,$252.08,$0.00,"Demo Permit to remove (4) Shipping Containers to clear Violation and renew DEM16-0403 which expired (Okay per Mike Carey for 1 permit)."
DEM25-0324,"Awaiting Applicant Response","Demolition Permit",9/7/2025,,"15655 Norton Rd Healdsburg [HEA]",089-061-076,$0.00,$0.00,"(BL) Remove wall added to carport to legalize: VBU25-0075"
DEM25-0325,Issued,"Demolition Permit",9/8/2025,09/23/2025,"959 Solano Ave Agua Caliente [AGU]",052-411-009,$1024.08,$0.00,"VPL03-0282: Remove Detached Garage VBU03-0345"
DEM25-0326,Issued,"Demolition Permit",9/9/2025,09/10/2025,"485 Ormsby Ln Penngrove [PEN]",137-020-079,$252.08,$0.00,"Permanently remove (26) roof mount solar panels at 6.5 kW"
DEM25-0327,Finaled,"Demolition Permit",9/9/2025,09/10/2025,"585 Trinity Rd Glen Ellen [GLE]",053-110-076,$1024.08,,"Jessie Cablk has asked that I apply for a demo permit for 10 greenhouses that were demolished in 2019, but have an outstanding violation."
DEM25-0328,Finaled,"Demolition Permit",9/9/2025,09/19/2025,"2089 Chester Dr Penngrove [PEN]",047-271-004,$457.72,,"Demo Pool to clear violation, electrical and liner is removed."
DEM25-0329,Issued,"Demolition Permit",9/10/2025,09/10/2025,"142 Gio Dr Bellevue [BEL]",043-250-015,$445.08,,"DEMO CARPORT (VBU25-0312)"
DEM25-0330,"Application Accepted/In Review","Demolition Permit",9/10/2025,,"2200 Airport Blvd Santa Rosa [SRO]",059-260-010,$0.00,$0.00,"(9/25/25 Engineering Comments Sent) Demo Building #1 (990 SF) at Sonoma County Airport used as an Army Surplus"
DEM25-0331,"Awaiting Applicant Response","Demolition Permit",9/10/2025,,"520 Stage Gulch Rd Lakeville [LAK]",068-020-017,$0.00,$0.00,"To abate violation number VBU17-0562 --removing a commercial coach left by the former tenant in possession, Toley Farms, LLC."
DEM25-0332,"Awaiting Applicant Response","Demolition Permit",9/10/2025,,"520 Stage Gulch Rd Lakeville [LAK]",068-020-017,$0.00,$0.00,"To abate permit VBU19-0405 for the mobile office left there by the former tenant Toley Farms, LLC"
DEM25-0333,"Awaiting Applicant Response","Demolition Permit",9/10/2025,,"520 Stage Gulch Rd Lakeville [LAK]",068-020-017,$0.00,$0.00,"VCM17-0560 Electrical violation to grow area created by former tenants, Toley Farms, LLC"
DEM25-0334,Issued,"Demolition Permit",9/11/2025,09/11/2025,"6560 Rutgers Dr Twin Hills [TWI]",063-300-008,$252.08,$0.00,"SFD, Demo Chimney stack, remove wood burning fireplace and gasline/ducting. separate BLD for roof repair and sheetrock repair. Demo chimney stack, will require protection of the existing roofing as well as protection of the deck and the erection of scaffolding to allow for safe access to perform the work. 3 men 1 day totaling 24 hours. $3,900 Demo interior fireplace involves protecting the carpet and surrounding spaces with plastic and drop cloths to prevent dust migrating throughout the home. Carefully remove wood burning fireplace, tile surround and mantle, the sheetrock and framing for the chase and ducting of the fireplace. We will remove the entire ducting as well. 3 men 1 day totaling 24 hours. $3,900 Plumbing: Remove gas line and cap off at the nearest line by the fireplace area. 1 day totaling 8 hours. $1,300 Rebuild: consists of light framing and backing installation, this will allow for the new sheetrock and corner metal to finish properly with the existing framing and sheetrock. Includes floor repair to remove any depress that might be present once the fireplace and tile has been fully removed. Includes installation of sheetrock, corner metal, and baseboard trim to match. 2 men 1 day totaling 16 hours. $2,600 Taping and texturing: New sheetrock will be finished to match existing. The beam that carries through the fireplace will be completely refinished to allow for the cleanest result. Texture will be applied to match existing knock down texturing. Estimated based on 20 hours. $2,600 Painting: paint will be applied to the entire walls that received new sheetrock finish. This will keep the finishes clean and prevent any spotting or flashing. This includes one primer coat, and two body coats of color. We will color match the existing paint finishes but if the client wants, we can apply a new color or sheen. 2 men 1 day totaling 16 hours. $2,600 Haul off and Disposal. $1,040"
DEM25-0335,"Awaiting Applicant Response","Demolition Permit",9/12/2025,,"555 Sparkes Rd Twin Hills [TWI]",063-212-020,$0.00,$0.00,"We are going to remove the one car garage bay at the upper driveway toward Baker Lane. The larger structure the one bay garage is attached to is the original garage, now a rec room. The one bay garage was added later. The shared wall between the two spaces has exterior siding on the side in the one bay garage. We are going to remove all 3 exterior walls of the one bay garage (East, West, South walls). As such, the bay door facing the street and the standard door facing the backyard shall be removed. The shared wall facing North shall remain as part of the existing original garage. We will remove the roof over the one bay garage. The roof on the one bay garage is a different material than the shingle roof on the original garage. We will remove any framing as well. The concrete floor/foundation shall not be removed."
DEM25-0336,"Awaiting Applicant Response","Demolition Permit",9/12/2025,,"15113 burbank drive Dr Glen Ellen [GLE]",054-147-016,$0.00,$0.00,"I bought and placed 2 containers on my property Ignorant of the fact that they needed a permit even though they were temporary. I talked with one of the office agents and he said I had to apply for a demo permit and then once the demo is complete I can apply for a build permit. I am still not sure what is all included for a demo of a sea container since it's a solid one piece construction. And they are pretty much getting placed in the same spot."
DEM25-0337,"Application Accepted/In Review","Demolition Permit",9/15/2025,,"2200 Airport Blvd 100 Santa Rosa [SRO]",059-260-010,$0.00,$0.00,"(9/25/25 Engineering Comments Sent) Demo Building #2 (792 SF) at Sonoma County Airport"
DEM25-0338,Issued,"Demolition Permit",9/15/2025,09/15/2025,"906 Chileno Valley Rd Petaluma [PET]",020-070-010,$252.08,$0.00,"Demo (E) Barn 1,814 SF for Future Workshop"
DEM25-0340,Finaled,"Demolition Permit",9/18/2025,09/18/2025,"5060 Warm Springs Rd Glen Ellen [GLE]",054-310-026,$0.00,$0.00,"(E) SFD - DEMO 924 SF HOUSE IN COMPLEX FIRE"
DEM25-0341,"Awaiting Applicant Response","Demolition Permit",9/18/2025,,"1039 S Wright Rd Bellevue [BEL]",035-072-052,$0.00,$0.00,"Record VBU21-0394: Building Violation - non-permitted 10' x 14' shed converted to grow room w/electrical"
DEM25-0343,"Pre- Due","Demolition Permit",9/23/2025,,"30629 River Rd Cloverdale [CLO]",116-200-001,$445.08,,"to clear violation VCM25-0428 /VBU25-0219 Demolition of unpermitted deck over 30"" above grade"
DEM25-0344,"Application Accepted/In Review","Demolition Permit",9/24/2025,,"3281 Hwy 116 N Graton [GRA]",130-180-069,$252.08,$0.00,"Demo SFD 925 SF in disrepair. Asbestos report lab shows <1% racm done by Payton Environmental. J#ASB144403"
DEM25-0345,Issued,"Demolition Permit",9/24/2025,09/25/2025,"3325 Hwy 116 N Graton [GRA]",130-180-071,$252.08,$0.00,"DEMO OFFICE BUILDING (1,160 SF). ASBESTOS RPT ATTACHED DONE BY PAYTON ENVIRONMENTAL SHOWS RACM <1%."
DEM25-0346,"Awaiting Applicant Response","Demolition Permit",9/25/2025,,"2851 Stony Point Rd Bellevue [BEL]",134-031-081,$0.00,$0.00,"Demo to remove Cargo Container 1 of 11 (needs separate permits) violation"
DEM25-0347,Issued,"Demolition Permit",9/25/2025,09/30/2025,"1176 Castle Rd Sonoma [SON]",127-111-055,$252.08,$0.00,"Demo SFD 1800 SF (separate permit for septic system demolition) J# noted on site plan"
DEM25-0348,"Pre- Due","Demolition Permit",9/25/2025,,"30645 River Rd Cloverdale [CLO]",116-200-001,$445.08,,"SFD, Partial demolition - remove unpermitted addition to Washroom/Laundry room w/ metal shed attached to Laundry room.to clear violation VCM25-0428 / VBU25-0220 - address 30629 River rd within this parcel"
DEM25-0349,"Pre- Due","Demolition Permit",9/25/2025,,"30645 River Rd Cloverdale [CLO]",116-200-001,$445.08,,"to clear violation VCM25-0428 / VBU25-0228 Demo/remove CWOP 30"" above grade (2nd floor/North side)."
DEM25-0350,"Pre- Due","Demolition Permit",9/25/2025,,"30631 River Rd Cloverdale [CLO]",116-200-001,$445.08,,"SFD, Remove windows A/C units in main structure (2) - these have been removed. to clear violation VCM25-0428 / VBU25-0223 and VBU25-0224"
DEM25-0351,"Awaiting Applicant Response","Demolition Permit",9/25/2025,,"601 Snow Rd Twin Hills [TWI]",063-330-005,$0.00,$0.00,"Full demolition of existing single family dwelling and existing shed building on property. All utilities to be capped and disconnected. J# to be acquired prior to demolition"
DEM25-0352,"Application Accepted/In Review","Demolition Permit",9/25/2025,,"10991 River Rd Forestville [FOR]",081-100-009,$612.71,$0.00,"Demolition of existing burnt garage structure. To clear VBU21-0566 All utilities to be capped prior to demo. Abatement if necessary. J# to be acquired prior to demolition."
DEM25-0353,Started,"Demolition Permit",9/30/2025,,"18701 Fitzpatrick Ln Occidental [OCC]",073-270-033,$0.00,$0.00,"(ACO) Demolition of an existing garage to make way for garage reconstruction. A separate Building Permit application has already been made for the reconstructed garage."
ENC25-0306,Issued,Encroachment,9/3/2025,,"1 Countywide",,$1219.65,$0.00,"FRONTIER - Lawndale & Frey Rd, Santa Rosa. Traffic control for overlashing on (22) existing poles with minor closures, less than 5 minutes, for cable crossing. 5330595"
ENC25-0307,Paid,Encroachment,9/3/2025,,"13645 Garric Ave Glen Ellen [GLE]",054-290-088,$289.72,$0.00,"PG&E - Garric Ave, Glenn Ellen. Temporary road closure to replace (3) poles and overhead services. PM 35555296"
ENC25-0308,Paid,Encroachment,9/4/2025,,"6400 Cockrill St Bloomfield [BLO]",027-100-026,$289.72,$0.00,"Extend Cockrill St to vacant parcel and install new driveway to current County standards. GRD25-0145. Hold for occupancy on BLD25-0472"
ENC25-0309,"Plan Check Encroachment",,9/7/2025,,"7142 E Lynch Rd Twin Hills [TWI]",060-160-022,$289.72,$0.00,"PC Invoiced 9/19/25] Expand driveway over swale"
ENC25-0310,Started,Encroachment,9/8/2025,,"5005 Viking Strand Bodega Bay [BBY]",101-060-008,$289.72,$0.00,"[PC Invoiced 9/19/25] Scope of work entails: 69' dirt trench,258' bore with 3 bore pits and 2-3'X5' vaults to place fiber optic cable underground."
ENC25-0311,Paid,Encroachment,9/8/2025,,"15737 Meyers Grade Rd Fort Ross [FTR]",109-160-020,$289.72,$0.00,"[PC Invoiced 9/19/25] Scope of work entails: 24' dirt trench and 1- 3'X5' vault to install fiber optic cable underground."
ENC25-0312,Paid,Encroachment,9/8/2025,,"9960 Hwy 1 Jenner [JEN]",099-080-039,$289.72,$0.00,"[PC Invoiced 9/19/25] Scope of work entails: 53' dirt trench and 1-3'X5' vault to place fiber optic cable underground."
ENC25-0313,Paid,Encroachment,9/8/2025,,"7188 Cliff Ave Bodega Bay [BBY]",101-150-001,$289.72,$0.00,"[PC Invoiced 9/19/25] Scope of work entails: 45' dirt trench and 1- 3'X5' vault to install fiber optic cable underground."
"ENC25-0314 Ready for Plan",Check,Encroachment,9/9/2025,,"2200 Laughlin Rd Santa Rosa [SRO]",059-190-027,$289.72,$0.00,"PM 35316160 - PG&E to install 10 new poles and OH services, replace 4 poles and OH services all along Laughlin Rd - Only locations 201-214 on construction drawings"
ENC25-0315,Started,Encroachment,9/9/2025,,"3055 Laughlin Rd Santa Rosa [SRO]",059-190-021,$0.00,$0.00,"[PC Invoiced 9/19/25] Installing impress current cathodic protection system for Santa rosa and Russian River-Cotati Intertie Aqueducts. Work includes trenching from street to sidewalk to aqueduct vault, digging/excavation, staging equipment, potholing. installing rectifier and meter pedestal near sidewalk. Work is to install deep well anode bed impress current system by drilling 230 feet deep well x 10 inch diameter. Work includes staging and staging of equipment in the street after hours. (drill rig to be on site after hour for 1 week, excavator to be on site after hour 2 weeks)"
ENC25-0316,Paid,Encroachment,9/9/2025,,"1533 Laguna Rd Graton [GRA]",130-411-024,$289.72,$0.00,"[PC Invoiced 9/19/25] Work is for 36 inch Santa Rosa aqueduct of Sonoma County Water Agency. Work is to install deep well anode bed impress current system by drilling 230 feet deep well x 10 inch diameter in the right of way, install traffic rated box, trench and route for the wire to 36 inch water pipeline. Work includes digging/excavation, staging equipment, potholing, installing rectifier and meter pedestal in Sonoma County easement, staging of equipment."
ENC25-0317,Paid,Encroachment,9/9/2025,,"21950 Burndale Rd Sonoma [SON]",126-082-006,$289.72,$0.00,"[PC Invoiced 9/19/25] Proposal for grading & drainage improvements for a new AC driveway entrance. Associated with GRD25-0137."
ENC25-0318,Started,Encroachment,9/10/2025,,"21979 Geyserville Ave Geyserville [GEY]",140-180-004,$289.72,$0.00,"[PC Invoiced 9/19/25] As part of California American Water Company's water main replacement project in Geyserville, a geotechnical boring will be performed along the roadway near 21979 Geyserville Ave to evaluate subsurface conditions for design."
ENC25-0319,Paid,Encroachment,9/11/2025,,"3220 Santa Rosa Ave Bellevue [BEL]",044-101-072,$289.72,$0.00,"{PC Invoiced 9/19/25] Access existing vault, over pull 100' and place new vault. Bore approximately 60 feet to MPOE."
ENC25-0320,Paid,Encroachment,9/11/2025,,"12605 Henno Rd Glen Ellen [GLE]",053-110-004,$289.72,$0.00,"PM 35654501 - PG&E to replace pole and OH services for fire affected customer rebuild"
ENC25-0321,Paid,Encroachment,9/14/2025,,"5542 Dry Creek Rd Geyserville [GEY]",090-220-031,$289.72,$0.00,"[PC Invoiced 9/19/25] Proposal for AC pavement on an existing driveway."
ENC25-0323,Started,Encroachment,9/17/2025,,"10860 Sequoia Rd Forestville [FOR]",081-051-043,$289.72,$0.00,"{PC Invoiced 9/19/25] PROPOSED CONCRETE DRIVEWAY IMPROVEMENTS FOR AN EXISTING RESIDENCE THAT IS TO BE RAISED."
ENC25-0324,Started,Encroachment,9/18/2025,,"3548 Oakhaven Ct Mark West Springs [MWS]",029-222-012,$289.72,$0.00,"[PC Invoiced 9/19/25] Bore and overpull new cable in existing and new conduit"
ENC25-0325,Paid,Encroachment,9/18/2025,,"10170 Canyon Rd Forestville [FOR]",082-202-045,$289.72,$0.00,"[PC invoiced 9/24/25] *Before reviewing Plans. Please confirm scope of work with SPI, per Alex CP*** Legalize work in the right-of way. Associated with VGR25-0023. Replacing broken section of pipe with box for clean out option."
ENC25-0326,Paid,Encroachment,9/19/2025,,"100 Pythian Rd Kenwood [KEN]",051-020-048,$289.72,$0.00,"[PC Invoiced 9/22/25] AT&T LOCATE AND EXPOSE (E) 3-4"" CONDUITS IN DIRT SURFACE AND PLACE NEW INTERCEPT BV#55 (3648 GR-12) OVER ON IT."
ENC25-0328,Paid,Encroachment,9/22/2025,,"1754 Ludwig Ave Bellevue [BEL]",060-050-057,$289.72,$0.00,"[PC Invoiced 9/24/2025] Driveway Upgrade for New SFD at 1754 Ludwig Ave"
ENC25-0329,Paid,Encroachment,9/23/2025,,"14256 Kinley Dr Healdsburg [HEA]",088-230-041,$289.72,$0.00,"[PC Invoiced 9/24/2025] Repair water main leak in front of 14256 Kinley Dr. City of Healdsburg Water Main located in County Right of Way."
ENC25-0330,Paid,Encroachment,9/23/2025,,"108 Sunnyside Ave Agua Caliente [AGU]",056-212-019,$289.72,$0.00,"PG&E to excavate to install 4 x 32lb anodes in front of 108 Sunnyside Ave. Attach 2-#10 wires onto 2” stl gas main. Bring all anode wires and #10 wires up into existing g5 box. Same work description at second location in front of 17170 Keaton Ave. Temporary road closure at the two locations during construction needed to complete work. Permit to include all necessary restoration. PM 47280462"
ENC25-0331,Started,Encroachment,9/24/2025,,"21538 Moscow Rd Monte Rio [MRO]",095-152-046,$289.72,$0.00,"[PC Invoiced 9/26/25] Legalization for encroachment violation of 3 metal garden planters in row. Refer to VEN25-0009"
ENC25-0332,Paid,Encroachment,9/25/2025,,"16750 Meadow Oaks Dr Glen Ellen [GLE]",056-062-008,$289.72,$0.00,"[PC Invoiced 9/26/25] Proposed construction of a concrete driveway ramp and sidewalk per subdivision conditions of approval."
ENC25-0333,Paid,Encroachment,9/26/2025,,"639 Greenview Dr Windsor [WIN]",039-190-013,$289.72,$0.00,"PG&E AND OR CONTRACTOR TO REPLACE EXISTING TX AND MULTIPLE SECONDARY LINES TO CORRECT VDVF."
ENC25-0334,Paid,Encroachment,9/26/2025,,"10862 Minnesota Ave Penngrove [PEN]",047-041-011,$289.72,$0.00,"PM 35662445 - PG&E to dig bell hole and trench to cutoff existing gas service and rerun new service. Restoration to be included."
ENC25-0335,Paid,Encroachment,9/26/2025,,"3407 Phillips Ave Bellevue [BEL]",134-081-018,$289.72,$0.00,"[PC Invoiced 9/29/25] PM 35653422 - PG&E to replace pole and OH services, road closure and detour needed"
ENC25-0336,Paid,Encroachment,9/27/2025,,"1711 Alice Dr Penngrove [PEN]",047-293-023,$289.72,$0.00,"[PC Invoiced 9/29/25] New Private Driveway"
ENC25-0337,Started,Encroachment,9/29/2025,,"384 Circulo Real Windsor [WIN]",039-050-049,$0.00,$0.00,"[Need proper docs] PG&E to pinpoint and excavate to repair gas leak. Permit to include all necessary restoration. PM 47281182"
ENC25-0339,Started,Encroachment,9/30/2025,,"339 Paula Ln Petaluma [PET]",019-080-020,$289.72,$0.00,"[PC invoiced 10/1/25] Driveway For New SFD"
ENC25-0340,Started,Encroachment,9/30/2025,,"18500 Old Cazadero Rd Guerneville [GUE]",106-210-028,$0.00,$0.00,"[Proper Plans Needed }PG&E to fix/replace OH electrical Cut outs."
GRD20-,,,,,,,,,
0131.R01,"Plan Check Comments Sent","Grading Permit",9/3/2025,,"9085 Hillcrest Rd Jenner [JEN]",099-100-080,$0.00,$0.00,"Grading and drainage to address VGR18-0048 for hillside grading, shed and retaining walls. Revision moves shed location."
GRD21-,,,,,,,,,
0243.R01,Check,"Grading Permit",9/3/2025,,"1829 Riebli Rd Mark West Springs [MWS]",029-210-027,$0.00,$0.00,"Engineered Grading & Drainage for proposed Verizon Wireless Telecommunications facility. Revision modifies lower driveway & drainage."
GRD24-,,,,,,,,,
0035.R01,"Plan Check Comments Sent","Grading Permit",9/2/2025,,"1610 Brack Rd Healdsburg [HEA]",089-200-033,$0.00,$0.00,
"GRD25-0163 Ready for Plan",Check,"Grading Permit",9/2/2025,,"69 Bosuns Reach Sea Ranch [SEA]",156-330-023,$3145.37,$0.00,"Grading & drainage plan for new residence (BLD25-5089) and driveway/parking"
GRD25-0167,"Resubmittal Requested","Grading Permit",9/8/2025,,"429 Sanford Rd Santa Rosa [SRO]",130-200-067,$2760.93,$0.00,"We intend to grade the roads so that they have a surface suitable for driving, fill the pot holes with asphalt base, compact to 95% with a roller and add 3” – 4” of asphalt base to the roads in order to repair them. The existing slope of the roads will be unchanged. This is road repair of existing roads."
GRD25-0168,,,9/8/2025,,"9330 Occidental Rd Graton [GRA]",061-040-078,$1049.46,$0.00,"grading associated with parking and accessible access to a new building of an existing private school"
GRD25-0169,"Resubmittal Received","Grading Permit",9/9/2025,,"1880 Hwy 1 Bodega Bay [BBY]",100-210-067,$3368.23,$0.00,"Engineered grading & drainage for driveway reconstruction"
GRD25-0169,"Resubmittal Received","Grading Permit",9/9/2025,,"1880 Hwy 1 Bodega Bay [BBY]",100-210-067,$3368.23,$0.00,"Engineered grading & drainage for driveway reconstruction"
GRD25-0170,"Resubmittal Requested","Grading Permit",9/10/2025,,"22284 Ruoff Dr Timber Cove [TIM]",109-390-007,$5571.50,$0.00,"*Self-Certified* Grading & drainage improvements for a new residence, garage, driveway, & associated hardscape"
"GRD25-0171 Ready for Plan",Check,"Grading Permit",9/11/2025,,"4515 Stony Point Rd Bellevue [BEL]",134-253-034,$3452.30,$0.00,"Proposal for Engineered Grading and Drainage Improvements to Remedy Grading Violation VGR25-0016."
"GRD25-0172 Ready for Plan",Check,"Grading Permit",9/15/2025,,"6606 Faught Rd Windsor [WIN]",079-190-024,$3545.05,$0.00,"Grading & Drainage for (P) Ag Exempt Barn and Associated Parking Area"
GRD25-0173,,,9/23/2025,,"300 Hwy 128 Geyserville [GEY]",140-120-010,$3452.30,$0.00,"Grading and Drainage Improvements for construction of a new primary dwelling, garage and driveway"
GRD25-0174,,,9/30/2025,,"1820 W Dry Creek Rd Healdsburg [HEA]",089-160-029,$2721.93,$0.00,"THE PURPOSE OF THIS PROJECT IS GRADING AND DRAINAGE IMPROVEMENTS FOR A PROPOSED RESIDENCE, DETACHED ADU, TWO NEW DRIVEWAYS AND ASSOCIATED SITE IMPROVEMENTS."
GRD25-0175,Started,"Grading Permit",9/30/2025,,"8525 Graton Rd Graton [GRA]",130-176-013,$0.00,$0.00,"To renew permit that is going to be expiring GRD24-0188 (Grading Improvements to address grading violation #VGR24-0041)"
SEP25-0286,"Plan Check Comments Sent","Septic Permit",9/2/2025,,"7760 Dos Palos Ln Twin Hills [TWI]",076-110-045,$947.97,$0.00,"Standard Leachfield Repair, 7760 Dos Palos Lane"
SEP25-0287,"Plan Check Comments Sent","Septic Permit",9/2/2025,,"5566 Hwy 116 N Forestville [FOR]",084-170-001,$1226.21,$0.00,"Modify SEP11-0228 - conversion from combined domestic-process water system to domestic-only system with siimple 1-pipe plumbing adjustment"
SEP25-0288,Check,"Septic Permit",9/2/2025,,"19795 Crescent Ave Monte Rio [MRO]",094-150-021,$947.97,$0.00,"septic tank replacement and seepage pit repair plan"
SEP25-0289,Check,"Septic Permit",9/3/2025,,"157 Redwood Ave Camp Meeker [CAM]",075-090-084,$947.97,$0.00,"Septic Tank Replacement and Seepage Pit Repair"
SEP25-0290,Check,"Septic Permit",9/3/2025,,"9627 Westside Rd Forestville [FOR]",110-140-013,$1391.44,$0.00,"New 1-Bedroom Mound System for (P) ADU w/ Drip Reserve for 3-Bedrooms"
SEP25-0291,Issued,"Septic Permit",9/3/2025,09/30/2025,"19395 Wyatt Rd Sonoma [SON]",142-180-040,$1254.09,$0.00,"Septic Tank Only Plan"
SEP25-0292,Issued,"Septic Permit",9/3/2025,09/19/2025,"2299 Brush Creek Rd Rincon Valley [RIN]",182-030-031,$660.48,$0.00,"Septic Tank Destruct - Connecting to City Sewer"
SEP25-0293,Check,"Septic Permit",9/4/2025,,"931 Warrington Rd Bellevue [BEL]",045-142-009,$1391.44,$0.00,"New Septic System Design - Non-Standard 12"" Deep Subsurface Drip - to serve existing 3 bed SFD, 2 bed ADU & 2 bed JADU"
SEP25-0294,Issued,"Septic Permit",9/4/2025,09/19/2025,"5566 Hwy 116 N Forestville [FOR]",084-170-001,$769.88,$0.00,"Obtain approval for demolition of an existing septic tank installed under SEP13- 0145. SEP13-0145 Permit for the tank was never finaled and the tank was never connected to any structures. There is no replacement septic tank associated with this permit and the connected leachlines are to be abandoned in place. The tank must be removed as part improvements associated with GRD25-0093. Tank removal and backfill to observed by project Geotechnical Engineer for compaction."
SEP25-0295,"Plan Check Comments Sent","Septic Permit",9/4/2025,,"18890 Prospect Dr Sonoma [SON]",064-070-028,$769.88,$0.00,"1.Pump and abandon existing failed septic tank and pump vault per PRMD Destruct. Provide pumpers receipt to PRMD Inspector. 2. Install new 1250 gallon iAPMO Approved poly septic tank per manufacturers instructions with risers and effluent Filter per OWTS 8.1A(7): a corrosion resistant NSF rated effluent filter approved by the permit authority, capable of screening solids in excess of 3/16 of an inch in diameter, shall be provided in the outlet tee(see detail) 3. install new iapmo317 gallon fiberglass pump vault and reinstall existing pump. install new alarm and pump floats. Install new control panel. 4. perform water tightness test under Permit Sonoma supervision. Tanks to be filled 2""up into risers. tank will pass if water level doesn't drop more than1/8""in a 30 minute period, REHS must be notified at least 24 hours in advance of the desired inspection. no portion of the OWTS may be covered until it is inspected by the Permit staff or the Permit Authority staff has authorized coverage prior to inspection."
SEP25-0296,"Plan Check Comments Sent","Septic Permit",9/7/2025,,"15586 Pozzan Rd Healdsburg [HEA]",089-061-078,$1226.21,$0.00,"Addition to (E) Standard System for (N) 1-Bedroom ADU"
SEP25-0296,"Plan Check Comments Sent","Septic Permit",9/7/2025,,"15586 Pozzan Rd Healdsburg [HEA]",089-061-078,$1226.21,$0.00,"Addition to (E) Standard System for (N) 1-Bedroom ADU"
SEP25-0297,"Plan Check Comments Sent","Septic Permit",9/10/2025,,"7251 Grove Ct Sonoma [SON]",064-260-007,$1391.44,$0.00,"5-bedroom at-grade system with pretreatment (7251 Grove Ct)"
SEP25-0298,Finaled,"Septic Permit",9/10/2025,09/15/2025,"14795 Grove St Healdsburg [HE]",089-120-041,$665.54,$0.00,"Septic Tank Destruct"
SEP25-0299,"Plan Check Comments Sent","Septic Permit",9/10/2025,,"6249 Melita Rd Kenwood [KEN]",031-040-026,$986.97,$0.00,"Repairing the leach line as needed and repairing the distribution box to the septic system"
SEP25-0300,Check,"Septic Permit",9/11/2025,,"5047 Sonoma Mountain Rd Bennett Valley [BEN]",049-030-053,$947.97,$0.00,"3-BED STANDARD REPAIR WITH DRIP RESERVE (5047 SONOMA MOUNTAIN ROAD)"
SEP25-0301,"Application Accepted/In Review","Septic Permit",9/12/2025,,"276 Scenic Ave Bellevue [BEL]",045-033-003,$150.93,$0.00,"TO COMPLETE SEP17-0682: SEPTIC TANK ONLY"
SEP25-0302,Issued,"Septic Permit",9/14/2025,09/29/2025,"505 E Railroad Ave Cotati [COT]",046-234-011,$1293.09,$0.00,"Septic Tank Installation Permit"
SEP25-0303,Check,"Septic Permit",9/16/2025,,"198 Wild Moor Reach Sea Ranch [SEA]",156-230-007,$670.09,$0.00,"Septic tank only permit"
SEP25-0304,Check,"Septic Permit",9/17/2025,,"5940 Anderson Rd Forestville [FOR]",083-040-061,$1430.44,$0.00,"New drip system for proposed two bedroom residence."
SEP25-0305,Check,"Septic Permit",9/17/2025,,"23150 Hwy 1 Timber Cove [TIM]",109-050-012,$1265.21,$0.00,"TO INSTALL A CODE-COMPLIANT STANDARD GRAVITY SEPTIC SYSTEM FOR THE SUBJECT PARCEL LOCATED AT 23125 HIGHWAY 1 IN JENNER. THE PROPOSED CODE-COMPLIANT STANDARD GRAVITY SEPTIC SYSTEM IS DESIGNED TO SERVE A PROPOSED STORE AND FUTURE DELI FOR A TOTAL OF 505 GALLONS PER DAY."
SEP25-0306,"Plan Check Comments Sent","Septic Permit",9/18/2025,,"8531 Hwy 12 Kenwood [KEN]",051-040-051,$1265.21,$0.00,"6-bedroom standard septic system design (8531 Sonoma Hwy)"
SEP25-0307,"Application Accepted/In Review","Septic Permit",9/18/2025,,"11971 Old Redwood Hwy Windsor [WIN]",086-120-047,$1226.21,$0.00,"Standard Pressure Distribution Septic System for tasting room"
SEP25-0308,Finaled,"Septic Permit",9/19/2025,09/23/2025,"6295 Hwy 12 Kenwood [KEN]",031-030-025,$1254.09,$0.00,"Replace existing septic tank with approved 1200-gallon septic tank in the same location. NOTE: Septic tank lost during the Glass Fire of 2020 Scope: 1. Existing tank to be removed and disposed according to Sonoma County code. 2. New septic tank to be installed. 3. Connect to clean-out and leach field. 4. Schedule septic tank watertight test inspection with Permit Authority APN: 031-030-025 Parcel Size 1.15 acres Jurisdiction: Unincorporated Santa Rosa, Sonoma County 5. Zoning: DA B6 10, SR VOH"
SEP25-0309,Check,"Septic Permit",9/20/2025,,"11100 Hillside Dr Forestville [FOR]",082-280-051,$947.97,$0.00,"In-Kind Septic Repair to Failing Leach Pit for 2-BR SFD"
SEP25-0310,Check,"Septic Permit",9/22/2025,,"6064 Hyland Way Penngrove [PEN]",136-270-033,$1391.44,$0.00,"New Dual At-Grade Mound System for (P) 4-Bedroom SFD"
SEP25-0311,Check,"Septic Permit",9/24/2025,,"4605 Dry Creek Rd Geyserville [GEY]",090-210-025,$615.00,$0.00,"EVT24-00096 Replacement Septic Tank Only"
SEP25-0312,"Plan Check Comments Sent","Septic Permit",9/24/2025,,"910 Hurlbut Ave Graton [GRA]",060-261-014,$947.97,$0.00,"septic repair permit for tank, gravity main and to designate reserve area for building permit BLD25-1831"
SEP25-0313,"Plan Check Comments Sent","Septic Permit",9/25/2025,,"3325 Hwy 116 N Graton [GRA]",130-180-071,$153.54,$0.00,"Septic Tank Destruct - Associated w/ DEM25-0345"
SEP25-0314,"Plan Check Comments Sent","Septic Permit",9/25/2025,,"3281 Hwy 116 N Graton [GRA]",130-180-069,$153.54,$0.00,"DEMO SEPTIC TANK ASSOCIATED WITH DEM25-0344"
SEP25-0315,Issued,"Septic Permit",9/26/2025,10/01/2025,"1998 Cooper Rd Sebastopol [SEB]",063-250-022,$2023.97,$0.00,"Emergency Septic Repair to (E) Effluent Approach Lines, Leach Lines, & Gravel impounded with roots. Replace Pipes, Gravel, & Distribution Boxes (doesn’t include septic tank replaced in 2005). Leach Field expanding by 25%. No records existing at county (home built in 1940’s)."
SEP25-0316,Check,"Septic Permit",9/29/2025,,"4663 Hillsborough Dr Penngrove [PEN]",136-480-016,$1226.21,$0.00,"New Standard Septic System for (P) 3-Bedroom SFD"
SEP25-0317,Check,"Septic Permit",9/29/2025,,"641 Limerick Ln Windsor [WIN]",086-080-047,$1226.21,$0.00,"6-bedroom standard septic system design (641 Limerick Ln)"
SEP25-0318,"Awaiting Applicant Response","Septic Permit",9/30/2025,,"200 Austin Creek Rd Guerneville [GUE]",097-090-004,$0.00,$0.00,"Septic Tank Replacement - 1.Pump and abandon failed concrete septic tank per PRMD Destruct. Provide Pumpers receipt to PRMD Inspector. 2. Install new 1250 gallon IAPMO approved poly septic tank per manufacturers instructions with risers and effluent filter per OWTS8.1A(7):A corrosion resistant NSF rated effluent Filter approved by the Permit Authority, capable of screening solids in excess of 3/16 of an inch in diameter, shall be provided in the outlet tee (see detail) 3.Perform water tightness test under Permit Sonoma supervision. Tank to be filled 2"" up into risers. Tank will pass if water level doesn't drop more than 1/8 in 30 minute 'period ReHS must be notified at least 24 hours in advance of the desired inspection. No portion on the OWTS may be covered until it is inspected by the Permit Authority staff or the Permit Authority staff has authorized coverage prior to inspection"
SEP25-0319,Check,"Septic Permit",9/30/2025,,"1250 Lytton Springs Rd Geyserville [GEY]",091-140-026,$1226.21,$0.00,"New 4-Bedroom Standard System for (E) SFD being Remodeled"
SEP25-0320,"Application Accepted/In Review","Septic Permit",9/30/2025,,"7600 Lakeville Hwy Lakeville [LAK]",068-120-015,$1391.44,$0.00,"New 8-Bedroom Mound System for Residential & Commercial use to Comply with UPE12-0004"
SEP25-0321,"Application Accepted/In Review","Septic Permit",9/30/2025,,"840 Horn Ave Glen Ellen [GLE]",054-270-015,$141.82,$0.00,"SEPTIC ABANDONMENT"
SEP25-0322,Started,"Septic Permit",9/30/2025,,"14831 Grove St Healdsburg [HE]",089-120-100,$0.00,$0.00,"Abandonment of septic. Septic tank will be pumped and cleaned by Environmental Pump Services of Santa Rosa. The tank lid will be broken into small pieces and placed into the tank with the gravel, rock or soils. Several holes shall be made in the bottom of the tank. The tank shall be filled with pea gravel, drain rock, compacted native soils or concrete slurry."
SEP25-0323,Started,"Septic Permit",9/30/2025,,"1176 Castle Rd Sonoma [SON]",127-111-055,$0.00,$0.00,"Proposed project is to abandon an existing septic tank and leachfield. A separate permit has been applied for to demolish the existing residence."
SEW25-0113,"Resubmittal Received","Sewer Construction",9/2/2025,,"18000 Hwy 12 1 Agua Caliente [AGU]",056-401-028,$290.73,$0.00,"Removal of sewer lateral on the side of the building tied into the City manhole (M7 9–14) per notice of violation."
"SEW25-0115 Ready for Plan",Check,"Sewer Construction",9/15/2025,,"5201 Warm Springs Rd Glen Ellen [GLE]",054-240-031,$290.73,$0.00,"EVT17-04669 INSTALL NEW 4"" SEWER LINE CONNECTING HOUSE TO EXISTING CLEANOUT"
"SEW25-0116 Ready for Plan",Check,"Sewer Construction",9/17/2025,,"333 Halcyon Sea Ranch [SEA]",156-360-016,$290.73,$0.00,"Construct sewer lateral from proposed new SFD (980 SF)"
SEW25-0118,Issued,"Sewer Construction",9/25/2025,10/02/2025,"17378 Keaton Ave Agua Caliente [AGU]",056-252-054,$1120.38,$0.00,"Construct shared upper lateral to new SFD - single structure, no shared lateral authorization required - existing SFD becomes 825sf ADU - Connection/capacity and service fees for 0.80 ESD required under separate fee- only SEW"
SEW25-0119,"Awaiting Applicant Response","Sewer Construction",9/26/2025,,"381 Calle Del Monte Agua Caliente [AGU]",056-416-006,$0.00,$0.00,"Replace existing sewer main with New ABS plastic pipe. New clean out at street, one more at the exit point of house. About 30' total run."
SEW25-0120,"Awaiting Applicant Response","Sewer Construction",9/30/2025,,"840 Horn Ave Glen Ellen [GLE]",054-270-015,$0.00,$0.00,"Sewer Connection for existing SFD"
"SEW25-0121 Ready for Plan",Check,"Sewer Construction",9/30/2025,,"9016 Green Valley Rd Graton [GRA]",130-080-042,$290.73,$0.00,"Connect Sewer lateral to new ADU"
SEW25-0117,Finaled,"Sewer Fee Only",9/23/2025,,"250 E Agua Caliente Rd Agua Caliente [AGU]",056-172-012,$7722.54,$0.00,"Add 0.40 ESD connection and service fees for new 540 sf ADU. New parcel assessment 1.40 ESD."
SEW25-0114,Started,"Sewer Land Use Authority",9/3/2025,,"21196 Broadway Sonoma [SON]",128-351-019,$7213.57,$0.00,"OSAA in SVCSD Southern Sphere for Jemeljanovs"
BLD25-5279,Issued,Solar-SolarAPP,9/1/2025,09/01/2025,"939 Hurlbut Ave Graton [GRA]",060-281-020,$524.91,$0.00,"PV Roof Mount: 47 Modules, 9.84kW, Existing Main 200A, Tesla Battery (13.5kWh, 1 BUI)"
BLD25-5295,Issued,Solar-SolarAPP,9/2/2025,09/02/2025,"16650 Center Way Forestville [FOR]",071-192-020,$524.91,$0.00,"8.36 KW solar project Including 10 KWH backup battery system"
BLD25-5296,Issued,Solar-SolarAPP,9/2/2025,09/02/2025,"475 San Ramon Dr Agua Caliente [AGU]",133-211-006,$524.91,$0.00,"PV Roof Mount 10 modules, 4.05kW, Existing 100A/100BUSS; SolarEdge Battery W/ BUI"
BLD25-5303,Issued,Solar-SolarAPP,9/2/2025,09/02/2025,"1353 Avenida Sebastiani Sonoma [SON]",142-210-012,$524.91,$0.00,"7.38kW (18) Panel Roof mount PV System w/ (2) ESS w/PCS"
BLD25-5402,Finaled,Solar-SolarAPP,9/7/2025,09/07/2025,"28800 Seaview Rd Timber Cove [TIM]",109-450-011,$524.91,$0.00,"Add 15kWh Franklin Apower ESS with AGate smart switch (MID / GID). The battery storage system to be charged from (E) 6.84kW PV array with 19 LG360N1C-N5 panels and (E) SolarEdge SE7600H string inverter with optimizers."
BLD25-5424,Issued,Solar-SolarAPP,9/8/2025,09/08/2025,"4865 Occidental Rd Santa Rosa [SRO]",130-223-017,$689.91,$0.00,"Photovoltaic system 24.8KW system size roof mount. 62 modules and microinverters with 6 Enphase battery"
BLD25-5446,Issued,Solar-SolarAPP,9/9/2025,09/09/2025,"359 Calle Del Monte Agua Caliente [AGU]",056-415-013,$524.91,$0.00,"PV Roof Mount 8 Modules, 3.24kW, Existing panel 100A, 1 Solar Edge Battery"
BLD25-5458,Issued,Solar-SolarAPP,9/9/2025,09/09/2025,"838 Oakwood Dr Glen Ellen [GLE]",054-381-013,$524.91,$0.00,"PV Roof Mount 9 modules, 3.8kW, New Main 200A/200BUSS; SolarEdge Battery W/ BUI"
BLD25-5468,Issued,Solar-SolarAPP,9/9/2025,09/09/2025,"485 Ormsby Ln Penngrove [PEN]",137-020-079,$454.00,$0.00,"PV Solar Roofmount"
BLD25-5584,Issued,Solar-SolarAPP,9/13/2025,09/13/2025,"1091 Lowell Ave Cotati [COT]",046-032-011,$469.00,$0.00,"Putting solar panels on barn roof"
BLD25-5638,Issued,Solar-SolarAPP,9/16/2025,09/16/2025,"604 Cherry Ave Agua Caliente [AGU]",052-211-034,$524.91,$0.00,"PV SOLAR AND ESS INSTALLATION. (N) 125A BACKUP LOAD PANEL."
BLD25-5642,Issued,Solar-SolarAPP,9/16/2025,09/16/2025,"1425 Lorraine Way Mark West Springs [MWS]",067-290-002,$524.91,$0.00,"PV Roofmount and ESS"
BLD25-5653,Issued,Solar-SolarAPP,9/16/2025,09/16/2025,"17316 Keaton Ave Agua Caliente [AGU]",056-213-020,$524.91,$0.00,"PV solar roof mount with whole home ESS"
BLD25-5659,Issued,Solar-SolarAPP,9/16/2025,09/16/2025,"1483 Woody Creek Ln Windsor [WIN]",066-191-048,$539.91,$0.00,"DC SIZE: 15.48 kW AC SIZE: 12.564 kW MODULES : (36) QCELLS Q.TRON BLK M-G2.H1+/AC 430 MICROINVERTER : (36) QCELLS Q.MI.349B-G1 BATTERY : (1) TESLA POWERWALL 3 (1707000-XX-Y) BATTERY EXPANSION : (2) TESLA POWERWALL 3 (1807000-XX-Y) CEC RATING : 13.96 KW"
BLD25-5679,Issued,Solar-SolarAPP,9/17/2025,09/17/2025,"1499 Nut Tree Ln Sonoma [SON]",127-523-007,$524.91,$0.00,"PV INSTALL 10.6KW, 26 MODULES, 2 ESS"
BLD25-5696,Issued,Solar-SolarAPP,9/18/2025,09/18/2025,"1410 Alexander Valley Rd Healdsburg [HEA]",091-030-040,$524.91,$0.00,"6.9kw roof mount solar with energy storage system"
BLD25-5702,Issued,Solar-SolarAPP,9/18/2025,09/18/2025,"565 Oasis Dr Bellevue [BEL]",134-074-013,$524.91,$0.00,"Install roof mount solar panels at 8.61 kW"
BLD25-5748,Issued,Solar-SolarAPP,9/19/2025,09/19/2025,"4700 Hwy 116 S Sebastopol [SEB]",062-070-065,$554.91,$0.00,"New Roof Mount Solar PV System 16.770KW (39) Panels with ESS Battery"
BLD25-5779,Issued,Solar-SolarAPP,9/22/2025,09/22/2025,"840 Butler Ave Bellevue [BEL]",134-063-016,$524.91,$0.00,"4.05kW (10) Panel Roof mount PV System w/ESS"
BLD25-5810,Issued,Solar-SolarAPP,9/23/2025,09/23/2025,"492 San Gabriel Dr Agua Caliente [AGU]",133-202-021,$524.91,$0.00,"PV solar roof mount 15 panels 6.9 kW DC & (1) ESS 10 kWh Battery"
BLD25-5811,Issued,Solar-SolarAPP,9/23/2025,09/23/2025,"105 Melody Ct Agua Caliente [AGU]",056-491-034,$524.91,$0.00,"7.29kW (18) Panel Roof mount PV System w/ ESS w/ New 225A Generation Panel."
BLD25-5813,Issued,Solar-SolarAPP,9/23/2025,09/23/2025,"711 Benjamins Rd Rincon Valley [RIN]",183-240-002,$524.91,$0.00,"9.72kW (24) Panel Roof mount PV System w/ ESS w/ MPU: New 200A Main Panel."
BLD25-5816,Issued,Solar-SolarAPP,9/23/2025,09/23/2025,"1339 Scheibel Ln Twin Hills [TWI]",076-011-054,$554.91,$0.00,"16.81kW (41) Panel Roof mount PV System w/ (3) ESS w/ PCS"
BLD25-5830,Issued,Solar-SolarAPP,9/24/2025,09/24/2025,"10750 Moonshine Rd Twin Hills [TWI]",073-030-027,$524.91,$0.00,"4.92kW (9) Panel Roof mount PV System w/ ESS."
BLD25-5833,Issued,Solar-SolarAPP,9/24/2025,09/24/2025,"4450 Hargrave Ave Bellevue [BEL]",134-268-008,$554.91,$0.00,"16.81kW (41) Panel Roof mount PV System w/ (2) ESS w/ PCS."
BLD25-5891,Issued,Solar-SolarAPP,9/26/2025,09/26/2025,"850 Edwards Ln Twin Hills [TWI]",063-293-064,$524.91,$0.00,"6.08kW (15) Panel Roof mount PV System w/ ESS"
BLD25-5893,Issued,Solar-SolarAPP,9/26/2025,09/26/2025,"21029 Crocus Ct Sonoma [SON]",142-260-048,$524.91,$0.00,"2.84kW (7) Panel Roof mount PV System w/ (2) ESS w/ PCS."
BLD25-5894,Issued,Solar-SolarAPP,9/26/2025,09/26/2025,"270 Temelec Cir Sonoma [SON]",142-170-051,$524.91,$0.00,"5.27kW (13) Panel Roof mount PV System w/ ESS."
BLD25-5896,Issued,Solar-SolarAPP,9/26/2025,09/26/2025,"15398 Pozzan Rd Healdsburg [HEA]",089-061-056,$524.91,$0.00,"5.33kW (13) Panel Roof mount PV System w/ ESS."
BLD25-5899,Issued,Solar-SolarAPP,9/26/2025,09/26/2025,"439 El Dorado Dr Agua Caliente [AGU]",133-202-006,$524.91,$0.00,"5.74kW (14) Panel Roof mount PV System w/ ESS w/MPU: 100A>New 200A Main Panel."
BLD25-5931,Issued,Solar-SolarAPP,9/29/2025,09/29/2025,"121 Vineyard Cir Sonoma [SON]",142-156-025,$524.91,$0.00,
WEL25-0319,Issued,"Well Permit",9/3/2025,09/17/2025,"5225 Burnside Rd Bloomfield [BLO]",027-040-002,$1727.17,$0.00,"Drill & Construct (N) Class I Water Supple Well to Supplement (E) Wells"
"WEL25-0320 Ready for Plan",Check,"Well Permit",9/5/2025,,"5958 Anderson Rd Forestville [FOR]",083-040-087,$829.17,$0.00,"The proposed work is drilling one (1) geotechnical boring to a depth of 20 feet within APN 083-040-087. Once completed, the boring will be backfilled with neat cement grout to the surface."
WEL25-0321,"Resubmittal Received","Well Permit",9/5/2025,,"7450 Steve Olson Ln Forestville [FOR]",083-010-041,$628.48,$0.00,"The proposed work is drilling two (2) geotechnical borings to depths of 20 feet each within APN 110-210-008. Once drilling is completed, the boring will be backfilled with neat cement grout to the surface."
WEL25-0323,"Resubmittal Requested","Well Permit",9/5/2025,,"155 Davis Ln Penngrove [PEN]",047-231-014,$829.17,$0.00,"New class 1 domestic water well"
WEL25-0324,"Awaiting Applicant Response","Well Permit",9/8/2025,,"1560 Cunningham Way Santa Rosa [SR]",034-230-045,$0.00,$0.00,"mw 4,4,5 bachand"
WEL25-0325,"Resubmittal Received","Well Permit",9/9/2025,,"7874 W Dry Creek Rd Geyserville [GEY]",139-160-031,$790.17,$0.00,"New class I well for undeveloped property"
WEL25-0326,Issued,"Well Permit",9/10/2025,10/01/2025,"Rohnert Park [RP]",143-061-061,$1245.99,$0.00,"MONITORING WELL"
WEL25-0327,Issued,"Well Permit",9/10/2025,10/01/2025,"3090 Hoen Ave Santa Rosa [SR]",014-462-032,$1245.99,$0.00,"MONITORING WELL"
WEL25-0328,"Pre- Due","Well Permit",9/10/2025,,"7455 W Dry Creek Rd Geyserville [GEY]",139-160-065,$1727.17,$0.00,"NEW CLASS I WELL TO SUPPLEMENT EXISTING WELL FOR RESIDENTIAL, LANDSCAPING AND WATER STORAGE USE. 14.11 ACRES, ZONES 1 & 4"
WEL25-0329,"Resubmittal Requested","Well Permit",9/10/2025,,"1565 Baird Rd Rincon Valley [RIN]",029-040-043,$790.17,$0.00,"Drill a replacement well, Class 1 with 5"" PVC casing & 50' annular seal. Once new well has been constructed and activated destroy the existing well. Destruct method: Remove the pump equipment from the well and cut the steel casing off approximately 3' below grade. Fill the 6"" steel casing with 3/8"" pea gravel from the bottom at approximately 91' below grade to 33' below grade and use a mechanical Mills Knife perforating tool to perforate the steel casing from 33' to 3' below grade. A neat cement slurry is to be pumped into the well via a tremie pipe to seal the well from 33' below grade to just over the top of the steel casing approximately 3' below grade. Native soil is to be used to backfill the remaining hole to final grade."
"WEL25-0335 Ready for Plan",Check,"Well Permit",9/16/2025,,"152 Rancho Bonita Way Glen Ellen [GLE]",056-012-014,$946.13,$0.00,"NEW WELL TO SUPPLEMENT MUNICIPAL WATER SOURCE FOR RESIDENTIAL AND STORAGE USE. 3 ACRES-MOSTLY FOREST ZONE 3"
"WEL25-0336 Ready for Plan",Check,"Well Permit",9/16/2025,,"136 Rancho Bonita Way Glen Ellen [GLE]",056-012-026,$790.17,$0.00,"NEW CLASS I WELL TO SUPPLEMENT MUNICIPAL WELL WATER SUPPLY FOR RESIDENTIAL AND STORAGE USE. 3 ACRES-MOSTLY GRASSLAND/PASTURE. ZONE 3"
"WEL25-0337 Ready for Plan",Check,"Well Permit",9/16/2025,,"9651 Eastside Rd Windsor [WIN]",066-300-027,$628.48,$0.00,"Geotechnical Boring for restoration project."
WEL25-0338,"Pre- Due","Well Permit",9/16/2025,,"10249 Eastside Rd Windsor [WIN]",066-300-049,$1050.48,$0.00,"Geotechnical borings for restoration project."
WEL25-0340,"Resubmittal Received","Well Permit",9/16/2025,,"Forestville [FOR]",083-010-044,$523.99,$0.00,"2 MONITORING WELLS"
"WEL25-0341 Ready for Plan",Check,"Well Permit",9/16/2025,,"4950 Westside Rd Windsor [WIN]",110-110-018,$628.48,$0.00,"Geotechnical Boring for restoration project"
WEL25-0342,"Plan Check Comments Sent","Well Permit",9/17/2025,,"2690 Meier Rd Sebastopol [SEB]",063-150-003,$790.17,$0.00,"FAILED WELL, Drill new Class II well and destroy existing failed steel cased well."
"WEL25-0344 Ready for Plan",Check,"Well Permit",9/17/2025,,"1993 Burnside Rd Twin Hills [TWI]",076-221-015,$790.17,$0.00,"NEW WELL TO SUPPLEMENT EXISTING LOW PRODUCING WELL FOR RESIDENTIAL AND STORAGE USE. 2.35 ACRES, ZONE 2"
"WEL25-0345 Ready for Plan",Check,"Well Permit",9/18/2025,,"3533 Deer Trail Ct Rincon Valley [RIN]",029-151-029,$628.48,$0.00,"We (Cotton Shires & Associates) are planning on performing four (4) geotechnical soil borings at 3533 Deer Trail rd in Santa Rosa, CA. The depths of the borings are planned to be 15, 40, 50 and 50 feet. We also plan to instrument all the borings with both a vibrating wire piezometer and an inclinometer. We have retained Terra-Ex (C57 #1114837) to perform the drilling and installation of the soil borings and instrumentation."
WEL25-0346,"Resubmittal Received","Well Permit",9/19/2025,,"8975 Conde Ln Windsor [WI]",164-020-023,$315.98,$0.00,"Well Destruct"
"WEL25-0347 Ready for Plan",Check,"Well Permit",9/22/2025,,"2625 Brush St Graton [GRA]",130-280-049,$946.13,$0.00,"REPLACE (E) WELL - NEW RESIDENTIAL WELL FOR FUTURE LOT SPLIT. CLASS II DUE TO CLOSED CONTAMINATION SITE W/I 1000' .19 ACRES, ZONE 2"
"WEL25-0348 Ready for Plan",Check,"Well Permit",9/22/2025,,"2619 Brush St Graton [GRA]",130-280-049,$946.13,$0.00,"NEW RESIDENTIAL CLASS II WATER WELL AS SOURCE OF WATER FOR FUTURE LOT SPLIT"
WEL25-0349,,,9/22/2025,,"2613 Brush St Graton [GRA]",130-280-049,$946.13,$0.00,"NEW RESIDENTIAL WELL AS SOURCE OF WATER FOR FUTURE LOT SPLIT. .19 ACRES, ZONE 2"
"WEL25-0350 Ready for Plan",Check,"Well Permit",9/23/2025,,"5885 Pruitt Ave Windsor [WI]",059-271-082,$628.48,$0.00,"We will be using Middle Earth Geo Testing, Inc. to perform 2 CPT soundings to maximum depths of about 100 ft or less at 5885 Pruitt Ave, Windsor."
WEL25-0351,,,9/23/2025,,"19400 Carriger Rd Sonoma [SON]",142-180-051,$829.17,$0.00,"NEW CLASS I RESIDENTIAL WELL TO SUPPLEMENT EXISTING LOW PRODUCING WELL FOR RESIDENTIAL AND WATER STORAGE USE. 1.85 ACRES - ZONE 1"
"WEL25-0352 Ready for Plan",Check,"Well Permit",9/23/2025,,"4675 Mayette Ave Santa Rosa [SR]",013-181-020,$628.48,$0.00,"CPTs for geotechnical investigation"
"WEL25-0353 Ready for Plan",Check,"Well Permit",9/23/2025,,"4675 Mayette Ave Santa Rosa [SR]",013-181-020,$628.48,$0.00,"Geotechnical borings for soil sampling"
"WEL25-0354 Ready for Plan",Check,"Well Permit",9/23/2025,,"5305 Dupont Dr Santa Rosa [SR]",153-051-002,$628.48,$0.00,"CPTs for geotechnical investigation"
"WEL25-0355 Ready for Plan",Check,"Well Permit",9/23/2025,,"5305 Dupont Dr Santa Rosa [SR]",153-051-002,$628.48,$0.00,"Geotechnical borings for soil sampling"
WEL25-0357,,,9/24/2025,,"3998 Piner Rd Santa Rosa [SRO]",057-022-006,$790.17,$0.00,"NEW WELL TO REPLACE EXISTING COLLAPSED WELL. 10 ACRES, ZONE 1. OUT OF WATER - CURRENTLY HAVING WATER TRUCKED IN"
WEL25-0359,Issued,"Well Permit",9/24/2025,10/03/2025,"Cloverdale [CLO]",118-020-014,$1050.48,$0.00,"Asti Permanent bridge replacement project"
"WEL25-0366 Ready for Plan",Check,"Well Permit",9/26/2025,,"3909 Matanzas Creek Ln Bennett Valley [BEN]",,$829.17,$0.00,"Drill and construct new water supply well to supplement existing well production 055-140-018"
WEL25-0368,Issued,"Well Permit",9/29/2025,10/02/2025,"32000 Green Rd Cloverdale [CLO]",117-240-035,$1727.17,$0.00,"*Out of Water* Failing Spring, Drill & Construct (N) Class I Well - No Well on Property"
