permit_number,status,permit_type,applied_date,issued_date,address,parcel_number,fee,valuation,description
BLD25-1761,Issued,"Building Permit No Plan Check",4/1/2025,04/01/2025,"2001 Coffee Ln Graton [GRA]",061-021-026,$537.12,$0.00,"SFD; 23sqs; Self Certified contractor; Remove existing roof. Install with new Lifetime Class A composition shingles - Comp section main house"
BLD25-1765,Issued,"Building Permit No Plan Check",4/1/2025,04/01/2025,"4840 Blank Rd Sebastopol [SEB]",062-160-022,$539.35,$0.00,"remove 1 layer comp shingles approx 3900 sqft. install 15lb tiger paw underlayment , edge metal and 9"" starter at entire perimeter. install all new flashing at penetrations and paint to match roof. install 30 yr hdz gaf comp shingles. install continuous lomanco ridge vent along with manufacturer ridge cap at ridge units."
BLD25-1766,Issued,"Building Permit No Plan Check",4/1/2025,04/01/2025,"1500 High School Rd Graton [GRA]",060-420-025,$363.62,$0.00,"Upgrade 100 amp panel to 200 amp no added load"
BLD25-1769,Issued,"Building Permit No Plan Check",4/1/2025,04/01/2025,"531 Mountain View Ave Penngrove [PEN]",045-282-017,$391.45,$0.00,"Partial Reroof where solar array to be installed, T/O existing roof layer 542 sq. ft., install new GAF 30yr Comp. Shingle, Haul away debris"
BLD25-1770,Issued,"Building Permit No Plan Check",4/1/2025,04/01/2025,"10445 Barnett Valley Rd Twin Hills [TWI]",073-040-079,$363.62,$0.00,"(N) 200A Panel with Backboard to Power Well Per PG&E (WEL25-0016)"
BLD25-1771,Issued,"Building Permit No Plan Check",4/1/2025,04/01/2025,"4324 Raymonde Way Bennett Valley [BEN]",049-230-002,$536.75,$0.00,"Reroof home. T/O existing shingle roof layer 6,600 sq. ft., install new GAF 30yr Comp Shingle, haul away roof debris."
BLD25-1774,Issued,"Building Permit No Plan Check",4/1/2025,04/01/2025,"4550 Mt Taylor Dr Bennett Valley [BEN]",049-190-047,$363.62,$0.00,"Replace main electrical panel with 200A panel"
BLD25-1775,Issued,"Building Permit No Plan Check",4/1/2025,04/01/2025,"1307 Barlow Ln Twin Hills [TWI]",061-110-053,$545.64,$0.00,"reroof 8000 sqft asphalt shingles to asphalt shingles"
BLD25-1776,Issued,"Building Permit No Plan Check",4/1/2025,04/01/2025,"820 Grandview Rd Twin Hills [TWI]",061-130-039,$537.40,$0.00,"reroof main home 1500 sqft asphalt shingles to asphalt shingles reroof detached laundry room 200 sqft asphalt shingles to asphalt shingles reroof detached shed 800 sqft asphalt shingles to asphalt shingles"
BLD25-1781,Finaled,"Building Permit No Plan Check",4/1/2025,04/03/2025,"7561 Mirabel Rd Forestville [FOR]",083-152-015,$363.62,$0.00,"SFD, Replace Gas Furnace under Home & (11) Duct Runs with R8 Ducting both Like for Like"
BLD25-1783,Issued,"Building Permit No Plan Check",4/1/2025,04/01/2025,"4077 Stony Point Rd Bellevue [BEL]",134-214-019,$363.62,$0.00,"Service panel upgrade from 100 to 400 Amp with 3 meter sockets"
BLD25-1785,Issued,"Building Permit No Plan Check",4/2/2025,04/03/2025,"5875 Hwy 12 A Kenwood [KEN]",031-040-040,$363.62,$0.00,"Commercial, Replace Rooftop Package Unit Like for Like in Same Location"
BLD25-1786,Issued,"Building Permit No Plan Check",4/2/2025,04/02/2025,"1 Everett Rd Cotati [COT]",024-103-033,$537.21,$0.00,"Tear off old comp roof. Install new similar comp roof."
BLD25-1788,Issued,"Building Permit No Plan Check",4/2/2025,04/03/2025,"5848 Petaluma Hill Rd Penngrove [PEN]",045-232-026,$544.60,$0.00,"SFD, Install (N) Cement Siding over (E) T-111 Siding & Install Cement Soffit Boards on Overhangs"
BLD25-1789,Issued,"Building Permit No Plan Check",4/2/2025,04/02/2025,"1920 Redwood Hill Rd Mark West Springs [MWS]",079-100-027,$363.62,$0.00,"Septic Electric 189 Inspection to final SEP19-0243 (1920 Redwood Hill Rd)"
BLD25-1790,Issued,"Building Permit No Plan Check",4/2/2025,04/02/2025,"8610 Graton Rd Graton [GRA]",130-130-017,$363.62,$0.00,"SFD, Replace Furnace 80% AFUE Located in Garage (Like for Like)"
BLD25-1791,Issued,"Building Permit No Plan Check",4/2/2025,04/02/2025,"31463 Seaview Rd Timber Cove [TIM]",109-470-021,$363.62,$0.00,"70K BTUS 97% FURNACE CHANGEOUT BASEMENT"
BLD25-1792,Issued,"Building Permit No Plan Check",4/2/2025,04/02/2025,"17630 Neeley Rd Forestville [FOR]",071-230-046,$391.57,$0.00,"Reroof 17630 Neeley Rd 5 Guerneville, CA 95446"
BLD25-1793,Finaled,"Building Permit No Plan Check",4/2/2025,04/02/2025,"711 Middle Two Rock Rd Petaluma [PET]",021-041-066,$537.29,$0.00,"Tear-off & re-roof 2000sq ft asphalt shingle roof and 500sq ft modified bitumen roof."
BLD25-1795,Issued,"Building Permit No Plan Check",4/2/2025,04/02/2025,"21210 Via Colombard Sonoma [SON]",142-260-057,$538.02,$0.00,"Tear off 19 squares of flat roof install new 60 Mil. TPO membrane ***Self-Cert***"
BLD25-1796,Issued,"Building Permit No Plan Check",4/2/2025,04/02/2025,"4404 Daywalt Rd Sebastopol [SEB]",062-070-055,$363.62,$0.00,"SFD, R8 Ducts 11 Supply 0 Return Located in Attic"
BLD25-1798,Issued,"Building Permit No Plan Check",4/2/2025,04/02/2025,"11791 Barnett Valley Rd Twin Hills [TWI]",073-080-028,$363.62,$0.00,"Upgrading the current panel to a 200 amp solar-ready panel."
BLD25-1799,Issued,"Building Permit No Plan Check",4/2/2025,04/02/2025,"10461 Moonshine Rd Twin Hills [TWI]",073-030-042,$363.62,$0.00,"Replace existing 200A electric meter main with new 200A meter panel. Like for like"
BLD25-1800,Issued,"Building Permit No Plan Check",4/2/2025,04/02/2025,"18443 Arnold Dr Agua Caliente [AGU]",052-203-066,$363.62,$0.00,"-To Replace 100 amp zinsco Meter main with new 200 amp meter panel."
BLD25-1801,Issued,"Building Permit No Plan Check",4/2/2025,04/02/2025,"4064 Snyder Ln Penngrove [PEN]",045-143-035,$537.40,$0.00,"Tear off existing roof and replace with Class A composition roof"
BLD25-1802,Issued,"Building Permit No Plan Check",4/2/2025,04/02/2025,"1536 Willowside Rd Santa Rosa [SRO]",034-072-058,$537.61,$0.00,"SFD; 36sqs; Self Certified contractor; Remove existing roof. Install with new Lifetime Class A composition shingles"
BLD25-1804,Issued,"Building Permit No Plan Check",4/2/2025,04/02/2025,"300 Sanderling Ct Bodega Bay [BBY]",100-242-053,$553.10,$0.00,"SFD, Replace (E) Siding with Fiber Cement Siding, Add Trex Material to Entry Deck"
BLD25-1805,Issued,"Building Permit No Plan Check",4/2/2025,04/02/2025,"20 Hemlock Ave Agua Caliente [AGU]",056-192-011,$537.59,$0.00,"SFD; 30sqs; Self Certified contractor; Remove existing roof. Install with new Lifetime Class A composition shingles"
BLD25-1806,Finaled,"Building Permit No Plan Check",4/2/2025,04/02/2025,"109 Pepper Ln Petaluma [PET]",113-100-044,$363.62,$0.00,"Installation of 2 3T Daikin Minisplit heat pumps 3 heads each Installation of a 50 Rheems 50-gallon heat Pump water heater."
BLD25-1807,Finaled,"Building Permit No Plan Check",4/2/2025,04/02/2025,"20890 Burndale Rd Sonoma [SON]",126-061-027,$539.21,$0.00,"Overlay existing roof with comp roof on Main House and Separate Garage. Install new gutters. (Color Gaff Hunter Green)."
BLD25-1809,Finaled,"Building Permit No Plan Check",4/2/2025,04/08/2025,"953 Ragle Rd Twin Hills [TWI]",060-262-008,$363.62,$0.00,"SFD, Add (1) Dedicated 50A 240-Volt Single Phase Circuit & (1) New Tesla EV Charger"
BLD25-1811,Issued,"Building Permit No Plan Check",4/2/2025,04/02/2025,"3115 Brayton Ln Petaluma [PET]",048-105-035,$363.62,$0.00,"SFD - Replace boiler in mechanical room same location; Install 90k boiler"
BLD25-1814,Issued,"Building Permit No Plan Check",4/3/2025,04/03/2025,"467 Noonan Ranch Ln Windsor [WIN]",058-321-044,$363.62,$0.00,"(N) R8 Ducts in crawlspace; 9 Supply, 1 Return"
BLD25-1816,Issued,"Building Permit No Plan Check",4/3/2025,04/03/2025,"1083 Palomino Rd Cloverdale [CLO]",117-280-022,$363.62,$0.00,"Remove FAU. Install minisplit system with 42K HP at the right of home towards the rear"
BLD25-1817,Issued,"Building Permit No Plan Check",4/3/2025,04/16/2025,"40 Calle Del Monte Agua Caliente [AGU]",056-441-019,$392.04,$0.00,"Replace existing Grease Interceptor"
BLD25-1818,Issued,"Building Permit No Plan Check",4/3/2025,04/03/2025,"6476 Lone Pine Rd Twin Hills [TWI]",063-230-059,$619.18,$0.00,"Re-roof 6476 Lone Pine Road, Sebastopol, CA 95472 Self certified contractor. Residental roof approximately 4300 sq ft. Tear off existing roof material and haul away debris. re-nail existing plywood where necessary. Install Polyglass class A rated underlayment. Install 24 gauge steel metal roof system, including all roof panels, ridges, valleys, and venting ridge. Install 7 inch 27 gauge fascia gutter, new downspouts and gutter screen. Aproximately 230 lineal feet."
BLD25-1820,Finaled,"Building Permit No Plan Check",4/3/2025,04/03/2025,"316 Monte Vista Ln Petaluma [PET]",021-100-026,$363.62,$0.00,"We removed a existing leaking 50 gallon tank style water heater and installed a tankless water heater. used a existing 3/4 gas line. ran new 2 inch pvc vent pipe and 1/2 pvc condensation line. used existing copper hot and cold water lines"
BLD25-1822,Issued,"Building Permit No Plan Check",4/3/2025,04/08/2025,"36971 Timber Ridge Rd Sea Ranch [SEA]",155-150-013,$363.62,$0.00,"70K BTUS furnace change out in the basement. 97% AFUE. 6 supply and 1 return R8 duct change outs in the basement."
BLD25-1826,Issued,"Building Permit No Plan Check",4/3/2025,04/03/2025,"9835 Hwy 128 Geyserville [GEY]",132-030-014,$538.05,$0.00,"strip existing roof, replace with new underlayment and new Class A comp roof, misc. fascia and trim repair"
BLD25-1829,Issued,"Building Permit No Plan Check",4/3/2025,04/23/2025,"3900 Hwy 37 Lakeville [LAK]",068-130-013,$1428.62,,"(VBU25-0082) We are running power from our main 600-amp electrical box to help with farming. The power line splits into two parts: one 200-amp line goes to the lemna farm area with a 150-amp power box, and another line goes to the vegetable garden area. The second line gives power to a farm gate, water pump, and vegetable garden area. Everything is set up safely according to electrical rules, with proper safety switches and power controls. This simple power setup gives us the electricity we need for our farming work."
BLD25-1833,Finaled,"Building Permit No Plan Check",4/3/2025,04/08/2025,"4810 Occidental Rd Santa Rosa [SRO]",060-030-024,$341.33,,"Re install solar panels after reroof (BLD25-1023)"
BLD25-1834,Issued,"Building Permit No Plan Check",4/3/2025,04/08/2025,"9050 Delta Way Monte Rio [MRO]",095-133-005,$363.62,$0.00,"SFD. Install ductless mini split, 3 indoor units"
BLD25-1838,Issued,"Building Permit No Plan Check",4/4/2025,04/04/2025,"141 Harris Hills Dr Graton [GRA]",060-303-077,$536.62,$0.00,"SFD. Remove & dispose 1 layer of existing comp roof on house. Install 56sq of GAF architectural roofing shingles."
BLD25-1839,Issued,"Building Permit No Plan Check",4/4/2025,04/04/2025,"10409 Scenic Dr Forestville [FOR]",082-143-082,$363.62,$0.00,"remove 100 amp zinsco meter panel with 200 amp meter panel"
BLD25-1841,Issued,"Building Permit No Plan Check",4/4/2025,04/04/2025,"4480 Grove St Sonoma [SON]",064-020-036,$363.62,$0.00,"SFD - Replace WH in accessible crawl space with 65 gal HPWH (same location)"
BLD25-1842,Issued,"Building Permit No Plan Check",4/4/2025,04/04/2025,"6860 Nolan Rd Forestville [FOR]",083-120-068,$537.35,$0.00,"SFD. Remove & dispose 1 layer of existing roof on house. Install 33sq of GAF architectural roofing shingles."
BLD25-1843,Finaled,"Building Permit No Plan Check",4/4/2025,04/04/2025,"7596 Elphick Rd Twin Hills [TWI]",076-012-033,$363.62,$0.00,"SolarCraft will be swapping out an existing gas central furnace for a ducted heat pump. This system will be utilizing existing ducts and installing an outdoor heat pump condenser, with a ducted air handler indoors"
BLD25-1846,Issued,"Building Permit No Plan Check",4/4/2025,04/17/2025,"15572 Fern Way Guerneville [GUE]",072-032-009,$1783.62,$0.00,"Legalize electrical wiring to unpermitted Shed (<120SF), trench conduit, outlet/switch, remove tankless water heater / plumbing and wood stove to clear violation VBU25-0034"
BLD25-1847,Issued,"Building Permit No Plan Check",4/4/2025,04/04/2025,"249 Anteeo Way Bellevue [BEL]",043-270-009,$363.62,$0.00,"Remove and replace the water heater, like for like same location (40gallons) (garage)"
BLD25-1850,Issued,"Building Permit No Plan Check",4/4/2025,04/07/2025,"18711 Hassett Ln Geyserville [GEY]",091-010-018,$363.62,$0.00,"Replace damaged 100 amp 3-phase meter"
BLD25-1851,Issued,"Building Permit No Plan Check",4/4/2025,04/04/2025,"3211 Old Gravenstein Hwy Sebastopol [SEB]",063-110-065,$536.36,$0.00,"3211 Old Gravenstein Hwy Sebastopol - Remove existing asphalt shingles and install new asphalt shingles. - 1,252 Sq ft of roofing - Self Certification"
BLD25-1852,"Pre- Due","Building Permit No Plan Check",4/4/2025,,"918 Yuba Dr Bellevue [BEL]",134-031-007,$1251.12,$0.00,"Legalize, Electrify Entry Gate with Key Pad & Details VBU24-0523"
BLD25-1853,Issued,"Building Permit No Plan Check",4/4/2025,04/25/2025,"622 Swan Dr Bodega Bay [BBY]",100-440-013,$363.62,$0.00,"SFD. MULTIZONE MINISPLIT SYSTEM WITH AIR HANDLER Install (2) 6k wall mounts Installing (1) 9k wall mount"
BLD25-1855,Issued,"Building Permit No Plan Check",4/4/2025,04/04/2025,"8000 Elphick Rd Twin Hills [TWI]",076-021-012,$537.40,$0.00,"8000 Elphick Rd Sebastopol - remove existing Asphalt shingles and install new asphalt shingles. - 1,995 Sq Ft of roofing - Self certification"
BLD25-1868,Issued,"Building Permit No Plan Check",4/7/2025,04/07/2025,"3765 Oak Glen Dr Bennett Valley [BEN]",049-280-018,$363.62,$0.00,"Replacement of 100amp to 200amp main panel"
BLD25-1871,Issued,"Building Permit No Plan Check",4/7/2025,04/08/2025,"4050 Bayberry Dr Mark West Springs [MWS]",029-222-011,$363.62,$0.00,"2017 COMPLEX FIRE SFD RPLC A/C CONDENSER AND COIL"
BLD25-1872,Finaled,"Building Permit No Plan Check",4/7/2025,04/07/2025,"17105 Arnold Dr Agua Caliente [AGU]",133-140-012,$112.88,$0.00,"we would like to reroof with a detached 2 car garage that is approximately 500 sq."
BLD25-1874,Finaled,"Building Permit No Plan Check",4/7/2025,04/07/2025,"8336 Medved Ln Twin Hills [TWI]",077-180-030,$536.72,$0.00,"TEAR OFF AND DESPOSE OF EXSITING 2 ROOFS DOWN TO BARE WOOD INSTALL SYNTHIC FELT UNDERLAYMENT INSTALL NEW 2"" METAL AROUND PERIMETER NEW 9"" STARTER AROUND PERMETER INSTALL NEW PIPE JACK AND EXHAUST FLASHING INSTALL NEW 30 YR LIMITED LIFETIME WARRANTY CLASS A FIRE RATED CERT ROOFING COMP SHINGLE SILVER BIRCH"
BLD25-1875,Finaled,"Building Permit No Plan Check",4/7/2025,04/07/2025,"13271 Frati Ln Graton [GRA]",080-040-012,$540.06,$0.00,"Remove and replace existing composition shingle roof with new Class A fire rated composition shingle roofing system 35 SQ SELF CERT"
BLD25-1877,Issued,"Building Permit No Plan Check",4/7/2025,04/07/2025,"1099 Dry Creek Rd Healdsburg [HEA]",089-050-039,$363.62,$0.00,"Install 320 amp meter to serve SFD and ADU"
BLD25-1879,Issued,"Building Permit No Plan Check",4/7/2025,04/07/2025,"5515 St Helena Rd Rincon Valley [RIN]",028-110-004,$539.75,$0.00,"SFD; 49sqs; Self Certified contractor; Remove existing roof. Install with new Lifetime Class A composition shingles. Main House"
BLD25-1880,Issued,"Building Permit No Plan Check",4/7/2025,04/07/2025,"5515 St Helena Rd Rincon Valley [RIN]",028-110-004,$4.00,$0.00,"5sqs; Self Certified contractor; Remove existing roof. Install with new Lifetime Class A composition shingles. Back of garage"
BLD25-1881,Finaled,"Building Permit No Plan Check",4/7/2025,04/07/2025,"370 Treehaven Ln Kenwood [KEN]",050-162-048,$537.46,$0.00,"SFD; 34sqs; Self Certified contractor; Remove existing roof. Install with new Lifetime Class A composition shingles House"
BLD25-1882,Finaled,"Building Permit No Plan Check",4/7/2025,04/07/2025,"5030 Rebecca Dr Penngrove [PEN]",047-340-038,$537.22,$0.00,"SFD; 29sqs; Self Certified contractor; Remove existing roof. Install with new Lifetime Class A composition shingles"
BLD25-1883,Issued,"Building Permit No Plan Check",4/7/2025,04/07/2025,"760 Dry Creek Rd Healdsburg [HEA]",089-090-043,$363.62,$0.00,"Replace (E) 100A with 200A panel"
BLD25-1886,Issued,"Building Permit No Plan Check",4/7/2025,04/07/2025,"515 Colony Rd Geyserville [GEY]",141-260-019,$546.55,$0.00,"Reside Det'd Garage with Hardie Cement Siding, Reroof w/ Metal Roof Class A (5 SQ), & Replace Garage Door and Windows"
BLD25-1887,Finaled,"Building Permit No Plan Check",4/7/2025,04/07/2025,"7617 Valley Ford Rd Two Rock [TWO]",022-110-023,$536.78,$0.00,"Remove and replace existing flat roof with new Class A fire rated flat roofing system 9 SQ SELF CERT"
BLD25-1888,Issued,"Building Permit No Plan Check",4/7/2025,04/07/2025,"3976 Azalea Ln Twin Hills [TWI]",062-010-040,$539.47,$0.00,"***Self - Certified*** Prepare existing surface to receive new roof. Apply 1 1/2 "" SPF with Silicone Coating."
BLD25-1892,Finaled,"Building Permit No Plan Check",4/7/2025,04/07/2025,"4231 Hwy 116 N Graton [GRA]",130-060-047,$535.97,$0.00,"18 squares tear off reroof flat torch down (Self Cert)"
BLD25-1893,Issued,"Building Permit No Plan Check",4/7/2025,04/07/2025,"8312 Blackney Rd Twin Hills [TWI]",076-080-071,$537.20,$0.00,"SFD; 30sqs; Self Certified contractor; Remove existing roof. Install with new Lifetime Class A composition shingles. - House"
BLD25-1894,Issued,"Building Permit No Plan Check",4/7/2025,04/07/2025,"8312 Blackney Rd Twin Hills [TWI]",076-080-071,$391.94,$0.00,"9sqs; Self Certified contractor; Remove existing roof. Install with new Lifetime Class A composition shingles. -Shop"
BLD25-1897,Issued,"Building Permit No Plan Check",4/7/2025,04/15/2025,"805 Wagnon Rd Twin Hills [TWI]",077-050-017,$363.62,$0.00,"Upgrade current service panel 200 amp like for like. Installation of new sub panel on detached workshop. Panel will be rated at 50 amps with new grounding up to code. Installation of wiring of receptacles inside the workshop."
BLD25-1900,Issued,"Building Permit No Plan Check",4/8/2025,04/08/2025,"2867 Bardy Rd Bennett Valley [BEN]",055-170-029,$537.90,$0.00,"**Self Certified** Remove roof. Install Class A Composition shingles with a synthetic underlayment. 25 squares"
BLD25-1901,Issued,"Building Permit No Plan Check",4/8/2025,04/08/2025,"1161 Wild Rose Dr Santa Rosa [SRO]",037-022-030,$536.45,$0.00,"19.5 roof square re-roof. tear off. no resheet. asphalt shingle to asphalt shingle."
BLD25-1902,Issued,"Building Permit No Plan Check",4/8/2025,04/08/2025,"5326 El Mercado Pky Windsor [WIN]",039-300-075,$363.62,$0.00,"Remove existing 125amp main panel and install a new 125amp main panel."
BLD25-1903,Issued,"Building Permit No Plan Check",4/8/2025,04/08/2025,"405 Dahlia Dr Sonoma [SON]",142-240-023,$363.62,$0.00,"REPLACE 40 GALLON GAS WATER HEATER LIKE FOR LIKE IN GARAGE"
BLD25-1904,Finaled,"Building Permit No Plan Check",4/8/2025,04/08/2025,"220 Grey Whale Sea Ranch [SEA]",156-410-007,$540.06,$0.00,"TEAR OFF 33 SQ COMP SHINGLE; RE-ROOF WITH CLASS A RATED COMP SHINGLE; SFD; SELF CERT."
BLD25-1905,Issued,"Building Permit No Plan Check",4/8/2025,04/08/2025,"2200 Hatpat Ln Sonoma [SON]",127-061-040,$363.62,$0.00,"Replace existing gas furnace and gas water heater with new Harvest Thermal Heat Pump system. System will do both space heating and domestic hot water."
BLD25-1906,Issued,"Building Permit No Plan Check",4/8/2025,04/08/2025,"16 Temelec Cir Sonoma [SON]",142-140-049,$363.62,$0.00,"Replace 100 amp Zinsco Panel with new 100 amp Eaton Panel"
BLD25-1909,Issued,"Building Permit No Plan Check",4/8/2025,04/08/2025,"8335 Appian Way Forestville [FOR]",084-100-006,$363.62,$0.00,"Install a 95% efficient 80k BTU Bryant Furnace M# 916SA48080M17 Run all new properly sized high flow R-8 insulated wire flex duct to the 7 existing supply vent locations."
BLD25-1910,Finaled,"Building Permit No Plan Check",4/8/2025,04/08/2025,"5116 Bloomfield Rd Bloomfield [BLO]",027-040-019,$536.57,$0.00,"Tear off and dispose of existing roofing down to roofing substrate. Adhere GAF weather watch peel and stick membrane to valleys, ridges, rake edges, rake walls, around pipes and other leak prone areas. Install GAF Tiger Paw synthetic underlayment on all main facets of house. Install new pipe flashings and vent assemblies. Fabricate and install new chimney saddle. Install a pre- painted 2x2 nosing on rake edges. Install GAF Timberline HDZ shingles with GAF Z ridge cap. Install GAF cobra ridge on all main ridges."
BLD25-1911,Issued,"Building Permit No Plan Check",4/8/2025,04/08/2025,"18830 Orange Ave Agua Caliente [AGU]",052-241-013,$363.62,$0.00,"SFD- Replace failed combi boiler system in mechanical room and install new combi boiler in the same location."
BLD25-1912,Finaled,"Building Permit No Plan Check",4/8/2025,04/08/2025,"791 Gossage Ave Petaluma [PET]",048-132-028,$363.62,$0.00,"Residential HVAC Changeout: Emergency -No Heat. Replace existing non functional gas furnace with a new furnace; add AC (traditional central split system) & new ductwork; add single mini split HP"
BLD25-1915,Issued,"Building Permit No Plan Check",4/8/2025,04/08/2025,"915 Country Meadow Ln Agua Caliente [AGU]",052-203-043,$536.74,$0.00,"SFD; 24sqs; Self Certified contractor; Remove existing roof. Install with new Lifetime Class A composition shingles -House"
BLD25-1917,Issued,"Building Permit No Plan Check",4/8/2025,04/08/2025,"1372 W College Ave Santa Rosa [SRO]",037-021-055,$363.62,$0.00,"SFD, Gas -Water Heater replacement"
BLD25-1918,Finaled,"Building Permit No Plan Check",4/8/2025,04/11/2025,"6784 Hwy 128 Geyserville [GEY]",131-170-044,$1783.62,$0.00,"ADU. Install Mini-split, Water Heater, Verify Smoke and CO alarms & Subpanel for Future Legalization of ADU -This does not clear entire building violation VBU24-0376 (Site Plan is included Per M. Carey)"
BLD25-1919,Issued,"Building Permit No Plan Check",4/8/2025,04/08/2025,"111 Redwood Ave Camp Meeker [CAM]",075-100-008,$363.62,$0.00,"90K BTUS 97% FURNACE CHANGEOUT GARAGE"
BLD25-1920,Issued,"Building Permit No Plan Check",4/8/2025,04/09/2025,"193 Airport Blvd E Windsor [WIN]",039-025-067,$363.62,$0.00,"For Apt#15: Replace (E) heater w/ (N) Goodman (40k btu's/80%efficiency) heater, replace (E) A/C w/ (N) Coleman(1.5ton/14seer) A/C unit. No electrical needed. Job Valuation: $9,500.00"
BLD25-1922,Issued,"Building Permit No Plan Check",4/8/2025,04/08/2025,"10499 Cozey Ct Forestville [FOR]",082-180-043,$363.62,$0.00,"temporary power. Removing old service and setting up a temporary pole per pge verification"
BLD25-1923,Issued,"Building Permit No Plan Check",4/8/2025,04/08/2025,"165 McChristian Ave Bodega Bay [BBY]",101-012-004,$897.25,,"Remodel kitchen including cabinets, counters, fixtures, appliances, code compliant electrical and lighting. Repair rotten subfloor, replace window in like size remodel bathroom including shower, vanity and top, water conserving fixtures and code compliant electrical. Repair rot below tub and at toilet area, replace window like size"
BLD25-1925,Issued,"Building Permit No Plan Check",4/8/2025,04/08/2025,"7740 Hwy 128 Geyserville [GEY]",131-150-022,$363.62,$0.00,"(3) 200 amp service changes due to fire"
BLD25-1926,Issued,"Building Permit No Plan Check",4/8/2025,04/09/2025,"63 Live Oak Dr Petaluma [PET]",113-173-062,$363.62,$0.00,"Tanked to tankless water heater conversion and relocation to the outside back wall of home."
BLD25-1927,Issued,"Building Permit No Plan Check",4/8/2025,04/09/2025,"220 Temelec Cir Sonoma [SON]",142-170-018,$551.38,$0.00,"Remove and replace dry rotted siding, trim, and soffit at various locations in the hall and kitchen."
BLD25-1929,Issued,"Building Permit No Plan Check",4/8/2025,04/08/2025,"265 Watertrough Rd Twin Hills [TWI]",077-160-040,$539.16,$0.00,"SFD; 43sqs; Self Certified contractor; Remove existing roof. Install with new Lifetime Class A composition shingles"
BLD25-1930,Issued,"Building Permit No Plan Check",4/8/2025,04/08/2025,"1235 Bay View St Bodega Bay [BBY]",100-096-013,$363.62,$0.00,"Installing a tankless water heater with natural gas"
BLD25-1931,Issued,"Building Permit No Plan Check",4/8/2025,04/09/2025,"12998 Frati Ln Graton [GRA]",080-050-006,$363.62,$0.00,"(N) 200AMP Service Drop for well"
BLD25-1932,Issued,"Building Permit No Plan Check",4/8/2025,04/10/2025,"13000 Frati Ln Graton [GRA]",080-050-005,$363.62,$0.00,"RPLC (E) SVC WITH 400AMP SVC"
BLD25-1933,Finaled,"Building Permit No Plan Check",4/8/2025,04/08/2025,"16619 Guernewood Rd Forestville [FOR]",071-192-013,$536.30,$0.00,"SFD Tear off and reroof 20 squares using class “A” composition shingles. SELF CERT"
BLD25-1934,"Pre- Due","Building Permit No Plan Check",4/8/2025,,"11784 Saratoga Ave Forestville [FOR]",085-272-025,$363.62,$0.00,"Install mini-split ductless heat pump and service disconnect."
BLD25-1935,Finaled,"Building Permit No Plan Check",4/9/2025,04/09/2025,"5909 Van Keppel Rd Forestville [FOR]",083-050-018,$539.25,$0.00,"Tear off and re-roof residence with ""Class A"" Fire rated asphalt shingle roofing. Install 39 Squares in total. SFD and Self Certified with County."
BLD25-1936,Issued,"Building Permit No Plan Check",4/9/2025,04/09/2025,"5193 Oak Meadow Dr Santa Rosa [SRO]",130-352-002,$363.62,$0.00,"SFD Minor Bathroom Remodel - Remove (E) Tub to Replace w/ Shower, Replace Toilet & Vanity - Non-Structural"
BLD25-1937,Issued,"Building Permit No Plan Check",4/9/2025,04/09/2025,"8220 Bohemian Hwy Camp Meeker [CAM]",074-240-013,$536.53,$0.00,"Re-roof, installation of Fire Rated Polystick Underlayment and Class A Shingles"
BLD25-1941,Issued,"Building Permit No Plan Check",4/9/2025,04/09/2025,"1373 Bodega Ave Bodega Bay [BBY]",100-080-014,$539.96,$0.00,"Complete re-roof."
BLD25-1942,Issued,"Building Permit No Plan Check",4/9/2025,04/09/2025,"14800 McDonough Heights Rd Healdsburg [HEA]",087-191-030,$363.62,$0.00,"SFD- Replace existing 40 gallon electric water heater located in the downstairs laundry room like for like in same location."
BLD25-1943,Issued,"Building Permit No Plan Check",4/9/2025,04/09/2025,"1400 Montgomery Rd Twin Hills [TWI]",061-220-026,$537.10,$0.00,"T/O 34 SQ COMP SHINGLE; RE-ROOF WITH CLASS A RATED COMP SHINGLE; SFD; SELF CERT"
BLD25-1944,Issued,"Building Permit No Plan Check",4/9/2025,04/09/2025,"5263 Arnica Way Windsor [WIN]",039-310-027,$539.39,$0.00,"Tear off existing roof, install class A fire rated shingles over 30 pound felt. Adams Roofing is self certified."
BLD25-1945,Issued,"Building Permit No Plan Check",4/9/2025,04/09/2025,"6045 Bodega Ave Two Rock [TWO]",022-330-011,$537.79,$0.00,Re-Roof
BLD25-1946,Issued,"Building Permit No Plan Check",4/9/2025,04/09/2025,"5492 Douglas Ln Forestville [FOR]",084-150-021,$363.62,$0.00,"TANKLESS WATER HEATER CHANGEOUT OUTSIDE CLOSET"
BLD25-1948,Issued,"Building Permit No Plan Check",4/9/2025,04/11/2025,"17000 Arnold Dr Glen Ellen [GLE]",133-220-003,$597.80,,"Commercial Tear off & Reroof at Recreation Building (39 SQ) w/ Class A Metal Roofing at Hanna Center - No HVAC Changes, all Equip to be reused"
BLD25-1949,Issued,"Building Permit No Plan Check",4/9/2025,04/09/2025,"11602 Saratoga Ave Forestville [FOR]",085-271-022,$536.95,$0.00,"SFD. Tear off and reroof and resheath 16 squares suing class ""A"" composition shingles. SELF CERT."
BLD25-1951,Issued,"Building Permit No Plan Check",4/9/2025,04/17/2025,"4180 Bodega Ave Petaluma [PET]",021-082-031,$536.36,$0.00,"SFD, Tear off & Reroof (15 SQ) with Class A Comp Shingles - Additional wood work/frame will be determined after tear off"
BLD25-1952,Issued,"Building Permit No Plan Check",4/9/2025,04/09/2025,"6693 Davis Rd Forestville [FOR]",083-120-021,$537.59,$0.00,"SFD. Tear off and reroof 19 squares using class ""A"" composition shingles. SELF CERT"
BLD25-1953,Issued,"Building Permit No Plan Check",4/9/2025,04/11/2025,"17000 Arnold Dr Glen Ellen [GLE]",133-220-003,$613.80,,"Commercial Reroof at Alverno Cottage - Tear off & Reroof (58 SQ) w/ Class A Metal Roofing, Replace Bur and (E) Skylights. New Gutters, Downspouts, & Fascia Boards at Hanna Center"
BLD25-1954,Issued,"Building Permit No Plan Check",4/9/2025,04/11/2025,"17000 Arnold Dr Glen Ellen [GLE]",133-220-003,$613.80,,"Commercial Reroof at St Joseph Cottage - Tear off & Reroof w/ Metal Roof (58 SQ), Replace Bur and (E) Skylights. New Gutters, Downspouts, & Fascia Boards at Hanna Center"
BLD25-1955,Issued,"Building Permit No Plan Check",4/9/2025,04/09/2025,"35000 Hwy 128 Cloverdale [CLO]",115-010-016,$363.62,,"(N) meter for well (agricultural use)"
BLD25-1956,"Awaiting Applicant Response","Building Permit No Plan Check",4/9/2025,,"17420 Guernewood Ln Guerneville [GUE]",072-190-003,$0.00,$0.00,"FOR ADU - - REPLACE ALL ELECTRICAL OUTLETS & SWITCHES IN KIND - REPLACE ALL EXISTING LIGHTING WITH NEW IN KIND - REPLACE ALL PLUMBING FIXTURES IN BATHROOMS IN KIND - REPLACE VANITIES IN BATHROOMS IN KIND"
BLD25-1957,Finaled,"Building Permit No Plan Check",4/9/2025,04/09/2025,"7788 Franz Valley Rd Mark West Springs [MWS]",120-140-097,$363.62,$0.00,"SEP13-0529 An existing septic system needs the E189 inspected and finaled."
BLD25-1958,"Pre- Due","Building Permit No Plan Check",4/9/2025,,"444 Aviation Blvd Santa Rosa [SRO]",059-350-090,$363.62,$0.00,"Commercial, Replace 4-Ton Capacity Rooftop Condensing Unit Like for Like - No Weight Increase from (E) Equipment"
BLD25-1959,Issued,"Building Permit No Plan Check",4/9/2025,04/09/2025,"36769 Green Cove Dr Sea Ranch [SEA]",156-070-007,$363.62,$0.00,"90K BTUS 97% FURNACE CHANGEOUT UNDER HOUSE"
BLD25-1960,Issued,"Building Permit No Plan Check",4/9/2025,04/11/2025,"1754 Alice Dr Penngrove [PEN]",047-301-020,$363.62,$0.00,"SFD HVAC changeout: replace the existing gas furnace with a hybrid heat pump system"
BLD25-1961,Issued,"Building Permit No Plan Check",4/9/2025,04/28/2025,"17438 River Ln Forestville [FOR]",071-220-015,$363.62,$0.00,"SFD, Install New EV Charger & 60A Circuit"
BLD25-1969,Issued,"Building Permit No Plan Check",4/10/2025,04/10/2025,"1150 Calle Del Arroyo Agua Caliente [AGU]",056-424-018,$539.28,$0.00,"remove existing roof and install CertainTeed Landmark Pro Class A rated shingles"
BLD25-1971,Issued,"Building Permit No Plan Check",4/10/2025,04/10/2025,"736 Parthenon Way Agua Caliente [AGU]",052-216-050,$539.17,$0.00,"Tear off 1 layer of asphalt shingles on main house and garage, approx , 2,700 sq ft. Install new 30lb felt paper, shingle with 30 year high definition type 1 architectural asphalt shingles."
BLD25-1973,Issued,"Building Permit No Plan Check",4/10/2025,04/10/2025,"1161 Cunningham Rd Twin Hills [TWI]",063-073-052,$544.33,$0.00,"Tear off existing roof down to the sheathing and replace with a class A composition shingle roofing system."
BLD25-1976,Issued,"Building Permit No Plan Check",4/10/2025,04/10/2025,"1280 Furlong Rd Twin Hills [TWI]",080-110-007,$535.99,$0.00,"Tear off and re-roof with Class A composition shingles. Self Certify 990 SF."
BLD25-1978,Issued,"Building Permit No Plan Check",4/10/2025,04/10/2025,"3923 Westside Rd Healdsburg [HEA]",110-100-024,$363.62,$0.00,"Addition of customer-owned pole in new location on open ground below house and other structures. Addition of backboard and new 320 continuous amp(400 max) meter panel with 2x 200amp distribution breakers. Intent is to remove primary distribution wires and pole from property, and bring new secondary wires from county road location to the new 320 panel location. Existing meter main panel located on house will be converted to a load center, fed from the 320 panel."
BLD25-1982,"Awaiting Applicant Response","Building Permit No Plan Check",4/10/2025,,"22655 Hwy 1 Timber Cove [TIM]",109-060-010,$0.00,$0.00,"Remove wood shake roof, replace with fire proof metal roof on personal dwelling. Remove and replace siding and 2 windows."
BLD25-1984,Issued,"Building Permit No Plan Check",4/10/2025,04/10/2025,"685 Bloomfield Rd Twin Hills [TWI]",063-240-040,$536.68,$0.00,"tear off re roof 16 squares using class A comp shingles SELF CERTIFICATE"
BLD25-1989,Issued,"Building Permit No Plan Check",4/10/2025,04/10/2025,"2575 Fremont Dr Sonoma [SON]",135-041-021,$536.10,$0.00,"remove existing roof and apply new shingles"
BLD25-1995,Issued,"Building Permit No Plan Check",4/11/2025,04/15/2025,"11220 Ridge Retreat Forestville [FOR]",081-041-062,$363.62,$0.00,"SFD. Install ducted mini split, 2 indoor units"
BLD25-2000,Finaled,"Building Permit No Plan Check",4/11/2025,04/14/2025,"4910 Hayfield Ct Bennett Valley [BEN]",049-720-001,$363.62,$0.00,"SFD- To service the primary bedroom - install single zone ductless mini split new - outdoor unit located in left side yard"
BLD25-2004,Finaled,"Building Permit No Plan Check",4/11/2025,04/11/2025,"2080 Magnolia Ave A Petaluma [PET]",048-092-034,$537.88,$0.00,"2080 Magnolia Ave - Tear off roof and install new 1085 sf metal shingle roof. Roofer will self-certify."
BLD25-2006,Issued,"Building Permit No Plan Check",4/11/2025,04/11/2025,"1320 Lloyd Ave Bellevue [BEL]",035-152-020,$391.92,$0.00,"SFD, Tear off & Reroof (25 SQ) *Self Cert* Class A Comp Shingles"
BLD25-2007,Finaled,"Building Permit No Plan Check",4/11/2025,04/11/2025,"204 Firelight Ct Windsor [WIN]",039-290-010,$536.70,$0.00,"(SELF CERT)Roof replacement shingle tear off shingle to shingle install 21sq crrc ID - 0890-0015a - summerwood project cost $14,597"
BLD25-2008,Issued,"Building Permit No Plan Check",4/11/2025,04/11/2025,"1252 Pleasant Hill Rd Twin Hills [TWI]",076-080-084,$538.05,$0.00,"Self-certified barn 27 sq.Remove and replace the roof with class A fire-rated asphalt composition shingles"
BLD25-2014,Issued,"Building Permit No Plan Check",4/13/2025,04/13/2025,"80 El Rancho Dr Cloverdale [CLO]",116-290-022,$363.62,$0.00,"Replacing existing 100amp Zinsco panel with new 200amp Eaton panel"
BLD25-2016,Issued,"Building Permit No Plan Check",4/13/2025,04/14/2025,"2415 Yoakim Bridge Rd Geyserville [GEY]",139-160-048,$363.62,$0.00,"Bedroom swap Project permit BLD25-0147 - relocate W/D electrical and plumbing add bathroom electrical and plumbing"
BLD25-2017,Issued,"Building Permit No Plan Check",4/14/2025,04/14/2025,"2447 Laguna Rd Graton [GRA]",078-120-067,$538.02,$0.00,"Single layer tear off, install lifetime comp shingle MAIN HOUSE SFD 45 squares SELF CERTIFY"
BLD25-2018,Issued,"Building Permit No Plan Check",4/14/2025,04/14/2025,"2447 Laguna Rd Graton [GRA]",078-120-067,$391.67,$0.00,"Single layer tear off, install lifetime comp shingle GRANNY UNIT SFD 10 Squares SELF CERTIFY"
BLD25-2019,Issued,"Building Permit No Plan Check",4/14/2025,04/14/2025,"2447 Laguna Rd Graton [GRA]",078-120-067,$391.74,$0.00,"Single layer tear off, install lifetime comp shingle DETACHED GARAGE 11 Squares SELF CERTIFY"
BLD25-2023,Issued,"Building Permit No Plan Check",4/14/2025,04/15/2025,"15 Vineyard Cir Sonoma [SON]",142-154-019,$363.62,$0.00,"SFD 4 supply R8 duct change outs under the home, and 1 return change out in the attic."
BLD25-2025,Issued,"Building Permit No Plan Check",4/14/2025,04/14/2025,"915 St Jean Ct Kenwood [KEN]",051-150-030,$539.87,$0.00,"SFD Re-roof 64 SQ class A"
BLD25-2027,Issued,"Building Permit No Plan Check",4/14/2025,04/14/2025,"17919 Willow Creek Rd Occidental [OCC]",074-330-008,$537.80,$0.00,"Self-certified single-family dwelling, 22 sq. Remove and replace the roof with class A fire-rated asphalt composition shingles."
BLD25-2028,Issued,"Building Permit No Plan Check",4/14/2025,04/15/2025,"16763 La Placita Ct Glen Ellen [GLE]",056-642-007,$363.62,$0.00,"SFD Removal and reinstallation of existing solar panels for reroof."
BLD25-2029,Issued,"Building Permit No Plan Check",4/14/2025,04/14/2025,"6835 Giusti Rd Forestville [FOR]",083-120-034,$363.62,$0.00,"Upgrade main electric service panel to 200 amps."
BLD25-2030,Issued,"Building Permit No Plan Check",4/14/2025,04/14/2025,"1440 Felta Rd Healdsburg [HEA]",110-070-017,$535.96,$0.00,"Partial tear off existing metal shingle one layer and install a new comp shingle 7sq."
BLD25-2031,Issued,"Building Permit No Plan Check",4/14/2025,04/16/2025,"3274 Apricot Ln Bellevue [BEL]",043-290-020,$363.62,$0.00,"SFD remove and replace existing AC same location like for like 16Seer 3 Tons"
BLD25-2032,Issued,"Building Permit No Plan Check",4/14/2025,04/25/2025,"1295 Mission Dr Sonoma [SON]",142-140-065,$4.95,$0.00,"SFD Remove and replace some of (E) exterior wall cladding due to water damage. 570 SF of siding"
BLD25-2033,Issued,"Building Permit No Plan Check",4/14/2025,04/14/2025,"Twin Hills [TWI]",025-080-050,$363.62,$0.00,"Removing the existing underground 200 Amp single phase zinsco meter main service and upgrade to a new square D 200 Amp underground single phase service (no relocation is needed and no loads will be added)"
BLD25-2034,Issued,"Building Permit No Plan Check",4/14/2025,04/17/2025,"14664 Rio Nido Rd Guerneville [GUE]",070-293-057,$1783.62,$0.00,"SFD Electrical for hot tub, install dryer outlet, service the meter for code compliance. VBU25-0133"
BLD25-2035,"Pre- Due","Building Permit No Plan Check",4/14/2025,,"2502 Joy Rd Occidental [OCC]",073-230-007,$363.62,$0.00,"SFD Move PG&E electrical service line from overhead to underground"
BLD25-2037,Issued,"Building Permit No Plan Check",4/14/2025,04/14/2025,"8245 Candy Apple Ln Twin Hills [TWI]",077-170-013,$363.62,$0.00,"- SFD Removal & Re-Installation of (20) PV Modules & Racking - No Changes to Module Layout - No Changes to System Output Capacity - PV Permit # BLD15-3852."
BLD25-2041,Issued,"Building Permit No Plan Check",4/14/2025,04/14/2025,"1080 Lark Ave Agua Caliente [AGU]",052-152-043,$363.62,$0.00,"SFD Gas and Electrical Permit for new outdoor Kitchen and appliances."
BLD25-2047,Issued,"Building Permit No Plan Check",4/14/2025,04/15/2025,"12651 Fiori Ln Twin Hills [TWI]",080-190-009,$363.62,$0.00,"SFD. Replace 13 runs of R8 ductwork"
BLD25-2048,Issued,"Building Permit No Plan Check",4/14/2025,04/15/2025,"17029 Jennifer Dr Occidental [OCC]",073-350-011,$363.62,$0.00,"SFD. Install new mini split for upstairs room"
BLD25-2052,Issued,"Building Permit No Plan Check",4/14/2025,04/15/2025,"10805 Graton Rd Graton [GRA]",104-080-008,$363.62,$0.00,"SFD. Replace 10 duct runs"
BLD25-2053,Issued,"Building Permit No Plan Check",4/14/2025,04/22/2025,"109 Renz Ln Geyserville [GEY]",140-270-003,$363.62,$0.00,"SFD. Replace a/c condenser and furnace"
BLD25-2062,Issued,"Building Permit No Plan Check",4/15/2025,04/15/2025,"281 W Matheson St Healdsburg [HEA]",088-230-056,$363.62,$0.00,"Remove and replace a like for like 225 Amp Service Subpanel."
BLD25-2063,Issued,"Building Permit No Plan Check",4/15/2025,04/16/2025,"11026 Sunset Ave Forestville [FOR]",081-100-032,$363.62,$0.00,"(F2) remove and replace existing furnace same location like for like 35K BTU"
BLD25-2065,Issued,"Building Permit No Plan Check",4/15/2025,04/15/2025,"10451 Liberty Oak Ln Windsor [WIN]",161-010-039,$363.62,$0.00,"SFD. Replace furnace"
BLD25-2066,Issued,"Building Permit No Plan Check",4/15/2025,04/15/2025,"21016 River Blvd Monte Rio [MRO]",095-170-006,$363.62,$0.00,"SFD, Replace service entrance conduit from the weather head to the main panel / disconnect to bring up to code"
BLD25-2067,Issued,"Building Permit No Plan Check",4/15/2025,04/15/2025,"680 E Verano Ave Agua Caliente [AGU]",127-094-059,$539.66,$0.00,"T/O 29 SQ COMP SHINGLE AND BUILT UP ROOFING; RE-ROOF WITH CLASS A RATED COMP SHINGLE AT PITCHED ROOF AND APP TORCH DOWN AT LOW SLOPE ROOF; SFD; SELF CERT; MAIN HOUSE ONLY"
BLD25-2068,"Pre- Due","Building Permit No Plan Check",4/15/2025,,"3997 Magnolia Ave Petaluma [PET]",021-152-046,$363.62,$0.00,"Install air conditioner (15 SEER, 4 ton). Install service amps - 60amps"
BLD25-2069,Issued,"Building Permit No Plan Check",4/15/2025,04/15/2025,"720 Martin St Glen Ellen [GLE]",054-146-003,$536.60,$0.00,"SFD; 19sqs; Self Certified contractor; Remove existing roof. Install with new Lifetime Class A composition shingles. House"
BLD25-2072,Issued,"Building Permit No Plan Check",4/15/2025,04/15/2025,"8770 Templeman Rd Forestville [FOR]",084-070-006,$391.47,$0.00,"Tearing off old roof and replacing with new"
BLD25-2073,Issued,"Building Permit No Plan Check",4/15/2025,04/15/2025,"720 Martin St Glen Ellen [GLE]",054-146-003,$391.45,$0.00,"5sqs; Self Certified contractor; Remove existing roof. Install with new Lifetime Class A composition shingles. Detached Garage"
BLD25-2077,Issued,"Building Permit No Plan Check",4/15/2025,04/15/2025,"26810 Freezeout Rd Monte Rio [MRO]",096-100-006,$536.14,$0.00,"SFD. Tear off and reroof 13 squares using class ""A"" composition shingles. SELF CERT."
BLD25-2078,Issued,"Building Permit No Plan Check",4/15/2025,04/15/2025,"185 Cambria Way Windsor [WIN]",058-380-006,$537.09,$0.00,"SFD, Tear off & Reroof (32 SQ) *Self Cert* Class A Comp Shingles"
BLD25-2080,Issued,"Building Permit No Plan Check",4/15/2025,04/15/2025,"201 Cambria Way Windsor [WIN]",058-380-007,$536.99,$0.00,"SFD, Tear off & Reroof (32 SQ) *Self Cert* Class A Comp Shingles"
BLD25-2082,Issued,"Building Permit No Plan Check",4/15/2025,04/15/2025,"35317 Ramsgate Rd Sea Ranch [SEA]",122-390-013,$363.62,$0.00,"90K BTUS 80% FURNACE CHANGEOUT GARAGE"
BLD25-2083,Issued,"Building Permit No Plan Check",4/15/2025,04/15/2025,"16080 Brookdale Dr Guerneville [GUE]",069-220-050,$363.62,$0.00,"Tankless water heater change out in an outside closet."
BLD25-2086,Issued,"Building Permit No Plan Check",4/15/2025,04/15/2025,"11803 Occidental Rd Twin Hills [TWI]",080-080-016,$363.62,$0.00,"Upgrade 200 amp panel challenger panel for new 200 amp service in the same location. No added loads."
BLD25-2089,Issued,"Building Permit No Plan Check",4/15/2025,04/16/2025,"2061 Pleasant Hill Rd Twin Hills [TWI]",076-100-001,$537.40,$0.00,"SFD, Replace (E) Redwood Siding with Fiber Cement Lap Siding & Replace Windows Like for Like"
BLD25-2091,Issued,"Building Permit No Plan Check",4/16/2025,04/16/2025,"1341 Pepper Rd Petaluma [PET]",113-100-039,$363.62,$0.00,"SFD, Remove & Reinstall (E) PV System for Reroof"
BLD25-2094,"Awaiting Applicant Response","Building Permit No Plan Check",4/16/2025,,"22340 Moscow Rd Monte Rio [MRO]",096-190-010,$0.00,$0.00,"SFD, Install Electric Tankless Water Heater next to (E) Radiant System in Basement. **Installation** WE WILL NOT REMOVE & DISPOSE OF OLD WATER HEATER SINCE IT ITS SUPPLYING RADIANT HEAT FOR THE UPSTAIRS GRANNY UNIT. WE WILL ONLY BE DISCONNECTING THE HOT & COLD DOMESTIC LINES AND ROUTING THEM TO NEW TANKLESS UNIT. Ongaro and sons is not responsible for the electrical that will be needed for the unit to operate."
BLD25-2095,Issued,"Building Permit No Plan Check",4/16/2025,04/16/2025,"2811 Pepper Rd Two Rock [TWO]",022-070-026,$363.62,$0.00,"Like for Like meter main replacement. 100 amp 1 phase overhead service."
BLD25-2097,Issued,"Building Permit No Plan Check",4/16/2025,04/30/2025,"925 Martin St Glen Ellen [GLE]",054-141-020,$363.62,$0.00,"SFD, Water Line Replacement"
BLD25-2098,Issued,"Building Permit No Plan Check",4/16/2025,04/17/2025,"4791 E Soda Rock Ln Geyserville [GEY]",131-210-038,$576.30,$0.00,"Replace Exterior Siding & Trim at SFD and Guest House/Garage (connected by a roofline due to breezeway)"
BLD25-2101,Issued,"Building Permit No Plan Check",4/16/2025,04/16/2025,"4242 Denner Ranch Rd Santa Rosa [SRO]",057-080-028,$363.62,$0.00,"SFD New 125 AMP subpanel"
BLD25-2103,Issued,"Building Permit No Plan Check",4/16/2025,04/16/2025,"25 Wambold Ln Cotati [COT]",024-105-047,$539.44,$0.00,"Reroof = Remove two layers of existing roofing system and install new comp shingle"
BLD25-2107,Issued,"Building Permit No Plan Check",4/16/2025,04/16/2025,"5801 Stony Point Rd Cotati [COT]",046-061-029,$539.66,$0.00,"Full reroof with tear off, comp shingles, tiger paw underlayment"
BLD25-2108,Issued,"Building Permit No Plan Check",4/16/2025,04/16/2025,"1188 Wild Rose Dr Santa Rosa [SRO]",037-021-022,$363.62,$0.00,"To upgrade Main panel to 200 amps"
BLD25-2109,Issued,"Building Permit No Plan Check",4/16/2025,04/16/2025,"1045 W Railroad Ave Cotati [COT]",113-210-034,$536.68,$0.00,"renmove and install class a composition shingle. approx 3800 sqft"
BLD25-2110,Issued,"Building Permit No Plan Check",4/16/2025,04/16/2025,"8191 Spring Dr Forestville [FOR]",082-010-009,$363.62,$0.00,"Like for like replacement of existing 125-amp Zinsco main electrical panel with new 125-amp Eaton or equivalent main electrical panel"
BLD25-2115,Issued,"Building Permit No Plan Check",4/17/2025,04/23/2025,"277 Spyglass Ct Bodega Bay [BBY]",100-340-080,$562.25,$0.00,"Removal and Replacement of all doors and windows. no framing changes. Removal and replacement of trim and siding. Trim and siding to be painted. Removal and replacement of existing roof and gutter. no framing changes."
BLD25-2116,Issued,"Building Permit No Plan Check",4/17/2025,04/17/2025,"2462 Meier Rd Sebastopol [SEB]",063-150-009,$363.62,$0.00,"SFD. Install x2 ductless mini splits"
BLD25-2117,Issued,"Building Permit No Plan Check",4/17/2025,04/17/2025,"20572 Front St Monte Rio [MRO]",094-100-020,$363.62,$0.00,"SFD - To service the main house - replace 40g tanked water heater, like for like, in existing location - located in laundry room"
BLD25-2118,Issued,"Building Permit No Plan Check",4/17/2025,04/17/2025,"550 Purrington Rd Petaluma [PET]",019-382-012,$363.62,$0.00,"Change out old faulty 100 amp panel to 200 amp"
BLD25-2121,Finaled,"Building Permit No Plan Check",4/17/2025,04/17/2025,"4890 Grange Rd Bennett Valley [BEN]",049-091-031,$363.62,$0.00,"SFD-Replace 75g tanked water heater, like for like, in existing location"
BLD25-2123,Issued,"Building Permit No Plan Check",4/17/2025,04/17/2025,"523 Limelight Pl Windsor [WIN]",039-340-058,$363.62,$0.00,"Replace existing forced air furnace with Carrier Mod. 59TP6B060V1714 Install Air Conditioning - Carrier Mod. 24TPB736W003 Outdoor unit to be placed at left side of residence"
BLD25-2124,Issued,"Building Permit No Plan Check",4/17/2025,04/18/2025,"4925 Montecito Ave Rincon Valley [RIN]",181-410-015,$363.62,$0.00,"SFD. Install single zone ductless mini split"
BLD25-2125,Issued,"Building Permit No Plan Check",4/17/2025,04/17/2025,"253 Merrill St Geyserville [GEY]",140-130-012,$541.00,$0.00,"Cottage: T/O 10sqrs, Install Metal Roof & Replace Siding-possible window / door replacement-like for like"
BLD25-2126,Issued,"Building Permit No Plan Check",4/17/2025,04/18/2025,"14295 Green Valley Rd Forestville [FOR]",085-210-010,$363.62,$0.00,"SFD. Replace furnace and 7 runs of R8"
BLD25-2130,Finaled,"Building Permit No Plan Check",4/17/2025,04/18/2025,"11551 Old River Rd Forestville [FOR]",082-260-002,$363.62,$0.00,"Install 50 amp RV outlet at the driveway side of home with 6/3 cable in crawl space and exterior lockable 14-50R enclosure."
BLD25-2131,Issued,"Building Permit No Plan Check",4/17/2025,04/17/2025,"9633 Hwy 116 N Forestville [FOR]",083-240-028,$610.85,$0.00,"SFD Studio-Re-Roof-T/O existing comp one layer install GAF UHDZ Class As shingles in pewter grey- pitch 4/12 6/12/10/22 pewter grey self certify 45 squares"
BLD25-2134,Issued,"Building Permit No Plan Check",4/17/2025,04/17/2025,"18836 Polley Ln Agua Caliente [AGU]",052-720-033,$537.14,$0.00,"replace existing comp shingles with new"
BLD25-2136,Finaled,"Building Permit No Plan Check",4/17/2025,04/17/2025,"5015 Pressley Rd Bennett Valley [BEN]",049-101-024,$542.11,$0.00,"Remove and dispose of old composition shingle roof on residential garage. New roof material is 24 gauge 16” wide panel with 1” high rib to match existing standing seam metal."
BLD25-2137,Issued,"Building Permit No Plan Check",4/18/2025,04/18/2025,"2590 N Fitch Mountain Rd Healdsburg [HEA]",087-092-003,$363.62,$0.00,"In Unit #1, I need a permit to install a water heater. If there are any leaking pipes they will be replaced. There will be a new high pressure relief valve with a drain line to the outside of the unit in a viewable location. The tank with have earthquake strapping on the upper area and the lower area. Attaching the heater against the wall."
BLD25-2138,Issued,"Building Permit No Plan Check",4/18/2025,04/18/2025,"20015 Geyserville Ave Geyserville [GEY]",140-070-047,$363.62,$0.00,"Replace 100a overhead fed Zinsco electric service panel with 200a OH fed meter panel. Refeed existing loads, trace and label circuits, install grounding and surge protection device."
BLD25-2139,Finaled,"Building Permit No Plan Check",4/18/2025,04/18/2025,"5242 Val Lee Ln Twin Hills [TWI]",063-100-045,$537.32,$0.00,"Tear off and reroof 29 squares with a class a fire rated roof system using GAF Tiger Paw underlayment and GAF HDZ Lifetime Shingle. Self Cert."
BLD25-2140,Issued,"Building Permit No Plan Check",4/18/2025,04/18/2025,"4920 Grange Rd Bennett Valley [BEN]",049-091-035,$363.62,$0.00,"Remove & replace 40 gallon electric water heater located in crawlspace like for like."
BLD25-2142,Issued,"Building Permit No Plan Check",4/18/2025,04/18/2025,"9769 Via Canada Kenwood [KEN]",050-191-005,$537.92,$0.00,"Re-roof Pool house with Class A stone coated steel tiles. This is an overlay with no tear-off. This is one building of 3 - there will be a total of 3 permits related to this property's re-roof."
BLD25-2143,Issued,"Building Permit No Plan Check",4/18/2025,04/18/2025,"9769 Via Canada Kenwood [KEN]",050-191-005,$537.73,$0.00,"Re-roof Guest house with Class A stone coated steel. This is an over-lay with no tear off. This is the 2nd building of 3 related to this property's re-roof."
BLD25-2144,Issued,"Building Permit No Plan Check",4/18/2025,04/18/2025,"9769 Via Canada Kenwood [KEN]",050-191-005,$544.40,$0.00,"Re-roof main home with Class A stone coated steel. This is an over-lay with no tear off. This is the 3rd building and main residence of the property located at 9769 Via Canada in Kenwood related to this property's tear off."
BLD25-2145,Issued,"Building Permit No Plan Check",4/18/2025,04/18/2025,"948 Oak St Agua Caliente [AGU]",052-394-020,$363.62,$0.00,"SFD MSP upgrade 100 to 200amps"
BLD25-2146,Issued,"Building Permit No Plan Check",4/18/2025,04/23/2025,"20973 Pelican Loop Bodega Bay [BBY]",100-450-003,$363.62,$0.00,"100 Amp Underground Power Pole - temporary underground location for construction BLD21-9452"
BLD25-2149,Issued,"Building Permit No Plan Check",4/18/2025,04/18/2025,"575 Boyes Blvd Agua Caliente [AGU]",052-181-009,$535.97,$0.00,"Reroof. Remove and Replace old shingles with new ones."
BLD25-2150,Issued,"Building Permit No Plan Check",4/18/2025,04/18/2025,"120 Rossi Rd Geyserville [GEY]",140-180-069,$363.62,$0.00,"Power for septic"
BLD25-2153,Issued,"Building Permit No Plan Check",4/18/2025,04/18/2025,"10490 Cozey Ct Forestville [FOR]",082-180-029,$363.62,$0.00,"SFD Remove all branch circuit breakers and install single 50amp 240v spider box for construction rehab EVT25-00012"
BLD25-2158,Issued,"Building Permit No Plan Check",4/18/2025,04/22/2025,"84 Loma Vista Dr Glen Ellen [GLE]",133-102-007,$363.62,$0.00,"SFD. Replace air handler, heat pump condenser, and ducting."
BLD25-2160,Issued,"Building Permit No Plan Check",4/18/2025,04/22/2025,"193 Hoff Rd Kenwood [KEN]",050-060-067,$363.62,$0.00,"SFD. Replace air handler and heat pump condenser. Install ductless mini split."
BLD25-2161,Issued,"Building Permit No Plan Check",4/18/2025,04/22/2025,"8191 Spring Dr Forestville [FOR]",082-010-009,$363.62,$0.00,"SFD. Add Ac to the back of the house near the utility room, replace 3 duct runs located in the crawl space, like for like in the same location."
BLD25-2162,Issued,"Building Permit No Plan Check",4/18/2025,04/22/2025,"870 Fitch View Ln Windsor [WIN]",086-150-050,$363.62,$0.00,"SFD. Replace air handler and heat pump condenser."
BLD25-2164,Finaled,"Building Permit No Plan Check",4/18/2025,04/18/2025,"1351 Ferguson Rd Twin Hills [TWI]",061-143-015,$539.44,$0.00,"Self Certified remove one layer of existing roof and install GAF Timberline UHDZ comp shingles in weather wood color 35 squares (3500 sq ft)"
BLD25-2167,Issued,"Building Permit No Plan Check",4/19/2025,04/19/2025,"15275 Coleman Valley Rd Occidental [OCC]",074-140-034,$391.99,$0.00,"Tear off existing single layer roof, install lifetime comp shingle, SFD, 20 squares, SELF CERTIFY"
BLD25-2168,Issued,"Building Permit No Plan Check",4/19/2025,04/24/2025,"17628 Orchard Ave Forestville [FOR]",071-240-082,$543.82,$0.00,"SFD remove existing roof and reroof with class A standing seam steel metal roof. self certify 17sq"
BLD25-2172,Issued,"Building Permit No Plan Check",4/20/2025,04/20/2025,"831 Cleveland Ave Petaluma [PET]",020-020-063,$539.15,$0.00,"replace roofing same for same class A composition roof"
BLD25-2174,Issued,"Building Permit No Plan Check",4/20/2025,04/25/2025,"1515 Stony Point Rd Petaluma [PET]",113-160-043,$363.62,,"SFD Replace majority of pipes at 1515 Stony Point Road in Petaluma with PVC. Current pipes are metal"
BLD25-2176,Issued,"Building Permit No Plan Check",4/21/2025,04/21/2025,"141 La Mancha Way Agua Caliente [AGU]",052-690-040,$363.62,$0.00,"141 La Mancha, Remove existing sylavnia meter main and install new 125A square D meter main in existing location"
BLD25-2177,Issued,"Building Permit No Plan Check",4/21/2025,04/21/2025,"157 La Mancha Way Agua Caliente [AGU]",052-690-046,$363.62,$0.00,"157 La Mancha, Remove existing sylavnia meter main and install new 125A square D meter main in existing location"
BLD25-2178,Issued,"Building Permit No Plan Check",4/21/2025,04/21/2025,"159 La Mancha Way Agua Caliente [AGU]",052-690-047,$363.62,$0.00,"159 La Mancha, Remove existing sylavnia meter main and install new 125A square D meter main in existing location"
BLD25-2179,Issued,"Building Permit No Plan Check",4/21/2025,04/21/2025,"174 La Mancha Way Agua Caliente [AGU]",052-690-001,$363.62,$0.00,"174 La Mancha, Remove existing sylavnia meter main and install new 125A square D meter main in existing location"
BLD25-2185,Issued,"Building Permit No Plan Check",4/21/2025,04/22/2025,"1180 Windy Ln Bodega Bay [BBY]",100-096-004,$363.62,$0.00,"SFD Remove/replace like for like electric water heater in the basement."
BLD25-2188,Issued,"Building Permit No Plan Check",4/21/2025,04/21/2025,"15232 Arnold Dr Glen Ellen [GLE]",054-400-007,$541.03,$0.00,"Tear off one layer of composition roofing and underlayment. Install XFR Fire- Resistant Self-Adhered Roof Underlayment. Install a new flat panel metal roof."
BLD25-2191,Issued,"Building Permit No Plan Check",4/21/2025,04/21/2025,"6889 St Helena Rd Rincon Valley [RIN]",028-150-042,$363.62,$0.00,"SFD - Install 4 zone 36k HP minsplit system; Outdoor 36k condenser located side of garage; (1) 18k minisplit ceiling cassette located in living room, (2) 6k indoor cassettes located in bedrooms, (1) 12k wall mount unit located in den. EVT20-00843"
BLD25-2193,Issued,"Building Permit No Plan Check",4/21/2025,04/21/2025,"540 Central Ave Agua Caliente [AGU]",056-389-003,$537.02,$0.00,"T/O 20 SQ COMP SHINGLE; RE-ROOF WITH CLASS A RATED COMP SHINGLE; SFD; SELF CERT; MAIN HOUSE AND DETACHED SHED"
BLD25-2195,Issued,"Building Permit No Plan Check",4/21/2025,04/21/2025,"49 Don Timoteo Ct Glen Ellen [GLE]",133-120-007,$537.91,,"Pool Remodel, (E) In-ground Pool and Spa. Strip existing Plaster to Gunite and Re-plaster."
BLD25-2197,Issued,"Building Permit No Plan Check",4/21/2025,04/21/2025,"6711 Covey Rd Forestville [FOR]",083-060-032,$537.91,$0.00,"Simple reroof. Remove existing composition roofing. Replace with Class A composition roofing per manufacturers specifications. Install 15 lb. synthetic underlayment per manufacturers specifications. Self Cert. 29 squares."
BLD25-2201,Issued,"Building Permit No Plan Check",4/21/2025,04/22/2025,"757 Montebello Dr Windsor [WIN]",039-410-008,$363.62,$0.00,"SFD - Replace 2 failed furnaces and 2 ACs with 2 new furnaces and 2 new ACs"
BLD25-2202,Issued,"Building Permit No Plan Check",4/21/2025,04/22/2025,"9450 Spring Hill School Rd Twin Hills [TWI]",077-110-068,$363.62,$0.00,"To service the main house - Replace furnace with air handler and install heat pump new - air handler located in an indoor closet and heat pump located in back yard"
BLD25-2206,Issued,"Building Permit No Plan Check",4/21/2025,04/24/2025,"371 Gazania Ct Windsor [WIN]",039-300-023,$363.62,$0.00,"SFD 10 supply and 1 return R8 duct change outs under the house."
BLD25-2207,Issued,"Building Permit No Plan Check",4/21/2025,04/21/2025,"1199 Raplee Ter Santa Rosa [SRO]",059-070-037,$363.62,$0.00,"80K BTUS furnace change out in the attic."
BLD25-2208,Issued,"Building Permit No Plan Check",4/21/2025,04/21/2025,"174 Calle Del Sol Bodega Bay [BBY]",101-202-002,$363.62,$0.00,"Run electrical to septic control box."
BLD25-2211,Issued,"Building Permit No Plan Check",4/21/2025,04/21/2025,"4733 Lambert Dr Windsor [WIN]",058-192-006,$537.87,$0.00,"Simple reroof. Remove existing composition roofing. Replace with Class A composition roofing per manufacturers specifications. Install 15 lb. synthetic underlayment per manufacturers specifications. 29 squares. *Self Cert*"
BLD25-2212,Issued,"Building Permit No Plan Check",4/21/2025,04/22/2025,"600 Donald St Agua Caliente [AGU]",127-092-025,$545.67,,"Gunite Swimming Pool - New Plaster, tile and equipment upgrade. Footprint to stay the same. Valuation $68,200."
BLD25-2215,Issued,"Building Permit No Plan Check",4/21/2025,04/21/2025,"610 E Verano Ave Agua Caliente [AGU]",127-094-057,$606.09,$0.00,"Tear off existing roof and replace with Class A fire rated shingle. Install proper amount of attic vents and replace all roof jacks and paint."
BLD25-2216,Issued,"Building Permit No Plan Check",4/21/2025,04/30/2025,"2011 Chapman Ln Petaluma [PET]",021-030-065,$363.62,$0.00,"SFD Upgrade 100 to 200amp MSP"
BLD25-2219,Issued,"Building Permit No Plan Check",4/21/2025,04/21/2025,"3030 Francisco Ave Santa Rosa [SRO]",059-020-026,$4.00,$0.00,"ADU 9sqs; Self Certified contractor; Remove existing roof. Install with new Lifetime Class A composition shingles"
BLD25-2221,Issued,"Building Permit No Plan Check",4/21/2025,04/22/2025,"2568 Meier Rd Sebastopol [SEB]",063-150-027,$363.62,$0.00,"Install new 400 amp (California 320) underground service. This is for address 2568 Meier Main House"
BLD25-2224,"Awaiting Applicant Response","Building Permit No Plan Check",4/21/2025,,"1205 Keiser Ave Penngrove [PEN]",045-252-011,$0.00,$0.00,"NEW MINI SPLIT AC CONDENSER UNIT"
BLD25-2225,Finaled,"Building Permit No Plan Check",4/21/2025,04/21/2025,"3500 Wood Valley Rd Sonoma [SON]",127-122-042,$363.62,$0.00,"replacing 200 amp metered power pole that was damaged by a falling tree"
BLD25-2226,Issued,"Building Permit No Plan Check",4/21/2025,04/21/2025,"9699 Kelly Ln Penngrove [PEN]",047-011-095,$363.62,$0.00,"Remove existing 100 Amp Zinsco and upgrade to new 200amp Eaton"
BLD25-2228,Issued,"Building Permit No Plan Check",4/21/2025,04/21/2025,"9730 River Oak Ln Windsor [WIN]",066-300-045,$542.30,$0.00,"Complete roof replacement, comp-to-comp, approx. 5,200 sq ft, predominant pitch 12:12"
BLD25-2231,"Awaiting Applicant Response","Building Permit No Plan Check",4/22/2025,,"1919 Dennis Ln Santa Rosa [SRO]",058-031-019,$0.00,$0.00,"Re-roof shingle portion of commercial building, new sheathing to be installed, class A shingles to be installed"
BLD25-2234,"Pre- Due","Building Permit No Plan Check",4/22/2025,,"878 Jonive Rd Twin Hills [TWI]",080-170-029,$363.62,$0.00,"Move old 100a federal pacific panel from main floor hall closet,Install new Sub panel in downstairs storage area.Move existing circuits to sub panel. Install new grounded circuits in Bedrooms And Living rm."
BLD25-2236,Issued,"Building Permit No Plan Check",4/22/2025,04/22/2025,"5290 Oak Meadow Dr Santa Rosa [SRO]",130-353-001,$363.62,$0.00,"SFD Main Home Replace furnace located in the attic with an Air handler, replace AC located on the right side of house with a heat pump and replace 9 duct runs located in the attic with R* ducting, in the same location"
BLD25-2237,Issued,"Building Permit No Plan Check",4/22/2025,04/22/2025,"112 Jewett Rd Petaluma [PET]",113-200-008,$363.62,$0.00,"SFD MSP 400amp replacement"
BLD25-2238,Issued,"Building Permit No Plan Check",4/22/2025,04/22/2025,"2530 Sanders Rd Twin Hills [TWI]",076-120-064,$363.62,$0.00,"SFD Main Home Replace 40 gallon gas tank water heater located in the garage, like for like in the same location."
BLD25-2240,Issued,"Building Permit No Plan Check",4/22/2025,04/22/2025,"4422 Roblar Rd Sebastopol [SEB]",024-031-042,$363.62,$0.00,"Replacing the siding of my garage and house. Going to install Hardie fiber cement board lap siding and trim."
BLD25-2241,Issued,"Building Permit No Plan Check",4/22/2025,04/22/2025,"19894 Riverside Dr Agua Caliente [AGU]",133-181-010,$363.62,$0.00,"Install high efficient Furnace and A/C (like for like)"
BLD25-2242,Issued,"Building Permit No Plan Check",4/22/2025,04/22/2025,"5766 La Sierra Dr Kenwood [KEN]",030-350-004,$541.49,$0.00,"Single layer tear off, install lifetime comp shingle 70 squares, SFD, SELF CERTIFY"
BLD25-2243,Issued,"Building Permit No Plan Check",4/22/2025,04/22/2025,"41976 Leeward Rd Sea Ranch [SEA]",156-590-004,$536.80,$0.00,"TEAR OFF AND RE-ROOF WITH CLASS A COMP SHINGLES/NO SHEATHING/ SELF-CERTIFIED 30 SQS."
BLD25-2244,Issued,"Building Permit No Plan Check",4/22/2025,04/25/2025,"9360 Occidental Rd Graton [GRA]",061-040-078,$363.62,$0.00,"remove 200 amp service add 400 amp 2 meter pack panel upgrade. Install 200 amp sub panel"
BLD25-2245,Issued,"Building Permit No Plan Check",4/22/2025,04/22/2025,"58 Larkfield Dr Windsor [WIN]",058-134-005,$363.62,$0.00,"58 Larkfield has a 1957 electrical 100amp service. The main panel is woefully out of date, no disconnect, old circuits. I'm requesting to replace the old panel with a 200amp Siemons's panel, next to the existing panel. Run 2"" threaded ridged pipe to the roof, then attach the appropriate weather head. The 2"" ridged with then connect to the 200amp panel with the appropriate 200amp disconnect. At that point a licensed electrician(Sonoma County Builders) will coordinate with PGE, during a scheduled maintenance to perform the service upgrade. We will use #2Awg copper or 4/0 Aluminum ~ 30' from the PGE feed into the 200amp panel. (2) copper ground rods will be hammered into the soil, at the base of the 200amp panel, and 12' from the panel. PGE has a scheduled maintenance on 58 Larkfield this month. Jeff"
BLD25-2246,Issued,"Building Permit No Plan Check",4/22/2025,04/22/2025,"22172 Umland Cir Timber Cove [TIM]",109-420-033,$363.62,$0.00,"70K BTUS 97% FURNACE CHANGEOUT BASEMENT"
BLD25-2247,Issued,"Building Permit No Plan Check",4/22/2025,04/22/2025,"8303 Hwy 128 Geyserville [GEY]",132-010-015,$363.62,$0.00,"SFD. Replace furnace and ducting."
BLD25-2248,Issued,"Building Permit No Plan Check",4/22/2025,04/22/2025,"16763 La Placita Ct Glen Ellen [GLE]",056-642-007,$540.69,$0.00,"Tear off existing roof and install a new composition shingle roof, approximately 4200 square feet Self Certification"
BLD25-2249,Issued,"Building Permit No Plan Check",4/22/2025,04/22/2025,"226 Pilots Reach Sea Ranch [SEA]",155-230-014,$606.79,$0.00,"226 Pilots Reach TSR> SFD Self-cert; Tear off and re-roof with Malarkey shingle in 'midnight' black."
BLD25-2250,Issued,"Building Permit No Plan Check",4/22/2025,04/22/2025,"5455 Corbett Cir Windsor [WIN]",039-351-033,$363.62,$0.00,"SFD. Replace furnace."
BLD25-2251,Issued,"Building Permit No Plan Check",4/22/2025,04/30/2025,"9150 Bohemian Hwy Monte Rio [MRO]",096-040-006,$539.83,$0.00,"Carport Repair to Portion of Damaged Roof - Reroof Class A Comp (5 sq) & Replace 15' of Support Beam In-Kind"
BLD25-2252,Issued,"Building Permit No Plan Check",4/22/2025,04/28/2025,"9550 Main St E Penngrove [PEN]",047-173-009,$537.60,$0.00,"Repair and replace old siding at front of building"
BLD25-2254,"Pre- Due","Building Permit No Plan Check",4/22/2025,,"7000 Hall Rd Santa Rosa [SRO]",130-200-040,$1783.62,$0.00,"Legalize Electrical in Barn- to confirm existing electrical is code compliant to resolve VBU19-0218. Demo under permit # DEM24-0325: all plumbing/waste/gas/water from unpermitted kitchen and 2 bathrooms. Code Enforcement will allow electrical outlets, switches, and light fixtures to remain provided they are code compliant. This section of the barn will be repurposed back to its original unconditioned storage and workshop."
BLD25-2256,Issued,"Building Permit No Plan Check",4/22/2025,04/22/2025,"14155 Old Cazadero Rd Guerneville [GUE]",072-100-006,$363.62,$0.00,"TANKLESS WATER HEATER CHANGEOUT BASEMENT"
BLD25-2257,Issued,"Building Permit No Plan Check",4/22/2025,04/22/2025,"796 Ferguson Rd Twin Hills [TWI]",077-120-030,$541.65,$0.00,"-796 Ferguson Rd, Sebastopol -Remove existing asphalt shingles and install new asphalt shingles -Self Certification -4,772 Sq Ft"
BLD25-2259,Issued,"Building Permit No Plan Check",4/22/2025,04/24/2025,"1722 Barlow Ln Twin Hills [TWI]",061-040-062,$363.62,$0.00,"SFD, Relocate (E) Propane Tank & Provide (N) Propane Supply Line"
BLD25-2263,Issued,"Building Permit No Plan Check",4/22/2025,04/22/2025,"2446 Jenes Ln Santa Rosa [SRO]",034-121-012,$363.62,$0.00,"Upgrade main panel to 225A"
BLD25-2265,Issued,"Building Permit No Plan Check",4/22/2025,04/22/2025,"2453 Eastman Ln Petaluma [PET]",021-050-065,$391.60,$0.00,"SFD, Overlay 20 sqrs install class a comp / Install new roof"
BLD25-2267,Issued,"Building Permit No Plan Check",4/22/2025,04/22/2025,"1341 Pepper Rd Petaluma [PET]",113-100-039,$539.95,$0.00,"T/O 41 SQ COMP SHINGLE; RE-ROOF WITH CLASS A RATED COMP SHINGLE; SFD; SELF CERT; MAIN HOUSE ONLY"
BLD25-2270,Issued,"Building Permit No Plan Check",4/22/2025,04/22/2025,"180 Marigold Ln Forestville [FOR]",085-050-027,$537.89,$0.00,"Remove and dispose of existing composition shingle roof on single-family dwelling. New roof material is GAF Timberline HDZ U.L. Class A architectural laminate fiberglass comp shingle roof."
BLD25-2271,Issued,"Building Permit No Plan Check",4/22/2025,04/22/2025,"4923 Ponderosa Dr Bennett Valley [BEN]",049-410-007,$539.63,$0.00,"Remove and dispose of existing composition shingle roof on single-family dwelling. New roof material is GAF Timberline HDZ U.L. Class A architectural laminate fiberglass comp shingle roof."
BLD25-2272,Issued,"Building Permit No Plan Check",4/22/2025,04/22/2025,"200 Wright Ct Forestville [FOR]",071-130-051,$536.60,$0.00,"Remove and dispose of existing composition shingle roof on single-family dwelling. New roof material is GAF Timberline HDZ U.L. Class A architectural laminate fiberglass comp shingle roof."
BLD25-2277,Issued,"Building Permit No Plan Check",4/23/2025,04/23/2025,"9140 Ross Station Rd Forestville [FOR]",084-170-011,$363.62,$0.00,"200amp to 200amp main panel change."
BLD25-2279,Issued,"Building Permit No Plan Check",4/23/2025,04/24/2025,"4794 Valley Quail Ln Graton [GRA]",130-430-036,$363.62,$0.00,"SFD, Replace 5-Ton Heat Pump Condenser in right side yard, Replace 60K BTU Air Handler & R8 Ducts 10 Supply Runs in Attic"
BLD25-2280,Issued,"Building Permit No Plan Check",4/23/2025,04/23/2025,"22172 Umland Cir Timber Cove [TIM]",109-420-033,$363.62,$0.00,"TANKLESS WATER HEATER CHANGEOUT"
BLD25-2281,Issued,"Building Permit No Plan Check",4/23/2025,04/24/2025,"130 Cabrillo Close Sea Ranch [SEA]",156-100-016,$537.40,$0.00,"SFD, Replace (E) Wood Siding with New to Match Existing - Less than 38 LF"
BLD25-2283,Issued,"Building Permit No Plan Check",4/23/2025,04/23/2025,"17303 Keaton Ave Agua Caliente [AGU]",056-212-037,$363.62,$0.00,"Upgrade of a 100-amp Zinsco main service panel to a new 200-amp main service panel. Feed is overhead and will require moving the panel a few feet over to facilitate gas clearance requirements."
BLD25-2285,Issued,"Building Permit No Plan Check",4/23/2025,04/23/2025,"5340 Fulton Rd Windsor [WIN]",039-025-018,$391.86,$0.00,"Tearing off and roofing existing roof"
BLD25-2286,Issued,"Building Permit No Plan Check",4/23/2025,04/25/2025,"1010 W Railroad Ave Penngrove [PEN]",113-150-017,$363.62,$0.00,"Commercial Meter Panel Upgrade 200A, Replace 100A PPC with (N) 200A PPC, & Reconnect (E) Loads"
BLD25-2289,Issued,"Building Permit No Plan Check",4/23/2025,04/23/2025,"4847 Daywalt Rd Sebastopol [SEB]",062-220-019,$363.62,$0.00,"Replace the existing 200A panel with a new 200A panel -same location"
BLD25-2292,Issued,"Building Permit No Plan Check",4/23/2025,04/23/2025,"6933 Nolan Rd Forestville [FOR]",083-130-057,$536.09,$0.00,"T/O 15 SQ COMP SHINGLE; RE-ROOF WITH CLASS A RATED COMP SHINGLE; SFD; SELF CERT; DETACHED ADU ONLY"
BLD25-2294,Issued,"Building Permit No Plan Check",4/23/2025,04/23/2025,"19494 Redwood Dr Monte Rio [MRO]",094-190-029,$363.62,,"Replacing 100A panel with new 200A panel on new riser"
BLD25-2296,Issued,"Building Permit No Plan Check",4/23/2025,04/23/2025,"1449 Laguna Rd Graton [GRA]",130-411-020,$537.32,$0.00,"T/O 32 SQ COMP SHINGLE; RE-ROOF WITH CLASS A RATED COMP SHINGLE; SFD; SELF CERT; MAIN HOUSE ONLY"
BLD25-2297,Issued,"Building Permit No Plan Check",4/23/2025,04/23/2025,"133 Starboard Sea Ranch [SEA]",156-480-007,$363.62,$0.00,"REPLACING EXISTING 200AMP MAIN SERVICE PANEL FOR NEW 200AMP MAIN SERVICE PANEL, LIKE FOR LIKE NO ADDED LOAD, NO RELOCATION."
BLD25-2298,Issued,"Building Permit No Plan Check",4/23/2025,04/24/2025,"10525 Pelham Dr Windsor [WIN]",161-090-007,$363.62,$0.00,"SFD, Replace 200A Zinsco Panel w/ New Square D Panel (like for like) & Add EV Charger 50A/240V on SW Corner of Garage"
BLD25-2301,Issued,"Building Permit No Plan Check",4/23/2025,04/23/2025,"300 Sanderling Ct Bodega Bay [BBY]",100-242-053,$537.63,$0.00,"Self-Certified remove one layer of existing roof and install GAF UDHZ comp shingles in Weatherwood color 27 squares (2700 sq ft)"
BLD25-2303,Issued,"Building Permit No Plan Check",4/23/2025,04/24/2025,"1927 Fulton Rd Santa Rosa [SRO]",034-042-085,$363.62,$0.00,"SFD. Install ductless mini split"
BLD25-2304,"Awaiting Applicant Response","Building Permit No Plan Check",4/23/2025,,"14990 Old River Rd Guerneville [GUE]",070-160-014,$0.00,$0.00,"SFD. Install ductless mini split"
BLD25-2305,Issued,"Building Permit No Plan Check",4/23/2025,04/23/2025,"2025 Blucher Valley Rd Twin Hills [TWI]",025-012-001,$536.34,$0.00,"T/O 16 SQ COMP SHINGLE; RE-ROOF WITH CLASS A RATED COMP SHINGLE; SFD; SELF CERT; MAIN HOUSE ONLY"
BLD25-2306,Issued,"Building Permit No Plan Check",4/23/2025,04/24/2025,"661 Barcelona Dr Agua Caliente [AGU]",056-730-018,$363.62,$0.00,"Furnish and install new furnace and AC in existing locations. Tie into existing electrical, flue and supply ducting."
BLD25-2313,Issued,"Building Permit No Plan Check",4/24/2025,04/24/2025,"64 Balma Ln Cotati [COT]",024-104-023,$363.62,$0.00,"REPLACE A/C SYSTEM AND DUCTING"
BLD25-2315,Issued,"Building Permit No Plan Check",4/24/2025,04/24/2025,"287 Bluff Reach Sea Ranch [SEA]",156-150-008,$363.62,$0.00,"remove and replace existing furnace same location like for like 60K BTU"
BLD25-2317,Issued,"Building Permit No Plan Check",4/24/2025,04/25/2025,"36556 Sculpture Point Dr Sea Ranch [SEA]",156-040-010,$539.70,$0.00,"T/O 7 REPLACE ROOF MEMBRANE WITH WEST COAT MEMBRANE. REPLACE EXISTING SLIDING DOOR SAME SIZE. REMOVE AND REPLACE 1 X 6 CEDAR CLEAR REDWOOD SIDING OVER EXISTING SHEAR PLYWOOD APPROXIMATELY 400 SQ. FT."
BLD25-2318,Issued,"Building Permit No Plan Check",4/24/2025,04/24/2025,"320 Fair Ave Petaluma [PET]",048-052-021,$363.62,$0.00,"Replace one of two AC located on the right side of the house like for like in the same location. Replace coil located at the furnace in the garage."
BLD25-2319,Issued,"Building Permit No Plan Check",4/24/2025,04/24/2025,"18467 4th Ave Agua Caliente [AGU]",056-472-007,$536.75,$0.00,"SFD-T/O roof and install 25 SQ comp A shingles"
BLD25-2320,Issued,"Building Permit No Plan Check",4/24/2025,04/24/2025,"17910 San Carlos Dr Agua Caliente [AGU]",133-192-008,$363.62,$0.00,"SFD-Installing FURNACE, AC AND COIL 11 R-8 CUT IN WIREFLEX"
BLD25-2321,Issued,"Building Permit No Plan Check",4/24/2025,04/24/2025,"4821 Blank Rd Sebastopol [SEB]",062-150-042,$363.62,$0.00,"50 GAL GAS WATER HEATER CHANGEOUT CLOSET"
BLD25-2322,Issued,"Building Permit No Plan Check",4/24/2025,04/24/2025,"4893 Bodega Ave Petaluma [PET]",021-110-014,$363.62,$0.00,"100a to 200a main electrical panel upgrade"
BLD25-2323,Issued,"Building Permit No Plan Check",4/24/2025,04/24/2025,"1011 Sonoma Glen Cir Glen Ellen [GLE]",054-440-033,$537.55,$0.00,"SFD; 31sqs; Self Certified contractor; Remove existing roof. Install with new Lifetime Class A composition shingles"
BLD25-2329,Issued,"Building Permit No Plan Check",4/24/2025,04/24/2025,"18019 7th St E Sonoma [SON]",127-540-027,$577.43,$0.00,"Remove existing standing seam metal roof and dispose. Install new standing seam metal roof"
BLD25-2330,Issued,"Building Permit No Plan Check",4/24/2025,04/24/2025,"2508 Burnside Rd Twin Hills [TWI]",073-061-061,$540.28,$0.00,"SFD-RE-ROOF-MERT RESIDENCE: T/O EXISTING COMP ONE LAYER INSTALL NEW GAF HDZ RS CLASS A SHINGLES IN SANDLEWOOD NO RESHEETING, 23 SQ, PITCH 8/12 *SELF CERTIFY*"
BLD25-2331,Issued,"Building Permit No Plan Check",4/24/2025,04/24/2025,"15375 Pozzan Rd Healdsburg [HEA]",089-061-012,$536.88,$0.00,"Full reroof with tear off, comp shingles."
BLD25-2333,Issued,"Building Permit No Plan Check",4/24/2025,04/24/2025,"8655 Trenton Rd Forestville [FOR]",083-160-042,$363.62,$0.00,"Replace 200amp main panel with 400amp main panel"
BLD25-2334,Finaled,"Building Permit No Plan Check",4/24/2025,04/25/2025,"320 Fair Ave Petaluma [PET]",048-052-021,$363.62,$0.00,"ADD MINI-SPLIT TO THE RIGHT SIDE OF THE POOL HOUSE"
BLD25-2335,Finaled,"Building Permit No Plan Check",4/24/2025,04/25/2025,"320 Fair Ave Petaluma [PET]",048-052-021,$363.62,$0.00,"Install new 48K heat pump on the backside of the studio next to existing heat pump. Install two new 24K head units in the studio."
BLD25-2337,Issued,"Building Permit No Plan Check",4/24/2025,04/24/2025,"6694 Fawn Ln Penngrove [PEN]",136-300-044,$538.05,$0.00,"SFD-Reroof, T/O 27 SQR, Install Class A Comp"
BLD25-2338,Issued,"Building Permit No Plan Check",4/24/2025,04/24/2025,"5577 Inverness Ave Bennett Valley [BEN]",045-330-021,$537.85,$0.00,"SFD; 38sqs; Self Certified contractor; Remove existing roof. Install with new Lifetime Class A composition shingles Main house"
BLD25-2339,Issued,"Building Permit No Plan Check",4/24/2025,04/24/2025,"10450 Barnett Valley Rd Twin Hills [TWI]",073-061-072,$539.46,$0.00,"SFD; 37sqs; Self Certified contractor; Remove existing roof. Install with new Lifetime Class A composition shingles Main house"
BLD25-2340,"Awaiting Applicant Response","Building Permit No Plan Check",4/24/2025,,"3091 Skillman Ln Petaluma [PET]",021-130-049,$0.00,$0.00,"Relocate Gas Meter"
BLD25-2349,"Pre- Due","Building Permit No Plan Check",4/25/2025,,"1139 Hwy 1 Bodega Bay [BBY]",100-091-019,$536.64,$0.00,"SFD, T/O 15 sqrs, Install Lifetime Class A Composition"
BLD25-2350,"Pre- Due","Building Permit No Plan Check",4/25/2025,,"1139 Hwy 1 Bodega Bay [BBY]",100-091-019,$535.94,$0.00,"Guest House, T/O 8 sqrs, Install Lifetime Class A Composition"
BLD25-2351,Issued,"Building Permit No Plan Check",4/25/2025,04/25/2025,"9000 Barnett Valley Rd Twin Hills [TWI]",076-190-024,$363.62,$0.00,"90K BTUS 97% FURNACE CHANGEOUT ATTIC"
BLD25-2352,Issued,"Building Permit No Plan Check",4/25/2025,04/28/2025,"5895 Sharp Rd Mark West Springs [MWS]",120-240-004,$363.62,$0.00,"REPLACE R8 DUCTS UNDER HOME 6 SUPPLY 0 RETURN"
BLD25-2353,Issued,"Building Permit No Plan Check",4/25/2025,04/28/2025,"1340 Big Plum Dr Twin Hills [TWI]",063-340-014,$363.62,$0.00,"REPLACE R8 DUCTS UNDER HOME 12 SUPPLY 0 RETURN"
BLD25-2355,Issued,"Building Permit No Plan Check",4/25/2025,04/28/2025,"827 Gull Dr Bodega Bay [BBY]",100-370-007,$363.62,$0.00,"SFD - Replace combi boiler in garage with 120k BTU combi boiler, same location"
BLD25-2357,Issued,"Building Permit No Plan Check",4/25/2025,04/25/2025,"7446 Poplar Dr Forestville [FOR]",083-140-004,$541.32,$0.00,"SFD; 48sqs; Self Certified contractor; Remove existing roof. Install with new Lifetime Class A composition shingles"
BLD25-2359,Issued,"Building Permit No Plan Check",4/25/2025,04/25/2025,"8150 Park Ave Forestville [FOR]",082-036-005,$391.99,$0.00,"Remove composition shingles on house. Reroof house with new composition shingles."
BLD25-2366,Issued,"Building Permit No Plan Check",4/27/2025,04/27/2025,"118 La Mancha Way Agua Caliente [AGU]",052-690-026,$363.62,$0.00,"118 La Mancha, Remove existing sylavnia meter main and install new 125A square D meter main in existing location"
BLD25-2368,Issued,"Building Permit No Plan Check",4/28/2025,04/28/2025,"4946 Deerwood Dr Windsor [WIN]",058-111-005,$537.20,$0.00,"Reroof of existing roof and installation of class A shingles"
BLD25-2375,Issued,"Building Permit No Plan Check",4/28/2025,04/28/2025,"154 La Mancha Way Agua Caliente [AGU]",052-690-016,$363.62,$0.00,"Remove and replace 30 gal electric water heater like for like."
BLD25-2378,Issued,"Building Permit No Plan Check",4/28/2025,04/28/2025,"170 Cabrillo Close Sea Ranch [SEA]",156-100-012,$541.50,$0.00,"170 Cabrillo Close> SFD Self-cert. Tear off and re-roof with malarkey legacy in 'midnight' black."
BLD25-2382,Issued,"Building Permit No Plan Check",4/28/2025,04/28/2025,"1376 Mission Dr Sonoma [SON]",142-154-036,$363.62,$0.00,"SFD - To service the main house - replace failed furnace with new furnace - located in an indoor closet"
BLD25-2384,Issued,"Building Permit No Plan Check",4/28/2025,05/01/2025,"19400 Hwy 116 N Monte Rio [MRO]",094-180-016,$538.94,$0.00,"COMM building shed- Northwood Recreation-19400 California 116- tear off tar & gravel and replace with TPO 60 mil. and 1/2 inch CDX Plywood for roof decking"
BLD25-2390,Issued,"Building Permit No Plan Check",4/28/2025,04/29/2025,"1445 Baird Rd Rincon Valley [RIN]",029-021-013,$363.62,$0.00,"SFD. Install ductless mini split"
BLD25-2391,Issued,"Building Permit No Plan Check",4/28/2025,04/29/2025,"11240 Old Redwood Hwy Windsor [WIN]",086-170-004,$363.62,$0.00,"SFD. Replace air handler and heat pump condenser."
BLD25-2393,Issued,"Building Permit No Plan Check",4/28/2025,04/28/2025,"1970 Redwood Dr Healdsburg [HEA]",087-043-042,$536.42,$0.00,"Remove and replace existing composition shingle roof with new Class A fire rated composition shingle roofing system 11 SQ SELF CERT"
BLD25-2394,Issued,"Building Permit No Plan Check",4/28/2025,04/28/2025,"1967 Redwood Dr Healdsburg [HEA]",087-041-011,$536.31,$0.00,"Remove and replace existing composition shingle roof with new Class A fire rated composition shingle roofing system 10 SQ SELF CERT"
BLD25-2395,Issued,"Building Permit No Plan Check",4/28/2025,04/28/2025,"1964 Redwood Dr Healdsburg [HEA]",087-043-009,$536.03,$0.00,"Remove and replace existing composition shingle roof with new Class A fire rated composition shingle roofing system 9 SQ SELF CERT"
BLD25-2396,Issued,"Building Permit No Plan Check",4/28/2025,04/28/2025,"1774 E Cotati Ave Penngrove [PEN]",047-281-019,$363.62,$0.00,MPU
BLD25-2398,Issued,"Building Permit No Plan Check",4/28/2025,04/28/2025,"11808 Toyon Dr Forestville [FOR]",085-124-019,$537.00,$0.00,"Self Certified SFD Tear off - Reroof 12 Squares $16,900.00 40 Yr Torch Down Existing Roof Torn Off All Debris Pertaining Will Be Disposed Of 501 Fireproof base sheeting Will Be Applied Smooth Torch Down Will Be Installed All Flashing Pertaining Too Job Will Be Replaced All Edge Metal Will Be Replaced All Flashings Will Be Painted With High Grade Paint Other Than Roofing Paint Flashing on Sun Tube Needs to Be Replaced or Eliminated"
BLD25-2400,Issued,"Building Permit No Plan Check",4/28/2025,04/29/2025,"123 Temelec Cir Sonoma [SON]",142-130-013,$363.62,$0.00,"SFD Installing ductless HVAC system with 2 ceiling cassettes & 2 mini split systems"
BLD25-2401,Issued,"Building Permit No Plan Check",4/28/2025,04/28/2025,"6280 Vine Hill Rd Forestville [FOR]",078-020-044,$363.62,$0.00,"Water heater replacement (tank) in existing location (Garage)."
BLD25-2403,Issued,"Building Permit No Plan Check",4/28/2025,04/28/2025,"2670 Bennett Ridge Rd Bennett Valley [BEN]",055-220-009,$363.62,$0.00,"Installation of electrical service from PG&E to the main house's electrical panel at 2670 Bennett Ridge Road."
BLD25-2404,Issued,"Building Permit No Plan Check",4/28/2025,04/28/2025,"6700 Moro St Bloomfield [BLO]",027-154-005,$363.62,$0.00,"New 200 amp main panel on side of home relocating off pole in yard"
BLD25-2406,Issued,"Building Permit No Plan Check",4/29/2025,04/29/2025,"3077 Porter Creek Rd Mark West Springs [MWS]",079-020-026,$363.62,$0.00,"Replacement and relocation of 200amp main panel with 400amp main panel on Ag board with underground conduit approx 250'"
BLD25-2409,Issued,"Building Permit No Plan Check",4/29/2025,04/29/2025,"8150 Park Ave Forestville [FOR]",082-036-005,$215.19,$0.00,"Remove composition shingles on garage. Reroof garage with new composition shingles."
BLD25-2410,"Pre- Due","Building Permit No Plan Check",4/29/2025,,"10560 Barnett Valley Rd Twin Hills [TWI]",073-071-040,$363.62,$0.00,"Trench underground Electrical line for proposed garage, approx. 145ft"
BLD25-2412,Issued,"Building Permit No Plan Check",4/29/2025,04/29/2025,"1631 Chapman Ln Petaluma [PET]",021-030-102,$536.52,$0.00,"Tear off existing single layer, install lifetime comp, 23SQ SFD SELF CERTIFY"
BLD25-2413,Issued,"Building Permit No Plan Check",4/29/2025,04/29/2025,"3575 W Dry Creek Rd Geyserville [GEY]",090-140-014,$363.62,$0.00,"SFD- REPLACE FURNACE, AC, AND COIL"
BLD25-2415,Issued,"Building Permit No Plan Check",4/29/2025,04/29/2025,"5202 Hutchinson Rd Twin Hills [TWI]",062-050-023,$536.95,$0.00,"tear of existing roof and reroof with composition shingles"
BLD25-2418,"Pre- Due","Building Permit No Plan Check",4/29/2025,,"20609 Heron Dr Bodega Bay [BBY]",100-310-014,$391.60,$0.00,"SFD, Replace (E) Double-Pane Glass Skylight w/ Single Slope Concrete Tile Roof & Curb-Mounted Skylights"
BLD25-2419,Issued,"Building Permit No Plan Check",4/29/2025,04/29/2025,"5084 Bennett Valley Ln Glen Ellen [GLE]",055-060-004,$536.92,$0.00,"tear off re roof 18 squares using class A comp shingles SELF CERTIFICATE"
BLD25-2420,Issued,"Building Permit No Plan Check",4/29/2025,04/29/2025,"8996 Graton Rd Graton [GRA]",130-145-010,$545.98,$0.00,"Remove and dispose of existing composition shingle roof on commercial building. New roof material is GAF Timberline HDZ U.L. Class A architectural laminate fiberglass comp shingle roof."
BLD25-2423,Issued,"Building Permit No Plan Check",4/29/2025,04/29/2025,"5701 Carriage Ln Windsor [WIN]",039-340-006,$536.88,$0.00,"RE-ROOF 24 SQURS WITH THE 30 YR CLASS A FIBERGLASS SHINGLES. IM SELF CERTIFICATION."
BLD25-2424,Issued,"Building Permit No Plan Check",4/29/2025,04/29/2025,"3840 Muniz Ranch Rd Jenner [JEN]",099-020-055,$539.15,$0.00,"Remove and dispose of existing composition shingle roof on single-family dwelling. New roof material is GAF Timberline HDZ U.L. Class A architectural laminate fiberglass comp shingle roof."
BLD25-2426,Issued,"Building Permit No Plan Check",4/29/2025,04/29/2025,"20221 Alder Rd Monte Rio [MRO]",095-222-009,$539.36,$0.00,"SFD. Tear off and reroof 40 squares using class ""A"" composition shingles over roofing felt. SELF CERT."
BLD25-2428,Issued,"Building Permit No Plan Check",4/29/2025,04/29/2025,"625 Warm Springs Rd Kenwood [KEN]",050-180-006,$539.17,$0.00,"Tear off existing composition shingles. Apply 30yr GAF HDZ class A composition shingles with a #30lbs underlayment felt. Clean and haul away all roofing debris. Self cert 20 square feet"
BLD25-2429,Issued,"Building Permit No Plan Check",4/29/2025,04/29/2025,"4960 Vine Hill Rd Graton [GRA]",078-060-031,$541.77,$0.00,"4960 Vine hill rd> Tear off and re-roof with malarkey 'legacy' for 36 squares . SFD Self-Cert"
BLD25-2430,Issued,"Building Permit No Plan Check",4/29/2025,04/29/2025,"4815 Occidental Rd Santa Rosa [SRO]",130-223-106,$363.62,$0.00,"Remove existing 200amp meter main panel and install new 200amp meter main panel"
BLD25-2431,Issued,"Building Permit No Plan Check",4/29/2025,05/01/2025,"3993 Mountain Home Ranch Rd Mark West Springs [MWS]",120-160-020,$363.62,$0.00,"SFD, Install (N) Outdoor Condenser"
BLD25-2433,Issued,"Building Permit No Plan Check",4/29/2025,04/29/2025,"1000 Corona Rd Penngrove [PEN]",137-080-052,$536.75,$0.00,"Tear off existing roof material down to sheeting and haul away all related debris. Up to 2 layers. Clean all nails, flashing and old connections over roof area. Fix, repair and replace base layer wood damage, as needed (extra charge of $4.50 per 1 sq ft after 10% of roof area repaired). Remove existing roof jacks, pipes, and metal flashing and haul away. Install new valley natal, if needed. Provide and install new roof jacks, pipes and metal flashing as needed. Install new vents and flashing around roof. Install winter guard on all penetration and valley areas. Install 2x2 edge metal trim to the perimeter. Install ohagin on existing penetrations or install new if needed. Prime and paint all new sheet metal to blend with roof color. Provide and install new underlayment, synthetic paper 100% waterproof (Buster synthetic underlayment). Provide and install standard asphalt composition shingles. Color to be selected by customer (GAF HDZ RS Shingles). Provide and install hips and ridge shingles, as needed. Provide and install starter layer over all roof edges, as needed. Apply caulking around all roof jack and pipes, as needed. Clean and haul away all job related debris."
BLD25-2435,Issued,"Building Permit No Plan Check",4/29/2025,04/29/2025,"1470 Heaven Hill Rd Glen Ellen [GLE]",133-070-006,$363.62,$0.00,"Replace Burnt up Zinsco main panel"
BLD25-2437,Issued,"Building Permit No Plan Check",4/29/2025,04/29/2025,"8398 Bodega Hwy Twin Hills [TWI]",077-160-001,$537.44,$0.00,"self certification/ sfd/ white house/ 8398 Bodega Ave./ remove existing composition shingle roof/ Install new 40yr. composition shingle roof/ Install 2 layers of torch-down roofing on small flat roof/ 23 squares total/ class A"
BLD25-2448,Issued,"Building Permit No Plan Check",4/30/2025,04/30/2025,"155 Avenida Barbera Sonoma [SON]",142-221-013,$391.99,$0.00,"Tear off pitched roof only on main house, approx 1,000 sq ft. Install new 30lb felt paper underlayment and shingle with new 30 year high definition type 1 architectural asphalt shingles, approx 1,000 sq ft"
BLD25-2450,"Awaiting Applicant Response","Building Permit No Plan Check",4/30/2025,,"6055 Hyland Way Penngrove [PEN]",136-260-021,$0.00,$0.00,"SFD, Install 50A Circuit & Breaker in Garage Subpanel, Run 20 FT of Conduit and Wire from Garage Subpanel Along Wall"
BLD25-2451,Issued,"Building Permit No Plan Check",4/30/2025,04/30/2025,"2711 Mark West Station Rd B Windsor [WIN]",066-270-022,$537.40,$0.00,"tear off and re-roof of existing home on the property."
BLD25-2452,"Application Accepted/In Review","Building Permit No Plan Check",4/30/2025,,"2711 Mark West Station Rd B Windsor [WIN]",066-270-022,$0.00,$0.00,"SFD, Replace Dry Rot T1-11 Siding like for like & Add Z Flashing at Butt Joints (VBU25-0024) *Does not address VBU25-0024 (Substandard Building/Premises), additional permits required."
BLD25-2453,Issued,"Building Permit No Plan Check",4/30/2025,04/30/2025,"129 McBrown Rd Petaluma [PET]",113-030-049,$539.44,$0.00,"tear off re roof 38 squares using class A comp shingles to main house, and 13 squares using class A comp shingles to back house SELF CERTIFICATE"
BLD25-2454,Issued,"Building Permit No Plan Check",4/30/2025,05/01/2025,"6302 Melita Rd Kenwood [KEN]",031-040-006,$363.62,$0.00,"SFD, Replace all horizontal drain lines under the house using ABS. Main drain line will be replaced using 3"" ABS. Secondary lines will be replaced using 2"" ABS. Total amount of drain lines to be replaced is approx. 80'"
BLD25-2456,Issued,"Building Permit No Plan Check",4/30/2025,05/01/2025,"84 Sea Pine Reach Sea Ranch [SEA]",156-290-007,$363.62,$0.00,"SFD, Replace Main Panel 200A, Replace Subpanel 100A (Like for Like), & Install 40A Dedicated Circuit for Tesla EV Charger in Garage"
BLD25-2457,Issued,"Building Permit No Plan Check",4/30/2025,04/30/2025,"276 Fairview Ct Petaluma [PET]",020-020-064,$539.31,$0.00,"3450 sqft reroof asphalt shingles to asphalt shingles"
BLD25-2462,Issued,"Building Permit No Plan Check",4/30/2025,04/30/2025,"725 Chiquita Rd Healdsburg [HEA]",091-060-024,$540.21,$0.00,"T/O 31 SQ COMP SHINGLE; RE-ROOF WITH CLASS A RATED COMP SHINGLE; INSTALL 10 SQ APP TORCH DOWN AT LOW SLOPE ROOF AREA; SFD; SELF CERT."
BLD25-2463,Started,"Building Permit No Plan Check",4/30/2025,,"5790 Cuneo Ct Graton [GRA]",078-110-011,$0.00,$0.00,"Permanently decommission bedroom in existing property"
BLD25-2465,Issued,"Building Permit No Plan Check",4/30/2025,04/30/2025,"8880 Brown Ave Kenwood [KEN]",050-175-008,$539.44,$0.00,"remove and replace existing roof with class a composition shingle"
BLD25-2466,Issued,"Building Permit No Plan Check",4/30/2025,04/30/2025,"960 Maacama Ln Geyserville [GEY]",132-070-024,$363.62,$0.00,"Upgrade existing overhead electrical service from 200A to underground service with two meters; one 320A and one 125A. 125A to serve existing SFD (to be classified as Farmworker Dwelling under ZPE25-0020). 320A service for future SFD (primary dwelling). Please also provide a new unique street address for the future primary dwelling. Farmworker Dwelling will remain as 960 Manama Lane."
BLD25-2467,Issued,"Building Permit No Plan Check",4/30/2025,04/30/2025,"22910 Conifer Dr Monte Rio [MRO]",096-211-008,$363.62,$0.00,"Replace 100amp Zinsco electrical meter main with 200amp electrical meter main."
BLD25-2468,Started,"Building Permit No Plan Check",4/30/2025,,"5105 Old Redwood Hwy 99 Windsor [WIN]",039-420-046,$0.00,$0.00,"Add laundry room to closet area"
BLD25-2469,Issued,"Building Permit No Plan Check",4/30/2025,04/30/2025,"4723 E Soda Rock Ln Geyserville [GEY]",131-210-006,$537.06,$0.00,"SFD; 23sqs; Self Certified contractor; Remove existing roof. Install with new Lifetime Class A composition shingles."
BLD25-2470,Issued,"Building Permit No Plan Check",4/30/2025,04/30/2025,"750 Jonive Rd Twin Hills [TWI]",073-100-042,$363.62,$0.00,"Demo Existing Kitchen Install New kitchen east wall intsall propane tank. McFail Install water Heater Lowes"
BLD25-1760,Check,"Building Permit With Plan Check",4/1/2025,,"801 Hurlbut Ave Graton [GRA]",060-281-052,$2412.93,,"SFD - In-kind repairs to fire damage including roof/wall/floor assembly and in- kind MEP repairs Casey-Nielson Resi Fire Repairs - 801 Hurlbut Ave. In-kind repairs to existing SFR due to fire damage to include roof/wall/floor assembly with in-kind MEP repairs."
BLD25-1762,Check,"Building Permit With Plan Check",4/1/2025,,"8530 Lawrence Ln Twin Hills [TWI]",076-050-041,$1018.04,,"SFD Foundation Repair using 9 Push Piers"
BLD25-1763,"Awaiting Applicant Response","Building Permit With Plan Check",4/1/2025,,"1205 Chauvet Rd Glen Ellen [GLE]",054-360-001,$0.00,$0.00,"EVT17-03959 New Retaining Wall , 6FT using county standard plan"
BLD25-1764,"Awaiting Applicant Response","Building Permit With Plan Check",4/1/2025,,"286 Somerville Rd Kenwood [KEN]",031-030-070,$0.00,$0.00,"EVT20-00314 Rebuild SFD 1815(SF), 1-story, 2bd/2ba 2020 Glass Fire A new 1800 sq ft residence, 1-story, 2-bedroom, 2-bath, with a 400 sq ft 1- bedrm ADU, and two 400 sq ft garages. 2020 Glass Fire"
BLD25-1767,Finaled,"Building Permit With Plan Check",4/1/2025,04/01/2025,"21282 BURNDALE RD Sonoma [SON]",126-061-034,$381.57,,"To Complete BLD11-1752. NEW 2ND UNIT W/GARAGE / PORCH 9-5-2012 ELEC FOR GATE"
BLD25-1768,,"Plan Check",4/1/2025,,"346 Niblick Way Windsor [WIN]",039-070-004,$1514.76,,"We are converting an Existing Shop into a Guest House. We are adding 72 square feet of Bathroom. The heat and AC will be a ductless unit."
BLD25-1772,Check,"Building Permit With Plan Check",4/1/2025,,"6011 W Dry Creek Rd Geyserville [GEY]",090-030-051,$3222.79,,"SFD Remodel & Addition (747 SF), Convert Storage/Laundry to Living Space (289 SF), New Patio/Stairs (301 SF)"
BLD25-1773,"Pre- Due","Building Permit With Plan Check",4/1/2025,,"7841 Mirabel Rd Forestville [FOR]",083-160-055,$975.19,,"DECOMISSION BEDROOM/CONVERT TO OFFICE (SEE ADU PERMIT BLD25-1508)"
BLD25-1777,,"Plan Check",4/1/2025,,"20706 Hwy 1 Timber Cove [TIM]",109-090-037,$1063.68,,"Fort Ross Lodge: Remodel unit 16, 320sf due to fire damage Repair fire damage at 3 rooms of existing 4 room motel building this is a 1440 sf single story wood framed building well spaced from other buildings on the site"
BLD25-1778,"Awaiting Applicant Response","Building Permit With Plan Check",4/1/2025,,"3077 Porter Creek Rd Mark West Springs [MWS]",079-020-026,$0.00,$0.00,"RESIDENTIAL PV SOLAR INSTALLATION, GROUND MOUNT, GRID TIED, ESS BATTERY WITH BACKUP - EXISTING WHOLE HOME BACKUP PANEL. SYSTEM SIZE 13.44 kW (DC STC)"
BLD25-1779,Issued,"Building Permit With Plan Check",4/1/2025,04/04/2025,"1501 Leslie Rd Windsor [WIN]",079-200-008,$624.18,,"SFD, Roof Mount Solar Install 7.74kW with (N) ESS"
BLD25-1782,Issued,"Building Permit With Plan Check",4/1/2025,04/29/2025,"199 Solstice Sea Ranch [SEA]",156-510-014,$464.92,,"Installation of a back up generator for the residence"
BLD25-1784,Issued,"Building Permit With Plan Check",4/1/2025,04/03/2025,"35021 Crows Nest Dr Sea Ranch [SEA]",155-340-016,$624.18,,"SFD, Roof Mount Solar Install 6.8kW with Battery Backup & Replace 200A Main Panel Like for Like"
BLD25-1787,Issued,"Building Permit With Plan Check",4/2/2025,04/07/2025,"6750 Burnside Rd Twin Hills [TWI]",025-100-032,$624.18,,"Roof Mount Solar Install 11.96kW on SFD & Det'd Garage, ESS 30kWh, & Replace Main Panel 200A like for like"
BLD25-1794,Check,"Building Permit With Plan Check",4/2/2025,,"216 De Chene Ave Agua Caliente [AGU]",056-201-021,$481.62,,"New Prefab Restroom Building (116 SF) at Larsen Park - Part of Large Public Improvement"
BLD25-1803,"Resubmittal Requested","Building Permit With Plan Check",4/2/2025,,"216 De Chene Ave Agua Caliente [AGU]",056-201-021,$3785.10,,"Construction of new playground with school age and tot lot play equipment and resilient poured in place surfacing."
BLD25-1803,"Resubmittal Requested","Building Permit With Plan Check",4/2/2025,,"216 De Chene Ave Agua Caliente [AGU]",056-201-021,$3785.10,,"Construction of new playground with school age and tot lot play equipment and resilient poured in place surfacing."
BLD25-1808,"Awaiting Applicant Response","Building Permit With Plan Check",4/2/2025,,"182 Central Ave Agua Caliente [AGU]",056-388-014,$0.00,$0.00,"PV Roof Mount 7.14KW 17 Panels, 1 (N) Battery 13.6 KWH, 1 (N) 125A Sub Panel"
BLD25-1813,Check,"Building Permit With Plan Check",4/3/2025,,"216 De Chene Ave Agua Caliente [AGU]",056-201-021,$8555.32,,"This project is for site improvements to Larson Park which includes electrical upgrades, clearing and grubbing, minor earthwork, erosion control, paving, drainage, landscaping and irrigation. Additional permit applications have been submitted for the restroom and other structures, including fencing."
BLD25-1819,Issued,"Building Permit With Plan Check",4/3/2025,04/21/2025,"185 Central Ave Agua Caliente [AGU]",056-387-010,$624.18,,"(N) SFD - Roof Mounted 7.14kW PV System w/ 13.6kWh ESS, and 125A Sub Panel"
BLD25-1821,Check,"Building Permit With Plan Check",4/3/2025,,"4950 Carriage Ln Windsor [WIN]",039-220-006,$1039.66,,"Install a HUD Manufactured Home approved by California Dept. of Housing & Community Development (DHCD) on a permanent foundation, also approved by DHCD as part of a fire rebuild (Tubbs Fire)."
BLD25-1828,"Awaiting Applicant Response","Building Permit With Plan Check",4/3/2025,,"10885 Oak Ave Forestville [FOR]",081-051-004,$0.00,$0.00,"NEW COUNTY-STANDARD (BPC-016) RETAINING WALLS TO SUPPORT EXISTING UNSUPPORTED CUT SLOPE."
BLD25-1830,Issued,"Building Permit With Plan Check",4/3/2025,04/09/2025,"21144 Pelican Loop Bodega Bay [BBY]",100-450-044,$684.18,,"(N) SFD - Roof Mounted 18.48kW PV System w/ 40kWh ESS FULFILLS TITLE 24 SOLAR REQUIREMENTS FOR BLD21-8044. INSTALL A 44-PANEL (18.48 KW) SOLAR SYSTEM THAT INCLUDES A 40 KWH BACK-UP BATTERY. TIE INTO A 400A MAIN SERVICE PANEL. THE SYSTEM WILL BACK-UP TWO SPAN.IO PANELS (BY OTHERS) WHICH INVOLVES A 3RD PARTY ATS (BY OTHERS)."
BLD25-1831,Check,"Building Permit With Plan Check",4/3/2025,,"910 Hurlbut Ave Graton [GRA]",060-261-014,$1799.42,,"(E) storage shed replacement with new Garage 1047 SF"
BLD25-1836,Check,"Building Permit With Plan Check",4/3/2025,,"19038 Orange Ave Agua Caliente [AGU]",052-311-017,$771.08,,"REMODEL KITCHEN AND DINING ROOMS - 550 SQ FT"
BLD25-1837,,"Plan Check",4/4/2025,,"9512 W Dry Creek Rd Geyserville [GEY]",139-140-035,$2232.68,,"Residential: Install a new in ground swimming pool and spa"
BLD25-1840,Issued,"Building Permit With Plan Check",4/4/2025,04/11/2025,"16770 Mission Way Glen Ellen [GLE]",056-562-008,$1519.99,,"Renew to complete BLD10-4405 detached garage storage 2280 SF: RENEW @ 85% Only foundation complete"
BLD25-1845,"Resubmittal Requested","Building Permit With Plan Check",4/4/2025,,"5750 Stage Gulch Rd Sonoma [SON]",142-042-024,$1736.86,,"*EFR* T-Mobile Cell Site Modification (827732/670169) - Tower scope: Remove (6) antennas, (3) tower mounted amplifiers (TMAs), and associated cabling. Relocate (6) remote radio units (RRUs). Install (6) antennas, (3) RRUs, and associated cabling. No increase to height of tower. Ground scope: Remove (6) RRUs and (2) enclosures. Relocate (2) cabinets. Install (2) cabinets. No changes to footprint of existing ground lease space."
BLD25-1854,Finaled,"Building Permit With Plan Check",4/4/2025,04/08/2025,"4770 Hidden Oaks Rd Bennett Valley [BEN]",049-390-062,$464.92,,"SFD, Install (N) Battery backup 13.5kWh"
BLD25-1856,Issued,"Building Permit With Plan Check",4/4/2025,04/25/2025,"17500 Tera Holland Ln Geyserville [GEY]",091-081-067,$2866.29,,"DETACHED OFFICE: ADDITION TO EXISTING BATHROOM (74 SF) AND RETROFIT OF EXISTING TRUSS. PRESERVE USE BY ACCESSING BATH WITH SHOWER EXCLUSIVELY FROM THE EXTERIOR."
BLD25-1857,Issued,"Building Permit With Plan Check",4/4/2025,04/09/2025,"830 Donald St Agua Caliente [AGU]",127-091-015,$624.18,,"SFD, Roof Mount Solar Panel Install - (8) 3.24kWDC Modules, (1) 5KWH Battery TOU, (N) Subpanel 40/125A"
BLD25-1859,"Awaiting Applicant Response","Building Permit With Plan Check",4/4/2025,,"9285 Champs De Elysses Forestville [FOR]",082-081-046,$0.00,$0.00,"• Replace front entry deck and exterior stairs. • Add translucent roof covering over entry deck and exterior stairs. • Reroof existing house with asphalt shingles, repairing damaged sheathing. • Add roof insulation to existing house."
BLD25-1860,"Awaiting Applicant Response","Building Permit With Plan Check",4/4/2025,,"1824 Bay Flat Rd Bodega Bay [BBY]",100-040-017,$0.00,,"(N) Installation Type 1 Commercial Kitchen Hood installation complete with ducting and fans. Anello Family Crab & Seafood Restaurant (Correct address is 1820-a Westshore Rd, Bodega Bay, CA 94923)"
BLD25-1861,Check,"Building Permit With Plan Check",4/4/2025,,"211 Knoll Haven Dr Graton [GRA]",060-303-081,$390.67,,"Replace decking and railing on existing deck"
BLD25-1863,Issued,"Building Permit With Plan Check",4/5/2025,04/10/2025,"16107 Arnold Dr Glen Ellen [GLE]",133-090-017,$669.18,,"SFD INSTALL A 42-PANEL 18.06 KW ROOFTOP SOLAR SYSTEM. INSTALL 30 KWH BATTERY SYSTEM. THIS SYSTEM WILL PROVIDE EMERGENCY BACKUP POWER TO SELECT LOADS, INCLUDING KITCHEN APPLIANCES, HEAT PUMP, FURNACE, SEPTIC PUMP, WIFI, TV, AND VARIOUS LIGHTS AND OUTLETS. ALL TRENCHING, SUBPANELS, AND LOAD RELOCATION BY OTHERS (SCHAFER ELECTRIC BLD25-0943). SOLAR REQUIRED PER BLD24-2579."
BLD25-1865,Issued,"Building Permit With Plan Check",4/5/2025,05/01/2025,"14641 Old Cazadero Rd Guerneville [GUE]",072-070-060,$3815.25,,"EVT24-00114 (E) repair deck 282 SQ FT, porch & patio 220 SQ FT We are REQUESTING EMERGENCY REVEIW/EXPRESS MEETING due to the fact we had a group of 4 of the neighbors redwood trees fall on the structure and cause extensive damage to the existing deck, patio, and attached patio cover. The county has issued a RESTRICTED USE placard on the property that warns NO OCCUPANCY UNSAFE CONDITIONS. The homeowner is anxious to be able to move back into her home. We have had MKM and associates come out to detail the work that is needed to repair the property. They have provided plans to repair all that is damaged."
BLD25-1866,"Awaiting Applicant Response","Building Permit With Plan Check",4/5/2025,,"2415 E Washington St Penngrove [PEN]",136-070-045,$0.00,$0.00,"NEW TOILET BUILDINGS FOR USE DURING SPECIAL EVENTS ONLY FOR A TOTAL OF 1,139 SF. THESE TOILET BUILDINGS ARE REPLACING THE USE OF PORTABLE TOILETS THAT ARE RENTED FOR THE EVENT. SEPARATE UNISEX, ACCESSIBLE COMPANION TOILETS ARE PROVIDED IN EACH TOILET BLOCK."
BLD25-1867,Check,"Building Permit With Plan Check",4/6/2025,,"8563 Tarwater Rd Rincon Valley [RIN]",028-170-030,$1000.38,,"EVT20-00609 Rebuild SFD 440(sf), Deck 165(sf) 2020 Glass Fire 2020 Glass Fire Rebuild Proposed project involves the construction of a 440-square-foot house as part of the rebuilding efforts following the 2020 Glass Fire. This structure will serve as a permanent residence, designed with fire-resistant materials and sustainable building practices to enhance resilience and support long-term recovery on the property."
BLD25-1869,"Resubmittal Received","Building Permit With Plan Check",4/7/2025,,"840 Shiloh Oaks Windsor [WIN]",079-250-021,$2213.75,,"New gunite pool and spa with automatic safety cover"
BLD25-1873,Issued,"Building Permit With Plan Check",4/7/2025,04/18/2025,"38249 Green Vale Close Sea Ranch [SEA]",156-130-017,$624.18,,"SFD, Roof Mount Solar Panel Install 6.48kW, Battery storage 5.3kWh"
BLD25-1876,Check,"Building Permit With Plan Check",4/7/2025,,"21791 Hwy 116 Monte Rio [MRO]",094-055-008,$395.63,,"**CE**Decommission 3rd bedroom in order to comply with the approved 2- bedroom septic repair permit SEP07-0056. Thank you."
BLD25-1878,Check,"Building Permit With Plan Check",4/7/2025,,"13504 Riverside Dr Forestville [FOR]",085-060-012,$3918.38,,"THE PROJECT CONSISTS OF THE REPLACEMENT OF THE FOUNDATION OF AN EXISTING BUILDING, THE REBUILD OF THE STORAGE ROOM AND THE ACCESSIBLE UPGRADE OF THE BUILDING ACCESS WITH 2 RAMPS AND STAIRS AS WELL AS THE ACCESSIBLE UPGRADE OF THE EXISTING RESTROOMS."
BLD25-1885,Check,"Building Permit With Plan Check",4/7/2025,,"4583 Belmont Ct Sonoma [SON]",064-020-001,$1766.53,,"Convert Portion of Det'd Garage to ADU (430 SF)"
BLD25-1889,Check,"Building Permit With Plan Check",4/7/2025,,"19299 Hidden Valley Rd Guerneville [GUE]",072-050-035,$577.93,,"SFD, 15 Square re-roofing, re-sheathing and reframing of awnings and damaged eaves, WUI cladding of exposed framing soffits."
BLD25-1890,"Resubmittal Received","Building Permit With Plan Check",4/7/2025,,"1751 Paradise Ln Santa Rosa [SRO]",034-091-012,$1538.18,,"Res, New Pool, inground $51,000.00"
BLD25-1895,Issued,"Building Permit With Plan Check",4/7/2025,04/15/2025,"6666 Harvard Dr Twin Hills [TWI]",063-191-016,$629.01,,"(E) SFD Bathroom Remodel (58 SF)"
BLD25-1896,Check,"Building Permit With Plan Check",4/7/2025,,"1189 Lawndale Rd Kenwood [KEN]",050-091-012,$1767.25,,"Replace Covered Outdoor Kitchen (551 SF) & Retaining Walls - Install (N) Appliances, Sink, Finishes"
BLD25-1898,Issued,"Building Permit With Plan Check",4/8/2025,05/01/2025,"15701 Hwy 12 Glen Ellen [GLE]",056-601-035,$5008.41,,"Res, New Pool with auto cover, $100,000"
BLD25-1899,Issued,"Building Permit With Plan Check",4/8/2025,04/10/2025,"2128 Marsh Rd Santa Rosa [SRO]",036-036-005,$624.18,,"ROOF MOUNT INSTALLATION OF 7.36 KW DC PHOTOVOLTAIC SYSTEM WITH 1, 13.5 KWH (13.5 KWH) HOME BACKUP BATTERY"
BLD25-1907,Check,"Building Permit With Plan Check",4/8/2025,,"4851 Muniz Ranch Rd Fort Ross [FTR]",107-190-037,$2085.10,,"THIS PROJECT IS THE NEW CONSTRUCTION OF AN ACCESSORY STRUCTURE POOL HOUSE, WITH ROOF TOP PV SOLAR PANEL ARRAY AND NEW IN GROUND POOL. THE MAIN RESIDENCE IS CURRENTLY UNDER CONSTRUCTION, PERMIT #BLD22-6456"
BLD25-1913,"Awaiting Applicant Response","Building Permit With Plan Check",4/8/2025,,"3186 Ross Rd Graton [GRA]",130-144-008,$0.00,$0.00,"new permit for 16' x 8' covered porch to be added to 3186 ross rd Graton ca 95444"
BLD25-1914,,"Plan Check",4/8/2025,,"2051 Laughlin Rd Santa Rosa [SRO]",059-180-020,$884.00,,"REPLACE (E) 100A METER PANEL WITH (N) 200A METER PANEL for unmanned telecom site"
BLD25-1916,Check,"Building Permit With Plan Check",4/8/2025,,"1295 Jonive Rd Twin Hills [TWI]",080-130-009,$815.41,,"Residential: 25.2 Ground Mounted PV Solar and 30 kWh Battery Storage Installation"
BLD25-1921,"Resubmittal Requested","Building Permit With Plan Check",4/8/2025,,"6601 Sonoma Mountain Rd Glen Ellen [GLE]",055-080-014,$1387.60,,"Res, New Pool and spa, inground $40k, 15' W X 27' L, 3' TO 6' DEPTH"
BLD25-1928,Issued,"Building Permit With Plan Check",4/8/2025,04/11/2025,"3155 Mueller Rd Graton [GRA]",130-130-018,$624.18,,"Residential Roof Mount Solar Install 5.88kW on Det'd Garage with Battery Backup 27kWh"
BLD25-1938,Check,"Building Permit With Plan Check",4/9/2025,,"16750 Meadow Oaks Dr Glen Ellen [GLE]",056-062-008,$4605.59,,"(N) SFD. (3027 SF) garage (507 SF)"
BLD25-1947,Check,"Building Permit With Plan Check",4/9/2025,,"6590 Ware Hill Rd Bennett Valley [BEN]",049-071-041,$765.74,,"Residential: Construction of a 600 sq. ft. carport"
BLD25-1950,"Awaiting Applicant Response","Building Permit With Plan Check",4/9/2025,,"1205 Mark West Springs Rd Mark West Springs [MWS] EVT17-05047 Rebuild SFD 1224(sf), Deck 228(sf), PV System w/ ESS",067-121-021,$0.00,$0.00,"2017 Sonoma Complex Fire Complete Red New construction of a detached 1280 sf raised foundation single family home."
BLD25-1962,Started,"Building Permit With Plan Check",4/9/2025,,"999 Accela Way",999-999-999,$0.00,,"Brian Lott Test Permit"
BLD25-1963,"Resubmittal Requested","Building Permit With Plan Check",4/9/2025,,"875 Oak Springs Ln Penngrove [PEN]",045-271-027,$2090.48,,"EVT17-05278 Swimming pool for home BLD24-0448"
BLD25-1964,"Awaiting Applicant Response","Building Permit With Plan Check",4/9/2025,,"4280 Lakeside Dr Glen Ellen [GLE]",054-200-036,$0.00,$0.00,"Interior Remodel"
BLD25-1965,Issued,"Building Permit With Plan Check",4/9/2025,04/23/2025,"2560 Meier Rd Sebastopol [SEB]",063-150-027,$5693.77,,"New gunite swimming pool with automatic safety cover"
BLD25-1966,Issued,"Building Permit With Plan Check",4/10/2025,04/18/2025,"14451 Western Ave Forestville [FOR]",071-023-008,$464.92,,"New 13.5 kwh energy storage system installed on existing single family dwelling. 1x Tesla Powerwall, 1x Tesla Backup Gateway and associated hardware."
BLD25-1967,Issued,"Building Permit With Plan Check",4/10/2025,04/15/2025,"5050 Hall Rd Santa Rosa [SRO]",130-372-005,$669.18,,"SFD, Roof Mount Solar Panel Install 18.4 kW, ESS 40 kWh"
BLD25-1968,Issued,"Building Permit With Plan Check",4/10/2025,04/21/2025,"14695 Orchard Ln Forestville [FOR]",071-021-016,$464.92,,"SFD, New ESS 13.5 kWh, 1x Tesla Powerwall, 1x Tesla Backup Gateway and associated hardware."
BLD25-1970,Issued,"Building Permit With Plan Check",4/10/2025,04/14/2025,"27 Vallejo Ave Agua Caliente [AGU]",056-415-007,$624.18,,"SFD, Roof Mount Solar Panel Install, 3.65kW, 9 module, (1) Enphase Battery (240V, 5kWh) / (N) 200A Enphase System Controller / (N) 125A Backup Load Panel / Existing System"
BLD25-1972,"Resubmittal Received","Building Permit With Plan Check",4/10/2025,,"18565 Willow Creek Rd Occidental [OCC]",074-180-096,$2300.38,,"New Detached Recreation Room (920SF) with attached Decks (1900SF) and retaining wall"
BLD25-1975,Issued,"Building Permit With Plan Check",4/10/2025,04/14/2025,"4964 W Soda Rock Ln Healdsburg [HEA]",088-050-018,$684.18,,"SFD, Roof Mount Solar Panel Install 18.86kW, Battery Storage system 67.5kWh. Interconnection at existing electrical service."
BLD25-1977,Check,"Building Permit With Plan Check",4/10/2025,,"1085 Apollo Way Twin Hills [TWI]",060-262-044,$1713.46,,"Res, New Pool, inground with auto cover and heater, door alarms on pool facing doors. $75,000.00"
BLD25-1979,Issued,"Building Permit With Plan Check",4/10/2025,04/15/2025,"8822 Barnett Valley Rd Twin Hills [TWI]",076-110-035,$281.15,,"SFD, Seismic retrofit as per Standard Plan A"
BLD25-1980,"Resubmittal Received","Building Permit With Plan Check",4/10/2025,,"401 Ronsheimer Rd Penngrove [PEN]",047-310-050,$782.17,,"New in ground gunite swimming pool only Stock Plan STK24-0007 Cost of pool $65,000 All excavated spoils to be transported to legal site or to the county disposal site No Grading or Drainage required Grading Question form attached"
BLD25-1981,Issued,"Building Permit With Plan Check",4/10/2025,04/14/2025,"3665 Green Hill Dr Bennett Valley [BEN]",049-350-030,$624.18,,"SFD, Roof Mount Solar Panel Install 15.05kW. ESS 13.5kWh"
BLD25-1983,"Resubmittal Requested","Building Permit With Plan Check",4/10/2025,,"1250 Lovall Valley Rd Sonoma [SON]",127-181-014,$1508.29,,"**APPROVED FOR THIRD PARTY REVIEW** 532 sf REMODEL OF (E) RES, addition of 390 sf cv'd porch, 62 sf deck"
BLD25-1985,Check,"Building Permit With Plan Check",4/10/2025,,"16035 Brookdale Dr Guerneville [GUE]",069-220-011,$1976.45,,"ADDITION (470 SQ FT) TO PRIMARY SFD, ADDING BEDROOM, BATH, CLOSET AND LAUNDRY ROOM -The construction of an addition, adding a primary bedroom, bath, walk-in closet and laundry room -Adding wall to create bedroom 2"
BLD25-1986,"Resubmittal Received","Building Permit With Plan Check",4/10/2025,,"55 Wild Iris Sea Ranch [SEA]",156-620-006,$0.00,,"Res, Roof Mount Solar Panel Install 12.75kW, 30 panel, Backup battery system 30kwh located on studio"
BLD25-1987,Issued,"Building Permit With Plan Check",4/10/2025,04/15/2025,"3950 I St Petaluma [PET]",019-260-009,$624.18,,"Detached garage-serving the SFD, Roof Mount Solar Panel Install 11kW, ESS 108kWh"
BLD25-1988,Issued,"Building Permit With Plan Check",4/10/2025,04/23/2025,"152 Hop Ranch Rd Windsor [WIN]",058-341-005,$464.92,,"SFD, (1) 13.5KWh ESS"
BLD25-1990,"Plan Check Approved","Building Permit With Plan Check",4/11/2025,,"13463 Mound Ave Glen Ellen [GLE]",054-270-021,$2483.32,,"New In Ground Gunite Swimming Pool & Spa Cost of construction $136,000 All excavated spoils to be transported to legal site or to the county disposal site. No grading or drainage required Included is the Grading Question Form"
BLD25-1992,Issued,"Building Permit With Plan Check",4/11/2025,04/25/2025,"18684 White Oak Dr Sonoma [SON]",064-190-002,$464.92,,"SFD Install ESS - (N) Tesla Powerwall 11.5kW, (N) Tesla Bus #1624171-XX- Y, (N) 125A Load Center, & (N) 60A AC Disconnect"
BLD25-1994,Issued,"Building Permit With Plan Check",4/11/2025,04/24/2025,"804 Corona Rd Penngrove [PEN]",137-070-064,$2286.35,,"SFD, Foundation Repair -Underpinning Installation of 13 piles"
BLD25-1997,Issued,"Building Permit With Plan Check",4/11/2025,04/14/2025,"11726 Canyon Dr Forestville [FOR]",085-132-045,$464.92,,"New 13.5 kWh Energy Storage System on existing single family dwelling"
BLD25-1998,Issued,"Building Permit With Plan Check",4/11/2025,04/17/2025,"26465 Dutcher Creek Rd Cloverdale [CLO]",117-010-030,$464.92,,"SFD Install new 30kWh energy storage system expansion."
BLD25-1999,"Awaiting Applicant Response","Building Permit With Plan Check",4/11/2025,,"4088 Porter Creek Rd Mark West Springs [MWS]",028-070-015,$0.00,$0.00,"EVT17-01965 Rebuild Village 7 Cabin 4200 (SF??) 2017 Sonoma Complex Fire *EXPEDITE PERMIT FIRE REBUILD* This is the fire rebuild of camper cabin located at Village 7 destroyed by the Tubbs Complex Fire. Building V7 Cabin is a 2-story building with 10 single rooms with individual bathrooms (5 per floor) - R2 occupancy classification. Total size/sq. ft. net footprint does not exceed what was there prior to fires except less rooms are present due to current code/ADA requirements."
BLD25-2001,Issued,"Building Permit With Plan Check",4/11/2025,04/29/2025,"1722 Barlow Ln Twin Hills [TWI]",061-040-062,$491.24,,"(E) SFD remodel bathroom 66 SQ FT and new tankless water heater"
BLD25-2002,Issued,"Building Permit With Plan Check",4/11/2025,04/23/2025,"9235 W Dry Creek Rd Geyserville [GEY]",139-140-025,$624.18,,"SFD 6.88 kW PV with 16 microinverters on residential roof with ESS batteries in detached carport"
BLD25-2003,Issued,"Building Permit With Plan Check",4/11/2025,04/14/2025,"573 Misty Ct Windsor [WIN]",039-430-005,$624.18,,"SFD, Roof Mount Solar Panel Install 5.16kW, ESS 15kWh"
BLD25-2005,Check,"Building Permit With Plan Check",4/11/2025,,"4181 Barnes Rd Santa Rosa [SRO]",059-090-038,$469.48,,"SFD, Ground Mount Solar Panel Install 10.32kW, ESS 13.5kWh"
BLD25-2009,Issued,"Building Permit With Plan Check",4/11/2025,04/17/2025,"1221 Eva Ave Bellevue [BEL]",035-162-010,$624.18,,"SFD INSTALL A 12.3 KW 30-PANEL SOLAR AND 15 KWH TIME OF USE BATTERY SYSTEM. REMOVE MSP BUSSING AND LOADS, RELOCATE TO (N) SUBPANEL. POINT OF CONNECTION FOR THE SYSTEM IS A LINE TAP BETWEEN THE MAIN SERVICE OCPD AND THE MAIN SUBPANEL. THIS IS NOT A BATTERY BACK-UP SYSTEM AND DOES NOT INCLUDE A GENERATOR."
BLD25-2010,Issued,"Building Permit With Plan Check",4/11/2025,04/22/2025,"4255 Cooks Ln Twin Hills [TWI]",062-021-038,$624.18,,"SFD 4.51 kW PV Solar and 15 kWh Battery Installation and new EV charger"
BLD25-2011,"Pre- Due","Building Permit With Plan Check",4/11/2025,,"18853 Orange Ave Agua Caliente [AGU]",052-252-025,$464.92,,"SCOPE OF WORK: [1] NEW TESLA POWERWALL 3 #1707000-XX-Y [240V, 11.5KW][SI1-SB] [1] NEW TESLA BACKUP GATEWAY 3 #1841000-XX-Y [CRD PCS NON- EXPORT] AND ASSOCIATED HARDWARE ON THE MAIN DWELLING UNIT."
BLD25-2012,Issued,"Building Permit With Plan Check",4/12/2025,04/17/2025,"10853 Hereford Dr Jenner [JEN]",099-131-054,$464.92,,"SFD Install 15 kWh energy storage system integrated with existing solar system. Install 125-amp sub panel. For SFD. Original solar permit BLD09-2600."
BLD25-2013,,"Plan Check",4/12/2025,,"20815 Pelican Loop Bodega Bay [BBY]",100-450-013,$853.11,,"SFD, Interior Remodel 606 sf SCOPE OF WORK NOTES: NO NEW SQUARE FOOTAGE ADDED TO BUILDING FOOT PRINT MAIN LEVEL: MASTER BATH REMOVE GREENHOUSE GLASS AND REPLACE WITH ROOF AND SKYLIGHTS NEW ROOF: 44 SQ FT INTERIOR REMODEL MASTER SUITE, MASTER BATH AND HALL 430 SQUARE FEET INCLUDING REPLACEMENT OF WOOD BURNING FIREPLACE WITH GAS FIREPLACE INTERIOR REMODEL GUEST BATH 70 SQUARE FEET. NEW INTERIOR PARTITION WALLS GYM NEW CLOSET DOORS GUEST BEDROOM AND GYM LOFT LEVEL: ADD TOILET SINK AND INTERIOR PARTITION WALLS TO EXISTING LOFT CLOSET"
BLD25-2020,"Awaiting Applicant Response","Building Permit With Plan Check",4/14/2025,,"520 Cleveland Ln B Petaluma [PET]",019-090-067,$0.00,$0.00,"Res, Install Generator - Generac Home Generator with Transfer Switch."
BLD25-2021,"Awaiting Applicant Response","Building Permit With Plan Check",4/14/2025,,"6608 Faught Rd Windsor [WIN]",079-190-023,$0.00,$0.00,"Remodel of Master Suite, Master Bath, W.I.C., and Family Room to an existing home. Remodel consists of moving existing interior walls and updating the electrical, as well as constructing a new concrete porch at Master Suite and a new Great Room tasting bar."
BLD25-2022,Issued,"Building Permit With Plan Check",4/14/2025,04/16/2025,"104 El Portola Dr Glen Ellen [GLE]",056-634-009,$624.18,,"SFD Addition of Roof Mount Solar PV System (8.8 kW) to an existing building service. Install a 21.6 kWH energy storage battery."
BLD25-2026,Issued,"Building Permit With Plan Check",4/14/2025,05/02/2025,"1488 Abramson Rd Santa Rosa [SRO]",034-101-055,$2688.08,,"1,224 sf garage - Remove and replace an existing garage with a new extension."
BLD25-2036,"Awaiting Applicant Response","Building Permit With Plan Check",4/14/2025,,"540 Denmark St Sonoma [SON]",128-111-019,$0.00,$0.00,"New Inground gunite pool/spa with auto cover. Valuation $89,180.00"
BLD25-2038,"Resubmittal Requested","Building Permit With Plan Check",4/14/2025,,"4019 Chico Ave Bellevue [BEL]",035-071-038,$1244.57,,"(N) Prefab Carport 540 SF"
BLD25-2039,Check,"Building Permit With Plan Check",4/14/2025,,"4019 Chico Ave Bellevue [BEL]",035-071-038,$1565.90,,"(N) Prefab Garage 1500 SF"
BLD25-2043,"Awaiting Applicant Response","Building Permit With Plan Check",4/14/2025,,"10710 Hereford Dr Jenner [JEN]",099-132-018,$0.00,$0.00,"(Need rev. plans, scope of work) Exterior deck, Interior Remodel"
BLD25-2049,"Resubmittal Requested","Building Permit With Plan Check",4/14/2025,,"196 Meadowlark Ln Sonoma [SON]",128-485-014,$0.00,,"Photovoltaic Roof Mount System. 10 Modules 4.100 kW DC, 3.250 kW AC"
BLD25-2050,Issued,"Building Permit With Plan Check",4/14/2025,05/01/2025,"1392 Mountain View Ave Petaluma [PET]",019-231-007,$2714.88,,"Replace foundation on SFD"
BLD25-2051,Check,"Building Permit With Plan Check",4/14/2025,,"9736 Green Valley Rd Graton [GRA]",104-040-027,$854.23,,"SFD Free-standing, open-aired gazebo; 342.5 SF roof area"
BLD25-2054,,"Plan Check",4/14/2025,,"9400 Chalk Hill Rd Windsor [WIN]",079-220-013,$893.76,,"Residential Remodel (465 SF) * Kitchen Remodel * Master Bathroom Remodel * Guest Bathroom Remodel * Lower Floor Bathroom Remodel"
BLD25-2058,"Awaiting Applicant Response","Building Permit With Plan Check",4/15/2025,,"11795 McPeak Rd Forestville [FOR]",081-010-001,$0.00,$0.00,"Construction of 51' X 13' STEEL BRIDGE"
BLD25-2059,"Resubmittal Requested","Building Permit With Plan Check",4/15/2025,,"190 Willowgreen Pl Windsor [WIN]",058-361-030,$0.00,,"PV Solar 6.48KW DC, 9.6KW AC, (16) MODULES, (1) 20KWh"
BLD25-2060,Issued,"Building Permit With Plan Check",4/15/2025,04/18/2025,"20065 River Blvd Monte Rio [MRO]",095-243-005,$1037.01,,"REQUEST FOR FOUNDATION REPAIR FOR UNIT #2"
BLD25-2061,"Resubmittal Requested","Building Permit With Plan Check",4/15/2025,,"7205 E Hurlbut Ave Graton [GRA]",060-281-063,$0.00,$0.00,"SFD, Install (N) Generator, Kohler 26kW"
BLD25-2064,Check,"Building Permit With Plan Check",4/15/2025,,"7400 Shiloh Ridge Rd Windsor [WIN]",079-260-012,$859.78,,"New metal Pavilion/terrace, 808SF and pickleball court"
BLD25-2070,Issued,"Building Permit With Plan Check",4/15/2025,04/28/2025,"2560 Lewis Dr Graton [GRA]",078-140-055,$3959.24,,"SFD, Interior remodel, New elec. plumbing, HVAC. Bathrooms and Kitchen remodel. insulation & drywall. Some interior partitions removed with some new partitions. Removing garage door and adding new garage door at adjacent wall. Re-roof with Class A Fiberglass shingles"
BLD25-2074,"Awaiting Applicant Response","Building Permit With Plan Check",4/15/2025,,"1030 Freestone Ranch Rd Twin Hills [TWI]",026-090-024,$0.00,$0.00,"Installation of manufactured car barn, using existing foundation with modification."
BLD25-2075,"Awaiting Applicant Response","Building Permit With Plan Check",4/15/2025,,"4187 Bayberry Dr Mark West Springs [MWS]",029-233-002,$0.00,$0.00,"EVT17-01227: Replacement SFD 3020 sf, Unconditioned lower level 1054 sf, Cov'd porches 504 sf lost in the 2017 fires"
BLD25-2076,Check,"Building Permit With Plan Check",4/15/2025,,"2150 Olivet Rd Santa Rosa [SRO]",057-030-008,$557.71,,"348 sf SFD REMODEL /KITCHEN/BATH/LAUNDRY Scope listed: 1. Replacing old windows with new, using existing openings and no framing changes. 2. Removing old LP Gas wall furnace and replacing with new forced-air furnace and ducting located in the attic. 3. Kitchen, bath and laundry remodel with new cabinets, countertops and fixtures in same location -- relocating toilet. 4. Removing existing non-loadbearing wall in kitchen. 5. Upgrading electrical in kitchen, bath and laundry room. 6. Replacing roof and flashings on residence and detached garage. 7. Replacing existing below grade galvanized steel water lines and waste lines with new PEX and ABS. 8. Drywall and insulation in areas where ceiling removal is performed."
BLD25-2079,"Awaiting Applicant Response","Building Permit With Plan Check",4/15/2025,,"556 Sparkes Rd Twin Hills [TWI]",063-310-028,$0.00,,"COUNTY STANDARD CARPORT PLAN/PERGOLA FOR DUPLEX"
BLD25-2081,"Application Accepted/In Review","Building Permit With Plan Check",4/15/2025,,"22831 Sylvan Way Monte Rio [MRO]",096-180-024,$0.00,,"ADU, Addition of a small kitchen to existing guest house qualifying as an ADU 456 sf Addition of a small kitchen to existing guest house qualifying as an ADU"
BLD25-2084,"Awaiting Applicant Response","Building Permit With Plan Check",4/15/2025,,"601 Pleasant Hill Rd Twin Hills [TWI]",076-060-005,$0.00,$0.00,"24 Panel; approximate 7.8 KW +/- : EQUIPMENT DETAILS : Program Standard NEM Tech Type Solar PV Generator Type Inverter-External Fuel Type Solar Will this Generator be used as a Backup? No Please Select an Anti-Island Detection Method Group 1 : Frequency Shift with continuous positive frequency feedback Do you plan to limit export? No Not Listed No Manufacturer Enphase Energy Inc. Model IQ7PLUS-72-ACM-US [208V] [SI1-SB] Quantity 24 Nameplate Rating (kW) 0.292 Nameplate Rating (kVA) 0.292 Nameplate Capacity (kW) 7.008 Effective Rating (kVA) 6.762720 Effective Rating (kW) 6.762720 Inverter Efficiency 0.965 Output Voltage Rating 208.0 Phase Single Phase Power Factor 1.00 Short Circuit Contribution exceeds 1.2 per unit No Total Gen (kW) 7.008 Tech Type Solar PV Generator Type PV Panels Fuel Type Solar Not Listed No Manufacturer Hanwha Q CELLS Model Q.PEAK DUO BLK-G10+/AC 365 Quantity 24 Inverter Efficiency 0.965 PTC Rating (kW-DC) 0.3366"
BLD25-2085,"Resubmittal Received","Building Permit With Plan Check",4/15/2025,,"1287 Burnside Rd Twin Hills [TWI]",076-200-021,$0.00,,"SFD NEW ROOF MOUNTED PHOTOVOLTAIC SYSTEM - 10.120 KW DC/9.364 KW CEC AC (22 MODULES) & ENERGY STORAGE SYSTEM - 15.0 KWH & REPLACE EXISTING SUBPANEL (200A LIKE-FOR-LIKE)"
BLD25-2087,Check,"Building Permit With Plan Check",4/15/2025,,"270 Hiatt Rd Cloverdale [CLO]",117-040-011,$2804.68,,"SFD Remodel 617 SF, Addition 912 SF (686 SF New + 232 SF Garage Conversion), & Extend Covered Porch 175 SF"
BLD25-2088,"Awaiting Applicant Response","Building Permit With Plan Check",4/15/2025,,"415 Todd Rd Bellevue [BEL]",134-101-008,$0.00,,"Storage Cover 864SF, covered slab for storage in support of agricultural/live- stock use of the parcel. Covered slab area of approximately 36'L x 24'W. Peaking at 12' above grade."
BLD25-2090,Check,"Building Permit With Plan Check",4/15/2025,,"2323 Mill Creek Rd Healdsburg [HEA]",110-020-025,$3305.52,,"(N) Garage and art studio building 2290 sf NEW GARAGE AND WORKSHOP BUILDING WITH ROOMS ABOVE FOR ARTIST STUDIOS AND DISPLAY ON EXISTING SITE WITH SINGLE FAMILY RESIDENCE WITH NO GARAGE."
BLD25-2092,Issued,"Building Permit With Plan Check",4/16/2025,04/22/2025,"150 Horn Ave Petaluma [PET]",021-152-011,$464.92,,"SFD, NEW 14KW BACKUP GENERATOR AND 200A ATS."
BLD25-2093,"Resubmittal Requested","Building Permit With Plan Check",4/16/2025,,"1968 Alice Dr Penngrove [PEN]",047-302-013,$0.00,,"SFD, Install ESS 28.6kWh - Adding EG4 GridBoss, FlexBoss21 (inverter), 2x EG4 Indoor Battery"
BLD25-2096,"Pre- Due","Building Permit With Plan Check",4/16/2025,,"1351 Maple Ave Santa Rosa [SR]",009-293-013,$1196.33,,"Santa Rosa Vets Memorial BLDG- replace fountains, one power assist operated door- increase ADA compliance."
BLD25-2099,"Awaiting Applicant Response","Building Permit With Plan Check",4/16/2025,,"1015 Lowell Ave Cotati [COT]",046-032-010,$0.00,$0.00,"Single-family Residence new construction"
BLD25-2100,Issued,"Building Permit With Plan Check",4/16/2025,04/28/2025,"14275 Occidental Rd Occidental [OCC]",074-080-023,$624.18,,"SFD, Roof Mount Solar Install 5.04kW & 20kWh Battery System"
BLD25-2102,Issued,"Building Permit With Plan Check",4/16/2025,04/25/2025,"6811 Gardner Ranch Rd Bennett Valley [BEN]",055-010-032,$624.18,,"EVT17-01415 SFD - Adding 4.1kW Roof Mounted Solar Array, 60kWh ESS, new Inverter Components 2017 Sonoma Complex Fire OFF GRID HOME. UPGRADE EXISTING BATTERIES AND INVERTER COMPONENTS. ADD 4.1 KILOWATTS ROOF MOUNTED SOLAR ARRAY."
BLD25-2104,,"Plan Check",4/16/2025,,"6601 Sonoma Mountain Rd Glen Ellen [GLE]",055-080-014,$963.23,,"New retaining walls"
BLD25-2105,Issued,"Building Permit With Plan Check",4/16/2025,04/17/2025,"199 Country Club Dr Santa Rosa [SRO]",130-373-003,$464.92,,"SFD, Install ESS 15kWh - (1) Franklin Agate System Controller (1) Square D 60A Levered ESS Disconnect Switch"
BLD25-2106,,"Plan Check",4/16/2025,,"1985 Westside Rd A Healdsburg [HEA]",110-150-021,$2189.97,,"These are structural drawings for a deck and concrete retaining wall to go with grading permit GRD24-0044 and BLD24-2081. We were told once these are submitted the grading permit can be cleared and building permit as well."
BLD25-2113,,"Plan Check",4/17/2025,,"18525 Squaw Creek Rd Geyserville [GEY]",117-180-007,$15987.84,,"Calpine: Geysers Power Co. Improvements to existing geothermal infrastructure at Geysers Eagle Rock (Unit 11) Power Plant. Improvements include support structure for after condenser equipment."
BLD25-2114,"Awaiting Applicant Response","Building Permit With Plan Check",4/17/2025,,"900 Quietwater Rdg Windsor [WIN]",067-330-006,$0.00,$0.00,"Install of 24.84kW-DC ground mount PV System."
BLD25-2119,"Awaiting Applicant Response","Building Permit With Plan Check",4/17/2025,,"5400 Foothill Ranch Rd Mark West Springs [MWS]",029-120-034,$0.00,$0.00,"EVT17-04276 Detached Garage 1420(sf) 2017 Sonoma Complex Fire EVT17-04276 Detached garage fire re-build for residence (separate submit)"
BLD25-2120,,"Plan Check",4/17/2025,,"4391 Dry Creek Rd Geyserville [GEY]",090-210-012,$3289.20,,"Ag Barn/Workshop 1488SF, (1) Half BA, conditioned Office/Storage w (1) BA 1,488SF, cov'd Patio/TRLR parking 2,421SF"
BLD25-2122,Check,"Building Permit With Plan Check",4/17/2025,,"9036 Green Valley Rd Graton [GRA]",130-080-042,$2068.57,,"New ADU 1199SF, detached 2BDR 2BA, related site improvements on the upper portion of the lot."
BLD25-2127,Check,"Building Permit With Plan Check",4/17/2025,,"2073 Live Oak Farm Ln Petaluma [PET]",048-121-079,$2472.40,,"Detached 1-story, 1-bedroom, 1-bathroom 747 sf accessory dwelling unit, 279 sf cv'd porch."
BLD25-2127,Check,"Building Permit With Plan Check",4/17/2025,,"2073 Live Oak Farm Ln Petaluma [PET]",048-121-079,$2472.40,,"Detached 1-story, 1-bedroom, 1-bathroom 747 sf accessory dwelling unit, 279 sf cv'd porch."
BLD25-2128,"Pre- Due","Building Permit With Plan Check",4/17/2025,,"1555 Redwood Hill Rd Mark West Springs [MWS]",067-020-018,$454.00,$0.00,"EVT17-05579 4.14kw roof mount solar array 2017 Sonoma Complex Fire"
BLD25-2129,Check,"Building Permit With Plan Check",4/17/2025,,"237 Westside Rd Healdsburg [HEA]",088-220-007,$944.34,,"New Inground Gunite Pool Valuation: $125,000 Stock Plan: STK24-0009"
BLD25-2132,Check,"Building Permit With Plan Check",4/17/2025,,"22219 Coleman Valley Rd Bodega Bay [BBY]",101-070-002,$3387.79,,"(N) SFD of 1,543 conditioned SF, 1-story, Sprinklered with Detached Garage, under concurrent review. The project development area is within the non-cc zone. Concurrent ADR25-0045, GRD25-0036, and SEP24-0317 are also under review."
BLD25-2133,Check,"Building Permit With Plan Check",4/17/2025,,"22219 Coleman Valley Rd Bodega Bay [BBY]",101-070-002,$1502.50,,"(N) Detached Garage Residence of 887 SF, 1-story, Sprinklered with New Single-family Dwelling, under concurrent review. The project development area is within the non-cc zone. Concurrent ADR25-0045, GRD25-0036, and SEP24-0317 are also under review."
BLD25-2135,Check,"Building Permit With Plan Check",4/17/2025,,"2415 E Washington St Penngrove [PEN]",136-070-045,$1193.62,,"(SOUTH SIDE) NEW TOILET BUILDINGS FOR USE DURING SPECIAL EVENTS ONLY FOR A TOTAL OF 1,267 SF. THESE TOILET BUILDINGS ARE REPLACING THE USE OF PORTABLE TOILETS THAT ARE RENTED FOR THE EVENT. SEPARATE UNISEX, ACCESSIBLE COMPANION TOILETS ARE PROVIDED IN EACH TOILET BLOCK."
BLD25-2141,,"Plan Check",4/18/2025,,"5555 Gilchrist Rd Cotati [COT]",062-180-023,$1634.70,,"Replacement Garage (1100 SF) & Demo (E) 726 SF Garage (same location)"
BLD25-2147,Issued,"Building Permit With Plan Check",4/18/2025,04/24/2025,"290 Frey Rd Kenwood [KEN]",050-050-034,$1241.69,,"Remodel master bathroom of 252 sq ft"
BLD25-2148,"Awaiting Applicant Response","Building Permit With Plan Check",4/18/2025,,"15952 Fern Way Guerneville [GUE]",072-350-059,$0.00,,"New Generator, 24kW 100amp, electrical completed per BLD25-0226"
BLD25-2151,"Awaiting Applicant Response","Building Permit With Plan Check",4/18/2025,,"200 Oceanic Way D Bellevue [BEL]",134-123-042,$0.00,$0.00,"T-Mobile is looking to replace the existing batteries within their existing cabinet with new batteries. All of the equipment locations are on ground concrete pads. The scope of work is only battery replacement within the existing cabinets, so there will be no physical changes to the look of the site."
BLD25-2155,,"Plan Check",4/18/2025,,"569 Michael Dr Agua Caliente [AGU]",127-371-005,$350.81,,"New Detached Carport 206SF for SFD"
BLD25-2157,,"Plan Check",4/18/2025,,"5040 Old Redwood Hwy Windsor [WIN]",039-025-066,$10139.18,,"New Booster Pump Station for Cal-Am Utility Company at Larkfield Water Treatment Plant to Sustain Pressure & Flow to the Lower Wikiup Zones - Associated w/ BLD25-2163 & BLD24-5127"
BLD25-2159,Check,"Building Permit With Plan Check",4/18/2025,,"3296 Canfield Rd Twin Hills [TWI]",025-060-011,$2762.38,,"(N) 866 sf detached single-story accessory dwelling unit."
BLD25-2163,Check,"Building Permit With Plan Check",4/18/2025,,"5040 Old Redwood Hwy Windsor [WIN]",039-025-066,$13405.23,,"Larkfield Water Treatment Plant: Utility Company. Electrical to support addition of a new booster pump station at Cal-Am Electrical to support addition of a new booster pump station at Cal-Am (Utility Company) Larkfield Water Treatment Plant (WTP). Project will be constructed with BLD24-5127 & BLD25-2157"
BLD25-2165,Check,"Building Permit With Plan Check",4/18/2025,,"895 Austin Creek Rd Guerneville [GUE]",097-070-003,$1922.87,,"Replacement Garage/Laundry Room (520 SF) & Demo (E) Garage in same location"
BLD25-2170,"Awaiting Applicant Response","Building Permit With Plan Check",4/19/2025,,"18850 Riverside Dr Agua Caliente [AGU]",052-700-031,$0.00,,"Remodel of existing structure with addition of bedroom and bathroom to rear of building. Current attached garage will become living space and new detached garage will be added to the property."
BLD25-2171,Issued,"Building Permit With Plan Check",4/20/2025,04/22/2025,"6505 Hwy 12 Kenwood [KEN]",030-110-047,$624.18,,"SFD Install a 7.74 KW (18 modules) and 15 KWH (3 batteries) solar/battery system with partial home back-up functionality."
BLD25-2173,"Awaiting Applicant Response","Building Permit With Plan Check",4/20/2025,,"14790 Canyon 4 Rd Guerneville [GUE]",070-262-037,$0.00,$0.00,"Replace destroyed structure. Approximately 600sq ft."
BLD25-2175,"Awaiting Applicant Response","Building Permit With Plan Check",4/20/2025,,"122 Serres Dr Glen Ellen [GLE]",056-063-003,$0.00,$0.00,"(N) ADU"
BLD25-2180,"Awaiting Applicant Response","Building Permit With Plan Check",4/21/2025,,"6425 Lovmark Way Bloomfield [BLO]",027-280-001,$0.00,$0.00,"Installation of Generator"
BLD25-2181,Issued,"Building Permit With Plan Check",4/21/2025,04/23/2025,"28 Sunrise Mountain Rd Guerneville [GUE]",105-080-024,$464.92,,"SFD New 13.5 kwh energy storage system installed on existing single family dwelling. 1x Tesla Powerwall, 1x Tesla Backup Gateway and associated hardware."
BLD25-2182,Issued,"Building Permit With Plan Check",4/21/2025,04/23/2025,"16320 Watson Rd Guerneville [GUE]",069-200-066,$464.92,,"SFD New 13.5 kwh energy storage system installed on existing single family dwelling. 1x Tesla Powerwall, 1x Tesla Backup Gateway and associated hardware."
BLD25-2184,Issued,"Building Permit With Plan Check",4/21/2025,04/23/2025,"1359 Wilson Rd Cloverdale [CLO]",116-220-030,$464.92,,"SFD New 13.5 kwh energy storage system installed on existing single family dwelling. 1x Tesla Powerwall, 1x Tesla Backup Gateway and associated hardware."
BLD25-2187,,"Plan Check",4/21/2025,,"100 Goodwin Ln Penngrove [PEN]",047-041-057,$2265.17,,"NEW TWO-STORY 3,536 SQ FT BARN, TYPE V-B CONSTRUCTION, ON A 2.16 ACRE PARCEL ZONED RR B6 2.5. NO MECHANICAL/HVAC, SEE CIVIL DRAWINGS FOR ADDITIONAL SITE INFORMATION INCLUDING GRADING, SEE SHEET C1 FOR ESTIMATED EARTHWORK QUANTITIES AND INPERVIOUS COVER."
BLD25-2189,Issued,"Building Permit With Plan Check",4/21/2025,04/23/2025,"15854 Sunshine Ct Forestville [FOR]",071-310-015,$464.92,,"SFD New 13.5 kwh energy storage system installed on existing single family dwelling. 1x Tesla Powerwall, 1x Tesla Backup Gateway and associated hardware."
BLD25-2190,"Awaiting Applicant Response","Building Permit With Plan Check",4/21/2025,,"565 Los Altos Ct Windsor [WIN]",039-080-013,$0.00,,"Bathroom Remodel 82 sq ft"
BLD25-2192,Check,"Building Permit With Plan Check",4/21/2025,,"1410 Ridge Valley Rd Sonoma [SON]",127-191-070,$2083.37,,"Res, New Pool and Spa, valuation $85k"
BLD25-2194,Issued,"Building Permit With Plan Check",4/21/2025,04/25/2025,"17430 Orchard Ave Forestville [FOR]",071-220-012,$624.18,,"SFD 8.6kw rooftop PV with 20kwh battery storage system. (20) 430w modules and (5) 5kwh batteries."
BLD25-2198,Issued,"Building Permit With Plan Check",4/21/2025,04/29/2025,"5242 Dry Creek Rd Geyserville [GEY]",090-220-033,$454.00,$0.00,"SFD Roof Mounted Photovolaic System on Detached Garage: (11) Modules w/ Microinverters, 4.18 kW AC (5.06 kW DC)"
BLD25-2199,Check,"Building Permit With Plan Check",4/21/2025,,"819 Chileno Valley Rd Petaluma [PET]",020-080-010,$653.97,,"Install new 12.04kW solar PV system on a pre-engineered ground mount racking system with a new energy storage system."
BLD25-2200,"Awaiting Applicant Response","Building Permit With Plan Check",4/21/2025,,"18850 Riverside Dr Agua Caliente [AGU]",052-700-031,$0.00,,"New Detached Garage 416SF"
BLD25-2203,Issued,"Building Permit With Plan Check",4/21/2025,04/24/2025,"16948 Taylor Ln Occidental [OCC]",073-250-034,$454.00,$0.00,"SFD Roof-mount PV 2.30kW DC added to existing PV-ESS."
BLD25-2204,"Awaiting Applicant Response","Building Permit With Plan Check",4/21/2025,,"8300 Sonoma Mountain Rd Glen Ellen [GLE]",054-020-018,$0.00,$0.00,"SFD, Install (N) Generator - back-up for utility power service interruption use"
BLD25-2205,"Awaiting Applicant Response","Building Permit With Plan Check",4/21/2025,,"270 Los Santos Dr Bodega Bay [BBY]",101-181-009,$0.00,,"Legalize Garage Conversion to Bedroom and bath 508SF, VBU20-0011 BLD12-3842 added a second garage unit behind the original garage that is visible from the street Second garage was converted to a 1-bedroom ADU (unpermitted) This work was done by the previous owner. The intent is to submit drawings of the existing alterations along with field verification to permit the work that was done. Per SDA20-0066, the expansion field was restored with 200% capacity for a 2-bedroom system. A findings report has been filed by BCE to verify items missing in previous documentation (WSR25-0038)"
BLD25-2209,Issued,"Building Permit With Plan Check",4/21/2025,04/24/2025,"8000 Elphick Rd Twin Hills [TWI]",076-021-012,$624.18,,"SFD Install new 8.17kW solar PV system with a new energy storage system. Also included in this scope of work is a main panel upgrade."
BLD25-2210,"Awaiting Applicant Response","Building Permit With Plan Check",4/21/2025,,"960 Maacama Ln Geyserville [GEY]",132-070-024,$0.00,$0.00,"EVT19-02433 Upgrade existing overhead electrical service from 200A single meter to 400A two meters. 2019 Kincade Fire Upgrade existing overhead electrical service from 200A single meter to 400A two meters. To serve existing SFD (to be classified as Farmworker Dwelling under ZPE25-0020) and future SFD (primary residence) on the same parcel. Please provide additional unique address for the future primary residence. Farmworker Dwelling will remain as 960 Maacama Lane."
BLD25-2213,"Awaiting Applicant Response","Building Permit With Plan Check",4/21/2025,,"1227 Mark West Springs Rd Mark West Springs [MWS] New foundation to legalize",067-121-020,$0.00,$0.00,
BLD25-2214,Check,"Building Permit With Plan Check",4/21/2025,,"315 Bailhache Ave Healdsburg [HEA]",088-160-026,$1373.84,,"SFD, Convert attached garage into living space 2 bed, 1 bath (462 sf) convert existing garage to living space"
BLD25-2217,Check,"Building Permit With Plan Check",4/21/2025,,"1911 Airport Blvd Santa Rosa [SRO]",059-340-049,$757.00,,"New 164kW commercial roof mounted PV system with exterior pad mount Battery ESS. PV & ESS Systems are attached to a Tesla High-Tie control panel that is grid-tied at the building main service panel."
BLD25-2218,"Awaiting Applicant Response","Building Permit With Plan Check",4/21/2025,,"3700 Fulton Rd D Santa Rosa [SRO]",058-080-071,$0.00,$0.00,"Development of 2 softball fields and a pedestrian bridge adjacent to an existing church."
BLD25-2220,"Awaiting Applicant Response","Building Permit With Plan Check",4/21/2025,,"19400 Arnold Dr Agua Caliente [AGU]",052-442-041,$0.00,$0.00,"NEW SFD 1194 SQ FT W/ATT""D GARAGE"
BLD25-2222,Check,"Building Permit With Plan Check",4/21/2025,,"19400 Arnold Dr Agua Caliente [AGU]",052-442-041,$2769.66,,"(N) 1-bedroom ADU (719 SF) with attached 1-car garage (312 SF)"
BLD25-2223,Check,"Building Permit With Plan Check",4/21/2025,,"19400 Arnold Dr Agua Caliente [AGU]",052-442-041,$2609.80,,"(N) 1-bedroom guest house (640 SF) w/ one attached 1-car garage. (312 SF)"
BLD25-2227,Check,"Building Permit With Plan Check",4/21/2025,,"10331 Westside Rd Forestville [FOR]",110-320-019,$2286.20,,"SFD New in ground gunite swimming pool only. All Excavated soil transported to legal site or county disposal site. No Grading No Drainage. Cost of project $108,000 Grading form included"
BLD25-2229,"Awaiting Applicant Response","Building Permit With Plan Check",4/21/2025,,"4600 Mountain Home Ranch Rd Mark West Springs [MWS]",120-200-080,$0.00,$0.00,"Comply with VBU24-0169 for CWOP-Shade Structure exceeding 120 Sq. Ft. Provide Plans and Calculations for Structure built without permit."
BLD25-2230,"Awaiting Applicant Response","Building Permit With Plan Check",4/21/2025,,"1995 William Dr Penngrove [PEN]",047-292-017,$0.00,,"New Detached Garage 1320SF, 2 car garage adjacent to house BLD25-0720"
BLD25-2232,Issued,"Building Permit With Plan Check",4/22/2025,04/25/2025,"16531 Watson Rd Guerneville [GUE]",069-190-020,$464.92,,"SFD, New ESS 13.5kWh - (1) Tesla Powerwall, (1) Tesla Backup Gateway, & Associated Hardware"
BLD25-2233,Issued,"Building Permit With Plan Check",4/22/2025,04/28/2025,"21548 Hyde Rd Sonoma [SON]",126-072-016,$464.92,,"SFD, New ESS 13.5kWh - 1x Tesla Powerwall, 1x Tesla Backup Gateway and associated hardware"
BLD25-2235,Issued,"Building Permit With Plan Check",4/22/2025,04/28/2025,"15482 Drake Rd Forestville [FOR]",071-090-010,$464.92,,"SFD, New ESS 13.5kWh - (1) Tesla Powerwall, (1) Tesla Backup Gateway, & Associated Hardware"
BLD25-2253,Issued,"Building Permit With Plan Check",4/22/2025,04/24/2025,"21253 Via Colombard Sonoma [SON]",142-260-039,$624.18,,"Install new 6.45kW solar PV system with a new energy storage system."
BLD25-2255,,"Plan Check",4/22/2025,,"1023 Limerick Ln Windsor [WIN]",086-080-011,$689.00,,"CELLAR/TASTING ROOM (COMM) ROOF MOUNT PV SOLAR 97 MODULES (39.77KW)"
BLD25-2258,Issued,"Building Permit With Plan Check",4/22/2025,04/25/2025,"265 Kiva Pl Windsor [WIN]",039-290-050,$624.18,,"SFD, Install new 8.6kW solar PV system with a new energy storage system. Also included in this scope of work is a main panel upgrade."
BLD25-2260,"Awaiting Applicant Response","Building Permit With Plan Check",4/22/2025,,"17310 Neeley Rd Forestville [FOR]",071-220-001,$0.00,$0.00,"(Need rev. site plan and estimate by 7/24) Foundation repair using 5 Push Piers,4 Push Pier/Tieback combination, 1 girder pier, and 14 JP44 screwjacks"
BLD25-2261,Issued,"Building Permit With Plan Check",4/22/2025,05/01/2025,"5320 Rosita Way Rincon Valley [RIN]",030-410-001,$2152.66,,"Install a 1024 Square Foot Deck as per attached plans."
BLD25-2262,"Resubmittal Requested","Building Permit With Plan Check",4/22/2025,,"2446 Jenes Ln Santa Rosa [SRO]",034-121-012,$0.00,,"SFD, Roof Mount Solar Install 10.25kW & (2) Batteries 27kWh"
BLD25-2264,"Awaiting Applicant Response","Building Permit With Plan Check",4/22/2025,,"39149 Curlew Reach Sea Ranch [SEA]",156-240-002,$0.00,,"SFD, Addition 281SF, Remodel (E) Kitchen and Bathrooms AS WELL AS A NEW DETACHED ACCESSORY STRUCTURE OF APPROXIMATELY 552 SQUARE FEET."
BLD25-2268,"Awaiting Applicant Response","Building Permit With Plan Check",4/22/2025,,"17355 Norrbom Rd Sonoma [SON]",127-022-025,$0.00,$0.00,"Install a Generac 22 Kw Generator for back-up when utility electric service is unavailable"
BLD25-2269,"Awaiting Applicant Response","Building Permit With Plan Check",4/22/2025,,"130 Calle Petite Sarah Sonoma [SON]",142-221-004,$0.00,$0.00,"Dining Room Addition to an existing 1-story SFR"
BLD25-2274,Issued,"Building Permit With Plan Check",4/23/2025,05/02/2025,"14168 Woodland Dr Guerneville [GUE]",070-070-027,$464.92,,"SFD, New ESS 13.5kWh - (1) Tesla Powerwall, (1) Tesla Backup Gateway, & Associated Hardware"
BLD25-2275,"Awaiting Applicant Response","Building Permit With Plan Check",4/23/2025,,"850 Grove St Agua Caliente [AGU]",052-364-032,$0.00,$0.00,"LEGALIZE: Warehouse/Car Repair shop Existing floor plans to clear up leans"
BLD25-2276,"Application Accepted/In Review","Building Permit With Plan Check",4/23/2025,,"1424 Freestone Flat Rd Twin Hills [TWI]",073-100-026,$0.00,$0.00,"SFD, New ESS 13.5kWh - (1) Tesla Powerwall, (1) Tesla Backup Gateway, & Associated Hardware"
BLD25-2278,Issued,"Building Permit With Plan Check",4/23/2025,04/29/2025,"14986 Melody Ave Forestville [FOR]",071-050-001,$464.92,,"SFD, (N) ESS, Tesla Powerwall3, 13.5kWh, (1) Tesla Gateway3 controller, and associated hardware"
BLD25-2282,Issued,"Building Permit With Plan Check",4/23/2025,04/25/2025,"3527 Brooks Ave Bellevue [BEL]",134-132-057,$454.00,$0.00,"ADU, Roof Mount Solar Panel Install 4.1kW"
BLD25-2284,"Awaiting Applicant Response","Building Permit With Plan Check",4/23/2025,,"408 Thompson Ln Petaluma [PET]",021-152-027,$0.00,$0.00,"Project includes demo of existing 480 sq/ft garage and building a 858 sq/ft garage in the same location. This permit request is for the approval to build the new garage. The submission request for demo approval will follow approval of this permit request. The new garage foundation is pending remaining bids with the selected licensed contractor to be added to this permit once selected. The wood structure porting is also pending bids at this time."
BLD25-2287,"Resubmittal Requested","Building Permit With Plan Check",4/23/2025,,"4185 Grove St Sonoma [SON]",064-010-027,$0.00,,"SFD, New ESS 13.5kWh - (1) Tesla Powerwall, (1) Tesla Backup Gateway Controller, & Associated Hardware"
BLD25-2288,"Awaiting Applicant Response","Building Permit With Plan Check",4/23/2025,,"11121 Dell Ave Forestville [FOR]",081-025-027,$0.00,$0.00,"Res, Carport/PV (photovoltaic) with attached open and enclosed storage (battery storage and shed), sep Demo for (e) storage structure Structural engineering drawings included and stamped. Structural engineering calculations included. Structural engineer's ""Residential Statement of Special Inspections"" included. Architectural drawings included."
BLD25-2290,"Resubmittal Requested","Building Permit With Plan Check",4/23/2025,,"14713 Carrier Ln Guerneville [GUE]",069-290-015,$0.00,,"SFD, New ESS 13.5kWh - (1) Tesla Powerwall 3, (1) Tesla Backup Switch,125A Subpanel, & Associated Hardware"
BLD25-2291,"Awaiting Applicant Response","Building Permit With Plan Check",4/23/2025,,"19101 C St Monte Rio [MRO]",094-124-002,$0.00,$0.00,"KITCHEN, POWDER ROOM AND MAIN BATHROOM MATERIAL REMOVE AND REPLACE UPDATE EXISTING ELECTRICAL TO MEET CURRENT CODE REQUIREMENTS REMOVE AND REPLACE WINDOWS AND INTERIOR DOORS THROUGHOUT"
BLD25-2293,Check,"Building Permit With Plan Check",4/23/2025,,"100 Meadowcroft Way Mark West Springs [MWS]",029-070-064,$2127.05,,"NEW 3-CAR GARAGE AND COVERED BALCONY WITH SECOND STORY STORAGE AREA. ONE-HOUR FIRE SEPARATION REQUIRED BETWEEN FIRST STORY GARAGE AND SECOND STORY STORAGE AREA. EXISTING 400 AMP MAIN PANEL FROM RESIDENCE TO SERVICE GARAGE/STORAGE SUBPANEL. EXISTING 13.44 kW SOLAR ARRAY TO SUPPLY POWER TO BOTH EXISTING RESIDENCE AND GARAGE/STORAGE BUILDING. THE BUILDING SHALL BE PROTECTED BY AN APPROVED AUTOMATIC SPRINKLER SYSTEM COMPLYING WITH THE EDITION OF NFPA 13D. SEE FIRE SPRINKLER PLAN UNDER SEPARATE PERMIT. SEE ATTACHED TRUSS PACKAGE FOR TRUSS LAYOUT AND CALCULATIONS."
BLD25-2295,"Resubmittal Requested","Building Permit With Plan Check",4/23/2025,,"13992 Fern Rd Guerneville [GUE]",072-120-038,$0.00,,"SFD, New ESS 13.5kWh - (1) Tesla Powerwall 3, (1) Testa Bus, (1) 125A Load Center, (1) 60A AC Disconnect"
BLD25-2299,Issued,"Building Permit With Plan Check",4/23/2025,05/01/2025,"8535 Franz Valley School Rd Mark West Springs [MWS]",120-150-048,$454.00,,"SFD, Roof Mounted Solar Pool Heating System"
BLD25-2300,"Awaiting Applicant Response","Building Permit With Plan Check",4/23/2025,,"2626 Guerneville Rd Santa Rosa [SRO]",034-110-044,$0.00,$0.00,"Legalize w/ permit: Covered outdoor Gazebo or Patio."
BLD25-2302,Issued,"Building Permit With Plan Check",4/23/2025,04/28/2025,"13245 Bodega Hwy Twin Hills [TWI]",073-110-034,$464.92,,"SFD, Install ESS 13.5kWh - (1) Tesla Powerwall 3, (1) Tesla Backup Gateway 3 Controller, (1) Tesla Energy Meter Kit, (1) Tesla 200A CT, & Associated Harware"
BLD25-2307,Issued,"Building Permit With Plan Check",4/23/2025,04/28/2025,"12089 Ramsey Rd Twin Hills [TWI]",073-090-057,$464.92,,"Residential, (N) ESS 54.4kWh Added to (E) Solar Array on Barn"
BLD25-2308,"Awaiting Applicant Response","Building Permit With Plan Check",4/23/2025,,"17259 Verba Ln Guerneville [GUE]",072-370-037,$0.00,$0.00,"Deck Repair/Rebuild"
BLD25-2309,"Awaiting Applicant Response","Building Permit With Plan Check",4/23/2025,,"17238 Verba Ln Guerneville [GUE]",072-370-026,$0.00,$0.00,"Deck repair/rebuild"
BLD25-2310,Check,"Building Permit With Plan Check",4/23/2025,,"5030 Sonoma Mountain Rd B Bennett Valley [BEN]",049-030-042,$531.06,,"This is a full remodel of the existing kitten with a redesign of the external wall."
BLD25-2311,Issued,"Building Permit With Plan Check",4/24/2025,04/29/2025,"324 Bohemian Hwy Twin Hills [TWI]",073-130-070,$464.92,,"SFD - Install (N) ESS 13.5kWh, (1)Tesla Powerwall, (1) Tesla Backup Gateway Controller and associated hardware"
BLD25-2312,Issued,"Building Permit With Plan Check",4/24/2025,04/29/2025,"16110 Coleman Valley Rd Occidental [OCC]",074-160-041,$464.92,,"SFD - Install New ESS 13.5kWh, (1) Tesla AC Powerwall, Backup Switch Controller and associated hardware New energy storage system installed on existing single family dwelling. 1x Tesla Powerwall, 1x Tesla Backup Switch Controller and associated hardware."
BLD25-2314,"Awaiting Applicant Response","Building Permit With Plan Check",4/24/2025,,"860 Grove St Agua Caliente [AGU]",052-364-031,$0.00,$0.00,"New fiberglass pool in the backyard of my residence"
BLD25-2316,"Awaiting Applicant Response","Building Permit With Plan Check",4/24/2025,,"4403 Petaluma Hill Rd Bellevue [BEL]",044-220-010,$0.00,,"Roof Mount Solar Panel Install 8.4kW, ESS 15kW"
BLD25-2324,,"Plan Check",4/24/2025,,"850 Shiloh Glen Windsor [WIN]",079-260-030,$1006.30,,"SFD Remove existing 500 sf deck (attached to house) because of poor ventilation and areas with rot. Replace with new 1,135 sf deck with open ventilation below. Also install gas line for new gas fire pit on deck."
BLD25-2326,Check,"Building Permit With Plan Check",4/24/2025,,"1920 Coffee Ln Graton [GRA]",061-021-055,$720.53,,"New Inground Pool with Pool Equipment (STK24-0011)"
BLD25-2327,Check,"Building Permit With Plan Check",4/24/2025,,"2985 Wild Turkey Run Bennett Valley [BEN]",055-250-006,$2365.76,,"New Proposed 1,150 sq ft residential pool house with gym and outdoor kitchen (1150 sf), Co,v'd Porch (490 sf), Mechanical Rm (54 sf) Proposed 1,150 sq ft residential pool house with gym and outdoor kitchen, and detached storage building."
BLD25-2328,"Awaiting Applicant Response","Building Permit With Plan Check",4/24/2025,,"1390 Heaven Hill Rd Glen Ellen [GLE]",133-070-027,$0.00,$0.00,"REPLACE DOORS, WINDWOWS, STUCCO SIDING, AND ROOFING. ENCLOSE (E) COVERED PORCH (333SF ADDITION). RENOVATE INTERIOR"
BLD25-2332,"Awaiting Applicant Response","Building Permit With Plan Check",4/24/2025,,"11320 Westside Ave Forestville [FOR]",081-023-012,$0.00,$0.00,"(Site plan needs TOPO by 7/28 or void) New 1,600 Square Foot DETACHED Redwood Deck with Handrails & One Set Of Stairs."
BLD25-2336,"Awaiting Applicant Response","Building Permit With Plan Check",4/24/2025,,"3745 Grove St Sonoma [SON]",064-210-004,$0.00,,"New 435 Sq. Ft. Deck Remove existing deck, railing, and stairs. Add new ledger, posts, beams, deck boards, stairs, and railing."
BLD25-2341,"Application Accepted/In Review","Building Permit With Plan Check",4/25/2025,,"13828 Carmel Ave Glen Ellen [GLE]",054-350-058,$0.00,,"SFD, Repair a second story deck structure 162 sf"
BLD25-2343,Check,"Building Permit With Plan Check",4/25/2025,,"3512 Santa Rosa Ave Bellevue [BEL]",134-132-014,$679.21,,"Install (2) New Illuminated Wall Signs, Reface (E) Monument Sign"
BLD25-2344,Check,"Building Permit With Plan Check",4/25/2025,,"7000 Coldwater Creek Rd Geyserville [GEY]",117-210-004,$459.14,,"3-7A.2 CMS FOUNDATION"
BLD25-2345,"Awaiting Applicant Response","Building Permit With Plan Check",4/25/2025,,"6824 Covey Rd Forestville [FOR]",083-120-046,$0.00,$0.00,"(Requires plans by 5/28 or void) REMODEL AND ADDITION TO EXISTING KITCHEN"
BLD25-2347,"Awaiting Applicant Response","Building Permit With Plan Check",4/25/2025,,"18099 Gehricke Rd Sonoma [SON]",127-051-080,$0.00,,"New FFDU 3814SF (Farm Family dwelling unit) with parking and landscape improvements.The dwelling will replace (E) tennis court. currently reviewed by county under permit number ZPE25-0031."
BLD25-2356,"Awaiting Applicant Response","Building Permit With Plan Check",4/25/2025,,"15200 Drake Rd Forestville [FOR]",071-080-082,$0.00,$0.00,"Addition of a new 162 sq.ft. utility shed to an existing detached garage. No change to existing residence."
BLD25-2358,"Awaiting Applicant Response","Building Permit With Plan Check",4/25/2025,,"8876 Green Valley Rd Graton [GRA]",130-080-064,$0.00,$0.00,"New ground up 2 bed/2bath adu in location of removed mobile home Existing separate gas and electric meter as well as sewer lateral in place"
BLD25-2360,Check,"Building Permit With Plan Check",4/25/2025,,"1515 Bay Flat Rd Bodega Bay [BBY]",100-070-012,$557.63,,"Restoration from fire damage"
BLD25-2361,Started,"Building Permit With Plan Check",4/26/2025,,"18621 Riverside Dr Agua Caliente [AGU]",052-281-057,$0.00,$0.00,"new 1484 SQ.FT mobile home.( 3 bedrooms , 2 bathrooms)"
BLD25-2362,"Awaiting Applicant Response","Building Permit With Plan Check",4/26/2025,,"28 S Temelec Cir Sonoma [SON]",142-300-037,$0.00,$0.00,"225 SF addition"
BLD25-2363,"Resubmittal Requested","Building Permit With Plan Check",4/26/2025,,"5894 Heights Rd Mark West Springs [MWS]",029-120-071,$0.00,,"SFD Expand existing PV array and ESS by adding (12) new PV modules and (2) new battery modules, replace existing subpanel with (2) new subpanels, one for ESS backed up circuits and one for non ESS circuits"
BLD25-2364,Check,"Building Permit With Plan Check",4/26/2025,,"1100 Gossage Ave Petaluma [PET]",048-133-010,$2532.16,,"SFD Interior remodel of existing 2,265 sq. ft. single-family residence. The scope of work includes: Installation of new lighting and lighting fixtures throughout the residence. -Replacement of electrical plugs and outlets. -Upgrade to a new main electrical panel. -Full removal and replacement of all interior drywall. -Interior framing repairs (non-structural unless otherwise noted). -New roof installation. -No new square footage being added to the building. -No changes to the existing building footprint."
BLD25-2365,"Awaiting Applicant Response","Building Permit With Plan Check",4/27/2025,,"70 E Thomson Ave Agua Caliente [AGU]",056-464-002,$0.00,$0.00,"Minimal remodel in room, add window, replace plywood, drywall. no change to existing layout or structural."
BLD25-2369,"Awaiting Applicant Response","Building Permit With Plan Check",4/28/2025,,"8700 Chalk Hill Rd Windsor [WIN]",079-210-007,$0.00,$0.00,"- REMOVING 1 BEDROOM (REDUCING FROM 3 TO 2 BEDROOMS) - ADDING A HALF BATHROOM - REMOVING AND ERECTING INTERIOR, NON-BEARING PARTITION WALLS TO ADJUST LAYOUT - ADDING A CLOSET TO CREATE NEW BEDROOM 4 - REPLACING 3 WINDOWS WITH SMALLER WINDOWS IN THE SAME OPENINGS"
BLD25-2371,"Resubmittal Requested","Building Permit With Plan Check",4/28/2025,,"5047 Sonoma Mountain Rd Bennett Valley [BEN]",049-030-053,$0.00,,"SFD 6.560 KW DC PV, 27.0 KWH ESS (16) HANWHA Q CELLS Q.PEAK DUO BLK ML-G10+410 SOLAR MODULES (1) TESLA POWERWALL 3 WITH 11.5KW INTEGRATED INVERTER (1) TESLA POWERWALL 3 EXPANSION UNIT (1) TESLA BACKUP GATEWAY 3 (1) ESS DISCONNECT SWITCH (1) 125A LOAD CENTER"
BLD25-2372,"Resubmittal Requested","Building Permit With Plan Check",4/28/2025,,"1292 Moon Mountain Dr Glen Ellen [GLE]",056-051-019,$0.00,,"SFD 27.0 KWH ESS (1) TESLA POWERWALL 3 (1) TESLA BACKUP GATEWAY 3 (1) 200A BACKUP LOAD CENTER (1) 200A AC DISCONNECT (1) ESS DISCONNECT SWITCH"
BLD25-2376,Issued,"Building Permit With Plan Check",4/28/2025,04/30/2025,"5030 Sonoma Mountain Rd B Bennett Valley [BEN]",049-030-042,$624.18,,"Install new roof mount 12.88kW solar system and 45kWh battery system on existing SFD."
BLD25-2383,"Resubmittal Requested","Building Permit With Plan Check",4/28/2025,,"630 E Verano Ave Agua Caliente [AGU]",127-094-063,$0.00,,"SFD Install new 6.72kW solar PV system with a new energy storage system."
BLD25-2386,Started,"Building Permit With Plan Check",4/28/2025,,"4201 Shook Rd Graton [GRA]",130-080-036,$0.00,$0.00,"I am the property owner/contractor and I'd like to add a detached garage steel building at my property 130-080-036. I currently have no garage and need one. I have a used steel building I purchased from someone in Santa Rosa who had installed it incorrectly (to close to property line) and was made to remove it by the county. I am providing all original engineering drawings for the building as well as adjusted engineering for the building attachment. To be attached to a concrete slab rather than asphalt as was originally depicted."
BLD25-2388,Started,"Building Permit With Plan Check",4/28/2025,,"5509 Corbett Cir Windsor [WIN]",039-351-027,$0.00,$0.00,"New ADU 673SF"
BLD25-2389,Issued,"Building Permit With Plan Check",4/28/2025,05/01/2025,"694 Shady Acres Ln Kenwood [KEN]",051-020-012,$624.18,,"SFD Install new 5.16kW solar PV system with a new energy storage system."
BLD25-2392,"Awaiting Applicant Response","Building Permit With Plan Check",4/28/2025,,"498 Bloomfield Rd Twin Hills [TWI]",063-213-034,$0.00,$0.00,"I am applying for a bedroom decommission permit. I have encumbered the bedroom by removing the closet doors, tracks and installed permanent shelves in the closet. The bedroom has a large immobile desk with office equipment. A file cabinet, large storage cabinet and shelving have been permanently attached to the wall. This permit will be subsequently applied for in conjunction with a building permit for an ADU in an existing separated garage"
BLD25-2397,Check,"Building Permit With Plan Check",4/28/2025,,"22219 Coleman Valley Rd Bodega Bay [BBY]",101-070-002,$1620.34,,"(N) GUEST HOUSE, ASSOCIATED WITH A SINGLE-FAMILY RESIDENCE (BLD25-2132) W/ DETACHED GARAGE (BLD25-2133) UNDER PARALLEL REVIEW, AS WELL AS ACCESSORY PANTRY. THE DEVELOPMENT AREA IS WITHIN THE NON-COASTAL ZONE. GRADING PERMIT INCLUDING DRIVEWAY AND BUILDING PAD UNDER SEPARATE REVIEW, PERMIT GRD25-0036. SEPTIC SYSTEM UNDER SEPARATE REVIEW, PERMIT SEP24-0317."
BLD25-2399,Check,"Building Permit With Plan Check",4/28/2025,,"22219 Coleman Valley Rd Bodega Bay [BBY]",101-070-002,$1602.69,,"(N) ACCESSORY PANTRY ASSOCIATED WITH A SINGLE-FAMILY RESIDENCE (BLD25-2132) W/ DETACHED GARAGE (BLD25-2133) AND ACCESSORY BEDROOM 2 UNDER PARALLEL REVIEW. DEVELOPMENT AREA IS WITHIN NON-COASTAL ZONE. GRADING PERMIT INCLUDING DRIVEWAY AND BUILDING PAD UNDER SEPARATE REVIEW, PERMIT GRD25-0036. SEPTIC SYSTEM UNDER SEPARATE REVIEW, PERMIT SEP24-0317."
BLD25-2402,Started,"Building Permit With Plan Check",4/28/2025,,"5773 Shiloh Ridge Rd Windsor [WIN]",079-140-005,$0.00,$0.00,"REMOVE ALL STONE AND MORTAR FROM EXTERIOR OF RESIDENCE DUE TO IMPROPER ORIGINAL INSTALLATION. INSTALL NEW MORTAR AND ADHERED THIN STONE VENEER. DEMOLISH EXISTING CONCRETE SITE STAIRS FROM RESIDENCE PATIO TO POOL DECK DUE TO IMPROPER CONCRETE INSTALLATION. POUR NEW CONCRETE STAIRS. DEMOLISH EXISTING CONCRETE PATIOS, STAIRS, AND POOL DECK DUE TO IMPROPER CONCRETE INSTALLATION. POUR NEW CONCRETE PATIOS, STAIRS, AND POOL DECK. ALL EXISTING HANDRAILS AND GUARDRAILS ARE TO REMAIN. STAIRS, AND POOL DECK. ALL EXISTING HANDRAILS AND GUARDRAILS ARE TO REMAIN."
BLD25-2407,"Pre- Due","Building Permit With Plan Check",4/29/2025,,"250 San Luis Rd Sonoma [SON]",128-412-028,$624.18,,"Barn - 7.74 kW PV solar and 20 kWh battery installation on standing seam metal roof of barn. Interconnect at main service panel at main house."
BLD25-2408,Started,"Building Permit With Plan Check",4/29/2025,,"3701 Brickway Blvd Santa Rosa [SRO]",059-250-051,$0.00,$0.00,"Plans and detail for monument sign to be installed at project building. The building falls under the existing permit number BLD22-2709."
BLD25-2411,"Pre- Due","Building Permit With Plan Check",4/29/2025,,"687 Cherry Ln Agua Caliente [AGU]",052-211-051,$0.00,,"SFD, 9.46 kW PV solar and 15 kWh battery installation on comp shingle roof."
BLD25-2414,Issued,"Building Permit With Plan Check",4/29/2025,05/01/2025,"19215 Old Winery Rd Sonoma [SON]",127-181-030,$624.18,,"SFD, Roof mounted 10.32 kW PV solar and 20 kWh battery installation."
BLD25-2416,Started,"Building Permit With Plan Check",4/29/2025,,"4614 Old Redwood Hwy Windsor [WIN]",058-071-015,$0.00,$0.00,"Multiple play-structures, benches, picnic tables, and bike rack for proposed park associated with UPE24-0096. *4x Timbercraft Log Rider (3886-0) *6x Timberform Picnic Tables (2165-6) *8x Timberform Benches (2016-6ADA-E) *Timbercraft Log Scramble (4500-306) *Timbercraft Treehouse (4510-M) *Timbercraft Play Frame (4500-102) *Timbercraft Net Climber (4500-111) *Timberform Play Stack (4500-403) *Timberform Swings (4500-153-5) *Timbercraft Exercise Cluster (5100-03-A) *Timberform Bike Rack (2170-9)"
BLD25-2421,"Application Accepted/In Review","Building Permit With Plan Check",4/29/2025,,"3359 Hwy 116 S Sebastopol [SEB]",063-110-076,$0.00,,"SFD, Roof Mount Solar Install 10.12kW with ESS & (1) Loads Panel 125A"
BLD25-2422,Issued,"Building Permit With Plan Check",4/29/2025,05/02/2025,"13271 Frati Ln Graton [GRA]",080-040-012,$454.00,$0.00,"ADU - Install new 9.2kW roof mount solar system"
BLD25-2425,Started,"Building Permit With Plan Check",4/29/2025,,"1066 Wikiup Dr Windsor [WIN]",039-240-004,$0.00,$0.00,"Addition of a new open-air canopy roof structure over the existing roof deck above the garage. Additionally, the project includes the renewal of existing exterior siding throughout the main house."
BLD25-2427,Started,"Building Permit With Plan Check",4/29/2025,,"6054 Stoetz Ln Graton [GRA]",075-020-012,$0.00,$0.00,"SFD, New ESS - 1x Tesla Powerwall, 1x Tesla Backup Switch Controller and associated hardware"
BLD25-2432,Check,"Building Permit With Plan Check",4/29/2025,,"1085 Everett Ranch Rd Healdsburg [HEA]",089-150-022,$117.23,,"Remove (E) stand-by Generator Gen Power Systems 125SE (diesel) and Replace with Kohler 100kW (LPG) in Equipment Shed Remove diesel fuel tank in Equipment Shed Remove (1) 200A ATS; Replace with (1) 200A ATS and (1) 100A ATS in Equipment Shed New gas line from Kohler GEN to (E) LP Tanks"
BLD25-2434,Started,"Building Permit With Plan Check",4/29/2025,,"120 Purrington Rd Petaluma [PET]",019-382-021,$0.00,,"SFD, Ground Mount Solar Panel Install 7.36kW, ESS 30kWh"
BLD25-2436,"Application Accepted/In Review","Building Permit With Plan Check",4/29/2025,,"8770 Geysers Rd Geyserville [GEY]",141-060-028,$0.00,,"USGS Radio Electrical Upgrade to Change from Overhead Power to Underground Power as part of the PG&E Requirement"
BLD25-2438,,"Plan Check",4/29/2025,,"21301 Heron Dr Bodega Bay [BBY]",100-150-012,$620.40,,"Construction of new deck and steps on grade for improved access to existing Fire Alarm Control Panel room at Bodega Harbour Homeowners Association Clubhouse, as requested by Ryan Osborne, Fire Inspector, Sonoma County Fire District."
BLD25-2439,Started,"Building Permit With Plan Check",4/29/2025,,"475 Sandretto Dr Twin Hills [TWI]",077-100-078,$0.00,$0.00,"Install new 22.79kW solar PV system on an existing roof and a system on a pre engineered ground mount racking system with a new energy storage system."
BLD25-2440,"Awaiting Applicant Response","Building Permit With Plan Check",4/29/2025,,"8993 Chalk Hill Rd Windsor [WIN]",079-300-014,$0.00,$0.00,"Res, Ground Mount Solar Panel Install 6.450kW, Off grid PV with Franklin batteries"
BLD25-2441,"Awaiting Applicant Response","Building Permit With Plan Check",4/29/2025,,"565 Mountain Ave Agua Caliente [AGU]",056-281-053,$0.00,$0.00,"construction of a in-ground swimming pool"
BLD25-2442,"Resubmittal Requested","Building Permit With Plan Check",4/30/2025,,"15373 Marty Dr Glen Ellen [GLE]",054-391-007,$0.00,,"SFD, Roof Mount Solar Install 6.075kW with ESS 20kWh"
BLD25-2443,"Resubmittal Requested","Building Permit With Plan Check",4/30/2025,,"900 Irwin Ln Santa Rosa [SRO]",035-041-029,$0.00,$0.00,"Residential Roof Mount Solar Install 24.78kW on Det'd Barn"
BLD25-2444,"Application Accepted/In Review","Building Permit With Plan Check",4/30/2025,,"3441 Moorland Ave 2 Bellevue [BEL]",134-111-047,$0.00,,"SFD, Roof Mount Solar Install 8.6kW & (1) Battery"
BLD25-2445,"Plan Check Approved","Building Permit With Plan Check",4/30/2025,,"5011 Warm Springs Rd Glen Ellen [GLE]",054-240-003,$0.00,,"SFD, Roof Mount Solar Install 18.48kW, (2) Tesla Powerwalls, & (1) EV Charger"
BLD25-2446,,"Plan Check",4/30/2025,,"2204 Pleasant Hill Rd Twin Hills [TWI]",076-110-079,$2334.57,,"(N) RESIDENTIAL ACCESSORY STRUCTURE. (647 SF) FIRST FLOOR: WORKSHOP. SECOND FLOOR: ART STUDIO"
BLD25-2449,"Application Accepted/In Review","Building Permit With Plan Check",4/30/2025,,"568 Sparkes Rd Twin Hills [TWI]",063-320-016,$0.00,,"SFD, Install New ESS 27kWh"
BLD25-2455,Check,"Building Permit With Plan Check",4/30/2025,,"1180 Limerick Ln Windsor [WIN]",086-160-024,$330.62,,"Seismic retrofit in accordance with Standard Plan A and Chapter A3 per engineered plans."
BLD25-2458,"Application Accepted/In Review","Building Permit With Plan Check",4/30/2025,,"434 Gossage Ave Petaluma [PET]",048-150-001,$0.00,,"SFD, Roof Mount Solar Install 8.6kW with New ESS"
BLD25-2459,Started,"Building Permit With Plan Check",4/30/2025,,"3475 Lovall Valley Rd Sonoma [SON]",127-062-016,$0.00,$0.00,"Install water supply pumps, controls and backup generator for water supply system."
BLD25-2460,"Application Accepted/In Review","Building Permit With Plan Check",4/30/2025,,"1090 Hill Rd Glen Ellen [GLE]",054-180-027,$0.00,,"SFD, Roof Mount Solar Install 3.44kW with ESS"
BLD25-2461,Started,"Building Permit With Plan Check",4/30/2025,,"6391 Blank Rd Sebastopol [SEB]",025-080-017,$0.00,$0.00,"Plans for a bedroom swap, to obtain a permit for a 1 bedroom ADU. Including a separate WSR application. Thank you."
BLD25-2464,"Application Accepted/In Review","Building Permit With Plan Check",4/30/2025,,"1924 Hwy 116 S Twin Hills [TWI]",063-051-005,$0.00,,"SFD, Roof Mount Solar Install 5.67kW with ESS 20kWh"
DEM25-0113,Finaled,"Demolition Permit",4/1/2025,04/01/2025,"3721 Primrose Ave Bellevue [BEL]",134-091-022,$994.01,$0.00,"Legalize w/ permit: Remove Mobile Home VPL24-0433"
DEM25-0114,Issued,"Demolition Permit",4/3/2025,04/07/2025,"408 Ronsheimer Rd Penngrove [PEN]",047-083-019,$246.01,$0.00,"Demolish existing freestanding garage structure"
DEM25-0115,Issued,"Demolition Permit",4/3/2025,04/07/2025,"408 Ronsheimer Rd Penngrove [PEN]",047-083-019,$246.01,$0.00,"Demolition of existing freestanding workshop structure"
DEM25-0116,Issued,"Demolition Permit",4/3/2025,04/14/2025,"14530 Old Cazadero Rd Guerneville [GUE]",072-080-026,$433.01,,"there was a small illegal adu unit in the basement of the existing house, in the flood zone. homeowner has spoken with County staff about this issue and is trying to make it right by completely removing/just demo, the illegal unit in the basement."
DEM25-0117,Issued,"Demolition Permit",4/3/2025,04/08/2025,"910 Hurlbut Ave Graton [GRA]",060-261-014,$246.01,$0.00,"storage Shed demolish and FRI 18"" Tree removal"
DEM25-0119,Finaled,"Demolition Permit",4/8/2025,04/08/2025,"825 Boyes Blvd Agua Caliente [AGU]",052-161-027,$526.51,$0.00,"Legalize w/ permit: Remove bath tub"
DEM25-0120,"Pre- Due","Demolition Permit",4/8/2025,,"1575 Felder Rd Sonoma [SON]",142-026-025,$1050.11,$0.00,"Legalize conversion of existing apartment in water tower to storage space to resolve VBU23-0398"
DEM25-0121,Issued,"Demolition Permit",4/8/2025,04/09/2025,"1610 Shiloh Rd Windsor [WIN]",164-160-008,$246.01,$0.00,"Demolish existing 1300 SF Barn"
DEM25-0122,Issued,"Demolition Permit",4/8/2025,04/09/2025,"1610 Shiloh Rd Windsor [WIN]",164-160-008,$246.01,$0.00,"Demolish existing 3360 SF Barn"
DEM25-0123,Issued,"Demolition Permit",4/8/2025,04/09/2025,"1610 Shiloh Rd Windsor [WIN]",164-160-008,$246.01,$0.00,"Demolish exiting 1100 SF Barn"
DEM25-0124,Issued,"Demolition Permit",4/8/2025,04/09/2025,"19055 Kenleigh Dr Sonoma [SON]",064-030-021,$246.01,$0.00,"Permanently removed (70) roof mount solar panels at 5.25 kW"
DEM25-0125,"Application Accepted/In Review","Demolition Permit",4/9/2025,,"6590 Ware Hill Rd Bennett Valley [BEN]",049-071-041,$0.00,$0.00,"(W&S Comments Sent) Demo (E) ADU 668 SF"
DEM25-0126,Finaled,"Demolition Permit",4/11/2025,04/11/2025,"4721 Occidental Rd Santa Rosa [SRO]",035-042-008,$994.01,$0.00,"Legalize w/ permit: Remove Chicken Coop"
DEM25-0127,Issued,"Demolition Permit",4/11/2025,04/25/2025,"5500 Wilshire Dr Mark West Springs [MWS]",067-160-009,$713.51,$0.00,"Demo to remove Trailer 1 of 2 to clear VPL25-0066 (EVT17-05091) separate permits to clear code violations: - VPL25-0066, remove EX travel trailer - VPL25-0072, remove (2) EX travel trailers - remove (2) storage containers"
DEM25-0128,Issued,"Demolition Permit",4/11/2025,05/02/2025,"169 Warm Springs Rd Kenwood [KEN]",050-263-039,$56.57,$0.00,"Demo Garage 690sf, separate permit for new garage- BLD24-7603"
DEM25-0129,Issued,"Demolition Permit",4/14/2025,04/22/2025,"5500 Wilshire Dr Mark West Springs [MWS]",067-160-009,$713.51,$0.00,"Remove existing storage container VBU25-0077 EVT17-05091"
DEM25-0130,Issued,"Demolition Permit",4/14/2025,04/22/2025,"5500 Wilshire Dr Mark West Springs [MWS]",067-160-009,$713.51,$0.00,"Remove existing storage container VBU25-0078 EVT17-05091"
DEM25-0131,Issued,"Demolition Permit",4/14/2025,04/16/2025,"5500 Wilshire Dr Mark West Springs [MWS]",067-160-009,$713.51,,"Remove travel trailers referenced in code violation VPL25-0072 EVT17-05091"
DEM25-0132,Finaled,"Demolition Permit",4/14/2025,04/14/2025,"5400 Foothill Ranch Rd Mark West Springs [MWS]",029-120-034,$0.00,$0.00,"EVT17-04276 Demolition of 1565(sf) SFD, 146(sf) Porch, 624(sf) Garage, 120(sf) Deck destroyed by the 2017 Sonoma Complex Fire"
DEM25-0133,"Application Accepted/In Review","Demolition Permit",4/14/2025,,"13270 Dupont Rd Graton [GRA]",074-020-048,$0.00,$0.00,"Demo permit for SFD 1780 SF"
DEM25-0134,Finaled,"Demolition Permit",4/15/2025,04/16/2025,"86 Lark Center Dr Windsor [WIN]",058-171-034,$246.01,$0.00,"SFD Remove 666 SF drywall and insulation"
DEM25-0135,Issued,"Demolition Permit",4/15/2025,04/23/2025,"6590 Ware Hill Rd Bennett Valley [BEN]",049-071-041,$246.01,$0.00,"Demo (E) Garage 733 SF"
DEM25-0136,Issued,"Demolition Permit",4/18/2025,05/01/2025,"3202 Ross Rd Graton [GRA]",130-141-002,$994.01,$0.00,"Requesting a demo permit to remove a large steel frame and canvas storage tent The violation number is VCM25-0007."
DEM25-0137,Issued,"Demolition Permit",4/18/2025,04/30/2025,"330 Bohemian Hwy Twin Hills [TWI]",073-130-064,$713.51,$0.00,"Remove unpermitted electrical and plumbing in the workshop to resolve VBU25-0087"
DEM25-0138,Issued,"Demolition Permit",4/18/2025,04/30/2025,"330 Bohemian Hwy Twin Hills [TWI]",073-130-064,$713.51,$0.00,"Remove unpermitted electrical and plumbing in 120 sqft storage shed to resolve VBU25-0088"
DEM25-0139,Finaled,"Demolition Permit",4/21/2025,04/21/2025,"6702 Faught Rd Windsor [WIN]",079-190-025,$994.01,,"Demo (6) Unpermitted Cargo Containers to clear VBU18-0170 (Per Jesse Cablk)"
DEM25-0140,"Application Accepted/In Review","Demolition Permit",4/21/2025,,"8876 Green Valley Rd Graton [GRA]",130-080-064,$0.00,$0.00,"Demolish decrepit old mobile home which should be condemned 630SF"
DEM25-0141,Issued,"Demolition Permit",4/21/2025,04/21/2025,"4455 Petaluma Hill Rd Bellevue [BEL]",045-141-052,$713.51,$0.00,"Demo Unpermitted Elec & Mech to Barn to clear VBU25-0055"
DEM25-0142,Issued,"Demolition Permit",4/23/2025,04/30/2025,"13270 Dupont Rd Graton [GRA]",074-020-048,$246.01,$0.00,"Demo (E) Barn 420 SF"
DEM25-0143,Issued,"Demolition Permit",4/23/2025,04/30/2025,"13270 Dupont Rd Graton [GRA]",074-020-048,$246.01,$0.00,"Demo (E) Accessory Building #1 - 150 SF"
DEM25-0144,Issued,"Demolition Permit",4/23/2025,04/30/2025,"13270 Dupont Rd Graton [GRA]",074-020-048,$246.01,$0.00,"Demo (E) Accessory Building #2 - 170 SF"
DEM25-0145,Issued,"Demolition Permit",4/23/2025,04/25/2025,"8876 Green Valley Rd Graton [GRA]",130-080-064,$246.01,$0.00,"SFD, Demo Interior of Kitchen / Baths - Remove Cabinets, Plaster, Insulation in Preparation for Future Interior Remodel"
DEM25-0147,Started,"Demolition Permit",4/24/2025,,"999 Accela Way",999-999-999,$0.00,$0.00,"TEST PERMIT"
DEM25-0148,"Awaiting Applicant Response","Demolition Permit",4/25/2025,,"9190 Rio Dell Ct Forestville [FOR]",082-081-042,$0.00,$0.00,"Applying for Demolition permit"
DEM25-0149,"Awaiting Applicant Response","Demolition Permit",4/28/2025,,"790 Ferguson Rd Twin Hills [TWI]",077-120-032,$0.00,$0.00,"Demolition of entire structure, walkways and foundation down to the dirt."
DEM25-0150,"Application Accepted/In Review","Demolition Permit",4/29/2025,,"4178 Whistler Ave Bellevue [BEL]",045-012-003,$0.00,$0.00,"Demo (E) Carport/Shed (212 SF)"
DEM25-0151,"Application Accepted/In Review","Demolition Permit",4/29/2025,,"4178 Whistler Ave Bellevue [BEL]",045-012-003,$0.00,$0.00,"Demo (E) Fencing & Gate - VBU20-0223"
DEM25-0152,Finaled,"Demolition Permit",4/29/2025,04/29/2025,"8563 Tarwater Rd Rincon Valley [RIN]",028-170-030,$0.00,$0.00,"EVT20-00609 Demolition of 732(sf) SFD, 72(sf) Deck destroyed by the 2020 Glass Fire"
DEM25-0153,"Awaiting Applicant Response","Demolition Permit",4/29/2025,,"9360 N Hwy 116 N N Forestville [FOR]",083-220-015,$0.00,$0.00,"Removal of Structure attached to East of main office / barn. Lean-to Measurers 32' x 60'."
DEM25-0154,"Application Accepted/In Review","Demolition Permit",4/29/2025,,"268 Mountain View Ave Bellevue [BEL]",045-161-001,$0.00,$0.00,"Legalize by Demo (E) Shed 200 SF to clear VPL25-0131 & VBU25-0152"
DEM25-0155,"Application Accepted/In Review","Demolition Permit",4/29/2025,,"268 Mountain View Ave Bellevue [BEL]",045-161-001,$0.00,$0.00,"Legalize by Demo (E) Shed #2 (200 SF) to clear VBU25-0153 & VPL25-0132"
DEM25-0156,"Application Accepted/In Review","Demolition Permit",4/29/2025,,"268 Mountain View Ave Bellevue [BEL]",045-161-001,$0.00,$0.00,"Legalize by Demo (E) Barn 2500 SF +/- to clear VPL25-0133 & VBU25-0151"
DEM25-0157,"Application Accepted/In Review","Demolition Permit",4/29/2025,,"268 Mountain View Ave Bellevue [BEL]",045-161-001,$0.00,$0.00,"Legalize by demolition existing blue shed VBU25-0149"
DEM25-0158,"Awaiting Applicant Response","Demolition Permit",4/29/2025,,"268 Mountain View Ave Bellevue [BEL]",045-161-001,$0.00,$0.00,"Remove all electrical fixtures and wiring from 3 existing sheds VBU25-0155"
DEM25-0159,"Application Accepted/In Review","Demolition Permit",4/29/2025,,"268 Mountain View Ave Bellevue [BEL]",045-161-001,$0.00,$0.00,"Legalize by demolition electrical at gate on Horn Ave VBU25-0150"
DEM25-0160,Started,"Demolition Permit",4/30/2025,,"12354 Westside Rd Forestville [FOR]",081-052-042,$0.00,$0.00,"Demo to remove remains of garage and scattered debris"
DEM25-0161,"Application Accepted/In Review","Demolition Permit",4/30/2025,,"10100 Old River Rd Forestville [FOR]",082-201-012,$0.00,$0.00,"Demo Unpermitted Elec & Plumbing from 120 SF Shed to clear VBU25-0070"
DEM25-0162,"Application Accepted/In Review","Demolition Permit",4/30/2025,,"10113 Field Ln Forestville [FOR]",082-202-050,$0.00,$0.00,"Legalize VBU25-0085, Demo Unpermitted Shed 300 SF"
ENC25-0125,Paid,Encroachment,4/1/2025,,"1 Countywide",,$1118.42,$0.00,"PG&E – Sequoia Rd @ Dell Ave, Forestville. Temporary road closure to replace existing pole and replace overhead services. PM 35597494"
ENC25-0126,Started,Encroachment,4/1/2025,,"7317 Derby Ln Cotati [COT]",046-062-061,$0.00,$0.00,"[Waiting for SPI response about ROW 04/17/2025] AT&T – Derby Ln @ Hwy 116, Cotati. Replace cabinet on existing concrete pad. Replace ± 13 LF of CPC from existing manhole to replacement cabinet. TCP along Caltrans ROW. A05770L"
ENC25-0127,Paid,Encroachment,4/2/2025,,"1 Countywide",,$1118.43,$0.00,"PG&E – Hereford Dr, Jenner. Temporary road closure to replace existing poles and overhead services. PM 35604934"
ENC25-0128,Paid,Encroachment,4/3/2025,,"21029 Peary Ave",126-052-018,$1118.43,$0.00,"PG&E – Peary Ave, Sonoma. Temporary road closure to replace existing pole and overhead services. PM35619337"
ENC25-0128,Paid,Encroachment,4/3/2025,,"21029 Peary Ave Sonoma [SON]",126-052-018,$1118.43,$0.00,"PG&E – Peary Ave, Sonoma. Temporary road closure to replace existing pole and overhead services. PM35619337"
ENC25-0129,"Plan Check",Encroachment,4/3/2025,,"220 Sexton Rd Twin Hills [TWI]",077-030-064,$281.61,$0.00,"[PC1 Cmnts 04.16.2025] Two dwy and replacement of two existing 18"" culverts."
ENC25-0131,"Plan Check",Encroachment,4/9/2025,,"622 Swan Dr Bodega Bay [BBY]",100-440-013,$281.61,$0.00,"The asphalt sidewalk inform of my house (622 Swan Drive, Bodega Bay, CA 94923) is deteriorated with cracks and ruts, and has become a pedestrian tripping hazard. Although this sidewalk is Sonoma County property, the Bodega Harbour Homeowner's Association has informed my that its maintenance is my responsibility. I have accepted a bid from Redwood Empire Concrete (contractor Evan Glanville) for $11,000 to replace the sidewalk and adjoining curb. On April 2, 2025, I received approval for this project from the Design Review Committee of the Bodega Harbour Homeowner's Association. The existing asphalt sidewalk (70 feet long, 5 foot wide, 2 inches deep) and adjoining curb will be removed and replaced with an exposed aggregate premium concrete of a texture and color matching other homes in the Bodega Harbour community. This will include replacing two existing underground PVC pipes that drain water from the property to the street."
ENC25-0133,Paid,Encroachment,4/10/2025,,"6626 Petaluma Hill Rd Penngrove [PEN]",047-132-038,$281.61,$0.00,"Construct pedestrian trail entrance from Petaluma Hill Rd to private property. On-site construction includes ±7,500 LF from grading for new trail, installation of (3) bridges, drainage improvements, minor retaining walls, trail signs and fencing. The trail will connect Petaluma Hill Rd to Crane Creek Regional Park."
ENC25-0134,Finaled,Encroachment,4/10/2025,,"147 Wembley Ct Windsor [WIN]",058-232-006,$1208.51,$0.00,"EVT17-01631 - Remove existing driveway, install new driveway to access garage/ADU, and remove and replace existing curb and gutter along parcel frontage for fire rebuild parcel."
ENC25-0135,"Plan Check",Encroachment,4/11/2025,,"2001 Denmark St Sonoma [SON]",126-140-006,$281.61,$0.00,"[PC1 Cmnts 5/2/2025] Upgrade existing DWY approach to County standards with a concrete valley gutter - BLD24-6828"
ENC25-0136,Paid,Encroachment,4/11/2025,,"3272 Adobe Rd Petaluma [PET]",136-160-007,$281.61,$0.00,"[PC Invoiced sent 4/22/25] Install 1 solar powered ALPR camera on its own new 14' aluminum pole in the ROW on behalf of California Department of Parks and Recreation for the purpose of assisting with criminal investigations."
ENC25-0137,Started,Encroachment,4/11/2025,,"1 Countywide",,$4598.01,$0.00,"PG&E - Solano Ave, Quigley Ln (private), Sonoma. Utility trenching to install ±1,085 LF of new 4-inch HP Gas Main (Solano Ave) and reconnect laterals. Pavement restoration to SPI 219A, 219B & 219C construction standards. PM 35329994 Work along Quigley Ln is within PUE and not included in Sonoma County ENC approval."
ENC25-0138,"Plan Check",Encroachment,4/14/2025,,"1 Countywide",,$1118.43,$0.00,"PG&E – Mesa Grande Terrace, Monte Rio. Temporary road closure to repair switch on existing pole. PM 31728137"
ENC25-0140,Started,Encroachment,4/14/2025,,"17600 Sunset Way Agua Caliente [AGU]",056-313-022,$0.00,$0.00,"[Emailed 4/22/25] Placement of POD for unloading."
ENC25-0141,"Plan Check",Encroachment,4/14/2025,,"1 Countywide",,$1118.43,$0.00,"PG&E – River Dr, Forestville. Temporary road closure to install overhead transformer and breaker on (E) wood pole. PM 35481721"
ENC25-0142,"Plan Check",Encroachment,4/14/2025,,"1 Countywide",,$1118.43,$0.00,"PG&E – Marra Rd, Occidental. Temporary road closure to trim vegetation around existing powerlines. PM 2057102"
ENC25-0143,Paid,Encroachment,4/15/2025,,"810 Helman Ln Cotati [COT]",046-075-001,$621.98,$0.00,"Comcast - Helman Ln, Cotati. Traffic control to splice ±160 LF of new coax between (E) poles. On-site not included in encroachment approval."
ENC25-0144,Started,Encroachment,4/15/2025,,"17854 Carriger Rd Agua Caliente [AGU]",133-020-030,$0.00,$0.00,"PM 31728134 Lat/Long: 38.3105540947, -122.5101273444 PG&E to repair switch ***ROAD CLOSURE***"
ENC25-0145,Started,Encroachment,4/15/2025,,"455 Warm Springs Rd Kenwood [KEN]",050-263-072,$0.00,$0.00,"FRONTIER FTTH 533059: Frontier to place conduit, place aerial and UG cable along MERVIN AVE,WARM SPRINGS RD and BENNETT VALLEY LN."
ENC25-0146,Started,Encroachment,4/15/2025,,"9192 Rio Dell Ct Forestville [FOR]",082-081-041,$0.00,$0.00,"PM 2057102 (Rio Dell Court - Crane Job) PG&E to perform vegetation maintenance ***1 DAY ROAD CLOSURE***"
ENC25-0147,Started,Encroachment,4/16/2025,,"3501 Moorland Ave Bellevue [BEL]",134-111-049,$281.61,$0.00,"[PC Invoiced 4/22/25] Work in public way to accommodate sewer upgrade associated with permit SEW23-0122"
ENC25-0148,Started,Encroachment,4/16/2025,,"6625 Front St Forestville [FOR]",083-090-037,$0.00,$0.00,"Traffic Control - Phase one: encroachment needed to access existing pole and vault on Mirabel Rd., bore 180' across the street and place new vault in sidewalk. Phase two: encroachment needed to access existing pole on 2nd St., bore 10' and place new vault, bore 100' across the street, and place new street rate vault. Access to new vault on 2nd St. by intercepting existing Comcast conduit between two existing vaults. Phase three: access needed at 3 existing poles on Center St. and access to change faceplates on 2 existing poles on 1st St."
ENC25-0149,Started,Encroachment,4/16/2025,,"18220 Comstock Ave Agua Caliente [AGU]",052-233-036,$0.00,$0.00,"PM 35609504 - PG&E to replace pole and OH services, road closure needed"
ENC25-0150,Started,Encroachment,4/16/2025,,"3411 Hillcrest Ave Graton [GRA]",074-100-020,$0.00,$0.00,"PG&E to remove and install new joint pole. Install new OH transformer on pole. Remove OH services at various pole locations along Hillcrest Ave. Temporary Road closure needed along Hillcrest Ave to complete work for Loc 1-9. Loc 10 to remove and replace OH fuse (Pole located at NE corner of Acreage Ln & Graton Rd) PM 35439820"
ENC25-0151,Started,Encroachment,4/17/2025,,"9002 Los Guilicos Ave Kenwood [KEN]",050-275-031,$0.00,$0.00,"FRONTIER FTTH 5330593: Frontier to place conduit, place aerial and UG cable."
ENC25-0152,Started,Encroachment,4/17/2025,,"94 Randolph Ave Kenwood [KEN]",050-275-014,$0.00,$0.00,"FRONTIER FTTH 5330596: Frontier to place aerial/UG cable."
ENC25-0153,Started,Encroachment,4/18/2025,,"20818 5th St E Sonoma [SON]",128-371-011,$0.00,$0.00,"PM 2057102 (5th Street Road Closure) PG&E contractor to perform vegetation work on overhead electrical assets Full Road Closure 3 Day Closure Rd Closed between Napa Rd and Peru Detour to take place around for vehicles"
ENC25-0154,Started,Encroachment,4/21/2025,,"90 Lichtenberg Ave Agua Caliente [AGU]",056-303-008,$0.00,$0.00,"PLACE NEW RETROFIT PFP ON EXISTING CONCRETE PAD. TCP TO ACCESS MH#310, MH#308, MH#17561"
ENC25-0155,Started,Encroachment,4/21/2025,,"1355 Rose Ave Penngrove [PEN]",047-021-035,$0.00,$0.00,"Place 4'' utility line from pole to property."
ENC25-0156,"Plan Check",Encroachment,4/21/2025,,"17940 Escalon Dr Agua Caliente [AGU]",133-172-006,$281.61,$0.00,"[PC1 Cmnts 05.01.2025] Driveway entrance upgrade - SS removal and cap at main, Water hook-up - BLD25-1029"
ENC25-0157,Started,Encroachment,4/21/2025,,"1200 Morningside Mountain Dr Glen Ellen [GLE]",054-120-047,$0.00,$0.00,"Construct a dry trench for electrical and cable for 3 parcels"
ENC25-0158,Started,Encroachment,4/22/2025,,"245 Spring Mountain Summit Trl Rincon Valley [RIN]",028-260-041,$281.61,$0.00,"[PC Invoiced 4/22/25] ENP23-0005 Traffic control plan and minor shoulder work associated with GRD22-0245."
ENC25-0159,Started,Encroachment,4/22/2025,,"133 Greene St Kenwood [KEN]",050-290-015,$0.00,$0.00,"FRONTIER FTTH 5330591: Frontier to place conduit, place aerial and UG cable along varlous locations. Please see TCP for locatons."
ENC25-0160,Started,Encroachment,4/22/2025,,"969 Buckeye Rd Kenwood [KEN]",050-070-020,$0.00,$0.00,"FRONTIER FTTH 5330598: Frontier to overlash aerial cable to existing strand and place UG cable into existing condit."
ENC25-0161,Started,Encroachment,4/23/2025,,"100 Adobe Canyon Rd Kenwood [KEN]",051-040-033,$0.00,$0.00,"FRONTIER FTTH 5330590: Frontier to place cable into proposed conduit and overlash aerial cable to existing strand along ADOBE CANYON RD."
ENC25-0162,Started,Encroachment,4/24/2025,,"20490 Harrington Dr Sonoma [SON]",128-162-001,$0.00,$0.00,"Encroachment permit to install sewer lateral in Harrington Dr to provide sewer service to 20490 Harrington, which has been annexed into Sewer district."
ENC25-0163,Started,Encroachment,4/24/2025,,"15290 Canyon 3 Rd Guerneville [GUE]",070-230-075,$0.00,$0.00,"PG&E to replace OH services on wood poles and install pole anchor. (Temporary road closure needed to complete work from 15340 Canyon 3 Rd to 15349 Canyon 3 Rd). PM 35453268"
ENC25-0164,Started,Encroachment,4/24/2025,,"1 Countywide",000-000-001,$6210.78,$0.00,"*PCAS EC250167* PG&E - Laurel Ave, Bay St, Grove St, & Railroad Ave, Sonoma. Utility trenching to install ±2,285 LF of new 2-inch HP Gas Main, abandon existing main and reconnect laterals. Pavement restoration to SPI 219A, 219B & 219C construction standards. PM 35329994"
ENC25-0165,"Plan Check",Encroachment,4/24/2025,,"1800 William Dr Penngrove [PEN]",047-294-001,$281.61,$0.00,"[PC Invoiced 4/28/25] Encroachment Permit for entrance per county standards"
ENC25-0166,Paid,Encroachment,4/24/2025,,"420 Walnut Ave Agua Caliente [AGU]",052-424-030,$281.61,$0.00,"[PC Invoiced] Replace sewer lateral from house foundation to sanitary district's main sewer line."
ENC25-0167,Paid,Encroachment,4/24/2025,,"962 Yuba Dr Bellevue [BEL]",134-031-063,$281.61,$0.00,"[PC Invoiced 4/28/25] Culvert replacement/ installation"
ENC25-0168,Started,Encroachment,4/25/2025,,"14180 Lovers Ln Guerneville [GUE]",072-140-019,$0.00,$0.00,"PG&E to replace OH Tx, replace OH services and install joint anchor at 4 wood pole locations along Lovers Ln. Temporary Road closure needed to complete work. PM 35437735"
ENC25-0169,Started,Encroachment,4/25/2025,,"120 Jewett Rd Petaluma [PET]",113-200-007,$0.00,$0.00,"This project proposes to tie in at Pole #1 to overlash approx. 416 ft. of new cable along 3 existing Poles up to COUNTY R.O.W. #JB2164466 Target address 130 Jewett rd."
ENC25-0170,Started,Encroachment,4/30/2025,,"20794 Heron Dr Bodega Bay [BBY]",100-310-035,$0.00,$0.00,"trench for electrical service upgrade"
GRD23-,,,,,,,,,
0237.R01,Started,"Grading Permit",4/30/2025,,"2560 Meier Rd Sebastopol [SEB]",063-150-027,$0.00,$0.00,
GRD24-,,,,,,,,,
0098.R01,Check,"Grading Permit",4/18/2025,,"1924 Joy Rd Occidental [OCC]",073-240-038,$0.00,$0.00,"Engineered grading and drainage improvements for building pads, dirt access roads & to remedy grading violation (VGR23-0019). Revision removes pads & drainage features & returns area to pre-violation state."
GRD25-0062,Check,"Grading Permit",4/7/2025,,"1815 E Railroad Ave Penngrove [PEN]",047-111-039,$3450.79,$0.00,"This permit application is for grading that was already completed on property known as 1815 E Railroad Ave, Penngrove, CA. This is a large 180 Acre parcel of land APN 047-111-039. The grading took place on this parcel in the vicinity of GPS location 38.3144462, -122.6554240. These documents will describe the planning and execution of that grading. LIST OF DOCUMENTS I. Grading plan COVER PAGE II. Background III. Initial State of property IV. Grading plan narrative V. Grading diagrams VI. USGS TOPO map of this parcel VII. Materials calculations VIII. Drainage narrative VGR25-0009"
GRD25-0063,"Awaiting Applicant Response","Grading Permit",4/8/2025,,"9100 Cypress Ave Cotati [COT]",046-223-031,$0.00,$0.00,"Construction Road"
GRD25-0065,"Resubmittal Requested","Grading Permit",4/9/2025,,"39750 Leeward Rd Sea Ranch [SEA]",156-300-006,$3441.87,$0.00,"Grading & Drainage Improvements for (P) SFD, Driveway, and Associated Parking Area"
GRD25-0066,"Plan Check Comments Sent","Grading Permit",4/14/2025,,"1901 Frates Rd Petaluma [PET]",017-140-011,$477.98,$0.00,"Obtain a permit for soils stock on a defined portion of the subject property for future use."
GRD25-0068,Check,"Grading Permit",4/15/2025,,"22611 Coleman Valley Rd Bodega Bay [BBY]",101-070-006,$3381.09,$0.00,"Requires Renewal of GRD11-0174 - see Thomas Haugg - *Grading Self- Certification* Grading & Drainage Improvements for an (E) Driveway"
GRD25-0069,"Awaiting Applicant Response","Grading Permit",4/16/2025,,"2445 Roberts Rd Penngrove [PEN]",047-122-033,$0.00,$0.00,"Work will be done to 2445 Roberts Road, Penngrove, CA 94951 (parcel #047- 122-033) to level land for horse pasture. Low spots to be filled and higher areas to be cut to establish uniform grade and positive drainage to the West. 4,000 to 5,000 CY of imported fill will be required for this grading. Berm and creek to the North to remain unchanged."
GRD25-0070,,,4/18/2025,,"693 Red Tail Rd Windsor [WIN]",086-140-004,$3381.09,$0.00,"Legalize VGR20-0027 - Grading & Drainage Improvements to bring (E) Grading and Unpermitted Culvert into Compliance"
GRD25-0072,Check,"Grading Permit",4/22/2025,,"4178 Whistler Ave Bellevue [BEL]",045-012-003,$3352.02,$0.00,"Grading plan to remove fill and clear grading violations VGR15-0030 and VGR20-0015."
GRD25-0073,Check,"Grading Permit",4/22/2025,,"33700 Tin Barn Rd Fort Ross [FTR]",109-260-002,$4163.43,$0.00,"Import of clean fill from County Road department to fill abandoned wagon road. Renewal of GRD19-0211 site #1"
GRD25-0074,,,4/24/2025,,"20580 Palmer Ave Sonoma [SON]",128-311-078,$3238.25,$0.00,"*Self-Certified* Grading & Drainage for New Driveway, Connection to Private Roadway, ADU, & Patio - Request to process this permit under the new Engineer Self Certification program and confirmed eligibility with Nathan Quarles"
GRD25-0075,,,4/26/2025,,"14050 Bodega Hwy Twin Hills [TWI]",026-100-011,$3353.51,$0.00,"Redevelop (e) ranch trail for use as SFD driveway at 14050 Bodega Hwy, Sebastopol CA 95472"
GRD25-0076,,,4/27/2025,,"1889 Riebli Rd Mark West Springs [MWS]",029-210-029,$3352.02,$0.00,"Engineered grading for a 2.1 ac-ft landscape pond at 1889 Riebli Road Santa Rosa CA 95404"
GRD25-0077,Check,"Grading Permit",4/27/2025,,"4327 Chico Ave Bellevue [BEL]",035-071-031,$3381.09,$0.00,"Legalize Grading & Drainage of Driveway to clear VGR25-0004"
GRD25-0078,Check,"Grading Permit",4/28/2025,,"33700 Tin Barn Rd Annapolis [ANN]",123-190-001,$0.00,$0.00,"Grading to place clean borrow from County road cleanup sites on a large remote rural west-county ranch. Renewal of GRD19-0211 Site #2"
GRD25-0078,Check,"Grading Permit",4/28/2025,,"33700 Tin Barn Rd Fort Ross [FTR]",123-190-001,$0.00,$0.00,"Grading to place clean borrow from County road cleanup sites on a large remote rural west-county ranch. Renewal of GRD19-0211 Site #2"
GRD25-0079,Started,"Grading Permit",4/30/2025,,"1747 Schultz Rd Kenwood [KEN]",050-100-011,$0.00,$0.00,"These engineered grading and drainage plans are being prepared for the purpose of improving/extending parking, fire safe turnaround, private driveway access and pad for residence/garage reconstruction. (2017 Sonoma Complex Fire Rebuild)"
SEP25-0088,Finaled,"Septic Permit",4/1/2025,04/14/2025,"3415 Harrison Grade Rd Graton [GRA]",074-050-021,$1217.63,$0.00,"TANK ONLY REPLACEMENT"
SEP25-0089,Check,"Septic Permit",4/3/2025,,"3400 Rolling Oaks Rd Rincon Valley [RIN]",029-240-002,$606.59,$0.00,"Tank only plan for proposed ADU (3400 Rolling Oaks Rd)"
SEP25-0090,"Plan Check Comments Sent","Septic Permit",4/4/2025,,"570 Watmaugh Rd E 062620 Sonoma [SON]",128-372-014,$1351.27,$0.00,"6-bedroom mound septic system design (570 E Watmaugh Rd)"
SEP25-0091,"Plan Check Comments Sent","Septic Permit",4/7/2025,,"6400 Cockrill St Bloomfield [BLO]",027-100-026,$1389.27,$0.00,"New non-standard septic system for proposed 4-bedroom SFD & 1 bedroom future ADU."
SEP25-0092,"Plan Check Comments Sent","Septic Permit",4/7/2025,,"4890 Grange Rd Bennett Valley [BEN]",049-091-031,$650.63,$0.00,"Tank only permit for new tank connecting to existing 4 bedroom ADU"
SEP25-0093,"Plan Check Comments Sent","Septic Permit",4/8/2025,,"1745 Sextonview Ln Twin Hills [TWI]",077-040-010,$1389.27,$0.00,"New 9-Bedroom Drip Dispersal System for (E) 2-Bedroom SFD, (P) 3- Bedroom ADU, (P) 1-Bedroom Guest House, & (P) 3-Bedroom Addition"
SEP25-0094,"Application Accepted/In Review","Septic Permit",4/8/2025,,"7530 Occidental Rd Graton [GRA]",130-261-005,$1351.27,$0.00,"add pretreatment unit to allow for existing 4-bedroom house to be relocated"
SEP25-0095,Check,"Septic Permit",4/8/2025,,"23000 Arnold Dr Sonoma [SON]",128-461-015,$612.63,$0.00,"Existing septic tank replacement"
SEP25-0096,Finaled,"Septic Permit",4/9/2025,04/23/2025,"2552 Linwood Ave Santa Rosa [SR]",044-200-040,$747.59,$0.00,"Destruction of Septic Tanks on the parcel number 044-200-040 Addresses 2552, 2564, 2862 Linwood Ave Santa Rosa, CA"
SEP25-0097,Check,"Septic Permit",4/10/2025,,"6192 Westside Rd Healdsburg [HEA]",110-170-012,$1190.44,$0.00,"Standard Septic System for 4 bedrooms"
SEP25-0098,Check,"Septic Permit",4/10/2025,,"1235 Castle Rd Sonoma [SON]",127-181-039,$1228.44,$0.00,"Proposed 8-bedroom standard septic system to support a proposed remodel and addition to an existing residence"
SEP25-0099,Finaled,"Septic Permit",4/10/2025,04/10/2025,"11055 Terrace Dr Forestville [FOR]",082-280-077,$646.29,$0.00,"Demolition and abandonment of existing septic tank. Tank is an old redwood box and is located underneath the deck."
SEP25-0100,Finaled,"Septic Permit",4/11/2025,04/22/2025,"2574 Linwood Ave Santa Rosa [SR]",044-200-029,$684.29,$0.00,"Removing the 2 septic tanks on the parcel 044-200-029 The addresses of the septic tanks are 2574 and 2578 linwood ave"
SEP25-0101,Finaled,"Septic Permit",4/11/2025,04/23/2025,"2842 Linwood Ave Santa Rosa [SR]",044-200-027,$747.59,$0.00,"Removal of septic tank on parcel 044-200-027 address 2842 linwood ave"
SEP25-0102,"Plan Check Comments Sent","Septic Permit",4/13/2025,,"1180 Stage Gulch Rd Sonoma [SON]",068-050-030,$612.63,$0.00,"Install New 1200gl Concrete Septic tank with risers and filter Abandon existing septic tank"
SEP25-0103,"Plan Check Comments Sent","Septic Permit",4/14/2025,,"833 Limerick Ln Windsor [WIN]",086-080-049,$612.63,$0.00,"Tank replacement"
SEP25-0104,Issued,"Septic Permit",4/15/2025,04/30/2025,"5677 Wild View Way Mark West Springs [MWS]",028-090-074,$3060.27,$0.00,"New At-Grade Drip system for a future 2 bedroom ADU at 240 GPD"
SEP25-0105,"Plan Check Comments Sent","Septic Permit",4/16/2025,,"6090 Clara Ln Forestville [FOR]",083-072-033,$920.22,$0.00,"Septic Repair to (E) Draining Leach Line – Replace (E) Damaged Leach Line, Install (N) Risers on (E) Tank with Screw Down Lids, Seal Risers to Tank using Rapid-Set Non-Shrink Grout, Effluent Drain Line from Tank Outlet to Distribution Boxes may be replaced if needed"
SEP25-0106,"Plan Check Comments Sent","Septic Permit",4/16/2025,,"2338 Mill Creek Ln Healdsburg [HEA]",110-330-038,$1389.27,$0.00,"CONSTRUCTION OF A SUBSURFACE, DRIP DISPOSAL SEPTIC SYSTEM FOR A, PROPOSED 2 BEDROOM ADU"
SEP25-0107,Check,"Septic Permit",4/16/2025,,"100 Railroad Ave Camp Meeker [CAM]",075-143-004,$1190.44,$0.00,"Convert (E) Cesspool to Seepage Pit, Install (N) 750 Gallon IAPMO Approved Poly Septic Tank, Perform Water Tightness Test"
SEP25-0108,"Plan Check Comments Sent","Septic Permit",4/18/2025,,"2650 Knob Hill Rd Sonoma [SON]",135-021-010,$1351.27,$0.00,"New, Proposed Mound Septic System to serve 4 bed SFD for a vacant parcel"
SEP25-0109,"Plan Check Comments Sent","Septic Permit",4/18/2025,,"1761 Olivet Rd Santa Rosa [SRO]",057-022-022,$1389.27,$0.00,"New, Proposed 5 bedroom mound septic system to serve 3 bed SFD & 2 bed ADU"
SEP25-0110,Check,"Septic Permit",4/21/2025,,"22071 Bonness Rd Sonoma [SON]",142-071-013,$1351.27,$0.00,"Replacement 980 GPD Surface Grade Drip System for (E) Dog Kennel & SFD"
SEP25-0111,Check,"Septic Permit",4/23/2025,,"4921 Bennett Valley Rd Bennett Valley [BEN]",049-140-033,$1389.27,$0.00,"Proposed (1) Bdr Mound system for (1) Bdr ADU and (4) Bdr At-Grade Drip system for (E) 3Bdr SFD, and (N) (1)Bdr ADU. The purpose of this sewage disposal system plan is to support the conversion of an existing barn to a one bedroom ADU. The existing 4 bedroom standard system approved under Permit Number S-794579 does not meet current standards for code compliant system. A 1 bedroom mound system is proposed for the 1 bedroom ADU. A 4 bedroom At-Grade Drip system is proposed for the existing 3 bedroom residence and new 1 bedroom ADU."
SEP25-0112,Check,"Septic Permit",4/24/2025,,"1111 Wikiup Dr Windsor [WIN]",039-170-010,$136.00,$0.00,"EVT17-04455 Septic Tank Destruction - 2017 Sonoma Complex Fire"
SEP25-0113,Pre-Issue,"Septic Permit",4/27/2025,,"5600 Cazadero Hwy Guerneville [GUE]",106-040-072,$2419.04,$0.00,"Emergency Repair Septic System Installation Permit"
SEP25-0114,Check,"Septic Permit",4/28/2025,,"11820 BARNETT VALLEY Rd Twin Hills [TWI]",073-080-079,$858.11,$0.00,"Standard Gravity System; Proposed 2bdrm ADU."
SEP25-0115,Check,"Septic Permit",4/28/2025,,"1400 High School Rd Graton [GRA]",060-303-018,$920.22,$0.00,"Septic Repair (Standard System)"
SEP25-0116,"Application Accepted/In Review","Septic Permit",4/28/2025,,"369 Horn Ave Bellevue [BEL]",045-161-035,$612.63,$0.00,"septic tank replacement"
SEP25-0117,"Application Accepted/In Review","Septic Permit",4/29/2025,,"1041 Middle Two Rock Rd Petaluma [PET]",021-050-007,$0.00,$0.00,"New 5-Bedroom Mound System for (E) SFD & Future SFD"
SEP25-0118,"Awaiting Applicant Response","Septic Permit",4/29/2025,,"11146 Dell Ave Forestville [FOR]",081-041-027,$0.00,$0.00,"Cesspool conversion to seepage pit (11146 Dell Ave)"
SEP25-0119,Check,"Septic Permit",4/29/2025,,"3000 Rio Lindo Ave Healdsburg [HEA]",088-030-013,$1190.44,$0.00,"Standard Septic System for a proposed 3 bedroom"
SEP25-0120,Check,"Septic Permit",4/29/2025,,"300 W North St Healdsburg [HEA]",088-220-039,$1351.27,$0.00,"Expansion of Mound System to 5 bedrooms"
SEP25-0121,Started,"Septic Permit",4/30/2025,,"1 Countywide",000-000-001,$0.00,$0.00,"Septic had failed no leach line “To repair septic failure and correct violation VWS25-0012”"
SEP25-0122,"Application Accepted/In Review","Septic Permit",4/30/2025,,"841 Leslie Rd Windsor [WIN]",079-200-007,$1203.00,$0.00,"EVT19-02092 Standard Septic for proposed 4 bedroom system"
SEP25-0123,"Application Accepted/In Review","Septic Permit",4/30/2025,,"1747 Schultz Rd Kenwood [KEN]",050-100-011,$419.00,$0.00,"EVT17-05292 New Septic and Sump tank pumping to existing septic system for fire rebuild. No increase in bedroom count or wastewater flow. Location of new house has moved, 100% reserve area identified for At-Grade septic system."
SEP25-0124,Check,"Septic Permit",4/30/2025,,"20490 Harrington Dr Sonoma [SON]",128-162-001,$144.23,$0.00,"disconnect your septic service and connect to sewer septic deconstruct"
SEW25-0039,Check,"Sewer Construction",4/2/2025,,"216 De Chene Ave Agua Caliente [AGU]",056-201-021,$1274.35,$0.00,"Replacement restroom (prefabricated building). No expansion in use anticipated."
SEW25-0040,Check,"Sewer Construction",4/2/2025,,"432 E Napa St Sonoma [SO]",018-860-001,$282.63,$0.00,"Connect a new ADU to an existing sewer connection"
SEW25-0042,Check,"Sewer Construction",4/7/2025,,"3280 Hicks Rd Graton [GRA]",130-146-003,$2997.50,$0.00,"Sewer Main Extension for parcel annexed into Graton Community Services District."
SEW25-0043,Check,"Sewer Construction",4/8/2025,,"17940 Escalon Dr Agua Caliente [AGU]",133-172-006,$282.63,$0.00,"Capping of the sewer lateral for DEM25-0089 and construction of sewer lateral for new structure under BLD25-1029."
SEW25-0044,Check,"Sewer Construction",4/13/2025,,"1111 Wikiup Dr Windsor [WIN]",039-170-010,$282.63,$0.00,"Connect new sewer lateral for new residence to existing sewer lateral. Removal of any remaining abandoned waste piping, pumps, etc."
SEW25-0045,Check,"Sewer Construction",4/14/2025,,"18080 Myrtle Ave Agua Caliente [AGU]",056-392-016,$282.63,$0.00,"Replace section of upper lateral to fix split."
SEW25-0046,Check,"Sewer Construction",4/15/2025,,"16320 Valley Ln Guerneville [GUE]",069-270-008,$282.63,$0.00,"Connect new sewer and water line for a new ADU. Pump required."
SEW25-0047,Check,"Sewer Construction",4/16/2025,,"471 York Ct Sonoma [SO]",018-382-035,$282.63,$0.00,"Connect new SFD to existing sewer lateral at clean out at sidewalk."
SEW25-0048,"Awaiting Applicant Response","Sewer Construction",4/18/2025,,"122 Serres Dr Glen Ellen [GLE]",056-063-003,$0.00,$0.00,"Connect new Sewer line for proposed ADU to existing sewer line on property at 122 Serres Drive, Sonoma, California 95476"
SEW25-0049,Check,"Sewer Construction",4/24/2025,,"20490 Harrington Dr Sonoma [SON]",128-162-001,$282.63,$0.00,"Install lower and upper sewer lateral. Existing property currently connected to septic system and has been annexed into sewer district."
SEW25-0050,Check,"Sewer Construction",4/24/2025,,"420 Walnut Ave Agua Caliente [AGU]",052-424-030,$282.63,$0.00,"Replace sewer lateral from house foundation to sanitary district's main sewer line. 3' x 4' pothole required at the main. 4"" HDPE pipe by pipe bursting and open trench method. Install clean-out and backup prevention device at foundation."
SEW25-0053,Check,"Sewer Construction",4/25/2025,,"16750 Meadow Oaks Dr Glen Ellen [GLE]",056-062-008,$282.63,$0.00,"Connect new SFD to an existing sewer lateral."
SEW25-0055,Started,"Sewer Construction",4/29/2025,,"411 Patten St Sonoma [SO]",018-321-021,$0.00,$0.00,"Sewer Lateral Extension to Support Garage Conversion to JADU"
SEW25-0056,Started,"Sewer Construction",4/29/2025,,"175 Airport Blvd Windsor [WIN]",039-025-028,$0.00,$0.00,"Hold until IMP24-0006 is approved - EP24240020 - Construct 9 new manholes, 8-inch sewer main and 57 lower laterals for Airport Boulevard Subdivision - bonding - separate SEW for each upper lateral - connection on M80-2_M75-2"
SEW25-0057,Started,"Sewer Construction",4/30/2025,,"660 Oak Ln Sonoma [SO]",018-670-017,$0.00,$0.00,"Connecting to existing sewer lateral stub for new single family home"
SEW25-0038,Finaled,"Sewer Fee Only",4/1/2025,,"755 Craig Ave Agua Caliente [AGU]",052-216-041,$231.69,$0.00,"Add 0.40 ESD for conversion of garage to ADU & storage. Connecting in May 2025"
SEW25-0052,Started,"Sewer Fee Only",4/25/2025,,"265 Grey Whale Sea Ranch [SEA]",156-410-019,$4257.15,$0.00,"Add 1.00 ESD for SFD. This invoice covers full service fees for FY24-25, FY23- 24 and pro-rated service fees for FY22-23."
SEW25-0054,Finaled,"Sewer Fee Only",4/28/2025,,"16035 Brookdale Dr Guerneville [GUE]",069-220-011,$1057.82,$0.00,"Add 0.40 ESD in RRCSD for existing ADU. See BLD25-1985"
BLD25-1824,Issued,Solar-SolarAPP,4/3/2025,04/03/2025,"14614 Jomark Ln Camp Meeker [CAM]",074-340-022,$454.00,$0.00,"Install 4kw Solar System, 10 Panels 10 Micro-Inverters"
BLD25-1825,Issued,Solar-SolarAPP,4/3/2025,04/03/2025,"15760 Pozzan Rd Healdsburg [HEA]",089-050-020,$454.00,$0.00,"2.5kw roof mount solar array"
BLD25-1844,Issued,Solar-SolarAPP,4/4/2025,04/04/2025,"18219 Robin Ave Agua Caliente [AGU]",052-573-011,$522.88,$0.00,"Installation of a 6.56 kW roof mounted PV system, 1 Enphase 5P battery, 125 A MPU"
BLD25-1848,Issued,Solar-SolarAPP,4/4/2025,04/04/2025,"7447 Saraview Way Twin Hills [TWI]",076-011-051,$522.88,$0.00,"Photovoltaic system 5.2kW system size roof mount. 13 modules and microinverters with 1 Enphase battery"
BLD25-1870,Issued,Solar-SolarAPP,4/7/2025,04/07/2025,"64 Balma Ln Cotati [COT]",024-104-023,$522.88,$0.00,"6.885KW DC PV system roof mounted w/ storage and MPU"
BLD25-1939,Issued,Solar-SolarAPP,4/9/2025,04/09/2025,"4200 Wallace Rd Rincon Valley [RIN]",029-080-059,$522.88,$0.00,"Provide and Install one 11.34 KW solar array system with two Franklin 13.6 KWH batteries"
BLD25-1991,Issued,Solar-SolarAPP,4/11/2025,04/11/2025,"25 Wambold Ln Cotati [COT]",024-105-047,$522.88,$0.00,"PV SOLAR 10.53KW DC, 23KW AC, (26) MODULES, (1) 13.5KWh ESS"
BLD25-2071,Finaled,Solar-SolarAPP,4/15/2025,04/15/2025,"2080 Magnolia Ave A Petaluma [PET]",048-092-034,$522.88,$0.00,"2080 Magnolia Ave - Install 10.92 PV system on roof and 13.5 kW ESS"
BLD25-2112,Issued,Solar-SolarAPP,4/17/2025,04/17/2025,"7878 Hwy 116 S Cotati [COT]",046-421-005,$522.88,$0.00,"PV roof mount 10.580 kW, 23 panels,1 POWERWALL 3 and Existing electrical panel."
BLD25-2183,Issued,Solar-SolarAPP,4/21/2025,04/21/2025,"4847 Daywalt Rd Sebastopol [SEB]",062-220-019,$522.88,$0.00,"PV SOLAR 5925W DC, 23000W AC, (15) MODULES, (2) 13.5KWh ESS, MAIN PANEL REPLACEMENT"
BLD25-2196,Issued,Solar-SolarAPP,4/21/2025,04/21/2025,"2567 Laguna Rd Graton [GRA]",078-140-079,$567.88,$0.00,"PV Solar 17.01KW DC, 23KW AC (42) MODULES, (2) 13.5KWh ESS, NEW 225A SUB PANEL"
BLD25-2239,Issued,Solar-SolarAPP,4/22/2025,04/22/2025,"4736 Cambridge Ct Windsor [WIN]",058-194-010,$522.88,$0.00,"5.330 kW DC PV, 10 kWh ESS, (13) Solar Modules, (13) Micro Inverter, (2) Enphase Battery, (1) System Controller, (1) 125A Combiner, (1) ESS Disconnect Switch, (1) 125A Load Center"
BLD25-2348,Issued,Solar-SolarAPP,4/25/2025,04/25/2025,"20726 Temelec Dr Sonoma [SON]",142-170-044,$522.88,$0.00,"RMS: 3.24 KW/DC, 3.8 KW/AC, 8 MODS/OPT, 1 INV, 1 ESS (9.7KW), 1 BUI, 1 ELP 125A & EXIST MSP 100A/100BUSS"
BLD25-2370,Issued,Solar-SolarAPP,4/28/2025,04/28/2025,"536 Carriage Ct Windsor [WIN]",039-230-010,$552.88,$0.00,"PV SOLAR 16.81KW DC, 11.5K AC, (41) MODULES, (2) 13.5 KWh ESS"
BLD25-2373,Issued,Solar-SolarAPP,4/28/2025,04/28/2025,"11941 Hillside Rd Forestville [FOR]",081-281-051,$522.88,$0.00,"PV SOLAR 5.74KW DC, 11.5KW AC, (14) MODULES, (1) 13.5KWh ESS, New 100AMP Sub-Panel"
BLD25-2374,Issued,Solar-SolarAPP,4/28/2025,04/28/2025,"71 Geyser Ridge Way Geyserville [GEY]",140-160-034,$522.88,$0.00,"Installing 5.67kW Roof Mounted PV Solar+ESS"
BLD25-2387,Issued,Solar-SolarAPP,4/28/2025,04/28/2025,"115 Vallejo Ave Agua Caliente [AGU]",056-413-001,$522.88,$0.00,"PV Roof Mount: 13 Modules; 5.265kW; Existing Main 100A; SolarEdge Battery W/ BUI"
BLD25-2405,Issued,Solar-SolarAPP,4/29/2025,04/29/2025,"883 Princeton Dr Agua Caliente [AGU]",052-830-004,$522.88,$0.00,"Residential Roof-Mounted Solar: 4.455kW/DC, 11 Mods, Existing MSP, ESS and Back up BUI"
WEL25-0160,Issued,"Well Permit",4/3/2025,04/22/2025,"5817 Hwy 12 Santa Rosa [SR]",031-090-041,$1020.09,$0.00,"(5) Geotech Borings for Geotechnical Subsurface Exploration & will be backfilled the same day they are drilled (applying on behalf of drilling contractor who gave their permission)"
WEL25-0161,"Resubmittal Requested","Well Permit",4/7/2025,,"851 Brittain Ln Santa Rosa [SR]",035-063-035,$306.72,$0.00,Destruct
WEL25-0162,Issued,"Well Permit",4/7/2025,04/23/2025,"3821 Porter Creek Rd Mark West Springs [MWS]",028-080-033,$1020.09,$0.00,"exploratory boring project, digging for samples then backfilling (no wells, no septic). 4 proposed boreholes @ targeted depths ranging from 200 ft to 400 ft."
WEL25-0163,"Resubmittal Requested","Well Permit",4/8/2025,,"3683 Canfield Rd Twin Hills [TWI]",025-080-003,$918.43,$0.00,"Drill new Class II well, destroy current well. OUT OF WATER, failing well produces dirty water with strong odor"
WEL25-0164,"Resubmittal Requested","Well Permit",4/8/2025,,"12015 Old Redwood Hwy Windsor [WIN]",086-120-005,$956.43,$0.00,"Drill a domestic well using air rotary with 5"" PVC pipe inside a 8"" borehole. 1/8"" gravel pack will be used and .032"" slotted casing in the water zone. The well will be sealed with a 50' bentonite seal. All state and county standards will be followed for drilling."
WEL25-0165,Issued,"Well Permit",4/9/2025,04/22/2025,"3555 Napa Rd Sonoma [SON]",126-111-007,$1020.09,$0.00,"(1) Geotech Boring at Depth of 45 FT to obtain Geotechnical Soil Samples at Locations Shown on Aerial Image then Backfilled w/ Neat Cement Grout in Accordance with Sonoma County Environmental Health Services Division"
WEL25-0166,"Resubmittal Requested","Well Permit",4/10/2025,,"3150 Mill Creek Rd Healdsburg [HEA]",110-060-049,$767.53,$0.00,"Out of Water, Failed Ramsey Well, Drill New Class I Well"
WEL25-0167,Issued,"Well Permit",4/15/2025,04/24/2025,"4909 Hansen Dr Rincon Valley [RIN]",183-260-014,$1715.53,$0.00,"NEW RESIDENTIAL WELL TO SUPPLEMENT EXISTING LOW PRODUCING WELL. EXISTING WELL 6"" STEEL, 56' .66 ACRES"
WEL25-0168,Issued,"Well Permit",4/16/2025,04/24/2025,"9401 Ross Station Rd Forestville [FOR]",084-150-007,$1677.53,$0.00,"NEW WELL TO SUPPLEMENT EXISTING LOW PRODUCING WELL FOR RESIDENTIAL USE. EXISTING WELL 8"" STEEL, 30'. 1.25 ACRES - NO AG PREVIOUS WELL PERMIT WEL19-0247 EXPIRED - DID NOT DRILL"
WEL25-0169,"Resubmittal Received","Well Permit",4/21/2025,,"9035 Cypress Ave Cotati [COT]",046-222-042,$306.72,$0.00,"Well Destruct"
WEL25-0170,"Plan Check Comments Sent","Well Permit",4/22/2025,,"5720 Guerneville Rd Graton [GRA]",130-411-021,$918.43,$0.00,"Drill and construct a new water supply well and abandon existing well, class II"
WEL25-0171,"Resubmittal Received","Well Permit",4/23/2025,,"1700 Fulton Rd Santa Rosa [SR]",152-050-003,$610.09,$0.00,"Geotech (1) Boring"
WEL25-0172,"Pre- Due","Well Permit",4/25/2025,,"1700 Fulton Rd Santa Rosa [SR]",152-050-003,$1020.09,$0.00,"(2) Cone Penetration Tests / CPT"
WEL25-0173,Check,"Well Permit",4/25/2025,,"24691 Dutcher Creek Rd Geyserville [GEY]",139-050-021,$767.53,$0.00,"Drill and construct a new water supply well for residential use"
WEL25-0174,Check,"Well Permit",4/28/2025,,"445 Gold Ridge Rd Twin Hills [TWI]",077-010-069,$610.09,$0.00,"Proposed work: drill two borings using 8-inch-diameter hollow-stem auger to 30-50 feet below the ground surface and tremie grout to surface upon completion."
WEL25-0175,"Resubmittal Requested","Well Permit",4/28/2025,,"999 Accela Way",007-171-016,$610.09,$0.00,"3 CPT"
WEL25-0175,"Resubmittal Requested","Well Permit",4/28/2025,,"999 Accela Way Petaluma [PE]",007-171-016,$610.09,$0.00,"3 CPT"
WEL25-0176,"Plan Check Comments Sent","Well Permit",4/29/2025,,"4955 Hessel Rd Sebastopol [SEB]",062-191-015,$956.43,$0.00,"OUT OF WATER NEW WELL TO REPLACE EXISTING NON PERFORMING WELL. 2.24 ACRES OPEN CONTAMINATION SITE W/I 2500'. EBA WATER SUPPLY WELL EVALUATION INCLUDED."
