raw_permit_id,parser_run_id,input_file_id,output_csv_file_id,csv_row_number,permit_number,status,description,address,parcel_number,paid_fee,fee,valuation,permit_type,sub_type,permit_type_clean,sub_type_clean,permit_number_normalized,status_normalized,description_normalized,address_normalized,parcel_number_normalized,paid_fee_normalized,fee_normalized,valuation_normalized,permit_type_normalized,sub_type_normalized,validation,validation_record_status,validation_address_status,validation_description_status,validation_fee_status,validation_paid_fee_status,validation_parcel_number_status,validation_permit_number_status,validation_permit_type_status,validation_status_status,validation_sub_type_status,validation_valuation_status,permit_number_prefix,paid_fee_bucket,fee_bucket,valuation_bucket,description_keywords,target_field,sub_type_true,sub_type_input,is_masked_type_subtype,predicted_value,prediction_source,algorithm,confidence,assigned_cluster,cluster_size,cluster_support_count
run_20260624_213303_698_row_000002,run_20260624_213303_698,run_20260624_213303_698_input,run_20260624_213303_698_csv,2,B21-00058,Issued,New 3-Story SFR (6147 sq. ft.) w/ attached 2-car garage and,"3,430 HERMOSA AVE",4181-033-015,"$27,417.02","$27,417.02","$1,156,958.90",Building - Full Plan Check,Full Plan Check,Building - Full Plan Check,Full Plan Check,B21-00058,Issued,New 3-Story SFR (6147 sq. ft.) w/ attached 2-car garage and,"3,430 HERMOSA AVE",4181-033-015,27417.02,27417.02,1156958.9,Building - Full Plan Check,Full Plan Check,"{'record_status': 'valid', 'fields': {'permit_number': {'status': 'valid', 'raw_value': 'B21-00058', 'normalized_value': 'B21-00058', 'messages': []}, 'status': {'status': 'valid', 'raw_value': 'Issued', 'normalized_value': 'Issued', 'messages': []}, 'description': {'status': 'valid', 'raw_value': 'New 3-Story SFR (6147 sq. ft.) w/ attached 2-car garage and', 'normalized_value': 'New 3-Story SFR (6147 sq. ft.) w/ attached 2-car garage and', 'messages': []}, 'address': {'status': 'valid', 'raw_value': '3,430 HERMOSA AVE', 'normalized_value': '3,430 HERMOSA AVE', 'messages': []}, 'parcel_number': {'status': 'valid', 'raw_value': '4181-033-015', 'normalized_value': '4181-033-015', 'messages': []}, 'paid_fee': {'status': 'valid', 'raw_value': '$27,417.02', 'normalized_value': 27417.02, 'messages': []}, 'fee': {'status': 'valid', 'raw_value': '$27,417.02', 'normalized_value': 27417.02, 'messages': []}, 'valuation': {'status': 'valid', 'raw_value': '$1,156,958.90', 'normalized_value': 1156958.9, 'messages': []}, 'permit_type': {'status': 'valid', 'raw_value': 'Building - Full Plan Check', 'normalized_value': 'Building - Full Plan Check', 'messages': []}, 'sub_type': {'status': 'valid', 'raw_value': 'Full Plan Check', 'normalized_value': 'Full Plan Check', 'messages': []}}, 'validated_at': '2026-06-24T21:33:12.567792+00:00'}",valid,valid,valid,valid,valid,valid,valid,valid,valid,valid,valid,B,10000_99999,10000_99999,100000_plus,mechanical,sub_type,Full Plan Check,Full Plan Check,0,,not_applicable,clustering,,,,
run_20260624_213303_698_row_000003,run_20260624_213303_698,run_20260624_213303_698_input,run_20260624_213303_698_csv,3,B24-00653,Issued,New 1 of 2 Unit condominium Unit 1 detached ( We will collect all,921 5TH ST,4186-015-005,"$50,974.18",,,Building - Full Plan Check,Full Plan Check,Building - Full Plan Check,Full Plan Check,B24-00653,Issued,New 1 of 2 Unit condominium Unit 1 detached ( We will collect all,921 5TH ST,4186-015-005,50974.18,,,Building - Full Plan Check,Full Plan Check,"{'record_status': 'valid', 'fields': {'permit_number': {'status': 'valid', 'raw_value': 'B24-00653', 'normalized_value': 'B24-00653', 'messages': []}, 'status': {'status': 'valid', 'raw_value': 'Issued', 'normalized_value': 'Issued', 'messages': []}, 'description': {'status': 'valid', 'raw_value': 'New 1 of 2 Unit condominium Unit 1 detached ( We will collect all', 'normalized_value': 'New 1 of 2 Unit condominium Unit 1 detached ( We will collect all', 'messages': []}, 'address': {'status': 'valid', 'raw_value': '921 5TH ST', 'normalized_value': '921 5TH ST', 'messages': []}, 'parcel_number': {'status': 'valid', 'raw_value': '4186-015-005', 'normalized_value': '4186-015-005', 'messages': []}, 'paid_fee': {'status': 'valid', 'raw_value': '$50,974.18', 'normalized_value': 50974.18, 'messages': []}, 'fee': {'status': 'missing', 'raw_value': None, 'normalized_value': None, 'messages': ['Field is missing']}, 'valuation': {'status': 'missing', 'raw_value': None, 'normalized_value': None, 'messages': ['Field is missing']}, 'permit_type': {'status': 'valid', 'raw_value': 'Building - Full Plan Check', 'normalized_value': 'Building - Full Plan Check', 'messages': []}, 'sub_type': {'status': 'valid', 'raw_value': 'Full Plan Check', 'normalized_value': 'Full Plan Check', 'messages': []}}, 'validated_at': '2026-06-24T21:33:12.567985+00:00'}",valid,valid,valid,missing,valid,valid,valid,valid,valid,valid,missing,B,10000_99999,missing,missing,mechanical,sub_type,Full Plan Check,Full Plan Check,0,,not_applicable,clustering,,,,
run_20260624_213303_698_row_000004,run_20260624_213303_698,run_20260624_213303_698_input,run_20260624_213303_698_csv,4,B25-00040,Issued,"Demo existing roofing, prep new deck joist system. Demo existing",620 6TH ST,4188-030-030,"$2,461.88","$2,461.88","$65,000.00",Building - Full Plan Check,Full Plan Check,Building - Full Plan Check,Full Plan Check,B25-00040,Issued,"Demo existing roofing, prep new deck joist system. Demo existing",620 6TH ST,4188-030-030,2461.88,2461.88,65000.0,Building - Full Plan Check,Full Plan Check,"{'record_status': 'valid', 'fields': {'permit_number': {'status': 'valid', 'raw_value': 'B25-00040', 'normalized_value': 'B25-00040', 'messages': []}, 'status': {'status': 'valid', 'raw_value': 'Issued', 'normalized_value': 'Issued', 'messages': []}, 'description': {'status': 'valid', 'raw_value': 'Demo existing roofing, prep new deck joist system. Demo existing', 'normalized_value': 'Demo existing roofing, prep new deck joist system. Demo existing', 'messages': []}, 'address': {'status': 'valid', 'raw_value': '620 6TH ST', 'normalized_value': '620 6TH ST', 'messages': []}, 'parcel_number': {'status': 'valid', 'raw_value': '4188-030-030', 'normalized_value': '4188-030-030', 'messages': []}, 'paid_fee': {'status': 'valid', 'raw_value': '$2,461.88', 'normalized_value': 2461.88, 'messages': []}, 'fee': {'status': 'valid', 'raw_value': '$2,461.88', 'normalized_value': 2461.88, 'messages': []}, 'valuation': {'status': 'valid', 'raw_value': '$65,000.00', 'normalized_value': 65000.0, 'messages': []}, 'permit_type': {'status': 'valid', 'raw_value': 'Building - Full Plan Check', 'normalized_value': 'Building - Full Plan Check', 'messages': []}, 'sub_type': {'status': 'valid', 'raw_value': 'Full Plan Check', 'normalized_value': 'Full Plan Check', 'messages': []}}, 'validated_at': '2026-06-24T21:33:12.568180+00:00'}",valid,valid,valid,valid,valid,valid,valid,valid,valid,valid,valid,B,1000_9999,1000_9999,10000_99999,roof+demolition,sub_type,Full Plan Check,Full Plan Check,0,,not_applicable,clustering,,,,
run_20260624_213303_698_row_000005,run_20260624_213303_698,run_20260624_213303_698_input,run_20260624_213303_698_csv,5,B25-00052,Issued,Add five ADUs in existing covered parking of apartment building .,720 21ST ST,4184-025-022,"$12,109.32","$12,109.32","$501,000.00",Building - Full Plan Check,Full Plan Check,Building - Full Plan Check,Full Plan Check,B25-00052,Issued,Add five ADUs in existing covered parking of apartment building .,720 21ST ST,4184-025-022,12109.32,12109.32,501000.0,Building - Full Plan Check,Full Plan Check,"{'record_status': 'valid', 'fields': {'permit_number': {'status': 'valid', 'raw_value': 'B25-00052', 'normalized_value': 'B25-00052', 'messages': []}, 'status': {'status': 'valid', 'raw_value': 'Issued', 'normalized_value': 'Issued', 'messages': []}, 'description': {'status': 'valid', 'raw_value': 'Add five ADUs in existing covered parking of apartment building .', 'normalized_value': 'Add five ADUs in existing covered parking of apartment building .', 'messages': []}, 'address': {'status': 'valid', 'raw_value': '720 21ST ST', 'normalized_value': '720 21ST ST', 'messages': []}, 'parcel_number': {'status': 'valid', 'raw_value': '4184-025-022', 'normalized_value': '4184-025-022', 'messages': []}, 'paid_fee': {'status': 'valid', 'raw_value': '$12,109.32', 'normalized_value': 12109.32, 'messages': []}, 'fee': {'status': 'valid', 'raw_value': '$12,109.32', 'normalized_value': 12109.32, 'messages': []}, 'valuation': {'status': 'valid', 'raw_value': '$501,000.00', 'normalized_value': 501000.0, 'messages': []}, 'permit_type': {'status': 'valid', 'raw_value': 'Building - Full Plan Check', 'normalized_value': 'Building - Full Plan Check', 'messages': []}, 'sub_type': {'status': 'valid', 'raw_value': 'Full Plan Check', 'normalized_value': 'Full Plan Check', 'messages': []}}, 'validated_at': '2026-06-24T21:33:12.568363+00:00'}",valid,valid,valid,valid,valid,valid,valid,valid,valid,valid,valid,B,10000_99999,10000_99999,100000_plus,other,sub_type,Full Plan Check,Full Plan Check,0,,not_applicable,clustering,,,,
run_20260624_213303_698_row_000006,run_20260624_213303_698,run_20260624_213303_698_input,run_20260624_213303_698_csv,6,B25-00073,Issued,Remodel of a single family residence with a addition of 142 sq ft.,846 18TH ST,4185-002-016,"$16,880.03","$16,880.03","$471,000.00",Building - Full Plan Check,Full Plan Check,Building - Full Plan Check,Full Plan Check,B25-00073,Issued,Remodel of a single family residence with a addition of 142 sq ft.,846 18TH ST,4185-002-016,16880.03,16880.03,471000.0,Building - Full Plan Check,Full Plan Check,"{'record_status': 'valid', 'fields': {'permit_number': {'status': 'valid', 'raw_value': 'B25-00073', 'normalized_value': 'B25-00073', 'messages': []}, 'status': {'status': 'valid', 'raw_value': 'Issued', 'normalized_value': 'Issued', 'messages': []}, 'description': {'status': 'valid', 'raw_value': 'Remodel of a single family residence with a addition of 142 sq ft.', 'normalized_value': 'Remodel of a single family residence with a addition of 142 sq ft.', 'messages': []}, 'address': {'status': 'valid', 'raw_value': '846 18TH ST', 'normalized_value': '846 18TH ST', 'messages': []}, 'parcel_number': {'status': 'valid', 'raw_value': '4185-002-016', 'normalized_value': '4185-002-016', 'messages': []}, 'paid_fee': {'status': 'valid', 'raw_value': '$16,880.03', 'normalized_value': 16880.03, 'messages': []}, 'fee': {'status': 'valid', 'raw_value': '$16,880.03', 'normalized_value': 16880.03, 'messages': []}, 'valuation': {'status': 'valid', 'raw_value': '$471,000.00', 'normalized_value': 471000.0, 'messages': []}, 'permit_type': {'status': 'valid', 'raw_value': 'Building - Full Plan Check', 'normalized_value': 'Building - Full Plan Check', 'messages': []}, 'sub_type': {'status': 'valid', 'raw_value': 'Full Plan Check', 'normalized_value': 'Full Plan Check', 'messages': []}}, 'validated_at': '2026-06-24T21:33:12.568571+00:00'}",valid,valid,valid,valid,valid,valid,valid,valid,valid,valid,valid,B,10000_99999,10000_99999,100000_plus,remodel+addition,sub_type,Full Plan Check,Full Plan Check,0,,not_applicable,clustering,,,,
run_20260624_213303_698_row_000007,run_20260624_213303_698,run_20260624_213303_698_input,run_20260624_213303_698_csv,7,B25-00221,Issued,Interior tenant improvement to become a medical office,"2,200 PACIFIC COAST HWY 214",4184-014-089,"$4,912.84","$4,912.84","$150,000.00",Building - Full Plan Check,Full Plan Check,Building - Full Plan Check,Full Plan Check,B25-00221,Issued,Interior tenant improvement to become a medical office,"2,200 PACIFIC COAST HWY 214",4184-014-089,4912.84,4912.84,150000.0,Building - Full Plan Check,Full Plan Check,"{'record_status': 'valid', 'fields': {'permit_number': {'status': 'valid', 'raw_value': 'B25-00221', 'normalized_value': 'B25-00221', 'messages': []}, 'status': {'status': 'valid', 'raw_value': 'Issued', 'normalized_value': 'Issued', 'messages': []}, 'description': {'status': 'valid', 'raw_value': 'Interior tenant improvement to become a medical office', 'normalized_value': 'Interior tenant improvement to become a medical office', 'messages': []}, 'address': {'status': 'valid', 'raw_value': '2,200 PACIFIC COAST HWY 214', 'normalized_value': '2,200 PACIFIC COAST HWY 214', 'messages': []}, 'parcel_number': {'status': 'valid', 'raw_value': '4184-014-089', 'normalized_value': '4184-014-089', 'messages': []}, 'paid_fee': {'status': 'valid', 'raw_value': '$4,912.84', 'normalized_value': 4912.84, 'messages': []}, 'fee': {'status': 'valid', 'raw_value': '$4,912.84', 'normalized_value': 4912.84, 'messages': []}, 'valuation': {'status': 'valid', 'raw_value': '$150,000.00', 'normalized_value': 150000.0, 'messages': []}, 'permit_type': {'status': 'valid', 'raw_value': 'Building - Full Plan Check', 'normalized_value': 'Building - Full Plan Check', 'messages': []}, 'sub_type': {'status': 'valid', 'raw_value': 'Full Plan Check', 'normalized_value': 'Full Plan Check', 'messages': []}}, 'validated_at': '2026-06-24T21:33:12.568748+00:00'}",valid,valid,valid,valid,valid,valid,valid,valid,valid,valid,valid,B,1000_9999,1000_9999,100000_plus,remodel,sub_type,Full Plan Check,Full Plan Check,0,,not_applicable,clustering,,,,
run_20260624_213303_698_row_000008,run_20260624_213303_698,run_20260624_213303_698_input,run_20260624_213303_698_csv,8,B25-00282,Issued,Interior warm shell tenant improvements to the exterior. First floor,200 LONGFELLOW AVE,4181-019-003,"$3,454.89","$3,454.89","$100,000.00",Building - Full Plan Check,Full Plan Check,Building - Full Plan Check,Full Plan Check,B25-00282,Issued,Interior warm shell tenant improvements to the exterior. First floor,200 LONGFELLOW AVE,4181-019-003,3454.89,3454.89,100000.0,Building - Full Plan Check,Full Plan Check,"{'record_status': 'valid', 'fields': {'permit_number': {'status': 'valid', 'raw_value': 'B25-00282', 'normalized_value': 'B25-00282', 'messages': []}, 'status': {'status': 'valid', 'raw_value': 'Issued', 'normalized_value': 'Issued', 'messages': []}, 'description': {'status': 'valid', 'raw_value': 'Interior warm shell tenant improvements to the exterior. First floor', 'normalized_value': 'Interior warm shell tenant improvements to the exterior. First floor', 'messages': []}, 'address': {'status': 'valid', 'raw_value': '200 LONGFELLOW AVE', 'normalized_value': '200 LONGFELLOW AVE', 'messages': []}, 'parcel_number': {'status': 'valid', 'raw_value': '4181-019-003', 'normalized_value': '4181-019-003', 'messages': []}, 'paid_fee': {'status': 'valid', 'raw_value': '$3,454.89', 'normalized_value': 3454.89, 'messages': []}, 'fee': {'status': 'valid', 'raw_value': '$3,454.89', 'normalized_value': 3454.89, 'messages': []}, 'valuation': {'status': 'valid', 'raw_value': '$100,000.00', 'normalized_value': 100000.0, 'messages': []}, 'permit_type': {'status': 'valid', 'raw_value': 'Building - Full Plan Check', 'normalized_value': 'Building - Full Plan Check', 'messages': []}, 'sub_type': {'status': 'valid', 'raw_value': 'Full Plan Check', 'normalized_value': 'Full Plan Check', 'messages': []}}, 'validated_at': '2026-06-24T21:33:12.568910+00:00'}",valid,valid,valid,valid,valid,valid,valid,valid,valid,valid,valid,B,1000_9999,1000_9999,100000_plus,remodel,sub_type,Full Plan Check,,1,Over The Counter,cluster_majority,clustering,0.42857142857142855,4,7,3
run_20260624_213303_698_row_000009,run_20260624_213303_698,run_20260624_213303_698_input,run_20260624_213303_698_csv,9,B25-00345,Issued,"Interior remodel including removal of fireplace in master bedroom,",850 17TH ST,4185-005-004,$631.07,$631.07,"$10,000.00",Building - Full Plan Check,Full Plan Check,Building - Full Plan Check,Full Plan Check,B25-00345,Issued,"Interior remodel including removal of fireplace in master bedroom,",850 17TH ST,4185-005-004,631.07,631.07,10000.0,Building - Full Plan Check,Full Plan Check,"{'record_status': 'valid', 'fields': {'permit_number': {'status': 'valid', 'raw_value': 'B25-00345', 'normalized_value': 'B25-00345', 'messages': []}, 'status': {'status': 'valid', 'raw_value': 'Issued', 'normalized_value': 'Issued', 'messages': []}, 'description': {'status': 'valid', 'raw_value': 'Interior remodel including removal of fireplace in master bedroom,', 'normalized_value': 'Interior remodel including removal of fireplace in master bedroom,', 'messages': []}, 'address': {'status': 'valid', 'raw_value': '850 17TH ST', 'normalized_value': '850 17TH ST', 'messages': []}, 'parcel_number': {'status': 'valid', 'raw_value': '4185-005-004', 'normalized_value': '4185-005-004', 'messages': []}, 'paid_fee': {'status': 'valid', 'raw_value': '$631.07', 'normalized_value': 631.07, 'messages': []}, 'fee': {'status': 'valid', 'raw_value': '$631.07', 'normalized_value': 631.07, 'messages': []}, 'valuation': {'status': 'valid', 'raw_value': '$10,000.00', 'normalized_value': 10000.0, 'messages': []}, 'permit_type': {'status': 'valid', 'raw_value': 'Building - Full Plan Check', 'normalized_value': 'Building - Full Plan Check', 'messages': []}, 'sub_type': {'status': 'valid', 'raw_value': 'Full Plan Check', 'normalized_value': 'Full Plan Check', 'messages': []}}, 'validated_at': '2026-06-24T21:33:12.569087+00:00'}",valid,valid,valid,valid,valid,valid,valid,valid,valid,valid,valid,B,2_999,2_999,10000_99999,mechanical+remodel,sub_type,Full Plan Check,,1,Over The Counter,cluster_majority,clustering,0.8461538461538461,6,13,11
run_20260624_213303_698_row_000010,run_20260624_213303_698,run_20260624_213303_698_input,run_20260624_213303_698_csv,10,B25-00385,Issued,New 1 of 2 Unit condominium Unit 2 detached ( We will collect all,923 5th ST,4186-015-005,$0.00,,,Building - Full Plan Check,Full Plan Check,Building - Full Plan Check,Full Plan Check,B25-00385,Issued,New 1 of 2 Unit condominium Unit 2 detached ( We will collect all,923 5th ST,4186-015-005,0.0,,,Building - Full Plan Check,Full Plan Check,"{'record_status': 'valid', 'fields': {'permit_number': {'status': 'valid', 'raw_value': 'B25-00385', 'normalized_value': 'B25-00385', 'messages': []}, 'status': {'status': 'valid', 'raw_value': 'Issued', 'normalized_value': 'Issued', 'messages': []}, 'description': {'status': 'valid', 'raw_value': 'New 1 of 2 Unit condominium Unit 2 detached ( We will collect all', 'normalized_value': 'New 1 of 2 Unit condominium Unit 2 detached ( We will collect all', 'messages': []}, 'address': {'status': 'valid', 'raw_value': '923 5th ST', 'normalized_value': '923 5th ST', 'messages': []}, 'parcel_number': {'status': 'valid', 'raw_value': '4186-015-005', 'normalized_value': '4186-015-005', 'messages': []}, 'paid_fee': {'status': 'valid', 'raw_value': '$0.00', 'normalized_value': 0.0, 'messages': []}, 'fee': {'status': 'missing', 'raw_value': None, 'normalized_value': None, 'messages': ['Field is missing']}, 'valuation': {'status': 'missing', 'raw_value': None, 'normalized_value': None, 'messages': ['Field is missing']}, 'permit_type': {'status': 'valid', 'raw_value': 'Building - Full Plan Check', 'normalized_value': 'Building - Full Plan Check', 'messages': []}, 'sub_type': {'status': 'valid', 'raw_value': 'Full Plan Check', 'normalized_value': 'Full Plan Check', 'messages': []}}, 'validated_at': '2026-06-24T21:33:12.569231+00:00'}",valid,valid,valid,missing,valid,valid,valid,valid,valid,valid,missing,B,le_1,missing,missing,mechanical,sub_type,Full Plan Check,,1,Over The Counter,cluster_majority,clustering,0.75,1,16,12
run_20260624_213303_698_row_000011,run_20260624_213303_698,run_20260624_213303_698_input,run_20260624_213303_698_csv,11,B21-00065,Issued,"Interior remodel, exterior recladding and new roof","2,415 MYRTLE AVE",4182-013-032,"$9,752.88","$9,752.88","$400,000.00",Building - In House Plan Check,In House Plan Check,Building - In House Plan Check,In House Plan Check,B21-00065,Issued,"Interior remodel, exterior recladding and new roof","2,415 MYRTLE AVE",4182-013-032,9752.88,9752.88,400000.0,Building - In House Plan Check,In House Plan Check,"{'record_status': 'valid', 'fields': {'permit_number': {'status': 'valid', 'raw_value': 'B21-00065', 'normalized_value': 'B21-00065', 'messages': []}, 'status': {'status': 'valid', 'raw_value': 'Issued', 'normalized_value': 'Issued', 'messages': []}, 'description': {'status': 'valid', 'raw_value': 'Interior remodel, exterior recladding and new roof', 'normalized_value': 'Interior remodel, exterior recladding and new roof', 'messages': []}, 'address': {'status': 'valid', 'raw_value': '2,415 MYRTLE AVE', 'normalized_value': '2,415 MYRTLE AVE', 'messages': []}, 'parcel_number': {'status': 'valid', 'raw_value': '4182-013-032', 'normalized_value': '4182-013-032', 'messages': []}, 'paid_fee': {'status': 'valid', 'raw_value': '$9,752.88', 'normalized_value': 9752.88, 'messages': []}, 'fee': {'status': 'valid', 'raw_value': '$9,752.88', 'normalized_value': 9752.88, 'messages': []}, 'valuation': {'status': 'valid', 'raw_value': '$400,000.00', 'normalized_value': 400000.0, 'messages': []}, 'permit_type': {'status': 'valid', 'raw_value': 'Building - In House Plan Check', 'normalized_value': 'Building - In House Plan Check', 'messages': []}, 'sub_type': {'status': 'valid', 'raw_value': 'In House Plan Check', 'normalized_value': 'In House Plan Check', 'messages': []}}, 'validated_at': '2026-06-24T21:33:12.569395+00:00'}",valid,valid,valid,valid,valid,valid,valid,valid,valid,valid,valid,B,1000_9999,1000_9999,100000_plus,roof+remodel,sub_type,In House Plan Check,,1,Over The Counter,cluster_majority,clustering,0.42857142857142855,4,7,3
run_20260624_213303_698_row_000012,run_20260624_213303_698,run_20260624_213303_698_input,run_20260624_213303_698_csv,12,B24-00388,Issued,Shoring for 2 unit condo project,"1,009 5TH ST",4186-015-021,"$3,615.51","$3,615.51","$50,000.00",Building - In House Plan Check,In House Plan Check,Building - In House Plan Check,In House Plan Check,B24-00388,Issued,Shoring for 2 unit condo project,"1,009 5TH ST",4186-015-021,3615.51,3615.51,50000.0,Building - In House Plan Check,In House Plan Check,"{'record_status': 'valid', 'fields': {'permit_number': {'status': 'valid', 'raw_value': 'B24-00388', 'normalized_value': 'B24-00388', 'messages': []}, 'status': {'status': 'valid', 'raw_value': 'Issued', 'normalized_value': 'Issued', 'messages': []}, 'description': {'status': 'valid', 'raw_value': 'Shoring for 2 unit condo project', 'normalized_value': 'Shoring for 2 unit condo project', 'messages': []}, 'address': {'status': 'valid', 'raw_value': '1,009 5TH ST', 'normalized_value': '1,009 5TH ST', 'messages': []}, 'parcel_number': {'status': 'valid', 'raw_value': '4186-015-021', 'normalized_value': '4186-015-021', 'messages': []}, 'paid_fee': {'status': 'valid', 'raw_value': '$3,615.51', 'normalized_value': 3615.51, 'messages': []}, 'fee': {'status': 'valid', 'raw_value': '$3,615.51', 'normalized_value': 3615.51, 'messages': []}, 'valuation': {'status': 'valid', 'raw_value': '$50,000.00', 'normalized_value': 50000.0, 'messages': []}, 'permit_type': {'status': 'valid', 'raw_value': 'Building - In House Plan Check', 'normalized_value': 'Building - In House Plan Check', 'messages': []}, 'sub_type': {'status': 'valid', 'raw_value': 'In House Plan Check', 'normalized_value': 'In House Plan Check', 'messages': []}}, 'validated_at': '2026-06-24T21:33:12.569553+00:00'}",valid,valid,valid,valid,valid,valid,valid,valid,valid,valid,valid,B,1000_9999,1000_9999,10000_99999,other,sub_type,In House Plan Check,In House Plan Check,0,,not_applicable,clustering,,,,
run_20260624_213303_698_row_000013,run_20260624_213303_698,run_20260624_213303_698_input,run_20260624_213303_698_csv,13,B24-00536,Issued,"All new windows, and new powder room withing existing square",646 LONGFELLOW AVE,4169-030-002,$799.23,,,Building - In House Plan Check,In House Plan Check,Building - In House Plan Check,In House Plan Check,B24-00536,Issued,"All new windows, and new powder room withing existing square",646 LONGFELLOW AVE,4169-030-002,799.23,,,Building - In House Plan Check,In House Plan Check,"{'record_status': 'valid', 'fields': {'permit_number': {'status': 'valid', 'raw_value': 'B24-00536', 'normalized_value': 'B24-00536', 'messages': []}, 'status': {'status': 'valid', 'raw_value': 'Issued', 'normalized_value': 'Issued', 'messages': []}, 'description': {'status': 'valid', 'raw_value': 'All new windows, and new powder room withing existing square', 'normalized_value': 'All new windows, and new powder room withing existing square', 'messages': []}, 'address': {'status': 'valid', 'raw_value': '646 LONGFELLOW AVE', 'normalized_value': '646 LONGFELLOW AVE', 'messages': []}, 'parcel_number': {'status': 'valid', 'raw_value': '4169-030-002', 'normalized_value': '4169-030-002', 'messages': []}, 'paid_fee': {'status': 'valid', 'raw_value': '$799.23', 'normalized_value': 799.23, 'messages': []}, 'fee': {'status': 'missing', 'raw_value': None, 'normalized_value': None, 'messages': ['Field is missing']}, 'valuation': {'status': 'missing', 'raw_value': None, 'normalized_value': None, 'messages': ['Field is missing']}, 'permit_type': {'status': 'valid', 'raw_value': 'Building - In House Plan Check', 'normalized_value': 'Building - In House Plan Check', 'messages': []}, 'sub_type': {'status': 'valid', 'raw_value': 'In House Plan Check', 'normalized_value': 'In House Plan Check', 'messages': []}}, 'validated_at': '2026-06-24T21:33:12.569704+00:00'}",valid,valid,valid,missing,valid,valid,valid,valid,valid,valid,missing,B,2_999,missing,missing,other,sub_type,In House Plan Check,,1,Over The Counter,cluster_majority,clustering,0.75,1,16,12
run_20260624_213303_698_row_000014,run_20260624_213303_698,run_20260624_213303_698_input,run_20260624_213303_698_csv,14,B25-00213,Issued,Installation of concrete screen wall,"1,137 9TH ST",4161-029-010,$972.25,$972.25,"$18,436.86",Building - In House Plan Check,In House Plan Check,Building - In House Plan Check,In House Plan Check,B25-00213,Issued,Installation of concrete screen wall,"1,137 9TH ST",4161-029-010,972.25,972.25,18436.86,Building - In House Plan Check,In House Plan Check,"{'record_status': 'valid', 'fields': {'permit_number': {'status': 'valid', 'raw_value': 'B25-00213', 'normalized_value': 'B25-00213', 'messages': []}, 'status': {'status': 'valid', 'raw_value': 'Issued', 'normalized_value': 'Issued', 'messages': []}, 'description': {'status': 'valid', 'raw_value': 'Installation of concrete screen wall', 'normalized_value': 'Installation of concrete screen wall', 'messages': []}, 'address': {'status': 'valid', 'raw_value': '1,137 9TH ST', 'normalized_value': '1,137 9TH ST', 'messages': []}, 'parcel_number': {'status': 'valid', 'raw_value': '4161-029-010', 'normalized_value': '4161-029-010', 'messages': []}, 'paid_fee': {'status': 'valid', 'raw_value': '$972.25', 'normalized_value': 972.25, 'messages': []}, 'fee': {'status': 'valid', 'raw_value': '$972.25', 'normalized_value': 972.25, 'messages': []}, 'valuation': {'status': 'valid', 'raw_value': '$18,436.86', 'normalized_value': 18436.86, 'messages': []}, 'permit_type': {'status': 'valid', 'raw_value': 'Building - In House Plan Check', 'normalized_value': 'Building - In House Plan Check', 'messages': []}, 'sub_type': {'status': 'valid', 'raw_value': 'In House Plan Check', 'normalized_value': 'In House Plan Check', 'messages': []}}, 'validated_at': '2026-06-24T21:33:12.569890+00:00'}",valid,valid,valid,valid,valid,valid,valid,valid,valid,valid,valid,B,2_999,2_999,10000_99999,other,sub_type,In House Plan Check,In House Plan Check,0,,not_applicable,clustering,,,,
run_20260624_213303_698_row_000015,run_20260624_213303_698,run_20260624_213303_698_input,run_20260624_213303_698_csv,15,B25-00219,Issued,CMU at east wall,"1,137 9TH ST",4161-029-010,"$1,528.06","$1,528.06","$33,642.86",Building - In House Plan Check,In House Plan Check,Building - In House Plan Check,In House Plan Check,B25-00219,Issued,CMU at east wall,"1,137 9TH ST",4161-029-010,1528.06,1528.06,33642.86,Building - In House Plan Check,In House Plan Check,"{'record_status': 'valid', 'fields': {'permit_number': {'status': 'valid', 'raw_value': 'B25-00219', 'normalized_value': 'B25-00219', 'messages': []}, 'status': {'status': 'valid', 'raw_value': 'Issued', 'normalized_value': 'Issued', 'messages': []}, 'description': {'status': 'valid', 'raw_value': 'CMU at east wall', 'normalized_value': 'CMU at east wall', 'messages': []}, 'address': {'status': 'valid', 'raw_value': '1,137 9TH ST', 'normalized_value': '1,137 9TH ST', 'messages': []}, 'parcel_number': {'status': 'valid', 'raw_value': '4161-029-010', 'normalized_value': '4161-029-010', 'messages': []}, 'paid_fee': {'status': 'valid', 'raw_value': '$1,528.06', 'normalized_value': 1528.06, 'messages': []}, 'fee': {'status': 'valid', 'raw_value': '$1,528.06', 'normalized_value': 1528.06, 'messages': []}, 'valuation': {'status': 'valid', 'raw_value': '$33,642.86', 'normalized_value': 33642.86, 'messages': []}, 'permit_type': {'status': 'valid', 'raw_value': 'Building - In House Plan Check', 'normalized_value': 'Building - In House Plan Check', 'messages': []}, 'sub_type': {'status': 'valid', 'raw_value': 'In House Plan Check', 'normalized_value': 'In House Plan Check', 'messages': []}}, 'validated_at': '2026-06-24T21:33:12.570053+00:00'}",valid,valid,valid,valid,valid,valid,valid,valid,valid,valid,valid,B,1000_9999,1000_9999,10000_99999,other,sub_type,In House Plan Check,,1,Over The Counter,cluster_majority,clustering,0.42857142857142855,4,7,3
run_20260624_213303_698_row_000016,run_20260624_213303_698,run_20260624_213303_698_input,run_20260624_213303_698_csv,16,B25-00262,Issued,Upgrade 200 amp electrical mains to 400 amp mains. Structural,144 MONTEREY BLVD,4188-016-064,$539.59,,,Building - In House Plan Check,In House Plan Check,Building - In House Plan Check,In House Plan Check,B25-00262,Issued,Upgrade 200 amp electrical mains to 400 amp mains. Structural,144 MONTEREY BLVD,4188-016-064,539.59,,,Building - In House Plan Check,In House Plan Check,"{'record_status': 'valid', 'fields': {'permit_number': {'status': 'valid', 'raw_value': 'B25-00262', 'normalized_value': 'B25-00262', 'messages': []}, 'status': {'status': 'valid', 'raw_value': 'Issued', 'normalized_value': 'Issued', 'messages': []}, 'description': {'status': 'valid', 'raw_value': 'Upgrade 200 amp electrical mains to 400 amp mains. Structural', 'normalized_value': 'Upgrade 200 amp electrical mains to 400 amp mains. Structural', 'messages': []}, 'address': {'status': 'valid', 'raw_value': '144 MONTEREY BLVD', 'normalized_value': '144 MONTEREY BLVD', 'messages': []}, 'parcel_number': {'status': 'valid', 'raw_value': '4188-016-064', 'normalized_value': '4188-016-064', 'messages': []}, 'paid_fee': {'status': 'valid', 'raw_value': '$539.59', 'normalized_value': 539.59, 'messages': []}, 'fee': {'status': 'missing', 'raw_value': None, 'normalized_value': None, 'messages': ['Field is missing']}, 'valuation': {'status': 'missing', 'raw_value': None, 'normalized_value': None, 'messages': ['Field is missing']}, 'permit_type': {'status': 'valid', 'raw_value': 'Building - In House Plan Check', 'normalized_value': 'Building - In House Plan Check', 'messages': []}, 'sub_type': {'status': 'valid', 'raw_value': 'In House Plan Check', 'normalized_value': 'In House Plan Check', 'messages': []}}, 'validated_at': '2026-06-24T21:33:12.570192+00:00'}",valid,valid,valid,missing,valid,valid,valid,valid,valid,valid,missing,B,2_999,missing,missing,electrical,sub_type,In House Plan Check,In House Plan Check,0,,not_applicable,clustering,,,,
run_20260624_213303_698_row_000017,run_20260624_213303_698,run_20260624_213303_698_input,run_20260624_213303_698_csv,17,B25-00301,Issued,"Demolish and update exterior cement plaster, exterior walls,","1,528 PROSPECT AVE",4185-019-031,"$9,752.88","$9,752.88","$400,000.00",Building - In House Plan Check,In House Plan Check,Building - In House Plan Check,In House Plan Check,B25-00301,Issued,"Demolish and update exterior cement plaster, exterior walls,","1,528 PROSPECT AVE",4185-019-031,9752.88,9752.88,400000.0,Building - In House Plan Check,In House Plan Check,"{'record_status': 'valid', 'fields': {'permit_number': {'status': 'valid', 'raw_value': 'B25-00301', 'normalized_value': 'B25-00301', 'messages': []}, 'status': {'status': 'valid', 'raw_value': 'Issued', 'normalized_value': 'Issued', 'messages': []}, 'description': {'status': 'valid', 'raw_value': 'Demolish and update exterior cement plaster, exterior walls,', 'normalized_value': 'Demolish and update exterior cement plaster, exterior walls,', 'messages': []}, 'address': {'status': 'valid', 'raw_value': '1,528 PROSPECT AVE', 'normalized_value': '1,528 PROSPECT AVE', 'messages': []}, 'parcel_number': {'status': 'valid', 'raw_value': '4185-019-031', 'normalized_value': '4185-019-031', 'messages': []}, 'paid_fee': {'status': 'valid', 'raw_value': '$9,752.88', 'normalized_value': 9752.88, 'messages': []}, 'fee': {'status': 'valid', 'raw_value': '$9,752.88', 'normalized_value': 9752.88, 'messages': []}, 'valuation': {'status': 'valid', 'raw_value': '$400,000.00', 'normalized_value': 400000.0, 'messages': []}, 'permit_type': {'status': 'valid', 'raw_value': 'Building - In House Plan Check', 'normalized_value': 'Building - In House Plan Check', 'messages': []}, 'sub_type': {'status': 'valid', 'raw_value': 'In House Plan Check', 'normalized_value': 'In House Plan Check', 'messages': []}}, 'validated_at': '2026-06-24T21:33:12.570348+00:00'}",valid,valid,valid,valid,valid,valid,valid,valid,valid,valid,valid,B,1000_9999,1000_9999,100000_plus,demolition,sub_type,In House Plan Check,In House Plan Check,0,,not_applicable,clustering,,,,
run_20260624_213303_698_row_000018,run_20260624_213303_698,run_20260624_213303_698_input,run_20260624_213303_698_csv,18,B25-00303,Issued,Convert portion of the existing 2nd floor deck to roof and rebuild,"1,900 THE STRAND",4182-006-028,$799.23,,,Building - In House Plan Check,In House Plan Check,Building - In House Plan Check,In House Plan Check,B25-00303,Issued,Convert portion of the existing 2nd floor deck to roof and rebuild,"1,900 THE STRAND",4182-006-028,799.23,,,Building - In House Plan Check,In House Plan Check,"{'record_status': 'valid', 'fields': {'permit_number': {'status': 'valid', 'raw_value': 'B25-00303', 'normalized_value': 'B25-00303', 'messages': []}, 'status': {'status': 'valid', 'raw_value': 'Issued', 'normalized_value': 'Issued', 'messages': []}, 'description': {'status': 'valid', 'raw_value': 'Convert portion of the existing 2nd floor deck to roof and rebuild', 'normalized_value': 'Convert portion of the existing 2nd floor deck to roof and rebuild', 'messages': []}, 'address': {'status': 'valid', 'raw_value': '1,900 THE STRAND', 'normalized_value': '1,900 THE STRAND', 'messages': []}, 'parcel_number': {'status': 'valid', 'raw_value': '4182-006-028', 'normalized_value': '4182-006-028', 'messages': []}, 'paid_fee': {'status': 'valid', 'raw_value': '$799.23', 'normalized_value': 799.23, 'messages': []}, 'fee': {'status': 'missing', 'raw_value': None, 'normalized_value': None, 'messages': ['Field is missing']}, 'valuation': {'status': 'missing', 'raw_value': None, 'normalized_value': None, 'messages': ['Field is missing']}, 'permit_type': {'status': 'valid', 'raw_value': 'Building - In House Plan Check', 'normalized_value': 'Building - In House Plan Check', 'messages': []}, 'sub_type': {'status': 'valid', 'raw_value': 'In House Plan Check', 'normalized_value': 'In House Plan Check', 'messages': []}}, 'validated_at': '2026-06-24T21:33:12.570484+00:00'}",valid,valid,valid,missing,valid,valid,valid,valid,valid,valid,missing,B,2_999,missing,missing,roof,sub_type,In House Plan Check,In House Plan Check,0,,not_applicable,clustering,,,,
run_20260624_213303_698_row_000019,run_20260624_213303_698,run_20260624_213303_698_input,run_20260624_213303_698_csv,19,B25-00319,Issued,New swimming pool and spa with automatic pool and spa cover in,662 25TH ST,4184-018-007,$626.06,,,Building - In House Plan Check,In House Plan Check,Building - In House Plan Check,In House Plan Check,B25-00319,Issued,New swimming pool and spa with automatic pool and spa cover in,662 25TH ST,4184-018-007,626.06,,,Building - In House Plan Check,In House Plan Check,"{'record_status': 'valid', 'fields': {'permit_number': {'status': 'valid', 'raw_value': 'B25-00319', 'normalized_value': 'B25-00319', 'messages': []}, 'status': {'status': 'valid', 'raw_value': 'Issued', 'normalized_value': 'Issued', 'messages': []}, 'description': {'status': 'valid', 'raw_value': 'New swimming pool and spa with automatic pool and spa cover in', 'normalized_value': 'New swimming pool and spa with automatic pool and spa cover in', 'messages': []}, 'address': {'status': 'valid', 'raw_value': '662 25TH ST', 'normalized_value': '662 25TH ST', 'messages': []}, 'parcel_number': {'status': 'valid', 'raw_value': '4184-018-007', 'normalized_value': '4184-018-007', 'messages': []}, 'paid_fee': {'status': 'valid', 'raw_value': '$626.06', 'normalized_value': 626.06, 'messages': []}, 'fee': {'status': 'missing', 'raw_value': None, 'normalized_value': None, 'messages': ['Field is missing']}, 'valuation': {'status': 'missing', 'raw_value': None, 'normalized_value': None, 'messages': ['Field is missing']}, 'permit_type': {'status': 'valid', 'raw_value': 'Building - In House Plan Check', 'normalized_value': 'Building - In House Plan Check', 'messages': []}, 'sub_type': {'status': 'valid', 'raw_value': 'In House Plan Check', 'normalized_value': 'In House Plan Check', 'messages': []}}, 'validated_at': '2026-06-24T21:33:12.570624+00:00'}",valid,valid,valid,missing,valid,valid,valid,valid,valid,valid,missing,B,2_999,missing,missing,pool,sub_type,In House Plan Check,In House Plan Check,0,,not_applicable,clustering,,,,
run_20260624_213303_698_row_000020,run_20260624_213303_698,run_20260624_213303_698_input,run_20260624_213303_698_csv,20,B25-00323,Issued,Shoring and Bracing,"2,301 MANHATTAN AVE",4182-010-015,$582.87,$582.87,"$10,000.00",Building - In House Plan Check,In House Plan Check,Building - In House Plan Check,In House Plan Check,B25-00323,Issued,Shoring and Bracing,"2,301 MANHATTAN AVE",4182-010-015,582.87,582.87,10000.0,Building - In House Plan Check,In House Plan Check,"{'record_status': 'valid', 'fields': {'permit_number': {'status': 'valid', 'raw_value': 'B25-00323', 'normalized_value': 'B25-00323', 'messages': []}, 'status': {'status': 'valid', 'raw_value': 'Issued', 'normalized_value': 'Issued', 'messages': []}, 'description': {'status': 'valid', 'raw_value': 'Shoring and Bracing', 'normalized_value': 'Shoring and Bracing', 'messages': []}, 'address': {'status': 'valid', 'raw_value': '2,301 MANHATTAN AVE', 'normalized_value': '2,301 MANHATTAN AVE', 'messages': []}, 'parcel_number': {'status': 'valid', 'raw_value': '4182-010-015', 'normalized_value': '4182-010-015', 'messages': []}, 'paid_fee': {'status': 'valid', 'raw_value': '$582.87', 'normalized_value': 582.87, 'messages': []}, 'fee': {'status': 'valid', 'raw_value': '$582.87', 'normalized_value': 582.87, 'messages': []}, 'valuation': {'status': 'valid', 'raw_value': '$10,000.00', 'normalized_value': 10000.0, 'messages': []}, 'permit_type': {'status': 'valid', 'raw_value': 'Building - In House Plan Check', 'normalized_value': 'Building - In House Plan Check', 'messages': []}, 'sub_type': {'status': 'valid', 'raw_value': 'In House Plan Check', 'normalized_value': 'In House Plan Check', 'messages': []}}, 'validated_at': '2026-06-24T21:33:12.570973+00:00'}",valid,valid,valid,valid,valid,valid,valid,valid,valid,valid,valid,B,2_999,2_999,10000_99999,mechanical,sub_type,In House Plan Check,In House Plan Check,0,,not_applicable,clustering,,,,
run_20260624_213303_698_row_000021,run_20260624_213303_698,run_20260624_213303_698_input,run_20260624_213303_698_csv,21,B25-00039,Issued,Demolish Single Family Residence,235 34TH ST,4181-015-008,$515.28,$515.28,"$18,000.00",Building Permit OTC,Over The Counter,Building Permit OTC,Over The Counter,B25-00039,Issued,Demolish Single Family Residence,235 34TH ST,4181-015-008,515.28,515.28,18000.0,Building Permit OTC,Over The Counter,"{'record_status': 'valid', 'fields': {'permit_number': {'status': 'valid', 'raw_value': 'B25-00039', 'normalized_value': 'B25-00039', 'messages': []}, 'status': {'status': 'valid', 'raw_value': 'Issued', 'normalized_value': 'Issued', 'messages': []}, 'description': {'status': 'valid', 'raw_value': 'Demolish Single Family Residence', 'normalized_value': 'Demolish Single Family Residence', 'messages': []}, 'address': {'status': 'valid', 'raw_value': '235 34TH ST', 'normalized_value': '235 34TH ST', 'messages': []}, 'parcel_number': {'status': 'valid', 'raw_value': '4181-015-008', 'normalized_value': '4181-015-008', 'messages': []}, 'paid_fee': {'status': 'valid', 'raw_value': '$515.28', 'normalized_value': 515.28, 'messages': []}, 'fee': {'status': 'valid', 'raw_value': '$515.28', 'normalized_value': 515.28, 'messages': []}, 'valuation': {'status': 'valid', 'raw_value': '$18,000.00', 'normalized_value': 18000.0, 'messages': []}, 'permit_type': {'status': 'valid', 'raw_value': 'Building Permit OTC', 'normalized_value': 'Building Permit OTC', 'messages': []}, 'sub_type': {'status': 'valid', 'raw_value': 'Over The Counter', 'normalized_value': 'Over The Counter', 'messages': []}}, 'validated_at': '2026-06-24T21:33:12.571347+00:00'}",valid,valid,valid,valid,valid,valid,valid,valid,valid,valid,valid,B,2_999,2_999,10000_99999,demolition,sub_type,Over The Counter,,1,Over The Counter,cluster_majority,clustering,0.8461538461538461,6,13,11
run_20260624_213303_698_row_000022,run_20260624_213303_698,run_20260624_213303_698_input,run_20260624_213303_698_csv,22,B25-00373,Issued,Demolish 2-Units with attached 3-car garage.,"2,301 MANHATTAN AVE",4182-010-015,"$1,101.45","$1,101.45","$47,300.00",Building Permit OTC,Over The Counter,Building Permit OTC,Over The Counter,B25-00373,Issued,Demolish 2-Units with attached 3-car garage.,"2,301 MANHATTAN AVE",4182-010-015,1101.45,1101.45,47300.0,Building Permit OTC,Over The Counter,"{'record_status': 'valid', 'fields': {'permit_number': {'status': 'valid', 'raw_value': 'B25-00373', 'normalized_value': 'B25-00373', 'messages': []}, 'status': {'status': 'valid', 'raw_value': 'Issued', 'normalized_value': 'Issued', 'messages': []}, 'description': {'status': 'valid', 'raw_value': 'Demolish 2-Units with attached 3-car garage.', 'normalized_value': 'Demolish 2-Units with attached 3-car garage.', 'messages': []}, 'address': {'status': 'valid', 'raw_value': '2,301 MANHATTAN AVE', 'normalized_value': '2,301 MANHATTAN AVE', 'messages': []}, 'parcel_number': {'status': 'valid', 'raw_value': '4182-010-015', 'normalized_value': '4182-010-015', 'messages': []}, 'paid_fee': {'status': 'valid', 'raw_value': '$1,101.45', 'normalized_value': 1101.45, 'messages': []}, 'fee': {'status': 'valid', 'raw_value': '$1,101.45', 'normalized_value': 1101.45, 'messages': []}, 'valuation': {'status': 'valid', 'raw_value': '$47,300.00', 'normalized_value': 47300.0, 'messages': []}, 'permit_type': {'status': 'valid', 'raw_value': 'Building Permit OTC', 'normalized_value': 'Building Permit OTC', 'messages': []}, 'sub_type': {'status': 'valid', 'raw_value': 'Over The Counter', 'normalized_value': 'Over The Counter', 'messages': []}}, 'validated_at': '2026-06-24T21:33:12.571568+00:00'}",valid,valid,valid,valid,valid,valid,valid,valid,valid,valid,valid,B,1000_9999,1000_9999,10000_99999,mechanical+demolition,sub_type,Over The Counter,,1,Over The Counter,cluster_majority,clustering,0.42857142857142855,4,7,3
run_20260624_213303_698_row_000023,run_20260624_213303_698,run_20260624_213303_698_input,run_20260624_213303_698_csv,23,B25-00391,Issued,Retaining wall,921 5TH ST,4186-015-005,$565.82,$565.82,"$20,000.00",Building Permit OTC,Over The Counter,Building Permit OTC,Over The Counter,B25-00391,Issued,Retaining wall,921 5TH ST,4186-015-005,565.82,565.82,20000.0,Building Permit OTC,Over The Counter,"{'record_status': 'valid', 'fields': {'permit_number': {'status': 'valid', 'raw_value': 'B25-00391', 'normalized_value': 'B25-00391', 'messages': []}, 'status': {'status': 'valid', 'raw_value': 'Issued', 'normalized_value': 'Issued', 'messages': []}, 'description': {'status': 'valid', 'raw_value': 'Retaining wall', 'normalized_value': 'Retaining wall', 'messages': []}, 'address': {'status': 'valid', 'raw_value': '921 5TH ST', 'normalized_value': '921 5TH ST', 'messages': []}, 'parcel_number': {'status': 'valid', 'raw_value': '4186-015-005', 'normalized_value': '4186-015-005', 'messages': []}, 'paid_fee': {'status': 'valid', 'raw_value': '$565.82', 'normalized_value': 565.82, 'messages': []}, 'fee': {'status': 'valid', 'raw_value': '$565.82', 'normalized_value': 565.82, 'messages': []}, 'valuation': {'status': 'valid', 'raw_value': '$20,000.00', 'normalized_value': 20000.0, 'messages': []}, 'permit_type': {'status': 'valid', 'raw_value': 'Building Permit OTC', 'normalized_value': 'Building Permit OTC', 'messages': []}, 'sub_type': {'status': 'valid', 'raw_value': 'Over The Counter', 'normalized_value': 'Over The Counter', 'messages': []}}, 'validated_at': '2026-06-24T21:33:12.571755+00:00'}",valid,valid,valid,valid,valid,valid,valid,valid,valid,valid,valid,B,2_999,2_999,10000_99999,other,sub_type,Over The Counter,,1,Over The Counter,cluster_majority,clustering,0.8461538461538461,6,13,11
run_20260624_213303_698_row_000024,run_20260624_213303_698,run_20260624_213303_698_input,run_20260624_213303_698_csv,24,B25-00412,Finaled,Re-roof to include tear off existing rock roof and install T -24,645 2ND ST,4188-028-075,$662.21,,,Building Permit OTC,Over The Counter,Building Permit OTC,Over The Counter,B25-00412,Finaled,Re-roof to include tear off existing rock roof and install T -24,645 2ND ST,4188-028-075,662.21,,,Building Permit OTC,Over The Counter,"{'record_status': 'valid', 'fields': {'permit_number': {'status': 'valid', 'raw_value': 'B25-00412', 'normalized_value': 'B25-00412', 'messages': []}, 'status': {'status': 'valid', 'raw_value': 'Finaled', 'normalized_value': 'Finaled', 'messages': []}, 'description': {'status': 'valid', 'raw_value': 'Re-roof to include tear off existing rock roof and install T -24', 'normalized_value': 'Re-roof to include tear off existing rock roof and install T -24', 'messages': []}, 'address': {'status': 'valid', 'raw_value': '645 2ND ST', 'normalized_value': '645 2ND ST', 'messages': []}, 'parcel_number': {'status': 'valid', 'raw_value': '4188-028-075', 'normalized_value': '4188-028-075', 'messages': []}, 'paid_fee': {'status': 'valid', 'raw_value': '$662.21', 'normalized_value': 662.21, 'messages': []}, 'fee': {'status': 'missing', 'raw_value': None, 'normalized_value': None, 'messages': ['Field is missing']}, 'valuation': {'status': 'missing', 'raw_value': None, 'normalized_value': None, 'messages': ['Field is missing']}, 'permit_type': {'status': 'valid', 'raw_value': 'Building Permit OTC', 'normalized_value': 'Building Permit OTC', 'messages': []}, 'sub_type': {'status': 'valid', 'raw_value': 'Over The Counter', 'normalized_value': 'Over The Counter', 'messages': []}}, 'validated_at': '2026-06-24T21:33:12.571908+00:00'}",valid,valid,valid,missing,valid,valid,valid,valid,valid,valid,missing,B,2_999,missing,missing,roof,sub_type,Over The Counter,,1,Over The Counter,cluster_majority,clustering,0.75,1,16,12
run_20260624_213303_698_row_000025,run_20260624_213303_698,run_20260624_213303_698_input,run_20260624_213303_698_csv,25,B25-00416,Issued,"Interior bathroom remodeling, to include a removal of a linen closet,",912 MONTEREY BLVD 1,4187-013-039,$778.70,$778.70,"$30,000.00",Building Permit OTC,Over The Counter,Building Permit OTC,Over The Counter,B25-00416,Issued,"Interior bathroom remodeling, to include a removal of a linen closet,",912 MONTEREY BLVD 1,4187-013-039,778.7,778.7,30000.0,Building Permit OTC,Over The Counter,"{'record_status': 'valid', 'fields': {'permit_number': {'status': 'valid', 'raw_value': 'B25-00416', 'normalized_value': 'B25-00416', 'messages': []}, 'status': {'status': 'valid', 'raw_value': 'Issued', 'normalized_value': 'Issued', 'messages': []}, 'description': {'status': 'valid', 'raw_value': 'Interior bathroom remodeling, to include a removal of a linen closet,', 'normalized_value': 'Interior bathroom remodeling, to include a removal of a linen closet,', 'messages': []}, 'address': {'status': 'valid', 'raw_value': '912 MONTEREY BLVD 1', 'normalized_value': '912 MONTEREY BLVD 1', 'messages': []}, 'parcel_number': {'status': 'valid', 'raw_value': '4187-013-039', 'normalized_value': '4187-013-039', 'messages': []}, 'paid_fee': {'status': 'valid', 'raw_value': '$778.70', 'normalized_value': 778.7, 'messages': []}, 'fee': {'status': 'valid', 'raw_value': '$778.70', 'normalized_value': 778.7, 'messages': []}, 'valuation': {'status': 'valid', 'raw_value': '$30,000.00', 'normalized_value': 30000.0, 'messages': []}, 'permit_type': {'status': 'valid', 'raw_value': 'Building Permit OTC', 'normalized_value': 'Building Permit OTC', 'messages': []}, 'sub_type': {'status': 'valid', 'raw_value': 'Over The Counter', 'normalized_value': 'Over The Counter', 'messages': []}}, 'validated_at': '2026-06-24T21:33:12.572075+00:00'}",valid,valid,valid,valid,valid,valid,valid,valid,valid,valid,valid,B,2_999,2_999,10000_99999,remodel,sub_type,Over The Counter,Over The Counter,0,,not_applicable,clustering,,,,
run_20260624_213303_698_row_000026,run_20260624_213303_698,run_20260624_213303_698_input,run_20260624_213303_698_csv,26,B25-00419,Finaled,Re-roof with new asphalt shingle ( Total # of squares 21),"2,119 POWER ST",4182-021-048,$348.94,$348.94,"$11,000.00",Building Permit OTC,Over The Counter,Building Permit OTC,Over The Counter,B25-00419,Finaled,Re-roof with new asphalt shingle ( Total # of squares 21),"2,119 POWER ST",4182-021-048,348.94,348.94,11000.0,Building Permit OTC,Over The Counter,"{'record_status': 'valid', 'fields': {'permit_number': {'status': 'valid', 'raw_value': 'B25-00419', 'normalized_value': 'B25-00419', 'messages': []}, 'status': {'status': 'valid', 'raw_value': 'Finaled', 'normalized_value': 'Finaled', 'messages': []}, 'description': {'status': 'valid', 'raw_value': 'Re-roof with new asphalt shingle ( Total # of squares 21)', 'normalized_value': 'Re-roof with new asphalt shingle ( Total # of squares 21)', 'messages': []}, 'address': {'status': 'valid', 'raw_value': '2,119 POWER ST', 'normalized_value': '2,119 POWER ST', 'messages': []}, 'parcel_number': {'status': 'valid', 'raw_value': '4182-021-048', 'normalized_value': '4182-021-048', 'messages': []}, 'paid_fee': {'status': 'valid', 'raw_value': '$348.94', 'normalized_value': 348.94, 'messages': []}, 'fee': {'status': 'valid', 'raw_value': '$348.94', 'normalized_value': 348.94, 'messages': []}, 'valuation': {'status': 'valid', 'raw_value': '$11,000.00', 'normalized_value': 11000.0, 'messages': []}, 'permit_type': {'status': 'valid', 'raw_value': 'Building Permit OTC', 'normalized_value': 'Building Permit OTC', 'messages': []}, 'sub_type': {'status': 'valid', 'raw_value': 'Over The Counter', 'normalized_value': 'Over The Counter', 'messages': []}}, 'validated_at': '2026-06-24T21:33:12.572232+00:00'}",valid,valid,valid,valid,valid,valid,valid,valid,valid,valid,valid,B,2_999,2_999,10000_99999,roof,sub_type,Over The Counter,Over The Counter,0,,not_applicable,clustering,,,,
run_20260624_213303_698_row_000027,run_20260624_213303_698,run_20260624_213303_698_input,run_20260624_213303_698_csv,27,B25-00420,Finaled,Re-Roof- Tear off 300 sq. ft. of existing torch down and,"2,414 MANHATTAN AVE",4182-013-006,$156.26,,,Building Permit OTC,Over The Counter,Building Permit OTC,Over The Counter,B25-00420,Finaled,Re-Roof- Tear off 300 sq. ft. of existing torch down and,"2,414 MANHATTAN AVE",4182-013-006,156.26,,,Building Permit OTC,Over The Counter,"{'record_status': 'valid', 'fields': {'permit_number': {'status': 'valid', 'raw_value': 'B25-00420', 'normalized_value': 'B25-00420', 'messages': []}, 'status': {'status': 'valid', 'raw_value': 'Finaled', 'normalized_value': 'Finaled', 'messages': []}, 'description': {'status': 'valid', 'raw_value': 'Re-Roof- Tear off 300 sq. ft. of existing torch down and', 'normalized_value': 'Re-Roof- Tear off 300 sq. ft. of existing torch down and', 'messages': []}, 'address': {'status': 'valid', 'raw_value': '2,414 MANHATTAN AVE', 'normalized_value': '2,414 MANHATTAN AVE', 'messages': []}, 'parcel_number': {'status': 'valid', 'raw_value': '4182-013-006', 'normalized_value': '4182-013-006', 'messages': []}, 'paid_fee': {'status': 'valid', 'raw_value': '$156.26', 'normalized_value': 156.26, 'messages': []}, 'fee': {'status': 'missing', 'raw_value': None, 'normalized_value': None, 'messages': ['Field is missing']}, 'valuation': {'status': 'missing', 'raw_value': None, 'normalized_value': None, 'messages': ['Field is missing']}, 'permit_type': {'status': 'valid', 'raw_value': 'Building Permit OTC', 'normalized_value': 'Building Permit OTC', 'messages': []}, 'sub_type': {'status': 'valid', 'raw_value': 'Over The Counter', 'normalized_value': 'Over The Counter', 'messages': []}}, 'validated_at': '2026-06-24T21:33:12.572421+00:00'}",valid,valid,valid,missing,valid,valid,valid,valid,valid,valid,missing,B,2_999,missing,missing,roof,sub_type,Over The Counter,Over The Counter,0,,not_applicable,clustering,,,,
run_20260624_213303_698_row_000028,run_20260624_213303_698,run_20260624_213303_698_input,run_20260624_213303_698_csv,28,B25-00421,Finaled,"Re-Roof- Tear off and re-roof house, attached garage 800 sq. ft.","1,204 19TH ST",4185-023-019,$156.26,,,Building Permit OTC,Over The Counter,Building Permit OTC,Over The Counter,B25-00421,Finaled,"Re-Roof- Tear off and re-roof house, attached garage 800 sq. ft.","1,204 19TH ST",4185-023-019,156.26,,,Building Permit OTC,Over The Counter,"{'record_status': 'valid', 'fields': {'permit_number': {'status': 'valid', 'raw_value': 'B25-00421', 'normalized_value': 'B25-00421', 'messages': []}, 'status': {'status': 'valid', 'raw_value': 'Finaled', 'normalized_value': 'Finaled', 'messages': []}, 'description': {'status': 'valid', 'raw_value': 'Re-Roof- Tear off and re-roof house, attached garage 800 sq. ft.', 'normalized_value': 'Re-Roof- Tear off and re-roof house, attached garage 800 sq. ft.', 'messages': []}, 'address': {'status': 'valid', 'raw_value': '1,204 19TH ST', 'normalized_value': '1,204 19TH ST', 'messages': []}, 'parcel_number': {'status': 'valid', 'raw_value': '4185-023-019', 'normalized_value': '4185-023-019', 'messages': []}, 'paid_fee': {'status': 'valid', 'raw_value': '$156.26', 'normalized_value': 156.26, 'messages': []}, 'fee': {'status': 'missing', 'raw_value': None, 'normalized_value': None, 'messages': ['Field is missing']}, 'valuation': {'status': 'missing', 'raw_value': None, 'normalized_value': None, 'messages': ['Field is missing']}, 'permit_type': {'status': 'valid', 'raw_value': 'Building Permit OTC', 'normalized_value': 'Building Permit OTC', 'messages': []}, 'sub_type': {'status': 'valid', 'raw_value': 'Over The Counter', 'normalized_value': 'Over The Counter', 'messages': []}}, 'validated_at': '2026-06-24T21:33:12.572575+00:00'}",valid,valid,valid,missing,valid,valid,valid,valid,valid,valid,missing,B,2_999,missing,missing,roof+mechanical,sub_type,Over The Counter,Over The Counter,0,,not_applicable,clustering,,,,
run_20260624_213303_698_row_000029,run_20260624_213303_698,run_20260624_213303_698_input,run_20260624_213303_698_csv,29,B25-00424,Issued,Roof coating and minor wood repair,"2,444 MANHATTAN AVE",4182-013-011,$119.97,$119.97,"$1,800.00",Building Permit OTC,Over The Counter,Building Permit OTC,Over The Counter,B25-00424,Issued,Roof coating and minor wood repair,"2,444 MANHATTAN AVE",4182-013-011,119.97,119.97,1800.0,Building Permit OTC,Over The Counter,"{'record_status': 'valid', 'fields': {'permit_number': {'status': 'valid', 'raw_value': 'B25-00424', 'normalized_value': 'B25-00424', 'messages': []}, 'status': {'status': 'valid', 'raw_value': 'Issued', 'normalized_value': 'Issued', 'messages': []}, 'description': {'status': 'valid', 'raw_value': 'Roof coating and minor wood repair', 'normalized_value': 'Roof coating and minor wood repair', 'messages': []}, 'address': {'status': 'valid', 'raw_value': '2,444 MANHATTAN AVE', 'normalized_value': '2,444 MANHATTAN AVE', 'messages': []}, 'parcel_number': {'status': 'valid', 'raw_value': '4182-013-011', 'normalized_value': '4182-013-011', 'messages': []}, 'paid_fee': {'status': 'valid', 'raw_value': '$119.97', 'normalized_value': 119.97, 'messages': []}, 'fee': {'status': 'valid', 'raw_value': '$119.97', 'normalized_value': 119.97, 'messages': []}, 'valuation': {'status': 'valid', 'raw_value': '$1,800.00', 'normalized_value': 1800.0, 'messages': []}, 'permit_type': {'status': 'valid', 'raw_value': 'Building Permit OTC', 'normalized_value': 'Building Permit OTC', 'messages': []}, 'sub_type': {'status': 'valid', 'raw_value': 'Over The Counter', 'normalized_value': 'Over The Counter', 'messages': []}}, 'validated_at': '2026-06-24T21:33:12.572738+00:00'}",valid,valid,valid,valid,valid,valid,valid,valid,valid,valid,valid,B,2_999,2_999,1000_9999,roof,sub_type,Over The Counter,,1,Over The Counter,cluster_majority,clustering,0.8461538461538461,6,13,11
run_20260624_213303_698_row_000030,run_20260624_213303_698,run_20260624_213303_698_input,run_20260624_213303_698_csv,30,B25-00425,Finaled,Kitchen remodel and drywall repair due to water damage. (Same,417 Longfellow AVE,4181-011-008,$421.23,,,Building Permit OTC,Over The Counter,Building Permit OTC,Over The Counter,B25-00425,Finaled,Kitchen remodel and drywall repair due to water damage. (Same,417 Longfellow AVE,4181-011-008,421.23,,,Building Permit OTC,Over The Counter,"{'record_status': 'valid', 'fields': {'permit_number': {'status': 'valid', 'raw_value': 'B25-00425', 'normalized_value': 'B25-00425', 'messages': []}, 'status': {'status': 'valid', 'raw_value': 'Finaled', 'normalized_value': 'Finaled', 'messages': []}, 'description': {'status': 'valid', 'raw_value': 'Kitchen remodel and drywall repair due to water damage. (Same', 'normalized_value': 'Kitchen remodel and drywall repair due to water damage. (Same', 'messages': []}, 'address': {'status': 'valid', 'raw_value': '417 Longfellow AVE', 'normalized_value': '417 Longfellow AVE', 'messages': []}, 'parcel_number': {'status': 'valid', 'raw_value': '4181-011-008', 'normalized_value': '4181-011-008', 'messages': []}, 'paid_fee': {'status': 'valid', 'raw_value': '$421.23', 'normalized_value': 421.23, 'messages': []}, 'fee': {'status': 'missing', 'raw_value': None, 'normalized_value': None, 'messages': ['Field is missing']}, 'valuation': {'status': 'missing', 'raw_value': None, 'normalized_value': None, 'messages': ['Field is missing']}, 'permit_type': {'status': 'valid', 'raw_value': 'Building Permit OTC', 'normalized_value': 'Building Permit OTC', 'messages': []}, 'sub_type': {'status': 'valid', 'raw_value': 'Over The Counter', 'normalized_value': 'Over The Counter', 'messages': []}}, 'validated_at': '2026-06-24T21:33:12.572895+00:00'}",valid,valid,valid,missing,valid,valid,valid,valid,valid,valid,missing,B,2_999,missing,missing,remodel,sub_type,Over The Counter,Over The Counter,0,,not_applicable,clustering,,,,
run_20260624_213303_698_row_000031,run_20260624_213303_698,run_20260624_213303_698_input,run_20260624_213303_698_csv,31,B25-00426,Issued,"Remodel: New cabinets in master bath, guest bath, powder room",621 1ST PL,4188-022-059,"$4,130.97","$4,130.97","$75,000.00",Building Permit OTC,Over The Counter,Building Permit OTC,Over The Counter,B25-00426,Issued,"Remodel: New cabinets in master bath, guest bath, powder room",621 1ST PL,4188-022-059,4130.97,4130.97,75000.0,Building Permit OTC,Over The Counter,"{'record_status': 'valid', 'fields': {'permit_number': {'status': 'valid', 'raw_value': 'B25-00426', 'normalized_value': 'B25-00426', 'messages': []}, 'status': {'status': 'valid', 'raw_value': 'Issued', 'normalized_value': 'Issued', 'messages': []}, 'description': {'status': 'valid', 'raw_value': 'Remodel: New cabinets in master bath, guest bath, powder room', 'normalized_value': 'Remodel: New cabinets in master bath, guest bath, powder room', 'messages': []}, 'address': {'status': 'valid', 'raw_value': '621 1ST PL', 'normalized_value': '621 1ST PL', 'messages': []}, 'parcel_number': {'status': 'valid', 'raw_value': '4188-022-059', 'normalized_value': '4188-022-059', 'messages': []}, 'paid_fee': {'status': 'valid', 'raw_value': '$4,130.97', 'normalized_value': 4130.97, 'messages': []}, 'fee': {'status': 'valid', 'raw_value': '$4,130.97', 'normalized_value': 4130.97, 'messages': []}, 'valuation': {'status': 'valid', 'raw_value': '$75,000.00', 'normalized_value': 75000.0, 'messages': []}, 'permit_type': {'status': 'valid', 'raw_value': 'Building Permit OTC', 'normalized_value': 'Building Permit OTC', 'messages': []}, 'sub_type': {'status': 'valid', 'raw_value': 'Over The Counter', 'normalized_value': 'Over The Counter', 'messages': []}}, 'validated_at': '2026-06-24T21:33:12.573060+00:00'}",valid,valid,valid,valid,valid,valid,valid,valid,valid,valid,valid,B,1000_9999,1000_9999,10000_99999,remodel,sub_type,Over The Counter,Over The Counter,0,,not_applicable,clustering,,,,
run_20260624_213303_698_row_000032,run_20260624_213303_698,run_20260624_213303_698_input,run_20260624_213303_698_csv,32,B25-00428,Issued,Remodel of 3 bathrooms: remove showers (2) and tub and,"1,240 17TH ST",4185-023-051,"$1,144.24",,,Building Permit OTC,Over The Counter,Building Permit OTC,Over The Counter,B25-00428,Issued,Remodel of 3 bathrooms: remove showers (2) and tub and,"1,240 17TH ST",4185-023-051,1144.24,,,Building Permit OTC,Over The Counter,"{'record_status': 'valid', 'fields': {'permit_number': {'status': 'valid', 'raw_value': 'B25-00428', 'normalized_value': 'B25-00428', 'messages': []}, 'status': {'status': 'valid', 'raw_value': 'Issued', 'normalized_value': 'Issued', 'messages': []}, 'description': {'status': 'valid', 'raw_value': 'Remodel of 3 bathrooms: remove showers (2) and tub and', 'normalized_value': 'Remodel of 3 bathrooms: remove showers (2) and tub and', 'messages': []}, 'address': {'status': 'valid', 'raw_value': '1,240 17TH ST', 'normalized_value': '1,240 17TH ST', 'messages': []}, 'parcel_number': {'status': 'valid', 'raw_value': '4185-023-051', 'normalized_value': '4185-023-051', 'messages': []}, 'paid_fee': {'status': 'valid', 'raw_value': '$1,144.24', 'normalized_value': 1144.24, 'messages': []}, 'fee': {'status': 'missing', 'raw_value': None, 'normalized_value': None, 'messages': ['Field is missing']}, 'valuation': {'status': 'missing', 'raw_value': None, 'normalized_value': None, 'messages': ['Field is missing']}, 'permit_type': {'status': 'valid', 'raw_value': 'Building Permit OTC', 'normalized_value': 'Building Permit OTC', 'messages': []}, 'sub_type': {'status': 'valid', 'raw_value': 'Over The Counter', 'normalized_value': 'Over The Counter', 'messages': []}}, 'validated_at': '2026-06-24T21:33:12.573202+00:00'}",valid,valid,valid,missing,valid,valid,valid,valid,valid,valid,missing,B,1000_9999,missing,missing,remodel,sub_type,Over The Counter,Over The Counter,0,,not_applicable,clustering,,,,
run_20260624_213303_698_row_000033,run_20260624_213303_698,run_20260624_213303_698_input,run_20260624_213303_698_csv,33,B25-00430,Issued,Sign permit for Citi Bank (Applicant confirmed that only the letters,81 PIER AVE,4183-002-015,"$1,214.06",,,Building Permit OTC,Over The Counter,Building Permit OTC,Over The Counter,B25-00430,Issued,Sign permit for Citi Bank (Applicant confirmed that only the letters,81 PIER AVE,4183-002-015,1214.06,,,Building Permit OTC,Over The Counter,"{'record_status': 'valid', 'fields': {'permit_number': {'status': 'valid', 'raw_value': 'B25-00430', 'normalized_value': 'B25-00430', 'messages': []}, 'status': {'status': 'valid', 'raw_value': 'Issued', 'normalized_value': 'Issued', 'messages': []}, 'description': {'status': 'valid', 'raw_value': 'Sign permit for Citi Bank (Applicant confirmed that only the letters', 'normalized_value': 'Sign permit for Citi Bank (Applicant confirmed that only the letters', 'messages': []}, 'address': {'status': 'valid', 'raw_value': '81 PIER AVE', 'normalized_value': '81 PIER AVE', 'messages': []}, 'parcel_number': {'status': 'valid', 'raw_value': '4183-002-015', 'normalized_value': '4183-002-015', 'messages': []}, 'paid_fee': {'status': 'valid', 'raw_value': '$1,214.06', 'normalized_value': 1214.06, 'messages': []}, 'fee': {'status': 'missing', 'raw_value': None, 'normalized_value': None, 'messages': ['Field is missing']}, 'valuation': {'status': 'missing', 'raw_value': None, 'normalized_value': None, 'messages': ['Field is missing']}, 'permit_type': {'status': 'valid', 'raw_value': 'Building Permit OTC', 'normalized_value': 'Building Permit OTC', 'messages': []}, 'sub_type': {'status': 'valid', 'raw_value': 'Over The Counter', 'normalized_value': 'Over The Counter', 'messages': []}}, 'validated_at': '2026-06-24T21:33:12.573339+00:00'}",valid,valid,valid,missing,valid,valid,valid,valid,valid,valid,missing,B,1000_9999,missing,missing,other,sub_type,Over The Counter,Over The Counter,0,,not_applicable,clustering,,,,
run_20260624_213303_698_row_000034,run_20260624_213303_698,run_20260624_213303_698_input,run_20260624_213303_698_csv,34,B25-00431,Issued,Minor repairs such as deck sheathing and replacement of water,263 VALLEY DR,4188-020-076,$324.84,,,Building Permit OTC,Over The Counter,Building Permit OTC,Over The Counter,B25-00431,Issued,Minor repairs such as deck sheathing and replacement of water,263 VALLEY DR,4188-020-076,324.84,,,Building Permit OTC,Over The Counter,"{'record_status': 'valid', 'fields': {'permit_number': {'status': 'valid', 'raw_value': 'B25-00431', 'normalized_value': 'B25-00431', 'messages': []}, 'status': {'status': 'valid', 'raw_value': 'Issued', 'normalized_value': 'Issued', 'messages': []}, 'description': {'status': 'valid', 'raw_value': 'Minor repairs such as deck sheathing and replacement of water', 'normalized_value': 'Minor repairs such as deck sheathing and replacement of water', 'messages': []}, 'address': {'status': 'valid', 'raw_value': '263 VALLEY DR', 'normalized_value': '263 VALLEY DR', 'messages': []}, 'parcel_number': {'status': 'valid', 'raw_value': '4188-020-076', 'normalized_value': '4188-020-076', 'messages': []}, 'paid_fee': {'status': 'valid', 'raw_value': '$324.84', 'normalized_value': 324.84, 'messages': []}, 'fee': {'status': 'missing', 'raw_value': None, 'normalized_value': None, 'messages': ['Field is missing']}, 'valuation': {'status': 'missing', 'raw_value': None, 'normalized_value': None, 'messages': ['Field is missing']}, 'permit_type': {'status': 'valid', 'raw_value': 'Building Permit OTC', 'normalized_value': 'Building Permit OTC', 'messages': []}, 'sub_type': {'status': 'valid', 'raw_value': 'Over The Counter', 'normalized_value': 'Over The Counter', 'messages': []}}, 'validated_at': '2026-06-24T21:33:12.573480+00:00'}",valid,valid,valid,missing,valid,valid,valid,valid,valid,valid,missing,B,2_999,missing,missing,mechanical,sub_type,Over The Counter,Over The Counter,0,,not_applicable,clustering,,,,
run_20260624_213303_698_row_000035,run_20260624_213303_698,run_20260624_213303_698_input,run_20260624_213303_698_csv,35,B25-00432,Issued,400 AMP MCC upgrade with 2 subpanels with receptacles and,"1,035 VALLEY DR",4187-018-900,$0.00,,,Building Permit OTC,Over The Counter,Building Permit OTC,Over The Counter,B25-00432,Issued,400 AMP MCC upgrade with 2 subpanels with receptacles and,"1,035 VALLEY DR",4187-018-900,0.0,,,Building Permit OTC,Over The Counter,"{'record_status': 'valid', 'fields': {'permit_number': {'status': 'valid', 'raw_value': 'B25-00432', 'normalized_value': 'B25-00432', 'messages': []}, 'status': {'status': 'valid', 'raw_value': 'Issued', 'normalized_value': 'Issued', 'messages': []}, 'description': {'status': 'valid', 'raw_value': '400 AMP MCC upgrade with 2 subpanels with receptacles and', 'normalized_value': '400 AMP MCC upgrade with 2 subpanels with receptacles and', 'messages': []}, 'address': {'status': 'valid', 'raw_value': '1,035 VALLEY DR', 'normalized_value': '1,035 VALLEY DR', 'messages': []}, 'parcel_number': {'status': 'valid', 'raw_value': '4187-018-900', 'normalized_value': '4187-018-900', 'messages': []}, 'paid_fee': {'status': 'valid', 'raw_value': '$0.00', 'normalized_value': 0.0, 'messages': []}, 'fee': {'status': 'missing', 'raw_value': None, 'normalized_value': None, 'messages': ['Field is missing']}, 'valuation': {'status': 'missing', 'raw_value': None, 'normalized_value': None, 'messages': ['Field is missing']}, 'permit_type': {'status': 'valid', 'raw_value': 'Building Permit OTC', 'normalized_value': 'Building Permit OTC', 'messages': []}, 'sub_type': {'status': 'valid', 'raw_value': 'Over The Counter', 'normalized_value': 'Over The Counter', 'messages': []}}, 'validated_at': '2026-06-24T21:33:12.573615+00:00'}",valid,valid,valid,missing,valid,valid,valid,valid,valid,valid,missing,B,le_1,missing,missing,electrical+mechanical,sub_type,Over The Counter,Over The Counter,0,,not_applicable,clustering,,,,
run_20260624_213303_698_row_000036,run_20260624_213303_698,run_20260624_213303_698_input,run_20260624_213303_698_csv,36,B25-00434,Issued,Abatement permit for Asbestos Removal,846 18TH ST,4185-002-016,$58.34,$58.34,$800.00,Building Permit OTC,Over The Counter,Building Permit OTC,Over The Counter,B25-00434,Issued,Abatement permit for Asbestos Removal,846 18TH ST,4185-002-016,58.34,58.34,800.0,Building Permit OTC,Over The Counter,"{'record_status': 'valid', 'fields': {'permit_number': {'status': 'valid', 'raw_value': 'B25-00434', 'normalized_value': 'B25-00434', 'messages': []}, 'status': {'status': 'valid', 'raw_value': 'Issued', 'normalized_value': 'Issued', 'messages': []}, 'description': {'status': 'valid', 'raw_value': 'Abatement permit for Asbestos Removal', 'normalized_value': 'Abatement permit for Asbestos Removal', 'messages': []}, 'address': {'status': 'valid', 'raw_value': '846 18TH ST', 'normalized_value': '846 18TH ST', 'messages': []}, 'parcel_number': {'status': 'valid', 'raw_value': '4185-002-016', 'normalized_value': '4185-002-016', 'messages': []}, 'paid_fee': {'status': 'valid', 'raw_value': '$58.34', 'normalized_value': 58.34, 'messages': []}, 'fee': {'status': 'valid', 'raw_value': '$58.34', 'normalized_value': 58.34, 'messages': []}, 'valuation': {'status': 'valid', 'raw_value': '$800.00', 'normalized_value': 800.0, 'messages': []}, 'permit_type': {'status': 'valid', 'raw_value': 'Building Permit OTC', 'normalized_value': 'Building Permit OTC', 'messages': []}, 'sub_type': {'status': 'valid', 'raw_value': 'Over The Counter', 'normalized_value': 'Over The Counter', 'messages': []}}, 'validated_at': '2026-06-24T21:33:12.573770+00:00'}",valid,valid,valid,valid,valid,valid,valid,valid,valid,valid,valid,B,2_999,2_999,2_999,other,sub_type,Over The Counter,Over The Counter,0,,not_applicable,clustering,,,,
run_20260624_213303_698_row_000037,run_20260624_213303_698,run_20260624_213303_698_input,run_20260624_213303_698_csv,37,B25-00440,Finaled,Sign permit for Hydration Room,"1,316 HERMOSA AVE",4183-013-068,$156.46,$156.46,"$2,500.00",Building Permit OTC,Over The Counter,Building Permit OTC,Over The Counter,B25-00440,Finaled,Sign permit for Hydration Room,"1,316 HERMOSA AVE",4183-013-068,156.46,156.46,2500.0,Building Permit OTC,Over The Counter,"{'record_status': 'valid', 'fields': {'permit_number': {'status': 'valid', 'raw_value': 'B25-00440', 'normalized_value': 'B25-00440', 'messages': []}, 'status': {'status': 'valid', 'raw_value': 'Finaled', 'normalized_value': 'Finaled', 'messages': []}, 'description': {'status': 'valid', 'raw_value': 'Sign permit for Hydration Room', 'normalized_value': 'Sign permit for Hydration Room', 'messages': []}, 'address': {'status': 'valid', 'raw_value': '1,316 HERMOSA AVE', 'normalized_value': '1,316 HERMOSA AVE', 'messages': []}, 'parcel_number': {'status': 'valid', 'raw_value': '4183-013-068', 'normalized_value': '4183-013-068', 'messages': []}, 'paid_fee': {'status': 'valid', 'raw_value': '$156.46', 'normalized_value': 156.46, 'messages': []}, 'fee': {'status': 'valid', 'raw_value': '$156.46', 'normalized_value': 156.46, 'messages': []}, 'valuation': {'status': 'valid', 'raw_value': '$2,500.00', 'normalized_value': 2500.0, 'messages': []}, 'permit_type': {'status': 'valid', 'raw_value': 'Building Permit OTC', 'normalized_value': 'Building Permit OTC', 'messages': []}, 'sub_type': {'status': 'valid', 'raw_value': 'Over The Counter', 'normalized_value': 'Over The Counter', 'messages': []}}, 'validated_at': '2026-06-24T21:33:12.573927+00:00'}",valid,valid,valid,valid,valid,valid,valid,valid,valid,valid,valid,B,2_999,2_999,1000_9999,other,sub_type,Over The Counter,,1,Over The Counter,cluster_majority,clustering,0.8461538461538461,6,13,11
run_20260624_213303_698_row_000038,run_20260624_213303_698,run_20260624_213303_698_input,run_20260624_213303_698_csv,38,B25-00443,Issued,"Bathroom remodel, drywall repair as needed, new tile replace tub,","1,529 PROSPECT AVE",4185-010-021,$252.55,,,Building Permit OTC,Over The Counter,Building Permit OTC,Over The Counter,B25-00443,Issued,"Bathroom remodel, drywall repair as needed, new tile replace tub,","1,529 PROSPECT AVE",4185-010-021,252.55,,,Building Permit OTC,Over The Counter,"{'record_status': 'valid', 'fields': {'permit_number': {'status': 'valid', 'raw_value': 'B25-00443', 'normalized_value': 'B25-00443', 'messages': []}, 'status': {'status': 'valid', 'raw_value': 'Issued', 'normalized_value': 'Issued', 'messages': []}, 'description': {'status': 'valid', 'raw_value': 'Bathroom remodel, drywall repair as needed, new tile replace tub,', 'normalized_value': 'Bathroom remodel, drywall repair as needed, new tile replace tub,', 'messages': []}, 'address': {'status': 'valid', 'raw_value': '1,529 PROSPECT AVE', 'normalized_value': '1,529 PROSPECT AVE', 'messages': []}, 'parcel_number': {'status': 'valid', 'raw_value': '4185-010-021', 'normalized_value': '4185-010-021', 'messages': []}, 'paid_fee': {'status': 'valid', 'raw_value': '$252.55', 'normalized_value': 252.55, 'messages': []}, 'fee': {'status': 'missing', 'raw_value': None, 'normalized_value': None, 'messages': ['Field is missing']}, 'valuation': {'status': 'missing', 'raw_value': None, 'normalized_value': None, 'messages': ['Field is missing']}, 'permit_type': {'status': 'valid', 'raw_value': 'Building Permit OTC', 'normalized_value': 'Building Permit OTC', 'messages': []}, 'sub_type': {'status': 'valid', 'raw_value': 'Over The Counter', 'normalized_value': 'Over The Counter', 'messages': []}}, 'validated_at': '2026-06-24T21:33:12.574080+00:00'}",valid,valid,valid,missing,valid,valid,valid,valid,valid,valid,missing,B,2_999,missing,missing,mechanical+remodel,sub_type,Over The Counter,Over The Counter,0,,not_applicable,clustering,,,,
run_20260624_213303_698_row_000039,run_20260624_213303_698,run_20260624_213303_698_input,run_20260624_213303_698_csv,39,B25-00444,Issued,Remove unpermitted partition wall in garage. Install new garage,"1,946 LOMA DR",4183-023-030,$276.64,,,Building Permit OTC,Over The Counter,Building Permit OTC,Over The Counter,B25-00444,Issued,Remove unpermitted partition wall in garage. Install new garage,"1,946 LOMA DR",4183-023-030,276.64,,,Building Permit OTC,Over The Counter,"{'record_status': 'valid', 'fields': {'permit_number': {'status': 'valid', 'raw_value': 'B25-00444', 'normalized_value': 'B25-00444', 'messages': []}, 'status': {'status': 'valid', 'raw_value': 'Issued', 'normalized_value': 'Issued', 'messages': []}, 'description': {'status': 'valid', 'raw_value': 'Remove unpermitted partition wall in garage. Install new garage', 'normalized_value': 'Remove unpermitted partition wall in garage. Install new garage', 'messages': []}, 'address': {'status': 'valid', 'raw_value': '1,946 LOMA DR', 'normalized_value': '1,946 LOMA DR', 'messages': []}, 'parcel_number': {'status': 'valid', 'raw_value': '4183-023-030', 'normalized_value': '4183-023-030', 'messages': []}, 'paid_fee': {'status': 'valid', 'raw_value': '$276.64', 'normalized_value': 276.64, 'messages': []}, 'fee': {'status': 'missing', 'raw_value': None, 'normalized_value': None, 'messages': ['Field is missing']}, 'valuation': {'status': 'missing', 'raw_value': None, 'normalized_value': None, 'messages': ['Field is missing']}, 'permit_type': {'status': 'valid', 'raw_value': 'Building Permit OTC', 'normalized_value': 'Building Permit OTC', 'messages': []}, 'sub_type': {'status': 'valid', 'raw_value': 'Over The Counter', 'normalized_value': 'Over The Counter', 'messages': []}}, 'validated_at': '2026-06-24T21:33:12.574253+00:00'}",valid,valid,valid,missing,valid,valid,valid,valid,valid,valid,missing,B,2_999,missing,missing,other,sub_type,Over The Counter,Over The Counter,0,,not_applicable,clustering,,,,
run_20260624_213303_698_row_000040,run_20260624_213303_698,run_20260624_213303_698_input,run_20260624_213303_698_csv,40,B25-00445,Issued,CHAMBER OF COMMERCE EVENT - LOCALE 2025,"1,101 HERMOSA AVE",4187-005-902,$121.38,$121.38,$0.00,Building Permit OTC,Over The Counter,Building Permit OTC,Over The Counter,B25-00445,Issued,CHAMBER OF COMMERCE EVENT - LOCALE 2025,"1,101 HERMOSA AVE",4187-005-902,121.38,121.38,0.0,Building Permit OTC,Over The Counter,"{'record_status': 'valid', 'fields': {'permit_number': {'status': 'valid', 'raw_value': 'B25-00445', 'normalized_value': 'B25-00445', 'messages': []}, 'status': {'status': 'valid', 'raw_value': 'Issued', 'normalized_value': 'Issued', 'messages': []}, 'description': {'status': 'valid', 'raw_value': 'CHAMBER OF COMMERCE EVENT - LOCALE 2025', 'normalized_value': 'CHAMBER OF COMMERCE EVENT - LOCALE 2025', 'messages': []}, 'address': {'status': 'valid', 'raw_value': '1,101 HERMOSA AVE', 'normalized_value': '1,101 HERMOSA AVE', 'messages': []}, 'parcel_number': {'status': 'valid', 'raw_value': '4187-005-902', 'normalized_value': '4187-005-902', 'messages': []}, 'paid_fee': {'status': 'valid', 'raw_value': '$121.38', 'normalized_value': 121.38, 'messages': []}, 'fee': {'status': 'valid', 'raw_value': '$121.38', 'normalized_value': 121.38, 'messages': []}, 'valuation': {'status': 'valid', 'raw_value': '$0.00', 'normalized_value': 0.0, 'messages': []}, 'permit_type': {'status': 'valid', 'raw_value': 'Building Permit OTC', 'normalized_value': 'Building Permit OTC', 'messages': []}, 'sub_type': {'status': 'valid', 'raw_value': 'Over The Counter', 'normalized_value': 'Over The Counter', 'messages': []}}, 'validated_at': '2026-06-24T21:33:12.574416+00:00'}",valid,valid,valid,valid,valid,valid,valid,valid,valid,valid,valid,B,2_999,2_999,le_1,other,sub_type,Over The Counter,Over The Counter,0,,not_applicable,clustering,,,,
run_20260624_213303_698_row_000041,run_20260624_213303_698,run_20260624_213303_698_input,run_20260624_213303_698_csv,41,B25-00447,Issued,Repair of front stairs,"1,042 10TH ST",4186-005-001,$348.94,$348.94,"$11,000.00",Building Permit OTC,Over The Counter,Building Permit OTC,Over The Counter,B25-00447,Issued,Repair of front stairs,"1,042 10TH ST",4186-005-001,348.94,348.94,11000.0,Building Permit OTC,Over The Counter,"{'record_status': 'valid', 'fields': {'permit_number': {'status': 'valid', 'raw_value': 'B25-00447', 'normalized_value': 'B25-00447', 'messages': []}, 'status': {'status': 'valid', 'raw_value': 'Issued', 'normalized_value': 'Issued', 'messages': []}, 'description': {'status': 'valid', 'raw_value': 'Repair of front stairs', 'normalized_value': 'Repair of front stairs', 'messages': []}, 'address': {'status': 'valid', 'raw_value': '1,042 10TH ST', 'normalized_value': '1,042 10TH ST', 'messages': []}, 'parcel_number': {'status': 'valid', 'raw_value': '4186-005-001', 'normalized_value': '4186-005-001', 'messages': []}, 'paid_fee': {'status': 'valid', 'raw_value': '$348.94', 'normalized_value': 348.94, 'messages': []}, 'fee': {'status': 'valid', 'raw_value': '$348.94', 'normalized_value': 348.94, 'messages': []}, 'valuation': {'status': 'valid', 'raw_value': '$11,000.00', 'normalized_value': 11000.0, 'messages': []}, 'permit_type': {'status': 'valid', 'raw_value': 'Building Permit OTC', 'normalized_value': 'Building Permit OTC', 'messages': []}, 'sub_type': {'status': 'valid', 'raw_value': 'Over The Counter', 'normalized_value': 'Over The Counter', 'messages': []}}, 'validated_at': '2026-06-24T21:33:12.574625+00:00'}",valid,valid,valid,valid,valid,valid,valid,valid,valid,valid,valid,B,2_999,2_999,10000_99999,other,sub_type,Over The Counter,Over The Counter,0,,not_applicable,clustering,,,,
run_20260624_213303_698_row_000042,run_20260624_213303_698,run_20260624_213303_698_input,run_20260624_213303_698_csv,42,B25-00449,Issued,Re-Roof: remove roofing/ patch sheathing as needed/ Install new,"1,240 17TH ST",4185-023-051,$445.33,,,Building Permit OTC,Over The Counter,Building Permit OTC,Over The Counter,B25-00449,Issued,Re-Roof: remove roofing/ patch sheathing as needed/ Install new,"1,240 17TH ST",4185-023-051,445.33,,,Building Permit OTC,Over The Counter,"{'record_status': 'valid', 'fields': {'permit_number': {'status': 'valid', 'raw_value': 'B25-00449', 'normalized_value': 'B25-00449', 'messages': []}, 'status': {'status': 'valid', 'raw_value': 'Issued', 'normalized_value': 'Issued', 'messages': []}, 'description': {'status': 'valid', 'raw_value': 'Re-Roof: remove roofing/ patch sheathing as needed/ Install new', 'normalized_value': 'Re-Roof: remove roofing/ patch sheathing as needed/ Install new', 'messages': []}, 'address': {'status': 'valid', 'raw_value': '1,240 17TH ST', 'normalized_value': '1,240 17TH ST', 'messages': []}, 'parcel_number': {'status': 'valid', 'raw_value': '4185-023-051', 'normalized_value': '4185-023-051', 'messages': []}, 'paid_fee': {'status': 'valid', 'raw_value': '$445.33', 'normalized_value': 445.33, 'messages': []}, 'fee': {'status': 'missing', 'raw_value': None, 'normalized_value': None, 'messages': ['Field is missing']}, 'valuation': {'status': 'missing', 'raw_value': None, 'normalized_value': None, 'messages': ['Field is missing']}, 'permit_type': {'status': 'valid', 'raw_value': 'Building Permit OTC', 'normalized_value': 'Building Permit OTC', 'messages': []}, 'sub_type': {'status': 'valid', 'raw_value': 'Over The Counter', 'normalized_value': 'Over The Counter', 'messages': []}}, 'validated_at': '2026-06-24T21:33:12.574771+00:00'}",valid,valid,valid,missing,valid,valid,valid,valid,valid,valid,missing,B,2_999,missing,missing,roof,sub_type,Over The Counter,,1,Over The Counter,cluster_majority,clustering,0.75,1,16,12
run_20260624_213303_698_row_000043,run_20260624_213303_698,run_20260624_213303_698_input,run_20260624_213303_698_csv,43,B25-00451,Issued,"Kitchen remodel to replace cabinets, fixtures, and vent. Bathroom",449 30TH ST,4181-009-025,$870.08,$870.08,"$35,000.00",Building Permit OTC,Over The Counter,Building Permit OTC,Over The Counter,B25-00451,Issued,"Kitchen remodel to replace cabinets, fixtures, and vent. Bathroom",449 30TH ST,4181-009-025,870.08,870.08,35000.0,Building Permit OTC,Over The Counter,"{'record_status': 'valid', 'fields': {'permit_number': {'status': 'valid', 'raw_value': 'B25-00451', 'normalized_value': 'B25-00451', 'messages': []}, 'status': {'status': 'valid', 'raw_value': 'Issued', 'normalized_value': 'Issued', 'messages': []}, 'description': {'status': 'valid', 'raw_value': 'Kitchen remodel to replace cabinets, fixtures, and vent. Bathroom', 'normalized_value': 'Kitchen remodel to replace cabinets, fixtures, and vent. Bathroom', 'messages': []}, 'address': {'status': 'valid', 'raw_value': '449 30TH ST', 'normalized_value': '449 30TH ST', 'messages': []}, 'parcel_number': {'status': 'valid', 'raw_value': '4181-009-025', 'normalized_value': '4181-009-025', 'messages': []}, 'paid_fee': {'status': 'valid', 'raw_value': '$870.08', 'normalized_value': 870.08, 'messages': []}, 'fee': {'status': 'valid', 'raw_value': '$870.08', 'normalized_value': 870.08, 'messages': []}, 'valuation': {'status': 'valid', 'raw_value': '$35,000.00', 'normalized_value': 35000.0, 'messages': []}, 'permit_type': {'status': 'valid', 'raw_value': 'Building Permit OTC', 'normalized_value': 'Building Permit OTC', 'messages': []}, 'sub_type': {'status': 'valid', 'raw_value': 'Over The Counter', 'normalized_value': 'Over The Counter', 'messages': []}}, 'validated_at': '2026-06-24T21:33:12.574965+00:00'}",valid,valid,valid,valid,valid,valid,valid,valid,valid,valid,valid,B,2_999,2_999,10000_99999,mechanical+remodel,sub_type,Over The Counter,Over The Counter,0,,not_applicable,clustering,,,,
run_20260624_213303_698_row_000044,run_20260624_213303_698,run_20260624_213303_698_input,run_20260624_213303_698_csv,44,B25-00452,Issued,Re-Roof Building 1: tearing off current single layer of shingles,415 HERONDO ST,4188-016-107,"$1,016.29","$1,016.29","$42,956.16",Building Permit OTC,Over The Counter,Building Permit OTC,Over The Counter,B25-00452,Issued,Re-Roof Building 1: tearing off current single layer of shingles,415 HERONDO ST,4188-016-107,1016.29,1016.29,42956.16,Building Permit OTC,Over The Counter,"{'record_status': 'valid', 'fields': {'permit_number': {'status': 'valid', 'raw_value': 'B25-00452', 'normalized_value': 'B25-00452', 'messages': []}, 'status': {'status': 'valid', 'raw_value': 'Issued', 'normalized_value': 'Issued', 'messages': []}, 'description': {'status': 'valid', 'raw_value': 'Re-Roof Building 1: tearing off current single layer of shingles', 'normalized_value': 'Re-Roof Building 1: tearing off current single layer of shingles', 'messages': []}, 'address': {'status': 'valid', 'raw_value': '415 HERONDO ST', 'normalized_value': '415 HERONDO ST', 'messages': []}, 'parcel_number': {'status': 'valid', 'raw_value': '4188-016-107', 'normalized_value': '4188-016-107', 'messages': []}, 'paid_fee': {'status': 'valid', 'raw_value': '$1,016.29', 'normalized_value': 1016.29, 'messages': []}, 'fee': {'status': 'valid', 'raw_value': '$1,016.29', 'normalized_value': 1016.29, 'messages': []}, 'valuation': {'status': 'valid', 'raw_value': '$42,956.16', 'normalized_value': 42956.16, 'messages': []}, 'permit_type': {'status': 'valid', 'raw_value': 'Building Permit OTC', 'normalized_value': 'Building Permit OTC', 'messages': []}, 'sub_type': {'status': 'valid', 'raw_value': 'Over The Counter', 'normalized_value': 'Over The Counter', 'messages': []}}, 'validated_at': '2026-06-24T21:33:12.575132+00:00'}",valid,valid,valid,valid,valid,valid,valid,valid,valid,valid,valid,B,1000_9999,1000_9999,10000_99999,roof,sub_type,Over The Counter,Over The Counter,0,,not_applicable,clustering,,,,
run_20260624_213303_698_row_000045,run_20260624_213303_698,run_20260624_213303_698_input,run_20260624_213303_698_csv,45,B25-00453,Issued,Re-Roof Building 4: tearing off current single layer of shingles,415 HERONDO ST,4188-016-107,$869.95,$869.95,"$34,006.96",Building Permit OTC,Over The Counter,Building Permit OTC,Over The Counter,B25-00453,Issued,Re-Roof Building 4: tearing off current single layer of shingles,415 HERONDO ST,4188-016-107,869.95,869.95,34006.96,Building Permit OTC,Over The Counter,"{'record_status': 'valid', 'fields': {'permit_number': {'status': 'valid', 'raw_value': 'B25-00453', 'normalized_value': 'B25-00453', 'messages': []}, 'status': {'status': 'valid', 'raw_value': 'Issued', 'normalized_value': 'Issued', 'messages': []}, 'description': {'status': 'valid', 'raw_value': 'Re-Roof Building 4: tearing off current single layer of shingles', 'normalized_value': 'Re-Roof Building 4: tearing off current single layer of shingles', 'messages': []}, 'address': {'status': 'valid', 'raw_value': '415 HERONDO ST', 'normalized_value': '415 HERONDO ST', 'messages': []}, 'parcel_number': {'status': 'valid', 'raw_value': '4188-016-107', 'normalized_value': '4188-016-107', 'messages': []}, 'paid_fee': {'status': 'valid', 'raw_value': '$869.95', 'normalized_value': 869.95, 'messages': []}, 'fee': {'status': 'valid', 'raw_value': '$869.95', 'normalized_value': 869.95, 'messages': []}, 'valuation': {'status': 'valid', 'raw_value': '$34,006.96', 'normalized_value': 34006.96, 'messages': []}, 'permit_type': {'status': 'valid', 'raw_value': 'Building Permit OTC', 'normalized_value': 'Building Permit OTC', 'messages': []}, 'sub_type': {'status': 'valid', 'raw_value': 'Over The Counter', 'normalized_value': 'Over The Counter', 'messages': []}}, 'validated_at': '2026-06-24T21:33:12.575315+00:00'}",valid,valid,valid,valid,valid,valid,valid,valid,valid,valid,valid,B,2_999,2_999,10000_99999,roof,sub_type,Over The Counter,Over The Counter,0,,not_applicable,clustering,,,,
run_20260624_213303_698_row_000046,run_20260624_213303_698,run_20260624_213303_698_input,run_20260624_213303_698_csv,46,B25-00454,Issued,Re-Roof Building 5: tearing off current single layer of shingles,415 HERONDO ST,4188-016-107,$888.33,$888.33,"$35,796.80",Building Permit OTC,Over The Counter,Building Permit OTC,Over The Counter,B25-00454,Issued,Re-Roof Building 5: tearing off current single layer of shingles,415 HERONDO ST,4188-016-107,888.33,888.33,35796.8,Building Permit OTC,Over The Counter,"{'record_status': 'valid', 'fields': {'permit_number': {'status': 'valid', 'raw_value': 'B25-00454', 'normalized_value': 'B25-00454', 'messages': []}, 'status': {'status': 'valid', 'raw_value': 'Issued', 'normalized_value': 'Issued', 'messages': []}, 'description': {'status': 'valid', 'raw_value': 'Re-Roof Building 5: tearing off current single layer of shingles', 'normalized_value': 'Re-Roof Building 5: tearing off current single layer of shingles', 'messages': []}, 'address': {'status': 'valid', 'raw_value': '415 HERONDO ST', 'normalized_value': '415 HERONDO ST', 'messages': []}, 'parcel_number': {'status': 'valid', 'raw_value': '4188-016-107', 'normalized_value': '4188-016-107', 'messages': []}, 'paid_fee': {'status': 'valid', 'raw_value': '$888.33', 'normalized_value': 888.33, 'messages': []}, 'fee': {'status': 'valid', 'raw_value': '$888.33', 'normalized_value': 888.33, 'messages': []}, 'valuation': {'status': 'valid', 'raw_value': '$35,796.80', 'normalized_value': 35796.8, 'messages': []}, 'permit_type': {'status': 'valid', 'raw_value': 'Building Permit OTC', 'normalized_value': 'Building Permit OTC', 'messages': []}, 'sub_type': {'status': 'valid', 'raw_value': 'Over The Counter', 'normalized_value': 'Over The Counter', 'messages': []}}, 'validated_at': '2026-06-24T21:33:12.575475+00:00'}",valid,valid,valid,valid,valid,valid,valid,valid,valid,valid,valid,B,2_999,2_999,10000_99999,roof,sub_type,Over The Counter,Over The Counter,0,,not_applicable,clustering,,,,
run_20260624_213303_698_row_000047,run_20260624_213303_698,run_20260624_213303_698_input,run_20260624_213303_698_csv,47,B25-00456,Issued,Window/ Deck repairs,"2,412 PARK AVE",4182-024-011,"$1,616.70","$1,616.70","$20,000.00",Building Permit OTC,Over The Counter,Building Permit OTC,Over The Counter,B25-00456,Issued,Window/ Deck repairs,"2,412 PARK AVE",4182-024-011,1616.7,1616.7,20000.0,Building Permit OTC,Over The Counter,"{'record_status': 'valid', 'fields': {'permit_number': {'status': 'valid', 'raw_value': 'B25-00456', 'normalized_value': 'B25-00456', 'messages': []}, 'status': {'status': 'valid', 'raw_value': 'Issued', 'normalized_value': 'Issued', 'messages': []}, 'description': {'status': 'valid', 'raw_value': 'Window/ Deck repairs', 'normalized_value': 'Window/ Deck repairs', 'messages': []}, 'address': {'status': 'valid', 'raw_value': '2,412 PARK AVE', 'normalized_value': '2,412 PARK AVE', 'messages': []}, 'parcel_number': {'status': 'valid', 'raw_value': '4182-024-011', 'normalized_value': '4182-024-011', 'messages': []}, 'paid_fee': {'status': 'valid', 'raw_value': '$1,616.70', 'normalized_value': 1616.7, 'messages': []}, 'fee': {'status': 'valid', 'raw_value': '$1,616.70', 'normalized_value': 1616.7, 'messages': []}, 'valuation': {'status': 'valid', 'raw_value': '$20,000.00', 'normalized_value': 20000.0, 'messages': []}, 'permit_type': {'status': 'valid', 'raw_value': 'Building Permit OTC', 'normalized_value': 'Building Permit OTC', 'messages': []}, 'sub_type': {'status': 'valid', 'raw_value': 'Over The Counter', 'normalized_value': 'Over The Counter', 'messages': []}}, 'validated_at': '2026-06-24T21:33:12.575631+00:00'}",valid,valid,valid,valid,valid,valid,valid,valid,valid,valid,valid,B,1000_9999,1000_9999,10000_99999,other,sub_type,Over The Counter,Over The Counter,0,,not_applicable,clustering,,,,
run_20260624_213303_698_row_000048,run_20260624_213303_698,run_20260624_213303_698_input,run_20260624_213303_698_csv,48,B25-00457,Issued,Sign permit for Coni' Seafood,934 HERMOSA AVE,4187-007-030,$101.48,$101.48,"$1,500.00",Building Permit OTC,Over The Counter,Building Permit OTC,Over The Counter,B25-00457,Issued,Sign permit for Coni' Seafood,934 HERMOSA AVE,4187-007-030,101.48,101.48,1500.0,Building Permit OTC,Over The Counter,"{'record_status': 'valid', 'fields': {'permit_number': {'status': 'valid', 'raw_value': 'B25-00457', 'normalized_value': 'B25-00457', 'messages': []}, 'status': {'status': 'valid', 'raw_value': 'Issued', 'normalized_value': 'Issued', 'messages': []}, 'description': {'status': 'valid', 'raw_value': ""Sign permit for Coni' Seafood"", 'normalized_value': ""Sign permit for Coni' Seafood"", 'messages': []}, 'address': {'status': 'valid', 'raw_value': '934 HERMOSA AVE', 'normalized_value': '934 HERMOSA AVE', 'messages': []}, 'parcel_number': {'status': 'valid', 'raw_value': '4187-007-030', 'normalized_value': '4187-007-030', 'messages': []}, 'paid_fee': {'status': 'valid', 'raw_value': '$101.48', 'normalized_value': 101.48, 'messages': []}, 'fee': {'status': 'valid', 'raw_value': '$101.48', 'normalized_value': 101.48, 'messages': []}, 'valuation': {'status': 'valid', 'raw_value': '$1,500.00', 'normalized_value': 1500.0, 'messages': []}, 'permit_type': {'status': 'valid', 'raw_value': 'Building Permit OTC', 'normalized_value': 'Building Permit OTC', 'messages': []}, 'sub_type': {'status': 'valid', 'raw_value': 'Over The Counter', 'normalized_value': 'Over The Counter', 'messages': []}}, 'validated_at': '2026-06-24T21:33:12.575784+00:00'}",valid,valid,valid,valid,valid,valid,valid,valid,valid,valid,valid,B,2_999,2_999,1000_9999,other,sub_type,Over The Counter,,1,Over The Counter,cluster_majority,clustering,0.8461538461538461,6,13,11
run_20260624_213303_698_row_000049,run_20260624_213303_698,run_20260624_213303_698_input,run_20260624_213303_698_csv,49,B25-00460,Finaled,Abatement permit for: Demolish and update exterior cement,"1,528 PROSPECT AVE",4185-019-031,$132.30,$132.30,"$2,000.00",Building Permit OTC,Over The Counter,Building Permit OTC,Over The Counter,B25-00460,Finaled,Abatement permit for: Demolish and update exterior cement,"1,528 PROSPECT AVE",4185-019-031,132.3,132.3,2000.0,Building Permit OTC,Over The Counter,"{'record_status': 'valid', 'fields': {'permit_number': {'status': 'valid', 'raw_value': 'B25-00460', 'normalized_value': 'B25-00460', 'messages': []}, 'status': {'status': 'valid', 'raw_value': 'Finaled', 'normalized_value': 'Finaled', 'messages': []}, 'description': {'status': 'valid', 'raw_value': 'Abatement permit for: Demolish and update exterior cement', 'normalized_value': 'Abatement permit for: Demolish and update exterior cement', 'messages': []}, 'address': {'status': 'valid', 'raw_value': '1,528 PROSPECT AVE', 'normalized_value': '1,528 PROSPECT AVE', 'messages': []}, 'parcel_number': {'status': 'valid', 'raw_value': '4185-019-031', 'normalized_value': '4185-019-031', 'messages': []}, 'paid_fee': {'status': 'valid', 'raw_value': '$132.30', 'normalized_value': 132.3, 'messages': []}, 'fee': {'status': 'valid', 'raw_value': '$132.30', 'normalized_value': 132.3, 'messages': []}, 'valuation': {'status': 'valid', 'raw_value': '$2,000.00', 'normalized_value': 2000.0, 'messages': []}, 'permit_type': {'status': 'valid', 'raw_value': 'Building Permit OTC', 'normalized_value': 'Building Permit OTC', 'messages': []}, 'sub_type': {'status': 'valid', 'raw_value': 'Over The Counter', 'normalized_value': 'Over The Counter', 'messages': []}}, 'validated_at': '2026-06-24T21:33:12.575937+00:00'}",valid,valid,valid,valid,valid,valid,valid,valid,valid,valid,valid,B,2_999,2_999,1000_9999,demolition,sub_type,Over The Counter,Over The Counter,0,,not_applicable,clustering,,,,
run_20260624_213303_698_row_000050,run_20260624_213303_698,run_20260624_213303_698_input,run_20260624_213303_698_csv,50,B25-00462,Issued,Remove existing roofing material and replace it with torch applied,444 OCEAN VIEW AVE,4186-019-003,$565.75,,,Building Permit OTC,Over The Counter,Building Permit OTC,Over The Counter,B25-00462,Issued,Remove existing roofing material and replace it with torch applied,444 OCEAN VIEW AVE,4186-019-003,565.75,,,Building Permit OTC,Over The Counter,"{'record_status': 'valid', 'fields': {'permit_number': {'status': 'valid', 'raw_value': 'B25-00462', 'normalized_value': 'B25-00462', 'messages': []}, 'status': {'status': 'valid', 'raw_value': 'Issued', 'normalized_value': 'Issued', 'messages': []}, 'description': {'status': 'valid', 'raw_value': 'Remove existing roofing material and replace it with torch applied', 'normalized_value': 'Remove existing roofing material and replace it with torch applied', 'messages': []}, 'address': {'status': 'valid', 'raw_value': '444 OCEAN VIEW AVE', 'normalized_value': '444 OCEAN VIEW AVE', 'messages': []}, 'parcel_number': {'status': 'valid', 'raw_value': '4186-019-003', 'normalized_value': '4186-019-003', 'messages': []}, 'paid_fee': {'status': 'valid', 'raw_value': '$565.75', 'normalized_value': 565.75, 'messages': []}, 'fee': {'status': 'missing', 'raw_value': None, 'normalized_value': None, 'messages': ['Field is missing']}, 'valuation': {'status': 'missing', 'raw_value': None, 'normalized_value': None, 'messages': ['Field is missing']}, 'permit_type': {'status': 'valid', 'raw_value': 'Building Permit OTC', 'normalized_value': 'Building Permit OTC', 'messages': []}, 'sub_type': {'status': 'valid', 'raw_value': 'Over The Counter', 'normalized_value': 'Over The Counter', 'messages': []}}, 'validated_at': '2026-06-24T21:33:12.576076+00:00'}",valid,valid,valid,missing,valid,valid,valid,valid,valid,valid,missing,B,2_999,missing,missing,roof+mechanical,sub_type,Over The Counter,,1,Over The Counter,cluster_majority,clustering,0.75,1,16,12
run_20260624_213303_698_row_000051,run_20260624_213303_698,run_20260624_213303_698_input,run_20260624_213303_698_csv,51,B25-00464,Issued,Cesspool & Septic Tank,"1,009 5TH ST",4186-015-021,$156.26,$156.26,"$3,000.00",Building Permit OTC,Over The Counter,Building Permit OTC,Over The Counter,B25-00464,Issued,Cesspool & Septic Tank,"1,009 5TH ST",4186-015-021,156.26,156.26,3000.0,Building Permit OTC,Over The Counter,"{'record_status': 'valid', 'fields': {'permit_number': {'status': 'valid', 'raw_value': 'B25-00464', 'normalized_value': 'B25-00464', 'messages': []}, 'status': {'status': 'valid', 'raw_value': 'Issued', 'normalized_value': 'Issued', 'messages': []}, 'description': {'status': 'valid', 'raw_value': 'Cesspool & Septic Tank', 'normalized_value': 'Cesspool & Septic Tank', 'messages': []}, 'address': {'status': 'valid', 'raw_value': '1,009 5TH ST', 'normalized_value': '1,009 5TH ST', 'messages': []}, 'parcel_number': {'status': 'valid', 'raw_value': '4186-015-021', 'normalized_value': '4186-015-021', 'messages': []}, 'paid_fee': {'status': 'valid', 'raw_value': '$156.26', 'normalized_value': 156.26, 'messages': []}, 'fee': {'status': 'valid', 'raw_value': '$156.26', 'normalized_value': 156.26, 'messages': []}, 'valuation': {'status': 'valid', 'raw_value': '$3,000.00', 'normalized_value': 3000.0, 'messages': []}, 'permit_type': {'status': 'valid', 'raw_value': 'Building Permit OTC', 'normalized_value': 'Building Permit OTC', 'messages': []}, 'sub_type': {'status': 'valid', 'raw_value': 'Over The Counter', 'normalized_value': 'Over The Counter', 'messages': []}}, 'validated_at': '2026-06-24T21:33:12.576229+00:00'}",valid,valid,valid,valid,valid,valid,valid,valid,valid,valid,valid,B,2_999,2_999,1000_9999,pool,sub_type,Over The Counter,Over The Counter,0,,not_applicable,clustering,,,,
run_20260624_213303_698_row_000052,run_20260624_213303_698,run_20260624_213303_698_input,run_20260624_213303_698_csv,52,B25-00467,Issued,Permanent sign for Covinten Cafe (Flag mounted at the front),87 14TH ST,4183-004-037,$39.85,$39.85,$400.00,Building Permit OTC,Over The Counter,Building Permit OTC,Over The Counter,B25-00467,Issued,Permanent sign for Covinten Cafe (Flag mounted at the front),87 14TH ST,4183-004-037,39.85,39.85,400.0,Building Permit OTC,Over The Counter,"{'record_status': 'valid', 'fields': {'permit_number': {'status': 'valid', 'raw_value': 'B25-00467', 'normalized_value': 'B25-00467', 'messages': []}, 'status': {'status': 'valid', 'raw_value': 'Issued', 'normalized_value': 'Issued', 'messages': []}, 'description': {'status': 'valid', 'raw_value': 'Permanent sign for Covinten Cafe (Flag mounted at the front)', 'normalized_value': 'Permanent sign for Covinten Cafe (Flag mounted at the front)', 'messages': []}, 'address': {'status': 'valid', 'raw_value': '87 14TH ST', 'normalized_value': '87 14TH ST', 'messages': []}, 'parcel_number': {'status': 'valid', 'raw_value': '4183-004-037', 'normalized_value': '4183-004-037', 'messages': []}, 'paid_fee': {'status': 'valid', 'raw_value': '$39.85', 'normalized_value': 39.85, 'messages': []}, 'fee': {'status': 'valid', 'raw_value': '$39.85', 'normalized_value': 39.85, 'messages': []}, 'valuation': {'status': 'valid', 'raw_value': '$400.00', 'normalized_value': 400.0, 'messages': []}, 'permit_type': {'status': 'valid', 'raw_value': 'Building Permit OTC', 'normalized_value': 'Building Permit OTC', 'messages': []}, 'sub_type': {'status': 'valid', 'raw_value': 'Over The Counter', 'normalized_value': 'Over The Counter', 'messages': []}}, 'validated_at': '2026-06-24T21:33:12.576430+00:00'}",valid,valid,valid,valid,valid,valid,valid,valid,valid,valid,valid,B,2_999,2_999,2_999,other,sub_type,Over The Counter,Over The Counter,0,,not_applicable,clustering,,,,
run_20260624_213303_698_row_000053,run_20260624_213303_698,run_20260624_213303_698_input,run_20260624_213303_698_csv,53,B25-00468,Issued,Re-Roof,"2,040 LOMA DR",4183-023-042,$252.48,$252.48,"$6,500.00",Building Permit OTC,Over The Counter,Building Permit OTC,Over The Counter,B25-00468,Issued,Re-Roof,"2,040 LOMA DR",4183-023-042,252.48,252.48,6500.0,Building Permit OTC,Over The Counter,"{'record_status': 'valid', 'fields': {'permit_number': {'status': 'valid', 'raw_value': 'B25-00468', 'normalized_value': 'B25-00468', 'messages': []}, 'status': {'status': 'valid', 'raw_value': 'Issued', 'normalized_value': 'Issued', 'messages': []}, 'description': {'status': 'valid', 'raw_value': 'Re-Roof', 'normalized_value': 'Re-Roof', 'messages': []}, 'address': {'status': 'valid', 'raw_value': '2,040 LOMA DR', 'normalized_value': '2,040 LOMA DR', 'messages': []}, 'parcel_number': {'status': 'valid', 'raw_value': '4183-023-042', 'normalized_value': '4183-023-042', 'messages': []}, 'paid_fee': {'status': 'valid', 'raw_value': '$252.48', 'normalized_value': 252.48, 'messages': []}, 'fee': {'status': 'valid', 'raw_value': '$252.48', 'normalized_value': 252.48, 'messages': []}, 'valuation': {'status': 'valid', 'raw_value': '$6,500.00', 'normalized_value': 6500.0, 'messages': []}, 'permit_type': {'status': 'valid', 'raw_value': 'Building Permit OTC', 'normalized_value': 'Building Permit OTC', 'messages': []}, 'sub_type': {'status': 'valid', 'raw_value': 'Over The Counter', 'normalized_value': 'Over The Counter', 'messages': []}}, 'validated_at': '2026-06-24T21:33:12.576597+00:00'}",valid,valid,valid,valid,valid,valid,valid,valid,valid,valid,valid,B,2_999,2_999,1000_9999,roof,sub_type,Over The Counter,,1,Over The Counter,cluster_majority,clustering,0.8461538461538461,6,13,11
run_20260624_213303_698_row_000054,run_20260624_213303_698,run_20260624_213303_698_input,run_20260624_213303_698_csv,54,B25-00469,Issued,"Total re roof, tear off existing roof and reroof with roberoid roofing","1,035 AVIATION BLVD",4185-014-001,$471.83,,,Building Permit OTC,Over The Counter,Building Permit OTC,Over The Counter,B25-00469,Issued,"Total re roof, tear off existing roof and reroof with roberoid roofing","1,035 AVIATION BLVD",4185-014-001,471.83,,,Building Permit OTC,Over The Counter,"{'record_status': 'valid', 'fields': {'permit_number': {'status': 'valid', 'raw_value': 'B25-00469', 'normalized_value': 'B25-00469', 'messages': []}, 'status': {'status': 'valid', 'raw_value': 'Issued', 'normalized_value': 'Issued', 'messages': []}, 'description': {'status': 'valid', 'raw_value': 'Total re roof, tear off existing roof and reroof with roberoid roofing', 'normalized_value': 'Total re roof, tear off existing roof and reroof with roberoid roofing', 'messages': []}, 'address': {'status': 'valid', 'raw_value': '1,035 AVIATION BLVD', 'normalized_value': '1,035 AVIATION BLVD', 'messages': []}, 'parcel_number': {'status': 'valid', 'raw_value': '4185-014-001', 'normalized_value': '4185-014-001', 'messages': []}, 'paid_fee': {'status': 'valid', 'raw_value': '$471.83', 'normalized_value': 471.83, 'messages': []}, 'fee': {'status': 'missing', 'raw_value': None, 'normalized_value': None, 'messages': ['Field is missing']}, 'valuation': {'status': 'missing', 'raw_value': None, 'normalized_value': None, 'messages': ['Field is missing']}, 'permit_type': {'status': 'valid', 'raw_value': 'Building Permit OTC', 'normalized_value': 'Building Permit OTC', 'messages': []}, 'sub_type': {'status': 'valid', 'raw_value': 'Over The Counter', 'normalized_value': 'Over The Counter', 'messages': []}}, 'validated_at': '2026-06-24T21:33:12.576737+00:00'}",valid,valid,valid,missing,valid,valid,valid,valid,valid,valid,missing,B,2_999,missing,missing,roof,sub_type,Over The Counter,,1,Over The Counter,cluster_majority,clustering,0.75,1,16,12
run_20260624_213303_698_row_000055,run_20260624_213303_698,run_20260624_213303_698_input,run_20260624_213303_698_csv,55,E25-00073,Issued,Upgrade 200 amp electrical mains to 400 amp mains,144 MONTEREY BLVD,4188-016-064,$162.00,,,Electrical OTC,Over The Counter,Electrical OTC,Over The Counter,E25-00073,Issued,Upgrade 200 amp electrical mains to 400 amp mains,144 MONTEREY BLVD,4188-016-064,162.0,,,Electrical OTC,Over The Counter,"{'record_status': 'valid', 'fields': {'permit_number': {'status': 'valid', 'raw_value': 'E25-00073', 'normalized_value': 'E25-00073', 'messages': []}, 'status': {'status': 'valid', 'raw_value': 'Issued', 'normalized_value': 'Issued', 'messages': []}, 'description': {'status': 'valid', 'raw_value': 'Upgrade 200 amp electrical mains to 400 amp mains', 'normalized_value': 'Upgrade 200 amp electrical mains to 400 amp mains', 'messages': []}, 'address': {'status': 'valid', 'raw_value': '144 MONTEREY BLVD', 'normalized_value': '144 MONTEREY BLVD', 'messages': []}, 'parcel_number': {'status': 'valid', 'raw_value': '4188-016-064', 'normalized_value': '4188-016-064', 'messages': []}, 'paid_fee': {'status': 'valid', 'raw_value': '$162.00', 'normalized_value': 162.0, 'messages': []}, 'fee': {'status': 'missing', 'raw_value': None, 'normalized_value': None, 'messages': ['Field is missing']}, 'valuation': {'status': 'missing', 'raw_value': None, 'normalized_value': None, 'messages': ['Field is missing']}, 'permit_type': {'status': 'valid', 'raw_value': 'Electrical OTC', 'normalized_value': 'Electrical OTC', 'messages': []}, 'sub_type': {'status': 'valid', 'raw_value': 'Over The Counter', 'normalized_value': 'Over The Counter', 'messages': []}}, 'validated_at': '2026-06-24T21:33:12.576875+00:00'}",valid,valid,valid,missing,valid,valid,valid,valid,valid,valid,missing,E,2_999,missing,missing,electrical,sub_type,Over The Counter,,1,Over The Counter,cluster_majority,clustering,1.0,7,10,10
run_20260624_213303_698_row_000056,run_20260624_213303_698,run_20260624_213303_698_input,run_20260624_213303_698_csv,56,E25-00158,Issued,New 3-Story SFR (6147 sq. ft.) w/ attached 2-car garage and,"3,430 HERMOSA AVE",4181-033-015,"$2,364.00","$2,364.00",,Electrical OTC,Over The Counter,Electrical OTC,Over The Counter,E25-00158,Issued,New 3-Story SFR (6147 sq. ft.) w/ attached 2-car garage and,"3,430 HERMOSA AVE",4181-033-015,2364.0,2364.0,,Electrical OTC,Over The Counter,"{'record_status': 'valid', 'fields': {'permit_number': {'status': 'valid', 'raw_value': 'E25-00158', 'normalized_value': 'E25-00158', 'messages': []}, 'status': {'status': 'valid', 'raw_value': 'Issued', 'normalized_value': 'Issued', 'messages': []}, 'description': {'status': 'valid', 'raw_value': 'New 3-Story SFR (6147 sq. ft.) w/ attached 2-car garage and', 'normalized_value': 'New 3-Story SFR (6147 sq. ft.) w/ attached 2-car garage and', 'messages': []}, 'address': {'status': 'valid', 'raw_value': '3,430 HERMOSA AVE', 'normalized_value': '3,430 HERMOSA AVE', 'messages': []}, 'parcel_number': {'status': 'valid', 'raw_value': '4181-033-015', 'normalized_value': '4181-033-015', 'messages': []}, 'paid_fee': {'status': 'valid', 'raw_value': '$2,364.00', 'normalized_value': 2364.0, 'messages': []}, 'fee': {'status': 'valid', 'raw_value': '$2,364.00', 'normalized_value': 2364.0, 'messages': []}, 'valuation': {'status': 'missing', 'raw_value': None, 'normalized_value': None, 'messages': ['Field is missing']}, 'permit_type': {'status': 'valid', 'raw_value': 'Electrical OTC', 'normalized_value': 'Electrical OTC', 'messages': []}, 'sub_type': {'status': 'valid', 'raw_value': 'Over The Counter', 'normalized_value': 'Over The Counter', 'messages': []}}, 'validated_at': '2026-06-24T21:33:12.577019+00:00'}",valid,valid,valid,valid,valid,valid,valid,valid,valid,valid,missing,E,1000_9999,1000_9999,missing,mechanical,sub_type,Over The Counter,,1,Over The Counter,cluster_majority,clustering,1.0,5,9,9
run_20260624_213303_698_row_000057,run_20260624_213303_698,run_20260624_213303_698_input,run_20260624_213303_698_csv,57,E25-00173,Issued,TPP,235 34TH ST,4181-015-008,$145.00,,,Electrical OTC,Over The Counter,Electrical OTC,Over The Counter,E25-00173,Issued,TPP,235 34TH ST,4181-015-008,145.0,,,Electrical OTC,Over The Counter,"{'record_status': 'valid', 'fields': {'permit_number': {'status': 'valid', 'raw_value': 'E25-00173', 'normalized_value': 'E25-00173', 'messages': []}, 'status': {'status': 'valid', 'raw_value': 'Issued', 'normalized_value': 'Issued', 'messages': []}, 'description': {'status': 'valid', 'raw_value': 'TPP', 'normalized_value': 'TPP', 'messages': []}, 'address': {'status': 'valid', 'raw_value': '235 34TH ST', 'normalized_value': '235 34TH ST', 'messages': []}, 'parcel_number': {'status': 'valid', 'raw_value': '4181-015-008', 'normalized_value': '4181-015-008', 'messages': []}, 'paid_fee': {'status': 'valid', 'raw_value': '$145.00', 'normalized_value': 145.0, 'messages': []}, 'fee': {'status': 'missing', 'raw_value': None, 'normalized_value': None, 'messages': ['Field is missing']}, 'valuation': {'status': 'missing', 'raw_value': None, 'normalized_value': None, 'messages': ['Field is missing']}, 'permit_type': {'status': 'valid', 'raw_value': 'Electrical OTC', 'normalized_value': 'Electrical OTC', 'messages': []}, 'sub_type': {'status': 'valid', 'raw_value': 'Over The Counter', 'normalized_value': 'Over The Counter', 'messages': []}}, 'validated_at': '2026-06-24T21:33:12.577154+00:00'}",valid,valid,valid,missing,valid,valid,valid,valid,valid,valid,missing,E,2_999,missing,missing,other,sub_type,Over The Counter,Over The Counter,0,,not_applicable,clustering,,,,
run_20260624_213303_698_row_000058,run_20260624_213303_698,run_20260624_213303_698_input,run_20260624_213303_698_csv,58,E25-00200,Issued,Temporary Power Pole,"2,301 MANHATTAN AVE",4182-010-015,$145.00,,,Electrical OTC,Over The Counter,Electrical OTC,Over The Counter,E25-00200,Issued,Temporary Power Pole,"2,301 MANHATTAN AVE",4182-010-015,145.0,,,Electrical OTC,Over The Counter,"{'record_status': 'valid', 'fields': {'permit_number': {'status': 'valid', 'raw_value': 'E25-00200', 'normalized_value': 'E25-00200', 'messages': []}, 'status': {'status': 'valid', 'raw_value': 'Issued', 'normalized_value': 'Issued', 'messages': []}, 'description': {'status': 'valid', 'raw_value': 'Temporary Power Pole', 'normalized_value': 'Temporary Power Pole', 'messages': []}, 'address': {'status': 'valid', 'raw_value': '2,301 MANHATTAN AVE', 'normalized_value': '2,301 MANHATTAN AVE', 'messages': []}, 'parcel_number': {'status': 'valid', 'raw_value': '4182-010-015', 'normalized_value': '4182-010-015', 'messages': []}, 'paid_fee': {'status': 'valid', 'raw_value': '$145.00', 'normalized_value': 145.0, 'messages': []}, 'fee': {'status': 'missing', 'raw_value': None, 'normalized_value': None, 'messages': ['Field is missing']}, 'valuation': {'status': 'missing', 'raw_value': None, 'normalized_value': None, 'messages': ['Field is missing']}, 'permit_type': {'status': 'valid', 'raw_value': 'Electrical OTC', 'normalized_value': 'Electrical OTC', 'messages': []}, 'sub_type': {'status': 'valid', 'raw_value': 'Over The Counter', 'normalized_value': 'Over The Counter', 'messages': []}}, 'validated_at': '2026-06-24T21:33:12.577289+00:00'}",valid,valid,valid,missing,valid,valid,valid,valid,valid,valid,missing,E,2_999,missing,missing,other,sub_type,Over The Counter,Over The Counter,0,,not_applicable,clustering,,,,
run_20260624_213303_698_row_000059,run_20260624_213303_698,run_20260624_213303_698_input,run_20260624_213303_698_csv,59,E25-00208,Issued,Temporary Power Pole,"2,915 TENNYSON PL",4169-033-009,$145.00,,,Electrical OTC,Over The Counter,Electrical OTC,Over The Counter,E25-00208,Issued,Temporary Power Pole,"2,915 TENNYSON PL",4169-033-009,145.0,,,Electrical OTC,Over The Counter,"{'record_status': 'valid', 'fields': {'permit_number': {'status': 'valid', 'raw_value': 'E25-00208', 'normalized_value': 'E25-00208', 'messages': []}, 'status': {'status': 'valid', 'raw_value': 'Issued', 'normalized_value': 'Issued', 'messages': []}, 'description': {'status': 'valid', 'raw_value': 'Temporary Power Pole', 'normalized_value': 'Temporary Power Pole', 'messages': []}, 'address': {'status': 'valid', 'raw_value': '2,915 TENNYSON PL', 'normalized_value': '2,915 TENNYSON PL', 'messages': []}, 'parcel_number': {'status': 'valid', 'raw_value': '4169-033-009', 'normalized_value': '4169-033-009', 'messages': []}, 'paid_fee': {'status': 'valid', 'raw_value': '$145.00', 'normalized_value': 145.0, 'messages': []}, 'fee': {'status': 'missing', 'raw_value': None, 'normalized_value': None, 'messages': ['Field is missing']}, 'valuation': {'status': 'missing', 'raw_value': None, 'normalized_value': None, 'messages': ['Field is missing']}, 'permit_type': {'status': 'valid', 'raw_value': 'Electrical OTC', 'normalized_value': 'Electrical OTC', 'messages': []}, 'sub_type': {'status': 'valid', 'raw_value': 'Over The Counter', 'normalized_value': 'Over The Counter', 'messages': []}}, 'validated_at': '2026-06-24T21:33:12.577430+00:00'}",valid,valid,valid,missing,valid,valid,valid,valid,valid,valid,missing,E,2_999,missing,missing,other,sub_type,Over The Counter,Over The Counter,0,,not_applicable,clustering,,,,
run_20260624_213303_698_row_000060,run_20260624_213303_698,run_20260624_213303_698_input,run_20260624_213303_698_csv,60,E25-00213,Issued,New 1 of 2 Unit condominium Unit 1 detached,921 5TH ST,4186-015-005,"$1,376.00",,,Electrical OTC,Over The Counter,Electrical OTC,Over The Counter,E25-00213,Issued,New 1 of 2 Unit condominium Unit 1 detached,921 5TH ST,4186-015-005,1376.0,,,Electrical OTC,Over The Counter,"{'record_status': 'valid', 'fields': {'permit_number': {'status': 'valid', 'raw_value': 'E25-00213', 'normalized_value': 'E25-00213', 'messages': []}, 'status': {'status': 'valid', 'raw_value': 'Issued', 'normalized_value': 'Issued', 'messages': []}, 'description': {'status': 'valid', 'raw_value': 'New 1 of 2 Unit condominium Unit 1 detached', 'normalized_value': 'New 1 of 2 Unit condominium Unit 1 detached', 'messages': []}, 'address': {'status': 'valid', 'raw_value': '921 5TH ST', 'normalized_value': '921 5TH ST', 'messages': []}, 'parcel_number': {'status': 'valid', 'raw_value': '4186-015-005', 'normalized_value': '4186-015-005', 'messages': []}, 'paid_fee': {'status': 'valid', 'raw_value': '$1,376.00', 'normalized_value': 1376.0, 'messages': []}, 'fee': {'status': 'missing', 'raw_value': None, 'normalized_value': None, 'messages': ['Field is missing']}, 'valuation': {'status': 'missing', 'raw_value': None, 'normalized_value': None, 'messages': ['Field is missing']}, 'permit_type': {'status': 'valid', 'raw_value': 'Electrical OTC', 'normalized_value': 'Electrical OTC', 'messages': []}, 'sub_type': {'status': 'valid', 'raw_value': 'Over The Counter', 'normalized_value': 'Over The Counter', 'messages': []}}, 'validated_at': '2026-06-24T21:33:12.577566+00:00'}",valid,valid,valid,missing,valid,valid,valid,valid,valid,valid,missing,E,1000_9999,missing,missing,mechanical,sub_type,Over The Counter,Over The Counter,0,,not_applicable,clustering,,,,
run_20260624_213303_698_row_000061,run_20260624_213303_698,run_20260624_213303_698_input,run_20260624_213303_698_csv,61,E25-00214,Issued,New 1 of 2 Unit condominium Unit 2 detached,923 5th ST,4186-015-005,"$1,376.00",,,Electrical OTC,Over The Counter,Electrical OTC,Over The Counter,E25-00214,Issued,New 1 of 2 Unit condominium Unit 2 detached,923 5th ST,4186-015-005,1376.0,,,Electrical OTC,Over The Counter,"{'record_status': 'valid', 'fields': {'permit_number': {'status': 'valid', 'raw_value': 'E25-00214', 'normalized_value': 'E25-00214', 'messages': []}, 'status': {'status': 'valid', 'raw_value': 'Issued', 'normalized_value': 'Issued', 'messages': []}, 'description': {'status': 'valid', 'raw_value': 'New 1 of 2 Unit condominium Unit 2 detached', 'normalized_value': 'New 1 of 2 Unit condominium Unit 2 detached', 'messages': []}, 'address': {'status': 'valid', 'raw_value': '923 5th ST', 'normalized_value': '923 5th ST', 'messages': []}, 'parcel_number': {'status': 'valid', 'raw_value': '4186-015-005', 'normalized_value': '4186-015-005', 'messages': []}, 'paid_fee': {'status': 'valid', 'raw_value': '$1,376.00', 'normalized_value': 1376.0, 'messages': []}, 'fee': {'status': 'missing', 'raw_value': None, 'normalized_value': None, 'messages': ['Field is missing']}, 'valuation': {'status': 'missing', 'raw_value': None, 'normalized_value': None, 'messages': ['Field is missing']}, 'permit_type': {'status': 'valid', 'raw_value': 'Electrical OTC', 'normalized_value': 'Electrical OTC', 'messages': []}, 'sub_type': {'status': 'valid', 'raw_value': 'Over The Counter', 'normalized_value': 'Over The Counter', 'messages': []}}, 'validated_at': '2026-06-24T21:33:12.577702+00:00'}",valid,valid,valid,missing,valid,valid,valid,valid,valid,valid,missing,E,1000_9999,missing,missing,mechanical,sub_type,Over The Counter,,1,Over The Counter,cluster_majority,clustering,1.0,5,9,9
run_20260624_213303_698_row_000062,run_20260624_213303_698,run_20260624_213303_698_input,run_20260624_213303_698_csv,62,E25-00222,Issued,Interior tenant improvement to become a medical office,"2,200 PACIFIC COAST HWY 214",4184-014-089,"$1,197.00",,,Electrical OTC,Over The Counter,Electrical OTC,Over The Counter,E25-00222,Issued,Interior tenant improvement to become a medical office,"2,200 PACIFIC COAST HWY 214",4184-014-089,1197.0,,,Electrical OTC,Over The Counter,"{'record_status': 'valid', 'fields': {'permit_number': {'status': 'valid', 'raw_value': 'E25-00222', 'normalized_value': 'E25-00222', 'messages': []}, 'status': {'status': 'valid', 'raw_value': 'Issued', 'normalized_value': 'Issued', 'messages': []}, 'description': {'status': 'valid', 'raw_value': 'Interior tenant improvement to become a medical office', 'normalized_value': 'Interior tenant improvement to become a medical office', 'messages': []}, 'address': {'status': 'valid', 'raw_value': '2,200 PACIFIC COAST HWY 214', 'normalized_value': '2,200 PACIFIC COAST HWY 214', 'messages': []}, 'parcel_number': {'status': 'valid', 'raw_value': '4184-014-089', 'normalized_value': '4184-014-089', 'messages': []}, 'paid_fee': {'status': 'valid', 'raw_value': '$1,197.00', 'normalized_value': 1197.0, 'messages': []}, 'fee': {'status': 'missing', 'raw_value': None, 'normalized_value': None, 'messages': ['Field is missing']}, 'valuation': {'status': 'missing', 'raw_value': None, 'normalized_value': None, 'messages': ['Field is missing']}, 'permit_type': {'status': 'valid', 'raw_value': 'Electrical OTC', 'normalized_value': 'Electrical OTC', 'messages': []}, 'sub_type': {'status': 'valid', 'raw_value': 'Over The Counter', 'normalized_value': 'Over The Counter', 'messages': []}}, 'validated_at': '2026-06-24T21:33:12.577842+00:00'}",valid,valid,valid,missing,valid,valid,valid,valid,valid,valid,missing,E,1000_9999,missing,missing,remodel,sub_type,Over The Counter,,1,Over The Counter,cluster_majority,clustering,1.0,5,9,9
run_20260624_213303_698_row_000063,run_20260624_213303_698,run_20260624_213303_698_input,run_20260624_213303_698_csv,63,E25-00226,Issued,"Interior bathroom remodeling, to include a removal of a linen closet,",912 MONTEREY BLVD 1,4187-013-039,$208.00,$208.00,,Electrical OTC,Over The Counter,Electrical OTC,Over The Counter,E25-00226,Issued,"Interior bathroom remodeling, to include a removal of a linen closet,",912 MONTEREY BLVD 1,4187-013-039,208.0,208.0,,Electrical OTC,Over The Counter,"{'record_status': 'valid', 'fields': {'permit_number': {'status': 'valid', 'raw_value': 'E25-00226', 'normalized_value': 'E25-00226', 'messages': []}, 'status': {'status': 'valid', 'raw_value': 'Issued', 'normalized_value': 'Issued', 'messages': []}, 'description': {'status': 'valid', 'raw_value': 'Interior bathroom remodeling, to include a removal of a linen closet,', 'normalized_value': 'Interior bathroom remodeling, to include a removal of a linen closet,', 'messages': []}, 'address': {'status': 'valid', 'raw_value': '912 MONTEREY BLVD 1', 'normalized_value': '912 MONTEREY BLVD 1', 'messages': []}, 'parcel_number': {'status': 'valid', 'raw_value': '4187-013-039', 'normalized_value': '4187-013-039', 'messages': []}, 'paid_fee': {'status': 'valid', 'raw_value': '$208.00', 'normalized_value': 208.0, 'messages': []}, 'fee': {'status': 'valid', 'raw_value': '$208.00', 'normalized_value': 208.0, 'messages': []}, 'valuation': {'status': 'missing', 'raw_value': None, 'normalized_value': None, 'messages': ['Field is missing']}, 'permit_type': {'status': 'valid', 'raw_value': 'Electrical OTC', 'normalized_value': 'Electrical OTC', 'messages': []}, 'sub_type': {'status': 'valid', 'raw_value': 'Over The Counter', 'normalized_value': 'Over The Counter', 'messages': []}}, 'validated_at': '2026-06-24T21:33:12.577990+00:00'}",valid,valid,valid,valid,valid,valid,valid,valid,valid,valid,missing,E,2_999,2_999,missing,remodel,sub_type,Over The Counter,Over The Counter,0,,not_applicable,clustering,,,,
run_20260624_213303_698_row_000064,run_20260624_213303_698,run_20260624_213303_698_input,run_20260624_213303_698_csv,64,E25-00227,Issued,"Interior remodel, exterior recladding and new roof","2,415 MYRTLE AVE",4182-013-032,"$1,388.00",,,Electrical OTC,Over The Counter,Electrical OTC,Over The Counter,E25-00227,Issued,"Interior remodel, exterior recladding and new roof","2,415 MYRTLE AVE",4182-013-032,1388.0,,,Electrical OTC,Over The Counter,"{'record_status': 'valid', 'fields': {'permit_number': {'status': 'valid', 'raw_value': 'E25-00227', 'normalized_value': 'E25-00227', 'messages': []}, 'status': {'status': 'valid', 'raw_value': 'Issued', 'normalized_value': 'Issued', 'messages': []}, 'description': {'status': 'valid', 'raw_value': 'Interior remodel, exterior recladding and new roof', 'normalized_value': 'Interior remodel, exterior recladding and new roof', 'messages': []}, 'address': {'status': 'valid', 'raw_value': '2,415 MYRTLE AVE', 'normalized_value': '2,415 MYRTLE AVE', 'messages': []}, 'parcel_number': {'status': 'valid', 'raw_value': '4182-013-032', 'normalized_value': '4182-013-032', 'messages': []}, 'paid_fee': {'status': 'valid', 'raw_value': '$1,388.00', 'normalized_value': 1388.0, 'messages': []}, 'fee': {'status': 'missing', 'raw_value': None, 'normalized_value': None, 'messages': ['Field is missing']}, 'valuation': {'status': 'missing', 'raw_value': None, 'normalized_value': None, 'messages': ['Field is missing']}, 'permit_type': {'status': 'valid', 'raw_value': 'Electrical OTC', 'normalized_value': 'Electrical OTC', 'messages': []}, 'sub_type': {'status': 'valid', 'raw_value': 'Over The Counter', 'normalized_value': 'Over The Counter', 'messages': []}}, 'validated_at': '2026-06-24T21:33:12.578125+00:00'}",valid,valid,valid,missing,valid,valid,valid,valid,valid,valid,missing,E,1000_9999,missing,missing,roof+remodel,sub_type,Over The Counter,Over The Counter,0,,not_applicable,clustering,,,,
run_20260624_213303_698_row_000065,run_20260624_213303_698,run_20260624_213303_698_input,run_20260624_213303_698_csv,65,E25-00228,Finaled,Main panel service upgrade to 200amps,338 BAYVIEW DR,4188-009-004,$162.00,,,Electrical OTC,Over The Counter,Electrical OTC,Over The Counter,E25-00228,Finaled,Main panel service upgrade to 200amps,338 BAYVIEW DR,4188-009-004,162.0,,,Electrical OTC,Over The Counter,"{'record_status': 'valid', 'fields': {'permit_number': {'status': 'valid', 'raw_value': 'E25-00228', 'normalized_value': 'E25-00228', 'messages': []}, 'status': {'status': 'valid', 'raw_value': 'Finaled', 'normalized_value': 'Finaled', 'messages': []}, 'description': {'status': 'valid', 'raw_value': 'Main panel service upgrade to 200amps', 'normalized_value': 'Main panel service upgrade to 200amps', 'messages': []}, 'address': {'status': 'valid', 'raw_value': '338 BAYVIEW DR', 'normalized_value': '338 BAYVIEW DR', 'messages': []}, 'parcel_number': {'status': 'valid', 'raw_value': '4188-009-004', 'normalized_value': '4188-009-004', 'messages': []}, 'paid_fee': {'status': 'valid', 'raw_value': '$162.00', 'normalized_value': 162.0, 'messages': []}, 'fee': {'status': 'missing', 'raw_value': None, 'normalized_value': None, 'messages': ['Field is missing']}, 'valuation': {'status': 'missing', 'raw_value': None, 'normalized_value': None, 'messages': ['Field is missing']}, 'permit_type': {'status': 'valid', 'raw_value': 'Electrical OTC', 'normalized_value': 'Electrical OTC', 'messages': []}, 'sub_type': {'status': 'valid', 'raw_value': 'Over The Counter', 'normalized_value': 'Over The Counter', 'messages': []}}, 'validated_at': '2026-06-24T21:33:12.578291+00:00'}",valid,valid,valid,missing,valid,valid,valid,valid,valid,valid,missing,E,2_999,missing,missing,electrical,sub_type,Over The Counter,,1,Over The Counter,cluster_majority,clustering,1.0,7,10,10
run_20260624_213303_698_row_000066,run_20260624_213303_698,run_20260624_213303_698_input,run_20260624_213303_698_csv,66,E25-00229,Issued,Change out existing 200 amp panel to new unit due to corrosion,59 19TH ST,4182-006-018,$162.00,,,Electrical OTC,Over The Counter,Electrical OTC,Over The Counter,E25-00229,Issued,Change out existing 200 amp panel to new unit due to corrosion,59 19TH ST,4182-006-018,162.0,,,Electrical OTC,Over The Counter,"{'record_status': 'valid', 'fields': {'permit_number': {'status': 'valid', 'raw_value': 'E25-00229', 'normalized_value': 'E25-00229', 'messages': []}, 'status': {'status': 'valid', 'raw_value': 'Issued', 'normalized_value': 'Issued', 'messages': []}, 'description': {'status': 'valid', 'raw_value': 'Change out existing 200 amp panel to new unit due to corrosion', 'normalized_value': 'Change out existing 200 amp panel to new unit due to corrosion', 'messages': []}, 'address': {'status': 'valid', 'raw_value': '59 19TH ST', 'normalized_value': '59 19TH ST', 'messages': []}, 'parcel_number': {'status': 'valid', 'raw_value': '4182-006-018', 'normalized_value': '4182-006-018', 'messages': []}, 'paid_fee': {'status': 'valid', 'raw_value': '$162.00', 'normalized_value': 162.0, 'messages': []}, 'fee': {'status': 'missing', 'raw_value': None, 'normalized_value': None, 'messages': ['Field is missing']}, 'valuation': {'status': 'missing', 'raw_value': None, 'normalized_value': None, 'messages': ['Field is missing']}, 'permit_type': {'status': 'valid', 'raw_value': 'Electrical OTC', 'normalized_value': 'Electrical OTC', 'messages': []}, 'sub_type': {'status': 'valid', 'raw_value': 'Over The Counter', 'normalized_value': 'Over The Counter', 'messages': []}}, 'validated_at': '2026-06-24T21:33:12.578462+00:00'}",valid,valid,valid,missing,valid,valid,valid,valid,valid,valid,missing,E,2_999,missing,missing,electrical,sub_type,Over The Counter,Over The Counter,0,,not_applicable,clustering,,,,
run_20260624_213303_698_row_000067,run_20260624_213303_698,run_20260624_213303_698_input,run_20260624_213303_698_csv,67,E25-00230,Issued,New swimming pool and spa with automatic pool and spa cover in,662 25TH ST,4184-018-007,$255.00,$255.00,,Electrical OTC,Over The Counter,Electrical OTC,Over The Counter,E25-00230,Issued,New swimming pool and spa with automatic pool and spa cover in,662 25TH ST,4184-018-007,255.0,255.0,,Electrical OTC,Over The Counter,"{'record_status': 'valid', 'fields': {'permit_number': {'status': 'valid', 'raw_value': 'E25-00230', 'normalized_value': 'E25-00230', 'messages': []}, 'status': {'status': 'valid', 'raw_value': 'Issued', 'normalized_value': 'Issued', 'messages': []}, 'description': {'status': 'valid', 'raw_value': 'New swimming pool and spa with automatic pool and spa cover in', 'normalized_value': 'New swimming pool and spa with automatic pool and spa cover in', 'messages': []}, 'address': {'status': 'valid', 'raw_value': '662 25TH ST', 'normalized_value': '662 25TH ST', 'messages': []}, 'parcel_number': {'status': 'valid', 'raw_value': '4184-018-007', 'normalized_value': '4184-018-007', 'messages': []}, 'paid_fee': {'status': 'valid', 'raw_value': '$255.00', 'normalized_value': 255.0, 'messages': []}, 'fee': {'status': 'valid', 'raw_value': '$255.00', 'normalized_value': 255.0, 'messages': []}, 'valuation': {'status': 'missing', 'raw_value': None, 'normalized_value': None, 'messages': ['Field is missing']}, 'permit_type': {'status': 'valid', 'raw_value': 'Electrical OTC', 'normalized_value': 'Electrical OTC', 'messages': []}, 'sub_type': {'status': 'valid', 'raw_value': 'Over The Counter', 'normalized_value': 'Over The Counter', 'messages': []}}, 'validated_at': '2026-06-24T21:33:12.578621+00:00'}",valid,valid,valid,valid,valid,valid,valid,valid,valid,valid,missing,E,2_999,2_999,missing,pool,sub_type,Over The Counter,Over The Counter,0,,not_applicable,clustering,,,,
run_20260624_213303_698_row_000068,run_20260624_213303_698,run_20260624_213303_698_input,run_20260624_213303_698_csv,68,E25-00231,Issued,"All new windows, and new powder room withing existing square",646 LONGFELLOW AVE,4169-030-002,$268.00,$268.00,,Electrical OTC,Over The Counter,Electrical OTC,Over The Counter,E25-00231,Issued,"All new windows, and new powder room withing existing square",646 LONGFELLOW AVE,4169-030-002,268.0,268.0,,Electrical OTC,Over The Counter,"{'record_status': 'valid', 'fields': {'permit_number': {'status': 'valid', 'raw_value': 'E25-00231', 'normalized_value': 'E25-00231', 'messages': []}, 'status': {'status': 'valid', 'raw_value': 'Issued', 'normalized_value': 'Issued', 'messages': []}, 'description': {'status': 'valid', 'raw_value': 'All new windows, and new powder room withing existing square', 'normalized_value': 'All new windows, and new powder room withing existing square', 'messages': []}, 'address': {'status': 'valid', 'raw_value': '646 LONGFELLOW AVE', 'normalized_value': '646 LONGFELLOW AVE', 'messages': []}, 'parcel_number': {'status': 'valid', 'raw_value': '4169-030-002', 'normalized_value': '4169-030-002', 'messages': []}, 'paid_fee': {'status': 'valid', 'raw_value': '$268.00', 'normalized_value': 268.0, 'messages': []}, 'fee': {'status': 'valid', 'raw_value': '$268.00', 'normalized_value': 268.0, 'messages': []}, 'valuation': {'status': 'missing', 'raw_value': None, 'normalized_value': None, 'messages': ['Field is missing']}, 'permit_type': {'status': 'valid', 'raw_value': 'Electrical OTC', 'normalized_value': 'Electrical OTC', 'messages': []}, 'sub_type': {'status': 'valid', 'raw_value': 'Over The Counter', 'normalized_value': 'Over The Counter', 'messages': []}}, 'validated_at': '2026-06-24T21:33:12.578769+00:00'}",valid,valid,valid,valid,valid,valid,valid,valid,valid,valid,missing,E,2_999,2_999,missing,other,sub_type,Over The Counter,,1,Over The Counter,cluster_majority,clustering,1.0,7,10,10
run_20260624_213303_698_row_000069,run_20260624_213303_698,run_20260624_213303_698_input,run_20260624_213303_698_csv,69,E25-00232,Finaled,Replace Sub Panel (6-Units and 1-home house panel),95 17TH ST A-F,4183-007-026,$624.00,,,Electrical OTC,Over The Counter,Electrical OTC,Over The Counter,E25-00232,Finaled,Replace Sub Panel (6-Units and 1-home house panel),95 17TH ST A-F,4183-007-026,624.0,,,Electrical OTC,Over The Counter,"{'record_status': 'valid', 'fields': {'permit_number': {'status': 'valid', 'raw_value': 'E25-00232', 'normalized_value': 'E25-00232', 'messages': []}, 'status': {'status': 'valid', 'raw_value': 'Finaled', 'normalized_value': 'Finaled', 'messages': []}, 'description': {'status': 'valid', 'raw_value': 'Replace Sub Panel (6-Units and 1-home house panel)', 'normalized_value': 'Replace Sub Panel (6-Units and 1-home house panel)', 'messages': []}, 'address': {'status': 'valid', 'raw_value': '95 17TH ST A-F', 'normalized_value': '95 17TH ST A-F', 'messages': []}, 'parcel_number': {'status': 'valid', 'raw_value': '4183-007-026', 'normalized_value': '4183-007-026', 'messages': []}, 'paid_fee': {'status': 'valid', 'raw_value': '$624.00', 'normalized_value': 624.0, 'messages': []}, 'fee': {'status': 'missing', 'raw_value': None, 'normalized_value': None, 'messages': ['Field is missing']}, 'valuation': {'status': 'missing', 'raw_value': None, 'normalized_value': None, 'messages': ['Field is missing']}, 'permit_type': {'status': 'valid', 'raw_value': 'Electrical OTC', 'normalized_value': 'Electrical OTC', 'messages': []}, 'sub_type': {'status': 'valid', 'raw_value': 'Over The Counter', 'normalized_value': 'Over The Counter', 'messages': []}}, 'validated_at': '2026-06-24T21:33:12.578912+00:00'}",valid,valid,valid,missing,valid,valid,valid,valid,valid,valid,missing,E,2_999,missing,missing,electrical+mechanical,sub_type,Over The Counter,,1,Over The Counter,cluster_majority,clustering,1.0,7,10,10
run_20260624_213303_698_row_000070,run_20260624_213303_698,run_20260624_213303_698_input,run_20260624_213303_698_csv,70,E25-00233,Finaled,Kitchen remodel and drywall repair due to water damage. (Same,417 Longfellow AVE,4181-011-008,$178.00,$178.00,,Electrical OTC,Over The Counter,Electrical OTC,Over The Counter,E25-00233,Finaled,Kitchen remodel and drywall repair due to water damage. (Same,417 Longfellow AVE,4181-011-008,178.0,178.0,,Electrical OTC,Over The Counter,"{'record_status': 'valid', 'fields': {'permit_number': {'status': 'valid', 'raw_value': 'E25-00233', 'normalized_value': 'E25-00233', 'messages': []}, 'status': {'status': 'valid', 'raw_value': 'Finaled', 'normalized_value': 'Finaled', 'messages': []}, 'description': {'status': 'valid', 'raw_value': 'Kitchen remodel and drywall repair due to water damage. (Same', 'normalized_value': 'Kitchen remodel and drywall repair due to water damage. (Same', 'messages': []}, 'address': {'status': 'valid', 'raw_value': '417 Longfellow AVE', 'normalized_value': '417 Longfellow AVE', 'messages': []}, 'parcel_number': {'status': 'valid', 'raw_value': '4181-011-008', 'normalized_value': '4181-011-008', 'messages': []}, 'paid_fee': {'status': 'valid', 'raw_value': '$178.00', 'normalized_value': 178.0, 'messages': []}, 'fee': {'status': 'valid', 'raw_value': '$178.00', 'normalized_value': 178.0, 'messages': []}, 'valuation': {'status': 'missing', 'raw_value': None, 'normalized_value': None, 'messages': ['Field is missing']}, 'permit_type': {'status': 'valid', 'raw_value': 'Electrical OTC', 'normalized_value': 'Electrical OTC', 'messages': []}, 'sub_type': {'status': 'valid', 'raw_value': 'Over The Counter', 'normalized_value': 'Over The Counter', 'messages': []}}, 'validated_at': '2026-06-24T21:33:12.579058+00:00'}",valid,valid,valid,valid,valid,valid,valid,valid,valid,valid,missing,E,2_999,2_999,missing,remodel,sub_type,Over The Counter,Over The Counter,0,,not_applicable,clustering,,,,
run_20260624_213303_698_row_000071,run_20260624_213303_698,run_20260624_213303_698_input,run_20260624_213303_698_csv,71,E25-00234,Issued,"Remodel: New cabinets in master bath, guest bath, powder room",621 1ST PL,4188-022-059,$178.00,$178.00,,Electrical OTC,Over The Counter,Electrical OTC,Over The Counter,E25-00234,Issued,"Remodel: New cabinets in master bath, guest bath, powder room",621 1ST PL,4188-022-059,178.0,178.0,,Electrical OTC,Over The Counter,"{'record_status': 'valid', 'fields': {'permit_number': {'status': 'valid', 'raw_value': 'E25-00234', 'normalized_value': 'E25-00234', 'messages': []}, 'status': {'status': 'valid', 'raw_value': 'Issued', 'normalized_value': 'Issued', 'messages': []}, 'description': {'status': 'valid', 'raw_value': 'Remodel: New cabinets in master bath, guest bath, powder room', 'normalized_value': 'Remodel: New cabinets in master bath, guest bath, powder room', 'messages': []}, 'address': {'status': 'valid', 'raw_value': '621 1ST PL', 'normalized_value': '621 1ST PL', 'messages': []}, 'parcel_number': {'status': 'valid', 'raw_value': '4188-022-059', 'normalized_value': '4188-022-059', 'messages': []}, 'paid_fee': {'status': 'valid', 'raw_value': '$178.00', 'normalized_value': 178.0, 'messages': []}, 'fee': {'status': 'valid', 'raw_value': '$178.00', 'normalized_value': 178.0, 'messages': []}, 'valuation': {'status': 'missing', 'raw_value': None, 'normalized_value': None, 'messages': ['Field is missing']}, 'permit_type': {'status': 'valid', 'raw_value': 'Electrical OTC', 'normalized_value': 'Electrical OTC', 'messages': []}, 'sub_type': {'status': 'valid', 'raw_value': 'Over The Counter', 'normalized_value': 'Over The Counter', 'messages': []}}, 'validated_at': '2026-06-24T21:33:12.579206+00:00'}",valid,valid,valid,valid,valid,valid,valid,valid,valid,valid,missing,E,2_999,2_999,missing,remodel,sub_type,Over The Counter,,1,Over The Counter,cluster_majority,clustering,1.0,7,10,10
run_20260624_213303_698_row_000072,run_20260624_213303_698,run_20260624_213303_698_input,run_20260624_213303_698_csv,72,E25-00235,Issued,Add five ADUs in existing covered parking of apartment building .,720 21ST ST,4184-025-022,"$3,287.00","$3,287.00",,Electrical OTC,Over The Counter,Electrical OTC,Over The Counter,E25-00235,Issued,Add five ADUs in existing covered parking of apartment building .,720 21ST ST,4184-025-022,3287.0,3287.0,,Electrical OTC,Over The Counter,"{'record_status': 'valid', 'fields': {'permit_number': {'status': 'valid', 'raw_value': 'E25-00235', 'normalized_value': 'E25-00235', 'messages': []}, 'status': {'status': 'valid', 'raw_value': 'Issued', 'normalized_value': 'Issued', 'messages': []}, 'description': {'status': 'valid', 'raw_value': 'Add five ADUs in existing covered parking of apartment building .', 'normalized_value': 'Add five ADUs in existing covered parking of apartment building .', 'messages': []}, 'address': {'status': 'valid', 'raw_value': '720 21ST ST', 'normalized_value': '720 21ST ST', 'messages': []}, 'parcel_number': {'status': 'valid', 'raw_value': '4184-025-022', 'normalized_value': '4184-025-022', 'messages': []}, 'paid_fee': {'status': 'valid', 'raw_value': '$3,287.00', 'normalized_value': 3287.0, 'messages': []}, 'fee': {'status': 'valid', 'raw_value': '$3,287.00', 'normalized_value': 3287.0, 'messages': []}, 'valuation': {'status': 'missing', 'raw_value': None, 'normalized_value': None, 'messages': ['Field is missing']}, 'permit_type': {'status': 'valid', 'raw_value': 'Electrical OTC', 'normalized_value': 'Electrical OTC', 'messages': []}, 'sub_type': {'status': 'valid', 'raw_value': 'Over The Counter', 'normalized_value': 'Over The Counter', 'messages': []}}, 'validated_at': '2026-06-24T21:33:12.579436+00:00'}",valid,valid,valid,valid,valid,valid,valid,valid,valid,valid,missing,E,1000_9999,1000_9999,missing,other,sub_type,Over The Counter,Over The Counter,0,,not_applicable,clustering,,,,
run_20260624_213303_698_row_000073,run_20260624_213303_698,run_20260624_213303_698_input,run_20260624_213303_698_csv,73,E25-00237,Issued,Sign permit for Citi Bank (Applicant confirmed that only the letters,81 PIER AVE,4183-002-015,$205.00,$205.00,,Electrical OTC,Over The Counter,Electrical OTC,Over The Counter,E25-00237,Issued,Sign permit for Citi Bank (Applicant confirmed that only the letters,81 PIER AVE,4183-002-015,205.0,205.0,,Electrical OTC,Over The Counter,"{'record_status': 'valid', 'fields': {'permit_number': {'status': 'valid', 'raw_value': 'E25-00237', 'normalized_value': 'E25-00237', 'messages': []}, 'status': {'status': 'valid', 'raw_value': 'Issued', 'normalized_value': 'Issued', 'messages': []}, 'description': {'status': 'valid', 'raw_value': 'Sign permit for Citi Bank (Applicant confirmed that only the letters', 'normalized_value': 'Sign permit for Citi Bank (Applicant confirmed that only the letters', 'messages': []}, 'address': {'status': 'valid', 'raw_value': '81 PIER AVE', 'normalized_value': '81 PIER AVE', 'messages': []}, 'parcel_number': {'status': 'valid', 'raw_value': '4183-002-015', 'normalized_value': '4183-002-015', 'messages': []}, 'paid_fee': {'status': 'valid', 'raw_value': '$205.00', 'normalized_value': 205.0, 'messages': []}, 'fee': {'status': 'valid', 'raw_value': '$205.00', 'normalized_value': 205.0, 'messages': []}, 'valuation': {'status': 'missing', 'raw_value': None, 'normalized_value': None, 'messages': ['Field is missing']}, 'permit_type': {'status': 'valid', 'raw_value': 'Electrical OTC', 'normalized_value': 'Electrical OTC', 'messages': []}, 'sub_type': {'status': 'valid', 'raw_value': 'Over The Counter', 'normalized_value': 'Over The Counter', 'messages': []}}, 'validated_at': '2026-06-24T21:33:12.579595+00:00'}",valid,valid,valid,valid,valid,valid,valid,valid,valid,valid,missing,E,2_999,2_999,missing,other,sub_type,Over The Counter,,1,Over The Counter,cluster_majority,clustering,1.0,7,10,10
run_20260624_213303_698_row_000074,run_20260624_213303_698,run_20260624_213303_698_input,run_20260624_213303_698_csv,74,E25-00238,Finaled,New 50A wall mount car charger and circuit.,"1,232 21ST ST",4184-005-004,$178.00,,,Electrical OTC,Over The Counter,Electrical OTC,Over The Counter,E25-00238,Finaled,New 50A wall mount car charger and circuit.,"1,232 21ST ST",4184-005-004,178.0,,,Electrical OTC,Over The Counter,"{'record_status': 'valid', 'fields': {'permit_number': {'status': 'valid', 'raw_value': 'E25-00238', 'normalized_value': 'E25-00238', 'messages': []}, 'status': {'status': 'valid', 'raw_value': 'Finaled', 'normalized_value': 'Finaled', 'messages': []}, 'description': {'status': 'valid', 'raw_value': 'New 50A wall mount car charger and circuit.', 'normalized_value': 'New 50A wall mount car charger and circuit.', 'messages': []}, 'address': {'status': 'valid', 'raw_value': '1,232 21ST ST', 'normalized_value': '1,232 21ST ST', 'messages': []}, 'parcel_number': {'status': 'valid', 'raw_value': '4184-005-004', 'normalized_value': '4184-005-004', 'messages': []}, 'paid_fee': {'status': 'valid', 'raw_value': '$178.00', 'normalized_value': 178.0, 'messages': []}, 'fee': {'status': 'missing', 'raw_value': None, 'normalized_value': None, 'messages': ['Field is missing']}, 'valuation': {'status': 'missing', 'raw_value': None, 'normalized_value': None, 'messages': ['Field is missing']}, 'permit_type': {'status': 'valid', 'raw_value': 'Electrical OTC', 'normalized_value': 'Electrical OTC', 'messages': []}, 'sub_type': {'status': 'valid', 'raw_value': 'Over The Counter', 'normalized_value': 'Over The Counter', 'messages': []}}, 'validated_at': '2026-06-24T21:33:12.579730+00:00'}",valid,valid,valid,missing,valid,valid,valid,valid,valid,valid,missing,E,2_999,missing,missing,other,sub_type,Over The Counter,Over The Counter,0,,not_applicable,clustering,,,,
run_20260624_213303_698_row_000075,run_20260624_213303_698,run_20260624_213303_698_input,run_20260624_213303_698_csv,75,E25-00239,Finaled,Panel Upgrade (200 amp),659 6TH ST,4187-033-010,$162.00,,,Electrical OTC,Over The Counter,Electrical OTC,Over The Counter,E25-00239,Finaled,Panel Upgrade (200 amp),659 6TH ST,4187-033-010,162.0,,,Electrical OTC,Over The Counter,"{'record_status': 'valid', 'fields': {'permit_number': {'status': 'valid', 'raw_value': 'E25-00239', 'normalized_value': 'E25-00239', 'messages': []}, 'status': {'status': 'valid', 'raw_value': 'Finaled', 'normalized_value': 'Finaled', 'messages': []}, 'description': {'status': 'valid', 'raw_value': 'Panel Upgrade (200 amp)', 'normalized_value': 'Panel Upgrade (200 amp)', 'messages': []}, 'address': {'status': 'valid', 'raw_value': '659 6TH ST', 'normalized_value': '659 6TH ST', 'messages': []}, 'parcel_number': {'status': 'valid', 'raw_value': '4187-033-010', 'normalized_value': '4187-033-010', 'messages': []}, 'paid_fee': {'status': 'valid', 'raw_value': '$162.00', 'normalized_value': 162.0, 'messages': []}, 'fee': {'status': 'missing', 'raw_value': None, 'normalized_value': None, 'messages': ['Field is missing']}, 'valuation': {'status': 'missing', 'raw_value': None, 'normalized_value': None, 'messages': ['Field is missing']}, 'permit_type': {'status': 'valid', 'raw_value': 'Electrical OTC', 'normalized_value': 'Electrical OTC', 'messages': []}, 'sub_type': {'status': 'valid', 'raw_value': 'Over The Counter', 'normalized_value': 'Over The Counter', 'messages': []}}, 'validated_at': '2026-06-24T21:33:12.579865+00:00'}",valid,valid,valid,missing,valid,valid,valid,valid,valid,valid,missing,E,2_999,missing,missing,electrical,sub_type,Over The Counter,,1,Over The Counter,cluster_majority,clustering,1.0,7,10,10
run_20260624_213303_698_row_000076,run_20260624_213303_698,run_20260624_213303_698_input,run_20260624_213303_698_csv,76,E25-00241,Finaled,Temporary Power Pole,846 18TH ST,4185-002-016,$145.00,,,Electrical OTC,Over The Counter,Electrical OTC,Over The Counter,E25-00241,Finaled,Temporary Power Pole,846 18TH ST,4185-002-016,145.0,,,Electrical OTC,Over The Counter,"{'record_status': 'valid', 'fields': {'permit_number': {'status': 'valid', 'raw_value': 'E25-00241', 'normalized_value': 'E25-00241', 'messages': []}, 'status': {'status': 'valid', 'raw_value': 'Finaled', 'normalized_value': 'Finaled', 'messages': []}, 'description': {'status': 'valid', 'raw_value': 'Temporary Power Pole', 'normalized_value': 'Temporary Power Pole', 'messages': []}, 'address': {'status': 'valid', 'raw_value': '846 18TH ST', 'normalized_value': '846 18TH ST', 'messages': []}, 'parcel_number': {'status': 'valid', 'raw_value': '4185-002-016', 'normalized_value': '4185-002-016', 'messages': []}, 'paid_fee': {'status': 'valid', 'raw_value': '$145.00', 'normalized_value': 145.0, 'messages': []}, 'fee': {'status': 'missing', 'raw_value': None, 'normalized_value': None, 'messages': ['Field is missing']}, 'valuation': {'status': 'missing', 'raw_value': None, 'normalized_value': None, 'messages': ['Field is missing']}, 'permit_type': {'status': 'valid', 'raw_value': 'Electrical OTC', 'normalized_value': 'Electrical OTC', 'messages': []}, 'sub_type': {'status': 'valid', 'raw_value': 'Over The Counter', 'normalized_value': 'Over The Counter', 'messages': []}}, 'validated_at': '2026-06-24T21:33:12.580040+00:00'}",valid,valid,valid,missing,valid,valid,valid,valid,valid,valid,missing,E,2_999,missing,missing,other,sub_type,Over The Counter,,1,Residential Building Report,cluster_majority,clustering,0.8461538461538461,2,13,11
run_20260624_213303_698_row_000077,run_20260624_213303_698,run_20260624_213303_698_input,run_20260624_213303_698_csv,77,E25-00242,Issued,Remodel of a single family residence with a addition of 142 sq ft.,846 18TH ST,4185-002-016,"$1,056.00","$1,056.00",,Electrical OTC,Over The Counter,Electrical OTC,Over The Counter,E25-00242,Issued,Remodel of a single family residence with a addition of 142 sq ft.,846 18TH ST,4185-002-016,1056.0,1056.0,,Electrical OTC,Over The Counter,"{'record_status': 'valid', 'fields': {'permit_number': {'status': 'valid', 'raw_value': 'E25-00242', 'normalized_value': 'E25-00242', 'messages': []}, 'status': {'status': 'valid', 'raw_value': 'Issued', 'normalized_value': 'Issued', 'messages': []}, 'description': {'status': 'valid', 'raw_value': 'Remodel of a single family residence with a addition of 142 sq ft.', 'normalized_value': 'Remodel of a single family residence with a addition of 142 sq ft.', 'messages': []}, 'address': {'status': 'valid', 'raw_value': '846 18TH ST', 'normalized_value': '846 18TH ST', 'messages': []}, 'parcel_number': {'status': 'valid', 'raw_value': '4185-002-016', 'normalized_value': '4185-002-016', 'messages': []}, 'paid_fee': {'status': 'valid', 'raw_value': '$1,056.00', 'normalized_value': 1056.0, 'messages': []}, 'fee': {'status': 'valid', 'raw_value': '$1,056.00', 'normalized_value': 1056.0, 'messages': []}, 'valuation': {'status': 'missing', 'raw_value': None, 'normalized_value': None, 'messages': ['Field is missing']}, 'permit_type': {'status': 'valid', 'raw_value': 'Electrical OTC', 'normalized_value': 'Electrical OTC', 'messages': []}, 'sub_type': {'status': 'valid', 'raw_value': 'Over The Counter', 'normalized_value': 'Over The Counter', 'messages': []}}, 'validated_at': '2026-06-24T21:33:12.580201+00:00'}",valid,valid,valid,valid,valid,valid,valid,valid,valid,valid,missing,E,1000_9999,1000_9999,missing,remodel+addition,sub_type,Over The Counter,Over The Counter,0,,not_applicable,clustering,,,,
run_20260624_213303_698_row_000078,run_20260624_213303_698,run_20260624_213303_698_input,run_20260624_213303_698_csv,78,E25-00243,Finaled,Sign permit for Hydration Room,"1,316 HERMOSA AVE",4183-013-068,$145.00,,,Electrical OTC,Over The Counter,Electrical OTC,Over The Counter,E25-00243,Finaled,Sign permit for Hydration Room,"1,316 HERMOSA AVE",4183-013-068,145.0,,,Electrical OTC,Over The Counter,"{'record_status': 'valid', 'fields': {'permit_number': {'status': 'valid', 'raw_value': 'E25-00243', 'normalized_value': 'E25-00243', 'messages': []}, 'status': {'status': 'valid', 'raw_value': 'Finaled', 'normalized_value': 'Finaled', 'messages': []}, 'description': {'status': 'valid', 'raw_value': 'Sign permit for Hydration Room', 'normalized_value': 'Sign permit for Hydration Room', 'messages': []}, 'address': {'status': 'valid', 'raw_value': '1,316 HERMOSA AVE', 'normalized_value': '1,316 HERMOSA AVE', 'messages': []}, 'parcel_number': {'status': 'valid', 'raw_value': '4183-013-068', 'normalized_value': '4183-013-068', 'messages': []}, 'paid_fee': {'status': 'valid', 'raw_value': '$145.00', 'normalized_value': 145.0, 'messages': []}, 'fee': {'status': 'missing', 'raw_value': None, 'normalized_value': None, 'messages': ['Field is missing']}, 'valuation': {'status': 'missing', 'raw_value': None, 'normalized_value': None, 'messages': ['Field is missing']}, 'permit_type': {'status': 'valid', 'raw_value': 'Electrical OTC', 'normalized_value': 'Electrical OTC', 'messages': []}, 'sub_type': {'status': 'valid', 'raw_value': 'Over The Counter', 'normalized_value': 'Over The Counter', 'messages': []}}, 'validated_at': '2026-06-24T21:33:12.580336+00:00'}",valid,valid,valid,missing,valid,valid,valid,valid,valid,valid,missing,E,2_999,missing,missing,other,sub_type,Over The Counter,Over The Counter,0,,not_applicable,clustering,,,,
run_20260624_213303_698_row_000079,run_20260624_213303_698,run_20260624_213303_698_input,run_20260624_213303_698_csv,79,E25-00245,Issued,"Interior remodel including removal of fireplace in master bedroom,",850 17TH ST,4185-005-004,$208.00,$208.00,,Electrical OTC,Over The Counter,Electrical OTC,Over The Counter,E25-00245,Issued,"Interior remodel including removal of fireplace in master bedroom,",850 17TH ST,4185-005-004,208.0,208.0,,Electrical OTC,Over The Counter,"{'record_status': 'valid', 'fields': {'permit_number': {'status': 'valid', 'raw_value': 'E25-00245', 'normalized_value': 'E25-00245', 'messages': []}, 'status': {'status': 'valid', 'raw_value': 'Issued', 'normalized_value': 'Issued', 'messages': []}, 'description': {'status': 'valid', 'raw_value': 'Interior remodel including removal of fireplace in master bedroom,', 'normalized_value': 'Interior remodel including removal of fireplace in master bedroom,', 'messages': []}, 'address': {'status': 'valid', 'raw_value': '850 17TH ST', 'normalized_value': '850 17TH ST', 'messages': []}, 'parcel_number': {'status': 'valid', 'raw_value': '4185-005-004', 'normalized_value': '4185-005-004', 'messages': []}, 'paid_fee': {'status': 'valid', 'raw_value': '$208.00', 'normalized_value': 208.0, 'messages': []}, 'fee': {'status': 'valid', 'raw_value': '$208.00', 'normalized_value': 208.0, 'messages': []}, 'valuation': {'status': 'missing', 'raw_value': None, 'normalized_value': None, 'messages': ['Field is missing']}, 'permit_type': {'status': 'valid', 'raw_value': 'Electrical OTC', 'normalized_value': 'Electrical OTC', 'messages': []}, 'sub_type': {'status': 'valid', 'raw_value': 'Over The Counter', 'normalized_value': 'Over The Counter', 'messages': []}}, 'validated_at': '2026-06-24T21:33:12.580502+00:00'}",valid,valid,valid,valid,valid,valid,valid,valid,valid,valid,missing,E,2_999,2_999,missing,mechanical+remodel,sub_type,Over The Counter,,1,Over The Counter,cluster_majority,clustering,1.0,7,10,10
run_20260624_213303_698_row_000080,run_20260624_213303_698,run_20260624_213303_698_input,run_20260624_213303_698_csv,80,E25-00247,Issued,"Bathroom remodel, drywall repair as needed, new tile replace tub,","1,529 PROSPECT AVE",4185-010-021,$208.00,$208.00,,Electrical OTC,Over The Counter,Electrical OTC,Over The Counter,E25-00247,Issued,"Bathroom remodel, drywall repair as needed, new tile replace tub,","1,529 PROSPECT AVE",4185-010-021,208.0,208.0,,Electrical OTC,Over The Counter,"{'record_status': 'valid', 'fields': {'permit_number': {'status': 'valid', 'raw_value': 'E25-00247', 'normalized_value': 'E25-00247', 'messages': []}, 'status': {'status': 'valid', 'raw_value': 'Issued', 'normalized_value': 'Issued', 'messages': []}, 'description': {'status': 'valid', 'raw_value': 'Bathroom remodel, drywall repair as needed, new tile replace tub,', 'normalized_value': 'Bathroom remodel, drywall repair as needed, new tile replace tub,', 'messages': []}, 'address': {'status': 'valid', 'raw_value': '1,529 PROSPECT AVE', 'normalized_value': '1,529 PROSPECT AVE', 'messages': []}, 'parcel_number': {'status': 'valid', 'raw_value': '4185-010-021', 'normalized_value': '4185-010-021', 'messages': []}, 'paid_fee': {'status': 'valid', 'raw_value': '$208.00', 'normalized_value': 208.0, 'messages': []}, 'fee': {'status': 'valid', 'raw_value': '$208.00', 'normalized_value': 208.0, 'messages': []}, 'valuation': {'status': 'missing', 'raw_value': None, 'normalized_value': None, 'messages': ['Field is missing']}, 'permit_type': {'status': 'valid', 'raw_value': 'Electrical OTC', 'normalized_value': 'Electrical OTC', 'messages': []}, 'sub_type': {'status': 'valid', 'raw_value': 'Over The Counter', 'normalized_value': 'Over The Counter', 'messages': []}}, 'validated_at': '2026-06-24T21:33:12.580656+00:00'}",valid,valid,valid,valid,valid,valid,valid,valid,valid,valid,missing,E,2_999,2_999,missing,mechanical+remodel,sub_type,Over The Counter,Over The Counter,0,,not_applicable,clustering,,,,
run_20260624_213303_698_row_000081,run_20260624_213303_698,run_20260624_213303_698_input,run_20260624_213303_698_csv,81,E25-00248,Issued,Remove unpermitted partition wall in garage. Install new garage,"1,946 LOMA DR",4183-023-030,$145.00,$145.00,,Electrical OTC,Over The Counter,Electrical OTC,Over The Counter,E25-00248,Issued,Remove unpermitted partition wall in garage. Install new garage,"1,946 LOMA DR",4183-023-030,145.0,145.0,,Electrical OTC,Over The Counter,"{'record_status': 'valid', 'fields': {'permit_number': {'status': 'valid', 'raw_value': 'E25-00248', 'normalized_value': 'E25-00248', 'messages': []}, 'status': {'status': 'valid', 'raw_value': 'Issued', 'normalized_value': 'Issued', 'messages': []}, 'description': {'status': 'valid', 'raw_value': 'Remove unpermitted partition wall in garage. Install new garage', 'normalized_value': 'Remove unpermitted partition wall in garage. Install new garage', 'messages': []}, 'address': {'status': 'valid', 'raw_value': '1,946 LOMA DR', 'normalized_value': '1,946 LOMA DR', 'messages': []}, 'parcel_number': {'status': 'valid', 'raw_value': '4183-023-030', 'normalized_value': '4183-023-030', 'messages': []}, 'paid_fee': {'status': 'valid', 'raw_value': '$145.00', 'normalized_value': 145.0, 'messages': []}, 'fee': {'status': 'valid', 'raw_value': '$145.00', 'normalized_value': 145.0, 'messages': []}, 'valuation': {'status': 'missing', 'raw_value': None, 'normalized_value': None, 'messages': ['Field is missing']}, 'permit_type': {'status': 'valid', 'raw_value': 'Electrical OTC', 'normalized_value': 'Electrical OTC', 'messages': []}, 'sub_type': {'status': 'valid', 'raw_value': 'Over The Counter', 'normalized_value': 'Over The Counter', 'messages': []}}, 'validated_at': '2026-06-24T21:33:12.580799+00:00'}",valid,valid,valid,valid,valid,valid,valid,valid,valid,valid,missing,E,2_999,2_999,missing,other,sub_type,Over The Counter,,1,Over The Counter,cluster_majority,clustering,1.0,7,10,10
run_20260624_213303_698_row_000082,run_20260624_213303_698,run_20260624_213303_698_input,run_20260624_213303_698_csv,82,E25-00250,Issued,Install a disconnect for a new hot tub in the same location as the,531 LOMA DR,4188-019-061,$178.00,$178.00,,Electrical OTC,Over The Counter,Electrical OTC,Over The Counter,E25-00250,Issued,Install a disconnect for a new hot tub in the same location as the,531 LOMA DR,4188-019-061,178.0,178.0,,Electrical OTC,Over The Counter,"{'record_status': 'valid', 'fields': {'permit_number': {'status': 'valid', 'raw_value': 'E25-00250', 'normalized_value': 'E25-00250', 'messages': []}, 'status': {'status': 'valid', 'raw_value': 'Issued', 'normalized_value': 'Issued', 'messages': []}, 'description': {'status': 'valid', 'raw_value': 'Install a disconnect for a new hot tub in the same location as the', 'normalized_value': 'Install a disconnect for a new hot tub in the same location as the', 'messages': []}, 'address': {'status': 'valid', 'raw_value': '531 LOMA DR', 'normalized_value': '531 LOMA DR', 'messages': []}, 'parcel_number': {'status': 'valid', 'raw_value': '4188-019-061', 'normalized_value': '4188-019-061', 'messages': []}, 'paid_fee': {'status': 'valid', 'raw_value': '$178.00', 'normalized_value': 178.0, 'messages': []}, 'fee': {'status': 'valid', 'raw_value': '$178.00', 'normalized_value': 178.0, 'messages': []}, 'valuation': {'status': 'missing', 'raw_value': None, 'normalized_value': None, 'messages': ['Field is missing']}, 'permit_type': {'status': 'valid', 'raw_value': 'Electrical OTC', 'normalized_value': 'Electrical OTC', 'messages': []}, 'sub_type': {'status': 'valid', 'raw_value': 'Over The Counter', 'normalized_value': 'Over The Counter', 'messages': []}}, 'validated_at': '2026-06-24T21:33:12.580946+00:00'}",valid,valid,valid,valid,valid,valid,valid,valid,valid,valid,missing,E,2_999,2_999,missing,other,sub_type,Over The Counter,,1,Over The Counter,cluster_majority,clustering,1.0,7,10,10
run_20260624_213303_698_row_000083,run_20260624_213303_698,run_20260624_213303_698_input,run_20260624_213303_698_csv,83,E25-00251,Issued,"Kitchen remodel to replace cabinets, fixtures, and vent. Bathroom",449 30TH ST,4181-009-025,$252.00,$252.00,,Electrical OTC,Over The Counter,Electrical OTC,Over The Counter,E25-00251,Issued,"Kitchen remodel to replace cabinets, fixtures, and vent. Bathroom",449 30TH ST,4181-009-025,252.0,252.0,,Electrical OTC,Over The Counter,"{'record_status': 'valid', 'fields': {'permit_number': {'status': 'valid', 'raw_value': 'E25-00251', 'normalized_value': 'E25-00251', 'messages': []}, 'status': {'status': 'valid', 'raw_value': 'Issued', 'normalized_value': 'Issued', 'messages': []}, 'description': {'status': 'valid', 'raw_value': 'Kitchen remodel to replace cabinets, fixtures, and vent. Bathroom', 'normalized_value': 'Kitchen remodel to replace cabinets, fixtures, and vent. Bathroom', 'messages': []}, 'address': {'status': 'valid', 'raw_value': '449 30TH ST', 'normalized_value': '449 30TH ST', 'messages': []}, 'parcel_number': {'status': 'valid', 'raw_value': '4181-009-025', 'normalized_value': '4181-009-025', 'messages': []}, 'paid_fee': {'status': 'valid', 'raw_value': '$252.00', 'normalized_value': 252.0, 'messages': []}, 'fee': {'status': 'valid', 'raw_value': '$252.00', 'normalized_value': 252.0, 'messages': []}, 'valuation': {'status': 'missing', 'raw_value': None, 'normalized_value': None, 'messages': ['Field is missing']}, 'permit_type': {'status': 'valid', 'raw_value': 'Electrical OTC', 'normalized_value': 'Electrical OTC', 'messages': []}, 'sub_type': {'status': 'valid', 'raw_value': 'Over The Counter', 'normalized_value': 'Over The Counter', 'messages': []}}, 'validated_at': '2026-06-24T21:33:12.581090+00:00'}",valid,valid,valid,valid,valid,valid,valid,valid,valid,valid,missing,E,2_999,2_999,missing,mechanical+remodel,sub_type,Over The Counter,,1,Over The Counter,cluster_majority,clustering,1.0,7,10,10
run_20260624_213303_698_row_000084,run_20260624_213303_698,run_20260624_213303_698_input,run_20260624_213303_698_csv,84,E25-00252,Issued,Interior warm shell tenant improvements to the exterior. First floor,200 LONGFELLOW AVE,4181-019-003,$358.00,$358.00,,Electrical OTC,Over The Counter,Electrical OTC,Over The Counter,E25-00252,Issued,Interior warm shell tenant improvements to the exterior. First floor,200 LONGFELLOW AVE,4181-019-003,358.0,358.0,,Electrical OTC,Over The Counter,"{'record_status': 'valid', 'fields': {'permit_number': {'status': 'valid', 'raw_value': 'E25-00252', 'normalized_value': 'E25-00252', 'messages': []}, 'status': {'status': 'valid', 'raw_value': 'Issued', 'normalized_value': 'Issued', 'messages': []}, 'description': {'status': 'valid', 'raw_value': 'Interior warm shell tenant improvements to the exterior. First floor', 'normalized_value': 'Interior warm shell tenant improvements to the exterior. First floor', 'messages': []}, 'address': {'status': 'valid', 'raw_value': '200 LONGFELLOW AVE', 'normalized_value': '200 LONGFELLOW AVE', 'messages': []}, 'parcel_number': {'status': 'valid', 'raw_value': '4181-019-003', 'normalized_value': '4181-019-003', 'messages': []}, 'paid_fee': {'status': 'valid', 'raw_value': '$358.00', 'normalized_value': 358.0, 'messages': []}, 'fee': {'status': 'valid', 'raw_value': '$358.00', 'normalized_value': 358.0, 'messages': []}, 'valuation': {'status': 'missing', 'raw_value': None, 'normalized_value': None, 'messages': ['Field is missing']}, 'permit_type': {'status': 'valid', 'raw_value': 'Electrical OTC', 'normalized_value': 'Electrical OTC', 'messages': []}, 'sub_type': {'status': 'valid', 'raw_value': 'Over The Counter', 'normalized_value': 'Over The Counter', 'messages': []}}, 'validated_at': '2026-06-24T21:33:12.581232+00:00'}",valid,valid,valid,valid,valid,valid,valid,valid,valid,valid,missing,E,2_999,2_999,missing,remodel,sub_type,Over The Counter,Over The Counter,0,,not_applicable,clustering,,,,
run_20260624_213303_698_row_000085,run_20260624_213303_698,run_20260624_213303_698_input,run_20260624_213303_698_csv,85,E25-00254,Issued,"Demolish and update exterior cement plaster, exterior walls,","1,528 PROSPECT AVE",4185-019-031,"$1,299.00","$1,299.00",,Electrical OTC,Over The Counter,Electrical OTC,Over The Counter,E25-00254,Issued,"Demolish and update exterior cement plaster, exterior walls,","1,528 PROSPECT AVE",4185-019-031,1299.0,1299.0,,Electrical OTC,Over The Counter,"{'record_status': 'valid', 'fields': {'permit_number': {'status': 'valid', 'raw_value': 'E25-00254', 'normalized_value': 'E25-00254', 'messages': []}, 'status': {'status': 'valid', 'raw_value': 'Issued', 'normalized_value': 'Issued', 'messages': []}, 'description': {'status': 'valid', 'raw_value': 'Demolish and update exterior cement plaster, exterior walls,', 'normalized_value': 'Demolish and update exterior cement plaster, exterior walls,', 'messages': []}, 'address': {'status': 'valid', 'raw_value': '1,528 PROSPECT AVE', 'normalized_value': '1,528 PROSPECT AVE', 'messages': []}, 'parcel_number': {'status': 'valid', 'raw_value': '4185-019-031', 'normalized_value': '4185-019-031', 'messages': []}, 'paid_fee': {'status': 'valid', 'raw_value': '$1,299.00', 'normalized_value': 1299.0, 'messages': []}, 'fee': {'status': 'valid', 'raw_value': '$1,299.00', 'normalized_value': 1299.0, 'messages': []}, 'valuation': {'status': 'missing', 'raw_value': None, 'normalized_value': None, 'messages': ['Field is missing']}, 'permit_type': {'status': 'valid', 'raw_value': 'Electrical OTC', 'normalized_value': 'Electrical OTC', 'messages': []}, 'sub_type': {'status': 'valid', 'raw_value': 'Over The Counter', 'normalized_value': 'Over The Counter', 'messages': []}}, 'validated_at': '2026-06-24T21:33:12.581376+00:00'}",valid,valid,valid,valid,valid,valid,valid,valid,valid,valid,missing,E,1000_9999,1000_9999,missing,demolition,sub_type,Over The Counter,Over The Counter,0,,not_applicable,clustering,,,,
run_20260624_213303_698_row_000086,run_20260624_213303_698,run_20260624_213303_698_input,run_20260624_213303_698_csv,86,E25-00256,Issued,Service Panel Upgrade 200amp,924 LOMA DR,4187-017-011,$162.00,,,Electrical OTC,Over The Counter,Electrical OTC,Over The Counter,E25-00256,Issued,Service Panel Upgrade 200amp,924 LOMA DR,4187-017-011,162.0,,,Electrical OTC,Over The Counter,"{'record_status': 'valid', 'fields': {'permit_number': {'status': 'valid', 'raw_value': 'E25-00256', 'normalized_value': 'E25-00256', 'messages': []}, 'status': {'status': 'valid', 'raw_value': 'Issued', 'normalized_value': 'Issued', 'messages': []}, 'description': {'status': 'valid', 'raw_value': 'Service Panel Upgrade 200amp', 'normalized_value': 'Service Panel Upgrade 200amp', 'messages': []}, 'address': {'status': 'valid', 'raw_value': '924 LOMA DR', 'normalized_value': '924 LOMA DR', 'messages': []}, 'parcel_number': {'status': 'valid', 'raw_value': '4187-017-011', 'normalized_value': '4187-017-011', 'messages': []}, 'paid_fee': {'status': 'valid', 'raw_value': '$162.00', 'normalized_value': 162.0, 'messages': []}, 'fee': {'status': 'missing', 'raw_value': None, 'normalized_value': None, 'messages': ['Field is missing']}, 'valuation': {'status': 'missing', 'raw_value': None, 'normalized_value': None, 'messages': ['Field is missing']}, 'permit_type': {'status': 'valid', 'raw_value': 'Electrical OTC', 'normalized_value': 'Electrical OTC', 'messages': []}, 'sub_type': {'status': 'valid', 'raw_value': 'Over The Counter', 'normalized_value': 'Over The Counter', 'messages': []}}, 'validated_at': '2026-06-24T21:33:12.581535+00:00'}",valid,valid,valid,missing,valid,valid,valid,valid,valid,valid,missing,E,2_999,missing,missing,electrical,sub_type,Over The Counter,Over The Counter,0,,not_applicable,clustering,,,,
run_20260624_213303_698_row_000087,run_20260624_213303_698,run_20260624_213303_698_input,run_20260624_213303_698_csv,87,M25-00092,Issued,New 3-Story SFR (6147 sq. ft.) w/ attached 2-car garage and,"3,430 HERMOSA AVE",4181-033-015,"$1,837.00","$1,837.00",,Mechanical OTC,Over The Counter,Mechanical OTC,Over The Counter,M25-00092,Issued,New 3-Story SFR (6147 sq. ft.) w/ attached 2-car garage and,"3,430 HERMOSA AVE",4181-033-015,1837.0,1837.0,,Mechanical OTC,Over The Counter,"{'record_status': 'valid', 'fields': {'permit_number': {'status': 'valid', 'raw_value': 'M25-00092', 'normalized_value': 'M25-00092', 'messages': []}, 'status': {'status': 'valid', 'raw_value': 'Issued', 'normalized_value': 'Issued', 'messages': []}, 'description': {'status': 'valid', 'raw_value': 'New 3-Story SFR (6147 sq. ft.) w/ attached 2-car garage and', 'normalized_value': 'New 3-Story SFR (6147 sq. ft.) w/ attached 2-car garage and', 'messages': []}, 'address': {'status': 'valid', 'raw_value': '3,430 HERMOSA AVE', 'normalized_value': '3,430 HERMOSA AVE', 'messages': []}, 'parcel_number': {'status': 'valid', 'raw_value': '4181-033-015', 'normalized_value': '4181-033-015', 'messages': []}, 'paid_fee': {'status': 'valid', 'raw_value': '$1,837.00', 'normalized_value': 1837.0, 'messages': []}, 'fee': {'status': 'valid', 'raw_value': '$1,837.00', 'normalized_value': 1837.0, 'messages': []}, 'valuation': {'status': 'missing', 'raw_value': None, 'normalized_value': None, 'messages': ['Field is missing']}, 'permit_type': {'status': 'valid', 'raw_value': 'Mechanical OTC', 'normalized_value': 'Mechanical OTC', 'messages': []}, 'sub_type': {'status': 'valid', 'raw_value': 'Over The Counter', 'normalized_value': 'Over The Counter', 'messages': []}}, 'validated_at': '2026-06-24T21:33:12.581702+00:00'}",valid,valid,valid,valid,valid,valid,valid,valid,valid,valid,missing,M,1000_9999,1000_9999,missing,mechanical,sub_type,Over The Counter,Over The Counter,0,,not_applicable,clustering,,,,
run_20260624_213303_698_row_000088,run_20260624_213303_698,run_20260624_213303_698_input,run_20260624_213303_698_csv,88,M25-00113,Issued,Mini splits for 4 dwelling units at an existing 2-story multi-family. (5),"1,640 LOMA DR",4183-016-003,$805.00,$805.00,,Mechanical OTC,Over The Counter,Mechanical OTC,Over The Counter,M25-00113,Issued,Mini splits for 4 dwelling units at an existing 2-story multi-family. (5),"1,640 LOMA DR",4183-016-003,805.0,805.0,,Mechanical OTC,Over The Counter,"{'record_status': 'valid', 'fields': {'permit_number': {'status': 'valid', 'raw_value': 'M25-00113', 'normalized_value': 'M25-00113', 'messages': []}, 'status': {'status': 'valid', 'raw_value': 'Issued', 'normalized_value': 'Issued', 'messages': []}, 'description': {'status': 'valid', 'raw_value': 'Mini splits for 4 dwelling units at an existing 2-story multi-family. (5)', 'normalized_value': 'Mini splits for 4 dwelling units at an existing 2-story multi-family. (5)', 'messages': []}, 'address': {'status': 'valid', 'raw_value': '1,640 LOMA DR', 'normalized_value': '1,640 LOMA DR', 'messages': []}, 'parcel_number': {'status': 'valid', 'raw_value': '4183-016-003', 'normalized_value': '4183-016-003', 'messages': []}, 'paid_fee': {'status': 'valid', 'raw_value': '$805.00', 'normalized_value': 805.0, 'messages': []}, 'fee': {'status': 'valid', 'raw_value': '$805.00', 'normalized_value': 805.0, 'messages': []}, 'valuation': {'status': 'missing', 'raw_value': None, 'normalized_value': None, 'messages': ['Field is missing']}, 'permit_type': {'status': 'valid', 'raw_value': 'Mechanical OTC', 'normalized_value': 'Mechanical OTC', 'messages': []}, 'sub_type': {'status': 'valid', 'raw_value': 'Over The Counter', 'normalized_value': 'Over The Counter', 'messages': []}}, 'validated_at': '2026-06-24T21:33:12.581863+00:00'}",valid,valid,valid,valid,valid,valid,valid,valid,valid,valid,missing,M,2_999,2_999,missing,other,sub_type,Over The Counter,Over The Counter,0,,not_applicable,clustering,,,,
run_20260624_213303_698_row_000089,run_20260624_213303_698,run_20260624_213303_698_input,run_20260624_213303_698_csv,89,M25-00124,Issued,New 1 of 2 Unit condominium Unit 1 detached,921 5TH ST,4186-015-005,$509.00,,,Mechanical OTC,Over The Counter,Mechanical OTC,Over The Counter,M25-00124,Issued,New 1 of 2 Unit condominium Unit 1 detached,921 5TH ST,4186-015-005,509.0,,,Mechanical OTC,Over The Counter,"{'record_status': 'valid', 'fields': {'permit_number': {'status': 'valid', 'raw_value': 'M25-00124', 'normalized_value': 'M25-00124', 'messages': []}, 'status': {'status': 'valid', 'raw_value': 'Issued', 'normalized_value': 'Issued', 'messages': []}, 'description': {'status': 'valid', 'raw_value': 'New 1 of 2 Unit condominium Unit 1 detached', 'normalized_value': 'New 1 of 2 Unit condominium Unit 1 detached', 'messages': []}, 'address': {'status': 'valid', 'raw_value': '921 5TH ST', 'normalized_value': '921 5TH ST', 'messages': []}, 'parcel_number': {'status': 'valid', 'raw_value': '4186-015-005', 'normalized_value': '4186-015-005', 'messages': []}, 'paid_fee': {'status': 'valid', 'raw_value': '$509.00', 'normalized_value': 509.0, 'messages': []}, 'fee': {'status': 'missing', 'raw_value': None, 'normalized_value': None, 'messages': ['Field is missing']}, 'valuation': {'status': 'missing', 'raw_value': None, 'normalized_value': None, 'messages': ['Field is missing']}, 'permit_type': {'status': 'valid', 'raw_value': 'Mechanical OTC', 'normalized_value': 'Mechanical OTC', 'messages': []}, 'sub_type': {'status': 'valid', 'raw_value': 'Over The Counter', 'normalized_value': 'Over The Counter', 'messages': []}}, 'validated_at': '2026-06-24T21:33:12.582002+00:00'}",valid,valid,valid,missing,valid,valid,valid,valid,valid,valid,missing,M,2_999,missing,missing,mechanical,sub_type,Over The Counter,Over The Counter,0,,not_applicable,clustering,,,,
run_20260624_213303_698_row_000090,run_20260624_213303_698,run_20260624_213303_698_input,run_20260624_213303_698_csv,90,M25-00125,Issued,New 1 of 2 Unit condominium Unit 2 detached,923 5th ST,4186-015-005,$509.00,,,Mechanical OTC,Over The Counter,Mechanical OTC,Over The Counter,M25-00125,Issued,New 1 of 2 Unit condominium Unit 2 detached,923 5th ST,4186-015-005,509.0,,,Mechanical OTC,Over The Counter,"{'record_status': 'valid', 'fields': {'permit_number': {'status': 'valid', 'raw_value': 'M25-00125', 'normalized_value': 'M25-00125', 'messages': []}, 'status': {'status': 'valid', 'raw_value': 'Issued', 'normalized_value': 'Issued', 'messages': []}, 'description': {'status': 'valid', 'raw_value': 'New 1 of 2 Unit condominium Unit 2 detached', 'normalized_value': 'New 1 of 2 Unit condominium Unit 2 detached', 'messages': []}, 'address': {'status': 'valid', 'raw_value': '923 5th ST', 'normalized_value': '923 5th ST', 'messages': []}, 'parcel_number': {'status': 'valid', 'raw_value': '4186-015-005', 'normalized_value': '4186-015-005', 'messages': []}, 'paid_fee': {'status': 'valid', 'raw_value': '$509.00', 'normalized_value': 509.0, 'messages': []}, 'fee': {'status': 'missing', 'raw_value': None, 'normalized_value': None, 'messages': ['Field is missing']}, 'valuation': {'status': 'missing', 'raw_value': None, 'normalized_value': None, 'messages': ['Field is missing']}, 'permit_type': {'status': 'valid', 'raw_value': 'Mechanical OTC', 'normalized_value': 'Mechanical OTC', 'messages': []}, 'sub_type': {'status': 'valid', 'raw_value': 'Over The Counter', 'normalized_value': 'Over The Counter', 'messages': []}}, 'validated_at': '2026-06-24T21:33:12.582139+00:00'}",valid,valid,valid,missing,valid,valid,valid,valid,valid,valid,missing,M,2_999,missing,missing,mechanical,sub_type,Over The Counter,,1,Over The Counter,cluster_majority,clustering,0.75,1,16,12
run_20260624_213303_698_row_000091,run_20260624_213303_698,run_20260624_213303_698_input,run_20260624_213303_698_csv,91,M25-00128,Issued,"Interior bathroom remodeling, to include a removal of a linen closet,",912 MONTEREY BLVD 1,4187-013-039,$130.00,$130.00,,Mechanical OTC,Over The Counter,Mechanical OTC,Over The Counter,M25-00128,Issued,"Interior bathroom remodeling, to include a removal of a linen closet,",912 MONTEREY BLVD 1,4187-013-039,130.0,130.0,,Mechanical OTC,Over The Counter,"{'record_status': 'valid', 'fields': {'permit_number': {'status': 'valid', 'raw_value': 'M25-00128', 'normalized_value': 'M25-00128', 'messages': []}, 'status': {'status': 'valid', 'raw_value': 'Issued', 'normalized_value': 'Issued', 'messages': []}, 'description': {'status': 'valid', 'raw_value': 'Interior bathroom remodeling, to include a removal of a linen closet,', 'normalized_value': 'Interior bathroom remodeling, to include a removal of a linen closet,', 'messages': []}, 'address': {'status': 'valid', 'raw_value': '912 MONTEREY BLVD 1', 'normalized_value': '912 MONTEREY BLVD 1', 'messages': []}, 'parcel_number': {'status': 'valid', 'raw_value': '4187-013-039', 'normalized_value': '4187-013-039', 'messages': []}, 'paid_fee': {'status': 'valid', 'raw_value': '$130.00', 'normalized_value': 130.0, 'messages': []}, 'fee': {'status': 'valid', 'raw_value': '$130.00', 'normalized_value': 130.0, 'messages': []}, 'valuation': {'status': 'missing', 'raw_value': None, 'normalized_value': None, 'messages': ['Field is missing']}, 'permit_type': {'status': 'valid', 'raw_value': 'Mechanical OTC', 'normalized_value': 'Mechanical OTC', 'messages': []}, 'sub_type': {'status': 'valid', 'raw_value': 'Over The Counter', 'normalized_value': 'Over The Counter', 'messages': []}}, 'validated_at': '2026-06-24T21:33:12.582294+00:00'}",valid,valid,valid,valid,valid,valid,valid,valid,valid,valid,missing,M,2_999,2_999,missing,remodel,sub_type,Over The Counter,,1,Over The Counter,cluster_majority,clustering,1.0,3,17,17
run_20260624_213303_698_row_000092,run_20260624_213303_698,run_20260624_213303_698_input,run_20260624_213303_698_csv,92,M25-00129,Issued,"Interior remodel, exterior recladding and new roof","2,415 MYRTLE AVE",4182-013-032,"$1,207.00",,,Mechanical OTC,Over The Counter,Mechanical OTC,Over The Counter,M25-00129,Issued,"Interior remodel, exterior recladding and new roof","2,415 MYRTLE AVE",4182-013-032,1207.0,,,Mechanical OTC,Over The Counter,"{'record_status': 'valid', 'fields': {'permit_number': {'status': 'valid', 'raw_value': 'M25-00129', 'normalized_value': 'M25-00129', 'messages': []}, 'status': {'status': 'valid', 'raw_value': 'Issued', 'normalized_value': 'Issued', 'messages': []}, 'description': {'status': 'valid', 'raw_value': 'Interior remodel, exterior recladding and new roof', 'normalized_value': 'Interior remodel, exterior recladding and new roof', 'messages': []}, 'address': {'status': 'valid', 'raw_value': '2,415 MYRTLE AVE', 'normalized_value': '2,415 MYRTLE AVE', 'messages': []}, 'parcel_number': {'status': 'valid', 'raw_value': '4182-013-032', 'normalized_value': '4182-013-032', 'messages': []}, 'paid_fee': {'status': 'valid', 'raw_value': '$1,207.00', 'normalized_value': 1207.0, 'messages': []}, 'fee': {'status': 'missing', 'raw_value': None, 'normalized_value': None, 'messages': ['Field is missing']}, 'valuation': {'status': 'missing', 'raw_value': None, 'normalized_value': None, 'messages': ['Field is missing']}, 'permit_type': {'status': 'valid', 'raw_value': 'Mechanical OTC', 'normalized_value': 'Mechanical OTC', 'messages': []}, 'sub_type': {'status': 'valid', 'raw_value': 'Over The Counter', 'normalized_value': 'Over The Counter', 'messages': []}}, 'validated_at': '2026-06-24T21:33:12.582440+00:00'}",valid,valid,valid,missing,valid,valid,valid,valid,valid,valid,missing,M,1000_9999,missing,missing,roof+remodel,sub_type,Over The Counter,Over The Counter,0,,not_applicable,clustering,,,,
run_20260624_213303_698_row_000093,run_20260624_213303_698,run_20260624_213303_698_input,run_20260624_213303_698_csv,93,M25-00130,Issued,New swimming pool and spa with automatic pool and spa cover in,662 25TH ST,4184-018-007,$168.00,$168.00,,Mechanical OTC,Over The Counter,Mechanical OTC,Over The Counter,M25-00130,Issued,New swimming pool and spa with automatic pool and spa cover in,662 25TH ST,4184-018-007,168.0,168.0,,Mechanical OTC,Over The Counter,"{'record_status': 'valid', 'fields': {'permit_number': {'status': 'valid', 'raw_value': 'M25-00130', 'normalized_value': 'M25-00130', 'messages': []}, 'status': {'status': 'valid', 'raw_value': 'Issued', 'normalized_value': 'Issued', 'messages': []}, 'description': {'status': 'valid', 'raw_value': 'New swimming pool and spa with automatic pool and spa cover in', 'normalized_value': 'New swimming pool and spa with automatic pool and spa cover in', 'messages': []}, 'address': {'status': 'valid', 'raw_value': '662 25TH ST', 'normalized_value': '662 25TH ST', 'messages': []}, 'parcel_number': {'status': 'valid', 'raw_value': '4184-018-007', 'normalized_value': '4184-018-007', 'messages': []}, 'paid_fee': {'status': 'valid', 'raw_value': '$168.00', 'normalized_value': 168.0, 'messages': []}, 'fee': {'status': 'valid', 'raw_value': '$168.00', 'normalized_value': 168.0, 'messages': []}, 'valuation': {'status': 'missing', 'raw_value': None, 'normalized_value': None, 'messages': ['Field is missing']}, 'permit_type': {'status': 'valid', 'raw_value': 'Mechanical OTC', 'normalized_value': 'Mechanical OTC', 'messages': []}, 'sub_type': {'status': 'valid', 'raw_value': 'Over The Counter', 'normalized_value': 'Over The Counter', 'messages': []}}, 'validated_at': '2026-06-24T21:33:12.582591+00:00'}",valid,valid,valid,valid,valid,valid,valid,valid,valid,valid,missing,M,2_999,2_999,missing,pool,sub_type,Over The Counter,,1,Over The Counter,cluster_majority,clustering,1.0,3,17,17
run_20260624_213303_698_row_000094,run_20260624_213303_698,run_20260624_213303_698_input,run_20260624_213303_698_csv,94,M25-00131,Issued,"All new windows, and new powder room withing existing square",646 LONGFELLOW AVE,4169-030-002,$130.00,$130.00,,Mechanical OTC,Over The Counter,Mechanical OTC,Over The Counter,M25-00131,Issued,"All new windows, and new powder room withing existing square",646 LONGFELLOW AVE,4169-030-002,130.0,130.0,,Mechanical OTC,Over The Counter,"{'record_status': 'valid', 'fields': {'permit_number': {'status': 'valid', 'raw_value': 'M25-00131', 'normalized_value': 'M25-00131', 'messages': []}, 'status': {'status': 'valid', 'raw_value': 'Issued', 'normalized_value': 'Issued', 'messages': []}, 'description': {'status': 'valid', 'raw_value': 'All new windows, and new powder room withing existing square', 'normalized_value': 'All new windows, and new powder room withing existing square', 'messages': []}, 'address': {'status': 'valid', 'raw_value': '646 LONGFELLOW AVE', 'normalized_value': '646 LONGFELLOW AVE', 'messages': []}, 'parcel_number': {'status': 'valid', 'raw_value': '4169-030-002', 'normalized_value': '4169-030-002', 'messages': []}, 'paid_fee': {'status': 'valid', 'raw_value': '$130.00', 'normalized_value': 130.0, 'messages': []}, 'fee': {'status': 'valid', 'raw_value': '$130.00', 'normalized_value': 130.0, 'messages': []}, 'valuation': {'status': 'missing', 'raw_value': None, 'normalized_value': None, 'messages': ['Field is missing']}, 'permit_type': {'status': 'valid', 'raw_value': 'Mechanical OTC', 'normalized_value': 'Mechanical OTC', 'messages': []}, 'sub_type': {'status': 'valid', 'raw_value': 'Over The Counter', 'normalized_value': 'Over The Counter', 'messages': []}}, 'validated_at': '2026-06-24T21:33:12.582738+00:00'}",valid,valid,valid,valid,valid,valid,valid,valid,valid,valid,missing,M,2_999,2_999,missing,other,sub_type,Over The Counter,,1,Over The Counter,cluster_majority,clustering,1.0,3,17,17
run_20260624_213303_698_row_000095,run_20260624_213303_698,run_20260624_213303_698_input,run_20260624_213303_698_csv,95,M25-00132,Finaled,Kitchen remodel and drywall repair due to water damage. (Same,417 Longfellow AVE,4181-011-008,$130.00,$130.00,,Mechanical OTC,Over The Counter,Mechanical OTC,Over The Counter,M25-00132,Finaled,Kitchen remodel and drywall repair due to water damage. (Same,417 Longfellow AVE,4181-011-008,130.0,130.0,,Mechanical OTC,Over The Counter,"{'record_status': 'valid', 'fields': {'permit_number': {'status': 'valid', 'raw_value': 'M25-00132', 'normalized_value': 'M25-00132', 'messages': []}, 'status': {'status': 'valid', 'raw_value': 'Finaled', 'normalized_value': 'Finaled', 'messages': []}, 'description': {'status': 'valid', 'raw_value': 'Kitchen remodel and drywall repair due to water damage. (Same', 'normalized_value': 'Kitchen remodel and drywall repair due to water damage. (Same', 'messages': []}, 'address': {'status': 'valid', 'raw_value': '417 Longfellow AVE', 'normalized_value': '417 Longfellow AVE', 'messages': []}, 'parcel_number': {'status': 'valid', 'raw_value': '4181-011-008', 'normalized_value': '4181-011-008', 'messages': []}, 'paid_fee': {'status': 'valid', 'raw_value': '$130.00', 'normalized_value': 130.0, 'messages': []}, 'fee': {'status': 'valid', 'raw_value': '$130.00', 'normalized_value': 130.0, 'messages': []}, 'valuation': {'status': 'missing', 'raw_value': None, 'normalized_value': None, 'messages': ['Field is missing']}, 'permit_type': {'status': 'valid', 'raw_value': 'Mechanical OTC', 'normalized_value': 'Mechanical OTC', 'messages': []}, 'sub_type': {'status': 'valid', 'raw_value': 'Over The Counter', 'normalized_value': 'Over The Counter', 'messages': []}}, 'validated_at': '2026-06-24T21:33:12.582889+00:00'}",valid,valid,valid,valid,valid,valid,valid,valid,valid,valid,missing,M,2_999,2_999,missing,remodel,sub_type,Over The Counter,Over The Counter,0,,not_applicable,clustering,,,,
run_20260624_213303_698_row_000096,run_20260624_213303_698,run_20260624_213303_698_input,run_20260624_213303_698_csv,96,M25-00133,Issued,Add five ADUs in existing covered parking of apartment building .,720 21ST ST,4184-025-022,"$1,135.00","$1,135.00",,Mechanical OTC,Over The Counter,Mechanical OTC,Over The Counter,M25-00133,Issued,Add five ADUs in existing covered parking of apartment building .,720 21ST ST,4184-025-022,1135.0,1135.0,,Mechanical OTC,Over The Counter,"{'record_status': 'valid', 'fields': {'permit_number': {'status': 'valid', 'raw_value': 'M25-00133', 'normalized_value': 'M25-00133', 'messages': []}, 'status': {'status': 'valid', 'raw_value': 'Issued', 'normalized_value': 'Issued', 'messages': []}, 'description': {'status': 'valid', 'raw_value': 'Add five ADUs in existing covered parking of apartment building .', 'normalized_value': 'Add five ADUs in existing covered parking of apartment building .', 'messages': []}, 'address': {'status': 'valid', 'raw_value': '720 21ST ST', 'normalized_value': '720 21ST ST', 'messages': []}, 'parcel_number': {'status': 'valid', 'raw_value': '4184-025-022', 'normalized_value': '4184-025-022', 'messages': []}, 'paid_fee': {'status': 'valid', 'raw_value': '$1,135.00', 'normalized_value': 1135.0, 'messages': []}, 'fee': {'status': 'valid', 'raw_value': '$1,135.00', 'normalized_value': 1135.0, 'messages': []}, 'valuation': {'status': 'missing', 'raw_value': None, 'normalized_value': None, 'messages': ['Field is missing']}, 'permit_type': {'status': 'valid', 'raw_value': 'Mechanical OTC', 'normalized_value': 'Mechanical OTC', 'messages': []}, 'sub_type': {'status': 'valid', 'raw_value': 'Over The Counter', 'normalized_value': 'Over The Counter', 'messages': []}}, 'validated_at': '2026-06-24T21:33:12.583041+00:00'}",valid,valid,valid,valid,valid,valid,valid,valid,valid,valid,missing,M,1000_9999,1000_9999,missing,other,sub_type,Over The Counter,Over The Counter,0,,not_applicable,clustering,,,,
run_20260624_213303_698_row_000097,run_20260624_213303_698,run_20260624_213303_698_input,run_20260624_213303_698_csv,97,M25-00134,Issued,Split system cut in w/ heat pump and air handler. Heat pump 5-ton,"1,250 1ST ST",4186-029-023,$222.00,$222.00,,Mechanical OTC,Over The Counter,Mechanical OTC,Over The Counter,M25-00134,Issued,Split system cut in w/ heat pump and air handler. Heat pump 5-ton,"1,250 1ST ST",4186-029-023,222.0,222.0,,Mechanical OTC,Over The Counter,"{'record_status': 'valid', 'fields': {'permit_number': {'status': 'valid', 'raw_value': 'M25-00134', 'normalized_value': 'M25-00134', 'messages': []}, 'status': {'status': 'valid', 'raw_value': 'Issued', 'normalized_value': 'Issued', 'messages': []}, 'description': {'status': 'valid', 'raw_value': 'Split system cut in w/ heat pump and air handler. Heat pump 5-ton', 'normalized_value': 'Split system cut in w/ heat pump and air handler. Heat pump 5-ton', 'messages': []}, 'address': {'status': 'valid', 'raw_value': '1,250 1ST ST', 'normalized_value': '1,250 1ST ST', 'messages': []}, 'parcel_number': {'status': 'valid', 'raw_value': '4186-029-023', 'normalized_value': '4186-029-023', 'messages': []}, 'paid_fee': {'status': 'valid', 'raw_value': '$222.00', 'normalized_value': 222.0, 'messages': []}, 'fee': {'status': 'valid', 'raw_value': '$222.00', 'normalized_value': 222.0, 'messages': []}, 'valuation': {'status': 'missing', 'raw_value': None, 'normalized_value': None, 'messages': ['Field is missing']}, 'permit_type': {'status': 'valid', 'raw_value': 'Mechanical OTC', 'normalized_value': 'Mechanical OTC', 'messages': []}, 'sub_type': {'status': 'valid', 'raw_value': 'Over The Counter', 'normalized_value': 'Over The Counter', 'messages': []}}, 'validated_at': '2026-06-24T21:33:12.583197+00:00'}",valid,valid,valid,valid,valid,valid,valid,valid,valid,valid,missing,M,2_999,2_999,missing,other,sub_type,Over The Counter,,1,Over The Counter,cluster_majority,clustering,1.0,3,17,17
run_20260624_213303_698_row_000098,run_20260624_213303_698,run_20260624_213303_698_input,run_20260624_213303_698_csv,98,M25-00135,Issued,Remodel of a single family residence with a addition of 142 sq ft.,846 18TH ST,4185-002-016,$492.00,$492.00,,Mechanical OTC,Over The Counter,Mechanical OTC,Over The Counter,M25-00135,Issued,Remodel of a single family residence with a addition of 142 sq ft.,846 18TH ST,4185-002-016,492.0,492.0,,Mechanical OTC,Over The Counter,"{'record_status': 'valid', 'fields': {'permit_number': {'status': 'valid', 'raw_value': 'M25-00135', 'normalized_value': 'M25-00135', 'messages': []}, 'status': {'status': 'valid', 'raw_value': 'Issued', 'normalized_value': 'Issued', 'messages': []}, 'description': {'status': 'valid', 'raw_value': 'Remodel of a single family residence with a addition of 142 sq ft.', 'normalized_value': 'Remodel of a single family residence with a addition of 142 sq ft.', 'messages': []}, 'address': {'status': 'valid', 'raw_value': '846 18TH ST', 'normalized_value': '846 18TH ST', 'messages': []}, 'parcel_number': {'status': 'valid', 'raw_value': '4185-002-016', 'normalized_value': '4185-002-016', 'messages': []}, 'paid_fee': {'status': 'valid', 'raw_value': '$492.00', 'normalized_value': 492.0, 'messages': []}, 'fee': {'status': 'valid', 'raw_value': '$492.00', 'normalized_value': 492.0, 'messages': []}, 'valuation': {'status': 'missing', 'raw_value': None, 'normalized_value': None, 'messages': ['Field is missing']}, 'permit_type': {'status': 'valid', 'raw_value': 'Mechanical OTC', 'normalized_value': 'Mechanical OTC', 'messages': []}, 'sub_type': {'status': 'valid', 'raw_value': 'Over The Counter', 'normalized_value': 'Over The Counter', 'messages': []}}, 'validated_at': '2026-06-24T21:33:12.583420+00:00'}",valid,valid,valid,valid,valid,valid,valid,valid,valid,valid,missing,M,2_999,2_999,missing,remodel+addition,sub_type,Over The Counter,Over The Counter,0,,not_applicable,clustering,,,,
run_20260624_213303_698_row_000099,run_20260624_213303_698,run_20260624_213303_698_input,run_20260624_213303_698_csv,99,M25-00137,Issued,"Interior remodel including removal of fireplace in master bedroom,",850 17TH ST,4185-005-004,$130.00,$130.00,,Mechanical OTC,Over The Counter,Mechanical OTC,Over The Counter,M25-00137,Issued,"Interior remodel including removal of fireplace in master bedroom,",850 17TH ST,4185-005-004,130.0,130.0,,Mechanical OTC,Over The Counter,"{'record_status': 'valid', 'fields': {'permit_number': {'status': 'valid', 'raw_value': 'M25-00137', 'normalized_value': 'M25-00137', 'messages': []}, 'status': {'status': 'valid', 'raw_value': 'Issued', 'normalized_value': 'Issued', 'messages': []}, 'description': {'status': 'valid', 'raw_value': 'Interior remodel including removal of fireplace in master bedroom,', 'normalized_value': 'Interior remodel including removal of fireplace in master bedroom,', 'messages': []}, 'address': {'status': 'valid', 'raw_value': '850 17TH ST', 'normalized_value': '850 17TH ST', 'messages': []}, 'parcel_number': {'status': 'valid', 'raw_value': '4185-005-004', 'normalized_value': '4185-005-004', 'messages': []}, 'paid_fee': {'status': 'valid', 'raw_value': '$130.00', 'normalized_value': 130.0, 'messages': []}, 'fee': {'status': 'valid', 'raw_value': '$130.00', 'normalized_value': 130.0, 'messages': []}, 'valuation': {'status': 'missing', 'raw_value': None, 'normalized_value': None, 'messages': ['Field is missing']}, 'permit_type': {'status': 'valid', 'raw_value': 'Mechanical OTC', 'normalized_value': 'Mechanical OTC', 'messages': []}, 'sub_type': {'status': 'valid', 'raw_value': 'Over The Counter', 'normalized_value': 'Over The Counter', 'messages': []}}, 'validated_at': '2026-06-24T21:33:12.583577+00:00'}",valid,valid,valid,valid,valid,valid,valid,valid,valid,valid,missing,M,2_999,2_999,missing,mechanical+remodel,sub_type,Over The Counter,,1,Over The Counter,cluster_majority,clustering,1.0,3,17,17
run_20260624_213303_698_row_000100,run_20260624_213303_698,run_20260624_213303_698_input,run_20260624_213303_698_csv,100,M25-00138,Issued,"Bathroom remodel, drywall repair as needed, new tile replace tub,","1,529 PROSPECT AVE",4185-010-021,$130.00,$130.00,,Mechanical OTC,Over The Counter,Mechanical OTC,Over The Counter,M25-00138,Issued,"Bathroom remodel, drywall repair as needed, new tile replace tub,","1,529 PROSPECT AVE",4185-010-021,130.0,130.0,,Mechanical OTC,Over The Counter,"{'record_status': 'valid', 'fields': {'permit_number': {'status': 'valid', 'raw_value': 'M25-00138', 'normalized_value': 'M25-00138', 'messages': []}, 'status': {'status': 'valid', 'raw_value': 'Issued', 'normalized_value': 'Issued', 'messages': []}, 'description': {'status': 'valid', 'raw_value': 'Bathroom remodel, drywall repair as needed, new tile replace tub,', 'normalized_value': 'Bathroom remodel, drywall repair as needed, new tile replace tub,', 'messages': []}, 'address': {'status': 'valid', 'raw_value': '1,529 PROSPECT AVE', 'normalized_value': '1,529 PROSPECT AVE', 'messages': []}, 'parcel_number': {'status': 'valid', 'raw_value': '4185-010-021', 'normalized_value': '4185-010-021', 'messages': []}, 'paid_fee': {'status': 'valid', 'raw_value': '$130.00', 'normalized_value': 130.0, 'messages': []}, 'fee': {'status': 'valid', 'raw_value': '$130.00', 'normalized_value': 130.0, 'messages': []}, 'valuation': {'status': 'missing', 'raw_value': None, 'normalized_value': None, 'messages': ['Field is missing']}, 'permit_type': {'status': 'valid', 'raw_value': 'Mechanical OTC', 'normalized_value': 'Mechanical OTC', 'messages': []}, 'sub_type': {'status': 'valid', 'raw_value': 'Over The Counter', 'normalized_value': 'Over The Counter', 'messages': []}}, 'validated_at': '2026-06-24T21:33:12.583723+00:00'}",valid,valid,valid,valid,valid,valid,valid,valid,valid,valid,missing,M,2_999,2_999,missing,mechanical+remodel,sub_type,Over The Counter,,1,Over The Counter,cluster_majority,clustering,1.0,3,17,17
run_20260624_213303_698_row_000101,run_20260624_213303_698,run_20260624_213303_698_input,run_20260624_213303_698_csv,101,M25-00140,Issued,"Air conditioning system replacement, equipment will be installed in",414 29TH ST,4181-007-006,$222.00,$222.00,,Mechanical OTC,Over The Counter,Mechanical OTC,Over The Counter,M25-00140,Issued,"Air conditioning system replacement, equipment will be installed in",414 29TH ST,4181-007-006,222.0,222.0,,Mechanical OTC,Over The Counter,"{'record_status': 'valid', 'fields': {'permit_number': {'status': 'valid', 'raw_value': 'M25-00140', 'normalized_value': 'M25-00140', 'messages': []}, 'status': {'status': 'valid', 'raw_value': 'Issued', 'normalized_value': 'Issued', 'messages': []}, 'description': {'status': 'valid', 'raw_value': 'Air conditioning system replacement, equipment will be installed in', 'normalized_value': 'Air conditioning system replacement, equipment will be installed in', 'messages': []}, 'address': {'status': 'valid', 'raw_value': '414 29TH ST', 'normalized_value': '414 29TH ST', 'messages': []}, 'parcel_number': {'status': 'valid', 'raw_value': '4181-007-006', 'normalized_value': '4181-007-006', 'messages': []}, 'paid_fee': {'status': 'valid', 'raw_value': '$222.00', 'normalized_value': 222.0, 'messages': []}, 'fee': {'status': 'valid', 'raw_value': '$222.00', 'normalized_value': 222.0, 'messages': []}, 'valuation': {'status': 'missing', 'raw_value': None, 'normalized_value': None, 'messages': ['Field is missing']}, 'permit_type': {'status': 'valid', 'raw_value': 'Mechanical OTC', 'normalized_value': 'Mechanical OTC', 'messages': []}, 'sub_type': {'status': 'valid', 'raw_value': 'Over The Counter', 'normalized_value': 'Over The Counter', 'messages': []}}, 'validated_at': '2026-06-24T21:33:12.583863+00:00'}",valid,valid,valid,valid,valid,valid,valid,valid,valid,valid,missing,M,2_999,2_999,missing,mechanical,sub_type,Over The Counter,Over The Counter,0,,not_applicable,clustering,,,,
run_20260624_213303_698_row_000102,run_20260624_213303_698,run_20260624_213303_698_input,run_20260624_213303_698_csv,102,M25-00141,Issued,"Kitchen remodel to replace cabinets, fixtures, and vent. Bathroom",449 30TH ST,4181-009-025,$175.00,$175.00,,Mechanical OTC,Over The Counter,Mechanical OTC,Over The Counter,M25-00141,Issued,"Kitchen remodel to replace cabinets, fixtures, and vent. Bathroom",449 30TH ST,4181-009-025,175.0,175.0,,Mechanical OTC,Over The Counter,"{'record_status': 'valid', 'fields': {'permit_number': {'status': 'valid', 'raw_value': 'M25-00141', 'normalized_value': 'M25-00141', 'messages': []}, 'status': {'status': 'valid', 'raw_value': 'Issued', 'normalized_value': 'Issued', 'messages': []}, 'description': {'status': 'valid', 'raw_value': 'Kitchen remodel to replace cabinets, fixtures, and vent. Bathroom', 'normalized_value': 'Kitchen remodel to replace cabinets, fixtures, and vent. Bathroom', 'messages': []}, 'address': {'status': 'valid', 'raw_value': '449 30TH ST', 'normalized_value': '449 30TH ST', 'messages': []}, 'parcel_number': {'status': 'valid', 'raw_value': '4181-009-025', 'normalized_value': '4181-009-025', 'messages': []}, 'paid_fee': {'status': 'valid', 'raw_value': '$175.00', 'normalized_value': 175.0, 'messages': []}, 'fee': {'status': 'valid', 'raw_value': '$175.00', 'normalized_value': 175.0, 'messages': []}, 'valuation': {'status': 'missing', 'raw_value': None, 'normalized_value': None, 'messages': ['Field is missing']}, 'permit_type': {'status': 'valid', 'raw_value': 'Mechanical OTC', 'normalized_value': 'Mechanical OTC', 'messages': []}, 'sub_type': {'status': 'valid', 'raw_value': 'Over The Counter', 'normalized_value': 'Over The Counter', 'messages': []}}, 'validated_at': '2026-06-24T21:33:12.584005+00:00'}",valid,valid,valid,valid,valid,valid,valid,valid,valid,valid,missing,M,2_999,2_999,missing,mechanical+remodel,sub_type,Over The Counter,Over The Counter,0,,not_applicable,clustering,,,,
run_20260624_213303_698_row_000103,run_20260624_213303_698,run_20260624_213303_698_input,run_20260624_213303_698_csv,103,M25-00142,Issued,Interior warm shell tenant improvements to the exterior. First floor,200 LONGFELLOW AVE,4181-019-003,$310.00,$310.00,,Mechanical OTC,Over The Counter,Mechanical OTC,Over The Counter,M25-00142,Issued,Interior warm shell tenant improvements to the exterior. First floor,200 LONGFELLOW AVE,4181-019-003,310.0,310.0,,Mechanical OTC,Over The Counter,"{'record_status': 'valid', 'fields': {'permit_number': {'status': 'valid', 'raw_value': 'M25-00142', 'normalized_value': 'M25-00142', 'messages': []}, 'status': {'status': 'valid', 'raw_value': 'Issued', 'normalized_value': 'Issued', 'messages': []}, 'description': {'status': 'valid', 'raw_value': 'Interior warm shell tenant improvements to the exterior. First floor', 'normalized_value': 'Interior warm shell tenant improvements to the exterior. First floor', 'messages': []}, 'address': {'status': 'valid', 'raw_value': '200 LONGFELLOW AVE', 'normalized_value': '200 LONGFELLOW AVE', 'messages': []}, 'parcel_number': {'status': 'valid', 'raw_value': '4181-019-003', 'normalized_value': '4181-019-003', 'messages': []}, 'paid_fee': {'status': 'valid', 'raw_value': '$310.00', 'normalized_value': 310.0, 'messages': []}, 'fee': {'status': 'valid', 'raw_value': '$310.00', 'normalized_value': 310.0, 'messages': []}, 'valuation': {'status': 'missing', 'raw_value': None, 'normalized_value': None, 'messages': ['Field is missing']}, 'permit_type': {'status': 'valid', 'raw_value': 'Mechanical OTC', 'normalized_value': 'Mechanical OTC', 'messages': []}, 'sub_type': {'status': 'valid', 'raw_value': 'Over The Counter', 'normalized_value': 'Over The Counter', 'messages': []}}, 'validated_at': '2026-06-24T21:33:12.584198+00:00'}",valid,valid,valid,valid,valid,valid,valid,valid,valid,valid,missing,M,2_999,2_999,missing,remodel,sub_type,Over The Counter,Over The Counter,0,,not_applicable,clustering,,,,
run_20260624_213303_698_row_000104,run_20260624_213303_698,run_20260624_213303_698_input,run_20260624_213303_698_csv,104,M25-00143,Issued,"Demolish and update exterior cement plaster, exterior walls,","1,528 PROSPECT AVE",4185-019-031,$400.00,$400.00,,Mechanical OTC,Over The Counter,Mechanical OTC,Over The Counter,M25-00143,Issued,"Demolish and update exterior cement plaster, exterior walls,","1,528 PROSPECT AVE",4185-019-031,400.0,400.0,,Mechanical OTC,Over The Counter,"{'record_status': 'valid', 'fields': {'permit_number': {'status': 'valid', 'raw_value': 'M25-00143', 'normalized_value': 'M25-00143', 'messages': []}, 'status': {'status': 'valid', 'raw_value': 'Issued', 'normalized_value': 'Issued', 'messages': []}, 'description': {'status': 'valid', 'raw_value': 'Demolish and update exterior cement plaster, exterior walls,', 'normalized_value': 'Demolish and update exterior cement plaster, exterior walls,', 'messages': []}, 'address': {'status': 'valid', 'raw_value': '1,528 PROSPECT AVE', 'normalized_value': '1,528 PROSPECT AVE', 'messages': []}, 'parcel_number': {'status': 'valid', 'raw_value': '4185-019-031', 'normalized_value': '4185-019-031', 'messages': []}, 'paid_fee': {'status': 'valid', 'raw_value': '$400.00', 'normalized_value': 400.0, 'messages': []}, 'fee': {'status': 'valid', 'raw_value': '$400.00', 'normalized_value': 400.0, 'messages': []}, 'valuation': {'status': 'missing', 'raw_value': None, 'normalized_value': None, 'messages': ['Field is missing']}, 'permit_type': {'status': 'valid', 'raw_value': 'Mechanical OTC', 'normalized_value': 'Mechanical OTC', 'messages': []}, 'sub_type': {'status': 'valid', 'raw_value': 'Over The Counter', 'normalized_value': 'Over The Counter', 'messages': []}}, 'validated_at': '2026-06-24T21:33:12.584384+00:00'}",valid,valid,valid,valid,valid,valid,valid,valid,valid,valid,missing,M,2_999,2_999,missing,demolition,sub_type,Over The Counter,Over The Counter,0,,not_applicable,clustering,,,,
run_20260624_213303_698_row_000105,run_20260624_213303_698,run_20260624_213303_698_input,run_20260624_213303_698_csv,105,P25-00111,Issued,New 3-Story SFR (6147 sq. ft.) w/ attached 2-car garage and,"3,430 HERMOSA AVE",4181-033-015,$829.00,$829.00,,Plumbing OTC,Over The Counter,Plumbing OTC,Over The Counter,P25-00111,Issued,New 3-Story SFR (6147 sq. ft.) w/ attached 2-car garage and,"3,430 HERMOSA AVE",4181-033-015,829.0,829.0,,Plumbing OTC,Over The Counter,"{'record_status': 'valid', 'fields': {'permit_number': {'status': 'valid', 'raw_value': 'P25-00111', 'normalized_value': 'P25-00111', 'messages': []}, 'status': {'status': 'valid', 'raw_value': 'Issued', 'normalized_value': 'Issued', 'messages': []}, 'description': {'status': 'valid', 'raw_value': 'New 3-Story SFR (6147 sq. ft.) w/ attached 2-car garage and', 'normalized_value': 'New 3-Story SFR (6147 sq. ft.) w/ attached 2-car garage and', 'messages': []}, 'address': {'status': 'valid', 'raw_value': '3,430 HERMOSA AVE', 'normalized_value': '3,430 HERMOSA AVE', 'messages': []}, 'parcel_number': {'status': 'valid', 'raw_value': '4181-033-015', 'normalized_value': '4181-033-015', 'messages': []}, 'paid_fee': {'status': 'valid', 'raw_value': '$829.00', 'normalized_value': 829.0, 'messages': []}, 'fee': {'status': 'valid', 'raw_value': '$829.00', 'normalized_value': 829.0, 'messages': []}, 'valuation': {'status': 'missing', 'raw_value': None, 'normalized_value': None, 'messages': ['Field is missing']}, 'permit_type': {'status': 'valid', 'raw_value': 'Plumbing OTC', 'normalized_value': 'Plumbing OTC', 'messages': []}, 'sub_type': {'status': 'valid', 'raw_value': 'Over The Counter', 'normalized_value': 'Over The Counter', 'messages': []}}, 'validated_at': '2026-06-24T21:33:12.584537+00:00'}",valid,valid,valid,valid,valid,valid,valid,valid,valid,valid,missing,P,2_999,2_999,missing,mechanical,sub_type,Over The Counter,,1,Over The Counter,cluster_majority,clustering,1.0,3,17,17
run_20260624_213303_698_row_000106,run_20260624_213303_698,run_20260624_213303_698_input,run_20260624_213303_698_csv,106,P25-00146,Issued,New 1 of 2 Unit condominium Unit 1 detached,921 5TH ST,4186-015-005,"$1,016.00",,,Plumbing OTC,Over The Counter,Plumbing OTC,Over The Counter,P25-00146,Issued,New 1 of 2 Unit condominium Unit 1 detached,921 5TH ST,4186-015-005,1016.0,,,Plumbing OTC,Over The Counter,"{'record_status': 'valid', 'fields': {'permit_number': {'status': 'valid', 'raw_value': 'P25-00146', 'normalized_value': 'P25-00146', 'messages': []}, 'status': {'status': 'valid', 'raw_value': 'Issued', 'normalized_value': 'Issued', 'messages': []}, 'description': {'status': 'valid', 'raw_value': 'New 1 of 2 Unit condominium Unit 1 detached', 'normalized_value': 'New 1 of 2 Unit condominium Unit 1 detached', 'messages': []}, 'address': {'status': 'valid', 'raw_value': '921 5TH ST', 'normalized_value': '921 5TH ST', 'messages': []}, 'parcel_number': {'status': 'valid', 'raw_value': '4186-015-005', 'normalized_value': '4186-015-005', 'messages': []}, 'paid_fee': {'status': 'valid', 'raw_value': '$1,016.00', 'normalized_value': 1016.0, 'messages': []}, 'fee': {'status': 'missing', 'raw_value': None, 'normalized_value': None, 'messages': ['Field is missing']}, 'valuation': {'status': 'missing', 'raw_value': None, 'normalized_value': None, 'messages': ['Field is missing']}, 'permit_type': {'status': 'valid', 'raw_value': 'Plumbing OTC', 'normalized_value': 'Plumbing OTC', 'messages': []}, 'sub_type': {'status': 'valid', 'raw_value': 'Over The Counter', 'normalized_value': 'Over The Counter', 'messages': []}}, 'validated_at': '2026-06-24T21:33:12.584670+00:00'}",valid,valid,valid,missing,valid,valid,valid,valid,valid,valid,missing,P,1000_9999,missing,missing,mechanical,sub_type,Over The Counter,,1,Over The Counter,cluster_majority,clustering,1.0,5,9,9
run_20260624_213303_698_row_000107,run_20260624_213303_698,run_20260624_213303_698_input,run_20260624_213303_698_csv,107,P25-00148,Issued,New 1 of 2 Unit condominium Unit 2 detached,923 5th ST,4186-015-005,"$1,016.00",,,Plumbing OTC,Over The Counter,Plumbing OTC,Over The Counter,P25-00148,Issued,New 1 of 2 Unit condominium Unit 2 detached,923 5th ST,4186-015-005,1016.0,,,Plumbing OTC,Over The Counter,"{'record_status': 'valid', 'fields': {'permit_number': {'status': 'valid', 'raw_value': 'P25-00148', 'normalized_value': 'P25-00148', 'messages': []}, 'status': {'status': 'valid', 'raw_value': 'Issued', 'normalized_value': 'Issued', 'messages': []}, 'description': {'status': 'valid', 'raw_value': 'New 1 of 2 Unit condominium Unit 2 detached', 'normalized_value': 'New 1 of 2 Unit condominium Unit 2 detached', 'messages': []}, 'address': {'status': 'valid', 'raw_value': '923 5th ST', 'normalized_value': '923 5th ST', 'messages': []}, 'parcel_number': {'status': 'valid', 'raw_value': '4186-015-005', 'normalized_value': '4186-015-005', 'messages': []}, 'paid_fee': {'status': 'valid', 'raw_value': '$1,016.00', 'normalized_value': 1016.0, 'messages': []}, 'fee': {'status': 'missing', 'raw_value': None, 'normalized_value': None, 'messages': ['Field is missing']}, 'valuation': {'status': 'missing', 'raw_value': None, 'normalized_value': None, 'messages': ['Field is missing']}, 'permit_type': {'status': 'valid', 'raw_value': 'Plumbing OTC', 'normalized_value': 'Plumbing OTC', 'messages': []}, 'sub_type': {'status': 'valid', 'raw_value': 'Over The Counter', 'normalized_value': 'Over The Counter', 'messages': []}}, 'validated_at': '2026-06-24T21:33:12.584811+00:00'}",valid,valid,valid,missing,valid,valid,valid,valid,valid,valid,missing,P,1000_9999,missing,missing,mechanical,sub_type,Over The Counter,,1,Over The Counter,cluster_majority,clustering,1.0,5,9,9
run_20260624_213303_698_row_000108,run_20260624_213303_698,run_20260624_213303_698_input,run_20260624_213303_698_csv,108,P25-00154,Issued,Interior tenant improvement to become a medical office,"2,200 PACIFIC COAST HWY 214",4184-014-089,$325.00,,,Plumbing OTC,Over The Counter,Plumbing OTC,Over The Counter,P25-00154,Issued,Interior tenant improvement to become a medical office,"2,200 PACIFIC COAST HWY 214",4184-014-089,325.0,,,Plumbing OTC,Over The Counter,"{'record_status': 'valid', 'fields': {'permit_number': {'status': 'valid', 'raw_value': 'P25-00154', 'normalized_value': 'P25-00154', 'messages': []}, 'status': {'status': 'valid', 'raw_value': 'Issued', 'normalized_value': 'Issued', 'messages': []}, 'description': {'status': 'valid', 'raw_value': 'Interior tenant improvement to become a medical office', 'normalized_value': 'Interior tenant improvement to become a medical office', 'messages': []}, 'address': {'status': 'valid', 'raw_value': '2,200 PACIFIC COAST HWY 214', 'normalized_value': '2,200 PACIFIC COAST HWY 214', 'messages': []}, 'parcel_number': {'status': 'valid', 'raw_value': '4184-014-089', 'normalized_value': '4184-014-089', 'messages': []}, 'paid_fee': {'status': 'valid', 'raw_value': '$325.00', 'normalized_value': 325.0, 'messages': []}, 'fee': {'status': 'missing', 'raw_value': None, 'normalized_value': None, 'messages': ['Field is missing']}, 'valuation': {'status': 'missing', 'raw_value': None, 'normalized_value': None, 'messages': ['Field is missing']}, 'permit_type': {'status': 'valid', 'raw_value': 'Plumbing OTC', 'normalized_value': 'Plumbing OTC', 'messages': []}, 'sub_type': {'status': 'valid', 'raw_value': 'Over The Counter', 'normalized_value': 'Over The Counter', 'messages': []}}, 'validated_at': '2026-06-24T21:33:12.584960+00:00'}",valid,valid,valid,missing,valid,valid,valid,valid,valid,valid,missing,P,2_999,missing,missing,remodel,sub_type,Over The Counter,Over The Counter,0,,not_applicable,clustering,,,,
run_20260624_213303_698_row_000109,run_20260624_213303_698,run_20260624_213303_698_input,run_20260624_213303_698_csv,109,P25-00157,Issued,"Interior bathroom remodeling, to include a removal of a linen closet,",912 MONTEREY BLVD 1,4187-013-039,$188.00,$188.00,,Plumbing OTC,Over The Counter,Plumbing OTC,Over The Counter,P25-00157,Issued,"Interior bathroom remodeling, to include a removal of a linen closet,",912 MONTEREY BLVD 1,4187-013-039,188.0,188.0,,Plumbing OTC,Over The Counter,"{'record_status': 'valid', 'fields': {'permit_number': {'status': 'valid', 'raw_value': 'P25-00157', 'normalized_value': 'P25-00157', 'messages': []}, 'status': {'status': 'valid', 'raw_value': 'Issued', 'normalized_value': 'Issued', 'messages': []}, 'description': {'status': 'valid', 'raw_value': 'Interior bathroom remodeling, to include a removal of a linen closet,', 'normalized_value': 'Interior bathroom remodeling, to include a removal of a linen closet,', 'messages': []}, 'address': {'status': 'valid', 'raw_value': '912 MONTEREY BLVD 1', 'normalized_value': '912 MONTEREY BLVD 1', 'messages': []}, 'parcel_number': {'status': 'valid', 'raw_value': '4187-013-039', 'normalized_value': '4187-013-039', 'messages': []}, 'paid_fee': {'status': 'valid', 'raw_value': '$188.00', 'normalized_value': 188.0, 'messages': []}, 'fee': {'status': 'valid', 'raw_value': '$188.00', 'normalized_value': 188.0, 'messages': []}, 'valuation': {'status': 'missing', 'raw_value': None, 'normalized_value': None, 'messages': ['Field is missing']}, 'permit_type': {'status': 'valid', 'raw_value': 'Plumbing OTC', 'normalized_value': 'Plumbing OTC', 'messages': []}, 'sub_type': {'status': 'valid', 'raw_value': 'Over The Counter', 'normalized_value': 'Over The Counter', 'messages': []}}, 'validated_at': '2026-06-24T21:33:12.585107+00:00'}",valid,valid,valid,valid,valid,valid,valid,valid,valid,valid,missing,P,2_999,2_999,missing,remodel,sub_type,Over The Counter,,1,Over The Counter,cluster_majority,clustering,1.0,3,17,17
run_20260624_213303_698_row_000110,run_20260624_213303_698,run_20260624_213303_698_input,run_20260624_213303_698_csv,110,P25-00158,Issued,"Interior remodel, exterior recladding and new roof","2,415 MYRTLE AVE",4182-013-032,"$1,203.00",,,Plumbing OTC,Over The Counter,Plumbing OTC,Over The Counter,P25-00158,Issued,"Interior remodel, exterior recladding and new roof","2,415 MYRTLE AVE",4182-013-032,1203.0,,,Plumbing OTC,Over The Counter,"{'record_status': 'valid', 'fields': {'permit_number': {'status': 'valid', 'raw_value': 'P25-00158', 'normalized_value': 'P25-00158', 'messages': []}, 'status': {'status': 'valid', 'raw_value': 'Issued', 'normalized_value': 'Issued', 'messages': []}, 'description': {'status': 'valid', 'raw_value': 'Interior remodel, exterior recladding and new roof', 'normalized_value': 'Interior remodel, exterior recladding and new roof', 'messages': []}, 'address': {'status': 'valid', 'raw_value': '2,415 MYRTLE AVE', 'normalized_value': '2,415 MYRTLE AVE', 'messages': []}, 'parcel_number': {'status': 'valid', 'raw_value': '4182-013-032', 'normalized_value': '4182-013-032', 'messages': []}, 'paid_fee': {'status': 'valid', 'raw_value': '$1,203.00', 'normalized_value': 1203.0, 'messages': []}, 'fee': {'status': 'missing', 'raw_value': None, 'normalized_value': None, 'messages': ['Field is missing']}, 'valuation': {'status': 'missing', 'raw_value': None, 'normalized_value': None, 'messages': ['Field is missing']}, 'permit_type': {'status': 'valid', 'raw_value': 'Plumbing OTC', 'normalized_value': 'Plumbing OTC', 'messages': []}, 'sub_type': {'status': 'valid', 'raw_value': 'Over The Counter', 'normalized_value': 'Over The Counter', 'messages': []}}, 'validated_at': '2026-06-24T21:33:12.585268+00:00'}",valid,valid,valid,missing,valid,valid,valid,valid,valid,valid,missing,P,1000_9999,missing,missing,roof+remodel,sub_type,Over The Counter,Over The Counter,0,,not_applicable,clustering,,,,
run_20260624_213303_698_row_000111,run_20260624_213303_698,run_20260624_213303_698_input,run_20260624_213303_698_csv,111,P25-00159,Issued,CIPP line sewer lateral to city main for 85ft total (Private property,640 GOULD AVE,4169-037-011,$145.00,$145.00,,Plumbing OTC,Over The Counter,Plumbing OTC,Over The Counter,P25-00159,Issued,CIPP line sewer lateral to city main for 85ft total (Private property,640 GOULD AVE,4169-037-011,145.0,145.0,,Plumbing OTC,Over The Counter,"{'record_status': 'valid', 'fields': {'permit_number': {'status': 'valid', 'raw_value': 'P25-00159', 'normalized_value': 'P25-00159', 'messages': []}, 'status': {'status': 'valid', 'raw_value': 'Issued', 'normalized_value': 'Issued', 'messages': []}, 'description': {'status': 'valid', 'raw_value': 'CIPP line sewer lateral to city main for 85ft total (Private property', 'normalized_value': 'CIPP line sewer lateral to city main for 85ft total (Private property', 'messages': []}, 'address': {'status': 'valid', 'raw_value': '640 GOULD AVE', 'normalized_value': '640 GOULD AVE', 'messages': []}, 'parcel_number': {'status': 'valid', 'raw_value': '4169-037-011', 'normalized_value': '4169-037-011', 'messages': []}, 'paid_fee': {'status': 'valid', 'raw_value': '$145.00', 'normalized_value': 145.0, 'messages': []}, 'fee': {'status': 'valid', 'raw_value': '$145.00', 'normalized_value': 145.0, 'messages': []}, 'valuation': {'status': 'missing', 'raw_value': None, 'normalized_value': None, 'messages': ['Field is missing']}, 'permit_type': {'status': 'valid', 'raw_value': 'Plumbing OTC', 'normalized_value': 'Plumbing OTC', 'messages': []}, 'sub_type': {'status': 'valid', 'raw_value': 'Over The Counter', 'normalized_value': 'Over The Counter', 'messages': []}}, 'validated_at': '2026-06-24T21:33:12.585425+00:00'}",valid,valid,valid,valid,valid,valid,valid,valid,valid,valid,missing,P,2_999,2_999,missing,other,sub_type,Over The Counter,,1,Over The Counter,cluster_majority,clustering,1.0,3,17,17
run_20260624_213303_698_row_000112,run_20260624_213303_698,run_20260624_213303_698_input,run_20260624_213303_698_csv,112,P25-00160,Finaled,"Pex-A Re-Pipe of entire home, 12 fixtures, 2-hose bibs. Replace 50","1,284 7TH ST",4160-029-038,$128.00,$128.00,,Plumbing OTC,Over The Counter,Plumbing OTC,Over The Counter,P25-00160,Finaled,"Pex-A Re-Pipe of entire home, 12 fixtures, 2-hose bibs. Replace 50","1,284 7TH ST",4160-029-038,128.0,128.0,,Plumbing OTC,Over The Counter,"{'record_status': 'valid', 'fields': {'permit_number': {'status': 'valid', 'raw_value': 'P25-00160', 'normalized_value': 'P25-00160', 'messages': []}, 'status': {'status': 'valid', 'raw_value': 'Finaled', 'normalized_value': 'Finaled', 'messages': []}, 'description': {'status': 'valid', 'raw_value': 'Pex-A Re-Pipe of entire home, 12 fixtures, 2-hose bibs. Replace 50', 'normalized_value': 'Pex-A Re-Pipe of entire home, 12 fixtures, 2-hose bibs. Replace 50', 'messages': []}, 'address': {'status': 'valid', 'raw_value': '1,284 7TH ST', 'normalized_value': '1,284 7TH ST', 'messages': []}, 'parcel_number': {'status': 'valid', 'raw_value': '4160-029-038', 'normalized_value': '4160-029-038', 'messages': []}, 'paid_fee': {'status': 'valid', 'raw_value': '$128.00', 'normalized_value': 128.0, 'messages': []}, 'fee': {'status': 'valid', 'raw_value': '$128.00', 'normalized_value': 128.0, 'messages': []}, 'valuation': {'status': 'missing', 'raw_value': None, 'normalized_value': None, 'messages': ['Field is missing']}, 'permit_type': {'status': 'valid', 'raw_value': 'Plumbing OTC', 'normalized_value': 'Plumbing OTC', 'messages': []}, 'sub_type': {'status': 'valid', 'raw_value': 'Over The Counter', 'normalized_value': 'Over The Counter', 'messages': []}}, 'validated_at': '2026-06-24T21:33:12.585573+00:00'}",valid,valid,valid,valid,valid,valid,valid,valid,valid,valid,missing,P,2_999,2_999,missing,mechanical,sub_type,Over The Counter,Over The Counter,0,,not_applicable,clustering,,,,
run_20260624_213303_698_row_000113,run_20260624_213303_698,run_20260624_213303_698_input,run_20260624_213303_698_csv,113,P25-00161,Issued,New swimming pool and spa with automatic pool and spa cover in,662 25TH ST,4184-018-007,$130.00,$130.00,,Plumbing OTC,Over The Counter,Plumbing OTC,Over The Counter,P25-00161,Issued,New swimming pool and spa with automatic pool and spa cover in,662 25TH ST,4184-018-007,130.0,130.0,,Plumbing OTC,Over The Counter,"{'record_status': 'valid', 'fields': {'permit_number': {'status': 'valid', 'raw_value': 'P25-00161', 'normalized_value': 'P25-00161', 'messages': []}, 'status': {'status': 'valid', 'raw_value': 'Issued', 'normalized_value': 'Issued', 'messages': []}, 'description': {'status': 'valid', 'raw_value': 'New swimming pool and spa with automatic pool and spa cover in', 'normalized_value': 'New swimming pool and spa with automatic pool and spa cover in', 'messages': []}, 'address': {'status': 'valid', 'raw_value': '662 25TH ST', 'normalized_value': '662 25TH ST', 'messages': []}, 'parcel_number': {'status': 'valid', 'raw_value': '4184-018-007', 'normalized_value': '4184-018-007', 'messages': []}, 'paid_fee': {'status': 'valid', 'raw_value': '$130.00', 'normalized_value': 130.0, 'messages': []}, 'fee': {'status': 'valid', 'raw_value': '$130.00', 'normalized_value': 130.0, 'messages': []}, 'valuation': {'status': 'missing', 'raw_value': None, 'normalized_value': None, 'messages': ['Field is missing']}, 'permit_type': {'status': 'valid', 'raw_value': 'Plumbing OTC', 'normalized_value': 'Plumbing OTC', 'messages': []}, 'sub_type': {'status': 'valid', 'raw_value': 'Over The Counter', 'normalized_value': 'Over The Counter', 'messages': []}}, 'validated_at': '2026-06-24T21:33:12.585726+00:00'}",valid,valid,valid,valid,valid,valid,valid,valid,valid,valid,missing,P,2_999,2_999,missing,pool,sub_type,Over The Counter,Over The Counter,0,,not_applicable,clustering,,,,
run_20260624_213303_698_row_000114,run_20260624_213303_698,run_20260624_213303_698_input,run_20260624_213303_698_csv,114,P25-00162,Issued,"All new windows, and new powder room withing existing square",646 LONGFELLOW AVE,4169-030-002,$145.00,$145.00,,Plumbing OTC,Over The Counter,Plumbing OTC,Over The Counter,P25-00162,Issued,"All new windows, and new powder room withing existing square",646 LONGFELLOW AVE,4169-030-002,145.0,145.0,,Plumbing OTC,Over The Counter,"{'record_status': 'valid', 'fields': {'permit_number': {'status': 'valid', 'raw_value': 'P25-00162', 'normalized_value': 'P25-00162', 'messages': []}, 'status': {'status': 'valid', 'raw_value': 'Issued', 'normalized_value': 'Issued', 'messages': []}, 'description': {'status': 'valid', 'raw_value': 'All new windows, and new powder room withing existing square', 'normalized_value': 'All new windows, and new powder room withing existing square', 'messages': []}, 'address': {'status': 'valid', 'raw_value': '646 LONGFELLOW AVE', 'normalized_value': '646 LONGFELLOW AVE', 'messages': []}, 'parcel_number': {'status': 'valid', 'raw_value': '4169-030-002', 'normalized_value': '4169-030-002', 'messages': []}, 'paid_fee': {'status': 'valid', 'raw_value': '$145.00', 'normalized_value': 145.0, 'messages': []}, 'fee': {'status': 'valid', 'raw_value': '$145.00', 'normalized_value': 145.0, 'messages': []}, 'valuation': {'status': 'missing', 'raw_value': None, 'normalized_value': None, 'messages': ['Field is missing']}, 'permit_type': {'status': 'valid', 'raw_value': 'Plumbing OTC', 'normalized_value': 'Plumbing OTC', 'messages': []}, 'sub_type': {'status': 'valid', 'raw_value': 'Over The Counter', 'normalized_value': 'Over The Counter', 'messages': []}}, 'validated_at': '2026-06-24T21:33:12.585880+00:00'}",valid,valid,valid,valid,valid,valid,valid,valid,valid,valid,missing,P,2_999,2_999,missing,other,sub_type,Over The Counter,Over The Counter,0,,not_applicable,clustering,,,,
run_20260624_213303_698_row_000115,run_20260624_213303_698,run_20260624_213303_698_input,run_20260624_213303_698_csv,115,P25-00163,Finaled,Kitchen remodel and drywall repair due to water damage. (Same,417 Longfellow AVE,4181-011-008,$128.00,$128.00,,Plumbing OTC,Over The Counter,Plumbing OTC,Over The Counter,P25-00163,Finaled,Kitchen remodel and drywall repair due to water damage. (Same,417 Longfellow AVE,4181-011-008,128.0,128.0,,Plumbing OTC,Over The Counter,"{'record_status': 'valid', 'fields': {'permit_number': {'status': 'valid', 'raw_value': 'P25-00163', 'normalized_value': 'P25-00163', 'messages': []}, 'status': {'status': 'valid', 'raw_value': 'Finaled', 'normalized_value': 'Finaled', 'messages': []}, 'description': {'status': 'valid', 'raw_value': 'Kitchen remodel and drywall repair due to water damage. (Same', 'normalized_value': 'Kitchen remodel and drywall repair due to water damage. (Same', 'messages': []}, 'address': {'status': 'valid', 'raw_value': '417 Longfellow AVE', 'normalized_value': '417 Longfellow AVE', 'messages': []}, 'parcel_number': {'status': 'valid', 'raw_value': '4181-011-008', 'normalized_value': '4181-011-008', 'messages': []}, 'paid_fee': {'status': 'valid', 'raw_value': '$128.00', 'normalized_value': 128.0, 'messages': []}, 'fee': {'status': 'valid', 'raw_value': '$128.00', 'normalized_value': 128.0, 'messages': []}, 'valuation': {'status': 'missing', 'raw_value': None, 'normalized_value': None, 'messages': ['Field is missing']}, 'permit_type': {'status': 'valid', 'raw_value': 'Plumbing OTC', 'normalized_value': 'Plumbing OTC', 'messages': []}, 'sub_type': {'status': 'valid', 'raw_value': 'Over The Counter', 'normalized_value': 'Over The Counter', 'messages': []}}, 'validated_at': '2026-06-24T21:33:12.586033+00:00'}",valid,valid,valid,valid,valid,valid,valid,valid,valid,valid,missing,P,2_999,2_999,missing,remodel,sub_type,Over The Counter,,1,Over The Counter,cluster_majority,clustering,1.0,3,17,17
run_20260624_213303_698_row_000116,run_20260624_213303_698,run_20260624_213303_698_input,run_20260624_213303_698_csv,116,P25-00164,Issued,"Remodel: New cabinets in master bath, guest bath, powder room",621 1ST PL,4188-022-059,$505.00,$505.00,,Plumbing OTC,Over The Counter,Plumbing OTC,Over The Counter,P25-00164,Issued,"Remodel: New cabinets in master bath, guest bath, powder room",621 1ST PL,4188-022-059,505.0,505.0,,Plumbing OTC,Over The Counter,"{'record_status': 'valid', 'fields': {'permit_number': {'status': 'valid', 'raw_value': 'P25-00164', 'normalized_value': 'P25-00164', 'messages': []}, 'status': {'status': 'valid', 'raw_value': 'Issued', 'normalized_value': 'Issued', 'messages': []}, 'description': {'status': 'valid', 'raw_value': 'Remodel: New cabinets in master bath, guest bath, powder room', 'normalized_value': 'Remodel: New cabinets in master bath, guest bath, powder room', 'messages': []}, 'address': {'status': 'valid', 'raw_value': '621 1ST PL', 'normalized_value': '621 1ST PL', 'messages': []}, 'parcel_number': {'status': 'valid', 'raw_value': '4188-022-059', 'normalized_value': '4188-022-059', 'messages': []}, 'paid_fee': {'status': 'valid', 'raw_value': '$505.00', 'normalized_value': 505.0, 'messages': []}, 'fee': {'status': 'valid', 'raw_value': '$505.00', 'normalized_value': 505.0, 'messages': []}, 'valuation': {'status': 'missing', 'raw_value': None, 'normalized_value': None, 'messages': ['Field is missing']}, 'permit_type': {'status': 'valid', 'raw_value': 'Plumbing OTC', 'normalized_value': 'Plumbing OTC', 'messages': []}, 'sub_type': {'status': 'valid', 'raw_value': 'Over The Counter', 'normalized_value': 'Over The Counter', 'messages': []}}, 'validated_at': '2026-06-24T21:33:12.586187+00:00'}",valid,valid,valid,valid,valid,valid,valid,valid,valid,valid,missing,P,2_999,2_999,missing,remodel,sub_type,Over The Counter,Over The Counter,0,,not_applicable,clustering,,,,
run_20260624_213303_698_row_000117,run_20260624_213303_698,run_20260624_213303_698_input,run_20260624_213303_698_csv,117,P25-00165,Issued,Add five ADUs in existing covered parking of apartment building .,720 21ST ST,4184-025-022,$975.00,$975.00,,Plumbing OTC,Over The Counter,Plumbing OTC,Over The Counter,P25-00165,Issued,Add five ADUs in existing covered parking of apartment building .,720 21ST ST,4184-025-022,975.0,975.0,,Plumbing OTC,Over The Counter,"{'record_status': 'valid', 'fields': {'permit_number': {'status': 'valid', 'raw_value': 'P25-00165', 'normalized_value': 'P25-00165', 'messages': []}, 'status': {'status': 'valid', 'raw_value': 'Issued', 'normalized_value': 'Issued', 'messages': []}, 'description': {'status': 'valid', 'raw_value': 'Add five ADUs in existing covered parking of apartment building .', 'normalized_value': 'Add five ADUs in existing covered parking of apartment building .', 'messages': []}, 'address': {'status': 'valid', 'raw_value': '720 21ST ST', 'normalized_value': '720 21ST ST', 'messages': []}, 'parcel_number': {'status': 'valid', 'raw_value': '4184-025-022', 'normalized_value': '4184-025-022', 'messages': []}, 'paid_fee': {'status': 'valid', 'raw_value': '$975.00', 'normalized_value': 975.0, 'messages': []}, 'fee': {'status': 'valid', 'raw_value': '$975.00', 'normalized_value': 975.0, 'messages': []}, 'valuation': {'status': 'missing', 'raw_value': None, 'normalized_value': None, 'messages': ['Field is missing']}, 'permit_type': {'status': 'valid', 'raw_value': 'Plumbing OTC', 'normalized_value': 'Plumbing OTC', 'messages': []}, 'sub_type': {'status': 'valid', 'raw_value': 'Over The Counter', 'normalized_value': 'Over The Counter', 'messages': []}}, 'validated_at': '2026-06-24T21:33:12.586399+00:00'}",valid,valid,valid,valid,valid,valid,valid,valid,valid,valid,missing,P,2_999,2_999,missing,other,sub_type,Over The Counter,Over The Counter,0,,not_applicable,clustering,,,,
run_20260624_213303_698_row_000118,run_20260624_213303_698,run_20260624_213303_698_input,run_20260624_213303_698_csv,118,P25-00166,Issued,Remodel of 3 bathrooms,"1,240 17TH ST",4185-023-051,$355.00,,,Plumbing OTC,Over The Counter,Plumbing OTC,Over The Counter,P25-00166,Issued,Remodel of 3 bathrooms,"1,240 17TH ST",4185-023-051,355.0,,,Plumbing OTC,Over The Counter,"{'record_status': 'valid', 'fields': {'permit_number': {'status': 'valid', 'raw_value': 'P25-00166', 'normalized_value': 'P25-00166', 'messages': []}, 'status': {'status': 'valid', 'raw_value': 'Issued', 'normalized_value': 'Issued', 'messages': []}, 'description': {'status': 'valid', 'raw_value': 'Remodel of 3 bathrooms', 'normalized_value': 'Remodel of 3 bathrooms', 'messages': []}, 'address': {'status': 'valid', 'raw_value': '1,240 17TH ST', 'normalized_value': '1,240 17TH ST', 'messages': []}, 'parcel_number': {'status': 'valid', 'raw_value': '4185-023-051', 'normalized_value': '4185-023-051', 'messages': []}, 'paid_fee': {'status': 'valid', 'raw_value': '$355.00', 'normalized_value': 355.0, 'messages': []}, 'fee': {'status': 'missing', 'raw_value': None, 'normalized_value': None, 'messages': ['Field is missing']}, 'valuation': {'status': 'missing', 'raw_value': None, 'normalized_value': None, 'messages': ['Field is missing']}, 'permit_type': {'status': 'valid', 'raw_value': 'Plumbing OTC', 'normalized_value': 'Plumbing OTC', 'messages': []}, 'sub_type': {'status': 'valid', 'raw_value': 'Over The Counter', 'normalized_value': 'Over The Counter', 'messages': []}}, 'validated_at': '2026-06-24T21:33:12.586551+00:00'}",valid,valid,valid,missing,valid,valid,valid,valid,valid,valid,missing,P,2_999,missing,missing,remodel,sub_type,Over The Counter,Over The Counter,0,,not_applicable,clustering,,,,
run_20260624_213303_698_row_000119,run_20260624_213303_698,run_20260624_213303_698_input,run_20260624_213303_698_csv,119,P25-00167,Issued,Re-Piping with Pex. 3/12 baths and Kitchen.,144 MANHATTAN AVE,4188-013-089,$130.00,,,Plumbing OTC,Over The Counter,Plumbing OTC,Over The Counter,P25-00167,Issued,Re-Piping with Pex. 3/12 baths and Kitchen.,144 MANHATTAN AVE,4188-013-089,130.0,,,Plumbing OTC,Over The Counter,"{'record_status': 'valid', 'fields': {'permit_number': {'status': 'valid', 'raw_value': 'P25-00167', 'normalized_value': 'P25-00167', 'messages': []}, 'status': {'status': 'valid', 'raw_value': 'Issued', 'normalized_value': 'Issued', 'messages': []}, 'description': {'status': 'valid', 'raw_value': 'Re-Piping with Pex. 3/12 baths and Kitchen.', 'normalized_value': 'Re-Piping with Pex. 3/12 baths and Kitchen.', 'messages': []}, 'address': {'status': 'valid', 'raw_value': '144 MANHATTAN AVE', 'normalized_value': '144 MANHATTAN AVE', 'messages': []}, 'parcel_number': {'status': 'valid', 'raw_value': '4188-013-089', 'normalized_value': '4188-013-089', 'messages': []}, 'paid_fee': {'status': 'valid', 'raw_value': '$130.00', 'normalized_value': 130.0, 'messages': []}, 'fee': {'status': 'missing', 'raw_value': None, 'normalized_value': None, 'messages': ['Field is missing']}, 'valuation': {'status': 'missing', 'raw_value': None, 'normalized_value': None, 'messages': ['Field is missing']}, 'permit_type': {'status': 'valid', 'raw_value': 'Plumbing OTC', 'normalized_value': 'Plumbing OTC', 'messages': []}, 'sub_type': {'status': 'valid', 'raw_value': 'Over The Counter', 'normalized_value': 'Over The Counter', 'messages': []}}, 'validated_at': '2026-06-24T21:33:12.586692+00:00'}",valid,valid,valid,missing,valid,valid,valid,valid,valid,valid,missing,P,2_999,missing,missing,other,sub_type,Over The Counter,,1,Over The Counter,cluster_majority,clustering,0.75,1,16,12
run_20260624_213303_698_row_000120,run_20260624_213303_698,run_20260624_213303_698_input,run_20260624_213303_698_csv,120,P25-00168,Issued,Remodel of a single family residence with a addition of 142 sq ft.,846 18TH ST,4185-002-016,$806.00,$806.00,,Plumbing OTC,Over The Counter,Plumbing OTC,Over The Counter,P25-00168,Issued,Remodel of a single family residence with a addition of 142 sq ft.,846 18TH ST,4185-002-016,806.0,806.0,,Plumbing OTC,Over The Counter,"{'record_status': 'valid', 'fields': {'permit_number': {'status': 'valid', 'raw_value': 'P25-00168', 'normalized_value': 'P25-00168', 'messages': []}, 'status': {'status': 'valid', 'raw_value': 'Issued', 'normalized_value': 'Issued', 'messages': []}, 'description': {'status': 'valid', 'raw_value': 'Remodel of a single family residence with a addition of 142 sq ft.', 'normalized_value': 'Remodel of a single family residence with a addition of 142 sq ft.', 'messages': []}, 'address': {'status': 'valid', 'raw_value': '846 18TH ST', 'normalized_value': '846 18TH ST', 'messages': []}, 'parcel_number': {'status': 'valid', 'raw_value': '4185-002-016', 'normalized_value': '4185-002-016', 'messages': []}, 'paid_fee': {'status': 'valid', 'raw_value': '$806.00', 'normalized_value': 806.0, 'messages': []}, 'fee': {'status': 'valid', 'raw_value': '$806.00', 'normalized_value': 806.0, 'messages': []}, 'valuation': {'status': 'missing', 'raw_value': None, 'normalized_value': None, 'messages': ['Field is missing']}, 'permit_type': {'status': 'valid', 'raw_value': 'Plumbing OTC', 'normalized_value': 'Plumbing OTC', 'messages': []}, 'sub_type': {'status': 'valid', 'raw_value': 'Over The Counter', 'normalized_value': 'Over The Counter', 'messages': []}}, 'validated_at': '2026-06-24T21:33:12.586840+00:00'}",valid,valid,valid,valid,valid,valid,valid,valid,valid,valid,missing,P,2_999,2_999,missing,remodel+addition,sub_type,Over The Counter,,1,Over The Counter,cluster_majority,clustering,1.0,3,17,17
run_20260624_213303_698_row_000121,run_20260624_213303_698,run_20260624_213303_698_input,run_20260624_213303_698_csv,121,P25-00169,Issued,"Interior remodel including removal of fireplace in master bedroom,",850 17TH ST,4185-005-004,$235.00,$235.00,,Plumbing OTC,Over The Counter,Plumbing OTC,Over The Counter,P25-00169,Issued,"Interior remodel including removal of fireplace in master bedroom,",850 17TH ST,4185-005-004,235.0,235.0,,Plumbing OTC,Over The Counter,"{'record_status': 'valid', 'fields': {'permit_number': {'status': 'valid', 'raw_value': 'P25-00169', 'normalized_value': 'P25-00169', 'messages': []}, 'status': {'status': 'valid', 'raw_value': 'Issued', 'normalized_value': 'Issued', 'messages': []}, 'description': {'status': 'valid', 'raw_value': 'Interior remodel including removal of fireplace in master bedroom,', 'normalized_value': 'Interior remodel including removal of fireplace in master bedroom,', 'messages': []}, 'address': {'status': 'valid', 'raw_value': '850 17TH ST', 'normalized_value': '850 17TH ST', 'messages': []}, 'parcel_number': {'status': 'valid', 'raw_value': '4185-005-004', 'normalized_value': '4185-005-004', 'messages': []}, 'paid_fee': {'status': 'valid', 'raw_value': '$235.00', 'normalized_value': 235.0, 'messages': []}, 'fee': {'status': 'valid', 'raw_value': '$235.00', 'normalized_value': 235.0, 'messages': []}, 'valuation': {'status': 'missing', 'raw_value': None, 'normalized_value': None, 'messages': ['Field is missing']}, 'permit_type': {'status': 'valid', 'raw_value': 'Plumbing OTC', 'normalized_value': 'Plumbing OTC', 'messages': []}, 'sub_type': {'status': 'valid', 'raw_value': 'Over The Counter', 'normalized_value': 'Over The Counter', 'messages': []}}, 'validated_at': '2026-06-24T21:33:12.587032+00:00'}",valid,valid,valid,valid,valid,valid,valid,valid,valid,valid,missing,P,2_999,2_999,missing,mechanical+remodel,sub_type,Over The Counter,Over The Counter,0,,not_applicable,clustering,,,,
run_20260624_213303_698_row_000122,run_20260624_213303_698,run_20260624_213303_698_input,run_20260624_213303_698_csv,122,P25-00170,Issued,"Bathroom remodel, drywall repair as needed, new tile replace tub,","1,529 PROSPECT AVE",4185-010-021,$235.00,$235.00,,Plumbing OTC,Over The Counter,Plumbing OTC,Over The Counter,P25-00170,Issued,"Bathroom remodel, drywall repair as needed, new tile replace tub,","1,529 PROSPECT AVE",4185-010-021,235.0,235.0,,Plumbing OTC,Over The Counter,"{'record_status': 'valid', 'fields': {'permit_number': {'status': 'valid', 'raw_value': 'P25-00170', 'normalized_value': 'P25-00170', 'messages': []}, 'status': {'status': 'valid', 'raw_value': 'Issued', 'normalized_value': 'Issued', 'messages': []}, 'description': {'status': 'valid', 'raw_value': 'Bathroom remodel, drywall repair as needed, new tile replace tub,', 'normalized_value': 'Bathroom remodel, drywall repair as needed, new tile replace tub,', 'messages': []}, 'address': {'status': 'valid', 'raw_value': '1,529 PROSPECT AVE', 'normalized_value': '1,529 PROSPECT AVE', 'messages': []}, 'parcel_number': {'status': 'valid', 'raw_value': '4185-010-021', 'normalized_value': '4185-010-021', 'messages': []}, 'paid_fee': {'status': 'valid', 'raw_value': '$235.00', 'normalized_value': 235.0, 'messages': []}, 'fee': {'status': 'valid', 'raw_value': '$235.00', 'normalized_value': 235.0, 'messages': []}, 'valuation': {'status': 'missing', 'raw_value': None, 'normalized_value': None, 'messages': ['Field is missing']}, 'permit_type': {'status': 'valid', 'raw_value': 'Plumbing OTC', 'normalized_value': 'Plumbing OTC', 'messages': []}, 'sub_type': {'status': 'valid', 'raw_value': 'Over The Counter', 'normalized_value': 'Over The Counter', 'messages': []}}, 'validated_at': '2026-06-24T21:33:12.587186+00:00'}",valid,valid,valid,valid,valid,valid,valid,valid,valid,valid,missing,P,2_999,2_999,missing,mechanical+remodel,sub_type,Over The Counter,Over The Counter,0,,not_applicable,clustering,,,,
run_20260624_213303_698_row_000123,run_20260624_213303_698,run_20260624_213303_698_input,run_20260624_213303_698_csv,123,P25-00171,Issued,Remove unpermitted partition wall in garage. Install new garage,"1,946 LOMA DR",4183-023-030,$115.00,$115.00,,Plumbing OTC,Over The Counter,Plumbing OTC,Over The Counter,P25-00171,Issued,Remove unpermitted partition wall in garage. Install new garage,"1,946 LOMA DR",4183-023-030,115.0,115.0,,Plumbing OTC,Over The Counter,"{'record_status': 'valid', 'fields': {'permit_number': {'status': 'valid', 'raw_value': 'P25-00171', 'normalized_value': 'P25-00171', 'messages': []}, 'status': {'status': 'valid', 'raw_value': 'Issued', 'normalized_value': 'Issued', 'messages': []}, 'description': {'status': 'valid', 'raw_value': 'Remove unpermitted partition wall in garage. Install new garage', 'normalized_value': 'Remove unpermitted partition wall in garage. Install new garage', 'messages': []}, 'address': {'status': 'valid', 'raw_value': '1,946 LOMA DR', 'normalized_value': '1,946 LOMA DR', 'messages': []}, 'parcel_number': {'status': 'valid', 'raw_value': '4183-023-030', 'normalized_value': '4183-023-030', 'messages': []}, 'paid_fee': {'status': 'valid', 'raw_value': '$115.00', 'normalized_value': 115.0, 'messages': []}, 'fee': {'status': 'valid', 'raw_value': '$115.00', 'normalized_value': 115.0, 'messages': []}, 'valuation': {'status': 'missing', 'raw_value': None, 'normalized_value': None, 'messages': ['Field is missing']}, 'permit_type': {'status': 'valid', 'raw_value': 'Plumbing OTC', 'normalized_value': 'Plumbing OTC', 'messages': []}, 'sub_type': {'status': 'valid', 'raw_value': 'Over The Counter', 'normalized_value': 'Over The Counter', 'messages': []}}, 'validated_at': '2026-06-24T21:33:12.587378+00:00'}",valid,valid,valid,valid,valid,valid,valid,valid,valid,valid,missing,P,2_999,2_999,missing,other,sub_type,Over The Counter,,1,Over The Counter,cluster_majority,clustering,1.0,3,17,17
run_20260624_213303_698_row_000124,run_20260624_213303_698,run_20260624_213303_698_input,run_20260624_213303_698_csv,124,P25-00172,Finaled,Boiler Replacement,"2,100 HERMOSA AVE",4182-009-001,$115.00,,,Plumbing OTC,Over The Counter,Plumbing OTC,Over The Counter,P25-00172,Finaled,Boiler Replacement,"2,100 HERMOSA AVE",4182-009-001,115.0,,,Plumbing OTC,Over The Counter,"{'record_status': 'valid', 'fields': {'permit_number': {'status': 'valid', 'raw_value': 'P25-00172', 'normalized_value': 'P25-00172', 'messages': []}, 'status': {'status': 'valid', 'raw_value': 'Finaled', 'normalized_value': 'Finaled', 'messages': []}, 'description': {'status': 'valid', 'raw_value': 'Boiler Replacement', 'normalized_value': 'Boiler Replacement', 'messages': []}, 'address': {'status': 'valid', 'raw_value': '2,100 HERMOSA AVE', 'normalized_value': '2,100 HERMOSA AVE', 'messages': []}, 'parcel_number': {'status': 'valid', 'raw_value': '4182-009-001', 'normalized_value': '4182-009-001', 'messages': []}, 'paid_fee': {'status': 'valid', 'raw_value': '$115.00', 'normalized_value': 115.0, 'messages': []}, 'fee': {'status': 'missing', 'raw_value': None, 'normalized_value': None, 'messages': ['Field is missing']}, 'valuation': {'status': 'missing', 'raw_value': None, 'normalized_value': None, 'messages': ['Field is missing']}, 'permit_type': {'status': 'valid', 'raw_value': 'Plumbing OTC', 'normalized_value': 'Plumbing OTC', 'messages': []}, 'sub_type': {'status': 'valid', 'raw_value': 'Over The Counter', 'normalized_value': 'Over The Counter', 'messages': []}}, 'validated_at': '2026-06-24T21:33:12.587524+00:00'}",valid,valid,valid,missing,valid,valid,valid,valid,valid,valid,missing,P,2_999,missing,missing,mechanical,sub_type,Over The Counter,,1,Over The Counter,cluster_majority,clustering,0.75,1,16,12
run_20260624_213303_698_row_000125,run_20260624_213303_698,run_20260624_213303_698_input,run_20260624_213303_698_csv,125,P25-00174,Issued,Fire Sprinkler System,70 10TH ST,4187-003-019,$202.00,,,Plumbing OTC,Over The Counter,Plumbing OTC,Over The Counter,P25-00174,Issued,Fire Sprinkler System,70 10TH ST,4187-003-019,202.0,,,Plumbing OTC,Over The Counter,"{'record_status': 'valid', 'fields': {'permit_number': {'status': 'valid', 'raw_value': 'P25-00174', 'normalized_value': 'P25-00174', 'messages': []}, 'status': {'status': 'valid', 'raw_value': 'Issued', 'normalized_value': 'Issued', 'messages': []}, 'description': {'status': 'valid', 'raw_value': 'Fire Sprinkler System', 'normalized_value': 'Fire Sprinkler System', 'messages': []}, 'address': {'status': 'valid', 'raw_value': '70 10TH ST', 'normalized_value': '70 10TH ST', 'messages': []}, 'parcel_number': {'status': 'valid', 'raw_value': '4187-003-019', 'normalized_value': '4187-003-019', 'messages': []}, 'paid_fee': {'status': 'valid', 'raw_value': '$202.00', 'normalized_value': 202.0, 'messages': []}, 'fee': {'status': 'missing', 'raw_value': None, 'normalized_value': None, 'messages': ['Field is missing']}, 'valuation': {'status': 'missing', 'raw_value': None, 'normalized_value': None, 'messages': ['Field is missing']}, 'permit_type': {'status': 'valid', 'raw_value': 'Plumbing OTC', 'normalized_value': 'Plumbing OTC', 'messages': []}, 'sub_type': {'status': 'valid', 'raw_value': 'Over The Counter', 'normalized_value': 'Over The Counter', 'messages': []}}, 'validated_at': '2026-06-24T21:33:12.587657+00:00'}",valid,valid,valid,missing,valid,valid,valid,valid,valid,valid,missing,P,2_999,missing,missing,other,sub_type,Over The Counter,,1,Over The Counter,cluster_majority,clustering,0.75,1,16,12
run_20260624_213303_698_row_000126,run_20260624_213303_698,run_20260624_213303_698_input,run_20260624_213303_698_csv,126,P25-00175,Issued,"Kitchen remodel to replace cabinets, fixtures, and vent. Bathroom",449 30TH ST,4181-009-025,$235.00,$235.00,,Plumbing OTC,Over The Counter,Plumbing OTC,Over The Counter,P25-00175,Issued,"Kitchen remodel to replace cabinets, fixtures, and vent. Bathroom",449 30TH ST,4181-009-025,235.0,235.0,,Plumbing OTC,Over The Counter,"{'record_status': 'valid', 'fields': {'permit_number': {'status': 'valid', 'raw_value': 'P25-00175', 'normalized_value': 'P25-00175', 'messages': []}, 'status': {'status': 'valid', 'raw_value': 'Issued', 'normalized_value': 'Issued', 'messages': []}, 'description': {'status': 'valid', 'raw_value': 'Kitchen remodel to replace cabinets, fixtures, and vent. Bathroom', 'normalized_value': 'Kitchen remodel to replace cabinets, fixtures, and vent. Bathroom', 'messages': []}, 'address': {'status': 'valid', 'raw_value': '449 30TH ST', 'normalized_value': '449 30TH ST', 'messages': []}, 'parcel_number': {'status': 'valid', 'raw_value': '4181-009-025', 'normalized_value': '4181-009-025', 'messages': []}, 'paid_fee': {'status': 'valid', 'raw_value': '$235.00', 'normalized_value': 235.0, 'messages': []}, 'fee': {'status': 'valid', 'raw_value': '$235.00', 'normalized_value': 235.0, 'messages': []}, 'valuation': {'status': 'missing', 'raw_value': None, 'normalized_value': None, 'messages': ['Field is missing']}, 'permit_type': {'status': 'valid', 'raw_value': 'Plumbing OTC', 'normalized_value': 'Plumbing OTC', 'messages': []}, 'sub_type': {'status': 'valid', 'raw_value': 'Over The Counter', 'normalized_value': 'Over The Counter', 'messages': []}}, 'validated_at': '2026-06-24T21:33:12.587801+00:00'}",valid,valid,valid,valid,valid,valid,valid,valid,valid,valid,missing,P,2_999,2_999,missing,mechanical+remodel,sub_type,Over The Counter,Over The Counter,0,,not_applicable,clustering,,,,
run_20260624_213303_698_row_000127,run_20260624_213303_698,run_20260624_213303_698_input,run_20260624_213303_698_csv,127,P25-00176,Issued,Interior warm shell tenant improvements to the exterior. First floor,200 LONGFELLOW AVE,4181-019-003,$248.00,$248.00,,Plumbing OTC,Over The Counter,Plumbing OTC,Over The Counter,P25-00176,Issued,Interior warm shell tenant improvements to the exterior. First floor,200 LONGFELLOW AVE,4181-019-003,248.0,248.0,,Plumbing OTC,Over The Counter,"{'record_status': 'valid', 'fields': {'permit_number': {'status': 'valid', 'raw_value': 'P25-00176', 'normalized_value': 'P25-00176', 'messages': []}, 'status': {'status': 'valid', 'raw_value': 'Issued', 'normalized_value': 'Issued', 'messages': []}, 'description': {'status': 'valid', 'raw_value': 'Interior warm shell tenant improvements to the exterior. First floor', 'normalized_value': 'Interior warm shell tenant improvements to the exterior. First floor', 'messages': []}, 'address': {'status': 'valid', 'raw_value': '200 LONGFELLOW AVE', 'normalized_value': '200 LONGFELLOW AVE', 'messages': []}, 'parcel_number': {'status': 'valid', 'raw_value': '4181-019-003', 'normalized_value': '4181-019-003', 'messages': []}, 'paid_fee': {'status': 'valid', 'raw_value': '$248.00', 'normalized_value': 248.0, 'messages': []}, 'fee': {'status': 'valid', 'raw_value': '$248.00', 'normalized_value': 248.0, 'messages': []}, 'valuation': {'status': 'missing', 'raw_value': None, 'normalized_value': None, 'messages': ['Field is missing']}, 'permit_type': {'status': 'valid', 'raw_value': 'Plumbing OTC', 'normalized_value': 'Plumbing OTC', 'messages': []}, 'sub_type': {'status': 'valid', 'raw_value': 'Over The Counter', 'normalized_value': 'Over The Counter', 'messages': []}}, 'validated_at': '2026-06-24T21:33:12.587945+00:00'}",valid,valid,valid,valid,valid,valid,valid,valid,valid,valid,missing,P,2_999,2_999,missing,remodel,sub_type,Over The Counter,Over The Counter,0,,not_applicable,clustering,,,,
run_20260624_213303_698_row_000128,run_20260624_213303_698,run_20260624_213303_698_input,run_20260624_213303_698_csv,128,P25-00177,Issued,"Demolish and update exterior cement plaster, exterior walls,","1,528 PROSPECT AVE",4185-019-031,$538.00,$538.00,,Plumbing OTC,Over The Counter,Plumbing OTC,Over The Counter,P25-00177,Issued,"Demolish and update exterior cement plaster, exterior walls,","1,528 PROSPECT AVE",4185-019-031,538.0,538.0,,Plumbing OTC,Over The Counter,"{'record_status': 'valid', 'fields': {'permit_number': {'status': 'valid', 'raw_value': 'P25-00177', 'normalized_value': 'P25-00177', 'messages': []}, 'status': {'status': 'valid', 'raw_value': 'Issued', 'normalized_value': 'Issued', 'messages': []}, 'description': {'status': 'valid', 'raw_value': 'Demolish and update exterior cement plaster, exterior walls,', 'normalized_value': 'Demolish and update exterior cement plaster, exterior walls,', 'messages': []}, 'address': {'status': 'valid', 'raw_value': '1,528 PROSPECT AVE', 'normalized_value': '1,528 PROSPECT AVE', 'messages': []}, 'parcel_number': {'status': 'valid', 'raw_value': '4185-019-031', 'normalized_value': '4185-019-031', 'messages': []}, 'paid_fee': {'status': 'valid', 'raw_value': '$538.00', 'normalized_value': 538.0, 'messages': []}, 'fee': {'status': 'valid', 'raw_value': '$538.00', 'normalized_value': 538.0, 'messages': []}, 'valuation': {'status': 'missing', 'raw_value': None, 'normalized_value': None, 'messages': ['Field is missing']}, 'permit_type': {'status': 'valid', 'raw_value': 'Plumbing OTC', 'normalized_value': 'Plumbing OTC', 'messages': []}, 'sub_type': {'status': 'valid', 'raw_value': 'Over The Counter', 'normalized_value': 'Over The Counter', 'messages': []}}, 'validated_at': '2026-06-24T21:33:12.588087+00:00'}",valid,valid,valid,valid,valid,valid,valid,valid,valid,valid,missing,P,2_999,2_999,missing,demolition,sub_type,Over The Counter,Over The Counter,0,,not_applicable,clustering,,,,
run_20260624_213303_698_row_000129,run_20260624_213303_698,run_20260624_213303_698_input,run_20260624_213303_698_csv,129,X25-00162,Finaled,RBR for Unit 50,501 HERONDO ST NO 50,4188-017-064,$327.42,,,Residential Building Report,Residential Building Report,Residential Building Report,Residential Building Report,X25-00162,Finaled,RBR for Unit 50,501 HERONDO ST NO 50,4188-017-064,327.42,,,Residential Building Report,Residential Building Report,"{'record_status': 'valid', 'fields': {'permit_number': {'status': 'valid', 'raw_value': 'X25-00162', 'normalized_value': 'X25-00162', 'messages': []}, 'status': {'status': 'valid', 'raw_value': 'Finaled', 'normalized_value': 'Finaled', 'messages': []}, 'description': {'status': 'valid', 'raw_value': 'RBR for Unit 50', 'normalized_value': 'RBR for Unit 50', 'messages': []}, 'address': {'status': 'valid', 'raw_value': '501 HERONDO ST NO 50', 'normalized_value': '501 HERONDO ST NO 50', 'messages': []}, 'parcel_number': {'status': 'valid', 'raw_value': '4188-017-064', 'normalized_value': '4188-017-064', 'messages': []}, 'paid_fee': {'status': 'valid', 'raw_value': '$327.42', 'normalized_value': 327.42, 'messages': []}, 'fee': {'status': 'missing', 'raw_value': None, 'normalized_value': None, 'messages': ['Field is missing']}, 'valuation': {'status': 'missing', 'raw_value': None, 'normalized_value': None, 'messages': ['Field is missing']}, 'permit_type': {'status': 'valid', 'raw_value': 'Residential Building Report', 'normalized_value': 'Residential Building Report', 'messages': []}, 'sub_type': {'status': 'valid', 'raw_value': 'Residential Building Report', 'normalized_value': 'Residential Building Report', 'messages': []}}, 'validated_at': '2026-06-24T21:33:12.588222+00:00'}",valid,valid,valid,missing,valid,valid,valid,valid,valid,valid,missing,X,2_999,missing,missing,other,sub_type,Residential Building Report,,1,Residential Building Report,cluster_majority,clustering,0.8461538461538461,2,13,11
run_20260624_213303_698_row_000130,run_20260624_213303_698,run_20260624_213303_698_input,run_20260624_213303_698_csv,130,X25-00163,Finaled,RBR Unit 5,404 HERMOSA AVE NO 5,4188-011-036,$327.42,,,Residential Building Report,Residential Building Report,Residential Building Report,Residential Building Report,X25-00163,Finaled,RBR Unit 5,404 HERMOSA AVE NO 5,4188-011-036,327.42,,,Residential Building Report,Residential Building Report,"{'record_status': 'valid', 'fields': {'permit_number': {'status': 'valid', 'raw_value': 'X25-00163', 'normalized_value': 'X25-00163', 'messages': []}, 'status': {'status': 'valid', 'raw_value': 'Finaled', 'normalized_value': 'Finaled', 'messages': []}, 'description': {'status': 'valid', 'raw_value': 'RBR Unit 5', 'normalized_value': 'RBR Unit 5', 'messages': []}, 'address': {'status': 'valid', 'raw_value': '404 HERMOSA AVE NO 5', 'normalized_value': '404 HERMOSA AVE NO 5', 'messages': []}, 'parcel_number': {'status': 'valid', 'raw_value': '4188-011-036', 'normalized_value': '4188-011-036', 'messages': []}, 'paid_fee': {'status': 'valid', 'raw_value': '$327.42', 'normalized_value': 327.42, 'messages': []}, 'fee': {'status': 'missing', 'raw_value': None, 'normalized_value': None, 'messages': ['Field is missing']}, 'valuation': {'status': 'missing', 'raw_value': None, 'normalized_value': None, 'messages': ['Field is missing']}, 'permit_type': {'status': 'valid', 'raw_value': 'Residential Building Report', 'normalized_value': 'Residential Building Report', 'messages': []}, 'sub_type': {'status': 'valid', 'raw_value': 'Residential Building Report', 'normalized_value': 'Residential Building Report', 'messages': []}}, 'validated_at': '2026-06-24T21:33:12.588355+00:00'}",valid,valid,valid,missing,valid,valid,valid,valid,valid,valid,missing,X,2_999,missing,missing,other,sub_type,Residential Building Report,Residential Building Report,0,,not_applicable,clustering,,,,
run_20260624_213303_698_row_000131,run_20260624_213303_698,run_20260624_213303_698_input,run_20260624_213303_698_csv,131,X25-00164,Finaled,RBR,832 15th ST,4185-008-027,$327.42,,,Residential Building Report,Residential Building Report,Residential Building Report,Residential Building Report,X25-00164,Finaled,RBR,832 15th ST,4185-008-027,327.42,,,Residential Building Report,Residential Building Report,"{'record_status': 'valid', 'fields': {'permit_number': {'status': 'valid', 'raw_value': 'X25-00164', 'normalized_value': 'X25-00164', 'messages': []}, 'status': {'status': 'valid', 'raw_value': 'Finaled', 'normalized_value': 'Finaled', 'messages': []}, 'description': {'status': 'valid', 'raw_value': 'RBR', 'normalized_value': 'RBR', 'messages': []}, 'address': {'status': 'valid', 'raw_value': '832 15th ST', 'normalized_value': '832 15th ST', 'messages': []}, 'parcel_number': {'status': 'valid', 'raw_value': '4185-008-027', 'normalized_value': '4185-008-027', 'messages': []}, 'paid_fee': {'status': 'valid', 'raw_value': '$327.42', 'normalized_value': 327.42, 'messages': []}, 'fee': {'status': 'missing', 'raw_value': None, 'normalized_value': None, 'messages': ['Field is missing']}, 'valuation': {'status': 'missing', 'raw_value': None, 'normalized_value': None, 'messages': ['Field is missing']}, 'permit_type': {'status': 'valid', 'raw_value': 'Residential Building Report', 'normalized_value': 'Residential Building Report', 'messages': []}, 'sub_type': {'status': 'valid', 'raw_value': 'Residential Building Report', 'normalized_value': 'Residential Building Report', 'messages': []}}, 'validated_at': '2026-06-24T21:33:12.588487+00:00'}",valid,valid,valid,missing,valid,valid,valid,valid,valid,valid,missing,X,2_999,missing,missing,other,sub_type,Residential Building Report,Residential Building Report,0,,not_applicable,clustering,,,,
run_20260624_213303_698_row_000132,run_20260624_213303_698,run_20260624_213303_698_input,run_20260624_213303_698_csv,132,X25-00167,Finaled,RBR,"1,223 19TH ST",4184-007-036,$327.42,,,Residential Building Report,Residential Building Report,Residential Building Report,Residential Building Report,X25-00167,Finaled,RBR,"1,223 19TH ST",4184-007-036,327.42,,,Residential Building Report,Residential Building Report,"{'record_status': 'valid', 'fields': {'permit_number': {'status': 'valid', 'raw_value': 'X25-00167', 'normalized_value': 'X25-00167', 'messages': []}, 'status': {'status': 'valid', 'raw_value': 'Finaled', 'normalized_value': 'Finaled', 'messages': []}, 'description': {'status': 'valid', 'raw_value': 'RBR', 'normalized_value': 'RBR', 'messages': []}, 'address': {'status': 'valid', 'raw_value': '1,223 19TH ST', 'normalized_value': '1,223 19TH ST', 'messages': []}, 'parcel_number': {'status': 'valid', 'raw_value': '4184-007-036', 'normalized_value': '4184-007-036', 'messages': []}, 'paid_fee': {'status': 'valid', 'raw_value': '$327.42', 'normalized_value': 327.42, 'messages': []}, 'fee': {'status': 'missing', 'raw_value': None, 'normalized_value': None, 'messages': ['Field is missing']}, 'valuation': {'status': 'missing', 'raw_value': None, 'normalized_value': None, 'messages': ['Field is missing']}, 'permit_type': {'status': 'valid', 'raw_value': 'Residential Building Report', 'normalized_value': 'Residential Building Report', 'messages': []}, 'sub_type': {'status': 'valid', 'raw_value': 'Residential Building Report', 'normalized_value': 'Residential Building Report', 'messages': []}}, 'validated_at': '2026-06-24T21:33:12.588625+00:00'}",valid,valid,valid,missing,valid,valid,valid,valid,valid,valid,missing,X,2_999,missing,missing,other,sub_type,Residential Building Report,,1,Residential Building Report,cluster_majority,clustering,0.8461538461538461,2,13,11
run_20260624_213303_698_row_000133,run_20260624_213303_698,run_20260624_213303_698_input,run_20260624_213303_698_csv,133,X25-00168,Finaled,Residential building report,231 LONGFELLOW AVE,4181-018-009,$327.42,,,Residential Building Report,Residential Building Report,Residential Building Report,Residential Building Report,X25-00168,Finaled,Residential building report,231 LONGFELLOW AVE,4181-018-009,327.42,,,Residential Building Report,Residential Building Report,"{'record_status': 'valid', 'fields': {'permit_number': {'status': 'valid', 'raw_value': 'X25-00168', 'normalized_value': 'X25-00168', 'messages': []}, 'status': {'status': 'valid', 'raw_value': 'Finaled', 'normalized_value': 'Finaled', 'messages': []}, 'description': {'status': 'valid', 'raw_value': 'Residential building report', 'normalized_value': 'Residential building report', 'messages': []}, 'address': {'status': 'valid', 'raw_value': '231 LONGFELLOW AVE', 'normalized_value': '231 LONGFELLOW AVE', 'messages': []}, 'parcel_number': {'status': 'valid', 'raw_value': '4181-018-009', 'normalized_value': '4181-018-009', 'messages': []}, 'paid_fee': {'status': 'valid', 'raw_value': '$327.42', 'normalized_value': 327.42, 'messages': []}, 'fee': {'status': 'missing', 'raw_value': None, 'normalized_value': None, 'messages': ['Field is missing']}, 'valuation': {'status': 'missing', 'raw_value': None, 'normalized_value': None, 'messages': ['Field is missing']}, 'permit_type': {'status': 'valid', 'raw_value': 'Residential Building Report', 'normalized_value': 'Residential Building Report', 'messages': []}, 'sub_type': {'status': 'valid', 'raw_value': 'Residential Building Report', 'normalized_value': 'Residential Building Report', 'messages': []}}, 'validated_at': '2026-06-24T21:33:12.588756+00:00'}",valid,valid,valid,missing,valid,valid,valid,valid,valid,valid,missing,X,2_999,missing,missing,other,sub_type,Residential Building Report,,1,Residential Building Report,cluster_majority,clustering,0.8461538461538461,2,13,11
run_20260624_213303_698_row_000134,run_20260624_213303_698,run_20260624_213303_698_input,run_20260624_213303_698_csv,134,X25-00170,Finaled,Residential Building report,854 CYPRESS AVE,4187-014-065,$327.42,,,Residential Building Report,Residential Building Report,Residential Building Report,Residential Building Report,X25-00170,Finaled,Residential Building report,854 CYPRESS AVE,4187-014-065,327.42,,,Residential Building Report,Residential Building Report,"{'record_status': 'valid', 'fields': {'permit_number': {'status': 'valid', 'raw_value': 'X25-00170', 'normalized_value': 'X25-00170', 'messages': []}, 'status': {'status': 'valid', 'raw_value': 'Finaled', 'normalized_value': 'Finaled', 'messages': []}, 'description': {'status': 'valid', 'raw_value': 'Residential Building report', 'normalized_value': 'Residential Building report', 'messages': []}, 'address': {'status': 'valid', 'raw_value': '854 CYPRESS AVE', 'normalized_value': '854 CYPRESS AVE', 'messages': []}, 'parcel_number': {'status': 'valid', 'raw_value': '4187-014-065', 'normalized_value': '4187-014-065', 'messages': []}, 'paid_fee': {'status': 'valid', 'raw_value': '$327.42', 'normalized_value': 327.42, 'messages': []}, 'fee': {'status': 'missing', 'raw_value': None, 'normalized_value': None, 'messages': ['Field is missing']}, 'valuation': {'status': 'missing', 'raw_value': None, 'normalized_value': None, 'messages': ['Field is missing']}, 'permit_type': {'status': 'valid', 'raw_value': 'Residential Building Report', 'normalized_value': 'Residential Building Report', 'messages': []}, 'sub_type': {'status': 'valid', 'raw_value': 'Residential Building Report', 'normalized_value': 'Residential Building Report', 'messages': []}}, 'validated_at': '2026-06-24T21:33:12.588936+00:00'}",valid,valid,valid,missing,valid,valid,valid,valid,valid,valid,missing,X,2_999,missing,missing,other,sub_type,Residential Building Report,,1,Residential Building Report,cluster_majority,clustering,0.8461538461538461,2,13,11
run_20260624_213303_698_row_000135,run_20260624_213303_698,run_20260624_213303_698_input,run_20260624_213303_698_csv,135,X25-00171,Finaled,Residential building report,710 5TH ST,4188-031-062,$327.42,,,Residential Building Report,Residential Building Report,Residential Building Report,Residential Building Report,X25-00171,Finaled,Residential building report,710 5TH ST,4188-031-062,327.42,,,Residential Building Report,Residential Building Report,"{'record_status': 'valid', 'fields': {'permit_number': {'status': 'valid', 'raw_value': 'X25-00171', 'normalized_value': 'X25-00171', 'messages': []}, 'status': {'status': 'valid', 'raw_value': 'Finaled', 'normalized_value': 'Finaled', 'messages': []}, 'description': {'status': 'valid', 'raw_value': 'Residential building report', 'normalized_value': 'Residential building report', 'messages': []}, 'address': {'status': 'valid', 'raw_value': '710 5TH ST', 'normalized_value': '710 5TH ST', 'messages': []}, 'parcel_number': {'status': 'valid', 'raw_value': '4188-031-062', 'normalized_value': '4188-031-062', 'messages': []}, 'paid_fee': {'status': 'valid', 'raw_value': '$327.42', 'normalized_value': 327.42, 'messages': []}, 'fee': {'status': 'missing', 'raw_value': None, 'normalized_value': None, 'messages': ['Field is missing']}, 'valuation': {'status': 'missing', 'raw_value': None, 'normalized_value': None, 'messages': ['Field is missing']}, 'permit_type': {'status': 'valid', 'raw_value': 'Residential Building Report', 'normalized_value': 'Residential Building Report', 'messages': []}, 'sub_type': {'status': 'valid', 'raw_value': 'Residential Building Report', 'normalized_value': 'Residential Building Report', 'messages': []}}, 'validated_at': '2026-06-24T21:33:12.589113+00:00'}",valid,valid,valid,missing,valid,valid,valid,valid,valid,valid,missing,X,2_999,missing,missing,other,sub_type,Residential Building Report,Residential Building Report,0,,not_applicable,clustering,,,,
run_20260624_213303_698_row_000136,run_20260624_213303_698,run_20260624_213303_698_input,run_20260624_213303_698_csv,136,X25-00172,Finaled,Residential building report,718 5th ST,4188-031-060,$327.42,,,Residential Building Report,Residential Building Report,Residential Building Report,Residential Building Report,X25-00172,Finaled,Residential building report,718 5th ST,4188-031-060,327.42,,,Residential Building Report,Residential Building Report,"{'record_status': 'valid', 'fields': {'permit_number': {'status': 'valid', 'raw_value': 'X25-00172', 'normalized_value': 'X25-00172', 'messages': []}, 'status': {'status': 'valid', 'raw_value': 'Finaled', 'normalized_value': 'Finaled', 'messages': []}, 'description': {'status': 'valid', 'raw_value': 'Residential building report', 'normalized_value': 'Residential building report', 'messages': []}, 'address': {'status': 'valid', 'raw_value': '718 5th ST', 'normalized_value': '718 5th ST', 'messages': []}, 'parcel_number': {'status': 'valid', 'raw_value': '4188-031-060', 'normalized_value': '4188-031-060', 'messages': []}, 'paid_fee': {'status': 'valid', 'raw_value': '$327.42', 'normalized_value': 327.42, 'messages': []}, 'fee': {'status': 'missing', 'raw_value': None, 'normalized_value': None, 'messages': ['Field is missing']}, 'valuation': {'status': 'missing', 'raw_value': None, 'normalized_value': None, 'messages': ['Field is missing']}, 'permit_type': {'status': 'valid', 'raw_value': 'Residential Building Report', 'normalized_value': 'Residential Building Report', 'messages': []}, 'sub_type': {'status': 'valid', 'raw_value': 'Residential Building Report', 'normalized_value': 'Residential Building Report', 'messages': []}}, 'validated_at': '2026-06-24T21:33:12.589257+00:00'}",valid,valid,valid,missing,valid,valid,valid,valid,valid,valid,missing,X,2_999,missing,missing,other,sub_type,Residential Building Report,Residential Building Report,0,,not_applicable,clustering,,,,
run_20260624_213303_698_row_000137,run_20260624_213303_698,run_20260624_213303_698_input,run_20260624_213303_698_csv,137,X25-00173,Finaled,Residential Building report,726 5th ST,4188-031-061,$327.42,,,Residential Building Report,Residential Building Report,Residential Building Report,Residential Building Report,X25-00173,Finaled,Residential Building report,726 5th ST,4188-031-061,327.42,,,Residential Building Report,Residential Building Report,"{'record_status': 'valid', 'fields': {'permit_number': {'status': 'valid', 'raw_value': 'X25-00173', 'normalized_value': 'X25-00173', 'messages': []}, 'status': {'status': 'valid', 'raw_value': 'Finaled', 'normalized_value': 'Finaled', 'messages': []}, 'description': {'status': 'valid', 'raw_value': 'Residential Building report', 'normalized_value': 'Residential Building report', 'messages': []}, 'address': {'status': 'valid', 'raw_value': '726 5th ST', 'normalized_value': '726 5th ST', 'messages': []}, 'parcel_number': {'status': 'valid', 'raw_value': '4188-031-061', 'normalized_value': '4188-031-061', 'messages': []}, 'paid_fee': {'status': 'valid', 'raw_value': '$327.42', 'normalized_value': 327.42, 'messages': []}, 'fee': {'status': 'missing', 'raw_value': None, 'normalized_value': None, 'messages': ['Field is missing']}, 'valuation': {'status': 'missing', 'raw_value': None, 'normalized_value': None, 'messages': ['Field is missing']}, 'permit_type': {'status': 'valid', 'raw_value': 'Residential Building Report', 'normalized_value': 'Residential Building Report', 'messages': []}, 'sub_type': {'status': 'valid', 'raw_value': 'Residential Building Report', 'normalized_value': 'Residential Building Report', 'messages': []}}, 'validated_at': '2026-06-24T21:33:12.589395+00:00'}",valid,valid,valid,missing,valid,valid,valid,valid,valid,valid,missing,X,2_999,missing,missing,other,sub_type,Residential Building Report,Residential Building Report,0,,not_applicable,clustering,,,,
run_20260624_213303_698_row_000138,run_20260624_213303_698,run_20260624_213303_698_input,run_20260624_213303_698_csv,138,X25-00174,Finaled,Residential Building Report,"2,227 HERMOSA AVE",4182-003-010,$327.42,,,Residential Building Report,Residential Building Report,Residential Building Report,Residential Building Report,X25-00174,Finaled,Residential Building Report,"2,227 HERMOSA AVE",4182-003-010,327.42,,,Residential Building Report,Residential Building Report,"{'record_status': 'valid', 'fields': {'permit_number': {'status': 'valid', 'raw_value': 'X25-00174', 'normalized_value': 'X25-00174', 'messages': []}, 'status': {'status': 'valid', 'raw_value': 'Finaled', 'normalized_value': 'Finaled', 'messages': []}, 'description': {'status': 'valid', 'raw_value': 'Residential Building Report', 'normalized_value': 'Residential Building Report', 'messages': []}, 'address': {'status': 'valid', 'raw_value': '2,227 HERMOSA AVE', 'normalized_value': '2,227 HERMOSA AVE', 'messages': []}, 'parcel_number': {'status': 'valid', 'raw_value': '4182-003-010', 'normalized_value': '4182-003-010', 'messages': []}, 'paid_fee': {'status': 'valid', 'raw_value': '$327.42', 'normalized_value': 327.42, 'messages': []}, 'fee': {'status': 'missing', 'raw_value': None, 'normalized_value': None, 'messages': ['Field is missing']}, 'valuation': {'status': 'missing', 'raw_value': None, 'normalized_value': None, 'messages': ['Field is missing']}, 'permit_type': {'status': 'valid', 'raw_value': 'Residential Building Report', 'normalized_value': 'Residential Building Report', 'messages': []}, 'sub_type': {'status': 'valid', 'raw_value': 'Residential Building Report', 'normalized_value': 'Residential Building Report', 'messages': []}}, 'validated_at': '2026-06-24T21:33:12.589535+00:00'}",valid,valid,valid,missing,valid,valid,valid,valid,valid,valid,missing,X,2_999,missing,missing,other,sub_type,Residential Building Report,,1,Residential Building Report,cluster_majority,clustering,0.8461538461538461,2,13,11
run_20260624_213303_698_row_000139,run_20260624_213303_698,run_20260624_213303_698_input,run_20260624_213303_698_csv,139,X25-00175,Finaled,Residential Building report,"1,502 OCEAN DR",4185-009-006,$327.42,,,Residential Building Report,Residential Building Report,Residential Building Report,Residential Building Report,X25-00175,Finaled,Residential Building report,"1,502 OCEAN DR",4185-009-006,327.42,,,Residential Building Report,Residential Building Report,"{'record_status': 'valid', 'fields': {'permit_number': {'status': 'valid', 'raw_value': 'X25-00175', 'normalized_value': 'X25-00175', 'messages': []}, 'status': {'status': 'valid', 'raw_value': 'Finaled', 'normalized_value': 'Finaled', 'messages': []}, 'description': {'status': 'valid', 'raw_value': 'Residential Building report', 'normalized_value': 'Residential Building report', 'messages': []}, 'address': {'status': 'valid', 'raw_value': '1,502 OCEAN DR', 'normalized_value': '1,502 OCEAN DR', 'messages': []}, 'parcel_number': {'status': 'valid', 'raw_value': '4185-009-006', 'normalized_value': '4185-009-006', 'messages': []}, 'paid_fee': {'status': 'valid', 'raw_value': '$327.42', 'normalized_value': 327.42, 'messages': []}, 'fee': {'status': 'missing', 'raw_value': None, 'normalized_value': None, 'messages': ['Field is missing']}, 'valuation': {'status': 'missing', 'raw_value': None, 'normalized_value': None, 'messages': ['Field is missing']}, 'permit_type': {'status': 'valid', 'raw_value': 'Residential Building Report', 'normalized_value': 'Residential Building Report', 'messages': []}, 'sub_type': {'status': 'valid', 'raw_value': 'Residential Building Report', 'normalized_value': 'Residential Building Report', 'messages': []}}, 'validated_at': '2026-06-24T21:33:12.589667+00:00'}",valid,valid,valid,missing,valid,valid,valid,valid,valid,valid,missing,X,2_999,missing,missing,other,sub_type,Residential Building Report,,1,Residential Building Report,cluster_majority,clustering,0.8461538461538461,2,13,11
run_20260624_213303_698_row_000140,run_20260624_213303_698,run_20260624_213303_698_input,run_20260624_213303_698_csv,140,X25-00177,Finaled,RBR Unit 59,501 HERONDO ST NO 59,4188-017-073,$327.42,,,Residential Building Report,Residential Building Report,Residential Building Report,Residential Building Report,X25-00177,Finaled,RBR Unit 59,501 HERONDO ST NO 59,4188-017-073,327.42,,,Residential Building Report,Residential Building Report,"{'record_status': 'valid', 'fields': {'permit_number': {'status': 'valid', 'raw_value': 'X25-00177', 'normalized_value': 'X25-00177', 'messages': []}, 'status': {'status': 'valid', 'raw_value': 'Finaled', 'normalized_value': 'Finaled', 'messages': []}, 'description': {'status': 'valid', 'raw_value': 'RBR Unit 59', 'normalized_value': 'RBR Unit 59', 'messages': []}, 'address': {'status': 'valid', 'raw_value': '501 HERONDO ST NO 59', 'normalized_value': '501 HERONDO ST NO 59', 'messages': []}, 'parcel_number': {'status': 'valid', 'raw_value': '4188-017-073', 'normalized_value': '4188-017-073', 'messages': []}, 'paid_fee': {'status': 'valid', 'raw_value': '$327.42', 'normalized_value': 327.42, 'messages': []}, 'fee': {'status': 'missing', 'raw_value': None, 'normalized_value': None, 'messages': ['Field is missing']}, 'valuation': {'status': 'missing', 'raw_value': None, 'normalized_value': None, 'messages': ['Field is missing']}, 'permit_type': {'status': 'valid', 'raw_value': 'Residential Building Report', 'normalized_value': 'Residential Building Report', 'messages': []}, 'sub_type': {'status': 'valid', 'raw_value': 'Residential Building Report', 'normalized_value': 'Residential Building Report', 'messages': []}}, 'validated_at': '2026-06-24T21:33:12.589803+00:00'}",valid,valid,valid,missing,valid,valid,valid,valid,valid,valid,missing,X,2_999,missing,missing,other,sub_type,Residential Building Report,Residential Building Report,0,,not_applicable,clustering,,,,
run_20260624_213303_698_row_000141,run_20260624_213303_698,run_20260624_213303_698_input,run_20260624_213303_698_csv,141,X25-00178,Finaled,RBR,"1,100 CYPRESS",4187-020-075,$327.42,,,Residential Building Report,Residential Building Report,Residential Building Report,Residential Building Report,X25-00178,Finaled,RBR,"1,100 CYPRESS",4187-020-075,327.42,,,Residential Building Report,Residential Building Report,"{'record_status': 'valid', 'fields': {'permit_number': {'status': 'valid', 'raw_value': 'X25-00178', 'normalized_value': 'X25-00178', 'messages': []}, 'status': {'status': 'valid', 'raw_value': 'Finaled', 'normalized_value': 'Finaled', 'messages': []}, 'description': {'status': 'valid', 'raw_value': 'RBR', 'normalized_value': 'RBR', 'messages': []}, 'address': {'status': 'valid', 'raw_value': '1,100 CYPRESS', 'normalized_value': '1,100 CYPRESS', 'messages': []}, 'parcel_number': {'status': 'valid', 'raw_value': '4187-020-075', 'normalized_value': '4187-020-075', 'messages': []}, 'paid_fee': {'status': 'valid', 'raw_value': '$327.42', 'normalized_value': 327.42, 'messages': []}, 'fee': {'status': 'missing', 'raw_value': None, 'normalized_value': None, 'messages': ['Field is missing']}, 'valuation': {'status': 'missing', 'raw_value': None, 'normalized_value': None, 'messages': ['Field is missing']}, 'permit_type': {'status': 'valid', 'raw_value': 'Residential Building Report', 'normalized_value': 'Residential Building Report', 'messages': []}, 'sub_type': {'status': 'valid', 'raw_value': 'Residential Building Report', 'normalized_value': 'Residential Building Report', 'messages': []}}, 'validated_at': '2026-06-24T21:33:12.589936+00:00'}",valid,valid,valid,missing,valid,valid,valid,valid,valid,valid,missing,X,2_999,missing,missing,other,sub_type,Residential Building Report,,1,Residential Building Report,cluster_majority,clustering,0.8461538461538461,2,13,11
run_20260624_213303_698_row_000142,run_20260624_213303_698,run_20260624_213303_698_input,run_20260624_213303_698_csv,142,X25-00179,Finaled,RBR,908 MANHATTAN AVE,4187-008-032,$327.42,,,Residential Building Report,Residential Building Report,Residential Building Report,Residential Building Report,X25-00179,Finaled,RBR,908 MANHATTAN AVE,4187-008-032,327.42,,,Residential Building Report,Residential Building Report,"{'record_status': 'valid', 'fields': {'permit_number': {'status': 'valid', 'raw_value': 'X25-00179', 'normalized_value': 'X25-00179', 'messages': []}, 'status': {'status': 'valid', 'raw_value': 'Finaled', 'normalized_value': 'Finaled', 'messages': []}, 'description': {'status': 'valid', 'raw_value': 'RBR', 'normalized_value': 'RBR', 'messages': []}, 'address': {'status': 'valid', 'raw_value': '908 MANHATTAN AVE', 'normalized_value': '908 MANHATTAN AVE', 'messages': []}, 'parcel_number': {'status': 'valid', 'raw_value': '4187-008-032', 'normalized_value': '4187-008-032', 'messages': []}, 'paid_fee': {'status': 'valid', 'raw_value': '$327.42', 'normalized_value': 327.42, 'messages': []}, 'fee': {'status': 'missing', 'raw_value': None, 'normalized_value': None, 'messages': ['Field is missing']}, 'valuation': {'status': 'missing', 'raw_value': None, 'normalized_value': None, 'messages': ['Field is missing']}, 'permit_type': {'status': 'valid', 'raw_value': 'Residential Building Report', 'normalized_value': 'Residential Building Report', 'messages': []}, 'sub_type': {'status': 'valid', 'raw_value': 'Residential Building Report', 'normalized_value': 'Residential Building Report', 'messages': []}}, 'validated_at': '2026-06-24T21:33:12.590085+00:00'}",valid,valid,valid,missing,valid,valid,valid,valid,valid,valid,missing,X,2_999,missing,missing,other,sub_type,Residential Building Report,Residential Building Report,0,,not_applicable,clustering,,,,
run_20260624_213303_698_row_000143,run_20260624_213303_698,run_20260624_213303_698_input,run_20260624_213303_698_csv,143,X25-00180,Finaled,RBR Unit A,927 6TH ST A,4186-013-051,$327.42,,,Residential Building Report,Residential Building Report,Residential Building Report,Residential Building Report,X25-00180,Finaled,RBR Unit A,927 6TH ST A,4186-013-051,327.42,,,Residential Building Report,Residential Building Report,"{'record_status': 'valid', 'fields': {'permit_number': {'status': 'valid', 'raw_value': 'X25-00180', 'normalized_value': 'X25-00180', 'messages': []}, 'status': {'status': 'valid', 'raw_value': 'Finaled', 'normalized_value': 'Finaled', 'messages': []}, 'description': {'status': 'valid', 'raw_value': 'RBR Unit A', 'normalized_value': 'RBR Unit A', 'messages': []}, 'address': {'status': 'valid', 'raw_value': '927 6TH ST A', 'normalized_value': '927 6TH ST A', 'messages': []}, 'parcel_number': {'status': 'valid', 'raw_value': '4186-013-051', 'normalized_value': '4186-013-051', 'messages': []}, 'paid_fee': {'status': 'valid', 'raw_value': '$327.42', 'normalized_value': 327.42, 'messages': []}, 'fee': {'status': 'missing', 'raw_value': None, 'normalized_value': None, 'messages': ['Field is missing']}, 'valuation': {'status': 'missing', 'raw_value': None, 'normalized_value': None, 'messages': ['Field is missing']}, 'permit_type': {'status': 'valid', 'raw_value': 'Residential Building Report', 'normalized_value': 'Residential Building Report', 'messages': []}, 'sub_type': {'status': 'valid', 'raw_value': 'Residential Building Report', 'normalized_value': 'Residential Building Report', 'messages': []}}, 'validated_at': '2026-06-24T21:33:12.590236+00:00'}",valid,valid,valid,missing,valid,valid,valid,valid,valid,valid,missing,X,2_999,missing,missing,other,sub_type,Residential Building Report,,1,Residential Building Report,cluster_majority,clustering,0.8461538461538461,2,13,11
run_20260624_213303_698_row_000144,run_20260624_213303_698,run_20260624_213303_698_input,run_20260624_213303_698_csv,144,X25-00181,Finaled,RBR,"1,133 7TH PL",4160-030-027,$327.42,,,Residential Building Report,Residential Building Report,Residential Building Report,Residential Building Report,X25-00181,Finaled,RBR,"1,133 7TH PL",4160-030-027,327.42,,,Residential Building Report,Residential Building Report,"{'record_status': 'valid', 'fields': {'permit_number': {'status': 'valid', 'raw_value': 'X25-00181', 'normalized_value': 'X25-00181', 'messages': []}, 'status': {'status': 'valid', 'raw_value': 'Finaled', 'normalized_value': 'Finaled', 'messages': []}, 'description': {'status': 'valid', 'raw_value': 'RBR', 'normalized_value': 'RBR', 'messages': []}, 'address': {'status': 'valid', 'raw_value': '1,133 7TH PL', 'normalized_value': '1,133 7TH PL', 'messages': []}, 'parcel_number': {'status': 'valid', 'raw_value': '4160-030-027', 'normalized_value': '4160-030-027', 'messages': []}, 'paid_fee': {'status': 'valid', 'raw_value': '$327.42', 'normalized_value': 327.42, 'messages': []}, 'fee': {'status': 'missing', 'raw_value': None, 'normalized_value': None, 'messages': ['Field is missing']}, 'valuation': {'status': 'missing', 'raw_value': None, 'normalized_value': None, 'messages': ['Field is missing']}, 'permit_type': {'status': 'valid', 'raw_value': 'Residential Building Report', 'normalized_value': 'Residential Building Report', 'messages': []}, 'sub_type': {'status': 'valid', 'raw_value': 'Residential Building Report', 'normalized_value': 'Residential Building Report', 'messages': []}}, 'validated_at': '2026-06-24T21:33:12.590372+00:00'}",valid,valid,valid,missing,valid,valid,valid,valid,valid,valid,missing,X,2_999,missing,missing,other,sub_type,Residential Building Report,Residential Building Report,0,,not_applicable,clustering,,,,
run_20260624_213303_698_row_000145,run_20260624_213303_698,run_20260624_213303_698_input,run_20260624_213303_698_csv,145,X25-00182,Finaled,"RBR, Unit 1","1,424 MANHATTAN AVE UNIT 1",4183-013-089,$327.42,,,Residential Building Report,Residential Building Report,Residential Building Report,Residential Building Report,X25-00182,Finaled,"RBR, Unit 1","1,424 MANHATTAN AVE UNIT 1",4183-013-089,327.42,,,Residential Building Report,Residential Building Report,"{'record_status': 'valid', 'fields': {'permit_number': {'status': 'valid', 'raw_value': 'X25-00182', 'normalized_value': 'X25-00182', 'messages': []}, 'status': {'status': 'valid', 'raw_value': 'Finaled', 'normalized_value': 'Finaled', 'messages': []}, 'description': {'status': 'valid', 'raw_value': 'RBR, Unit 1', 'normalized_value': 'RBR, Unit 1', 'messages': []}, 'address': {'status': 'valid', 'raw_value': '1,424 MANHATTAN AVE UNIT 1', 'normalized_value': '1,424 MANHATTAN AVE UNIT 1', 'messages': []}, 'parcel_number': {'status': 'valid', 'raw_value': '4183-013-089', 'normalized_value': '4183-013-089', 'messages': []}, 'paid_fee': {'status': 'valid', 'raw_value': '$327.42', 'normalized_value': 327.42, 'messages': []}, 'fee': {'status': 'missing', 'raw_value': None, 'normalized_value': None, 'messages': ['Field is missing']}, 'valuation': {'status': 'missing', 'raw_value': None, 'normalized_value': None, 'messages': ['Field is missing']}, 'permit_type': {'status': 'valid', 'raw_value': 'Residential Building Report', 'normalized_value': 'Residential Building Report', 'messages': []}, 'sub_type': {'status': 'valid', 'raw_value': 'Residential Building Report', 'normalized_value': 'Residential Building Report', 'messages': []}}, 'validated_at': '2026-06-24T21:33:12.590506+00:00'}",valid,valid,valid,missing,valid,valid,valid,valid,valid,valid,missing,X,2_999,missing,missing,other,sub_type,Residential Building Report,Residential Building Report,0,,not_applicable,clustering,,,,
run_20260624_213303_698_row_000146,run_20260624_213303_698,run_20260624_213303_698_input,run_20260624_213303_698_csv,146,X25-00183,Finaled,RBR Unit 212,"2,411 PROSPECT AVE UNIT 212",4184-015-050,$327.42,,,Residential Building Report,Residential Building Report,Residential Building Report,Residential Building Report,X25-00183,Finaled,RBR Unit 212,"2,411 PROSPECT AVE UNIT 212",4184-015-050,327.42,,,Residential Building Report,Residential Building Report,"{'record_status': 'valid', 'fields': {'permit_number': {'status': 'valid', 'raw_value': 'X25-00183', 'normalized_value': 'X25-00183', 'messages': []}, 'status': {'status': 'valid', 'raw_value': 'Finaled', 'normalized_value': 'Finaled', 'messages': []}, 'description': {'status': 'valid', 'raw_value': 'RBR Unit 212', 'normalized_value': 'RBR Unit 212', 'messages': []}, 'address': {'status': 'valid', 'raw_value': '2,411 PROSPECT AVE UNIT 212', 'normalized_value': '2,411 PROSPECT AVE UNIT 212', 'messages': []}, 'parcel_number': {'status': 'valid', 'raw_value': '4184-015-050', 'normalized_value': '4184-015-050', 'messages': []}, 'paid_fee': {'status': 'valid', 'raw_value': '$327.42', 'normalized_value': 327.42, 'messages': []}, 'fee': {'status': 'missing', 'raw_value': None, 'normalized_value': None, 'messages': ['Field is missing']}, 'valuation': {'status': 'missing', 'raw_value': None, 'normalized_value': None, 'messages': ['Field is missing']}, 'permit_type': {'status': 'valid', 'raw_value': 'Residential Building Report', 'normalized_value': 'Residential Building Report', 'messages': []}, 'sub_type': {'status': 'valid', 'raw_value': 'Residential Building Report', 'normalized_value': 'Residential Building Report', 'messages': []}}, 'validated_at': '2026-06-24T21:33:12.590666+00:00'}",valid,valid,valid,missing,valid,valid,valid,valid,valid,valid,missing,X,2_999,missing,missing,other,sub_type,Residential Building Report,Residential Building Report,0,,not_applicable,clustering,,,,
run_20260624_213303_698_row_000147,run_20260624_213303_698,run_20260624_213303_698_input,run_20260624_213303_698_csv,147,X25-00184,Finaled,RBR,729 LONGFELLOW AVE,4169-028-008,$327.42,,,Residential Building Report,Residential Building Report,Residential Building Report,Residential Building Report,X25-00184,Finaled,RBR,729 LONGFELLOW AVE,4169-028-008,327.42,,,Residential Building Report,Residential Building Report,"{'record_status': 'valid', 'fields': {'permit_number': {'status': 'valid', 'raw_value': 'X25-00184', 'normalized_value': 'X25-00184', 'messages': []}, 'status': {'status': 'valid', 'raw_value': 'Finaled', 'normalized_value': 'Finaled', 'messages': []}, 'description': {'status': 'valid', 'raw_value': 'RBR', 'normalized_value': 'RBR', 'messages': []}, 'address': {'status': 'valid', 'raw_value': '729 LONGFELLOW AVE', 'normalized_value': '729 LONGFELLOW AVE', 'messages': []}, 'parcel_number': {'status': 'valid', 'raw_value': '4169-028-008', 'normalized_value': '4169-028-008', 'messages': []}, 'paid_fee': {'status': 'valid', 'raw_value': '$327.42', 'normalized_value': 327.42, 'messages': []}, 'fee': {'status': 'missing', 'raw_value': None, 'normalized_value': None, 'messages': ['Field is missing']}, 'valuation': {'status': 'missing', 'raw_value': None, 'normalized_value': None, 'messages': ['Field is missing']}, 'permit_type': {'status': 'valid', 'raw_value': 'Residential Building Report', 'normalized_value': 'Residential Building Report', 'messages': []}, 'sub_type': {'status': 'valid', 'raw_value': 'Residential Building Report', 'normalized_value': 'Residential Building Report', 'messages': []}}, 'validated_at': '2026-06-24T21:33:12.590804+00:00'}",valid,valid,valid,missing,valid,valid,valid,valid,valid,valid,missing,X,2_999,missing,missing,other,sub_type,Residential Building Report,Residential Building Report,0,,not_applicable,clustering,,,,
